rank_auc,source,name,accuracy_mean,accuracy_std,precision_mean,precision_std,recall_mean,recall_std,f1_mean,f1_std,auc_mean,auc_std,n_splits,imputation_method
1,ensemble,stacked,0.823782,0.101207,0.613886,0.218895,0.828135,0.247198,0.659313,0.206609,0.913393,0.093568,6,hybrid_adaptive
2,model,gru,0.790708,0.105923,0.796313,0.261847,0.175231,0.069564,0.281858,0.106549,0.911482,0.094707,6,hybrid_adaptive
3,model,lstm,0.795998,0.123956,0.803223,0.252547,0.21368,0.109777,0.331976,0.155463,0.9042,0.110192,6,hybrid_adaptive
4,ensemble,weighted_avg,0.804825,0.118233,0.911455,0.120873,0.230054,0.217372,0.327722,0.242354,0.891341,0.100904,6,hybrid_adaptive
5,ensemble,soft_vote,0.804008,0.119022,0.915012,0.125371,0.227841,0.226729,0.319875,0.25604,0.877754,0.105806,6,hybrid_adaptive
6,model,xgboost,0.789476,0.102982,0.621297,0.219107,0.26874,0.191825,0.348762,0.193039,0.719515,0.107434,6,hybrid_adaptive
7,model,transformer,0.768391,0.11683,0.186778,0.289935,0.202744,0.360393,0.185765,0.30323,0.626543,0.197507,6,hybrid_adaptive
