rank_auc,source,name,accuracy_mean,accuracy_std,precision_mean,precision_std,recall_mean,recall_std,f1_mean,f1_std,auc_mean,auc_std,n_splits
1,model,gru,0.790708,0.105923,0.796313,0.261847,0.175231,0.069564,0.281858,0.106549,0.911482,0.094707,6
2,ensemble,stacked,0.823762,0.099675,0.597331,0.204506,0.848464,0.216115,0.667447,0.200319,0.910468,0.098509,6
3,model,lstm,0.795998,0.123956,0.803223,0.252547,0.21368,0.109777,0.331976,0.155463,0.9042,0.110192,6
4,ensemble,weighted_avg,0.816919,0.116067,0.907071,0.080344,0.288081,0.185374,0.414553,0.199594,0.898275,0.090585,6
5,ensemble,soft_vote,0.814924,0.114927,0.858971,0.100591,0.283888,0.190841,0.403731,0.205795,0.891791,0.088112,6
6,model,transformer,0.779528,0.08128,0.472795,0.293911,0.539171,0.341596,0.45581,0.246927,0.76158,0.197476,6
7,model,xgboost,0.789476,0.102982,0.621297,0.219107,0.26874,0.191825,0.348762,0.193039,0.719515,0.107434,6
