rank_auc,source,name,accuracy_mean,accuracy_std,precision_mean,precision_std,recall_mean,recall_std,f1_mean,f1_std,auc_mean,auc_std,n_splits,imputation_method
1,ensemble,stacked,0.825333,0.105636,0.610511,0.213438,0.836053,0.236437,0.665661,0.204227,0.912963,0.096748,6,hybrid_adaptive
2,model,gru,0.790708,0.105923,0.796313,0.261847,0.175231,0.069564,0.281858,0.106549,0.911482,0.094707,6,hybrid_adaptive
3,model,lstm,0.795998,0.123956,0.803223,0.252547,0.21368,0.109777,0.331976,0.155463,0.9042,0.110192,6,hybrid_adaptive
4,ensemble,weighted_avg,0.809064,0.115503,0.856552,0.147635,0.243535,0.172729,0.360908,0.206025,0.901057,0.089033,6,hybrid_adaptive
5,ensemble,soft_vote,0.808589,0.114914,0.813966,0.20032,0.249739,0.178864,0.363881,0.211051,0.896883,0.086702,6,hybrid_adaptive
6,model,xgboost,0.789476,0.102982,0.621297,0.219107,0.26874,0.191825,0.348762,0.193039,0.719515,0.107434,6,hybrid_adaptive
7,model,transformer,0.24456,0.118909,0.24456,0.118909,1.0,0.0,0.38031,0.160318,0.5,0.0,6,hybrid_adaptive
