split,train_end,test_years,threshold,accuracy,precision,recall,f1_macro,f1_weighted,auc_roc
1,2019,[2020],0.5,0.9472624798711755,0.7619047619047619,0.11267605633802817,0.5845278754875737,0.9283521450454902,0.8758314189148555
2,2020,[2021],0.5,0.8139720558882235,0.6857142857142857,0.0975609756097561,0.5330261591438593,0.7529534411552737,0.42916772684865445
3,2021,[2022],0.5,0.6946688206785138,0.6794871794871795,0.06760204081632654,0.46906438089619296,0.5959843507365569,0.7328537354658176
4,2022,[2023],0.288,0.5678913738019169,0.446985446985447,0.20853540252182348,0.4874474834429068,0.523290426526256,0.5608571486893406
5,2023,[2024],0.3313,0.8734126984126984,0.731418918918919,0.730185497470489,0.8240260060089641,0.873375704635617,0.8918466698929125
6,2024,"[2025, 2026]",0.3371,0.9118973291710024,0.7879161528976573,0.8862690707350902,0.8871065513418047,0.9135488243631771,0.9627168812973039
