split,train_end,test_years,threshold,accuracy,precision,recall,f1_macro,f1_weighted,auc_roc
1,2019,[2020],0.5,0.9428341384863124,0.0,0.0,0.4852880232076254,0.9150922305573742,0.946822265789442
2,2020,[2021],0.5,0.7864271457085829,0.31932773109243695,0.07723577235772358,0.5013838511877234,0.7302913754571146,0.3496470098829155
3,2021,[2022],0.5,0.6805331179321487,0.4606741573033708,0.05229591836734694,0.450004451038159,0.5805846316618287,0.7258565216866888
4,2022,[2023],0.2572,0.5303514376996805,0.38510301109350237,0.23569350145489815,0.47047716870836664,0.5019076044496501,0.5528501056521427
5,2023,[2024],0.3376,0.9003968253968254,0.9071428571428571,0.642495784148398,0.8449459239962436,0.8940311943800365,0.877012647992362
6,2024,"[2025, 2026]",0.278,0.8449531737773153,0.634313725490196,0.897364771151179,0.8160975522741625,0.8525081920167573,0.9417052326081183
