Date,Location_Name,thetao,so,uo,vo,mlotst,CHL,precip_mm_day,wind_u_ms,wind_v_ms,NDVI_raw,wind_speed_ms,NDVI_daily
2015-01-01,Cancabato Bay,27.125431068241596,33.65428629331291,-0.17578661441802979,-0.025025177747011185,7.171850070357323,5.3680573,0.0,-2.6615623589007016,-1.45474929219169,,3.0331847443651188,
2015-01-02,Cancabato Bay,27.030213318765163,33.70921961031854,-0.19226660951972008,-0.03357036039233208,7.171850070357323,5.382067,140.41277137731973,-3.592382327214376,-2.214355323820804,,4.22002136072979,
2015-01-03,Cancabato Bay,26.97601244598627,33.78093810752034,-0.17212439328432083,-0.031128879636526108,7.171850070357323,3.994457,2.3693926265826244,-3.116660797257269,-1.8826680904889828,,3.641155539674974,
2015-01-04,Cancabato Bay,27.080751970410347,33.814508467912674,-0.15625476837158203,-0.027466658502817154,7.171850070357323,5.0763693,0.0,-2.755961709387117,-1.4468139959940267,,3.1126509092110157,
2015-01-05,Cancabato Bay,27.238227479159832,33.837397349998355,-0.14954069629311562,-0.02685628831386566,7.171850070357323,4.870737,0.0,-2.4459476662332014,-1.4946870843762199,,2.8664873043766876,
2015-01-06,Cancabato Bay,27.38471632450819,33.85876030661166,-0.12939848005771637,-0.02868739888072014,7.171850070357323,1.5297345,0.0,-0.9798028746111672,-2.219733757520003,,2.4263618088344074,
2015-01-07,Cancabato Bay,27.39277321100235,33.86638993397355,-0.12573625892400742,-0.027466658502817154,7.171850070357323,1.1506877,12.878730278807328,-1.8137155032978516,-2.0898818075312673,,2.7671591743795902,
2015-01-08,Cancabato Bay,27.134220398962498,33.86486400850117,-0.14954069629311562,-0.03357036039233208,7.171850070357323,0.94842285,14.293554024193616,-2.476268646705506,-2.952378874646788,,3.8533683226649065,
2015-01-09,Cancabato Bay,26.86541336774826,33.89233066700399,-0.1666310615837574,-0.03784295171499252,7.171850070357323,0.89764965,0.0,-3.0725675600454587,-3.6377213211636765,,4.761689597348036,
2015-01-10,Cancabato Bay,26.666920982301235,33.94116028212011,-0.14526810497045517,-0.03234962001442909,7.171850070357323,0.8808934,0.0,-2.4169153689401863,-2.732860717687521,,3.6482883113727222,
2015-01-11,Cancabato Bay,26.580492563545704,33.980834344401956,-0.14038514345884323,-0.028077028691768646,7.171850070357323,1.1009293,0.0,-2.746562536827383,-2.2360452732992497,,3.5416809897205006,
2015-01-12,Cancabato Bay,26.535081021487713,33.98998989723623,-0.15320291742682457,-0.02868739888072014,7.171850070357323,2.01798,89.33562225731798,-2.7490934561185076,-1.9022071402572431,,3.3430385631815915,
2015-01-13,Cancabato Bay,26.63615832477808,33.98541212081909,-0.1422162540256977,-0.02685628831386566,7.171850070357323,2.3963828,0.0,-2.196407232611691,-1.3658188026863973,,2.5864388129705773,
2015-01-14,Cancabato Bay,26.88152714073658,33.99151582270861,-0.11658070608973503,-0.02685628831386566,7.171850070357323,2.5066142,0.0,-1.3302645177702401,-1.308040816284377,,1.8656297768593824,
2015-01-15,Cancabato Bay,27.063173308968544,34.00372322648764,-0.0952177494764328,-0.03234962001442909,7.171850070357323,3.0561588,0.0,0.05662479293789757,-3.2778831718975314,,3.2783722265454056,
2015-01-16,Cancabato Bay,26.99652088433504,33.97930841892958,-0.09033478796482086,-0.030518509447574615,7.171850070357323,3.2966826,72.9639432011321,1.7713694128546273,-4.054135232909113,,4.4242244612487704,
2015-01-17,Cancabato Bay,26.965758226811886,33.85113067924976,-0.06897183135151863,-0.0030518509447574615,7.171850070357323,3.458172,116.74231194688109,4.964927357376022,0.4384461396504397,,4.984249058925048,
2015-01-18,Cancabato Bay,27.31073945760727,33.823664020746946,-0.03784295171499252,0.025635547935962677,7.171850070357323,3.4389355,0.0,0.9405869946355331,0.02880416312430303,,0.9410279349152159,
2015-01-19,Cancabato Bay,27.65059357881546,33.825189946219325,-0.03906369209289551,0.027466658502817154,7.171850070357323,3.4402833,0.0,-0.6992771058799656,0.0438429876683518,,0.7006501825986687,
2015-01-20,Cancabato Bay,27.96554459631443,33.82976772263646,-0.08789330720901489,0.0,7.171850070357323,3.834701,0.0,-0.4082384127396363,0.08326599894783795,,0.4166435265511262,
2015-01-21,Cancabato Bay,28.21457563340664,33.82976772263646,-0.059205908328294754,-0.03418073058128357,7.171850070357323,3.0432723,0.0,-0.16000477205828562,-0.3127252847940714,,0.35128141258961737,
2015-01-22,Cancabato Bay,28.156712539494038,33.8343454990536,-0.05310220643877983,-0.0238044373691082,7.171850070357323,2.0047693,0.0,0.5471260923798463,-1.135476029285467,,1.2604176982432176,
2015-01-23,Cancabato Bay,27.955290377140045,33.8343454990536,-0.10071108117699623,-0.02685628831386566,7.171850070357323,1.7130476,0.0,-2.402026949922382,-1.9502076439561182,,3.0940335038099205,
2015-01-24,Cancabato Bay,27.60151981562376,33.835871424525976,-0.15198217704892159,-0.02868739888072014,7.171850070357323,0.7812959,56.46769513870581,-3.604395501909369,-2.8886894204925517,,4.6191117655075296,
2015-01-25,Cancabato Bay,27.34369944781065,33.84502697736025,-0.1660206913948059,-0.02868739888072014,7.171850070357323,0.56772864,0.0,-2.8209729294877155,-1.9545165480739064,,3.4319124705617483,
2015-01-26,Cancabato Bay,27.275582134723663,33.85723438113928,-0.15747550874948502,-0.025025177747011185,7.171850070357323,0.6200651,0.0,-2.0633304853256487,-1.7457767413543153,,2.7027891375998734,
2015-01-27,Cancabato Bay,27.35175633430481,33.86791585944593,-0.1269569993019104,-0.016479995101690292,7.171850070357323,0.7072195,0.0,-1.4237258137442768,-0.8421437399688618,,1.6541466898345336,
2015-01-28,Cancabato Bay,27.47920162975788,33.86944178491831,-0.10681478306651115,-0.01892147585749626,7.171850070357323,0.6342436,0.0,-1.6722999682572959,-0.8100351971163434,,1.8581561302540393,
2015-01-29,Cancabato Bay,27.51582384109497,33.85876030661166,-0.10376293212175369,-0.021973326802253723,7.171850070357323,1.2962203,0.0,-2.52212263007284,-0.8711810961252111,,2.6683438802694575,
2015-01-30,Cancabato Bay,27.455030970275402,33.85418253019452,-0.1031525619328022,-0.028077028691768646,7.171850070357323,0.59869415,0.0,-2.053898602276593,-2.1727444768695476,,2.989869232960008,
2015-01-31,Cancabato Bay,27.211859486997128,33.86486400850117,-0.11413922533392906,-0.029908139258623123,7.171850070357323,0.546269,0.0,-2.2719969803423936,-3.082593593125973,,3.829406421244192,
2015-02-01,Cancabato Bay,26.858821369707584,33.86333808302879,-0.13855403289198875,-0.03418073058128357,7.171850070357323,0.5483482,31.69416155525671,-3.368917671657649,-3.6255662269971194,,4.949175360072557,
2015-02-02,Cancabato Bay,26.507980585098267,33.838923275470734,-0.15259254723787308,-0.03723258152604103,7.171850070357323,0.4253405,74.09061097946412,-2.5692241704334537,-3.505284466900984,,4.346024854028884,
2015-02-03,Cancabato Bay,26.277260653674603,33.82213809527457,-0.1263466291129589,-0.031128879636526108,7.171850070357323,0.7296238,0.0,-2.5190053228473914,-2.603015014772246,,3.6223024423235626,
2015-02-04,Cancabato Bay,26.229651778936386,33.826715871691704,-0.09094515815377235,-0.025635547935962677,7.171850070357323,0.93884337,0.0,-2.7921068392440995,-1.4303383772134723,,3.137152925039413,
2015-02-05,Cancabato Bay,26.258217103779316,33.838923275470734,-0.06714072078466415,-0.024414807558059692,7.171850070357323,1.0245928,0.0,-1.919282778109654,-1.304925538370587,,2.3208785067383597,
2015-02-06,Cancabato Bay,26.30143131315708,33.85265660472214,-0.06653035059571266,-0.022583696991205215,7.171850070357323,2.5199971,0.0,-2.131015045203908,-1.1995621168137036,,2.445439509572868,
2015-02-07,Cancabato Bay,26.393719285726547,33.85418253019452,-0.07019257172942162,-0.015259254723787308,7.171850070357323,2.5146754,0.0,-2.524236510520886,-0.1432217382398867,,2.52829634879915,
2015-02-08,Cancabato Bay,26.516037471592426,33.85265660472214,-0.05493331700563431,-0.01342814415693283,7.171850070357323,0.84189767,0.0,-1.570962280675263,-0.07629212079628647,,1.5728137127454156,
2015-02-09,Cancabato Bay,26.654469430446625,33.8557084556669,-0.03784295171499252,-0.020142216235399246,7.171850070357323,0.5981032,0.0,-0.47579592475992455,-0.9119716048598648,,1.0286272260099036,
2015-02-10,Cancabato Bay,26.72624896466732,33.8557084556669,-0.0476088747382164,-0.02075258642435074,7.171850070357323,0.26560023,0.0,-0.47481108956481277,-2.223873146799096,,2.273995897935579,
2015-02-11,Cancabato Bay,26.788506723940372,33.85265660472214,-0.07385479286313057,-0.01037629321217537,7.171850070357323,0.70685685,0.0,-0.8595492986312061,-1.0410356717121798,,1.350029728026249,
2015-02-12,Cancabato Bay,26.966490671038628,33.826715871691704,-0.11474959552288055,-0.011597033590078354,7.171850070357323,0.8878488,0.0,-0.4835811848452088,0.41959218153862127,,0.6402408618204833,
2015-02-13,Cancabato Bay,27.00018310546875,33.8053529150784,-0.15686513856053352,-0.010986663401126862,7.171850070357323,0.39522716,0.0,-2.386955040821332,1.025517772736024,,2.5979301509278154,
2015-02-14,Cancabato Bay,26.972350224852562,33.79924921318889,-0.16907254233956337,-0.014648884534835815,7.171850070357323,0.47672513,0.0,-3.65519133281091,0.7710806314761823,,3.7356376992012623,
2015-02-15,Cancabato Bay,26.97161778062582,33.84044920094311,-0.16296884045004845,-0.02075258642435074,7.171850070357323,1.707335,0.0,-3.211560209454497,-0.8436975816183429,,3.3205337806111914,
2015-02-16,Cancabato Bay,26.97161778062582,33.91216769814491,-0.13916440308094025,-0.0238044373691082,7.171850070357323,1.7105141,0.0,-2.563337027764976,-1.5320713759625195,,2.9862919179066654,
2015-02-17,Cancabato Bay,26.970152892172337,33.98388619534671,-0.11841181665658951,-0.022583696991205215,7.171850070357323,0.9973444,0.0,-2.233523284295713,-1.2573103081907402,,2.5630949012031925,
2015-02-18,Cancabato Bay,26.93939023464918,34.05560469254851,-0.12024292722344398,-0.0238044373691082,7.171850070357323,0.54268134,0.0,-2.808261635893348,-1.8309950112029794,,3.3524433099875948,
2015-02-19,Cancabato Bay,26.84417248517275,34.13342689163983,-0.12939848005771637,-0.024414807558059692,7.171850070357323,0.6007208,0.0,-3.3338006306366497,-1.647293378090192,,3.7185752807134507,
2015-02-20,Cancabato Bay,26.71745963394642,34.220404643565416,-0.1428266242146492,-0.028077028691768646,7.171850070357323,0.5813804,0.0,-3.60263538735104,-2.0511825171153637,,4.14564005344334,
2015-02-21,Cancabato Bay,26.64494765549898,34.282967587932944,-0.12207403779029846,-0.025635547935962677,7.171850070357323,1.6175275,0.0,-2.8924676988107776,-1.5898622639268998,,3.3006107627108174,
2015-02-22,Cancabato Bay,26.614184997975826,34.32569350115955,-0.09399700909852982,-0.020142216235399246,7.171850070357323,1.7089568,0.0,-2.0439377289276583,-1.3464197750646707,,2.447555443788588,
2015-02-23,Cancabato Bay,26.639088101685047,34.35163423418999,-0.07873775437474251,-0.016479995101690292,7.171850070357323,1.7089615,0.0,-2.4779487221255874,-1.160622412157709,,2.7362884082432926,
2015-02-24,Cancabato Bay,26.789971612393856,34.36384163796902,-0.07019257172942162,-0.012817773967981339,7.171850070357323,0.75607073,0.0,-2.3022184173679157,-0.0944839058915912,,2.3041564290951606,
2015-02-25,Cancabato Bay,26.985534220933914,34.37147126533091,-0.08239997550845146,-0.01342814415693283,7.171850070357323,0.5403076,0.0,-2.6406159492364027,-0.37995033237724285,,2.667810871564033,
2015-02-26,Cancabato Bay,27.18475905060768,34.38215274363756,-0.12512588873505592,-0.01831110566854477,7.171850070357323,0.48395517,0.0,-2.8077959854626497,-0.6861613641079315,,2.8904213730137394,
2015-02-27,Cancabato Bay,27.287301242351532,34.39893792383373,-0.17639698460698128,-0.024414807558059692,7.171850070357323,0.60717094,0.0,-3.4874583137148285,-1.4541232438857412,,3.778470576609995,
2015-02-28,Cancabato Bay,27.333445228636265,34.42335273139179,-0.19165623933076859,-0.025635547935962677,7.171850070357323,0.40449956,0.0,-3.2897502655078643,-1.9341250529986496,,3.8161887440280116,
2015-03-01,Cancabato Bay,27.394238099455833,34.45234531536698,-0.16968291252851486,-0.025025177747011185,7.171850070357323,0.77297294,0.0,-2.291196627494616,-1.9597578020067188,,3.0150012650692055,
2015-03-02,Cancabato Bay,27.386181212961674,34.47676012292504,-0.15442365780472755,-0.0238044373691082,7.171850070357323,0.76247966,0.0,-2.303279077464258,-1.753693201492884,,2.8949152584569666,
2015-03-03,Cancabato Bay,27.40888698399067,34.487441601231694,-0.1434369944036007,-0.011597033590078354,7.171850070357323,0.5927025,0.0,-2.3477556285805288,-0.09536524363108226,,2.349691686418533,
2015-03-04,Cancabato Bay,27.5846735984087,34.49201937764883,-0.14587847515940666,-0.017700735479593277,7.171850070357323,0.5064383,0.0,-2.3721504427318787,-0.44680091298791325,,2.4138617977837673,
2015-03-05,Cancabato Bay,27.661580242216587,34.50575270690024,-0.13916440308094025,-0.022583696991205215,7.171850070357323,0.52903014,0.0,-2.120969419860488,-1.4798604868719005,,2.586213127448717,
2015-03-06,Cancabato Bay,27.714316226541996,34.51338233426213,-0.13061922043561935,-0.02075258642435074,7.171850070357323,0.5318166,0.24347298442365267,-2.5014373997833474,-0.9429000498213653,,2.673247008599843,
2015-03-07,Cancabato Bay,27.796349979937077,34.51948603615165,-0.12878810986876488,-0.023194067180156708,7.171850070357323,0.7272749,0.0,-2.3488304286224513,-1.4001339028795314,,2.7344797180479135,
2015-03-08,Cancabato Bay,27.71138644963503,34.5301675144583,-0.13183996081352234,-0.023194067180156708,7.171850070357323,0.69864434,0.0,-2.7691281147492237,-1.8141768417613948,,3.3104845761727906,
2015-03-09,Cancabato Bay,27.701864674687386,34.54237491823733,-0.11658070608973503,-0.023194067180156708,7.171850070357323,0.80503094,0.0,-1.653460301491536,-1.1956758087186403,,2.040483180073645,
2015-03-10,Cancabato Bay,27.6337473616004,34.55458232201636,-0.11597033590078354,-0.024414807558059692,7.171850070357323,0.82728446,0.0,-2.2762293102945566,-1.337322980874569,,2.6400099674469555,
2015-03-11,Cancabato Bay,27.509964287281036,34.56221194937825,-0.13061922043561935,-0.0238044373691082,7.171850070357323,0.8365555,0.0,-3.1711724867967237,-1.3439307009328403,,3.4441957943656965,
2015-03-12,Cancabato Bay,27.475539408624172,34.557634172961116,-0.1269569993019104,-0.023194067180156708,7.171850070357323,0.8425067,0.0,-2.324546347371589,-1.0604139724761408,,2.554993838368544,
2015-03-13,Cancabato Bay,27.529007837176323,34.55305639654398,-0.12146366760134697,-0.02075258642435074,7.171850070357323,0.81156963,0.0,-2.5909696879907913,-1.1567278218946773,,2.8374536433274646,
2015-03-14,Cancabato Bay,27.611774034798145,34.55000454559922,-0.12451551854610443,-0.02136295661330223,7.171850070357323,0.29563877,0.0,-2.8930619883741073,-0.9858258702403047,,3.0564129817500443,
2015-03-15,Cancabato Bay,27.647663801908493,34.546952694654465,-0.13122959062457085,-0.02136295661330223,7.171850070357323,0.27612126,0.0,-3.168005638624841,-0.9922502158172247,,3.3197620723702648,
2015-03-16,Cancabato Bay,27.67842645943165,34.545426769182086,-0.11658070608973503,-0.024414807558059692,7.171850070357323,0.25949603,0.0,-1.7442443678411554,-1.6022321216832625,,2.368445943334836,
2015-03-17,Cancabato Bay,27.70772422850132,34.55305639654398,-0.09155552834272385,-0.02136295661330223,7.171850070357323,0.32126352,0.0,-0.7046849195057815,-1.4546656719832531,,1.6163641461704599,
2015-03-18,Cancabato Bay,27.874721512198448,34.559160098433495,-0.05371257662773132,-0.025025177747011185,7.171850070357323,0.86202896,0.0,0.5845302476924791,-1.1378903089921177,,1.2792458582171014,
2015-03-19,Cancabato Bay,28.01901302486658,34.559160098433495,-0.03357036039233208,-0.022583696991205215,7.171850070357323,0.5189651,0.0,0.8341353441336657,-0.6744608564612553,,1.0726971703288113,
2015-03-20,Cancabato Bay,28.310525827109814,34.546952694654465,-0.0158696249127388,-0.005493331700563431,7.171850070357323,0.33074266,0.0,0.5602878329108951,0.6461789707687002,,0.8552600294481696,
2015-03-21,Cancabato Bay,28.543443091213703,34.54237491823733,-0.07324442267417908,0.010986663401126862,7.171850070357323,0.21003295,0.0,-1.8171021489189412,1.0519929360396099,,2.0996545804210447,
2015-03-22,Cancabato Bay,28.662099055945873,34.536271216347814,-0.11169774457812309,-0.01342814415693283,7.171850070357323,0.29803985,0.0,-1.7369185004561458,0.3125878010426198,,1.7648220903500405,
2015-03-23,Cancabato Bay,28.64452039450407,34.5301675144583,-0.1269569993019104,-0.01342814415693283,7.171850070357323,0.6967647,0.0,-2.3656741895915787,-0.08492264953599182,,2.3671979696899004,
2015-03-24,Cancabato Bay,28.544175535440445,34.52711566351354,-0.14526810497045517,-0.01831110566854477,7.171850070357323,0.40862972,0.0,-3.152483375938805,-0.547171256040475,,3.1996168237786593,
2015-03-25,Cancabato Bay,28.37791069597006,34.52558973804116,-0.16052735969424248,-0.021973326802253723,7.171850070357323,0.40673652,3.9923844207970864,-4.091461285621747,-1.328067735095695,,4.3016066022759185,
2015-03-26,Cancabato Bay,28.123020105063915,34.50727863237262,-0.17639698460698128,-0.025635547935962677,7.171850070357323,0.18611303,0.6756773695778162,-4.570291987080089,-0.9821627509872091,,4.674635014265309,
2015-03-27,Cancabato Bay,27.991912588477135,34.48133789934218,-0.16113772988319397,-0.023194067180156708,7.171850070357323,0.14220072,0.0,-3.7938679289558954,-0.8673729253547742,,3.891756628310485,
2015-03-28,Cancabato Bay,28.008758805692196,34.47065642103553,-0.1355021819472313,-0.01892147585749626,7.171850070357323,0.3018927,0.0,-3.5410858430992396,-0.8746937521061905,,3.6475167043032797,
2015-03-29,Cancabato Bay,28.086397893726826,34.45997494272888,-0.12512588873505592,-0.02075258642435074,7.171850070357323,0.37714905,0.0,-3.0655353265922267,-1.3873988565932687,,3.3648748009192286,
2015-03-30,Cancabato Bay,28.164036981761456,34.43556013517082,-0.11658070608973503,-0.01831110566854477,7.171850070357323,0.37721553,5.3727699895255485,-2.9879098871503813,-1.0214590758642885,,3.157686516644192,
2015-03-31,Cancabato Bay,28.30027160793543,34.41724902950227,-0.10803552344441414,-0.01831110566854477,7.171850070357323,0.30888647,0.0,-3.1395128848894718,-0.5035106445686128,,3.1796327026216273,
2015-04-01,Cancabato Bay,28.462874226272106,34.4294564332813,-0.1031525619328022,-0.028077028691768646,7.171850070357323,0.26980934,0.0,-2.0042456787490055,-1.4503794281772941,,2.4739848880831823,
2015-04-02,Cancabato Bay,28.533188872039318,34.44776753894985,-0.079348124563694,-0.028077028691768646,7.171850070357323,0.32789487,0.0,-0.5717893051038192,-1.5935092228173278,,1.692989856034286,
2015-04-03,Cancabato Bay,28.684072382748127,34.45997494272888,-0.03357036039233208,-0.025635547935962677,7.171850070357323,0.22619526,0.0,1.252654998455017,-1.1948086297878302,,1.7311014432926253,
2015-04-04,Cancabato Bay,28.890621654689312,34.461500868201256,-0.009765923023223877,0.023194067180156708,7.171850070357323,0.27557883,0.0,-0.2985601863565884,1.0026760889988735,,1.0461823571095803,
2015-04-05,Cancabato Bay,29.01293984055519,34.46913049556315,-0.10437330231070518,-0.0024414807558059692,7.171850070357323,0.41039544,0.0,-2.4537693472210385,0.8672183503122082,,2.6025087274550662,
2015-04-06,Cancabato Bay,29.027588725090027,34.48438975028694,-0.13977477326989174,-0.02075258642435074,7.171850070357323,0.35031626,0.0,-2.85124831090598,-0.5193352892316774,,2.8981590834675646,
2015-04-07,Cancabato Bay,28.93896297365427,34.50727863237262,-0.14893032610416412,-0.02075258642435074,7.171850070357323,0.33254772,0.0,-2.7475825067920208,-0.9233348575577941,,2.898578425851334,
2015-04-08,Cancabato Bay,28.870845660567284,34.534745290875435,-0.1428266242146492,-0.017090365290641785,7.171850070357323,0.25902158,0.0,-1.8839330816412119,-0.6482585609083115,,1.9923461089612589,
2015-04-09,Cancabato Bay,28.84960477799177,34.55610824748874,-0.13672292232513428,-0.021973326802253723,7.171850070357323,0.19913037,0.0,-1.8497234854694884,-1.1849167299039318,,2.196703127303191,
2015-04-10,Cancabato Bay,28.8781701028347,34.571367502212524,-0.1355021819472313,-0.020142216235399246,7.171850070357323,0.45774868,0.0,-2.1025168162676557,-1.1820720272544463,,2.4120263763702328,
2015-04-11,Cancabato Bay,28.919186979532242,34.58662675693631,-0.13367107138037682,-0.022583696991205215,7.171850070357323,1.1654849,0.0,-2.2872392527086136,-1.1869698885985736,,2.5768897755959155,
2015-04-12,Cancabato Bay,28.912594981491566,34.57747120410204,-0.12878810986876488,-0.016479995101690292,7.171850070357323,1.0567453,0.0,-2.327594439326327,-1.0414989310176688,,2.5499835092199685,
2015-04-13,Cancabato Bay,29.007080286741257,34.546952694654465,-0.119022186845541,-0.01831110566854477,7.171850070357323,0.4574359,0.0,-1.6606821486238907,0.20698073979309675,,1.6735310649651414,
2015-04-14,Cancabato Bay,29.177007347345352,34.52864158898592,-0.11841181665658951,-0.0238044373691082,7.171850070357323,0.5064399,0.0,-1.493343659046479,-0.37677424706881807,,1.540140940715687,
2015-04-15,Cancabato Bay,29.11841180920601,34.524063812568784,-0.13122959062457085,-0.009155552834272385,7.171850070357323,0.5001015,0.0,-2.8193075400793295,0.26819595585080874,,2.8320353239821867,
2015-04-16,Cancabato Bay,29.202642895281315,34.51796011067927,-0.1507614366710186,-0.015259254723787308,7.171850070357323,0.46472389,10.444655278239388,-2.880923793508099,-0.3283698641694867,,2.8995773263866895,
2015-04-17,Cancabato Bay,29.166753128170967,34.5011749304831,-0.15198217704892159,-0.010986663401126862,7.171850070357323,2.2066426,11.18798126123203,-2.626795788785001,0.056073908691291696,,2.6273942222693827,
2015-04-18,Cancabato Bay,29.182134456932545,34.48286382481456,-0.14709921553730965,-0.003662221133708954,7.171850070357323,2.0400438,29.07967600350182,-2.459763170252444,0.8589129897622321,,2.605410980577277,
2015-04-19,Cancabato Bay,29.254646435379982,34.475234197452664,-0.13122959062457085,0.003662221133708954,7.171850070357323,2.374067,0.0,-2.7073621857824435,1.1773417180227228,,2.9522776844330525,
2015-04-20,Cancabato Bay,29.4670552611351,34.475234197452664,-0.11230811476707458,0.014648884534835815,7.171850070357323,2.3557675,0.0,-2.173423853006449,1.0252502581130882,,2.403104104398799,
2015-04-21,Cancabato Bay,29.631122767925262,34.48133789934218,-0.11535996571183205,-0.012207403779029846,7.171850070357323,1.6312349,0.0,-2.5669030823754944,0.14071500271069973,,2.5707571153838487,
2015-04-22,Cancabato Bay,29.579119227826595,34.487441601231694,-0.11291848495602608,-0.017700735479593277,7.171850070357323,1.3395189,0.0,-3.064081883755422,-0.5832928554046289,,3.119106978852162,
2015-04-23,Cancabato Bay,29.47437970340252,34.4798119738698,-0.10925626382231712,-0.017700735479593277,7.171850070357323,1.081253,0.0,-2.832620696950989,-0.964136518295325,,2.9922064164602244,
2015-04-24,Cancabato Bay,29.444349490106106,34.46760457009077,-0.10437330231070518,-0.02075258642435074,7.171850070357323,1.0015376,0.0,-2.1186490507207365,-1.1125381833330044,,2.392992897919628,
2015-04-25,Cancabato Bay,29.4670552611351,34.463026793673635,-0.10132145136594772,-0.01831110566854477,7.171850070357323,0.39224932,0.0,-2.4685257259376825,-0.9141746805677463,,2.632362932083512,
2015-04-26,Cancabato Bay,29.51539658010006,34.461500868201256,-0.10254219174385071,-0.017700735479593277,7.171850070357323,0.30597135,0.0,-2.1801678412338967,-0.7433713120493336,,2.3034176181336328,
2015-04-27,Cancabato Bay,29.586443670094013,34.4584490172565,-0.10376293212175369,-0.0158696249127388,7.171850070357323,0.31723976,0.0,-2.1699352938519203,-0.4903935214668534,,2.224658397462604,
2015-04-28,Cancabato Bay,29.812036491930485,34.45387124083936,-0.09277626872062683,-0.028077028691768646,7.171850070357323,0.36124074,0.0,-1.2033911828604824,-0.44277532281322657,,1.2822637503566527,
2015-04-29,Cancabato Bay,29.951200895011425,34.44471568800509,-0.09643848985433578,-0.02685628831386566,7.171850070357323,0.2518507,0.0,-0.9594866910578886,-0.2534553377918571,,0.9923982661071111,
2015-04-30,Cancabato Bay,30.028107538819313,34.43250828422606,-0.10437330231070518,-0.025025177747011185,7.171850070357323,0.2501186,17.985482340803546,-1.0917238124002346,-0.4951200797503307,,1.1987513403261232,
2015-05-01,Cancabato Bay,30.097689740359783,34.412671253085136,-0.12207403779029846,-0.017090365290641785,7.171850070357323,0.46660548,0.0,-1.5902092308666562,-0.15148396590037444,,1.5974081475497826,
2015-05-02,Cancabato Bay,30.191442601382732,34.39436014741659,-0.13122959062457085,-0.009155552834272385,7.171850070357323,0.5361158,7.542254121158832,-1.3732275977149024,-0.17483014839024322,,1.3843119648085096,
2015-05-03,Cancabato Bay,30.381145656108856,34.38367866910994,-0.13061922043561935,-0.007324442267417908,7.171850070357323,0.8727383,4.309859848631838,-1.250168273178527,0.18985210268567418,,1.2645016932200417,
2015-05-04,Cancabato Bay,30.490279845893383,34.38825644552708,-0.12878810986876488,-0.014648884534835815,7.171850070357323,1.0311246,0.0,-1.2960706535898037,0.056545904641560084,,1.297303579902728,
2015-05-05,Cancabato Bay,30.707083337008953,34.40504162572324,-0.10132145136594772,-0.0238044373691082,7.171850070357323,1.8412158,0.0,-1.369094932346428,-0.027550273746782167,,1.3693721011325568,
2015-05-06,Cancabato Bay,30.8411206305027,34.414197178557515,-0.10071108117699623,-0.019531846046447754,7.171850070357323,1.6909457,0.0,-1.2560833190544343,0.1109228942652557,,1.2609715273863185,
2015-05-07,Cancabato Bay,30.886532172560692,34.427930507808924,-0.08178960531949997,-0.02685628831386566,7.171850070357323,1.6909457,0.0,-0.9325320736644284,-0.7575953412094523,,1.2014852347969762,
2015-05-08,Cancabato Bay,30.77886287122965,34.437086060643196,-0.01831110566854477,-0.0238044373691082,7.171850070357323,1.1401981,4.221980546229182,2.0793128459716295,-0.9161537176578529,,2.272197074595631,
2015-05-09,Cancabato Bay,30.781792648136616,34.43556013517082,0.038453321903944016,0.017700735479593277,7.171850070357323,0.5274435,4.744846481103867,0.8667704493433865,1.6430143250634808,,1.8576294259670687,
2015-05-10,Cancabato Bay,30.77520065009594,34.43250828422606,-0.021973326802253723,0.024414807558059692,7.171850070357323,0.50899017,0.0,-1.5903043480386472,1.7085210671185842,,2.334119139242608,
2015-05-11,Cancabato Bay,30.745902881026268,34.44318976253271,-0.08850367739796638,0.005493331700563431,7.171850070357323,0.5183219,0.0,-2.5835057811776716,1.1277692255177438,,2.8189298585462077,
2015-05-12,Cancabato Bay,30.731253996491432,34.45997494272888,-0.10437330231070518,-0.0079348124563694,7.171850070357323,0.5709261,0.0,-2.932068168937981,0.6535725501592069,,3.0040274342324063,
2015-05-13,Cancabato Bay,30.61552780866623,34.47828604839742,-0.1031525619328022,-0.009765923023223877,7.171850070357323,0.2521339,0.0,-2.7165667022119973,-0.0852434026586401,,2.717903803533854,
2015-05-14,Cancabato Bay,30.548142939805984,34.499649005010724,-0.10864589363336563,-0.014038514345884323,7.171850070357323,0.2827012,0.0,-2.67355054461342,0.08539745906231504,,2.6749140622863035,
2015-05-15,Cancabato Bay,30.549607828259468,34.51643418520689,-0.09887997061014175,-0.016479995101690292,7.171850070357323,1.1811817,0.0,-1.8376590514133475,-0.14344202668046152,,1.8432488720353535,
2015-05-16,Cancabato Bay,30.666798904538155,34.533219365403056,-0.08178960531949997,-0.025025177747011185,7.171850070357323,1.3910655,0.0,-1.0096089546111529,-0.5237230150053589,,1.1373636347612528,
2015-05-17,Cancabato Bay,30.72173222154379,34.54847862012684,-0.07568590342998505,-0.017700735479593277,7.171850070357323,1.4979384,0.0,-1.2977642989869096,-0.01858525662808805,,1.2978973717089177,
2015-05-18,Cancabato Bay,30.95538192987442,34.56373787485063,-0.07324442267417908,-0.0048829615116119385,7.171850070357323,0.8426338,0.0,-0.989181758680584,0.4954658246365285,,1.1063303914695504,
2015-05-19,Cancabato Bay,31.126041434705257,34.56678972579539,-0.06591998040676117,0.009155552834272385,7.171850070357323,2.0780191,0.0,-0.6205263267793787,0.774356297985129,,0.9923107368438286,
2015-05-20,Cancabato Bay,31.132633432745934,34.56526380032301,-0.09094515815377235,0.017700735479593277,7.171850070357323,2.4824634,0.0,-1.5645892376105544,1.2202362288060653,,1.9841663076812952,
2015-05-21,Cancabato Bay,31.16779075562954,34.56373787485063,-0.11474959552288055,0.009155552834272385,7.171850070357323,1.4440359,0.0,-1.9432192586756494,1.120168284610943,,2.242961897388398,
2015-05-22,Cancabato Bay,31.19196141511202,34.569841576740146,-0.119022186845541,0.0079348124563694,7.171850070357323,0.7954351,0.0,-2.2449005036189944,1.3269615429988164,,2.60775865596236,
2015-05-23,Cancabato Bay,31.211004965007305,34.57747120410204,-0.09765923023223877,0.012207403779029846,7.171850070357323,0.66330063,0.0,-1.6543363499349522,1.2097986244830394,,2.0494978581391967,
2015-05-24,Cancabato Bay,31.35969114303589,34.5805230550468,-0.09155552834272385,0.012817773967981339,7.171850070357323,1.9895457,0.0,-1.3839098453852177,1.1640823099183055,,1.8083954447019808,
2015-05-25,Cancabato Bay,31.35236670076847,34.5805230550468,-0.07690664380788803,0.016479995101690292,7.171850070357323,3.8259442,0.0,-1.5067421126018692,1.384343441211756,,2.046137472682114,
2015-05-26,Cancabato Bay,31.4790795519948,34.582048980519176,-0.09643848985433578,0.0024414807558059692,7.171850070357323,1.7440108,0.0,-1.358792920728346,0.5985108906690175,,1.4847671493102512,
2015-05-27,Cancabato Bay,31.554521307349205,34.57899712957442,-0.09216589853167534,-0.003662221133708954,7.171850070357323,2.2417328,0.0,-0.6160976779628885,0.42311181075359844,,0.7473954463270779,
2015-05-28,Cancabato Bay,31.70393992960453,34.5728934276849,-0.08484145626425743,-0.005493331700563431,7.171850070357323,2.1203165,0.0,-0.7319270526049292,0.5783040797525918,,0.9328198212910309,
2015-05-29,Cancabato Bay,31.817468784749508,34.5728934276849,-0.08606219664216042,0.003662221133708954,7.171850070357323,1.9905845,0.0,-1.7100168299966885,0.8436673710819315,,1.906812049442792,
2015-05-30,Cancabato Bay,31.820398561656475,34.5728934276849,-0.08606219664216042,0.008545182645320892,7.171850070357323,2.1032603,0.0,-1.3980467918151025,0.466904255858633,,1.4739519721630703,
2015-05-31,Cancabato Bay,31.74935147166252,34.57747120410204,-0.0872829370200634,0.004272591322660446,7.171850070357323,1.0791222,6.22212291830264,-2.150099334663925,0.3713379230089512,,2.1819301093267987,
2015-06-01,Cancabato Bay,31.608722180128098,34.5805230550468,-0.09460737928748131,0.0,7.171850070357323,1.1782018,0.0,-2.48743993081075,0.7183317906257876,,2.5890843885079216,
2015-06-02,Cancabato Bay,31.555253751575947,34.571367502212524,-0.09765923023223877,-0.0048829615116119385,7.171850070357323,1.4349087,0.0,-1.9775891919751787,0.5115710787146382,,2.0426854825925354,
2015-06-03,Cancabato Bay,31.553788863122463,34.55305639654398,-0.08667256683111191,-0.005493331700563431,7.171850070357323,0.7628517,0.0,-0.8616389065092832,-0.0951488521419075,,0.8668765248144835,
2015-06-04,Cancabato Bay,31.473219998180866,34.533219365403056,-0.09277626872062683,-0.009155552834272385,7.171850070357323,0.53342944,0.0,-1.4827662816249243,0.1992718653250413,,1.496096628641989,
2015-06-05,Cancabato Bay,31.37287513911724,34.511856408789754,-0.06958220154047012,0.009765923023223877,7.171850070357323,0.56413025,28.063310519574937,-1.0308455724753633,0.6423642879877336,,1.2146087735456417,
2015-06-06,Cancabato Bay,31.349436923861504,34.5011749304831,-0.06530961021780968,0.0158696249127388,7.171850070357323,0.5575307,2.7522863899937837,-1.2232281615921905,0.7802545270349228,,1.4508908512602527,
2015-06-07,Cancabato Bay,31.443922229111195,34.49659715406597,-0.09277626872062683,0.005493331700563431,7.171850070357323,0.7795728,4.131583611424358,-1.5121089563438046,0.8778318734278056,,1.748445679413839,
2015-06-08,Cancabato Bay,31.549394197762012,34.475234197452664,-0.11291848495602608,0.0012207403779029846,7.171850070357323,0.48414686,0.0,-1.8911347652478485,0.578621936962439,,1.9776738978565702,
2015-06-09,Cancabato Bay,31.488601326942444,34.463026793673635,-0.08362071588635445,0.009765923023223877,7.171850070357323,0.6881803,0.0,-1.5162650284796892,0.6360551552013591,,1.644270597270637,
2015-06-10,Cancabato Bay,31.577959522604942,34.45539716631174,-0.09826960042119026,-0.005493331700563431,7.171850070357323,0.5989154,0.0,-1.557046687143123,0.45534988786860847,,1.6222632050087706,
2015-06-11,Cancabato Bay,31.53181553632021,34.45387124083936,-0.09949034079909325,-0.012817773967981339,7.171850070357323,0.25962493,0.0,-1.618152393703236,0.11094275859741122,,1.6219511290210675,
2015-06-12,Cancabato Bay,31.50764487683773,34.44776753894985,-0.09826960042119026,0.001831110566854477,7.171850070357323,0.43233648,0.0,-2.351801868067737,0.4787570761598872,,2.4000375756683603,
2015-06-13,Cancabato Bay,31.460768446326256,34.43556013517082,-0.09704886004328728,-0.0048829615116119385,7.171850070357323,0.43036017,15.062404318739434,-2.1052456496906884,0.45292790491219126,,2.1534165720059173,
2015-06-14,Cancabato Bay,31.3721426948905,34.42030088044703,-0.09094515815377235,0.004272591322660446,7.171850070357323,0.40891784,1.8867917335071507,-2.2217629044236036,0.4933112478333332,,2.2758704687902793,
2015-06-15,Cancabato Bay,31.305490270256996,34.39283422194421,-0.09216589853167534,0.005493331700563431,7.171850070357323,0.5388636,14.781988573531374,-2.3440725405735576,0.7646101701614847,,2.4656246242656943,
2015-06-16,Cancabato Bay,31.197820968925953,34.3577379360795,-0.07385479286313057,0.007324442267417908,7.171850070357323,0.5997444,2.8101068110511713,-1.5982144783814856,0.8652568564015137,,1.8174044531853755,
2015-06-17,Cancabato Bay,31.44611956179142,34.30890832096338,-0.014648884534835815,-0.014648884534835815,7.171850070357323,0.7717494,2.8101068110511713,0.09151834878725446,0.09747510436611659,,0.13370491440456062,
2015-06-18,Cancabato Bay,31.419019125401974,34.307382395491004,0.0012207403779029846,-0.014038514345884323,7.171850070357323,0.77178645,7.292770151893934,0.5553349913281859,0.0027029244997231992,,0.5553415691214979,
2015-06-19,Cancabato Bay,31.2739951685071,34.29822684265673,0.02929776906967163,-0.017090365290641785,7.171850070357323,0.7717015,8.430320774023528,1.2080408525015307,-0.3441791141740883,,1.256113833992081,
2015-06-20,Cancabato Bay,31.066713452339172,34.282967587932944,0.03723258152604103,-0.0006103701889514923,7.171850070357323,0.76851964,11.530834441748674,1.487750755058037,0.0014744075073273922,,1.4877514856498235,
2015-06-21,Cancabato Bay,30.970030814409256,34.27991573698819,0.03234962001442909,-0.003662221133708954,7.171850070357323,0.7083956,8.81269885861455,0.7632273768519497,-0.04696499188851199,,0.7646710006528273,
2015-06-22,Cancabato Bay,31.112857438623905,34.28907128982246,0.006103701889514923,0.0030518509447574615,7.171850070357323,0.41061816,0.33574405950479236,-0.1809146596477224,0.6292314324540889,,0.6547230786093277,
2015-06-23,Cancabato Bay,31.406567573547363,34.258552780374885,-0.0476088747382164,-0.03357036039233208,7.171850070357323,0.37249818,8.81269885861455,0.5528903969112405,-0.3186973291777332,,0.6381659491242772,
2015-06-24,Cancabato Bay,31.268135614693165,34.269234258681536,-0.11963255703449249,-0.022583696991205215,7.171850070357323,0.3660465,26.4380979873121,-0.14463076566157315,-0.36770010660911273,,0.39512204035741383,
2015-06-25,Cancabato Bay,31.324533820152283,34.23718982376158,-0.09094515815377235,-0.03784295171499252,7.171850070357323,0.4291821,35.2507954344582,0.10184903187794726,-0.20732669831423767,,0.23099260838467978,
2015-06-26,Cancabato Bay,31.36774802953005,34.21887871809304,-0.10132145136594772,-0.022583696991205215,7.171850070357323,0.41146374,30.793251104629082,0.6779997775614689,-0.7727598438474428,,1.028027954209673,
2015-06-27,Cancabato Bay,31.402172908186913,34.20819723978639,-0.09094515815377235,-0.035401470959186554,7.171850070357323,0.35196558,15.582934856414795,0.44200389603870127,-0.8507502204029683,,0.9587196574750567,
2015-06-28,Cancabato Bay,31.358958698809147,34.18073058128357,-0.05737479776144028,-0.043336283415555954,7.171850070357323,0.3461887,19.969232888267445,0.9939047451464295,-1.2831573608594065,,1.6230648339337113,
2015-06-29,Cancabato Bay,31.20954007655382,34.17004910297692,-0.006714072078466415,-0.02685628831386566,7.171850070357323,0.34801313,12.595605501351647,1.8074825691774776,-0.9538027823838774,,2.04370569935195,
2015-06-30,Cancabato Bay,30.976622812449932,34.1715750284493,0.024414807558059692,-0.0030518509447574615,7.171850070357323,0.32502463,0.0,1.8166199348958159,0.053868754958137144,,1.8174184522617838,
2015-07-01,Cancabato Bay,30.756157100200653,34.17767873033881,0.05798516795039177,0.011597033590078354,7.171850070357323,0.28054193,3.2607473830064655,2.1224428421907438,0.6800499021883071,,2.2287286707522402,
2015-07-02,Cancabato Bay,30.343058556318283,34.18225650675595,0.08301034569740295,0.017700735479593277,7.171850070357323,0.38720924,6.522749333335949,3.2741491507646754,1.498429802830486,,3.600742220079584,
2015-07-03,Cancabato Bay,29.884548470377922,34.1929379850626,0.1031525619328022,0.02868739888072014,7.171850070357323,0.37555438,11.005539662540913,2.953566518053499,2.589137454290648,,3.9277459100325376,
2015-07-04,Cancabato Bay,29.586443670094013,34.20209353789687,0.10559404268860817,0.03357036039233208,7.171850070357323,0.33202684,0.0916577604251167,2.4464068008532127,3.550053756653945,,4.311355692864327,
2015-07-05,Cancabato Bay,29.36085084825754,34.22650834545493,0.09826960042119026,0.031128879636526108,7.171850070357323,0.35742867,5.629431716169413,2.09526890203732,2.8972037268114517,,3.5754637750220377,
2015-07-06,Cancabato Bay,29.310312196612358,34.269234258681536,0.08545182645320892,0.0238044373691082,7.171850070357323,0.37634864,0.0,2.3484364930573887,1.7632958504035088,,2.936727126917637,
2015-07-07,Cancabato Bay,29.359385959804058,34.30890832096338,0.0872829370200634,0.023194067180156708,7.171850070357323,0.3843935,0.0,2.4714296340777167,1.5763893224648338,,2.9313764228052754,
2015-07-08,Cancabato Bay,29.390148617327213,34.33942683041096,0.09643848985433578,0.028077028691768646,7.171850070357323,0.38707167,0.0,2.4014493384794156,2.278474236586596,,3.3103479835316554,
2015-07-09,Cancabato Bay,29.20850244909525,34.353160159662366,0.09399700909852982,0.03234962001442909,7.171850070357323,0.40157205,4.04559513136221,1.7699200393807177,2.933743919283118,,3.426291045683672,
2015-07-10,Cancabato Bay,29.023194059729576,34.365367563441396,0.07812738418579102,0.03234962001442909,7.171850070357323,0.42615458,1.6468292389053125,1.0429558951134879,2.677475798182357,,2.873435861299887,
2015-07-11,Cancabato Bay,29.052491828799248,34.38062681816518,0.043946653604507446,0.02929776906967163,7.171850070357323,0.45767382,0.0,0.906114152188829,2.2285649786647572,,2.405731639424466,
2015-07-12,Cancabato Bay,29.228278443217278,34.39741199836135,0.030518509447574615,0.027466658502817154,7.171850070357323,0.5046203,0.0,0.8804676177513241,1.255562065159319,,1.5335120884348534,
2015-07-13,Cancabato Bay,29.436292603611946,34.412671253085136,0.02075258642435074,0.028077028691768646,7.171850070357323,0.42444625,0.0,0.5871915370053797,0.973501149047795,,1.1368809912775029,
2015-07-14,Cancabato Bay,29.57252722978592,34.426404582336545,0.01342814415693283,0.02685628831386566,7.171850070357323,0.48624802,0.0,1.158794030330285,1.2089978602445275,,1.674658004132471,
2015-07-15,Cancabato Bay,29.64284187555313,34.44776753894985,0.009765923023223877,0.021973326802253723,7.171850070357323,0.5083517,0.0,1.2223084851373118,1.4981655343406661,,1.9335299328236228,
2015-07-16,Cancabato Bay,29.702902302145958,34.46607864461839,-0.009155552834272385,0.02868739888072014,7.171850070357323,0.50908303,0.0,0.08302037923543659,1.8820253666236464,,1.8838555846941312,
2015-07-17,Cancabato Bay,29.739524513483047,34.4798119738698,-0.020142216235399246,0.028077028691768646,7.171850070357323,0.5093427,0.0,-0.26920095440641406,1.7826609701283067,,1.8028725102658036,
2015-07-18,Cancabato Bay,29.825220488011837,34.49659715406597,-0.029908139258623123,0.02868739888072014,7.171850070357323,0.2507964,0.0,-0.6951713592853579,1.3141633067017593,,1.4867038761811158,
2015-07-19,Cancabato Bay,29.95266578346491,34.51338233426213,-0.06653035059571266,0.02136295661330223,7.171850070357323,0.19157259,0.0,-1.7935705240011275,0.8909983815043152,,2.0026915240268504,
2015-07-20,Cancabato Bay,30.13357950747013,34.511856408789754,-0.12512588873505592,-0.004272591322660446,7.171850070357323,0.22643471,0.0,-1.3444152182094165,0.3375396917972755,,1.3861404411139848,
2015-07-21,Cancabato Bay,30.353312775492668,34.47676012292504,-0.09765923023223877,-0.012817773967981339,7.171850070357323,0.30985767,7.705918071369014,0.33281274614556605,0.471973815617481,,0.5775150271858533,
2015-07-22,Cancabato Bay,30.332804337143898,34.47828604839742,-0.05066072568297386,0.0238044373691082,7.171850070357323,0.3434868,7.210755162345716,0.37404033222934285,0.6139305088420366,,0.7188997425380531,
2015-07-23,Cancabato Bay,30.303506568074226,34.48133789934218,-0.02075258642435074,0.014648884534835815,7.171850070357323,0.2496288,0.0,0.6725281530121618,0.22561272514089475,,0.7093625436541252,
2015-07-24,Cancabato Bay,30.328409671783447,34.4798119738698,-0.025635547935962677,0.01831110566854477,7.171850070357323,0.25691974,0.0,0.3556487109210041,0.18559193313741387,,0.4011612783226395,
2015-07-25,Cancabato Bay,30.417035423219204,34.46913049556315,-0.051271095871925354,0.017090365290641785,7.171850070357323,0.24139054,6.318260259902517,-0.44853580639637175,0.41916932146002334,,0.6139114672922309,
2015-07-26,Cancabato Bay,30.430951863527298,34.449293464422226,-0.10742515325546265,0.010986663401126862,7.171850070357323,0.24851814,3.1587385719957446,-0.8308046635702426,0.5553291356434144,,0.9993131830935313,
2015-07-27,Cancabato Bay,30.428754530847073,34.43556013517082,-0.10193182155489922,0.0012207403779029846,7.171850070357323,0.24874316,8.153444518677343,-0.6704916867022429,-0.20176710435880968,,0.7001921638651474,
2015-07-28,Cancabato Bay,30.600878924131393,34.438611986115575,-0.09277626872062683,-0.024414807558059692,7.171850070357323,0.38556954,0.0,0.08750603583977609,-0.34738872111270497,,0.35824046374567026,
2015-07-29,Cancabato Bay,30.65215002000332,34.427930507808924,-0.048829615116119385,-0.039674062281847,7.171850070357323,0.91404957,0.0,0.5863187044865817,-0.9061242313080997,,1.079273248901555,
2015-07-30,Cancabato Bay,30.691702008247375,34.415723104029894,-0.09704886004328728,-0.030518509447574615,7.171850070357323,0.84541297,6.56255051046134,-0.19783524856690748,-0.5692864200154085,,0.6026821829036347,
2015-07-31,Cancabato Bay,30.715140223503113,34.40046384930611,-0.09582811966538429,-0.02685628831386566,7.171850070357323,0.30857614,4.007918713572689,-0.677276665962274,-0.16693803580591,,0.6975471238960913,
2015-08-01,Cancabato Bay,30.936338379979134,34.3867305200547,-0.017090365290641785,-0.014038514345884323,7.171850070357323,0.3476093,0.0,0.4006260933350625,0.0803103533427802,,0.40859640174009904,
2015-08-02,Cancabato Bay,31.040345460176468,34.38367866910994,-0.006714072078466415,-0.0012207403779029846,7.171850070357323,0.39083818,0.0,0.5974713151684589,0.15006868138162388,,0.6160296921259131,
2015-08-03,Cancabato Bay,31.010315246880054,34.377574967220426,-0.0030518509447574615,-0.007324442267417908,7.171850070357323,0.39052516,0.0,0.8416036767534419,-0.0816700774931032,,0.8455570650657716,
2015-08-04,Cancabato Bay,30.84917751699686,34.36384163796902,0.006103701889514923,-0.0024414807558059692,7.171850070357323,0.36451763,0.8802366744215115,1.5644979160524293,0.4224493624184253,,1.6205299112142693,
2015-08-05,Cancabato Bay,30.478560738265514,34.353160159662366,0.05310220643877983,0.016479995101690292,7.171850070357323,0.36017048,15.938786658996973,2.7102400953099433,1.2700815912371395,,2.993076781946149,
2015-08-06,Cancabato Bay,30.003936879336834,34.3363749794662,0.08789330720901489,0.028077028691768646,7.171850070357323,0.39621067,6.781372693400034,3.2187927181766445,2.6474677949668797,,4.167698680083984,
2015-08-07,Cancabato Bay,29.67067475616932,34.32264165021479,0.10071108117699623,0.03357036039233208,7.171850070357323,0.38419342,4.1245388055380925,2.271581592943135,3.547397847042317,,4.212376338671384,
2015-08-08,Cancabato Bay,29.47071748226881,34.31348609738052,0.08484145626425743,0.02929776906967163,7.171850070357323,0.38963434,0.0,1.3770061716743696,2.288076214383893,,2.670475380837395,
2015-08-09,Cancabato Bay,29.44581437855959,34.30890832096338,0.04516739398241043,0.022583696991205215,7.171850070357323,0.38732067,0.0,0.09882135891314052,1.361646640711058,,1.3652279059326133,
2015-08-10,Cancabato Bay,29.620868548750877,34.307382395491004,0.02929776906967163,0.023194067180156708,7.171850070357323,0.38461372,7.496140647620059,-0.43556466017784995,0.6561507109159355,,0.7875597301991345,
2015-08-11,Cancabato Bay,29.870632030069828,34.295174991711974,-0.009155552834272385,0.025635547935962677,7.171850070357323,0.38478014,3.8928058414032667,-1.1080297772783585,0.23929234717508532,,1.1335743534290508,
2015-08-12,Cancabato Bay,30.094759963452816,34.28907128982246,-0.036011841148138046,0.02075258642435074,7.171850070357323,0.8629071,0.0,-1.178091047872542,0.7752709487592078,,1.410299103405879,
2015-08-13,Cancabato Bay,30.408246092498302,34.27533796057105,-0.08362071588635445,0.015259254723787308,7.171850070357323,0.50700086,0.0,-1.0839372301355028,0.9687636792453227,,1.4537616672270461,
2015-08-14,Cancabato Bay,30.641895800828934,34.27228610962629,-0.0634784996509552,0.009765923023223877,7.171850070357323,0.6596813,0.0,0.2088847698970381,-0.04091011412178404,,0.21285319948827633,
2015-08-15,Cancabato Bay,30.810357972979546,34.26618240773678,-0.10803552344441414,-0.016479995101690292,7.171850070357323,0.6373125,4.825901637062097,0.43119366699345646,-0.3443657751032705,,0.5518294714109967,
2015-08-16,Cancabato Bay,30.916562385857105,34.25550092943013,-0.08239997550845146,-0.05615405738353729,7.171850070357323,0.37580428,23.069281834002123,1.1617808898234925,-0.7902414992048936,,1.4050681346556344,
2015-08-17,Cancabato Bay,30.925351716578007,34.23871574923396,-0.06042664870619774,-0.0714133121073246,7.171850070357323,0.38221937,8.031669537480266,1.6009541522770894,-0.8127843505599864,,1.7954588823497108,
2015-08-18,Cancabato Bay,30.789117090404034,34.22803427092731,-0.012817773967981339,-0.05310220643877983,7.171850070357323,0.39501604,1.3985803622407276,2.474634155551896,-0.3851338265040753,,2.5044245383204733,
2015-08-19,Cancabato Bay,30.50566117465496,34.22803427092731,0.03662221133708954,0.0048829615116119385,7.171850070357323,0.392577,0.0,2.697518932706464,0.9942493275424081,,2.8749156713942674,
2015-08-20,Cancabato Bay,30.139439061284065,34.257026854902506,0.06286812946200371,0.02685628831386566,7.171850070357323,0.38468587,9.179051649075348,3.1481175553746352,2.560348487087584,,4.057835447352399,
2015-08-21,Cancabato Bay,29.690450750291348,34.30890832096338,0.08117923513054848,0.03357036039233208,7.171850070357323,1.5364099,11.553495521362597,2.6027629444301197,3.3446031994730427,,4.238011975776361,
2015-08-22,Cancabato Bay,29.491958364844322,34.34553053230047,0.07324442267417908,0.03479110077023506,7.171850070357323,1.6743264,0.0,1.7844082565113752,2.892350637133442,,3.398500409597179,
2015-08-23,Cancabato Bay,29.477309480309486,34.36841941438615,0.040894802659749985,0.03234962001442909,7.171850070357323,1.6722404,0.0,0.7958850530147222,2.2808805760843818,,2.415750239567673,
2015-08-24,Cancabato Bay,29.594500556588173,34.38215274363756,0.014648884534835815,0.02929776906967163,7.171850070357323,1.6722085,0.0,0.02247792657238418,1.4819028646848476,,1.48207333069054,
2015-08-25,Cancabato Bay,29.767357394099236,34.38215274363756,0.0030518509447574615,0.024414807558059692,7.171850070357323,1.5858878,0.0,0.02281526270130818,0.6391979326797596,,0.6396049822775055,
2015-08-26,Cancabato Bay,30.151890613138676,34.38062681816518,-0.006714072078466415,0.02868739888072014,7.171850070357323,1.1913539,0.0,0.23282941138394636,-0.4812417368493419,,0.5346055967637883,
2015-08-27,Cancabato Bay,30.30863367766142,34.36841941438615,-0.06714072078466415,-0.02868739888072014,7.171850070357323,1.1913031,0.0,0.29670689733288924,-1.1538732431314374,,1.1914102753206264,
2015-08-28,Cancabato Bay,30.336466558277607,34.32111572474241,-0.06591998040676117,-0.02929776906967163,7.171850070357323,0.43224695,0.0,1.6676329782141857,-0.7946053577862813,,1.847267556324795,
2015-08-29,Cancabato Bay,30.451460301876068,34.331797203049064,-0.02624591812491417,-0.010986663401126862,7.171850070357323,0.28795287,0.0,2.520253950521284,-0.2564080355210898,,2.533263716196544,
2015-08-30,Cancabato Bay,30.540086053311825,34.34400460682809,-0.0158696249127388,-0.009765923023223877,7.171850070357323,0.7963389,0.0,1.913076905241517,-0.23756201442380134,,1.9277704624943175,
2015-08-31,Cancabato Bay,30.647755354642868,34.34553053230047,-0.009765923023223877,-0.0012207403779029846,7.171850070357323,0.5669488,0.0,1.824333329706331,-0.2181818216495245,,1.8373337762028146,
2015-09-01,Cancabato Bay,30.781792648136616,34.34553053230047,-0.029908139258623123,-0.012207403779029846,7.171850070357323,0.2189495,9.938519235617058,1.18595902929132,-0.21622838649608772,,1.2055096574828057,
2015-09-02,Cancabato Bay,30.99639880657196,34.34400460682809,-0.08972441777586937,0.015259254723787308,7.171850070357323,0.2530481,9.356002349061326,0.11064208178961905,0.16822002269456726,,0.2013445958999185,
2015-09-03,Cancabato Bay,31.092349000275135,34.342478681355715,-0.11230811476707458,0.016479995101690292,7.171850070357323,0.24715248,1.6988437548993875,-0.07938796043616295,0.334439550957357,,0.3437328344903529,
2015-09-04,Cancabato Bay,31.342844925820827,34.32416757568717,-0.06591998040676117,-0.008545182645320892,7.171850070357323,0.39872938,20.993365430984255,0.9120071249873953,-0.3934657726807747,,0.9932634646955729,
2015-09-05,Cancabato Bay,31.539139978587627,34.30890832096338,-0.03479110077023506,-0.016479995101690292,7.171850070357323,0.39200097,9.356002349061326,1.3703368388083659,-0.23597612431099468,,1.390506304566845,
2015-09-06,Cancabato Bay,31.404370240867138,34.30127869360149,0.016479995101690292,-0.006714072078466415,7.171850070357323,0.2739019,0.0,1.4819445518622307,0.08843911156750188,,1.4845811298979241,
2015-09-07,Cancabato Bay,31.26154361665249,34.29212314076722,0.02685628831386566,0.011597033590078354,7.171850070357323,0.30203733,0.0,1.790925966286169,0.986032863141318,,2.0444257442892644,
2015-09-08,Cancabato Bay,31.068910785019398,34.293649066239595,0.01831110566854477,0.014038514345884323,7.171850070357323,0.30372798,0.0,1.5462013080726464,0.7304657791580056,,1.7100639577531815,
2015-09-09,Cancabato Bay,30.990539252758026,34.29975276812911,0.016479995101690292,0.004272591322660446,7.171850070357323,0.25661394,0.0,1.9436329700402126,0.116039811504661,,1.9470938241598363,
2015-09-10,Cancabato Bay,30.961973927915096,34.282967587932944,0.014038514345884323,-0.009765923023223877,7.171850070357323,0.2616803,0.0,2.270798716872249,-0.2959263618010576,,2.2899998306020604,
2015-09-11,Cancabato Bay,30.782525092363358,34.270760184153914,0.009765923023223877,-0.001831110566854477,7.171850070357323,0.2574647,0.0,1.7714765746534549,0.23199175472043626,,1.7866027618931424,
2015-09-12,Cancabato Bay,30.778130427002907,34.26313055679202,0.0079348124563694,0.0048829615116119385,7.171850070357323,0.32333806,2.53155945208126,1.143870749135413,-0.10684774813626703,,1.148850178225778,
2015-09-13,Cancabato Bay,30.924619272351265,34.244819451123476,-0.01831110566854477,-0.017090365290641785,7.171850070357323,0.505546,15.193671694197976,0.6469917376670917,-0.24185695106257857,,0.6907192580106402,
2015-09-14,Cancabato Bay,31.019837021827698,34.220404643565416,-0.05066072568297386,-0.035401470959186554,7.171850070357323,0.9955883,0.945779656449827,0.7530275240977661,-0.9646667428478192,,1.2237779115531675,
2015-09-15,Cancabato Bay,30.973693035542965,34.21582686714828,-0.09460737928748131,-0.021973326802253723,7.171850070357323,1.1259462,0.319668766789543,0.889567799836941,-0.6184079572713302,,1.083401713180866,
2015-09-16,Cancabato Bay,31.092349000275135,34.18073058128357,-0.04699850454926491,-0.036011841148138046,7.171850070357323,1.0965663,0.0,0.9156848315307027,-0.521513303258618,,1.053781208871712,
2015-09-17,Cancabato Bay,31.206610299646854,34.18836020864546,-0.06164738908410072,-0.039674062281847,7.171850070357323,1.2931733,6.164614061197153,0.6391665365492729,-0.6511212175122086,,0.912410379894362,
2015-09-18,Cancabato Bay,31.440260007977486,34.18225650675595,-0.10254219174385071,-0.0317392498254776,7.171850070357323,1.5687007,0.9200268050733087,0.508902384739711,-0.710013798242024,,0.8735566557973389,
2015-09-19,Cancabato Bay,31.44978178292513,34.185308357700706,-0.1269569993019104,-0.03662221133708954,7.171850070357323,1.5635259,11.409201317321,0.7621405269510892,-0.5285891918200878,,0.9275045641560464,
2015-09-20,Cancabato Bay,31.57649463415146,34.1929379850626,-0.11413922533392906,-0.03723258152604103,7.171850070357323,3.1994524,0.683738949199835,0.575288248271418,-0.3868118565306707,,0.6932387618648432,
2015-09-21,Cancabato Bay,31.689291045069695,34.18225650675595,-0.014038514345884323,-0.025025177747011185,7.171850070357323,0.7020277,7.487617577988501,1.5987927711541456,-0.4373916356165378,,1.6575432929495575,
2015-09-22,Cancabato Bay,31.369945362210274,34.185308357700706,0.004272591322660446,-0.009765923023223877,7.171850070357323,0.74342006,7.614017098856431,2.512365605104711,-0.5685364361805078,,2.57589103282301,
2015-09-23,Cancabato Bay,31.00006102770567,34.18836020864546,0.02929776906967163,0.0030518509447574615,7.171850070357323,0.74339926,6.616542635634304,2.88601741054973,-0.17573242249183724,,2.891362719949024,
2015-09-24,Cancabato Bay,30.59062470495701,34.197515761479735,0.0476088747382164,0.008545182645320892,7.171850070357323,0.7319176,0.0,2.7183744633657674,0.16758300793256295,,2.723535163647947,
2015-09-25,Cancabato Bay,30.269081689417362,34.20819723978639,0.054322946816682816,0.0158696249127388,7.171850070357323,0.7417818,0.0,2.2641078255473404,0.9485873083342415,,2.454791666768793,
2015-09-26,Cancabato Bay,30.07205419242382,34.223456494510174,0.04943998530507088,0.02075258642435074,7.171850070357323,0.7491928,3.3631005748011433,2.3668583292530436,1.4147818471025613,,2.757467320866277,
2015-09-27,Cancabato Bay,29.962187558412552,34.232612047344446,0.02929776906967163,0.025025177747011185,7.171850070357323,1.4529052,2.474460364530643,1.908238157826171,1.86748065803089,,2.6699919241644356,
2015-09-28,Cancabato Bay,29.9490035623312,34.22956019639969,-0.017700735479593277,0.024414807558059692,7.171850070357323,1.3334332,0.0,0.38134813914538035,1.624018281622499,,1.6681911707816162,
2015-09-29,Cancabato Bay,30.10428173840046,34.22498241998255,-0.11597033590078354,0.019531846046447754,7.171850070357323,1.3221595,2.6145138592004016,-0.34956121764135684,0.5423578542990013,,0.6452480817474197,
2015-09-30,Cancabato Bay,30.277138575911522,34.199041686952114,-0.16357921063899994,-0.022583696991205215,7.171850070357323,1.3175615,7.8435416838612415,0.43309332719160903,-0.12505115617860899,,0.450785560682133,
2015-10-01,Cancabato Bay,30.277871020138264,34.17004910297692,-0.05371257662773132,0.020142216235399246,7.171850070357323,1.3174635,9.417246751511062,0.834892216993276,1.4831940383717273,,1.702031013071554,
2015-10-02,Cancabato Bay,30.28885768353939,34.15326392278075,-0.04028443247079849,0.023194067180156708,7.171850070357323,1.3174632,0.0,-0.4979901757684198,0.8505134119891656,,0.9855796665593877,
2015-10-03,Cancabato Bay,30.51005584001541,34.13037504069507,-0.09582811966538429,-0.004272591322660446,7.171850070357323,1.3174573,0.0,-0.7276024975934186,-0.6672381865672576,,0.9872244892210399,
2015-10-04,Cancabato Bay,30.389202542603016,34.09680468030274,-0.09460737928748131,-0.017700735479593277,7.171850070357323,1.2623229,24.19493858958967,-1.2846549711097441,-0.6543535427012876,,1.4417062646887207,
2015-10-05,Cancabato Bay,30.46024963259697,34.06323431991041,-0.0872829370200634,-0.023194067180156708,7.171850070357323,0.5921555,0.0,-0.3172352575600409,-0.5286242974550737,,0.6165077911097764,
2015-10-06,Cancabato Bay,30.61992247402668,34.04797506518662,-0.0634784996509552,-0.029908139258623123,7.171850070357323,0.6188228,0.3687818591206219,0.5698627798847528,-0.6436652701015035,,0.8596793401221293,
2015-10-07,Cancabato Bay,30.752494879066944,34.03576766140759,-0.025635547935962677,-0.02685628831386566,7.171850070357323,0.38796425,10.53590692879674,1.0445322149976846,-0.35624396622001936,,1.1036110327629656,
2015-10-08,Cancabato Bay,30.964903704822063,34.02203433215618,0.0048829615116119385,-0.012817773967981339,7.171850070357323,1.0730805,0.0,0.8881406248731079,-0.12116754223001175,,0.896367861338221,
2015-10-09,Cancabato Bay,31.19635608047247,34.018982481211424,-0.017700735479593277,0.0006103701889514923,7.171850070357323,0.24008887,0.0,0.4696951077699826,-0.12169282621972748,,0.48520370795821455,
2015-10-10,Cancabato Bay,31.402172908186913,34.015930630266666,-0.05371257662773132,0.009765923023223877,7.171850070357323,1.4732935,0.0,0.2719589135585688,-0.1789961438940149,,0.3255783625993656,
2015-10-11,Cancabato Bay,31.657063499093056,34.00372322648764,-0.11597033590078354,0.0006103701889514923,7.171850070357323,3.3696818,0.0,0.42869436352598284,-0.42870578476175986,,0.6062734590984038,
2015-10-12,Cancabato Bay,31.607257291674614,34.00067137554288,-0.14587847515940666,-0.01037629321217537,7.171850070357323,2.0410612,0.0,0.08500425048391051,-0.7522262580181606,,0.7570139139093387,
2015-10-13,Cancabato Bay,31.396313354372978,33.97930841892958,-0.09643848985433578,-0.0158696249127388,7.171850070357323,0.28806037,0.0,0.7450007114599858,-0.9126300313616494,,1.1781000102788601,
2015-10-14,Cancabato Bay,31.15973386913538,33.95184176042676,-0.035401470959186554,-0.01831110566854477,7.171850070357323,0.28806037,8.892048293409257,1.8304456312955462,-2.024512243948293,,2.7293187858924624,
2015-10-15,Cancabato Bay,30.78398998081684,33.93963435664773,0.043946653604507446,-0.008545182645320892,7.324442625045776,0.2880758,14.095883739642062,3.3685165168672344,-0.7786815905025746,,3.457347038380004,
2015-10-16,Cancabato Bay,30.351847887039185,33.89385659247637,0.14526810497045517,0.020142216235399246,7.324442625045776,0.4094295,9.201235113814237,3.546101345644726,1.508959001138872,,3.85380228095596,
2015-10-17,Cancabato Bay,30.045686200261116,33.837397349998355,0.15564439818263054,0.03418073058128357,7.171850070357323,0.7999879,9.201235113814237,3.083607099325559,3.818624681511111,,4.908210183076599,
2015-10-18,Cancabato Bay,29.850123591721058,33.82061216980219,0.10559404268860817,0.029908139258623123,7.171850070357323,0.8199835,0.0,2.797838063899847,3.5765857555541856,,4.5409099857451425,
2015-10-19,Cancabato Bay,29.74465162307024,33.84044920094311,0.08362071588635445,0.025635547935962677,7.171850070357323,0.80482763,0.0,2.5593972049152693,2.742229854407942,,3.7510450046532764,
2015-10-20,Cancabato Bay,29.69924008101225,33.89538251794875,0.08239997550845146,0.024414807558059692,7.171850070357323,1.1834737,0.0,1.869263999482506,2.2051996639513427,,2.8908568725643353,
2015-10-21,Cancabato Bay,29.710959188640118,33.95336768589914,0.07751701399683952,0.021973326802253723,7.171850070357323,1.1898575,0.0,1.933028634631571,1.9660313236820808,,2.7571504978881207,
2015-10-22,Cancabato Bay,29.742454290390015,33.99609359912574,0.05737479776144028,0.023194067180156708,7.171850070357323,0.9265546,0.0,0.9676500000119848,1.5132693946430387,,1.7961989820970568,
2015-10-23,Cancabato Bay,29.806909382343292,34.00372322648764,0.01831110566854477,0.021973326802253723,7.171850070357323,0.5987717,0.0,-0.8981483703563935,1.2212810350582433,,1.5159808249997027,
2015-10-24,Cancabato Bay,29.91677601635456,33.98998989723623,-0.03357036039233208,0.012207403779029846,7.171850070357323,0.7408142,0.0,-2.2368731257490877,1.1013422018938073,,2.4933022332582935,
2015-10-25,Cancabato Bay,30.007599100470543,33.982360269874334,-0.06591998040676117,-0.004272591322660446,7.171850070357323,0.7557748,0.0,-2.2102803573731764,0.6836984233014659,,2.313608176034699,
2015-10-26,Cancabato Bay,30.195837266743183,33.98998989723623,-0.07446516305208206,-0.011597033590078354,7.171850070357323,0.7444713,0.0,-1.7925402466599292,0.42905535657181704,,1.8431736312400437,
2015-10-27,Cancabato Bay,30.224402591586113,34.005249151960015,-0.07324442267417908,-0.01831110566854477,7.171850070357323,2.3565228,0.0,-1.644596376989642,-0.404980542809012,,1.6937256221895383,
2015-10-28,Cancabato Bay,30.10867640376091,34.02203433215618,-0.07263405248522758,-0.021973326802253723,7.171850070357323,0.982919,0.0,-2.2000718247838154,-0.9049895278959746,,2.3789329708524716,
2015-10-29,Cancabato Bay,29.902859576046467,34.0205084066838,-0.08484145626425743,-0.017700735479593277,7.171850070357323,1.1571962,4.1466275400247055,-2.604372826672283,-0.22603193318549195,,2.614163012348034,
2015-10-30,Cancabato Bay,29.738792069256306,34.00830100290477,-0.11230811476707458,-0.01892147585749626,7.171850070357323,1.1546211,7.421039487607182,-2.662631208666975,-0.8496009437722296,,2.794892970585103,
2015-10-31,Cancabato Bay,29.51173435896635,33.99151582270861,-0.12817773967981339,-0.02136295661330223,7.171850070357323,1.1454356,8.293255080049411,-2.9411624882892577,-0.9355910967172335,,3.0863842085483157,
2015-11-01,Cancabato Bay,29.34400463104248,33.96710101515055,-0.13000885024666786,-0.0158696249127388,7.171850070357323,1.3233062,15.152096078037836,-3.0115559375927727,-0.5763816747028743,,3.066216724268455,
2015-11-02,Cancabato Bay,29.201910451054573,33.935056580230594,-0.10620441287755966,-0.004272591322660446,7.171850070357323,1.3341401,31.80211077863797,-3.2796072022527714,0.3762459552819527,,3.3011186618984603,
2015-11-03,Cancabato Bay,29.165288239717484,33.91369362361729,-0.08667256683111191,-0.0079348124563694,7.171850070357323,1.8836493,0.0,-2.5524738194568517,0.1311761846881619,,2.5558422859092835,
2015-11-04,Cancabato Bay,29.162358462810516,33.91369362361729,-0.08423108607530594,-0.012817773967981339,7.171850070357323,1.7136744,0.0,-2.7417852036477677,-0.3638252473422743,,2.7658190312356843,
2015-11-05,Cancabato Bay,29.141117580235004,33.91827140003443,-0.08301034569740295,-0.009155552834272385,7.171850070357323,1.0474321,0.0,-2.850868848543791,0.220718603427153,,2.8594002681499897,
2015-11-06,Cancabato Bay,29.089114040136337,33.919797325506806,-0.08301034569740295,-0.012207403779029846,7.171850070357323,1.0998149,18.00770973169004,-2.607712108782132,-0.2983102046416246,,2.624719303179348,
2015-11-07,Cancabato Bay,29.039307832717896,33.92437510192394,-0.08423108607530594,-0.014038514345884323,7.171850070357323,0.6822504,18.00770973169004,-2.5415865822569774,-0.3360163923718688,,2.5637022781616645,
2015-11-08,Cancabato Bay,28.97997985035181,33.935056580230594,-0.07812738418579102,-0.012817773967981339,7.171850070357323,0.79102474,4.8688032071049605,-2.1017292769078044,0.18736976540702743,,2.1100647815647955,
2015-11-09,Cancabato Bay,28.954344302415848,33.93963435664773,-0.07446516305208206,-0.012817773967981339,7.171850070357323,0.6699076,0.0,-2.1236610760670054,-0.25437326314515957,,2.1388413038384093,
2015-11-10,Cancabato Bay,28.931638531386852,33.94726398400962,-0.08667256683111191,-0.01342814415693283,7.171850070357323,0.34705463,0.0,-2.467115940632405,-0.7133201372818959,,2.5681679623370393,
2015-11-11,Cancabato Bay,28.86571855098009,33.96252323873341,-0.10193182155489922,-0.012207403779029846,7.171850070357323,0.27636248,0.0,-2.6946201839962525,-0.20610744002014647,,2.7024911124426767,
2015-11-12,Cancabato Bay,28.864253662526608,33.98693804629147,-0.12329477816820145,-0.014038514345884323,7.171850070357323,2.5712938,0.0,-2.694230037573773,0.12460192554017414,,2.697109774409098,
2015-11-13,Cancabato Bay,28.93896297365427,34.018982481211424,-0.13122959062457085,-0.012207403779029846,7.171850070357323,0.7453023,0.0,-2.329709218043493,-0.36550637590166435,,2.3582069356741346,
2015-11-14,Cancabato Bay,28.969725631177425,34.041871363297105,-0.1275673694908619,-0.012817773967981339,7.171850070357323,0.68175155,0.0,-2.427847137680284,-0.1140168044990633,,2.430522897577911,
2015-11-15,Cancabato Bay,29.005615398287773,34.05560469254851,-0.13306070119142532,-0.0158696249127388,7.171850070357323,0.5358965,0.0,-2.955637359762336,-0.4230410932365536,,2.985758859819334,
2015-11-16,Cancabato Bay,29.026856280863285,34.076967649161816,-0.13855403289198875,-0.015259254723787308,7.171850070357323,1.1680725,0.0,-3.3018945749925668,-0.3677202165195643,,3.3223073220282524,
2015-11-17,Cancabato Bay,29.06640826910734,34.08764912746847,-0.13672292232513428,-0.0158696249127388,7.171850070357323,1.663093,0.0,-3.110170870626957,-0.40632517350466274,,3.1366005469488836,
2015-11-18,Cancabato Bay,29.02832116931677,34.08001950010657,-0.12939848005771637,-0.01892147585749626,7.171850070357323,0.47200713,0.0,-2.762869177307425,-0.07828634204917376,,2.7639780828123164,
2015-11-19,Cancabato Bay,28.954344302415848,34.06933802179992,-0.12573625892400742,-0.02136295661330223,7.171850070357323,0.8853261,0.0,-2.676704764063239,-1.0589123829651936,,2.8785489102594495,
2015-11-20,Cancabato Bay,28.882564768195152,34.052552841603756,-0.12573625892400742,-0.022583696991205215,7.171850070357323,0.6750186,19.620125420177327,-2.831075654676424,-0.979177827013368,,2.9956265754289477,
2015-11-21,Cancabato Bay,28.806390568614006,34.01135285384953,-0.12329477816820145,-0.023194067180156708,7.171850070357323,0.6743098,63.51502168673678,-2.380793350512284,-1.0265132214406754,,2.5926639527011632,
2015-11-22,Cancabato Bay,28.863521218299866,33.97320471704006,-0.11047700420022011,-0.019531846046447754,7.171850070357323,0.59636486,0.0,-1.3950934071936272,-0.9461451685987626,,1.6856679076431114,
2015-11-23,Cancabato Bay,29.0253913924098,33.96252323873341,-0.07873775437474251,-0.022583696991205215,7.171850070357323,0.7276708,13.263047029416022,0.17953903081924327,-1.5700908554263964,,1.5803226119628568,
2015-11-24,Cancabato Bay,29.226081110537052,33.957945462316275,-0.0634784996509552,-0.025635547935962677,7.171850070357323,1.1649266,15.026352259297722,-0.016167810536554434,-0.9911912533448789,,0.9913231051503529,
2015-11-25,Cancabato Bay,29.27368998527527,33.95184176042676,-0.09033478796482086,-0.0238044373691082,7.171850070357323,0.61900336,0.0,-0.7237716484466364,-0.8519204974477412,,1.1178613210352921,
2015-11-26,Cancabato Bay,29.230475775897503,33.95031583495438,-0.13977477326989174,-0.02136295661330223,7.171850070357323,2.2832768,0.0,-2.261133862356855,-0.9957573794415375,,2.470679886632242,
2015-11-27,Cancabato Bay,29.108890034258366,33.944212133064866,-0.16296884045004845,-0.022583696991205215,7.171850070357323,0.6963065,0.0,-3.1843825851584953,-1.163006994679663,,3.3901147057783345,
2015-11-28,Cancabato Bay,28.936765640974045,33.90148621983826,-0.1666310615837574,-0.024414807558059692,7.171850070357323,0.6386799,36.21658458953468,-3.6959079054603134,-1.1562110674411548,,3.8725391254469534,
2015-11-29,Cancabato Bay,28.82470167428255,33.835871424525976,-0.1593066193163395,-0.023194067180156708,7.171850070357323,2.510305,17.420736995367964,-2.5558901437850605,-0.9729574915993211,,2.7348163937560526,
2015-11-30,Cancabato Bay,28.80419323593378,33.777886256575584,-0.1355021819472313,-0.019531846046447754,7.171850070357323,3.0926704,0.0,-2.272821651977765,-0.5345172008594593,,2.3348290943265138,
2015-12-01,Cancabato Bay,28.722891926765442,33.72447886504233,-0.12146366760134697,-0.017090365290641785,7.171850070357323,3.0875869,46.399404714663575,-2.19783513709562,-0.8726785958956065,,2.3647509851116353,
2015-12-02,Cancabato Bay,28.673818163573742,33.67259739898145,-0.11169774457812309,-0.014648884534835815,7.171850070357323,3.2333848,0.0,-2.2536730873141404,-0.1767377992181917,,2.260592540498296,
2015-12-03,Cancabato Bay,28.68993193656206,33.62834556028247,-0.10376293212175369,-0.01831110566854477,7.171850070357323,3.451927,0.0,-2.312161611062215,-0.9938799189926435,,2.516721798102969,
2015-12-04,Cancabato Bay,28.629871509969234,33.57951594516635,-0.10803552344441414,-0.01892147585749626,7.171850070357323,0.43049768,0.0,-2.876302398195662,-1.0095106759834689,,3.0483154841306566,
2015-12-05,Cancabato Bay,28.57860041409731,33.50627152249217,-0.11291848495602608,-0.011597033590078354,7.171850070357323,0.45087734,0.0,-2.936498752117267,0.03800285699654463,,2.9367446498335816,
2015-12-06,Cancabato Bay,28.629871509969234,33.452864130958915,-0.1110873743891716,-0.012817773967981339,7.171850070357323,0.39914498,31.306328880139436,-2.098921800271059,-0.02848065315258919,,2.0991150209688607,
2015-12-07,Cancabato Bay,28.629871509969234,33.43455302529037,-0.11047700420022011,-0.014038514345884323,7.171850070357323,0.4123897,0.0,-2.9131502493833894,-0.8516828437191868,,3.0350960514896568,
2015-12-08,Cancabato Bay,28.577135525643826,33.43760487623513,-0.1275673694908619,-0.017090365290641785,7.171850070357323,0.40176025,0.0,-3.530963184817555,-0.4643682612918986,,3.561367559608555,
2015-12-09,Cancabato Bay,28.531723983585835,33.44370857812464,-0.12268440797924995,-0.01342814415693283,7.171850070357323,0.3639456,0.0,-3.0161545331441215,0.0696684667600939,,3.016959042324993,
2015-12-10,Cancabato Bay,28.66502883285284,33.45591598190367,-0.0952177494764328,-0.011597033590078354,7.171850070357323,0.47771615,0.0,-2.038489321688632,0.26870321172796624,,2.0561225962066327,
2015-12-11,Cancabato Bay,28.748527474701405,33.48033078946173,-0.07568590342998505,-0.019531846046447754,7.171850070357323,0.99573845,0.0,-1.899258495726468,-0.6154004334301948,,1.9964720201032715,
2015-12-12,Cancabato Bay,28.70970793068409,33.49101226776838,-0.0555436871945858,-0.025025177747011185,7.171850070357323,2.4755723,9.097674356101042,-0.4490557657595621,-1.8620303935337135,,1.9154133410846919,
2015-12-13,Cancabato Bay,28.662831500172615,33.46049375832081,-0.03906369209289551,-0.0158696249127388,7.171850070357323,2.4507024,13.904275952055814,1.3318934891124226,-2.2932842966314557,,2.6519979508884415,
2015-12-14,Cancabato Bay,28.687002159655094,33.39793081395328,-0.01831110566854477,0.014038514345884323,7.171850070357323,2.6023402,41.95195828154446,0.14586536568729563,2.9620531209210768,,2.965642492962592,
2015-12-15,Cancabato Bay,28.649647504091263,33.368938229978085,-0.027466658502817154,0.006103701889514923,7.171850070357323,0.8476676,0.0,-2.589616207141308,2.452605981258411,,3.5667055106349146,
2015-12-16,Cancabato Bay,28.690664380788803,33.367412304505706,-0.03234962001442909,-0.001831110566854477,7.171850070357323,0.9044586,0.0,-2.1728254698473353,1.0454790402185725,,2.4112645947621845,
2015-12-17,Cancabato Bay,28.63206884264946,33.367412304505706,-0.051881466060876846,-0.01831110566854477,7.171850070357323,0.84681344,7.842743989377739,-2.4959942744328427,-0.6548246571802327,,2.5804617318713996,
2015-12-18,Cancabato Bay,28.356669813394547,33.36130860261619,-0.09155552834272385,-0.023194067180156708,7.171850070357323,0.8468131,55.24210153524869,-3.6235026744861036,-1.7957100021175496,,4.044050697470663,
2015-12-19,Cancabato Bay,28.110568553209305,33.38572341017425,-0.12390514835715294,-0.021973326802253723,7.171850070357323,1.4041545,16.607374585855503,-4.22721407434962,-0.9862431349173847,,4.340738917690303,
2015-12-20,Cancabato Bay,27.958952598273754,33.45896783284843,-0.10925626382231712,-0.016479995101690292,7.171850070357323,3.2347887,0.0,-3.390730484882936,-0.36543148250716423,,3.4103655800400423,
2015-12-21,Cancabato Bay,27.979461036622524,33.53373818099499,-0.09704886004328728,-0.019531846046447754,7.171850070357323,3.7439609,0.0,-3.3119243803352543,-0.655375936340311,,3.3761458379331004,
2015-12-22,Cancabato Bay,27.98165836930275,33.63597518764436,-0.10071108117699623,-0.021973326802253723,7.171850070357323,3.6442525,0.0,-2.923193007397801,-1.233144661245128,,3.172649226444166,
2015-12-23,Cancabato Bay,27.90841394662857,33.73668626882136,-0.08606219664216042,-0.020142216235399246,7.171850070357323,3.2627409,73.03372721321668,-2.751305356370464,-1.2629675525362152,,3.0273368168659602,
2015-12-24,Cancabato Bay,27.911343723535538,33.80687884055078,-0.06897183135151863,-0.020142216235399246,7.171850070357323,6.6531496,4.76219981623153,-2.0308233259676456,-1.631290908112045,,2.604871092431123,
2015-12-25,Cancabato Bay,27.962614819407463,33.874019561335444,-0.07202368229627609,-0.020142216235399246,7.171850070357323,7.3494215,0.0,-2.227134121899023,-1.5985172762554662,,2.741420047970417,
2015-12-26,Cancabato Bay,27.956022821366787,33.956419536843896,-0.10071108117699623,-0.020142216235399246,7.171850070357323,4.3397436,0.0,-2.822907668774825,-1.297649389272696,,3.1068797279437,
2015-12-27,Cancabato Bay,27.918668165802956,34.040345437824726,-0.16174810007214546,-0.0238044373691082,7.171850070357323,1.605631,0.0,-2.455866900677768,-1.5169975214561875,,2.88661804088259,
2015-12-28,Cancabato Bay,27.811731308698654,34.125797264277935,-0.20020142197608948,-0.02624591812491417,7.171850070357323,1.4485316,0.0,-2.258627204868584,-1.3833525073420896,,2.6485960451042962,
2015-12-29,Cancabato Bay,27.714316226541996,34.21277501620352,-0.15564439818263054,-0.028077028691768646,7.171850070357323,1.2031796,0.0,-2.132607215848083,-2.1497474920669806,,3.028106308691223,
2015-12-30,Cancabato Bay,27.651326023042202,34.232612047344446,-0.12207403779029846,-0.0238044373691082,7.171850070357323,1.680327,0.0,-1.5914509439060829,-1.312129662752317,,2.062619780457385,
2015-12-31,Cancabato Bay,27.660847797989845,34.186834283173084,-0.10803552344441414,-0.017700735479593277,7.171850070357323,1.4750565,0.0,-2.9998697239908183,0.10132863183416986,,3.0015805590631968,
2016-01-01,Cancabato Bay,27.721640668809414,34.1425824444741,-0.11963255703449249,-0.020142216235399246,7.171850070357323,4.8224635,0.0,-3.5188127675985026,-0.6500225724180402,,3.5783477525342895,
2016-01-02,Cancabato Bay,27.77291176468134,34.08764912746847,-0.11963255703449249,-0.01892147585749626,7.171850070357323,1.9473029,0.0,-3.5504220175285983,-0.19692884647535056,,3.5558792826987187,
2016-01-03,Cancabato Bay,27.824182860553265,34.018982481211424,-0.10742515325546265,-0.01831110566854477,7.171850070357323,0.8253263,0.0,-2.9197302503766465,-0.5433739004082261,,2.969861937971077,
2016-01-04,Cancabato Bay,27.873989067971706,33.97930841892958,-0.08117923513054848,-0.015259254723787308,7.171850070357323,3.8194554,0.0,-2.151814589629302,-0.6620474785297842,,2.2513580106169626,
2016-01-05,Cancabato Bay,27.86666462570429,33.96557508967817,-0.06286812946200371,-0.012207403779029846,7.171850070357323,1.3963279,0.0,-2.260647461138413,-0.43360254119631597,,2.301855361938159,
2016-01-06,Cancabato Bay,27.918668165802956,33.95947138778865,-0.04699850454926491,-0.01342814415693283,7.171850070357323,0.5998286,0.0,-2.4256369501978785,-0.12231296720833006,,2.4287188137189886,
2016-01-07,Cancabato Bay,28.007293917238712,33.96557508967817,-0.032959990203380585,-0.017700735479593277,7.171850070357323,1.9268388,0.0,-1.8055975723002238,-0.6244922317073978,,1.9105426298722956,
2016-01-08,Cancabato Bay,28.041718795895576,33.97167879156768,-0.028077028691768646,-0.016479995101690292,7.171850070357323,2.2502887,0.0,-1.7826251212596125,-0.8557228384460747,,1.97737550788515,
2016-01-09,Cancabato Bay,28.045381017029285,33.96557508967817,-0.04455702379345894,-0.01892147585749626,7.171850070357323,2.1898918,0.0,-2.3568196365810703,-1.4843903741981948,,2.7853210914338735,
2016-01-10,Cancabato Bay,27.967009484767914,33.95336768589914,-0.05005035549402237,-0.009765923023223877,7.171850070357323,2.1645331,0.0,-2.4227551574601294,-0.8688747756721847,,2.5738465239401993,
2016-01-11,Cancabato Bay,28.135471656918526,33.95031583495438,-0.0476088747382164,-0.0012207403779029846,7.171850070357323,0.57587,0.0,-2.175705730653465,0.7904906239017214,,2.3148587112121684,
2016-01-12,Cancabato Bay,28.273903615772724,33.944212133064866,-0.07263405248522758,-0.012817773967981339,7.171850070357323,0.5840903,0.0,-1.83640316844014,-0.2718816895660062,,1.8564202784332677,
2016-01-13,Cancabato Bay,28.290017388761044,33.948789909482,-0.10132145136594772,-0.006103701889514923,7.171850070357323,0.45636228,0.0,-2.463603764545232,0.5213072857864461,,2.518155037898872,
2016-01-14,Cancabato Bay,28.35813470184803,33.970152866095304,-0.11780144646763802,-0.01342814415693283,7.171850070357323,1.2134306,0.0,-2.4213223272285282,-0.18123476891904267,,2.428095519908662,
2016-01-15,Cancabato Bay,28.34934537112713,34.00067137554288,-0.10986663401126862,-0.008545182645320892,7.171850070357323,2.0784602,0.0,-2.828343144022695,0.3787069036768391,,2.8535843879641414,
2016-01-16,Cancabato Bay,28.344950705766678,34.03576766140759,-0.1031525619328022,-0.01342814415693283,7.171850070357323,1.2431388,0.0,-2.4703813104768306,-0.06065076227467892,,2.471125722037979,
2016-01-17,Cancabato Bay,28.38670002669096,34.06933802179992,-0.08911404758691788,-0.0030518509447574615,7.171850070357323,2.294258,0.0,-2.186446168070772,0.9656329490924218,,2.3901869881338342,
2016-01-18,Cancabato Bay,28.541245758533478,34.09375282935798,-0.08850367739796638,-0.01892147585749626,7.171850070357323,2.158606,0.0,-2.044198937437005,-0.24320779468534615,,2.058615876557424,
2016-01-19,Cancabato Bay,28.426252014935017,34.12274541333318,-0.10559404268860817,-0.020142216235399246,7.171850070357323,1.132936,0.0,-2.8070979374995497,-1.6744158553812791,,3.2685573709920477,
2016-01-20,Cancabato Bay,28.254860065877438,34.16699725203216,-0.1355021819472313,-0.023194067180156708,7.171850070357323,0.407694,0.0,-4.011971993379159,-1.4173898298158252,,4.254986863120036,
2016-01-21,Cancabato Bay,28.12521743774414,34.220404643565416,-0.13916440308094025,-0.017090365290641785,7.171850070357323,0.44889963,0.0,-3.7246243090683544,0.04447430604928964,,3.724889824894353,
2016-01-22,Cancabato Bay,28.179418310523033,34.26007870584726,-0.12146366760134697,-0.01892147585749626,7.171850070357323,0.880164,0.0,-2.5843910764783216,-0.909208205314067,,2.739659978316872,
2016-01-23,Cancabato Bay,28.221167631447315,34.29212314076722,-0.11047700420022011,-0.022583696991205215,7.171850070357323,0.77399313,0.0,-1.7290862185708864,-1.4767106979376288,,2.273854356957632,
2016-01-24,Cancabato Bay,28.08053833991289,34.31348609738052,-0.12573625892400742,-0.027466658502817154,7.171850070357323,2.7810533,0.0,-2.62725281737423,-1.4640953685923963,,3.0076623172714276,
2016-01-25,Cancabato Bay,27.651326023042202,34.33790090493858,-0.1739555038511753,-0.03357036039233208,7.171850070357323,2.7809665,0.0,-4.270493553923416,-2.805972980555224,,5.109853183967951,
2016-01-26,Cancabato Bay,27.21332437545061,34.365367563441396,-0.20447401329874992,-0.035401470959186554,7.171850070357323,2.780872,46.849489181567314,-4.641221292962323,-2.166692508784308,,5.1220593044076415,
2016-01-27,Cancabato Bay,27.12689595669508,34.365367563441396,-0.17883846536278725,-0.028077028691768646,7.171850070357323,1.1694026,100.43728801008231,-4.887504091657153,-1.2623527841442426,,5.047893699118687,
2016-01-28,Cancabato Bay,27.23310036957264,34.35926386155188,-0.16235847026109695,-0.019531846046447754,7.171850070357323,1.1438563,0.0,-5.014414493193333,0.00841639283678774,,5.014421556392694,
2016-01-29,Cancabato Bay,27.48725851625204,34.35926386155188,-0.13122959062457085,-0.014648884534835815,7.171850070357323,4.024052,0.0,-2.528531447049514,-0.020409703364849208,,2.5286138168391292,
2016-01-30,Cancabato Bay,27.651326023042202,34.35163423418999,-0.11780144646763802,-0.014038514345884323,7.171850070357323,3.4862177,0.0,-2.362456029076642,-0.3596324502086221,,2.3896723600869705,
2016-01-31,Cancabato Bay,27.75240332633257,34.34553053230047,-0.13245033100247383,-0.02136295661330223,7.171850070357323,2.674356,0.0,-3.5498503538003066,-0.7375500084869745,,3.625660981034396,
2016-02-01,Cancabato Bay,27.723105557262897,34.330271277576685,-0.13672292232513428,-0.02136295661330223,7.171850070357323,2.674356,0.0,-3.1774357685345533,-0.9648003423150622,,3.320683327824866,
2016-02-02,Cancabato Bay,27.698202453553677,34.31196017190814,-0.119022186845541,-0.014038514345884323,7.171850070357323,1.7038372,81.48779469937944,-2.6596822630700965,-0.8778109658973328,,2.800796642446445,
2016-02-03,Cancabato Bay,27.836634412407875,34.30890832096338,-0.11535996571183205,-0.017700735479593277,7.171850070357323,0.67850184,0.0,-2.705297963121907,-0.34518909465360653,,2.7272316697228556,
2016-02-04,Cancabato Bay,27.889370396733284,34.30433054454625,-0.11047700420022011,-0.014038514345884323,7.171850070357323,0.80768627,0.0,-2.5749202859569675,-0.12920320970297797,,2.578159798854653,
2016-02-05,Cancabato Bay,28.057100124657154,34.30127869360149,-0.0952177494764328,0.0,7.171850070357323,0.77406,0.0,-2.552580192117169,0.8575514407101723,,2.692779253977759,
2016-02-06,Cancabato Bay,28.191869862377644,34.2860194388777,-0.08423108607530594,-0.0238044373691082,7.171850070357323,4.062798,0.0,-1.630876574595604,-0.16831784893828083,,1.6395393559887181,
2016-02-07,Cancabato Bay,28.01828058063984,34.282967587932944,-0.10681478306651115,-0.020142216235399246,7.171850070357323,1.8491981,0.0,-2.572737024297998,-0.6762669508604234,,2.6601339787724547,
2016-02-08,Cancabato Bay,27.734092220664024,34.30127869360149,-0.15320291742682457,-0.027466658502817154,7.171850070357323,1.8557693,0.0,-3.9940649901892593,-0.9195954616803941,,4.0985620599179295,
2016-02-09,Cancabato Bay,27.460158079862595,34.33790090493858,-0.17212439328432083,-0.029908139258623123,7.171850070357323,1.267388,0.0,-3.928317095975068,-1.3866259074425915,,4.165862049290757,
2016-02-10,Cancabato Bay,27.305612348020077,34.366893488913774,-0.16296884045004845,-0.027466658502817154,7.171850070357323,1.262122,0.0,-3.865923079174312,-1.6994811107556633,,4.222984406780103,
2016-02-11,Cancabato Bay,27.26239813864231,34.39283422194421,-0.1513718068599701,-0.02624591812491417,7.171850070357323,0.5061489,0.0,-3.617937088673593,-1.6623127279008447,,3.981551504494335,
2016-02-12,Cancabato Bay,27.2902310192585,34.412671253085136,-0.12817773967981339,-0.01892147585749626,7.171850070357323,0.4965242,0.0,-2.4272252488395147,-1.1138665760105935,,2.670603144938912,
2016-02-13,Cancabato Bay,27.35615099966526,34.39893792383373,-0.11413922533392906,-0.009155552834272385,7.171850070357323,0.44866195,0.0,-3.191076598120056,-0.4906643307712949,,3.2285788422401445,
2016-02-14,Cancabato Bay,27.31073945760727,34.38215274363756,-0.10132145136594772,-0.004272591322660446,7.171850070357323,0.3294384,0.0,-2.8966667922547122,1.0122935985632158,,3.0684551218884186,
2016-02-15,Cancabato Bay,27.405957207083702,34.37452311627567,-0.10620441287755966,-0.019531846046447754,7.171850070357323,0.3218683,0.0,-2.3311313096908046,-0.4772340318131706,,2.379480091142059,
2016-02-16,Cancabato Bay,27.36860255151987,34.37604904174805,-0.11474959552288055,-0.024414807558059692,7.171850070357323,0.32380658,0.0,-1.8560599227732555,-1.3341224002463632,,2.285791113764375,
2016-02-17,Cancabato Bay,27.26972258090973,34.37299719080329,-0.13061922043561935,-0.02685628831386566,7.171850070357323,0.74549615,0.0,-3.0553997707961758,-1.5841174047465245,,3.441641426906962,
2016-02-18,Cancabato Bay,27.157658614218235,34.36841941438615,-0.13977477326989174,-0.023194067180156708,7.171850070357323,0.7546039,0.0,-3.6504167974008985,-1.2734628694661636,,3.86616741420436,
2016-02-19,Cancabato Bay,27.134220398962498,34.36384163796902,-0.1355021819472313,-0.02075258642435074,7.171850070357323,0.8295034,0.0,-2.9980021353598474,-0.6774889829666022,,3.0735985628678524,
2016-02-20,Cancabato Bay,27.210394598543644,34.35926386155188,-0.12512588873505592,-0.019531846046447754,7.171850070357323,1.5051453,0.0,-2.7236864257833653,-0.5144966556007577,,2.771853992298463,
2016-02-21,Cancabato Bay,27.20453504472971,34.35926386155188,-0.13306070119142532,-0.024414807558059692,7.171850070357323,1.8402619,0.0,-2.857417684472662,-1.254737348610492,,3.120769398327149,
2016-02-22,Cancabato Bay,27.22943814843893,34.354686085134745,-0.13000885024666786,-0.02075258642435074,7.171850070357323,0.59163195,0.0,-2.732671092194866,-1.1276273686937055,,2.9561858501698723,
2016-02-23,Cancabato Bay,27.329783007502556,34.35010830871761,-0.11780144646763802,-0.021973326802253723,7.171850070357323,1.2362068,0.0,-2.4321402084692485,-1.102940351424963,,2.670539910290475,
2016-02-24,Cancabato Bay,27.321726121008396,34.34400460682809,-0.11597033590078354,-0.025635547935962677,7.171850070357323,1.2420176,0.0,-2.9504870513648136,-1.8722179432778863,,3.494363156199297,
2016-02-25,Cancabato Bay,27.25727102905512,34.33332312852144,-0.13245033100247383,-0.028077028691768646,7.171850070357323,0.7367667,0.0,-3.0533122593383375,-2.036439331829699,,3.670122737082341,
2016-02-26,Cancabato Bay,27.121768847107887,34.305856470018625,-0.13245033100247383,-0.02685628831386566,7.171850070357323,0.7531748,0.0,-3.544184165205794,-1.5001654870572336,,3.8486020689924745,
2016-02-27,Cancabato Bay,27.128360845148563,34.27381203509867,-0.11658070608973503,-0.021973326802253723,7.171850070357323,0.64752764,0.0,-2.9229845442213462,-0.5179204247955583,,2.9685148158931733,
2016-02-28,Cancabato Bay,27.28217413276434,34.26160463131964,-0.11291848495602608,-0.016479995101690292,7.171850070357323,0.5999742,0.0,-2.4292072142814485,-0.2242776213851033,,2.439538509917643,
2016-02-29,Cancabato Bay,27.469679854810238,34.25550092943013,-0.12573625892400742,-0.025025177747011185,7.171850070357323,0.3890773,0.0,-2.121434736703444,-0.911815271858917,,2.3090890914140063,
2016-03-01,Cancabato Bay,27.550248719751835,34.25550092943013,-0.158696249127388,-0.02075258642435074,7.171850070357323,0.3697661,0.0,-2.4686911828139553,-1.149581235698146,,2.7232284468205457,
2016-03-02,Cancabato Bay,27.643269136548042,34.257026854902506,-0.17883846536278725,-0.01892147585749626,7.171850070357323,0.24512722,5.89772780939413,-2.331135029218907,-1.0948562068569108,,2.57544183357818,
2016-03-03,Cancabato Bay,27.791222870349884,34.25550092943013,-0.16907254233956337,-0.009155552834272385,7.171850070357323,1.1163539,5.070751165810485,-2.691752675004247,0.6601966992622988,,2.7715324542767585,
2016-03-04,Cancabato Bay,27.99850458651781,34.26160463131964,-0.15259254723787308,-0.0006103701889514923,7.171850070357323,0.73517257,0.0,-2.4350534651620364,0.9375160807521219,,2.6092952649837198,
2016-03-05,Cancabato Bay,28.258522287011147,34.269234258681536,-0.14709921553730965,-0.0012207403779029846,7.171850070357323,2.09893,5.798559515620954,-2.68349129298896,0.9669942103513919,,2.852403078528817,
2016-03-06,Cancabato Bay,28.43211156874895,34.27838981151581,-0.13306070119142532,0.0024414807558059692,7.171850070357323,2.09096,0.0,-2.8228128246083553,1.008634874440143,,2.997601800224687,
2016-03-07,Cancabato Bay,28.581530191004276,34.281441662460566,-0.13306070119142532,-0.008545182645320892,7.171850070357323,0.48122838,0.0,-2.266275990557302,-0.1456517550322387,,2.2709516285294256,
2016-03-08,Cancabato Bay,28.6152226254344,34.282967587932944,-0.12939848005771637,-0.0079348124563694,7.171850070357323,0.32944763,0.0,-3.4149029736817362,0.38627833233994346,,3.4366805597401244,
2016-03-09,Cancabato Bay,28.67748038470745,34.29059721529484,-0.13000885024666786,-0.009765923023223877,7.171850070357323,1.2217458,0.0,-3.1219567924317992,0.5262410103187025,,3.1659980756078006,
2016-03-10,Cancabato Bay,28.758049249649048,34.295174991711974,-0.11841181665658951,-0.014038514345884323,7.171850070357323,0.33072978,0.0,-2.2083048535208416,0.07334668194622554,,2.2095225868581263,
2016-03-11,Cancabato Bay,28.788811907172203,34.295174991711974,-0.10803552344441414,-0.01892147585749626,7.171850070357323,0.3323315,0.0,-2.330642487827089,-0.48217387958331875,,2.379997070632078,
2016-03-12,Cancabato Bay,28.77929013222456,34.29670091718435,-0.12024292722344398,-0.015259254723787308,7.171850070357323,1.6366049,0.0,-3.294422661192452,-0.5370304416800569,,3.3379068839423054,
2016-03-13,Cancabato Bay,28.753654584288597,34.305856470018625,-0.11658070608973503,-0.009765923023223877,7.171850070357323,1.6366436,0.0,-2.664183926653934,0.08269471253663625,,2.6654670154632734,
2016-03-14,Cancabato Bay,28.97997985035181,34.31043424643576,-0.09765923023223877,-0.025635547935962677,7.171850070357323,1.603647,0.0,-1.623512533746985,-0.5323128397620613,,1.7085519911928653,
2016-03-15,Cancabato Bay,28.905270539224148,34.3150120228529,-0.09887997061014175,-0.01892147585749626,7.171850070357323,0.80433494,0.0,-2.364996781220307,-0.8322872913415229,,2.5071720943148326,
2016-03-16,Cancabato Bay,28.90673542767763,34.32264165021479,-0.10132145136594772,-0.01342814415693283,7.171850070357323,0.60286945,0.0,-2.694451527056889,0.17999324112352638,,2.7004567388701775,
2016-03-17,Cancabato Bay,28.907467871904373,34.33484905399382,-0.10254219174385071,-0.017700735479593277,7.171850070357323,0.44439664,0.0,-2.432325981758736,-0.1768256116337467,,2.4387449597012494,
2016-03-18,Cancabato Bay,28.912594981491566,34.34858238324523,-0.09765923023223877,-0.0158696249127388,7.171850070357323,0.23445834,0.0,-2.32194822482794,-0.5205683760511928,,2.379587147579638,
2016-03-19,Cancabato Bay,28.966795854270458,34.36078978702426,-0.09033478796482086,-0.014648884534835815,7.171850070357323,0.90592533,0.0,-1.795761084633684,-0.06525714189798626,,1.7969464008849678,
2016-03-20,Cancabato Bay,28.99975584447384,34.37299719080329,-0.09033478796482086,-0.01892147585749626,7.171850070357323,0.9866902,0.0,-2.2552741502994036,-0.900708725392392,,2.4284846511779077,
2016-03-21,Cancabato Bay,28.960936300456524,34.38825644552708,-0.08423108607530594,-0.01892147585749626,7.171850070357323,0.44804323,0.0,-2.307377046623415,-0.7325587373981576,,2.4208740444358057,
2016-03-22,Cancabato Bay,28.886959433555603,34.401989774778485,-0.08301034569740295,-0.012817773967981339,7.171850070357323,0.42039827,0.0,-2.7401812031958066,-0.036082171986245706,,2.740418754402849,
2016-03-23,Cancabato Bay,28.920651867985725,34.414197178557515,-0.07995849475264549,-0.008545182645320892,7.171850070357323,0.21547262,0.0,-2.5608988061571374,0.5111102989568642,,2.6114050687468664,
2016-03-24,Cancabato Bay,29.072267822921276,34.42030088044703,-0.07873775437474251,-0.012817773967981339,7.171850070357323,0.37422803,0.0,-2.3550508970144746,0.11935044307030222,,2.358073208318554,
2016-03-25,Cancabato Bay,29.228278443217278,34.42030088044703,-0.07019257172942162,-0.025635547935962677,7.171850070357323,0.72530514,0.0,-2.1669039084085777,0.06755684112725949,,2.1679567511967264,
2016-03-26,Cancabato Bay,29.267830431461334,34.412671253085136,-0.08911404758691788,-0.020142216235399246,7.171850070357323,2.360233,0.0,-1.8301316061039725,0.37520427487964414,,1.8681969766458422,
2016-03-27,Cancabato Bay,29.254646435379982,34.40504162572324,-0.17700735479593277,-0.016479995101690292,7.171850070357323,2.2263303,0.0,-2.4076042140045137,0.43139356968171,,2.445947354963925,
2016-03-28,Cancabato Bay,29.153569132089615,34.40961940214038,-0.30518509447574615,-0.022583696991205215,7.171850070357323,2.024512,0.0,-3.0555905729607975,-0.46520289011105137,,3.0908004591908824,
2016-03-29,Cancabato Bay,28.95068208128214,34.39588607288897,-0.21851252764463425,-0.020142216235399246,7.171850070357323,2.0420072,0.0,-3.5284849062448393,-0.38308979721976966,,3.5492201293145422,
2016-03-30,Cancabato Bay,28.88183232396841,34.33332312852144,-0.19714957103133202,-0.016479995101690292,7.171850070357323,0.39247447,0.0,-3.2264118974438496,-0.25755215071177856,,3.2366752760052226,
2016-03-31,Cancabato Bay,28.933835864067078,34.26007870584726,-0.1751762442290783,-0.010986663401126862,7.171850070357323,0.60332793,0.0,-2.987963799599772,0.25225210101699747,,2.9985928016631727,
2016-04-01,Cancabato Bay,29.015869617462158,34.199041686952114,-0.16479995101690292,-0.010986663401126862,7.171850070357323,0.5403114,0.0,-3.052763756716546,0.12389124533022544,,3.0552766805956533,
2016-04-02,Cancabato Bay,29.04516738653183,34.148686146363616,-0.14465773478150368,-0.014038514345884323,7.171850070357323,0.3429097,0.0,-3.047829309218088,-0.4189604148492441,,3.076490098690301,
2016-04-03,Cancabato Bay,29.056154049932957,34.0998565312475,-0.11658070608973503,-0.012207403779029846,7.171850070357323,0.21315898,0.0,-3.1483385941260242,-0.35774414243035024,,3.1685985505751053,
2016-04-04,Cancabato Bay,29.145512245595455,34.06323431991041,-0.09460737928748131,-0.0012207403779029846,7.171850070357323,0.29995298,0.0,-2.8148334681175418,0.6973423080759363,,2.899926507321746,
2016-04-05,Cancabato Bay,29.18359934538603,34.041871363297105,-0.09094515815377235,-0.01037629321217537,7.171850070357323,0.5356902,0.0,-3.585716505308409,0.28234446519625656,,3.5968154322216908,
2016-04-06,Cancabato Bay,29.20923489332199,34.03576766140759,-0.09094515815377235,-0.005493331700563431,7.171850070357323,1.6581146,0.0,-3.674856683788797,0.21748462996105045,,3.681286624355198,
2016-04-07,Cancabato Bay,29.256111323833466,34.041871363297105,-0.08606219664216042,-0.006714072078466415,7.171850070357323,1.6623397,7.316374771130353,-3.6178727845006695,0.6197219887680808,,3.6705665541157666,
2016-04-08,Cancabato Bay,29.32789085805416,34.05102691613138,-0.08117923513054848,-0.008545182645320892,7.171850070357323,0.85445315,0.0,-3.4224068947217297,-0.06692527094457904,,3.4230611950314063,
2016-04-09,Cancabato Bay,29.448744155466557,34.06323431991041,-0.07080294191837311,-0.009155552834272385,7.171850070357323,0.33048728,3.028639565641507,-2.9813805604592356,0.28462723133662593,,2.9949361774673227,
2016-04-10,Cancabato Bay,29.592303223907948,34.06018246896565,-0.05371257662773132,0.0,7.171850070357323,0.3020389,2.4043426925001055,-2.109339949549911,0.6494425824895197,,2.207054754807383,
2016-04-11,Cancabato Bay,29.760032951831818,34.06170839443803,-0.038453321903944016,0.011597033590078354,7.171850070357323,0.34931055,0.0,-2.767294164892432,1.125676184830695,,2.987484538561278,
2016-04-12,Cancabato Bay,29.91604357212782,34.06781209632754,-0.05310220643877983,0.003662221133708954,7.171850070357323,0.46310285,0.0,-2.6862791858443105,1.273922596442614,,2.9730413125329194,
2016-04-13,Cancabato Bay,30.050080865621567,34.07391579821706,-0.04211554303765297,0.011597033590078354,7.171850070357323,1.3925108,2.6260962425329435,-2.5659087836040197,1.2622096607387132,,2.859556104264856,
2016-04-14,Cancabato Bay,30.17825860530138,34.08154542557895,-0.05371257662773132,0.006103701889514923,7.171850070357323,1.3165728,8.780940828231959,-2.5518088756022874,1.146414641558532,,2.7974980014259865,
2016-04-15,Cancabato Bay,30.25663013756275,34.0998565312475,-0.07202368229627609,-0.004272591322660446,7.171850070357323,1.2861968,0.0,-2.8605398194402705,0.4838267912570587,,2.901168113457315,
2016-04-16,Cancabato Bay,30.24710836261511,34.12884911522269,-0.07446516305208206,-0.007324442267417908,7.171850070357323,1.1565933,0.0,-3.2033750375056824,0.3550308022220406,,3.2229890631897833,
2016-04-17,Cancabato Bay,30.22659992426634,34.16547132655978,-0.07629627361893654,-0.0079348124563694,7.171850070357323,1.0069522,0.0,-3.065600380855665,0.03139602826797652,,3.065761146223463,
2016-04-18,Cancabato Bay,30.22293770313263,34.20056761242449,-0.07995849475264549,-0.017700735479593277,7.171850070357323,0.4693298,0.0,-2.9188137658062594,-0.4940647994103347,,2.960333397689607,
2016-04-19,Cancabato Bay,30.12845239788294,34.234137972816825,-0.09216589853167534,-0.011597033590078354,7.171850070357323,0.1961744,6.533176414501935,-3.426923146008839,-6.454584091303347e-05,,3.4269231466166974,
2016-04-20,Cancabato Bay,30.031769759953022,34.269234258681536,-0.0952177494764328,-0.009155552834272385,7.171850070357323,0.5350964,0.0,-3.492662951477573,-0.09716409325021384,,3.494014217721669,
2016-04-21,Cancabato Bay,30.05081330984831,34.305856470018625,-0.09155552834272385,-0.009765923023223877,7.171850070357323,0.39840794,1.7437552796385158,-2.943779753933716,0.25590535354658317,,2.9548818571380906,
2016-04-22,Cancabato Bay,30.08450574427843,34.33942683041096,-0.08117923513054848,-0.0048829615116119385,7.171850070357323,1.0013487,0.0,-2.486627547012297,0.24180583343629228,,2.4983567836968787,
2016-04-23,Cancabato Bay,30.18192082643509,34.365367563441396,-0.07995849475264549,-0.0012207403779029846,7.171850070357323,0.83220196,0.0,-2.4574711632855246,0.2845172039987199,,2.4738865288753966,
2016-04-24,Cancabato Bay,30.23905147612095,34.39588607288897,-0.07873775437474251,-0.0030518509447574615,7.171850070357323,0.56136334,0.0,-2.6971017542764373,0.5521045895144913,,2.7530305756899978,
2016-04-25,Cancabato Bay,30.233191922307014,34.43403420969844,-0.07812738418579102,-0.01342814415693283,7.171850070357323,0.7407659,0.0,-2.6339207193432355,-0.2107432874969039,,2.6423381859653374,
2016-04-26,Cancabato Bay,30.240516364574432,34.45387124083936,-0.06530961021780968,-0.012817773967981339,7.171850070357323,0.9071309,0.0,-2.490194063810092,-0.5262668110201335,,2.545196108714675,
2016-04-27,Cancabato Bay,30.28812523931265,34.461500868201256,-0.036011841148138046,0.011597033590078354,7.171850070357323,0.8020602,0.0,-2.06046910108609,1.3928752572521597,,2.4870935645439216,
2016-04-28,Cancabato Bay,30.498336732387543,34.48133789934218,-0.021973326802253723,0.01892147585749626,7.171850070357323,1.106124,0.0,-1.765856235510319,1.3795446397030595,,2.2408461922729366,
2016-04-29,Cancabato Bay,30.695364229381084,34.50422678142786,-0.04150517284870148,0.009765923023223877,7.171850070357323,1.8032382,0.0,-1.9514121833038156,1.0638255123784786,,2.222551288482202,
2016-04-30,Cancabato Bay,30.694631785154343,34.521011961624026,-0.059816278517246246,0.0030518509447574615,7.171850070357323,1.7235105,0.2629815960844485,-2.7107200001315457,1.1258999668552243,,2.935243372273884,
2016-05-01,Cancabato Bay,30.704886004328728,34.536271216347814,-0.06408886983990669,-0.003662221133708954,7.171850070357323,1.0371192,0.0,-2.8859297267061703,0.8958819352002584,,3.021786694871845,
2016-05-02,Cancabato Bay,30.641895800828934,34.54847862012684,-0.07202368229627609,-0.006714072078466415,7.171850070357323,0.2891101,1.2338943892774492,-2.6226953694605064,0.4975521760549742,,2.6694735752366276,
2016-05-03,Cancabato Bay,30.647755354642868,34.559160098433495,-0.08484145626425743,-0.0079348124563694,7.171850070357323,0.92902905,0.0,-2.8497966225303113,0.4514361372939102,,2.885331068671326,
2016-05-04,Cancabato Bay,30.662404239177704,34.57747120410204,-0.11291848495602608,-0.012207403779029846,7.171850070357323,0.5244302,0.0,-2.7852900891250045,0.00861670982482445,,2.7853034176308658,
2016-05-05,Cancabato Bay,30.529099389910698,34.59883416071534,-0.13000885024666786,-0.01037629321217537,7.171850070357323,0.41119635,0.0,-3.457252603338343,0.5527834320597079,,3.5011662465597744,
2016-05-06,Cancabato Bay,30.479293182492256,34.61561934091151,-0.15564439818263054,-0.010986663401126862,7.171850070357323,0.2668271,0.0,-3.21416234276151,0.5966038323902706,,3.2690634283306457,
2016-05-07,Cancabato Bay,30.490279845893383,34.641560073941946,-0.17822809517383575,-0.009765923023223877,7.171850070357323,1.0666163,0.0,-3.1482202887232185,0.6789243443234192,,3.2205945494028723,
2016-05-08,Cancabato Bay,30.462446965277195,34.67055265791714,-0.18433179706335068,-0.009155552834272385,7.171850070357323,0.7224036,0.0,-2.9886168957747934,0.3475525937914216,,3.008757842559236,
2016-05-09,Cancabato Bay,30.455122523009777,34.68428598716855,-0.17334513366222382,-0.006714072078466415,7.171850070357323,0.7208537,0.0,-3.1488576286740666,0.49389947063792355,,3.187356436414868,
2016-05-10,Cancabato Bay,30.540086053311825,34.68886376358569,-0.15381328761577606,0.0030518509447574615,7.171850070357323,0.91440445,0.0,-2.459460725738039,0.9185884237344505,,2.6254050646837,
2016-05-11,Cancabato Bay,30.66899623721838,34.69801931641996,-0.1422162540256977,0.009765923023223877,7.171850070357323,1.0912691,0.0,-2.531141641977671,0.9147534237967598,,2.691366165742097,
2016-05-12,Cancabato Bay,30.73784599453211,34.702597092837095,-0.14404736459255219,-0.009765923023223877,7.171850070357323,0.35978925,0.0,-2.756819282896554,0.32884924996667486,,2.776363518661401,
2016-05-13,Cancabato Bay,30.68584245443344,34.70564894378185,-0.1434369944036007,-0.008545182645320892,7.171850070357323,1.1807107,0.0,-2.8197756238775673,0.568473040300309,,2.876507633670107,
2016-05-14,Cancabato Bay,30.61113314330578,34.702597092837095,-0.13916440308094025,-0.012817773967981339,7.171850070357323,1.1280112,0.0,-3.3976053300204585,0.3374715801418778,,3.414324097971205,
2016-05-15,Cancabato Bay,30.559862047433853,34.68733783811331,-0.12451551854610443,-0.006714072078466415,7.171850070357323,0.4693852,0.0,-2.5322855845641032,0.3671806555858355,,2.5587676556552776,
2016-05-16,Cancabato Bay,30.588427372276783,34.665974881500006,-0.10986663401126862,-0.0024414807558059692,7.171850070357323,0.23882833,0.0,-2.322847775152854,0.777052928432633,,2.4493740098478822,
2016-05-17,Cancabato Bay,30.71001311391592,34.64003414846957,-0.09582811966538429,0.01342814415693283,7.171850070357323,0.2512398,6.5710284108171075,-2.5371893140123585,0.9671294342207563,,2.715265909202018,
2016-05-18,Cancabato Bay,30.65727712959051,34.62477489374578,-0.08972441777586937,0.006714072078466415,7.171850070357323,0.3523984,6.1213267908309605,-2.1330820415388443,0.8407427942155279,,2.292790317922871,
2016-05-19,Cancabato Bay,30.70928066968918,34.61256748996675,-0.08789330720901489,0.005493331700563431,7.171850070357323,1.2458093,0.0,-2.385616459343115,1.143693683824299,,2.645600335180727,
2016-05-20,Cancabato Bay,30.73491621762514,34.60341193713248,-0.07202368229627609,0.012817773967981339,7.171850070357323,0.99027073,1.2881701015435851,-2.285945200595164,0.9473549938829756,,2.4744750846511017,
2016-05-21,Cancabato Bay,30.682180233299732,34.59120453335345,-0.07080294191837311,0.009155552834272385,7.171850070357323,0.5890214,0.0,-2.415408085333775,1.2365955283168721,,2.7135520483950657,
2016-05-22,Cancabato Bay,30.586230039596558,34.56373787485063,-0.03418073058128357,0.019531846046447754,7.171850070357323,0.5849173,37.65499465991133,-1.572243810113073,1.6616458658479216,,2.287578978293069,
2016-05-23,Cancabato Bay,30.450727857649326,34.54237491823733,-0.0030518509447574615,0.017700735479593277,7.171850070357323,0.57731676,8.07227337246124,-0.010750250002340447,1.0181157953553563,,1.0181725495352851,
2016-05-24,Cancabato Bay,30.483687847852707,34.53169343993068,0.032959990203380585,0.020142216235399246,7.171850070357323,0.85501957,0.0,-0.6173967078145699,0.7378681952365692,,0.9620957168400351,
2016-05-25,Cancabato Bay,30.485885180532932,34.521011961624026,0.017700735479593277,0.01831110566854477,7.171850070357323,2.5142617,15.267879268231868,-0.8630105065098809,1.194612203885733,,1.473731811429464,
2016-05-26,Cancabato Bay,30.666798904538155,34.51948603615165,-0.006714072078466415,0.02136295661330223,7.171850070357323,2.9934766,5.203541636847841,-1.935225713993777,1.138578984940622,,2.245319725351189,
2016-05-27,Cancabato Bay,30.756889544427395,34.51796011067927,-0.0158696249127388,0.01831110566854477,7.171850070357323,3.7294493,1.0271761836335302,-1.6915892064089475,1.111947572845376,,2.024327406324376,
2016-05-28,Cancabato Bay,30.969298370182514,34.51338233426213,-0.03723258152604103,0.0158696249127388,7.171850070357323,0.9106437,8.94591833608219,-1.4148110843305088,0.8045952920964364,,1.6275945405438728,
2016-05-29,Cancabato Bay,31.113589882850647,34.521011961624026,-0.0238044373691082,0.021973326802253723,7.171850070357323,0.48974228,0.0,-1.583751794344064,1.1854363524850453,,1.9782641612992666,
2016-05-30,Cancabato Bay,31.153141871094704,34.51796011067927,-0.03906369209289551,0.015259254723787308,7.171850070357323,1.3423615,8.615597240460186,-1.8334010660193976,0.9755352924425793,,2.07678322789888,
2016-05-31,Cancabato Bay,31.24103517830372,34.50727863237262,-0.025025177747011185,0.016479995101690292,7.171850070357323,0.55799025,1.357497279255535,-1.0623844090387053,0.8322265792537384,,1.349541296806029,
2016-06-01,Cancabato Bay,31.371410250663757,34.510330483317375,0.029908139258623123,0.023194067180156708,7.171850070357323,0.5322141,0.6043150661090693,0.03731292132335548,0.8136141892254948,,0.8144693382852065,
2016-06-02,Cancabato Bay,31.381664469838142,34.524063812568784,0.062257759273052216,0.017700735479593277,7.171850070357323,1.4810086,0.0,0.2359536889795069,0.7899681811355833,,0.8244536800510381,
2016-06-03,Cancabato Bay,31.54060486704111,34.533219365403056,0.0317392498254776,0.011597033590078354,7.171850070357323,1.3720143,5.909340377051991,0.034837567247235225,0.4245129041347914,,0.425939974490139,
2016-06-04,Cancabato Bay,31.5772270783782,34.52711566351354,-0.012207403779029846,0.020142216235399246,7.171850070357323,0.6560932,0.0,-0.09272977991339848,0.5462316974367604,,0.5540468205552955,
2016-06-05,Cancabato Bay,31.66292305290699,34.511856408789754,-0.04272591322660446,0.009765923023223877,7.171850070357323,0.28193206,12.535593142524696,0.13016638141164166,-0.31125145827024847,,0.3373733201146131,
2016-06-06,Cancabato Bay,31.7244483679533,34.50575270690024,-0.079348124563694,0.003662221133708954,7.171850070357323,0.25597432,10.847962036681253,0.1441959805784889,0.21910331011864906,,0.262295141624737,
2016-06-07,Cancabato Bay,31.821131005883217,34.51490825973451,-0.036011841148138046,-0.0030518509447574615,7.171850070357323,0.53377616,1.1087714033766678,0.45939397734785015,0.3454115864145037,,0.5747625513660934,
2016-06-08,Cancabato Bay,31.86727499216795,34.524063812568784,-0.01892147585749626,-0.02136295661330223,7.171850070357323,0.46174806,0.0,0.3420398685006353,0.42476983383198097,,0.5453628914563041,
2016-06-09,Cancabato Bay,31.849696330726147,34.52558973804116,-0.05493331700563431,0.011597033590078354,7.171850070357323,0.3896143,0.0,-0.2059716068313204,0.7457263776187012,,0.7736485850158233,
2016-06-10,Cancabato Bay,31.8716696575284,34.533219365403056,-0.10010071098804474,0.012817773967981339,7.171850070357323,0.67135584,11.95673344005792,-1.184231912987864,1.020679899935195,,1.5633914039262897,
2016-06-11,Cancabato Bay,31.76546524465084,34.53779714182019,-0.1422162540256977,0.010986663401126862,7.171850070357323,1.3949189,0.0,-1.5961173152945618,1.3085672161160011,,2.0639618802867217,
2016-06-12,Cancabato Bay,31.550126641988754,34.52864158898592,-0.11047700420022011,0.007324442267417908,7.171850070357323,1.3168238,7.3244493312348204,-1.0685966281974584,1.0066408413501282,,1.468068301295642,
2016-06-13,Cancabato Bay,31.547196865081787,34.51948603615165,-0.06836146116256714,0.017090365290641785,7.171850070357323,1.710329,2.353191985108982,-0.08583562802045774,0.7183956162817734,,0.7235053673128731,
2016-06-14,Cancabato Bay,31.677571937441826,34.52558973804116,-0.07995849475264549,0.02075258642435074,7.171850070357323,2.6773272,0.0,-1.0949870175868104,0.8267410882325065,,1.3720413243250098,
2016-06-15,Cancabato Bay,31.620441287755966,34.52711566351354,-0.05859553813934326,0.01892147585749626,7.171850070357323,2.50862,0.0,-1.6661184111377283,1.019959107808963,,1.9535268468937312,
2016-06-16,Cancabato Bay,31.571367524564266,34.52864158898592,-0.07812738418579102,0.003662221133708954,7.171850070357323,0.3572874,0.0,-1.793929747935944,0.6562824747694038,,1.9102069592635695,
2016-06-17,Cancabato Bay,31.411694683134556,34.51948603615165,-0.09155552834272385,-0.0030518509447574615,7.171850070357323,0.33443737,10.188504422815464,-2.879277670567954,0.7054194034619156,,2.9644318914442596,
2016-06-18,Cancabato Bay,31.248359620571136,34.511856408789754,-0.10010071098804474,-0.007324442267417908,7.171850070357323,0.25374654,5.238561130941105,-3.4937244141231263,0.3588875197846556,,3.5121091289561552,
2016-06-19,Cancabato Bay,31.07403789460659,34.50270085595548,-0.07995849475264549,0.001831110566854477,7.171850070357323,0.21871175,9.628260015298766,-2.587915068935043,0.8761669952507571,,2.732210278801361,
2016-06-20,Cancabato Bay,31.153141871094704,34.46760457009077,-0.07324442267417908,0.0024414807558059692,7.171850070357323,0.27703682,0.47904895707822076,-1.6261855447284073,0.5136906604454021,,1.7053907237089276,
2016-06-21,Cancabato Bay,31.2337107360363,34.45539716631174,-0.04150517284870148,-0.0158696249127388,7.171850070357323,0.7324388,13.234171094985818,-0.8390364696478897,0.03403519141148078,,0.8397264981251992,
2016-06-22,Cancabato Bay,31.272530280053616,34.438611986115575,-0.017700735479593277,0.0079348124563694,7.171850070357323,0.89845455,1.2434247248469832,-1.0734309127959187,0.7362432996184152,,1.3016559148941362,
2016-06-23,Cancabato Bay,31.112857438623905,34.424878656864166,-0.014038514345884323,0.01342814415693283,7.171850070357323,1.0765531,13.101509094238283,-1.2232330271156262,1.3390330963471822,,1.8136451339056328,
2016-06-24,Cancabato Bay,31.16339609026909,34.3867305200547,-0.04577776417136192,0.006714072078466415,7.171850070357323,0.8726612,12.645712832673292,-1.1392470910770014,0.7678464879117238,,1.3738530356358276,
2016-06-25,Cancabato Bay,31.017639689147472,34.35621201060712,-0.059205908328294754,-0.001831110566854477,7.171850070357323,0.77982146,11.279382253226382,-1.1266246433482765,0.29011762593794327,,1.1633792691463518,
2016-06-26,Cancabato Bay,31.006653025746346,34.305856470018625,-0.027466658502817154,-0.01831110566854477,7.171850070357323,0.7342964,1.544628204248203,-0.3762268106941264,0.6431486572176183,,0.7451085883050198,
2016-06-27,Cancabato Bay,30.872615732252598,34.295174991711974,-0.043336283415555954,0.012817773967981339,7.171850070357323,0.5203804,18.784674543923085,-1.2904474686243486,1.027970663860671,,1.6498419181961457,
2016-06-28,Cancabato Bay,30.731253996491432,34.281441662460566,-0.07568590342998505,0.001831110566854477,7.171850070357323,0.29386932,0.0,-2.0295968874135837,0.7208685415064829,,2.1538140540753723,
2016-06-29,Cancabato Bay,30.609668254852295,34.27381203509867,-0.09582811966538429,0.0012207403779029846,7.171850070357323,0.29291308,6.261558355233921,-1.3917982952235122,0.33284483668599846,,1.4310444367299024,
2016-06-30,Cancabato Bay,30.586230039596558,34.26160463131964,-0.10803552344441414,-0.0006103701889514923,7.171850070357323,0.3251936,12.523116710467843,-1.3918359791276969,0.5526829935656763,,1.4975532992755456,
2016-07-01,Cancabato Bay,30.597949147224426,34.258552780374885,-0.09643848985433578,0.0030518509447574615,7.171850070357323,0.31289813,27.70154534665922,-0.23524761838818237,0.44904522351674486,,0.5069349610359452,
2016-07-02,Cancabato Bay,30.659474462270737,34.24939722754061,-0.021973326802253723,-0.008545182645320892,7.171850070357323,0.25843936,23.361230100686562,1.6655680316511774,0.04260765619491645,,1.6661129254719806,
2016-07-03,Cancabato Bay,30.666798904538155,34.24787130206823,-0.020142216235399246,-0.029908139258623123,7.171850070357323,0.2508507,7.035956346950592,2.1217996271688144,-0.5908061437227898,,2.2025180038570205,
2016-07-04,Cancabato Bay,30.61626025289297,34.24176760017872,-0.022583696991205215,-0.02868739888072014,7.171850070357323,0.25385645,13.225448833106045,2.4069045475047526,-0.4314338052264535,,2.445265758377039,
2016-07-05,Cancabato Bay,30.585497595369816,34.2432935256511,0.003662221133708954,-0.0006103701889514923,7.171850070357323,0.25679734,0.0,2.1187490431093186,-0.022810376194394147,,2.118871827397491,
2016-07-06,Cancabato Bay,30.392864763736725,34.24176760017872,0.02075258642435074,0.012207403779029846,7.171850070357323,0.29037988,2.447485451500256,2.065682133396825,0.7902783380421626,,2.2116922317116234,
2016-07-07,Cancabato Bay,30.17459638416767,34.25244907848537,0.035401470959186554,0.023194067180156708,7.171850070357323,0.59519196,0.24806328094043675,1.3667963498953335,1.9305792266817505,,2.365431971666552,
2016-07-08,Cancabato Bay,30.01492354273796,34.26618240773678,0.017700735479593277,0.028077028691768646,7.171850070357323,0.67741656,3.3543601889198964,0.2456381289560764,2.0929564707106825,,2.107321731176034,
2016-07-09,Cancabato Bay,29.90798668563366,34.2646564822644,0.008545182645320892,0.02075258642435074,7.171850070357323,1.3003194,5.919999099768009,0.032872417447307595,1.649862147115565,,1.6501895952628027,
2016-07-10,Cancabato Bay,29.974639110267162,34.26313055679202,-0.007324442267417908,0.022583696991205215,7.171850070357323,1.296493,0.0,-1.4531541869722413,1.457406434568915,,2.0580793489653972,
2016-07-11,Cancabato Bay,30.324015006422997,34.2646564822644,-0.039674062281847,0.0238044373691082,7.171850070357323,1.0148352,0.8571185231589663,-0.6628713398504048,0.4899160967437134,,0.8242670653639307,
2016-07-12,Cancabato Bay,30.597216702997684,34.26770833320916,-0.048829615116119385,0.009155552834272385,7.171850070357323,1.0155416,9.436188457872921,-0.4311554530499081,0.37441891199117666,,0.5710381303830139,
2016-07-13,Cancabato Bay,30.715140223503113,34.270760184153914,-0.03418073058128357,0.025025177747011185,7.171850070357323,1.1847602,9.436188457872921,0.09516328497499156,0.27092305970649083,,0.2871504049935473,
2016-07-14,Cancabato Bay,30.786187313497066,34.282967587932944,-0.04943998530507088,0.024414807558059692,7.171850070357323,1.1837223,0.0,-0.7650727769689103,0.9232761003756859,,1.1990726048008324,
2016-07-15,Cancabato Bay,30.93487349152565,34.295174991711974,-0.09338663890957832,0.009765923023223877,7.171850070357323,2.0984538,1.2573558697685268,-1.510327327496517,1.2066211158503946,,1.9331381620046775,
2016-07-16,Cancabato Bay,31.071108117699623,34.30433054454625,-0.10986663401126862,0.005493331700563431,7.171850070357323,3.3740933,0.0,-0.8349444846904259,0.3768456503766105,,0.9160485449596716,
2016-07-17,Cancabato Bay,31.10626544058323,34.31043424643576,-0.1263466291129589,0.007324442267417908,7.171850070357323,3.3738313,5.418050539760164,-0.9770905311180884,0.334952448058222,,1.0329080542143256,
2016-07-18,Cancabato Bay,31.046205013990402,34.31043424643576,-0.12268440797924995,0.005493331700563431,7.171850070357323,0.5629184,10.836101079520327,-1.3399859895659916,0.44026290794860745,,1.4104587481909967,
2016-07-19,Cancabato Bay,30.970030814409256,34.30890832096338,-0.11658070608973503,-0.0024414807558059692,7.171850070357323,1.8575718,16.25415161547189,-1.6180290148147505,0.4140570068722868,,1.67016798488129,
2016-07-20,Cancabato Bay,30.92242193967104,34.31348609738052,-0.10986663401126862,0.001831110566854477,7.171850070357323,2.431328,0.0,-2.0694549421317916,0.647538529446946,,2.1683980042031057,
2016-07-21,Cancabato Bay,31.04547256976366,34.316537948325276,-0.10986663401126862,-0.014038514345884323,7.171850070357323,1.8466846,0.0,-0.8195399807627964,-0.018850300570342808,,0.8197567406860874,
2016-07-22,Cancabato Bay,31.051332123577595,34.318063873797655,-0.08789330720901489,-0.019531846046447754,7.171850070357323,1.6022546,6.9533167304322365,0.010921266784456476,-0.37360026858975925,,0.3737598624230771,
2016-07-23,Cancabato Bay,31.306222714483738,34.318063873797655,-0.07019257172942162,-0.009155552834272385,7.171850070357323,0.6874384,0.5096806123995553,0.08267410095031562,0.07864280762036861,,0.11410389195096408,
2016-07-24,Cancabato Bay,31.623371064662933,34.319589799270034,-0.022583696991205215,-0.0012207403779029846,7.171850070357323,1.4555969,0.0,-0.09613462727018636,0.46060415571626495,,0.47052954723744067,
2016-07-25,Cancabato Bay,31.59407329559326,34.32569350115955,-0.043946653604507446,0.017090365290641785,7.171850070357323,2.8117907,0.0,-0.8551650132117354,0.8541797662227417,,1.208689485701669,
2016-07-26,Cancabato Bay,31.512771986424923,34.33484905399382,-0.08850367739796638,0.007324442267417908,7.171850070357323,2.2969801,0.7690397695230601,-1.6411629392853455,0.8013538383506801,,1.8263580611487669,
2016-07-27,Cancabato Bay,31.536942645907402,34.32111572474241,-0.09155552834272385,-0.02685628831386566,7.171850070357323,0.6267922,9.315415671839121,-1.312509623981563,0.12251373327585255,,1.3182151295920597,
2016-07-28,Cancabato Bay,31.397778242826462,34.295174991711974,-0.07568590342998505,-0.016479995101690292,7.171850070357323,0.6251093,21.981390724547758,0.4379693193726464,-0.7626225196838818,,0.8794374521480944,
2016-07-29,Cancabato Bay,31.193426303565502,34.2646564822644,-0.029908139258623123,-0.0079348124563694,7.171850070357323,0.6114327,50.48755826736792,3.5279793165439988,-1.0061948065615658,,3.668659979708358,
2016-07-30,Cancabato Bay,30.863826401531696,34.246345376595855,0.01892147585749626,0.0158696249127388,7.171850070357323,1.6837697,11.358122485895128,2.086621081589496,1.6526850796263552,,2.6618331109506643,
2016-07-31,Cancabato Bay,30.569383822381496,34.24939722754061,0.03662221133708954,0.027466658502817154,7.171850070357323,1.6998552,0.0,1.3818156647059845,2.4727034673428645,,2.832609568690374,
2016-08-01,Cancabato Bay,30.46098207682371,34.25092315301299,0.007324442267417908,0.020142216235399246,7.171850070357323,1.7270465,0.9659901213722107,-0.00929341367993407,1.6305311182184676,,1.630557602483455,
2016-08-02,Cancabato Bay,30.614795364439487,34.21887871809304,0.021973326802253723,0.0079348124563694,7.171850070357323,1.5532033,1.006179890693567,0.5063306998369407,0.2673952311284274,,0.5726001984173523,
2016-08-03,Cancabato Bay,30.846980184316635,34.20514538884163,-0.04272591322660446,-0.025635547935962677,7.171850070357323,1.2669524,0.3586799001541382,0.7362179918084307,-0.3636766927681225,,0.8211441215311706,
2016-08-04,Cancabato Bay,30.77886287122965,34.199041686952114,-0.01037629321217537,-0.01831110566854477,7.171850070357323,0.48746777,9.230359548197006,1.9096610592925602,-0.7388635255580522,,2.047614385273374,
2016-08-05,Cancabato Bay,30.63237402588129,34.18988613411784,0.016479995101690292,0.0,7.171850070357323,0.5103012,8.887050623330063,2.258187126799416,-0.2630140380183057,,2.2734523271529787,
2016-08-06,Cancabato Bay,30.364299438893795,34.20056761242449,0.0476088747382164,0.01831110566854477,7.171850070357323,0.5813172,3.0176466741500954,2.460511918925997,1.2936881438610215,,2.7798827163647513,
2016-08-07,Cancabato Bay,30.127719953656197,34.232612047344446,0.07446516305208206,0.02685628831386566,7.171850070357323,0.58186793,0.0,2.586702149854464,1.6940274614196196,,3.0920473883990693,
2016-08-08,Cancabato Bay,29.92922756820917,34.26618240773678,0.08484145626425743,0.02929776906967163,7.171850070357323,0.58198446,4.4701121550398515,2.7230640154948924,2.2500623337637062,,3.53240118592231,
2016-08-09,Cancabato Bay,29.83474226295948,34.281441662460566,0.08606219664216042,0.02868739888072014,7.171850070357323,0.39824998,0.0,2.7199496487101777,2.110497400264428,,3.4427206346204637,
2016-08-10,Cancabato Bay,29.83474226295948,34.28907128982246,0.07873775437474251,0.030518509447574615,7.171850070357323,0.39513785,0.0,1.842204034672678,2.0191132515069934,,2.733227767269943,
2016-08-11,Cancabato Bay,29.89626757800579,34.30890832096338,0.07507553324103355,0.02624591812491417,7.171850070357323,0.35662848,0.0,2.336160203771135,1.619176636394273,,2.8424245772806467,
2016-08-12,Cancabato Bay,29.94973600655794,34.330271277576685,0.07873775437474251,0.01831110566854477,7.171850070357323,0.32603008,1.8440629156252828,2.4283302643745754,1.2186859833172545,,2.716980566513393,
2016-08-13,Cancabato Bay,29.927030235528946,34.340952755883336,0.08484145626425743,0.020142216235399246,7.171850070357323,0.321288,2.2833377560868433,2.6121167297257544,1.4731177389277523,,2.9988714014536844,
2016-08-14,Cancabato Bay,29.888943135738373,34.33484905399382,0.08667256683111191,0.021973326802253723,7.171850070357323,0.34734952,0.0,2.762803131230408,1.5017720836501502,,3.144582727989115,
2016-08-15,Cancabato Bay,29.82595293223858,34.331797203049064,0.079348124563694,0.02136295661330223,7.171850070357323,0.341037,4.409762121998845,2.3828010656013587,1.3832721943997381,,2.755210133915458,
2016-08-16,Cancabato Bay,29.852320924401283,34.330271277576685,0.07263405248522758,0.01831110566854477,7.171850070357323,0.41180742,3.0771578462740865,2.0412162460006398,0.9776281142625833,,2.26325440300766,
2016-08-17,Cancabato Bay,29.921903125941753,34.331797203049064,0.06714072078466415,0.017700735479593277,7.171850070357323,0.40594748,0.0,2.47171853193925,0.9966909601771549,,2.6651051332416102,
2016-08-18,Cancabato Bay,29.958525337278843,34.33942683041096,0.05859553813934326,0.014038514345884323,7.171850070357323,0.40563828,0.0,1.697222855713991,0.1664998377683009,,1.705370228992762,
2016-08-19,Cancabato Bay,30.003936879336834,34.331797203049064,0.05859553813934326,0.003662221133708954,7.171850070357323,0.33219895,6.750081217707918,2.902079854724203,-0.29481846224933994,,2.917016525301,
2016-08-20,Cancabato Bay,29.796655163168907,34.295174991711974,0.06164738908410072,0.007324442267417908,7.171850070357323,0.32428482,9.970172959775592,3.425251878582873,0.17911815489101257,,3.429932032146856,
2016-08-21,Cancabato Bay,29.521988578140736,34.26160463131964,0.07812738418579102,0.019531846046447754,7.171850070357323,0.38982004,0.4290662246009413,2.112170356227058,1.5433160002442532,,2.6159296417018285,
2016-08-22,Cancabato Bay,29.565935231745243,34.25397500395775,0.0714133121073246,0.027466658502817154,7.171850070357323,0.39359298,0.0,2.065170761728761,2.261866851116223,,3.062837234865374,
2016-08-23,Cancabato Bay,29.696310304105282,34.269234258681536,0.06408886983990669,0.028077028691768646,7.171850070357323,0.3883378,0.0,2.0855580059147565,1.625748728185748,,2.6443545759282574,
2016-08-24,Cancabato Bay,29.913113795220852,34.2860194388777,0.06530961021780968,0.02624591812491417,7.171850070357323,0.7928524,5.560977648622313,1.6609455640884934,0.8224417462473411,,1.8534159254834353,
2016-08-25,Cancabato Bay,30.040559090673923,34.29822684265673,0.05371257662773132,0.0238044373691082,7.171850070357323,0.79273516,0.4290662246009413,1.4178679425051648,1.1331116577361249,,1.8150183280841377,
2016-08-26,Cancabato Bay,30.085970632731915,34.293649066239595,0.043336283415555954,0.02685628831386566,7.171850070357323,0.8837716,0.0,1.2918702700749973,1.128968436659057,,1.7156627074329156,
2016-08-27,Cancabato Bay,30.064729750156403,34.29059721529484,0.040894802659749985,0.02136295661330223,7.171850070357323,0.85032505,0.7211895529835369,1.2821221663346605,1.0540219943830174,,1.6597589023860773,
2016-08-28,Cancabato Bay,30.163609720766544,34.29975276812911,0.03662221133708954,0.02624591812491417,7.171850070357323,0.83689123,4.346752781456653,0.8919026161842848,0.9376264881883933,,1.2940763919138896,
2016-08-29,Cancabato Bay,30.324015006422997,34.31196017190814,0.035401470959186554,0.023194067180156708,7.171850070357323,0.82118666,0.0,0.4724247800915588,0.6690071151228474,,0.818996760023843,
2016-08-30,Cancabato Bay,30.52177494764328,34.32111572474241,0.0238044373691082,0.02624591812491417,7.171850070357323,0.81760144,0.0,0.445398061483114,0.5611214679613156,,0.7164054264032186,
2016-08-31,Cancabato Bay,30.682912677526474,34.331797203049064,0.019531846046447754,0.0238044373691082,7.171850070357323,0.8203614,1.858621432377508,-0.1954194344502725,1.04314370699473,,1.0612905110305904,
2016-09-01,Cancabato Bay,31.009582802653313,34.33942683041096,0.025025177747011185,0.01892147585749626,7.171850070357323,0.26163456,2.40463385795252,0.6092406793014093,0.40057374415482455,,0.7291320386746543,
2016-09-02,Cancabato Bay,31.11139255017042,34.342478681355715,0.01831110566854477,0.01892147585749626,7.171850070357323,1.103064,0.0,1.3034196621993315,0.19117038958781477,,1.3173643890977835,
2016-09-03,Cancabato Bay,31.093081444501877,34.34705645777285,0.017090365290641785,0.006103701889514923,7.171850070357323,1.099989,1.13797287057383,1.2372686762434146,0.45589768768155464,,1.3185888209925487,
2016-09-04,Cancabato Bay,31.06231878697872,34.34858238324523,-0.0012207403779029846,0.02136295661330223,7.171850070357323,0.57177645,0.24995936220065473,-0.13465893331921167,1.3627323207692206,,1.3693693462290346,
2016-09-05,Cancabato Bay,31.05352945625782,34.34858238324523,-0.021973326802253723,0.020142216235399246,7.171850070357323,0.5932307,3.2275532937278384,-0.7322403741890743,1.0063655025057447,,1.2445671899203337,
2016-09-06,Cancabato Bay,31.230780959129333,34.33790090493858,-0.06591998040676117,0.006714072078466415,7.171850070357323,0.59497476,2.504733426883198,-0.770357776993443,0.21176011855895815,,0.7989326957800533,
2016-09-07,Cancabato Bay,31.383129358291626,34.30890832096338,-0.062257759273052216,-0.03418073058128357,7.171850070357323,0.5159921,9.394055581321354,-0.11391620631580349,-0.37206268819988275,,0.3891112257593038,
2016-09-08,Cancabato Bay,31.221991628408432,34.305856470018625,-0.0714133121073246,-0.023194067180156708,7.171850070357323,0.8186757,26.024295307195988,-0.706537942573528,-0.07974104962246499,,0.7110235574795861,
2016-09-09,Cancabato Bay,31.312814712524414,34.29059721529484,-0.06103701889514923,-0.031128879636526108,7.171850070357323,0.76210403,15.648244179856668,-0.5086813389387548,0.4165129934455429,,0.6574494492305025,
2016-09-10,Cancabato Bay,31.354564033448696,34.270760184153914,-0.017090365290641785,-0.019531846046447754,7.171850070357323,0.75953877,1.1140901364457494,0.2098711403833302,0.418991065956093,,0.468614349883593,
2016-09-11,Cancabato Bay,31.306222714483738,34.27686388604343,-0.004272591322660446,-0.0024414807558059692,7.171850070357323,0.5551066,3.6723066217983114,1.1758272572405266,-0.35163976370145505,,1.2272816556462476,
2016-09-12,Cancabato Bay,31.18829919397831,34.2860194388777,-0.006103701889514923,-0.015259254723787308,7.171850070357323,0.54636943,11.016919576321929,2.208050048662461,-0.6611189800642686,,2.304899851012949,
2016-09-13,Cancabato Bay,30.927549049258232,34.295174991711974,0.005493331700563431,0.0012207403779029846,7.171850070357323,0.5913871,3.6723066217983114,1.512087598797575,0.0815817805850002,,1.5142867936295408,
2016-09-14,Cancabato Bay,30.748832657933235,34.30127869360149,0.01037629321217537,0.0,7.171850070357323,1.170404,3.6723066217983114,1.7981088272168748,0.017898270538041047,,1.7981979041817109,
2016-09-15,Cancabato Bay,30.647755354642868,34.29670091718435,0.021973326802253723,0.014648884534835815,7.171850070357323,1.1751614,5.128330356777667,1.652194044501326,0.9859970985094486,,1.9240414337936438,
2016-09-16,Cancabato Bay,30.57524337619543,34.29212314076722,0.017700735479593277,0.02136295661330223,7.171850070357323,0.8169375,0.0,0.38505407744451947,1.7132359851064791,,1.7559738560754308,
2016-09-17,Cancabato Bay,30.692434452474117,34.293649066239595,0.004272591322660446,0.0238044373691082,7.171850070357323,0.86862254,1.4001523343899762,-0.31977732634814243,1.4399202592820655,,1.475000980181809,
2016-09-18,Cancabato Bay,30.99566636234522,34.29212314076722,0.0012207403779029846,0.023194067180156708,7.171850070357323,1.2884444,14.009316313381014,-0.15174517518076783,0.8872186018484906,,0.9001019084840517,
2016-09-19,Cancabato Bay,31.129703655838966,34.27991573698819,-0.023194067180156708,0.02075258642435074,7.171850070357323,1.4350947,5.9246367113277945,0.1977933415311345,-0.00951265327702992,,0.1980219597075562,
2016-09-20,Cancabato Bay,31.238837845623493,34.27686388604343,-0.08850367739796638,0.007324442267417908,7.171850070357323,1.4344635,12.468520033473787,-0.7215374338348731,0.40026271439612005,,0.8251221176048815,
2016-09-21,Cancabato Bay,31.230780959129333,34.26313055679202,-0.08850367739796638,0.004272591322660446,7.171850070357323,1.3756067,3.5605484205313003,-1.3973867989599806,0.7915025033309739,,1.6059782310750104,
2016-09-22,Cancabato Bay,31.328928485512733,34.23871574923396,-0.06897183135151863,-0.009765923023223877,7.171850070357323,1.3761406,6.150633315308788,-0.5037227678475189,0.37787741848105616,,0.6297046690678677,
2016-09-23,Cancabato Bay,31.313547156751156,34.21582686714828,-0.027466658502817154,-0.02929776906967163,7.171850070357323,1.1570878,3.1796922021018816,1.1953745079965785,-0.8738962452360433,,1.4807480750639916,
2016-09-24,Cancabato Bay,31.14728231728077,34.197515761479735,0.0024414807558059692,-0.01342814415693283,7.171850070357323,1.1298202,3.3281689071045903,2.195290185915568,-0.5553463646213957,,2.2644444318806785,
2016-09-25,Cancabato Bay,30.89825128018856,34.18988613411784,0.038453321903944016,0.012817773967981339,7.171850070357323,0.505848,2.970941113206907,2.295582643307558,0.47751811619690543,,2.3447224192963985,
2016-09-26,Cancabato Bay,30.600878924131393,34.20056761242449,0.05859553813934326,0.02685628831386566,7.171850070357323,0.57281995,1.4328631806297427,1.5794276155756872,1.876715923490192,,2.452886921634331,
2016-09-27,Cancabato Bay,30.413373202085495,34.20514538884163,0.05066072568297386,0.028077028691768646,7.171850070357323,0.52774096,20.074817767158486,0.5008671985924946,2.0286902085714247,,2.0896056836110164,
2016-09-28,Cancabato Bay,30.240516364574432,34.18988613411784,0.003662221133708954,0.008545182645320892,7.171850070357323,0.52592003,25.09352327840397,-0.3584145933465392,1.4085497426281737,,1.4534350340423403,
2016-09-29,Cancabato Bay,30.245643474161625,34.1639454010874,0.007324442267417908,0.0024414807558059692,7.171850070357323,0.43980116,0.0,0.21007275157284314,0.3440457638649996,,0.40311046697752284,
2016-09-30,Cancabato Bay,30.377483434975147,34.162419475615025,0.025635547935962677,-0.008545182645320892,7.171850070357323,0.46619162,5.018704441789621,2.106180509592375,-0.863044525409962,,2.276146346750776,
2016-10-01,Cancabato Bay,30.367229215800762,34.1639454010874,0.0238044373691082,-0.012207403779029846,7.171850070357323,1.064965,6.83473219353551,2.3890059271319184,-0.8714977675206834,,2.543001706382631,
2016-10-02,Cancabato Bay,30.307168789207935,34.16699725203216,0.028077028691768646,0.004272591322660446,7.171850070357323,1.0744203,10.164854599644965,1.6707249383888947,-0.05663330983443689,,1.6716845251234993,
2016-10-03,Cancabato Bay,30.213415928184986,34.18073058128357,0.02075258642435074,0.0048829615116119385,7.171850070357323,1.0960124,11.064558094682784,1.2148811320945723,-0.09489297660290993,,1.2185814876847383,
2016-10-04,Cancabato Bay,30.04275642335415,34.18225650675595,0.0006103701889514923,0.0006103701889514923,7.171850070357323,1.0411029,9.44713886248799,1.7371323035423685,-0.04296575057421196,,1.7376635738061672,
2016-10-05,Cancabato Bay,29.930692456662655,34.16852317750454,0.003662221133708954,0.014038514345884323,7.171850070357323,1.5353825,16.091827252421517,0.5792797319496388,1.5548911360125808,,1.6592924554454347,
2016-10-06,Cancabato Bay,29.938016898930073,34.15478984825313,-0.02929776906967163,0.0158696249127388,7.171850070357323,1.5577818,16.123921915365106,-1.1181189148661224,1.4223583526384422,,1.8092244722813524,
2016-10-07,Cancabato Bay,30.050080865621567,34.13037504069507,-0.10437330231070518,-0.005493331700563431,7.171850070357323,1.8706368,4.2083973092393,-1.1553169108615733,0.5165323025361306,,1.265528657947344,
2016-10-08,Cancabato Bay,30.217078149318695,34.11664171144366,-0.0952177494764328,-0.030518509447574615,7.171850070357323,1.558595,2.634482604627031,0.2464296024152439,-0.37992170774570433,,0.4528444025964631,
2016-10-09,Cancabato Bay,30.298379458487034,34.11816763691604,-0.062257759273052216,-0.02685628831386566,7.171850070357323,1.2635863,0.0,0.5506463776727449,-0.5570228225944169,,0.7832533805449974,
2016-10-10,Cancabato Bay,30.388470098376274,34.09375282935798,-0.06775109097361565,-0.028077028691768646,7.171850070357323,1.54126,3.572388342775095,0.8122419787764026,-0.7596049931121495,,1.1120866772187834,
2016-10-11,Cancabato Bay,30.414105646312237,34.07544172368944,-0.08301034569740295,-0.017090365290641785,7.171850070357323,1.2283279,10.192813547274557,0.13534733416935563,-0.3145524156812324,,0.34243557507602806,
2016-10-12,Cancabato Bay,30.41483809053898,34.06781209632754,-0.04455702379345894,-0.02136295661330223,7.171850070357323,0.66659397,4.829462748366043,1.2716313739053153,-0.7430622083371387,,1.4728162806538991,
2016-10-13,Cancabato Bay,30.213415928184986,34.05560469254851,-0.02929776906967163,-0.010986663401126862,7.171850070357323,0.6703574,19.327483629647155,2.2466442943528055,-0.9739659020079561,,2.4486772273254367,
2016-10-14,Cancabato Bay,29.959257781505585,34.0205084066838,0.012817773967981339,0.006103701889514923,7.171850070357323,0.5341015,38.635701986928346,3.5655646068610904,1.1278367274130814,,3.7396880417225087,
2016-10-15,Cancabato Bay,29.766624949872494,33.980834344401956,0.04211554303765297,0.021973326802253723,7.171850070357323,1.0854671,18.168579336172474,0.6740318861424056,2.44723906313803,,2.5383652250386257,
2016-10-16,Cancabato Bay,29.829615153372288,33.95489361137152,0.016479995101690292,0.017700735479593277,7.171850070357323,0.70682716,0.0,-0.03829944290721576,0.8295945529988416,,0.8304781572638446,
2016-10-17,Cancabato Bay,30.109408847987652,33.94268620759249,-0.027466658502817154,-0.02685628831386566,7.171850070357323,0.6746703,0.45173769941726055,1.408701491097045,-1.0338892365030674,,1.747388578529668,
2016-10-18,Cancabato Bay,29.959990225732327,33.944212133064866,0.012817773967981339,-0.012207403779029846,7.171850070357323,0.5335136,3.0073960909066497,3.747706125778865,-0.935460095346098,,3.8626916515799397,
2016-10-19,Cancabato Bay,29.6948454156518,33.945738058537245,0.05005035549402237,0.024414807558059692,7.171850070357323,0.50201845,5.987329386293698,0.9180121585936711,2.26177257240218,,2.4409755206876995,
2016-10-20,Cancabato Bay,29.602557443082333,33.935056580230594,0.01892147585749626,0.020142216235399246,7.171850070357323,0.32729208,0.0,-0.9318188772820583,1.4023578313735872,,1.68371431878274,
2016-10-21,Cancabato Bay,29.595233000814915,33.90301214531064,-0.04821924492716789,0.0079348124563694,7.171850070357323,0.3795013,3.970303592971339,-1.8006904401138104,1.0166949573745074,,2.0678865291567665,
2016-10-22,Cancabato Bay,29.710959188640118,33.86791585944593,-0.08667256683111191,0.001831110566854477,7.171850070357323,0.3991871,0.29471785306168824,-1.9098533893958827,0.7150876672693643,,2.0393357597187576,
2016-10-23,Cancabato Bay,29.93728445470333,33.85418253019452,-0.09826960042119026,0.0024414807558059692,7.171850070357323,0.36137563,0.6265054819302057,-1.6458761039411374,0.2955101622971191,,1.6721944879544746,
2016-10-24,Cancabato Bay,30.015655986964703,33.84197512641549,-0.09216589853167534,-0.0079348124563694,7.171850070357323,2.608919,0.0,-1.7987992962339128,-0.43280780141913716,,1.85013553587322,
2016-10-25,Cancabato Bay,29.930692456662655,33.83129364810884,-0.08789330720901489,-0.016479995101690292,7.171850070357323,0.7681569,0.03453283835523807,-2.3306206526726543,-0.12364875353299656,,2.333898378446365,
2016-10-26,Cancabato Bay,29.86770225316286,33.82213809527457,-0.09216589853167534,-0.01831110566854477,7.171850070357323,1.0940475,6.19772447031527,-2.2322206596326923,-0.2949556477159627,,2.2516233937784875,
2016-10-27,Cancabato Bay,29.7614978402853,33.825189946219325,-0.09887997061014175,-0.020142216235399246,7.171850070357323,1.091806,5.326878398371201,-2.561089916409893,-0.49252148824521275,,2.608018208586687,
2016-10-28,Cancabato Bay,29.62672810256481,33.825189946219325,-0.10437330231070518,-0.016479995101690292,7.171850070357323,1.0943575,10.02033088610957,-2.4486552807056037,-0.1817368351854169,,2.455390185080703,
2016-10-29,Cancabato Bay,29.48683125525713,33.823664020746946,-0.09826960042119026,-0.011597033590078354,7.171850070357323,1.1113591,16.88191832978124,-2.5221091098833868,-0.2676861621568539,,2.536274875396402,
2016-10-30,Cancabato Bay,29.41285438835621,33.83129364810884,-0.09216589853167534,-0.01831110566854477,7.171850070357323,1.2182456,11.962003640854324,-1.8335359665449231,-1.1629675757006537,,2.171254872820066,
2016-10-31,Cancabato Bay,29.309579752385616,33.84044920094311,-0.09338663890957832,-0.02075258642435074,7.171850070357323,1.2131922,27.81213878290341,-1.8439117316203957,-1.5053168122171938,,2.3803338377528185,
2016-11-01,Cancabato Bay,29.177739791572094,33.85113067924976,-0.08117923513054848,-0.021973326802253723,7.171850070357323,1.522711,30.536295954792646,-1.647896081753046,-1.1528216296130116,,2.0111089493015144,
2016-11-02,Cancabato Bay,29.15137179940939,33.85418253019452,-0.04699850454926491,-0.01831110566854477,7.171850070357323,1.1011914,49.92379692492014,-0.6562177156239961,-0.798742755177005,,1.0337367552943684,
2016-11-03,Cancabato Bay,29.09424114972353,33.823664020746946,-0.017700735479593277,-0.014648884534835815,7.171850070357323,1.1046121,51.49379396286255,0.9600652777093971,-0.6006905089682593,,1.1324991942724587,
2016-11-04,Cancabato Bay,29.097170926630497,33.79314551129937,0.009155552834272385,-0.01342814415693283,7.171850070357323,1.1014102,48.92786539705418,0.9909655116507078,-1.4513384999015035,,1.7573833066742997,
2016-11-05,Cancabato Bay,29.058351382613182,33.79772328771651,-0.011597033590078354,-0.020142216235399246,7.171850070357323,1.0662756,17.227841837337607,0.7924778185531819,-1.7107011843124202,,1.8853433732099645,
2016-11-06,Cancabato Bay,29.00048828870058,33.80993069149554,-0.036011841148138046,-0.024414807558059692,7.171850070357323,1.0729002,12.10675653939049,-0.38722637658527864,-2.0950394527387273,,2.1305244836084727,
2016-11-07,Cancabato Bay,28.85253455489874,33.8343454990536,-0.06469924002885818,-0.027466658502817154,7.171850070357323,0.9946528,0.0,-1.4279331476921355,-2.322390825540812,,2.72625974933316,
2016-11-08,Cancabato Bay,28.64012572914362,33.86638993397355,-0.08423108607530594,-0.029908139258623123,7.171850070357323,1.6805784,0.0,-1.345173491867675,-2.304291628888035,,2.6681925781672784,
2016-11-09,Cancabato Bay,28.481917776167393,33.898434368893504,-0.09643848985433578,-0.0238044373691082,7.171850070357323,3.1098764,0.0,-0.9137001879139788,-1.655989714543411,,1.8913354985479462,
2016-11-10,Cancabato Bay,28.57054352760315,33.93047880381346,-0.13245033100247383,-0.021973326802253723,7.171850070357323,0.4924461,0.0,-0.53284379752466,-1.0105077843656165,,1.1423871912902421,
2016-11-11,Cancabato Bay,28.64085817337036,33.956419536843896,-0.22522659972310066,-0.016479995101690292,7.171850070357323,0.46230206,0.0,-1.5714730760411761,-1.3585701036133813,,2.07731566093225,
2016-11-12,Cancabato Bay,28.64012572914362,33.968626940622926,-0.2453688159584999,-0.01892147585749626,7.324442625045776,0.4903722,0.0,-1.5442317183669265,-0.9574384938268911,,1.8169590170039545,
2016-11-13,Cancabato Bay,28.675283052027225,33.94726398400962,-0.22034363821148872,-0.0238044373691082,7.171850070357323,0.48682207,0.0,-1.203003545643469,-1.4272360415072056,,1.8666066133515964,
2016-11-14,Cancabato Bay,28.81664478778839,33.849604753777385,-0.17334513366222382,0.0012207403779029846,7.171850070357323,0.45588177,0.0,-1.2814884635200954,-0.5003521249651718,,1.3757052486242312,
2016-11-15,Cancabato Bay,28.968993186950684,33.704641833901405,-0.16785180196166039,0.01892147585749626,7.171850070357323,3.5664148,0.0,-1.6983947726368878,0.16780492289563642,,1.7066643770432184,
2016-11-16,Cancabato Bay,28.949217192828655,33.55815298855305,-0.14831995591521263,-0.0079348124563694,7.171850070357323,0.77236146,12.110718669221045,-1.6855712226643849,-0.2863478410544146,,1.709720863986526,
2016-11-17,Cancabato Bay,28.835688337683678,33.38724933564663,-0.12939848005771637,-0.01831110566854477,7.171850070357323,0.76914907,50.3077713232071,-2.4951233666938353,-0.8828614050534063,,2.646712087771251,
2016-11-18,Cancabato Bay,28.73021636903286,33.162938291206956,-0.10864589363336563,-0.009155552834272385,7.171850070357323,0.7614534,40.882905003361806,-3.676913919859709,0.2537482006221039,,3.6856592522067264,
2016-11-19,Cancabato Bay,28.618884846568108,33.030182775110006,-0.09460737928748131,-0.008545182645320892,7.171850070357323,0.6772489,36.57709373376621,-3.237998401961719,0.7198952035778361,,3.3170593535903183,
2016-11-20,Cancabato Bay,28.606433294713497,32.97524945810437,-0.08911404758691788,-0.015259254723787308,7.171850070357323,3.0489771,14.976065449821302,-2.8005778708560385,-0.12498456453114962,,2.8033653975355377,
2016-11-21,Cancabato Bay,28.69359415769577,32.97677538357675,-0.08301034569740295,-0.01831110566854477,7.171850070357323,2.9361646,0.0,-2.7886399727105604,-0.5561948711477216,,2.8435656546122137,
2016-11-22,Cancabato Bay,28.73827325552702,32.99050871282816,-0.06897183135151863,-0.017700735479593277,7.171850070357323,3.6315002,33.64917097609645,-2.4874844818749695,-0.757795063169924,,2.600352361764362,
2016-11-23,Cancabato Bay,28.711905263364315,32.99203463830054,-0.05249183624982834,-0.021973326802253723,7.171850070357323,2.0808768,22.432781582061477,-2.0529834811641763,-1.9364218251703516,,2.8221393762408433,
2016-11-24,Cancabato Bay,28.58299507945776,32.95693835243583,-0.04028443247079849,-0.011597033590078354,7.171850070357323,2.081452,56.08195362152002,-3.7776664069464982,-0.873679588672112,,3.8773804953646653,
2016-11-25,Cancabato Bay,28.530991539359093,32.886745780706406,-0.02929776906967163,0.004272591322660446,7.171850070357323,2.5249786,17.503823287951686,-3.294854364815913,1.7849781973088243,,3.747294017049414,
2016-11-26,Cancabato Bay,28.57420574873686,32.87911615334451,-0.04577776417136192,0.001831110566854477,7.171850070357323,4.782665,13.467984511829414,-2.7897387253657095,1.5782047262035366,,3.2052101824398775,
2016-11-27,Cancabato Bay,28.823236785829067,32.90963466279209,-0.05859553813934326,-0.0048829615116119385,7.171850070357323,4.783128,0.0,-2.3045234019278817,0.7437276046582859,,2.421561244314091,
2016-11-28,Cancabato Bay,28.88549454510212,32.93862724676728,-0.07507553324103355,-0.014038514345884323,7.171850070357323,3.3008108,0.0,-2.6942616266861723,-0.2435381945078906,,2.7052461191576973,
2016-11-29,Cancabato Bay,28.854731887578964,32.96456797979772,-0.0872829370200634,-0.014038514345884323,7.171850070357323,3.294609,0.0,-3.329864507240301,-0.5298484146636309,,3.371755770974561,
2016-11-30,Cancabato Bay,28.817377232015133,32.99203463830054,-0.08545182645320892,-0.0158696249127388,7.171850070357323,1.1962733,0.0,-3.0840914892142464,-0.7468856094229935,,3.1732409973727025,
2016-12-01,Cancabato Bay,28.79613634943962,33.03476055152714,-0.08056886494159698,-0.016479995101690292,7.171850070357323,1.399796,0.0,-3.1915158478650305,-0.7349162227040654,,3.2750382076499895,
2016-12-02,Cancabato Bay,28.72582170367241,33.08359016664326,-0.08545182645320892,-0.01831110566854477,7.171850070357323,1.9900113,9.949400574254533,-3.2097883363275663,-0.5680721907066016,,3.2596697958349528,
2016-12-03,Cancabato Bay,28.5837275236845,33.12479015439749,-0.07690664380788803,-0.0158696249127388,7.171850070357323,1.9956126,19.898801148509065,-2.8557630319963243,-0.8969186169359311,,2.9933001019481997,
2016-12-04,Cancabato Bay,28.57860041409731,33.16599014215171,-0.05737479776144028,-0.012207403779029846,7.171850070357323,3.1811728,14.511340453601877,-2.6171782430365504,-0.05919398435904154,,2.617847566916031,
2016-12-05,Cancabato Bay,28.533188872039318,33.199560502544045,-0.05493331700563431,-0.016479995101690292,7.171850070357323,3.2616637,0.3859020422061031,-2.144807713883775,-0.4537529410873117,,2.1922800599103964,
2016-12-06,Cancabato Bay,28.55882441997528,33.201086428016424,-0.05737479776144028,-0.0158696249127388,7.171850070357323,1.0915112,0.0,-1.4873702885730629,-0.533236508227353,,1.5800669444793838,
2016-12-07,Cancabato Bay,28.494369328022003,33.19040494970977,-0.043336283415555954,-0.0024414807558059692,7.171850070357323,1.1003464,21.597517555894946,-2.5029243742188734,0.8499865257373773,,2.643313737904382,
2016-12-08,Cancabato Bay,28.500228881835938,33.17361976951361,-0.035401470959186554,0.0,7.171850070357323,3.963205,8.965373302800968,-1.2655623637382474,0.2982170481581588,,1.3002236362729704,
2016-12-09,Cancabato Bay,28.64378795027733,33.152256812900305,-0.001831110566854477,0.01342814415693283,7.171850070357323,4.239833,5.2986025734069635,0.005887703687386319,0.45865397980373435,,0.4586917682327805,
2016-12-10,Cancabato Bay,28.875972770154476,33.11258275061846,0.02868739888072014,-0.009765923023223877,7.171850070357323,3.9041085,0.0,0.9032173531246562,-0.19789588162243077,,0.924642832097145,
2016-12-11,Cancabato Bay,28.8781701028347,33.08206424117088,0.02868739888072014,-0.03479110077023506,7.171850070357323,0.9019092,0.0,0.774256739943538,0.05666928636639463,,0.7763278349803464,
2016-12-12,Cancabato Bay,28.9587389677763,33.06375313550234,-0.046388134360313416,0.012817773967981339,7.171850070357323,0.59116876,11.517595051957397,-0.8714308843350517,1.24077338854582,,1.5162158117815705,
2016-12-13,Cancabato Bay,28.890621654689312,33.068330911919475,-0.030518509447574615,0.008545182645320892,7.171850070357323,0.69252545,5.657075797407011,-0.9633250484622969,0.8076566862272428,,1.2571016155436512,
2016-12-14,Cancabato Bay,28.8781701028347,33.056123508140445,-0.06653035059571266,-0.015259254723787308,7.171850070357323,0.69844174,4.041807335405685,-1.271702147075392,0.3454655222706609,,1.3177908703409287,
2016-12-15,Cancabato Bay,28.813715010881424,33.05001980625093,-0.07324442267417908,-0.0238044373691082,7.171850070357323,0.44565427,0.0,-1.8200574074036036,-0.5533345491898807,,1.9023112493942456,
2016-12-16,Cancabato Bay,28.54637286812067,33.02865684963763,-0.062257759273052216,-0.02075258642435074,7.171850070357323,0.47432047,69.98120736314085,-3.7733281238108267,-0.7296130328675179,,3.843220044139012,
2016-12-17,Cancabato Bay,28.169164091348648,33.007293893024325,-0.09155552834272385,-0.024414807558059692,7.171850070357323,0.47905043,7.471531462745545,-3.7489851970379626,-1.1585737750171707,,3.9239244640751316,
2016-12-18,Cancabato Bay,27.942106381058693,33.019501296803355,-0.0952177494764328,-0.019531846046447754,7.171850070357323,0.9994363,17.726073048747008,-3.3069840037098497,-1.1624310114940504,,3.505337224472976,
2016-12-19,Cancabato Bay,27.874721512198448,33.07138276286423,-0.09277626872062683,-0.015259254723787308,7.171850070357323,0.9850347,0.0,-2.8772233421683016,-0.7355688980529478,,2.969760220034769,
2016-12-20,Cancabato Bay,27.91280861198902,33.138523483648896,-0.10132145136594772,-0.016479995101690292,7.171850070357323,1.0370562,0.0,-2.8590479776087685,-0.8532445889528257,,2.9836524038242236,
2016-12-21,Cancabato Bay,27.945768602192402,33.199560502544045,-0.09582811966538429,-0.01831110566854477,7.171850070357323,2.3822773,0.0,-2.9687423309516507,-0.9265518316249973,,3.109972560051274,
2016-12-22,Cancabato Bay,27.9860530346632,33.236182713881135,-0.07873775437474251,-0.02136295661330223,7.171850070357323,1.9968652,0.0,-2.4335706401956245,-1.299179193025705,,2.7586468850530803,
2016-12-23,Cancabato Bay,27.922330386936665,33.25144196860492,-0.06103701889514923,-0.022583696991205215,7.171850070357323,1.7767278,4.8637973995635315,-1.2188245881977906,-1.9481208524904452,,2.297979162808839,
2016-12-24,Cancabato Bay,27.841029077768326,33.2529678940773,-0.03723258152604103,-0.020142216235399246,7.171850070357323,1.7734742,19.236595653497375,1.8258109604907553,-2.5235030085199512,,3.1147476779760863,
2016-12-25,Cancabato Bay,28.040253907442093,33.18430124782026,0.01892147585749626,0.0158696249127388,7.171850070357323,1.3336692,17.887963106076178,1.4568805389190607,1.1450883238220302,,1.8530321567729577,
2016-12-26,Cancabato Bay,28.03073213249445,33.19803457707167,-0.005493331700563431,0.011597033590078354,7.171850070357323,0.7897917,0.0,-1.9131555969210088,1.2808575388685224,,2.3023380231639554,
2016-12-27,Cancabato Bay,28.12082277238369,33.19650865159929,-0.04028443247079849,0.0006103701889514923,7.171850070357323,0.81239045,0.0,-1.880732827771478,0.6706658162264384,,1.9967344857321354,
2016-12-28,Cancabato Bay,28.2402111813426,33.2026123534888,-0.08484145626425743,-0.014038514345884323,7.171850070357323,1.1056559,0.0,-2.4130851175471686,0.0061810339920844075,,2.413093033786481,
2016-12-29,Cancabato Bay,28.257789842784405,33.22092345915735,-0.0872829370200634,-0.017700735479593277,7.171850070357323,0.5362526,0.0,-2.3969183666487446,-0.717433766422109,,2.501984985082984,
2016-12-30,Cancabato Bay,28.14499343186617,33.25144196860492,-0.11230811476707458,-0.025025177747011185,7.171850070357323,0.41254473,0.0,-3.29918254884018,-2.332095949169009,,4.040207545003361,
2016-12-31,Cancabato Bay,27.96993926167488,33.31400491297245,-0.13367107138037682,-0.02685628831386566,7.171850070357323,0.37057096,0.0,-3.952256076466435,-2.413666018191704,,4.630994681635821,
2017-01-01,Cancabato Bay,27.75753043591976,33.41319006867707,-0.13794366270303726,-0.027466658502817154,7.171850070357323,1.3317889,4.123023496268276,-3.5533598280580865,-1.876404192327049,,4.018365185077075,
2017-01-02,Cancabato Bay,27.665974907577038,33.51542707532644,-0.13061922043561935,-0.025635547935962677,7.171850070357323,2.6042807,16.074889908202543,-3.6152336502163314,-1.744487333831955,,4.014118882588883,
2017-01-03,Cancabato Bay,27.701864674687386,33.61461223103106,-0.13000885024666786,-0.0238044373691082,7.171850070357323,2.7531092,0.0,-2.797671892291048,-1.5925714823686934,,3.2192005130729884,
2017-01-04,Cancabato Bay,27.74434643983841,33.692434430122375,-0.14831995591521263,-0.024414807558059692,7.171850070357323,1.1338521,17.671151286116046,-3.7717516209132462,-0.9284146860858038,,3.8843357371887284,
2017-01-05,Cancabato Bay,27.693075343966484,33.7549973744899,-0.15686513856053352,-0.025635547935962677,7.171850070357323,0.9529555,0.0,-2.5936362063755314,-1.9313325483216848,,3.233727598798141,
2017-01-06,Cancabato Bay,27.542924277484417,33.79772328771651,-0.1434369944036007,-0.025635547935962677,7.171850070357323,0.95305216,0.0,-2.4550855302403116,-2.018067326659169,,3.1780561190332426,
2017-01-07,Cancabato Bay,27.36420788615942,33.8053529150784,-0.119022186845541,-0.025025177747011185,7.171850070357323,0.9533987,26.904884572988884,-1.925656693503278,-1.7211326182811086,,2.582721663467661,
2017-01-08,Cancabato Bay,27.226508371531963,33.75957515090704,-0.10437330231070518,-0.02075258642435074,7.171850070357323,0.96689093,61.95289733691719,-1.5411269072710871,-2.838950092204864,,3.230280138060003,
2017-01-09,Cancabato Bay,27.178167052567005,33.68785665370524,-0.08362071588635445,-0.01037629321217537,7.171850070357323,0.9728677,26.86459055342994,-4.027705700795683,0.22234850206284804,,4.0338383790865535,
2017-01-10,Cancabato Bay,27.103457741439342,33.646656665951014,-0.09643848985433578,-0.011597033590078354,7.171850070357323,0.99825275,46.788217922369135,-4.0764918130990075,0.3416657139947107,,4.0907848834157425,
2017-01-11,Cancabato Bay,27.16718038916588,33.632923336699605,-0.08545182645320892,-0.014038514345884323,7.171850070357323,1.0951812,18.784313744249435,-3.047052420598306,-0.16665232093429477,,3.0516063720517397,
2017-01-12,Cancabato Bay,27.20819726586342,33.62834556028247,-0.06775109097361565,-0.020142216235399246,7.171850070357323,1.0990978,37.56862748849887,-1.7033723212467051,-1.582334016150926,,2.324921117685008,
2017-01-13,Cancabato Bay,27.312936790287495,33.597827050834894,-0.02685628831386566,-0.01831110566854477,7.171850070357323,1.1529961,41.508243828916704,0.3767548236926232,-0.9207956940176636,,0.9948914047759837,
2017-01-14,Cancabato Bay,27.58027893304825,33.56578261591494,-0.0024414807558059692,-0.02868739888072014,7.171850070357323,0.81693035,9.392156872124717,0.5535439676102825,-0.33802434868833486,,0.6485918472999075,
2017-01-15,Cancabato Bay,27.627155363559723,33.54289373382926,-0.030518509447574615,-0.02136295661330223,7.171850070357323,0.86454713,34.74246788938967,-0.6281449214281456,-1.0242004513217329,,1.2014793409807814,
2017-01-16,Cancabato Bay,27.444776751101017,33.442182652652264,-0.06653035059571266,-0.02624591812491417,7.171850070357323,0.94074976,97.50907320260242,-2.491080715739443,-3.1760204184768557,,4.036407911858121,
2017-01-17,Cancabato Bay,27.111514627933502,33.38267155922949,-0.15198217704892159,-0.030518509447574615,7.171850070357323,0.91846794,37.09692819735494,-4.360939351756184,-2.779593386201777,,5.17145351156832,
2017-01-18,Cancabato Bay,26.867610700428486,33.426923397928476,-0.17212439328432083,-0.025635547935962677,7.171850070357323,1.3465804,0.0,-3.4525384024787265,-1.7854591663948352,,3.886886396005638,
2017-01-19,Cancabato Bay,26.839777819812298,33.48643449135125,-0.14526810497045517,-0.02136295661330223,7.171850070357323,1.4707078,13.548577305607905,-2.445620835942687,-1.3380772919323294,,2.787743193406086,
2017-01-20,Cancabato Bay,26.896908469498158,33.52000485174358,-0.13061922043561935,-0.022583696991205215,7.171850070357323,1.5148591,0.0,-2.073513672516511,-1.3896746292045967,,2.496127906411817,
2017-01-21,Cancabato Bay,26.936460457742214,33.55815298855305,-0.13245033100247383,-0.01892147585749626,7.171850070357323,1.4125516,4.182175706369809,-2.7355939808275163,-0.6501347571439298,,2.8117876218495472,
2017-01-22,Cancabato Bay,26.966490671038628,33.619190007448196,-0.13611255213618279,-0.019531846046447754,7.171850070357323,1.4131408,25.31600057888336,-3.7707537410715823,-0.33866769963473975,,3.7859317989870367,
2017-01-23,Cancabato Bay,26.97967466711998,33.74431589618325,-0.16907254233956337,-0.02929776906967163,7.171850070357323,1.4648592,0.0,-4.997924333523041,-1.9265219014741222,,5.35637323946728,
2017-01-24,Cancabato Bay,26.91888179630041,33.93047880381346,-0.18433179706335068,-0.0317392498254776,7.171850070357323,0.71074426,0.0,-5.042131919567842,-2.3542762888747353,,5.564684280233936,
2017-01-25,Cancabato Bay,26.821466714143753,34.04797506518662,-0.1818903163075447,-0.032959990203380585,7.171850070357323,0.7597088,0.0,-4.271752323088731,-2.457081759050333,,4.927993372608353,
2017-01-26,Cancabato Bay,26.777520060539246,34.0922269038856,-0.15320291742682457,-0.030518509447574615,7.171850070357323,0.54626745,0.0,-3.4380086022068825,-2.1573306541570645,,4.058814937911591,
2017-01-27,Cancabato Bay,26.73870051652193,34.08307135105133,-0.14038514345884323,-0.031128879636526108,7.171850070357323,0.5453266,0.0,-3.048501376936083,-2.5692683256754676,,3.9867907362313884,
2017-01-28,Cancabato Bay,26.662526316940784,34.05713061802089,-0.13733329251408577,-0.027466658502817154,7.171850070357323,0.54306436,29.469513036953373,-3.211324808971523,-2.1341516139408716,,3.855802139633518,
2017-01-29,Cancabato Bay,26.761406287550926,34.018982481211424,-0.09949034079909325,-0.012207403779029846,7.171850070357323,0.3764897,0.0,-2.1982308782311835,0.25779781877980773,,2.213295892865811,
2017-01-30,Cancabato Bay,26.97967466711998,33.933530654758215,-0.08117923513054848,-0.0030518509447574615,7.171850070357323,0.29562932,0.0,-1.7293421898848689,0.5474499853138122,,1.8139255486749966,
2017-01-31,Cancabato Bay,27.222113706171513,33.9060639962554,-0.08911404758691788,-0.012207403779029846,7.171850070357323,0.287059,0.0,-2.662178266458739,0.3970228878062216,,2.6916203847956064,
2017-02-01,Cancabato Bay,27.312936790287495,33.89385659247637,-0.10681478306651115,-0.022583696991205215,7.171850070357323,0.33072302,7.538947487791507,-2.4168117908275994,-0.8400739897864334,,2.5586526807284735,
2017-02-02,Cancabato Bay,27.22870570421219,33.90301214531064,-0.13916440308094025,-0.030518509447574615,7.171850070357323,0.38052127,0.0,-2.8367754592717063,-2.840762140789989,,4.01462632717815,
2017-02-03,Cancabato Bay,26.998718217015266,33.932004729285836,-0.15991698950529099,-0.03479110077023506,7.171850070357323,0.32321417,7.538947487791507,-2.7467587473596815,-3.1431875236041558,,4.174243814721147,
2017-02-04,Cancabato Bay,26.797296054661274,33.97320471704006,-0.1422162540256977,-0.032959990203380585,7.171850070357323,0.337025,31.09217194017892,-1.1008297071139679,-3.2426109784853927,,3.4243761478346126,
2017-02-05,Cancabato Bay,26.757011622190475,33.99151582270861,-0.08301034569740295,-0.029908139258623123,7.171850070357323,0.3167054,0.0,0.9183689284803799,-3.0462117883012985,,3.181636017520545,
2017-02-06,Cancabato Bay,26.82000182569027,33.98846397176385,-0.04699850454926491,-0.02685628831386566,7.171850070357323,0.28201035,0.0,1.0286742881694273,-3.438931325176457,,3.5894873520352153,
2017-02-07,Cancabato Bay,26.92693868279457,33.99761952459812,-0.04699850454926491,-0.02685628831386566,7.171850070357323,0.27999687,0.0,0.5511177747677534,-2.7874457230879655,,2.8414053672129134,
2017-02-08,Cancabato Bay,27.04119998216629,33.99609359912574,-0.05310220643877983,-0.02685628831386566,7.171850070357323,0.31245694,0.0,1.0009477835214835,-3.0372487616941055,,3.1979331615512145,
2017-02-09,Cancabato Bay,27.071962639689445,33.9991454500705,-0.07446516305208206,-0.02868739888072014,7.171850070357323,0.36549398,35.675728490177434,0.04243105480593275,-3.1797147228966187,,3.1799978165743235,
2017-02-10,Cancabato Bay,26.95110934227705,34.02508618310094,-0.10620441287755966,-0.02929776906967163,7.171850070357323,0.36242786,3.2399065730670777,-1.4857323797009623,-3.030356749950753,,3.3749759608127543,
2017-02-11,Cancabato Bay,26.641285434365273,34.066286170855165,-0.15442365780472755,-0.035401470959186554,7.171850070357323,0.719713,0.0,-3.4384782211586136,-3.49310510415738,,4.901521778598198,
2017-02-12,Cancabato Bay,26.238441109657288,34.12884911522269,-0.17578661441802979,-0.03784295171499252,7.171850070357323,0.836853,0.0,-3.3231492229244908,-3.702127382727192,,4.974843506660499,
2017-02-13,Cancabato Bay,25.83413189649582,34.197515761479735,-0.17090365290641785,-0.038453321903944016,7.171850070357323,0.7806962,0.0,-2.497080439203853,-3.9316871914144316,,4.657636191351447,
2017-02-14,Cancabato Bay,25.52797020971775,34.235663898289204,-0.17944883555173874,-0.039674062281847,7.171850070357323,0.7559648,0.0,-2.717796346611998,-3.9291652794880023,,4.7775262192050345,
2017-02-15,Cancabato Bay,25.481826223433018,34.221930569037795,-0.1818903163075447,-0.03662221133708954,7.171850070357323,0.7082517,5.087376798684605,-3.4505209684316873,-3.6939910682472017,,5.05486547455784,
2017-02-16,Cancabato Bay,25.61732840538025,34.15173799730837,-0.15686513856053352,-0.028077028691768646,7.171850070357323,0.52678853,34.232567083340484,-2.9619970497343715,-2.5402353657506356,,3.9020792196014407,
2017-02-17,Cancabato Bay,25.955717638134956,34.05713061802089,-0.14404736459255219,-0.01892147585749626,7.171850070357323,0.5799571,16.470160406618454,-3.229729301606185,0.00796733959411248,,3.2297391288080504,
2017-02-18,Cancabato Bay,26.32486952841282,33.970152866095304,-0.14831995591521263,-0.015259254723787308,7.171850070357323,0.6520123,7.123586565541766,-3.305130566645231,0.092401516495359,,3.3064219486966975,
2017-02-19,Cancabato Bay,26.474288150668144,33.91521954908967,-0.14160588383674622,-0.020142216235399246,7.171850070357323,0.64666134,20.877452207449526,-2.882899039748305,-0.06902136288275204,,2.883725164074394,
2017-02-20,Cancabato Bay,26.629566326737404,33.90301214531064,-0.1269569993019104,-0.016479995101690292,7.171850070357323,0.55162394,15.637089371300355,-2.7649329429026377,1.181325782511476e-06,,2.76493294290289,
2017-02-21,Cancabato Bay,26.846369817852974,33.91216769814491,-0.13245033100247383,-0.020142216235399246,7.171850070357323,0.563677,0.0,-3.220941621124346,-1.0575169726094409,,3.3901042866036093,
2017-02-22,Cancabato Bay,26.993591107428074,33.90148621983826,-0.14831995591521263,-0.01831110566854477,7.171850070357323,0.51278657,0.0,-3.560527923118713,-0.45646995285361996,,3.5896690528746853,
2017-02-23,Cancabato Bay,27.05804619938135,33.89080474153161,-0.1434369944036007,-0.01342814415693283,7.171850070357323,0.28742272,69.81367067940319,-2.712638435090599,0.22904448347847303,,2.722291067270856,
2017-02-24,Cancabato Bay,27.217719040811062,33.896908443421125,-0.1434369944036007,-0.017700735479593277,7.171850070357323,0.32545084,0.0,-2.7053848750378138,-0.5510446426085825,,2.76093417528035,
2017-02-25,Cancabato Bay,27.30634479224682,33.91369362361729,-0.1434369944036007,-0.020142216235399246,7.171850070357323,0.6017328,0.0,-3.1614342239498403,-0.975259522252778,,3.308443363291269,
2017-02-26,Cancabato Bay,27.36860255151987,33.932004729285836,-0.14709921553730965,-0.023194067180156708,7.171850070357323,0.7702506,0.0,-2.705535656476743,-1.6284000092605764,,3.1577855814837847,
2017-02-27,Cancabato Bay,27.332712784409523,33.95184176042676,-0.14770958572626114,-0.0238044373691082,7.171850070357323,0.48085213,0.0,-2.6730932168306287,-1.421981040256683,,3.027780940675101,
2017-02-28,Cancabato Bay,27.34003722667694,33.97930841892958,-0.15686513856053352,-0.023194067180156708,7.171850070357323,0.4058539,0.0,-3.252093185368407,-1.4507212304000519,,3.56099735673211,
2017-03-01,Cancabato Bay,27.351023890078068,33.99761952459812,-0.15259254723787308,-0.023194067180156708,7.171850070357323,0.50429493,0.0,-2.452881844552072,-0.912858628681445,,2.617239045118222,
2017-03-02,Cancabato Bay,27.366405218839645,34.006775077432394,-0.1501510664820671,-0.02624591812491417,7.171850070357323,0.3377555,0.0,-2.3606491446302296,-1.4686468860298416,,2.780213671624644,
2017-03-03,Cancabato Bay,27.30268257111311,34.031189884990454,-0.1666310615837574,-0.02685628831386566,7.171850070357323,0.33709893,0.0,-3.3538038866655966,-1.216650461236333,,3.5676657431771606,
2017-03-04,Cancabato Bay,27.217719040811062,34.06018246896565,-0.1745658740401268,-0.030518509447574615,7.171850070357323,0.3256098,0.0,-2.809266055365528,-1.8578143503407631,,3.3680038494872697,
2017-03-05,Cancabato Bay,27.13129062205553,34.05713061802089,-0.16418958082795143,-0.02929776906967163,7.171850070357323,0.33002046,0.0,-2.213699849270376,-2.7246407433728153,,3.5105746257709507,
2017-03-06,Cancabato Bay,27.092471078038216,34.02508618310094,-0.14709921553730965,-0.02136295661330223,7.171850070357323,0.3355317,27.52889453412626,-2.4836606210526653,-1.5918479291801784,,2.9500084593443003,
2017-03-07,Cancabato Bay,27.085146635770798,33.97320471704006,-0.14465773478150368,-0.024414807558059692,7.171850070357323,0.33582863,16.779613654834396,-2.197301754033932,-1.5893728246752732,,2.7118703829823523,
2017-03-08,Cancabato Bay,27.054383978247643,33.922849176451564,-0.1422162540256977,-0.02685628831386566,7.171850070357323,0.53575695,14.429724056499836,-2.584496192553215,-2.123548974724283,,3.345008343393872,
2017-03-09,Cancabato Bay,27.000915549695492,33.88775289058685,-0.1501510664820671,-0.025025177747011185,7.171850070357323,0.7700211,14.682161891803194,-2.4742976761657336,-2.1154098942528203,,3.2553199552397114,
2017-03-10,Cancabato Bay,27.043397314846516,33.85876030661166,-0.14526810497045517,-0.021973326802253723,7.171850070357323,0.76963735,22.255028057403077,-2.1376598741860064,-2.0889842394015674,,2.988886898190207,
2017-03-11,Cancabato Bay,27.182561717927456,33.81756031885743,-0.1501510664820671,-0.01342814415693283,7.171850070357323,0.79059213,62.42306899415038,-2.3116789897062615,-0.5859215358135799,,2.38477751532077,
2017-03-12,Cancabato Bay,27.3393047824502,33.776360331103206,-0.16113772988319397,-0.006714072078466415,7.171850070357323,0.7757216,17.381119615353715,-1.575110133676227,0.4232198754202881,,1.6309773131960805,
2017-03-13,Cancabato Bay,27.583208709955215,33.7336344178766,-0.14099551364779472,0.02624591812491417,7.171850070357323,0.77671653,0.0,-0.7483903749844416,0.7193498557201571,,1.0380521992144538,
2017-03-14,Cancabato Bay,27.934049494564533,33.706167759373784,-0.13245033100247383,-0.015259254723787308,7.171850070357323,0.7005551,1.2981898213346927,-0.7924647635801144,-0.09761486947880688,,0.7984541716713935,
2017-03-15,Cancabato Bay,27.856410406529903,33.693960355594754,-0.15503402799367905,-0.02868739888072014,7.171850070357323,0.502908,5.493011611719102,-2.028229881968667,-1.0570176789159726,,2.2871385676542517,
2017-03-16,Cancabato Bay,27.775109097361565,33.680227026343346,-0.13794366270303726,-0.023194067180156708,7.171850070357323,0.45180315,0.0,-2.8109510965450832,-1.2399333129168162,,3.07227614117756,
2017-03-17,Cancabato Bay,27.68794823437929,33.680227026343346,-0.13183996081352234,-0.025635547935962677,7.171850070357323,0.6434605,0.0,-3.100132192962851,-1.906545212511709,,3.6394689531847875,
2017-03-18,Cancabato Bay,27.51948606222868,33.70158998295665,-0.13306070119142532,-0.024414807558059692,7.171850070357323,0.67604965,0.0,-3.6501980942593732,-1.591499074691161,,3.9820617062116934,
2017-03-19,Cancabato Bay,27.40522476285696,33.7122714612633,-0.12878810986876488,-0.025635547935962677,7.171850070357323,1.0501904,0.0,-2.457955152230055,-1.9158656381519819,,3.116421774058475,
2017-03-20,Cancabato Bay,27.42573320120573,33.70311590842903,-0.1110873743891716,-0.012817773967981339,7.171850070357323,1.0335723,52.721043016963876,-2.6987250903705218,0.09424546740296862,,2.7003702193442636,
2017-03-21,Cancabato Bay,27.76924954354763,33.68633072823286,-0.11658070608973503,0.01037629321217537,7.171850070357323,0.6501023,0.0,-1.9315309799909866,1.0200035149077948,,2.184312042060199,
2017-03-22,Cancabato Bay,28.01022369414568,33.68633072823286,-0.1434369944036007,-0.01342814415693283,7.171850070357323,0.9265595,0.0,-1.9238415112476697,0.5677748059918024,,2.005874968864896,
2017-03-23,Cancabato Bay,28.315652936697006,33.693960355594754,-0.15259254723787308,0.0,7.171850070357323,2.8326974,0.0,-2.3292534705479504,0.6938273300334802,,2.430394637494302,
2017-03-24,Cancabato Bay,28.503158658742905,33.69548628106713,-0.1428266242146492,-0.010986663401126862,7.171850070357323,0.96240044,0.0,-2.729165042622532,-0.07810245798872756,,2.730282370711265,
2017-03-25,Cancabato Bay,28.706778153777122,33.69701220653951,-0.12512588873505592,-0.017090365290641785,7.171850070357323,0.66331136,3.3479614817677215,-2.2778858017166925,-0.1895283212229957,,2.2857569228174954,
2017-03-26,Cancabato Bay,28.75145725160837,33.68633072823286,-0.1110873743891716,-0.021973326802253723,7.171850070357323,0.5973764,7.5023409223404185,-2.3868110684936545,-0.5639270199559584,,2.4525253842764254,
2017-03-27,Cancabato Bay,28.604968406260014,33.67259739898145,-0.12573625892400742,-0.024414807558059692,7.171850070357323,0.7057968,9.659978100286125,-3.614703208586724,-2.194406154470208,,4.228651990521788,
2017-03-28,Cancabato Bay,28.323709823191166,33.66649369709194,-0.13306070119142532,-0.021973326802253723,7.171850070357323,0.54388934,22.78470902549573,-3.813509904311144,-1.2121926023162084,,4.001533293050219,
2017-03-29,Cancabato Bay,28.164769425988197,33.67412332445383,-0.13367107138037682,-0.023194067180156708,7.171850070357323,0.5852958,3.558939610045558,-3.5649254407417867,-1.4660606288722662,,3.8546111562098413,
2017-03-30,Cancabato Bay,28.048310793936253,33.69853813201189,-0.14038514345884323,-0.021973326802253723,7.171850070357323,0.57579064,21.326256386388227,-3.0538014730864136,-0.9898934334027739,,3.210232459888019,
2017-03-31,Cancabato Bay,28.03952146321535,33.71074553579092,-0.12207403779029846,-0.012817773967981339,7.171850070357323,0.58051807,25.91518035864297,-2.0604412180635556,-0.37121613534005204,,2.0936139644719685,
2017-04-01,Cancabato Bay,28.086397893726826,33.68938257917762,-0.11169774457812309,-0.022583696991205215,7.171850070357323,0.32807747,0.0,-1.6871448632172223,-0.9364518014463272,,1.9296112991772025,
2017-04-02,Cancabato Bay,27.975798815488815,33.67717517539859,-0.13306070119142532,-0.024414807558059692,7.171850070357323,0.32358357,8.875721702941311,-2.6904589891103274,-1.7090933542654734,,3.1874079854450654,
2017-04-03,Cancabato Bay,27.75240332633257,33.6832788772881,-0.16846217215061188,-0.030518509447574615,7.171850070357323,0.4261317,21.56146193007692,-3.5836349230876676,-2.5311309107733972,,4.387375405575196,
2017-04-04,Cancabato Bay,27.46601763367653,33.70158998295665,-0.16174810007214546,-0.02624591812491417,7.171850070357323,0.5604128,56.470278212818485,-3.2765235239981947,-1.9517654113610912,,3.813790060333562,
2017-04-05,Cancabato Bay,27.449171416461468,33.72142701409757,-0.1513718068599701,-0.021973326802253723,7.171850070357323,0.5668807,9.075236503308574,-3.4178509750771564,-0.8548307133260681,,3.523129409528044,
2017-04-06,Cancabato Bay,27.538529612123966,33.74431589618325,-0.15747550874948502,-0.019531846046447754,7.171850070357323,0.5758676,18.149999655092866,-3.303036215013983,-0.6600621926864375,,3.368342372133202,
2017-04-07,Cancabato Bay,27.706259340047836,33.776360331103206,-0.17029328271746635,-0.014038514345884323,7.171850070357323,0.5813834,0.0,-2.9345221119627563,-0.009419812839998879,,2.9345372307183797,
2017-04-08,Cancabato Bay,28.000701919198036,33.825189946219325,-0.1739555038511753,-0.0079348124563694,7.171850070357323,0.56764925,0.0,-2.7085982653361658,0.49232516852722735,,2.752978139133591,
2017-04-09,Cancabato Bay,28.353007592260838,33.85723438113928,-0.17761772498488426,-0.0158696249127388,7.171850070357323,0.41350406,0.0,-1.996647635847847,-0.22050274431801858,,2.00878650980849,
2017-04-10,Cancabato Bay,28.678945273160934,33.87554548680782,-0.1672414317727089,-0.020142216235399246,7.171850070357323,0.38852343,0.0,-1.4022203006158391,0.01931198955711249,,1.4023532808817571,
2017-04-11,Cancabato Bay,28.903805650770664,33.884701039642096,-0.16357921063899994,-0.015259254723787308,7.171850070357323,0.8277104,0.0,-1.930673630085023,0.052678431008423315,,1.9313921618871681,
2017-04-12,Cancabato Bay,28.985106959939003,33.884701039642096,-0.1507614366710186,-0.014648884534835815,7.171850070357323,0.5418421,0.0,-2.2382214705479786,-0.2887648852104457,,2.2567721440483437,
2017-04-13,Cancabato Bay,29.05322427302599,33.874019561335444,-0.1428266242146492,-0.025635547935962677,7.171850070357323,1.2315775,0.0,-2.258441385756908,-1.4589880758577638,,2.6887178539956036,
2017-04-14,Cancabato Bay,28.95507674664259,33.8343454990536,-0.13183996081352234,-0.017090365290641785,7.171850070357323,0.6114595,0.0,-1.6661286560044495,-1.955397841092703,,2.5689619334099127,
2017-04-15,Cancabato Bay,28.895016320049763,33.76873070374131,-0.11352885514497757,0.0048829615116119385,7.171850070357323,0.6628786,36.07676684589813,-2.8396836142254687,2.061102729081613,,3.5088384814249136,
2017-04-16,Cancabato Bay,28.90673542767763,33.718375163152814,-0.10742515325546265,0.0012207403779029846,7.171850070357323,0.8522689,21.700298729796003,-2.6272178102679655,1.2856789023806248,,2.9249348133959927,
2017-04-17,Cancabato Bay,29.149174466729164,33.69548628106713,-0.11474959552288055,-0.0048829615116119385,7.171850070357323,1.8181458,0.0,-2.41632851961717,0.7112593337442563,,2.518835714085702,
2017-04-18,Cancabato Bay,29.545426793396473,33.68938257917762,-0.11719107627868652,-0.001831110566854477,7.171850070357323,1.5452061,0.0,-1.6033329887680936,0.776048764589891,,1.7812715564712538,
2017-04-19,Cancabato Bay,29.74098940193653,33.680227026343346,-0.12390514835715294,0.01831110566854477,7.171850070357323,2.8565052,0.0,-2.084680130311539,1.1252137150767771,,2.3689654177114146,
2017-04-20,Cancabato Bay,29.828882709145546,33.67870110087097,-0.14465773478150368,0.008545182645320892,7.171850070357323,1.1260412,0.0,-1.9290660810569717,0.9562114511028561,,2.1530527825171246,
2017-04-21,Cancabato Bay,29.95266578346491,33.67870110087097,-0.1348918117582798,0.011597033590078354,7.171850070357323,2.778552,0.0,-1.8091848588865498,0.9552990149118853,,2.045909592703442,
2017-04-22,Cancabato Bay,30.217810593545437,33.67564924992621,-0.10620441287755966,0.007324442267417908,7.171850070357323,1.4599181,0.0,-1.2237375073907668,0.7731574042671188,,1.4475171359151628,
2017-04-23,Cancabato Bay,30.371623881161213,33.668019622564316,-0.09460737928748131,-0.011597033590078354,7.171850070357323,0.70482033,0.0,-1.4062364754045662,0.24292266459739298,,1.4270642752635057,
2017-04-24,Cancabato Bay,30.312295898795128,33.668019622564316,-0.07202368229627609,-0.016479995101690292,7.171850070357323,0.9666374,0.0,-1.6175235594962922,0.0029846388794142675,,1.617526313107393,
2017-04-25,Cancabato Bay,30.327677227556705,33.67412332445383,-0.05493331700563431,-0.023194067180156708,7.171850070357323,2.038808,0.0,-1.7795110897699555,-0.4475154374427295,,1.8349195582814557,
2017-04-26,Cancabato Bay,30.34965055435896,33.67564924992621,-0.04211554303765297,-0.02624591812491417,7.171850070357323,2.033085,3.636514466791488,-0.4506434530715079,-0.46792704295164783,,0.6496423934147814,
2017-04-27,Cancabato Bay,30.433149196207523,33.669545548036695,-0.0158696249127388,-0.032959990203380585,7.171850070357323,0.60897315,0.0,0.1119437729907548,-0.11562916408595218,,0.160939466566227,
2017-04-28,Cancabato Bay,30.666066460311413,33.668019622564316,-0.04211554303765297,-0.03357036039233208,7.171850070357323,2.7305722,0.0,-0.6939384740669532,0.18542448049000268,,0.7182846537100447,
2017-04-29,Cancabato Bay,30.797906421124935,33.66649369709194,-0.11658070608973503,-0.010986663401126862,7.171850070357323,1.2983867,0.0,-1.3659011548263256,0.5052179937743788,,1.4563417133314895,
2017-04-30,Cancabato Bay,30.935605935752392,33.67259739898145,-0.15625476837158203,0.0030518509447574615,7.171850070357323,1.9753356,0.0,-1.5265334445021952,0.8481658387608221,,1.7463360636557288,
2017-05-01,Cancabato Bay,31.091616556048393,33.67870110087097,-0.16968291252851486,-0.01037629321217537,7.171850070357323,1.8141418,0.0,-1.7378062113627302,0.30221977286758483,,1.7638897979644366,
2017-05-02,Cancabato Bay,30.961973927915096,33.669545548036695,-0.16235847026109695,-0.012817773967981339,7.171850070357323,0.39014,1.4864507163294591,-2.1044307060180025,0.2700427613376221,,2.1216860487315925,
2017-05-03,Cancabato Bay,30.88213750720024,33.64970851689577,-0.1434369944036007,-0.006714072078466415,7.171850070357323,0.35883993,10.185780202237943,-1.9552851619883478,0.4975271993819053,,2.0175909840244137,
2017-05-04,Cancabato Bay,30.797906421124935,33.645130740478635,-0.12268440797924995,-0.010986663401126862,7.171850070357323,0.49658835,0.0,-2.523803285319856,0.619411043494038,,2.5987021883612735,
2017-05-05,Cancabato Bay,30.741508215665817,33.646656665951014,-0.10742515325546265,-0.0030518509447574615,7.171850070357323,0.5215066,8.777513363871712,-2.7627045914933483,0.2845194397305308,,2.7773166854795304,
2017-05-06,Cancabato Bay,30.610400699079037,33.63750111311674,-0.09887997061014175,-0.012817773967981339,7.171850070357323,0.4407078,0.0,-2.648981100969322,-0.22804770901451546,,2.6587791617355903,
2017-05-07,Cancabato Bay,30.527634501457214,33.62529370933771,-0.09277626872062683,-0.011597033590078354,7.171850070357323,0.39230558,8.701551913453368,-2.468965219333338,0.07407474110269142,,2.470076177276148,
2017-05-08,Cancabato Bay,30.494674511253834,33.61766408197582,-0.08484145626425743,-0.0024414807558059692,7.171850070357323,0.8229816,4.735638398712816,-2.361533698321876,0.5375155417576044,,2.4219340135397514,
2017-05-09,Cancabato Bay,30.52104250341654,33.608508529141545,-0.09155552834272385,-0.010986663401126862,7.171850070357323,1.164503,2.538840966864516,-2.6139027233844154,0.6147352636590184,,2.685216358452776,
2017-05-10,Cancabato Bay,30.44340341538191,33.610034454613924,-0.10254219174385071,-0.01037629321217537,7.171850070357323,0.87184197,6.354466271476625,-3.3396807698901685,0.029002895088662835,,3.3398067028943026,
2017-05-11,Cancabato Bay,30.25589769333601,33.61308630555868,-0.09765923023223877,-0.009765923023223877,7.171850070357323,0.83182305,16.938216026598653,-3.6570634716348525,0.40029254615596,,3.678905728348306,
2017-05-12,Cancabato Bay,30.114535957574844,33.61613815650344,-0.08972441777586937,-0.008545182645320892,7.171850070357323,0.78565377,11.292143849138256,-2.971980888646919,0.47266278629849323,,3.0093322368980773,
2017-05-13,Cancabato Bay,30.085238188505173,33.61613815650344,-0.07629627361893654,-0.005493331700563431,7.171850070357323,0.6052585,0.0,-2.4411793702412603,0.4073352872375309,,2.4749300503085734,
2017-05-14,Cancabato Bay,30.09695729613304,33.60393075272441,-0.06775109097361565,0.004272591322660446,7.171850070357323,0.9029858,0.21803718786270093,-2.48954530311914,0.5389607555460341,,2.547217013193286,
2017-05-15,Cancabato Bay,30.025910206139088,33.58867149800062,-0.03479110077023506,0.0158696249127388,7.171850070357323,0.9812121,0.0,-2.092624265124876,1.1598320222941856,,2.3925481468360146,
2017-05-16,Cancabato Bay,30.024445317685604,33.59172334894538,-0.007324442267417908,0.0158696249127388,7.171850070357323,0.9811567,3.206209137036016,-1.6338740776416252,1.4515384682939305,,2.185522460769132,
2017-05-17,Cancabato Bay,30.238319031894207,33.608508529141545,0.0024414807558059692,0.02624591812491417,7.171850070357323,1.5743942,0.0,-1.5915533327070497,1.518978318267068,,2.2000766218966934,
2017-05-18,Cancabato Bay,30.408978536725044,33.61461223103106,-0.03906369209289551,0.01831110566854477,7.171850070357323,0.47281376,0.0,-2.0458325213993858,0.6512490915464568,,2.146987676922123,
2017-05-19,Cancabato Bay,30.53349405527115,33.61766408197582,-0.06408886983990669,0.0079348124563694,7.171850070357323,0.4599382,3.0771532192016946,-1.6588566503174507,0.8263284183864811,,1.8532738711090533,
2017-05-20,Cancabato Bay,30.688039787113667,33.61766408197582,-0.009765923023223877,0.022583696991205215,7.171850070357323,0.32276052,6.819117454675061,-0.5808332464826605,0.9584732638079512,,1.1207311263877047,
2017-05-21,Cancabato Bay,30.753227323293686,33.62376778386533,-0.0006103701889514923,0.020142216235399246,7.171850070357323,0.35119945,6.9121635196307984,-0.07900918011963848,0.9445082135386657,,0.9478070563069148,
2017-05-22,Cancabato Bay,30.85283973813057,33.632923336699605,0.0158696249127388,0.014038514345884323,7.171850070357323,0.41746807,8.575418732798518,0.5846113454775106,0.5781682669138849,,0.8222219713235779,
2017-05-23,Cancabato Bay,31.055726788938046,33.6405529640615,-0.006103701889514923,0.003662221133708954,7.171850070357323,1.0379806,15.382935693088815,0.10376352348512694,0.5495556263043552,,0.5592658180228974,
2017-05-24,Cancabato Bay,31.055726788938046,33.63902703858912,-0.0048829615116119385,-0.001831110566854477,7.171850070357323,1.2613485,22.220834780805795,-0.05803432495441467,0.5981784149140402,,0.6009870206102527,
2017-05-25,Cancabato Bay,31.09454633295536,33.634449262171984,-0.024414807558059692,0.0,7.171850070357323,0.9182129,3.525716949194765,0.06320957202343004,0.39013644095297684,,0.39522385119681325,
2017-05-26,Cancabato Bay,31.138492986559868,33.62834556028247,-0.09399700909852982,0.014648884534835815,7.171850070357323,0.43850356,1.1205709315717411,-1.2726059836750907,1.3120354050492877,,1.8278301052856345,
2017-05-27,Cancabato Bay,31.24909206479788,33.622241858392954,-0.13061922043561935,0.011597033590078354,7.171850070357323,0.35148084,0.0,-2.11957488937889,1.2799704142326185,,2.4760698643205434,
2017-05-28,Cancabato Bay,31.23810540139675,33.62529370933771,-0.11597033590078354,0.006714072078466415,7.171850070357323,0.5226785,3.2268132196066865,-1.715765271238599,1.1470213411145684,,2.0638576556925448,
2017-05-29,Cancabato Bay,31.37653736025095,33.622241858392954,-0.1263466291129589,-0.0048829615116119385,7.171850070357323,0.6343375,0.0,-2.2963326833737754,1.1975118073009408,,2.5898220636475724,
2017-05-30,Cancabato Bay,31.346507146954536,33.62376778386533,-0.10010071098804474,0.0006103701889514923,7.171850070357323,0.69648683,0.0,-1.9372041750295688,1.1399588468416815,,2.24772466913646,
2017-05-31,Cancabato Bay,31.410962238907814,33.622241858392954,-0.06714072078466415,0.0158696249127388,7.171850070357323,0.70132136,4.246104890926958,-1.1802403795220722,1.2967153218140035,,1.7534075337130268,
2017-06-01,Cancabato Bay,31.36848047375679,33.63597518764436,-0.0158696249127388,0.017090365290641785,7.171850070357323,1.9528915,0.0,-0.6248789034090243,1.391135785535071,,1.5250352185185572,
2017-06-02,Cancabato Bay,31.37726980447769,33.643604815006256,0.009155552834272385,0.016479995101690292,7.171850070357323,1.8996545,0.0,-0.5190490423930824,1.0630243324908517,,1.182976178913505,
2017-06-03,Cancabato Bay,31.46296577900648,33.643604815006256,0.030518509447574615,0.017090365290641785,7.171850070357323,2.0851212,0.0,0.09501702495248035,0.8692734461784584,,0.874451004494702,
2017-06-04,Cancabato Bay,31.554521307349205,33.657338144257665,-0.0006103701889514923,0.007324442267417908,7.171850070357323,0.50790536,0.0,-0.3387641107879078,0.406331553693786,,0.5290240583235586,
2017-06-05,Cancabato Bay,31.73689991980791,33.634449262171984,-0.07507553324103355,-0.001831110566854477,7.171850070357323,0.9120594,0.0,0.02724698824099344,-0.06411734434715127,,0.06966657889071348,
2017-06-06,Cancabato Bay,31.680501714348793,33.631397411227226,-0.09094515815377235,-0.0006103701889514923,7.171850070357323,0.8489809,0.0,-0.9502942091214187,0.6667833574706563,,1.1608872166104438,
2017-06-07,Cancabato Bay,31.590411074459553,33.61308630555868,-0.08239997550845146,-0.001831110566854477,7.171850070357323,0.8463923,5.166169452210204,-1.594269306396992,0.31152005714972536,,1.6244197017169282,
2017-06-08,Cancabato Bay,31.3721426948905,33.596301125362515,-0.08972441777586937,-0.0030518509447574615,7.171850070357323,0.8497206,31.0503693541018,-2.280986541356796,0.5008635202878395,,2.335329498765852,
2017-06-09,Cancabato Bay,31.09381388872862,33.56730854138732,-0.07690664380788803,0.0079348124563694,7.171850070357323,0.7926385,15.739932076999553,-1.9119908792588698,1.2974518307308922,,2.310647176752879,
2017-06-10,Cancabato Bay,30.920957051217556,33.547471510246396,-0.038453321903944016,0.009155552834272385,7.171850070357323,0.77211833,2.0650506933657127,-1.0767524712188714,1.5943950409425494,,1.9239260460990022,
2017-06-11,Cancabato Bay,31.112124994397163,33.548997435718775,-0.03784295171499252,0.01342814415693283,7.171850070357323,0.7698237,0.0,-1.4212196757210187,0.956792211995221,,1.7132765986819716,
2017-06-12,Cancabato Bay,31.128238767385483,33.55662706308067,-0.07690664380788803,0.001831110566854477,7.171850070357323,1.140637,0.0,-1.7846701589625331,1.045288968427706,,2.068254482361397,
2017-06-13,Cancabato Bay,31.031556129455566,33.56578261591494,-0.06408886983990669,0.005493331700563431,7.171850070357323,0.84557873,0.7732460216973156,-2.547777201898601,1.4312564259342082,,2.922270286488269,
2017-06-14,Cancabato Bay,31.148747205734253,33.57493816874921,-0.04028443247079849,0.016479995101690292,7.171850070357323,1.5997202,0.0,-1.564852384310392,0.7481872336532371,,1.7345163940659665,
2017-06-15,Cancabato Bay,31.391186244785786,33.597827050834894,-0.05249183624982834,-0.0030518509447574615,7.171850070357323,2.5150027,0.0,-1.2663724387757749,0.8992531415798783,,1.553175896778013,
2017-06-16,Cancabato Bay,31.602862626314163,33.62529370933771,-0.06042664870619774,-0.016479995101690292,7.171850070357323,0.5269395,0.0,-1.3720157867382299,0.7431941403613463,,1.5603733044776062,
2017-06-17,Cancabato Bay,31.62190617620945,33.643604815006256,-0.031128879636526108,0.0158696249127388,7.171850070357323,0.37938225,2.1674126215255303,-1.393312126501352,1.4187504210354245,,1.988509853896609,
2017-06-18,Cancabato Bay,31.58088929951191,33.643604815006256,-0.032959990203380585,0.014038514345884323,7.171850070357323,0.3727026,0.0,-1.6036437442820957,0.8214226094259347,,1.801779221173119,
2017-06-19,Cancabato Bay,31.423413790762424,33.646656665951014,-0.0476088747382164,0.009155552834272385,7.171850070357323,0.4958291,6.673648313973279,-1.806746854493513,1.0446073122788975,,2.086992724733066,
2017-06-20,Cancabato Bay,31.373607583343983,33.62987148575485,-0.029908139258623123,0.011597033590078354,7.171850070357323,1.3877714,0.0,-0.848263946078506,0.9437329987505892,,1.268930138008968,
2017-06-21,Cancabato Bay,31.373607583343983,33.61308630555868,-0.0079348124563694,0.0158696249127388,7.171850070357323,0.9068773,0.0,-0.6528641953427567,1.1241591791270595,,1.299986737461644,
2017-06-22,Cancabato Bay,31.27838983386755,33.62376778386533,-0.0012207403779029846,0.009765923023223877,7.171850070357323,1.611017,3.834258306140718,-0.11629607644965619,0.5478311896902444,,0.5600390966664852,
2017-06-23,Cancabato Bay,31.506179988384247,33.631397411227226,-0.04211554303765297,-0.017700735479593277,7.171850070357323,1.5305889,2.991983989937999,-0.2980951845411838,0.06344237273051685,,0.3047715106507172,
2017-06-24,Cancabato Bay,31.542802199721336,33.655812218785286,-0.07019257172942162,-0.0030518509447574615,7.171850070357323,1.7256687,4.171963882903322,-1.4338561475180567,0.6563084342788675,,1.5769223863846,
2017-06-25,Cancabato Bay,31.59334085136652,33.66649369709194,-0.07995849475264549,-0.014038514345884323,7.171850070357323,0.4286892,2.443928867483292,-0.945448056135312,0.37157800076987624,,1.015845577588532,
2017-06-26,Cancabato Bay,31.802819900214672,33.6619159206748,-0.06958220154047012,-0.03662221133708954,7.171850070357323,0.30213487,8.467067832002245,-0.11742048336248471,-0.06710338512670919,,0.13524213178053282,
2017-06-27,Cancabato Bay,31.718588814139366,33.6619159206748,-0.10071108117699623,-0.023194067180156708,7.171850070357323,1.4212272,16.93413566400449,-0.3686935991413684,0.6180349791895355,,0.7196542263821047,
2017-06-28,Cancabato Bay,31.62996306270361,33.65276036784053,-0.08789330720901489,0.006714072078466415,7.171850070357323,0.5059053,1.40140503359298,-0.023400800832288866,0.7012296959664868,,0.7016200424623316,
2017-06-29,Cancabato Bay,31.657063499093056,33.63902703858912,-0.1031525619328022,0.001831110566854477,7.171850070357323,0.3836785,15.980751559376337,-0.4242124440736653,0.023699788442520495,,0.4248739550492273,
2017-06-30,Cancabato Bay,31.68269904702902,33.63902703858912,-0.12207403779029846,-0.0238044373691082,7.171850070357323,0.35130745,7.590950373262644,-0.3645054598442813,-0.038012834007234986,,0.36648220394113623,
2017-07-01,Cancabato Bay,31.718588814139366,33.6405529640615,-0.04150517284870148,-0.029908139258623123,7.171850070357323,0.36515883,3.659708255396103,0.22524666296028603,0.1931137170106496,,0.296696759120173,
2017-07-02,Cancabato Bay,31.62556839734316,33.64207888953388,-0.012817773967981339,0.009155552834272385,7.171850070357323,0.4525231,1.7628875281483223,0.34859836434734204,0.9197088591797465,,0.9835574234783412,
2017-07-03,Cancabato Bay,31.445387117564678,33.63597518764436,-0.048829615116119385,0.007324442267417908,7.171850070357323,0.46678814,17.935429484699483,-0.6761764320167335,1.1179255174692797,,1.306511396744719,
2017-07-04,Cancabato Bay,31.268135614693165,33.62681963481009,-0.059816278517246246,0.0079348124563694,7.171850070357323,1.2780266,19.5091211910065,-1.2588704026139177,0.9090832874443934,,1.552799766257077,
2017-07-05,Cancabato Bay,31.252021841704845,33.61613815650344,-0.08056886494159698,0.004272591322660446,7.171850070357323,1.2780266,4.613892738049785,-1.4228163199491937,0.3439748534486541,,1.4638049665576318,
2017-07-06,Cancabato Bay,31.185369417071342,33.6115603800863,-0.08423108607530594,0.001831110566854477,7.171850070357323,1.2585772,11.750935231534818,-1.7349901791945097,0.5875143098291443,,1.831765265025902,
2017-07-07,Cancabato Bay,31.02056946605444,33.6115603800863,-0.07507553324103355,0.004272591322660446,7.171850070357323,1.2965472,7.747949326761996,-1.567329974228473,0.6181734915720339,,1.6848328444677785,
2017-07-08,Cancabato Bay,30.96417126059532,33.60545667819679,-0.06714072078466415,0.01037629321217537,7.171850070357323,0.28799063,19.241789123120785,-1.1698671769368838,0.5153892544461994,,1.2783643045989994,
2017-07-09,Cancabato Bay,30.940733045339584,33.610034454613924,-0.06958220154047012,0.003662221133708954,7.171850070357323,0.3015267,11.744656283253681,-1.2148150917453289,0.5878321464685735,,1.3495637589806797,
2017-07-10,Cancabato Bay,30.85283973813057,33.60393075272441,-0.05798516795039177,0.009765923023223877,7.171850070357323,0.35148475,15.348649745551164,-1.11537584043535,0.5470830191363086,,1.2423216553107983,
2017-07-11,Cancabato Bay,30.6851100102067,33.573412243276834,-0.0476088747382164,0.0079348124563694,7.171850070357323,0.3579678,12.907567944389564,-1.3123431850124052,0.6834818334605902,,1.4796594378164032,
2017-07-12,Cancabato Bay,30.592822037637234,33.53373818099499,-0.017090365290641785,0.009765923023223877,7.171850070357323,0.34274814,12.907567944389564,0.6683208032027764,0.10065375081549399,,0.6758578796957477,
2017-07-13,Cancabato Bay,30.643360689282417,33.489486342296004,0.01892147585749626,-0.008545182645320892,7.171850070357323,0.3058735,8.963248144704313,1.0875419824661468,-0.4778525270581878,,1.1878933459037022,
2017-07-14,Cancabato Bay,30.60307625681162,33.48033078946173,0.01831110566854477,0.005493331700563431,7.171850070357323,0.29196686,4.797441598325491,0.8994357438857409,-0.075242235165431,,0.9025774489383092,
2017-07-15,Cancabato Bay,30.559862047433853,33.46964931115508,0.001831110566854477,0.01342814415693283,7.171850070357323,0.2929095,2.612105942381838,-0.05019829702256156,0.42833582204989235,,0.4312672552781191,
2017-07-16,Cancabato Bay,30.48515273630619,33.426923397928476,-0.040894802659749985,0.003662221133708954,7.171850070357323,0.278368,0.0,-1.2047626674244105,0.34535036474762365,,1.2532836707030446,
2017-07-17,Cancabato Bay,30.28446301817894,33.39030118659139,-0.05371257662773132,0.0,7.171850070357323,0.24067119,18.224041213623636,-2.132145025350668,0.2700682684631155,,2.1491810716545654,
2017-07-18,Cancabato Bay,30.13284706324339,33.35215304978192,-0.04821924492716789,0.004272591322660446,7.171850070357323,0.20159887,24.298720813787785,-2.433488493787413,0.9294448287417086,,2.604944133579535,
2017-07-19,Cancabato Bay,30.01419109851122,33.330790093168616,-0.015259254723787308,0.01037629321217537,7.171850070357323,0.4482961,2.414675257076471,-0.4413365434350084,1.3443994764698988,,1.414986889304526,
2017-07-20,Cancabato Bay,30.069124415516853,33.31705676391721,0.031128879636526108,0.006103701889514923,7.171850070357323,0.45047948,3.4581721621199537,1.1350477341554766,0.10540972308931906,,1.1399318262656097,
2017-07-21,Cancabato Bay,30.042023979127407,33.309427136555314,0.03479110077023506,0.009155552834272385,7.171850070357323,0.44698796,12.705865436468644,0.6562255208171195,0.10843748769850456,,0.6651245168463293,
2017-07-22,Cancabato Bay,29.951200895011425,33.309427136555314,0.02624591812491417,0.0006103701889514923,7.171850070357323,0.4409507,3.4762236771111295,1.862145549679882,-0.36014114293085026,,1.89665170524905,
2017-07-23,Cancabato Bay,29.905056908726692,33.30484936013818,0.029908139258623123,-0.006103701889514923,7.171850070357323,0.5090148,21.638252337519734,2.625964053923496,-0.8255213270233644,,2.752666466150365,
2017-07-24,Cancabato Bay,29.884548470377922,33.283486403524876,0.04455702379345894,-0.004272591322660446,7.171850070357323,0.52020144,6.530068248986436,2.4278564153518376,-0.5499819813713133,,2.489370794678485,
2017-07-25,Cancabato Bay,29.67873164266348,33.28806417994201,0.06164738908410072,0.011597033590078354,7.171850070357323,0.53945863,20.14538687258102,2.0411091467667246,0.6189679416835817,,2.132896589581126,
2017-07-26,Cancabato Bay,29.549089014530182,33.31553083844483,0.06408886983990669,0.019531846046447754,7.171850070357323,0.5790832,8.0149589765567,1.6597222825841447,0.728114725783946,,1.8124097520179465,
2017-07-27,Cancabato Bay,29.628925435245037,33.33994564600289,0.0714133121073246,0.0238044373691082,7.171850070357323,0.6462618,1.8705607698367428,1.1123231018517579,1.316496404964838,,1.7234922300951807,
2017-07-28,Cancabato Bay,29.71974851936102,33.36588637903333,0.07873775437474251,0.028077028691768646,7.171850070357323,0.92287797,0.0,1.4229074765859893,1.6751895753856514,,2.1979367143767052,
2017-07-29,Cancabato Bay,29.787133388221264,33.40098266489804,0.07873775437474251,0.029908139258623123,7.171850070357323,1.9754704,0.0,1.2130965684241748,2.1363557724458127,,2.456749737108982,
2017-07-30,Cancabato Bay,29.925565347075462,33.439130801707506,0.06836146116256714,0.02624591812491417,7.171850070357323,1.8469335,0.0,1.4655332743749796,1.3390575670210145,,1.98516068520825,
2017-07-31,Cancabato Bay,30.074251525104046,33.46201968379319,0.056764427572488785,0.022583696991205215,7.171850070357323,1.1501399,0.0,1.7334177713797312,0.5164888108346668,,1.8087282443342567,
2017-08-01,Cancabato Bay,30.069124415516853,33.477278938516974,0.05737479776144028,0.005493331700563431,7.171850070357323,1.133302,2.1352078653752993,2.2825912648300344,0.5707121454669797,,2.352856824216446,
2017-08-02,Cancabato Bay,29.934354677796364,33.48185671493411,0.059205908328294754,0.0030518509447574615,7.171850070357323,1.2882284,8.311109371459523,2.7108902639317227,0.08510356542556881,,2.7122257722999294,
2017-08-03,Cancabato Bay,29.771019615232944,33.48643449135125,0.0555436871945858,0.014648884534835815,7.171850070357323,1.2925758,5.0041827378562465,2.147844936258938,0.6792628031785947,,2.2526952359329933,
2017-08-04,Cancabato Bay,29.730002738535404,33.50321967154741,0.04455702379345894,0.017090365290641785,7.171850070357323,1.4816272,2.4402376181020524,1.6693358175692317,0.7213381654149418,,1.8185188535464043,
2017-08-05,Cancabato Bay,29.931424900889397,33.51542707532644,0.025635547935962677,0.01892147585749626,7.171850070357323,1.9570222,2.1352078653752993,0.4368351138637699,0.9005386422373841,,1.0008969791477662,
2017-08-06,Cancabato Bay,30.21927548199892,33.50474559701979,-0.022583696991205215,0.022583696991205215,7.171850070357323,1.1711757,3.444791559594128,-0.4204522893125342,0.7144420893755707,,0.8289798710822127,
2017-08-07,Cancabato Bay,30.302041679620743,33.48490856587887,-0.07812738418579102,0.021973326802253723,7.171850070357323,1.2463397,0.0,-1.508106181901882,1.2447596268225387,,1.9554566690310624,
2017-08-08,Cancabato Bay,30.430219419300556,33.46201968379319,-0.09094515815377235,0.01892147585749626,7.171850070357323,4.692504,0.0,-0.9165764273548546,1.5566772629245926,,1.8064762517367867,
2017-08-09,Cancabato Bay,30.674123346805573,33.44981228001416,-0.07629627361893654,0.0238044373691082,7.171850070357323,2.2299914,0.0,0.3058584829653403,0.5917731193065312,,0.6661417539350325,
2017-08-10,Cancabato Bay,30.929746381938457,33.440656727179885,-0.06591998040676117,0.0048829615116119385,7.171850070357323,0.43071064,2.576111718488578,0.55099824406198,-0.25991130511296434,,0.6092232361662756,
2017-08-11,Cancabato Bay,31.10260321944952,33.440656727179885,-0.1355021819472313,0.0024414807558059692,7.171850070357323,0.39133322,5.488643017058937,-1.0922337177582386,0.005059032083301196,,1.0922454339632661,
2017-08-12,Cancabato Bay,31.104800552129745,33.4253974724561,-0.11719107627868652,-0.0024414807558059692,7.171850070357323,0.64736706,10.3667504932172,-1.002824091586375,0.23560126955720123,,1.0301282041003457,
2017-08-13,Cancabato Bay,31.148747205734253,33.417767845094204,-0.07263405248522758,0.015259254723787308,7.171850070357323,1.8887539,2.33539199219725,-0.33662756146391093,0.4393248396124679,,0.553465834390579,
2017-08-14,Cancabato Bay,31.150212094187737,33.405560441315174,-0.051881466060876846,0.0158696249127388,7.171850070357323,1.3541698,0.0,-0.14544241982977948,0.4216482075071964,,0.4460276991174131,
2017-08-15,Cancabato Bay,31.342844925820827,33.393353037536144,-0.05493331700563431,-0.0048829615116119385,7.171850070357323,1.3694669,0.26693972535788446,-0.9629165176211838,0.2758957339258385,,1.001661956902719,
2017-08-16,Cancabato Bay,31.159001424908638,33.38419748470187,-0.056764427572488785,0.008545182645320892,7.171850070357323,1.3081812,7.212224114055452,-1.6715982555654643,0.5809662654069974,,1.7696786514931058,
2017-08-17,Cancabato Bay,31.044007681310177,33.367412304505706,-0.05371257662773132,0.0048829615116119385,7.171850070357323,1.051914,8.206196282237483,-1.1056430487964302,0.6506875644079337,,1.2829032924686856,
2017-08-18,Cancabato Bay,31.164860978722572,33.333841944113374,-0.025025177747011185,-0.03357036039233208,7.171850070357323,0.5758454,0.3252637748139354,0.6514080344570458,0.016303636813499715,,0.6516120286861947,
2017-08-19,Cancabato Bay,30.970030814409256,33.33689379505813,0.024414807558059692,0.0006103701889514923,7.171850070357323,0.5568511,10.084831838028881,1.6226240424863132,0.1313918209648705,,1.6279350705329403,
2017-08-20,Cancabato Bay,30.75542465597391,33.34910119883716,0.031128879636526108,0.011597033590078354,7.171850070357323,0.568124,10.000109181998257,1.8255415268984148,0.9017489592840119,,2.036112239538969,
2017-08-21,Cancabato Bay,30.526902057230473,33.35978267714381,0.03906369209289551,0.025635547935962677,7.171850070357323,0.6638241,6.474414590829478,0.9214304463366048,1.8864523732764091,,2.0994610318070377,
2017-08-22,Cancabato Bay,30.245643474161625,33.3536789752543,0.01831110566854477,0.025025177747011185,7.171850070357323,0.6460584,0.0,-0.1913556358670494,1.6424195780217665,,1.6535292708770777,
2017-08-23,Cancabato Bay,30.158482611179352,33.33994564600289,-0.012207403779029846,0.014038514345884323,7.171850070357323,0.64309764,18.1179847747754,-0.6220419609015191,0.6669679484430157,,0.9120210772632902,
2017-08-24,Cancabato Bay,30.204626597464085,33.30637528561056,-0.003662221133708954,-0.02075258642435074,7.171850070357323,0.85207206,10.752402323884326,0.9763885166717201,0.10256564994419,,0.9817607896208098,
2017-08-25,Cancabato Bay,30.238319031894207,33.31247898750007,-0.0012207403779029846,0.017700735479593277,7.171850070357323,0.858958,0.0,0.039860708439810016,1.186951468711804,,1.1876205897315995,
2017-08-26,Cancabato Bay,30.29325234889984,33.31553083844483,-0.025635547935962677,0.01831110566854477,7.171850070357323,0.83451897,0.0,-1.16635341891022,0.9193458787892095,,1.4851185618159457,
2017-08-27,Cancabato Bay,30.49247717857361,33.27585677616298,-0.06775109097361565,-0.009765923023223877,7.171850070357323,0.770922,0.0,0.003851554084798974,-0.6412623861310223,,0.6412739526406172,
2017-08-28,Cancabato Bay,30.44047363847494,33.283486403524876,-0.03418073058128357,-0.01892147585749626,7.171850070357323,0.80821604,6.891733818541701,1.9153074442197497,-0.6218743855475719,,2.013735423853829,
2017-08-29,Cancabato Bay,30.482955403625965,33.27890862710774,0.025025177747011185,0.01342814415693283,7.171850070357323,0.886475,0.0,2.1517975376064826,0.9019431814527258,,2.3331811214345075,
2017-08-30,Cancabato Bay,30.363566994667053,33.285012328997254,0.03784295171499252,0.02624591812491417,7.171850070357323,0.5569407,0.0,1.7841766121261362,1.999580444075765,,2.679852260030043,
2017-08-31,Cancabato Bay,30.297647014260292,33.297219732776284,0.038453321903944016,0.025635547935962677,7.171850070357323,1.0315703,0.0,1.6145184627717128,1.7974035435335332,,2.416056573207183,
2017-09-01,Cancabato Bay,30.36283455044031,33.320108614861965,0.036011841148138046,0.0238044373691082,7.171850070357323,1.4786112,0.0,1.0745866215512672,1.2159663610354834,,1.6227478542234595,
2017-09-02,Cancabato Bay,30.528366945683956,33.330790093168616,0.03234962001442909,0.0238044373691082,7.171850070357323,1.5955492,4.039700255988124,0.5883271324631799,0.9907652998829749,,1.1522780455448023,
2017-09-03,Cancabato Bay,30.620654918253422,33.330790093168616,0.005493331700563431,0.02136295661330223,7.171850070357323,0.53804314,4.24615573159422,0.1326358827770266,0.07712638047694828,,0.15342997088416632,
2017-09-04,Cancabato Bay,30.79570908844471,33.309427136555314,-0.02136295661330223,0.0,7.171850070357323,0.30078733,25.476934247123555,0.6360808861781609,0.04028080010364558,,0.6373550318450341,
2017-09-05,Cancabato Bay,30.859431736171246,33.32316046580672,0.0158696249127388,0.0024414807558059692,7.171850070357323,0.23815903,4.450578266439346,0.40393079712308844,0.34109434417280504,,0.5286827408674976,
2017-09-06,Cancabato Bay,31.317209377884865,33.320108614861965,-0.07202368229627609,-0.007324442267417908,7.171850070357323,1.6621622,2.466538310431825,-0.5663942075761536,0.2297237265823234,,0.6112081387961789,
2017-09-07,Cancabato Bay,31.203680522739887,33.32316046580672,-0.119022186845541,-0.0158696249127388,7.171850070357323,0.55223143,3.715360027532608,-1.1168034294235922,0.1485004024104671,,1.1266331565724341,
2017-09-08,Cancabato Bay,31.312814712524414,33.321634540334344,-0.10803552344441414,-0.02136295661330223,7.171850070357323,0.59917253,0.0,-0.6564670491367269,0.031016195803488276,,0.657199354080938,
2017-09-09,Cancabato Bay,31.497390657663345,33.309427136555314,-0.03906369209289551,-0.03234962001442909,7.171850070357323,1.522098,9.03326048256871,0.8894045731299303,-0.5678421006408677,,1.0552180561214193,
2017-09-10,Cancabato Bay,31.523026205599308,33.31247898750007,-0.014038514345884323,-0.04516739398241043,7.171850070357323,1.6024678,26.25359523639131,2.2313005350896744,-0.05077454365822591,,2.2318781624844957,
2017-09-11,Cancabato Bay,31.144352540373802,33.32621231675148,0.028077028691768646,0.014038514345884323,7.171850070357323,1.7382894,28.467000345833387,1.26995072557018,2.091799039217253,,2.447120361945127,
2017-09-12,Cancabato Bay,30.6851100102067,33.332316018640995,0.01037629321217537,0.02685628831386566,7.171850070357323,2.2616794,5.6934000082290215,0.28510081220042166,2.4565807482364086,,2.4730692359339828,
2017-09-13,Cancabato Bay,30.4397411942482,33.33689379505813,-0.01342814415693283,0.01831110566854477,7.171850070357323,2.3732119,7.418444406491118,-1.385861058630605,1.7771551371391778,,2.2536395575355237,
2017-09-14,Cancabato Bay,30.393597207963467,33.342997496947646,-0.016479995101690292,0.010986663401126862,7.171850070357323,2.372702,5.476461137826451,-1.2003214997599765,1.4730247437582193,,1.9001509409807442,
2017-09-15,Cancabato Bay,30.764946430921555,33.32773824222386,-0.015259254723787308,-0.021973326802253723,7.171850070357323,0.5129895,0.0,0.21131354949027686,-0.1474688616545764,,0.25768290854435083,
2017-09-16,Cancabato Bay,30.82866907864809,33.33994564600289,-0.022583696991205215,-0.04455702379345894,7.171850070357323,0.503279,5.007476853867309,0.3917814930197439,-0.3881760404412315,,0.5515191534710396,
2017-09-17,Cancabato Bay,30.85283973813057,33.33841972053051,0.040894802659749985,-0.019531846046447754,7.171850070357323,0.7779616,14.18460610118537,1.1369521052271754,-0.06652928356982235,,1.1388969378977274,
2017-09-18,Cancabato Bay,30.75835443288088,33.34910119883716,0.036011841148138046,0.009765923023223877,7.171850070357323,0.79222476,11.322935195776603,0.48643279213309437,0.3598149664601929,,0.6050484867770086,
2017-09-19,Cancabato Bay,30.749565102159977,33.34910119883716,0.025635547935962677,0.0048829615116119385,7.171850070357323,0.6957339,17.87378310090818,0.6809657447799081,0.587203002796627,,0.8991783538636985,
2017-09-20,Cancabato Bay,30.870418399572372,33.356730826199055,0.01037629321217537,-0.0158696249127388,7.171850070357323,0.69921964,3.7441219399912296,1.0826184953379836,0.15062788912979552,,1.093046919135486,
2017-09-21,Cancabato Bay,31.05719167739153,33.32926416769624,-0.019531846046447754,-0.023194067180156708,7.171850070357323,0.6931538,39.124039866292065,0.7184910781941425,-0.11532373149115761,,0.7276874277391537,
2017-09-22,Cancabato Bay,30.77886287122965,33.330790093168616,0.014038514345884323,0.001831110566854477,7.171850070357323,1.6427131,15.157574614016012,0.7775982363060456,1.3338925173718266,,1.5439974951426643,
2017-09-23,Cancabato Bay,30.764213986694813,33.333841944113374,0.014038514345884323,0.0006103701889514923,7.171850070357323,1.7464845,0.0,0.6631195899327157,-0.5303898302669972,,0.8491413089722977,
2017-09-24,Cancabato Bay,30.810357972979546,33.33841972053051,-0.07873775437474251,-0.025025177747011185,7.171850070357323,1.9787477,4.230794106809476,-0.4534866066886637,-0.8419732265423948,,0.9563310183509733,
2017-09-25,Cancabato Bay,30.71440777927637,33.32926416769624,-0.04455702379345894,0.006714072078466415,7.171850070357323,1.515053,23.559811342257664,-1.0080966068266943,1.1999373962488702,,1.567197665775448,
2017-09-26,Cancabato Bay,30.727591775357723,33.342997496947646,-0.017090365290641785,0.017700735479593277,7.171850070357323,1.5247211,0.0,-0.5246125822888977,1.5435894704575515,,1.6303026758253358,
2017-09-27,Cancabato Bay,30.757621988654137,33.36436045356095,-0.01037629321217537,0.016479995101690292,7.171850070357323,1.6682903,0.8738124522919093,-0.20769942916549372,0.6503694398101908,,0.6827294201326711,
2017-09-28,Cancabato Bay,30.920957051217556,33.37656785733998,0.014648884534835815,-0.0079348124563694,7.171850070357323,0.6758614,14.084522826222186,0.7734860701989457,-0.9140639063887356,,1.1974111765615199,
2017-09-29,Cancabato Bay,31.059389010071754,33.37656785733998,-0.06897183135151863,-0.01037629321217537,7.171850070357323,0.53084934,28.991433155803257,-0.19481508867876668,0.1888003937502496,,0.2712904485181242,
2017-09-30,Cancabato Bay,31.048402346670628,33.38267155922949,-0.05737479776144028,0.003662221133708954,7.171850070357323,0.61293817,0.0,-0.5634394518137805,0.7263427107844681,,0.9192593482635589,
2017-10-01,Cancabato Bay,30.968565925955772,33.38572341017425,-0.06469924002885818,0.005493331700563431,7.171850070357323,0.82603955,6.781305425845015,-1.787849002414279,0.6308838674008198,,1.8958951736792695,
2017-10-02,Cancabato Bay,31.00445569306612,33.36588637903333,-0.05493331700563431,0.0079348124563694,7.171850070357323,0.70465505,0.22092218216234885,-1.0432864317141661,0.43036691119197784,,1.1285664609795036,
2017-10-03,Cancabato Bay,31.13116854429245,33.37046415545046,-0.043946653604507446,-0.0048829615116119385,7.171850070357323,1.6427623,3.165919754832698,0.4161808853695756,0.2119123441954358,,0.4670260923860771,
2017-10-04,Cancabato Bay,31.468825332820415,33.38267155922949,-0.007324442267417908,-0.014648884534835815,7.171850070357323,1.6280738,0.0,-0.302410369383102,0.06549159812442587,,0.3094207183355948,
2017-10-05,Cancabato Bay,31.345042258501053,33.39030118659139,-0.05066072568297386,0.005493331700563431,7.171850070357323,0.33750755,10.617613279019684,-0.4922917974713935,0.22879163754622475,,0.5428598596955743,
2017-10-06,Cancabato Bay,31.501052878797054,33.38724933564663,-0.03784295171499252,-0.036011841148138046,7.171850070357323,0.25042036,4.658164089480148,0.541416163806911,-0.4198522896269889,,0.6851331312499906,
2017-10-07,Cancabato Bay,31.616779066622257,33.381145633757114,-0.01892147585749626,-0.01831110566854477,7.171850070357323,0.28844702,3.2777383293206706,1.1279463086180006,-0.24177798263248435,,1.1535681462361933,
2017-10-08,Cancabato Bay,31.394848465919495,33.39030118659139,-0.01342814415693283,0.012817773967981339,7.171850070357323,0.3335904,14.237087915499755,-0.3475461837793229,1.1076305364180064,,1.1608762875798657,
2017-10-09,Cancabato Bay,31.25421917438507,33.393353037536144,0.012817773967981339,-0.0006103701889514923,7.171850070357323,2.175374,8.485100889358279,-0.2436945032484126,0.02330850417577083,,0.24480665285159736,
2017-10-10,Cancabato Bay,31.267403170466423,33.40250859037042,-0.009765923023223877,-0.024414807558059692,7.171850070357323,2.1668508,0.0,1.626747591331942,-0.7158269081415329,,1.777277662134913,
2017-10-11,Cancabato Bay,31.222724072635174,33.40861229225993,0.059205908328294754,-0.0030518509447574615,7.171850070357323,0.8919671,13.241720377827608,2.787089128201265,0.4071999226797258,,2.8166784668414078,
2017-10-12,Cancabato Bay,31.05792412161827,33.41166414320469,0.07446516305208206,0.02075258642435074,7.171850070357323,0.8919671,16.227080690975008,1.3922569563934617,1.7208137437305375,,2.2134993501778792,
2017-10-13,Cancabato Bay,30.756889544427395,33.40708636678755,0.056764427572488785,0.025635547935962677,7.171850070357323,0.89527637,0.0,0.4723667586254563,2.3289312986998225,,2.3763525303956823,
2017-10-14,Cancabato Bay,30.48954740166664,33.38419748470187,0.02868739888072014,0.014038514345884323,7.171850070357323,0.8159759,0.0,-0.28596008600498024,1.5714705743258752,,1.5972767251669548,
2017-10-15,Cancabato Bay,30.389202542603016,33.333841944113374,0.015259254723787308,-0.01831110566854477,7.171850070357323,0.8277343,0.0,0.611782632102094,-0.2962650106641101,,0.6797432938143424,
2017-10-16,Cancabato Bay,30.23099458962679,33.3246863912791,0.012817773967981339,-0.017090365290641785,7.171850070357323,0.7088266,9.553956877309295,1.3611194215599618,-1.3017716881694077,,1.8834159412798743,
2017-10-17,Cancabato Bay,30.041291534900665,33.309427136555314,0.02868739888072014,-0.017700735479593277,7.171850070357323,0.9250472,9.718050817331187,1.7831682648882354,-1.1896068699009072,,2.1435609545380214,
2017-10-18,Cancabato Bay,29.787133388221264,33.259071595966816,0.08667256683111191,-0.003662221133708954,7.171850070357323,0.8179992,21.275123940489163,2.8710022549839596,-0.8350624045700034,,2.9899804627537643,
2017-10-19,Cancabato Bay,29.459730818867683,33.321634540334344,0.1355021819472313,0.020142216235399246,7.171850070357323,0.78460634,15.281084507037278,3.163309667423819,0.7901587688942159,,3.2605028649086347,
2017-10-20,Cancabato Bay,29.341074854135513,33.49864189513028,0.17639698460698128,0.02929776906967163,7.171850070357323,0.6852596,14.81124134947317,3.5430644064639116,2.5481281740391717,,4.36420239902822,
2017-10-21,Cancabato Bay,29.305185087025166,33.6619159206748,0.15503402799367905,0.02136295661330223,7.171850070357323,0.69867766,0.0,3.255558766126908,1.5845077793987559,,3.6206805689926487,
2017-10-22,Cancabato Bay,29.289071314036846,33.72600479051471,0.09949034079909325,0.0079348124563694,7.171850070357323,0.6928085,4.425376977402562,2.4701564544396635,0.6438733398515047,,2.552693829502759,
2017-10-23,Cancabato Bay,29.411389499902725,33.69548628106713,0.04516739398241043,-0.024414807558059692,7.171850070357323,0.43495542,8.840213522743493,1.2174824389223966,-0.9158869686289731,,1.5235197499175377,
2017-10-24,Cancabato Bay,29.37696462124586,33.64818259142339,-0.038453321903944016,-0.02624591812491417,7.171850070357323,0.45710117,0.0,0.06349131460139151,-1.4281302928153512,,1.4295409334071807,
2017-10-25,Cancabato Bay,29.28614153712988,33.60698260366917,-0.043336283415555954,-0.027466658502817154,7.171850070357323,0.420871,0.0,0.9570166212660414,-1.5643965808589066,,1.833907706397055,
2017-10-26,Cancabato Bay,29.222418889403343,33.608508529141545,-0.025025177747011185,-0.017700735479593277,7.171850070357323,0.4887715,0.0,2.266932081256461,-1.1789025334294112,,2.555150141255115,
2017-10-27,Cancabato Bay,29.300057977437973,33.622241858392954,-0.01831110566854477,-0.012817773967981339,7.171850070357323,0.6081298,0.0,1.5369152920327085,-0.4328792941132439,,1.596713217254735,
2017-10-28,Cancabato Bay,29.5073396936059,33.61308630555868,-0.08911404758691788,-0.03234962001442909,7.171850070357323,0.6088991,0.0,-0.07913460652198713,-0.4749730366376181,,0.48152016726420693,
2017-10-29,Cancabato Bay,29.492690809071064,33.58867149800062,-0.14587847515940666,-0.028077028691768646,7.171850070357323,0.58920974,0.0,-0.7391125983469317,-0.8040817553299242,,1.0921698138520424,
2017-10-30,Cancabato Bay,29.416516609489918,33.53221225552261,-0.17761772498488426,-0.025025177747011185,7.171850070357323,0.58824253,32.219193976527215,-1.7443226646622492,-1.25004696755135,,2.1459913745257073,
2017-10-31,Cancabato Bay,29.23706777393818,33.45896783284843,-0.15198217704892159,-0.005493331700563431,7.171850070357323,0.58998716,20.167832210041084,-2.5028872852321036,0.8844659205644008,,2.6545667682724354,
2017-11-01,Cancabato Bay,29.133793137967587,33.391827112063766,-0.13122959062457085,-0.0030518509447574615,7.171850070357323,0.7520462,0.0,-2.5111687098289646,1.0658473261070738,,2.7280027147702155,
2017-11-02,Cancabato Bay,29.171147793531418,33.344523422420025,-0.11719107627868652,-0.009155552834272385,7.171850070357323,0.7485215,6.0802452099589885,-1.5571055153441178,-0.09123613350274079,,1.5597761435448358,
2017-11-03,Cancabato Bay,29.209967337548733,33.30027158372104,-0.10864589363336563,-0.01342814415693283,7.171850070357323,1.6141301,0.0,-1.7530920650370263,-0.37616638885025727,,1.7929955216331213,
2017-11-04,Cancabato Bay,29.182866901159286,33.24076049029827,-0.09887997061014175,-0.015259254723787308,7.171850070357323,1.460301,15.71766745929901,-2.514264555499526,0.07107027663620605,,2.5152688204767255,
2017-11-05,Cancabato Bay,29.163823351264,33.18277532234788,-0.09887997061014175,-0.009765923023223877,7.171850070357323,1.0942934,8.751191235959721,-2.928628709140565,0.25750857771998825,,2.9399280235410026,
2017-11-06,Cancabato Bay,29.117679364979267,33.13394570723176,-0.10620441287755966,-0.017090365290641785,7.171850070357323,1.897862,16.26359364171379,-3.1437179982235377,-0.5114643617270035,,3.1850523772257526,
2017-11-07,Cancabato Bay,29.055421605706215,33.103427197784185,-0.10254219174385071,-0.017090365290641785,7.171850070357323,1.8977978,11.304021631186002,-2.7345001540577254,-0.13807925885531613,,2.7379841077456524,
2017-11-08,Cancabato Bay,29.030518501996994,33.080538315698504,-0.09216589853167534,-0.017700735479593277,7.171850070357323,1.1894399,22.608043262372004,-1.5638987712371042,-0.8512700614656029,,1.7805729651504247,
2017-11-09,Cancabato Bay,29.138187803328037,33.043916104361415,-0.06836146116256714,0.006103701889514923,7.171850070357323,0.6309911,5.652010815593001,-1.8853525103143634,1.4023252907072488,,2.3496957907579956,
2017-11-10,Cancabato Bay,29.195318453013897,33.019501296803355,-0.06103701889514923,-0.003662221133708954,7.171850070357323,0.9831008,0.0,-1.8488772932115618,0.22999127794011529,,1.8631272724325192,
2017-11-11,Cancabato Bay,29.248786881566048,33.00424204207957,-0.07263405248522758,-0.017090365290641785,7.171850070357323,0.98329663,2.9362481272639562,-1.9009795813451442,-0.4069296893194494,,1.9440460747474024,
2017-11-12,Cancabato Bay,29.297128200531006,32.99813834019005,-0.07080294191837311,-0.009765923023223877,7.171850070357323,0.6994962,17.65263445156451,-2.548738560243687,-0.09630980800607515,,2.5505575522993458,
2017-11-13,Cancabato Bay,29.345469519495964,32.99203463830054,-0.06714072078466415,-0.005493331700563431,7.171850070357323,0.8186108,2.5862760315307036,-2.550319144923518,0.30402435301412584,,2.5683766367472436,
2017-11-14,Cancabato Bay,29.476577036082745,32.98593093641102,-0.07019257172942162,-0.014038514345884323,7.171850070357323,1.0292165,0.0,-1.9520149446850041,-0.4198723219371223,,1.9966609905045147,
2017-11-15,Cancabato Bay,29.497085474431515,32.99050871282816,-0.06775109097361565,-0.016479995101690292,7.171850070357323,0.7818938,10.226500497458462,-2.090982661838756,-1.081932600801882,,2.3543123507275356,
2017-11-16,Cancabato Bay,29.275154873728752,32.984405010938644,-0.07873775437474251,-0.0079348124563694,7.171850070357323,0.7719376,33.55937535161028,-3.966525681659349,0.18733288005913454,,3.970946938856576,
2017-11-17,Cancabato Bay,29.084719374775887,32.970671681687236,-0.062257759273052216,-0.0006103701889514923,7.171850070357323,0.9704801,15.388584909347681,-2.586783641974683,0.8255272677986195,,2.715316718224019,
2017-11-18,Cancabato Bay,29.091311372816563,32.97677538357675,-0.04028443247079849,0.0012207403779029846,7.171850070357323,1.3617662,11.148994163964122,-1.6127691809204165,0.542982148364114,,1.701720906720259,
2017-11-19,Cancabato Bay,29.20117800682783,32.99356056377292,-0.05005035549402237,-0.0158696249127388,7.171850070357323,2.3692849,0.0,-2.4257298612958103,-0.7463622376009507,,2.537956254488814,
2017-11-20,Cancabato Bay,29.239265106618404,33.00424204207957,-0.05493331700563431,-0.01342814415693283,7.171850070357323,1.9418086,3.8226660562399477,-2.5910571317084536,-0.48604816062039,,2.6362511022699837,
2017-11-21,Cancabato Bay,29.17993712425232,33.01187166944146,-0.05249183624982834,-0.014648884534835815,7.171850070357323,0.64112973,12.690724213664144,-2.585453585075931,-0.7845605170377051,,2.701870730711678,
2017-11-22,Cancabato Bay,29.116946920752525,33.02713092416525,-0.05493331700563431,-0.0158696249127388,7.171850070357323,0.40957367,0.0,-2.2140192563662113,-1.0311454142123069,,2.4423640459217912,
2017-11-23,Cancabato Bay,29.081057153642178,33.033234626054764,-0.05371257662773132,-0.01831110566854477,7.171850070357323,1.0558794,0.0,-2.8596418129155863,-0.9481539064809617,,3.0127308423671453,
2017-11-24,Cancabato Bay,29.009277619421482,33.054597582668066,-0.07507553324103355,-0.01831110566854477,7.171850070357323,0.42132488,1.4861972530048118,-3.428852618828359,-1.0619481563237665,,3.5895353694267373,
2017-11-25,Cancabato Bay,28.936033196747303,33.09579757042229,-0.08667256683111191,-0.017700735479593277,7.171850070357323,0.39384687,6.014756059494263,-3.620377534199709,-0.9325069078646786,,3.738542847601631,
2017-11-26,Cancabato Bay,28.83715322613716,33.138523483648896,-0.09277626872062683,-0.020142216235399246,7.171850070357323,0.33977604,0.0,-3.0418873696548614,-0.6513333627934765,,3.1108381377297065,
2017-11-27,Cancabato Bay,28.768303468823433,33.19193087518215,-0.10864589363336563,-0.019531846046447754,7.171850070357323,0.35474733,0.0,-3.504450739655437,-1.067193409729621,,3.663342293649595,
2017-11-28,Cancabato Bay,28.760979026556015,33.249916043132544,-0.11597033590078354,-0.024414807558059692,7.171850070357323,0.33104065,0.0,-2.8117659305639484,-1.7706225751095652,,3.3228198795251864,
2017-11-29,Cancabato Bay,28.712637707591057,33.283486403524876,-0.1110873743891716,-0.010986663401126862,7.171850070357323,0.36760756,7.138621388152004,-2.2634405788248477,-0.0063544027963392865,,2.2634494985101523,
2017-11-30,Cancabato Bay,28.735343478620052,33.29874565824866,-0.10254219174385071,-0.004272591322660446,7.171850070357323,0.4526481,3.919926344777068,-2.71785567555259,0.48201937828583885,,2.7602684931318713,
2017-12-01,Cancabato Bay,28.76757102459669,33.321634540334344,-0.10742515325546265,-0.012817773967981339,7.171850070357323,0.41372237,13.048586930710666,-2.460969013329548,-0.08128730285302631,,2.4623111318786117,
2017-12-02,Cancabato Bay,28.847407445311546,33.35062712430954,-0.11352885514497757,-0.017090365290641785,7.171850070357323,0.50665104,0.0,-2.285661497714201,-0.2959811098445065,,2.3047458210219,
2017-12-03,Cancabato Bay,28.90600298345089,33.39030118659139,-0.1110873743891716,-0.014648884534835815,7.171850070357323,0.7589994,0.0,-2.0475244561197794,-0.08788384752919037,,2.0494096635531736,
2017-12-04,Cancabato Bay,28.98803673684597,33.42234562151134,-0.1031525619328022,-0.02624591812491417,7.171850070357323,2.7971692,0.0,-0.8399679849703501,-1.3862248977190579,,1.6208533810407908,
2017-12-05,Cancabato Bay,28.90600298345089,33.41929377056658,-0.11169774457812309,-0.01831110566854477,7.171850070357323,1.2394131,39.145760228458684,-1.8445045222694152,-0.6825391562768731,,1.966737560663209,
2017-12-06,Cancabato Bay,28.93456830829382,33.42234562151134,-0.10803552344441414,-0.017700735479593277,7.171850070357323,1.7785976,0.0,-1.502845984018546,-0.17881617570314434,,1.513446819803646,
2017-12-07,Cancabato Bay,28.981444738805294,33.43760487623513,-0.10620441287755966,-0.012207403779029846,7.171850070357323,0.8069198,0.0,-1.4058567765514138,-0.09632600956465422,,1.4091529286398201,
2017-12-08,Cancabato Bay,29.1550340205431,33.426923397928476,-0.10193182155489922,-0.01831110566854477,7.171850070357323,0.52296495,0.0,-0.46811828163871333,-0.3030933711456631,,0.5576740241725666,
2017-12-09,Cancabato Bay,29.2619708776474,33.42234562151134,-0.1031525619328022,-0.003662221133708954,7.171850070357323,1.2013979,22.82695575567861,-0.17575145632434755,-0.0297195536073071,,0.17824653227130854,
2017-12-10,Cancabato Bay,29.342539742588997,33.42387154698372,-0.05371257662773132,-0.02136295661330223,7.171850070357323,1.3118356,1.5381654611410807,0.9889632075453613,-0.5576185334166636,,1.1353354811191978,
2017-12-11,Cancabato Bay,29.226813554763794,33.40861229225993,-0.07019257172942162,-0.017090365290641785,7.171850070357323,1.381589,28.87600766203274,-0.38311618391650754,-0.5341855598173453,,0.6573676465237073,
2017-12-12,Cancabato Bay,29.100100703537464,33.33536786958575,-0.06103701889514923,-0.021973326802253723,7.171850070357323,1.2646182,28.87600766203274,-0.30505055361241273,-1.5586341474644994,,1.5882053538197214,
2017-12-13,Cancabato Bay,28.907467871904373,33.25144196860492,-0.0476088747382164,-0.024414807558059692,7.171850070357323,1.2643797,65.37567422031978,0.6193046693191653,-2.8167939775395983,,2.8840711824335874,
2017-12-14,Cancabato Bay,28.617419958114624,33.16141236573458,-0.05066072568297386,-0.0238044373691082,7.171850070357323,1.2180803,77.00268415749646,4.091687352477224,-5.162695343044455,,6.587513081240521,
2017-12-15,Cancabato Bay,28.314920492470264,33.06070128455758,-0.0238044373691082,-0.01892147585749626,7.171850070357323,2.326706,77.00268415749646,6.690283402363406,-1.1335547432995305,,6.785634705758639,
2017-12-16,Cancabato Bay,28.192602306604385,33.02255314774811,0.012817773967981339,-0.0006103701889514923,7.171850070357323,2.9349577,97.95962181944437,2.849425155258973,3.45673355392012,,4.479757870490307,
2017-12-17,Cancabato Bay,28.32883693277836,33.007293893024325,-0.012817773967981339,0.010986663401126862,7.171850070357323,2.9439838,0.0,-2.0372073265387627,2.825508011298908,,3.4833474149469392,
2017-12-18,Cancabato Bay,28.388164915144444,32.99203463830054,-0.051271095871925354,-0.001831110566854477,7.171850070357323,5.790158,0.0,-2.1881898596975757,0.3882486455075376,,2.222366277826797,
2017-12-19,Cancabato Bay,28.322244934737682,32.995086489245296,-0.07324442267417908,-0.009765923023223877,7.171850070357323,4.196252,0.0,-1.9919116583507142,-0.21203091023948079,,2.0031647864243407,
2017-12-20,Cancabato Bay,28.245338290929794,32.99356056377292,-0.09765923023223877,-0.0238044373691082,7.171850070357323,2.6157675,2.299314108900369,-2.0493012907654284,-1.795337402950013,,2.724494846896237,
2017-12-21,Cancabato Bay,28.040986351668835,32.972197607159615,-0.13672292232513428,-0.02929776906967163,7.171850070357323,2.6234488,53.471592516183094,-2.8871768789275962,-2.6102559725663816,,3.8922007364128284,
2017-12-22,Cancabato Bay,27.81466108560562,32.99203463830054,-0.16296884045004845,-0.021973326802253723,7.171850070357323,0.6685944,73.8665923462889,-5.246522392348733,-0.9666834550026138,,5.334835903342525,
2017-12-23,Cancabato Bay,27.778771318495274,33.08511609211564,-0.12878810986876488,-0.009765923023223877,7.171850070357323,0.6699239,0.0,-4.087793317615477,0.7699864575151869,,4.159679477111011,
2017-12-24,Cancabato Bay,27.947233490645885,33.18277532234788,-0.10376293212175369,-0.012207403779029846,7.171850070357323,2.4054203,0.0,-2.517096219037471,-0.20018434441924013,,2.525043989249156,
2017-12-25,Cancabato Bay,28.073946341872215,33.246864192187786,-0.09887997061014175,-0.016479995101690292,7.171850070357323,1.6531065,3.830668233073177,-2.331860732250165,-0.6726030210998161,,2.4269258947489263,
2017-12-26,Cancabato Bay,28.16183964908123,33.30179750919342,-0.10559404268860817,-0.01831110566854477,7.171850070357323,1.0533295,0.0,-2.793434984773762,-0.4704491593430734,,2.832772745153517,
2017-12-27,Cancabato Bay,28.073213897645473,33.35825675167143,-0.11352885514497757,-0.022583696991205215,7.171850070357323,0.8172339,12.747225228209086,-3.2446031585855493,-0.7330218738318869,,3.3263750125653804,
2017-12-28,Cancabato Bay,27.99777214229107,33.41013821773231,-0.119022186845541,-0.021973326802253723,7.171850070357323,1.3682926,0.0,-2.4563818764372654,-1.2750096267132704,,2.7675732097093606,
2017-12-29,Cancabato Bay,27.94430371373892,33.44828635454178,-0.1269569993019104,-0.02685628831386566,7.171850070357323,1.8949456,33.96224037146035,-2.278366725090663,-1.7687776873529741,,2.8843594507755252,
2017-12-30,Cancabato Bay,27.843958854675293,33.489486342296004,-0.1348918117582798,-0.028077028691768646,7.171850070357323,1.7855004,12.187244930206399,-2.186298000727165,-2.633413743466091,,3.4226841648419284,
2017-12-31,Cancabato Bay,27.7809686511755,33.49559004418552,-0.12268440797924995,-0.025635547935962677,7.171850070357323,2.453224,43.35386497448809,-1.6783271380014961,-1.429853782859788,,2.204827390638718,
2018-01-01,Cancabato Bay,27.643269136548042,33.4681233856827,-0.14648884534835815,-0.02685628831386566,7.171850070357323,0.8800369,109.95700778900245,-4.295095189115032,-2.7266932801909527,,5.087504194376412,
2018-01-02,Cancabato Bay,27.493118070065975,33.47117523662746,-0.16357921063899994,-0.020142216235399246,7.171850070357323,0.8918921,60.85061566898238,-4.070862820088437,-0.034411298565017505,,4.07100825809127,
2018-01-03,Cancabato Bay,27.47846918553114,33.487960416823626,-0.15625476837158203,-0.01831110566854477,7.171850070357323,0.8492189,0.0,-2.4838487744524125,0.015668832806908645,,2.483898195713802,
2018-01-04,Cancabato Bay,27.547318942844868,33.51084929890931,-0.16113772988319397,-0.020142216235399246,7.171850070357323,0.86910695,8.37362273127888,-2.6084051407575886,-0.5614016606257511,,2.6681359041255686,
2018-01-05,Cancabato Bay,27.640339359641075,33.53373818099499,-0.15320291742682457,-0.01892147585749626,7.171850070357323,0.83222556,25.838176645029087,-3.102752554689276,-0.5398242304798195,,3.1493624141155867,
2018-01-06,Cancabato Bay,27.743613995611668,33.55052336119115,-0.1422162540256977,-0.014038514345884323,7.171850070357323,1.2897887,0.0,-2.8094440873485986,-0.22631972390692792,,2.818545138429986,
2018-01-07,Cancabato Bay,27.80587175488472,33.55662706308067,-0.13367107138037682,-0.016479995101690292,7.171850070357323,1.5380393,0.0,-1.8594641884856424,0.2687382369262844,,1.8787834649705688,
2018-01-08,Cancabato Bay,27.865199737250805,33.561204839497805,-0.1269569993019104,-0.012817773967981339,7.171850070357323,1.046698,6.747311138116515,-2.1223977420037605,0.04214848982431399,,2.1228162121241514,
2018-01-09,Cancabato Bay,27.927457496523857,33.57493816874921,-0.14099551364779472,-0.02075258642435074,7.171850070357323,1.0225887,18.607682596761197,-2.5447473281469097,-1.3995730121847825,,2.9042285689227048,
2018-01-10,Cancabato Bay,27.959685042500496,33.57951594516635,-0.14465773478150368,-0.0238044373691082,7.171850070357323,1.1289064,62.787484080646756,-2.5251542935610423,-0.6150715295479243,,2.598983876970034,
2018-01-11,Cancabato Bay,27.915005944669247,33.55357521213591,-0.13977477326989174,-0.023194067180156708,7.171850070357323,0.9438766,7.548089568226482,-1.357152458067771,-0.7110036623673452,,1.532119121458632,
2018-01-12,Cancabato Bay,27.80953397601843,33.50474559701979,-0.14770958572626114,-0.029908139258623123,7.171850070357323,0.81002927,6.35508495397842,-1.4248983091172407,-2.095612292147641,,2.534151943022648,
2018-01-13,Cancabato Bay,27.524613171815872,33.46049375832081,-0.1666310615837574,-0.030518509447574615,7.171850070357323,0.74588394,73.85148768074596,-3.5343633626619315,-1.641941783884762,,3.8971396178471243,
2018-01-14,Cancabato Bay,27.293893240392208,33.4253974724561,-0.16541032120585442,-0.027466658502817154,7.171850070357323,0.6191613,48.7345384165121,-3.3846224641987175,-1.5709358496433543,,3.731421802591244,
2018-01-15,Cancabato Bay,27.215521708130836,33.39793081395328,-0.1422162540256977,-0.021973326802253723,7.171850070357323,0.5621022,47.57633502338642,-2.144124087876497,-0.5024351995463293,,2.202205538535261,
2018-01-16,Cancabato Bay,27.247749254107475,33.3536789752543,-0.13061922043561935,-0.0158696249127388,7.171850070357323,0.5932959,30.993508037286826,-2.811742582561293,0.20332704897867562,,2.8190846456668925,
2018-01-17,Cancabato Bay,27.456495858728886,33.344523422420025,-0.1263466291129589,-0.010986663401126862,7.171850070357323,0.8489173,29.182004739682135,-2.8145837556905517,0.4081213059560838,,2.84401911353852,
2018-01-18,Cancabato Bay,27.61397136747837,33.36436045356095,-0.12817773967981339,-0.017090365290641785,7.171850070357323,0.9547084,61.47962416627537,-2.8728073302524755,-0.07145905175256409,,2.8736959395227832,
2018-01-19,Cancabato Bay,27.70845667272806,33.38267155922949,-0.1263466291129589,-0.019531846046447754,7.171850070357323,0.96014655,10.838560722887326,-3.2475345639770543,-0.32494644208327816,,3.2637510527686113,
2018-01-20,Cancabato Bay,27.829309970140457,33.40861229225993,-0.119022186845541,-0.01892147585749626,7.171850070357323,1.3370221,0.0,-2.446119508943758,-0.46668137926294223,,2.4902393784104397,
2018-01-21,Cancabato Bay,27.910611279308796,33.426923397928476,-0.11169774457812309,-0.017090365290641785,7.171850070357323,1.3284135,21.848714514662284,-2.514319209915905,-0.5037152434805301,,2.5642796524300526,
2018-01-22,Cancabato Bay,27.972136594355106,33.442182652652264,-0.10254219174385071,-0.017700735479593277,7.171850070357323,0.8851277,18.4644587976864,-2.033813966727747,-0.12958882217953568,,2.0379382998733626,
2018-01-23,Cancabato Bay,28.05124057084322,33.452864130958915,-0.09582811966538429,-0.019531846046447754,7.171850070357323,1.0158709,0.0,-1.6504901569636985,-0.6247123479292392,,1.7647615351342278,
2018-01-24,Cancabato Bay,28.066621899604797,33.44523450359702,-0.08606219664216042,-0.012207403779029846,7.171850070357323,1.0215755,34.32481245339489,-1.5303391639507242,-0.9182955181662,,1.7847141550975416,
2018-01-25,Cancabato Bay,28.17868586629629,33.43760487623513,-0.08423108607530594,-0.012207403779029846,7.171850070357323,1.148753,0.0,-1.8090469414214665,-0.1487047275182804,,1.8151484601135657,
2018-01-26,Cancabato Bay,28.244605846703053,33.417767845094204,-0.09765923023223877,-0.014648884534835815,7.171850070357323,0.44068182,0.0,-2.2426526833142337,-0.14622618502737827,,2.2474147715017345,
2018-01-27,Cancabato Bay,28.066621899604797,33.391827112063766,-0.119022186845541,-0.020142216235399246,7.171850070357323,0.43763125,137.59687585800222,-3.5943069004191908,-0.5585666892709731,,3.6374494966616577,
2018-01-28,Cancabato Bay,27.853480629622936,33.41166414320469,-0.13611255213618279,-0.021973326802253723,7.171850070357323,0.80947375,39.31339285853572,-3.156770288489877,-0.3295584060931542,,3.173926180193724,
2018-01-29,Cancabato Bay,27.868129514157772,33.45439005643129,-0.1110873743891716,-0.022583696991205215,7.171850070357323,1.0697973,19.65669642926786,-1.8492974535260693,-1.0396314278627055,,2.1214934780521606,
2018-01-30,Cancabato Bay,27.808069087564945,33.500167820602655,-0.10437330231070518,-0.022583696991205215,7.171850070357323,0.87513417,0.0,-2.1072805935418426,-1.755407357221389,,2.742642246029373,
2018-01-31,Cancabato Bay,27.73995177447796,33.5398418828845,-0.10010071098804474,-0.021973326802253723,7.171850070357323,0.873513,0.0,-2.1775373102308393,-1.308745865624671,,2.5405677472244323,
2018-02-01,Cancabato Bay,27.73702199757099,33.55204928666353,-0.08911404758691788,-0.024414807558059692,7.171850070357323,0.80511105,13.597583685439234,-1.7418438507629945,-1.7184321885572678,,2.44684065421322,
2018-02-02,Cancabato Bay,27.734092220664024,33.53373818099499,-0.08484145626425743,-0.022583696991205215,7.171850070357323,0.77710724,92.99422262270993,-1.8404047008363724,-1.7408365547918623,,2.5332985164327195,
2018-02-03,Cancabato Bay,27.725302889943123,33.52153077721596,-0.06958220154047012,-0.01892147585749626,7.171850070357323,0.60026485,0.0,-1.2956154237968815,-1.0318863686250745,,1.6563238826191622,
2018-02-04,Cancabato Bay,27.74507888406515,33.49406411871314,-0.062257759273052216,-0.020142216235399246,7.171850070357323,0.5134873,25.833627149319877,-0.799319992276917,-1.0683841127863547,,1.3343002145348912,
2018-02-05,Cancabato Bay,27.67476423829794,33.46201968379319,-0.04821924492716789,-0.027466658502817154,7.171850070357323,0.57239187,0.0,0.4637442928286893,-2.943958527883775,,2.980260153582366,
2018-02-06,Cancabato Bay,27.509964287281036,33.44828635454178,-0.08362071588635445,-0.02929776906967163,7.171850070357323,0.5971671,0.0,-0.4952362397439102,-3.5513204668817866,,3.5856848706556965,
2018-02-07,Cancabato Bay,27.37226477265358,33.44523450359702,-0.09033478796482086,-0.028077028691768646,7.171850070357323,0.7654698,50.942162522873566,-1.312598287742555,-2.380025165299671,,2.7179834533058536,
2018-02-08,Cancabato Bay,27.443311862647533,33.42387154698372,-0.04516739398241043,-0.023194067180156708,7.171850070357323,0.82256097,22.287194885765786,1.4082966247368254,-1.7672199567379319,,2.2597269212756554,
2018-02-09,Cancabato Bay,27.51142917573452,33.37809378281236,-0.01037629321217537,-0.017090365290641785,7.171850070357323,0.98212487,0.0,1.4285553566273324,-1.1196730579121557,,1.8150587217946978,
2018-02-10,Cancabato Bay,27.75240332633257,33.36130860261619,-0.03234962001442909,-0.02685628831386566,7.171850070357323,1.9581536,0.0,1.3060107167253432,-1.392690016783311,,1.9092536434558254,
2018-02-11,Cancabato Bay,27.807336643338203,33.35978267714381,-0.06591998040676117,-0.02624591812491417,7.171850070357323,1.4390028,17.733777265579175,-1.0380955548450566,-1.9236110454620132,,2.185845794014876,
2018-02-12,Cancabato Bay,27.623493142426014,33.3246863912791,-0.13122959062457085,-0.029908139258623123,7.171850070357323,1.4391353,78.75261014261947,-2.976686802822439,-3.192335386533996,,4.364821822504836,
2018-02-13,Cancabato Bay,27.301950126886368,33.26975307427347,-0.17151402309536934,-0.027466658502817154,7.171850070357323,1.2407811,110.95046644850662,-5.766485471983214,-1.1519391315587542,,5.880418221641196,
2018-02-14,Cancabato Bay,27.236030146479607,33.26670122332871,-0.14709921553730965,-0.014038514345884323,7.171850070357323,2.0309544,63.00208817503323,-3.8626578602622303,0.9450423707034578,,3.9765853225940475,
2018-02-15,Cancabato Bay,27.522415839135647,33.295693807303905,-0.1269569993019104,-0.004272591322660446,7.171850070357323,2.0236948,0.0,-2.1314906937389235,0.655211568291784,,2.2299225943334933,
2018-02-16,Cancabato Bay,27.923062831163406,33.32316046580672,-0.13061922043561935,-0.0048829615116119385,7.171850070357323,2.2041042,0.0,-1.666581524082078,-0.05056176242885648,,1.6673483344015594,
2018-02-17,Cancabato Bay,27.95382548868656,33.3536789752543,-0.14526810497045517,-0.01831110566854477,7.171850070357323,0.9236825,0.0,-1.9571562910168074,-0.48668020328932365,,2.016759372791014,
2018-02-18,Cancabato Bay,28.02267524600029,33.393353037536144,-0.17090365290641785,-0.019531846046447754,7.171850070357323,1.8710085,0.0,-2.8526738027855503,-0.871538713502124,,2.982838841478351,
2018-02-19,Cancabato Bay,28.07980589568615,33.439130801707506,-0.17334513366222382,-0.01831110566854477,7.171850070357323,0.7346517,0.0,-3.1016118606317122,-0.7777053665745809,,3.197627522274947,
2018-02-20,Cancabato Bay,28.102511666715145,33.44523450359702,-0.15320291742682457,-0.012207403779029846,7.171850070357323,0.75824034,48.78773034799594,-3.202213663183588,-0.07501403386060293,,3.203092170068744,
2018-02-21,Cancabato Bay,28.19479963928461,33.44981228001416,-0.13977477326989174,-0.012207403779029846,7.171850070357323,1.3931346,0.0,-2.8208230354131087,-0.15655873008511254,0.12725101235743566,2.8251642842643836,0.12725101235743566
2018-02-22,Cancabato Bay,28.228492073714733,33.44370857812464,-0.1263466291129589,-0.022583696991205215,7.171850070357323,2.1064532,0.0,-2.5349870339418077,-1.2863585198275291,,2.8426884288971865,0.12817322663203842
2018-02-23,Cancabato Bay,28.148655652999878,33.41471599414945,-0.13367107138037682,-0.025635547935962677,7.171850070357323,2.7271767,0.0,-2.649856558130256,-2.2895060260512317,,3.5019391231131975,0.12909544090664118
2018-02-24,Cancabato Bay,27.946501046419144,33.33994564600289,-0.13000885024666786,-0.024414807558059692,7.171850070357323,2.727179,60.9921447400468,-2.6057839158997305,-1.045629281043786,,2.8077482810497596,0.13001765518124395
2018-02-25,Cancabato Bay,27.790490426123142,33.26212344691157,-0.11658070608973503,-0.019531846046447754,7.171850070357323,1.266753,46.479735694373375,-2.997742553538224,-0.4093545755136094,,3.025563019635816,0.1309398694558467
2018-02-26,Cancabato Bay,27.76851709932089,33.21634568274021,-0.11535996571183205,-0.019531846046447754,7.171850070357323,0.6218109,7.221202985166363,-2.0152580368516073,-0.5607496952729678,,2.091818628811714,0.13186208373044947
2018-02-27,Cancabato Bay,27.823450416326523,33.17972347140312,-0.11658070608973503,-0.014648884534835815,7.171850070357323,0.503276,6.621711385897554,-2.6724094951309763,-0.3699617347036561,,2.6978962535299864,0.13278429800505223
2018-02-28,Cancabato Bay,27.999237030744553,33.1598864402622,-0.11658070608973503,-0.009765923023223877,7.171850070357323,0.5245321,0.0,-2.4033197947973797,0.13328484305886043,,2.407012855273969,0.133706512279655
2018-03-01,Cancabato Bay,28.167699202895164,33.16141236573458,-0.13122959062457085,-0.009765923023223877,7.171850070357323,0.70665836,0.0,-2.423317821782025,0.006011423158105901,,2.4233252779135457,0.13462872655425775
2018-03-02,Cancabato Bay,28.273903615772724,33.16599014215171,-0.15991698950529099,-0.012817773967981339,7.171850070357323,1.0782189,0.0,-2.6139892750839406,-0.24734785078193663,,2.625665799286023,0.13555094082886052
2018-03-03,Cancabato Bay,28.41526535153389,33.17209384404123,-0.17944883555173874,-0.009155552834272385,7.171850070357323,0.8441109,0.0,-2.971768648582013,0.5317885771610632,,3.0189746589684967,0.13647315510346328
2018-03-04,Cancabato Bay,28.520737320184708,33.20413827896118,-0.16907254233956337,-0.017090365290641785,7.171850070357323,0.7106589,0.0,-3.056711577135467,-0.5175977045406396,,3.100224677267719,0.13739536937806604
2018-03-05,Cancabato Bay,28.55003508925438,33.260597521439195,-0.14831995591521263,-0.014648884534835815,7.171850070357323,0.69063914,0.0,-2.6628497681735595,0.02176079945025639,,2.6629386812795173,0.1383175836526688
2018-03-06,Cancabato Bay,28.60789818316698,33.31247898750007,-0.14465773478150368,-0.024414807558059692,7.171850070357323,0.7895888,0.0,-2.8746086192147566,-1.331959780685124,,3.168200052242051,0.13923979792727156
2018-03-07,Cancabato Bay,28.61595506966114,33.37351600639522,-0.13733329251408577,-0.025025177747011185,7.171850070357323,0.49399266,0.0,-2.457698461171743,-1.6527070492733211,,2.9617093572401196,0.14016201220187433
2018-03-08,Cancabato Bay,28.657704390585423,33.42234562151134,-0.11291848495602608,-0.027466658502817154,7.171850070357323,0.6472377,0.0,-1.6299820734959445,-1.2415525451712148,,2.04897395843365,0.1410842264764771
2018-03-09,Cancabato Bay,28.593249298632145,33.463545609265566,-0.11047700420022011,-0.022583696991205215,7.171850070357323,0.7410792,0.0,-1.7364469005208445,-1.1015822885768414,,2.0563879441473683,0.14200644075107985
2018-03-10,Cancabato Bay,28.470931112766266,33.513901149854064,-0.12512588873505592,-0.025025177747011185,7.171850070357323,0.84312224,0.0,-2.7546669891068394,-1.6181624001238413,,3.194783212371301,0.1429286550256826
2018-03-11,Cancabato Bay,28.225562296807766,33.55510113760829,-0.14404736459255219,-0.028077028691768646,7.171850070357323,0.8439416,0.0,-3.2238715650523675,-1.718467842048298,,3.653283398821851,0.14385086930028537
2018-03-12,Cancabato Bay,28.05197301506996,33.57646409422159,-0.13733329251408577,-0.02685628831386566,7.171850070357323,0.82341564,17.623303385969173,-2.795610826597613,-1.8008468667693658,,3.325430698622786,0.14477308357488813
2018-03-13,Cancabato Bay,28.01461835950613,33.597827050834894,-0.12268440797924995,-0.02685628831386566,7.171850070357323,0.8865253,3.328162458377144,-2.2059395980218124,-1.4264532827179934,,2.626963737453864,0.1456952978494909
2018-03-14,Cancabato Bay,28.090060114860535,33.620715932920575,-0.10681478306651115,-0.024414807558059692,7.171850070357323,0.89258707,13.581010068948277,-2.110932579049339,-1.6480386520704295,,2.6780716480352074,0.14661751212409366
2018-03-15,Cancabato Bay,28.208716079592705,33.61461223103106,-0.08423108607530594,-0.014648884534835815,7.171850070357323,0.87569714,0.0,-2.0169811768684913,-0.38005224445120084,,2.052474793110551,0.14753972639869642
2018-03-16,Cancabato Bay,28.377178251743317,33.597827050834894,-0.07507553324103355,-0.0238044373691082,7.171850070357323,0.5491237,0.0,-2.048345398368668,-1.2514657576878867,,2.4003927623794015,0.14846194067329918
2018-03-17,Cancabato Bay,28.50462354719639,33.6115603800863,-0.10620441287755966,-0.02136295661330223,7.171850070357323,0.562086,0.0,-2.7134728954911767,-1.6243429018735724,,3.162502967181585,0.14938415494790194
2018-03-18,Cancabato Bay,28.642323061823845,33.643604815006256,-0.13122959062457085,-0.019531846046447754,7.171850070357323,0.35716423,0.0,-2.0695327063525455,-1.296208567392416,,2.441950505813824,0.1503063692225047
2018-03-19,Cancabato Bay,28.80785545706749,33.67107147350907,-0.12817773967981339,-0.014038514345884323,7.171850070357323,2.208543,0.0,-2.140660246516189,-0.4374586703127983,,2.184901915246218,0.15122858349710747
2018-03-20,Cancabato Bay,29.011474952101707,33.69548628106713,-0.11535996571183205,-0.020142216235399246,7.171850070357323,2.335808,0.0,-1.353875798368377,-0.24677760745890287,,1.3761827149585735,0.15215079777171023
2018-03-21,Cancabato Bay,29.02905361354351,33.718375163152814,-0.10071108117699623,-0.0238044373691082,7.171850070357323,0.52992046,0.0,-1.567784799111856,-1.21542902782019,,1.9837381122502373,0.153073012046313
2018-03-22,Cancabato Bay,28.995361179113388,33.739738119766116,-0.10193182155489922,-0.024414807558059692,7.171850070357323,0.5346248,0.0,-2.003039860345388,-1.5734605809011484,,2.547144848999022,0.15399522632091575
2018-03-23,Cancabato Bay,28.81957456469536,33.7549973744899,-0.11291848495602608,-0.02685628831386566,7.171850070357323,0.44099203,0.0,-2.35838024344723,-2.448416785462455,,3.3995149842317973,0.1549174405955185
2018-03-24,Cancabato Bay,28.433576457202435,33.77330848015845,-0.14954069629311562,-0.03357036039233208,7.171850070357323,0.43562472,0.0,-3.06246771694579,-3.1259363885012856,,4.376092643248269,0.15583965487012127
2018-03-25,Cancabato Bay,28.150852985680103,33.77025662921369,-0.13245033100247383,-0.032959990203380585,7.171850070357323,0.46657327,48.00960844241012,-2.1224349011557573,-2.807335791452346,,3.51935564494602,0.15676186914472404
2018-03-26,Cancabato Bay,28.057832568883896,33.77330848015845,-0.09216589853167534,-0.03234962001442909,7.171850070357323,0.6320336,0.0,-0.3479550904229708,-3.506040142655896,,3.523264143782841,0.1576840834193268
2018-03-27,Cancabato Bay,28.08786278218031,33.78246403299272,-0.04516739398241043,-0.028077028691768646,7.171850070357323,0.6342389,0.0,1.4429101761121566,-2.5415367700123412,,2.922567181375439,0.15860629769392956
2018-03-28,Cancabato Bay,28.152317874133587,33.77330848015845,-0.005493331700563431,-0.023194067180156708,7.171850070357323,0.4858847,0.0,1.5063195267128984,-2.4315041796278254,,2.8602816455908946,0.15952851196853232
2018-03-29,Cancabato Bay,28.311258271336555,33.77178255468607,0.0,-0.022583696991205215,7.171850070357323,0.30013925,0.0,1.9287919216107543,-2.275289512143231,,2.9828142149553813,0.16045072624313508
2018-03-30,Cancabato Bay,28.36619158834219,33.776360331103206,-0.012817773967981339,-0.021973326802253723,7.171850070357323,0.30132023,12.697095703393126,1.030619469490853,-2.2010961211727302,,2.430432189042773,0.16137294051773785
2018-03-31,Cancabato Bay,28.388897359371185,33.78246403299272,-0.03906369209289551,-0.022583696991205215,7.171850070357323,0.39124468,0.0,0.032014746042508466,-2.041304780253364,,2.0415558160014635,0.1622951547923406
2018-04-01,Cancabato Bay,28.481917776167393,33.79161958582699,-0.051271095871925354,-0.02075258642435074,7.171850070357323,0.68967545,10.826392420564597,0.05512286851741503,-1.6695068706180687,,1.670416631165568,0.16321736906694337
2018-04-02,Cancabato Bay,28.602038629353046,33.79161958582699,-0.07507553324103355,-0.014648884534835815,7.171850070357323,1.1477292,0.0,-1.2321624517936471,-0.665862256672675,,1.400570188341648,0.16413958334154613
2018-04-03,Cancabato Bay,28.706778153777122,33.79772328771651,-0.09826960042119026,-0.019531846046447754,7.171850070357323,1.339384,0.0,-1.7410900695793736,-0.5810955456922943,,1.835501747101139,0.1650617976161489
2018-04-04,Cancabato Bay,28.727286592125893,33.814508467912674,-0.10803552344441414,-0.019531846046447754,7.171850070357323,0.7112971,0.0,-2.1816181196409716,-0.6288247849765565,,2.2704356917003,0.16598401189075165
2018-04-05,Cancabato Bay,28.801995903253555,33.835871424525976,-0.11047700420022011,-0.020142216235399246,7.171850070357323,1.8724092,0.0,-1.7268059274896406,-0.9994059009402196,,1.995161864623392,0.16690622616535442
2018-04-06,Cancabato Bay,28.882564768195152,33.85265660472214,-0.11169774457812309,-0.017700735479593277,7.171850070357323,0.6224786,0.0,-1.9206798418643818,-0.9479662062913065,,2.1418802448350185,0.16782844043995718
2018-04-07,Cancabato Bay,28.923581644892693,33.85418253019452,-0.11169774457812309,-0.025635547935962677,7.171850070357323,0.6224751,34.34434765824876,-1.8561005767483887,-1.3916557770068392,,2.319873951895277,0.16875065471455994
2018-04-08,Cancabato Bay,28.928708754479885,33.85113067924976,-0.12207403779029846,-0.017090365290641785,7.171850070357323,0.5391969,37.22893524779299,-3.0401843624595237,-0.201364580768172,,3.046845688926724,0.1696728689891627
2018-04-09,Cancabato Bay,29.010010063648224,33.84044920094311,-0.11963255703449249,-0.0030518509447574615,7.171850070357323,0.3518785,32.31984091566775,-2.704358651418284,0.28981309968072017,,2.719843258029305,0.17059508326376546
2018-04-10,Cancabato Bay,29.09497359395027,33.82976772263646,-0.12390514835715294,-0.01342814415693283,7.171850070357323,0.5299681,3.6837131756182298,-2.688253469680853,-0.14569616182815895,,2.692198746159466,0.1715172975383682
2018-04-11,Cancabato Bay,29.12280647456646,33.82976772263646,-0.12207403779029846,-0.014648884534835815,7.171850070357323,0.5335902,0.0,-2.415436740944859,-0.15720754753059044,,2.4205472237712913,0.17243951181297096
2018-04-12,Cancabato Bay,29.23706777393818,33.84350105188787,-0.12512588873505592,-0.011597033590078354,7.171850070357323,2.2793653,0.0,-2.9387690032373874,0.01740163007050196,,2.9388205238016796,0.17336172608757372
2018-04-13,Cancabato Bay,29.342539742588997,33.85723438113928,-0.13061922043561935,-0.011597033590078354,7.171850070357323,0.41576502,0.0,-3.1239202393205536,0.32838545024023236,,3.141132704227261,0.17428394036217648
2018-04-14,Cancabato Bay,29.390148617327213,33.86791585944593,-0.13183996081352234,-0.014038514345884323,7.171850070357323,0.7135354,0.0,-2.8823810113883517,-0.05251690693721125,,2.8828594000274084,0.17520615463677924
2018-04-15,Cancabato Bay,29.430433049798012,33.886226965114474,-0.13000885024666786,-0.01831110566854477,7.171850070357323,1.4441986,0.0,-2.6363576160729636,-0.9558198664584372,,2.8042776426278735,0.176128368911382
2018-04-16,Cancabato Bay,29.481704145669937,33.90301214531064,-0.12146366760134697,-0.017090365290641785,7.171850070357323,1.472807,0.37619574763142644,-2.47631434773044,-0.62593919464225,,2.5541990181199705,0.17705058318598477
2018-04-17,Cancabato Bay,29.63771476596594,33.91521954908967,-0.1110873743891716,-0.017700735479593277,7.171850070357323,1.4867699,0.0,-2.193163788271821,-0.291905708939739,,2.212504541260518,0.17797279746058753
2018-04-18,Cancabato Bay,29.78933072090149,33.9274269528687,-0.10254219174385071,-0.01831110566854477,7.171850070357323,1.48677,0.0,-2.035698075800081,-0.3244701531115678,,2.061394560989331,0.1788950117351903
2018-04-19,Cancabato Bay,29.861842699348927,33.92437510192394,-0.10437330231070518,-0.02136295661330223,7.171850070357323,0.513616,19.2910510541532,-1.8665517840932881,-0.4360489569902145,,1.916808351294957,0.17981722600979305
2018-04-20,Cancabato Bay,29.81862848997116,33.92437510192394,-0.10437330231070518,-0.017090365290641785,7.171850070357323,0.45514277,21.616979669077327,-1.931990265708566,-0.410061942068802,,1.9750284005871643,0.1807394402843958
2018-04-21,Cancabato Bay,29.869899585843086,33.9274269528687,-0.10742515325546265,-0.011597033590078354,7.171850070357323,0.26400787,0.0,-1.987694200617966,-0.1525867073165266,,1.9935423091622597,0.18166165455899858
2018-04-22,Cancabato Bay,29.955595560371876,33.9274269528687,-0.10986663401126862,-0.010986663401126862,7.171850070357323,0.3260169,10.648553983091167,-2.211581271359485,0.18613608044822377,,2.219400450633608,0.18258386883360134
2018-04-23,Cancabato Bay,30.001007102429867,33.93658250570297,-0.11474959552288055,-0.012207403779029846,7.171850070357323,0.52608323,0.0,-2.7470575303121536,0.29411043055642966,,2.7627569600322786,0.1835060831082041
2018-04-24,Cancabato Bay,30.095492407679558,33.94726398400962,-0.1110873743891716,-0.012207403779029846,7.171850070357323,0.8517188,0.0,-1.6032414770093302,0.026599361924603014,,1.6034621166893388,0.18442829738280686
2018-04-25,Cancabato Bay,30.18997771292925,33.96099731326103,-0.10254219174385071,-0.02075258642435074,7.171850070357323,0.5668223,23.26261054212674,-1.4141081071775654,-0.3701153413944856,,1.4617411209652937,0.18535051165740962
2018-04-26,Cancabato Bay,30.228797256946564,33.96404916420579,-0.1110873743891716,-0.015259254723787308,7.171850070357323,0.90153414,0.0,-2.07533447845452,-0.40472558853284235,,2.1144304196344104,0.18627272593201238
2018-04-27,Cancabato Bay,30.238319031894207,33.968626940622926,-0.11597033590078354,-0.01892147585749626,7.171850070357323,0.46013087,9.663256893523586,-2.1935629065908606,0.027021738199087306,,2.1937293359725683,0.18719494020661515
2018-04-28,Cancabato Bay,30.248573251068592,33.982360269874334,-0.11474959552288055,-0.016479995101690292,7.171850070357323,0.79813135,0.0,-2.233577125533455,-0.6893621213608512,,2.3375386435465457,0.1881171544812179
2018-04-29,Cancabato Bay,30.30863367766142,33.993041748180985,-0.0952177494764328,-0.021973326802253723,7.171850070357323,1.5709977,0.0,-0.8653392950363316,-0.4907970272605264,,0.9948335627137562,0.18903936875582067
2018-04-30,Cancabato Bay,30.392132319509983,33.99609359912574,-0.08972441777586937,-0.025025177747011185,7.171850070357323,1.5530314,35.43929959866948,-1.546294763749674,-0.9122298819056613,,1.7953247210021024,0.18996158303042343
2018-05-01,Cancabato Bay,30.34598833322525,34.00067137554288,-0.10254219174385071,-0.014648884534835815,7.171850070357323,0.40235668,0.0,-2.515404220568057,-0.11203191009947981,,2.5178978417982196,0.1908837973050262
2018-05-02,Cancabato Bay,30.36576432734728,33.99761952459812,-0.10803552344441414,-0.009765923023223877,7.171850070357323,0.43310812,22.470044632689262,-2.4422122706825014,0.08339817330093191,,2.4436358219632712,0.19180601157962895
2018-05-03,Cancabato Bay,30.413373202085495,33.98998989723623,-0.10193182155489922,-0.003662221133708954,7.171850070357323,0.37310144,35.44131761922623,-2.062991515239135,0.07685972915066945,,2.064422778869139,0.19272822585423172
2018-05-04,Cancabato Bay,30.38334298878908,33.97930841892958,-0.10864589363336563,-0.01037629321217537,7.171850070357323,0.64604187,18.936354100894626,-2.270182558669039,0.2784458040557741,,2.2871949885135225,0.19365044012883448
2018-05-05,Cancabato Bay,30.420697644352913,33.980834344401956,-0.10986663401126862,-0.012817773967981339,7.171850070357323,0.7378601,0.0,-1.832684874011397,0.04361993882639025,,1.8332039020505568,0.19457265440343724
2018-05-06,Cancabato Bay,30.463179409503937,33.98846397176385,-0.10559404268860817,-0.01342814415693283,7.171850070357323,2.6968093,0.0,-1.6229489124462884,0.16838861916185827,,1.6316610859715408,0.19549486867804
2018-05-07,Cancabato Bay,30.55912960320711,33.99761952459812,-0.09277626872062683,-0.0030518509447574615,7.171850070357323,2.2639983,1.3278453342449934,-1.2215058636681866,0.2811616962350911,,1.25344663803672,0.19641708295264276
2018-05-08,Cancabato Bay,30.662404239177704,34.01287877932191,-0.08178960531949997,0.0012207403779029846,7.171850070357323,0.37330797,6.345919730945137,-0.8551425850124278,0.5089557515911209,,0.995140591966492,0.19733929722724552
2018-05-09,Cancabato Bay,30.81182286143303,34.02661210857332,-0.079348124563694,-0.010986663401126862,7.171850070357323,1.8118409,0.0,-1.1423109908884905,-0.011054729170654965,,1.14236448077734,0.1982615115018483
2018-05-10,Cancabato Bay,30.724661998450756,34.041871363297105,-0.08545182645320892,-0.010986663401126862,7.171850070357323,0.5336088,0.0,-1.9219562180682785,0.461355455865153,,1.976553708055479,0.19918372577645105
2018-05-11,Cancabato Bay,30.686574898660183,34.05102691613138,-0.09033478796482086,-0.015259254723787308,7.171850070357323,0.27271435,0.0,-1.9803883210426942,0.13478915777843087,,1.9849700297931252,0.2001059400510538
2018-05-12,Cancabato Bay,30.73052155226469,34.052552841603756,-0.0872829370200634,-0.020142216235399246,7.171850070357323,1.4533919,0.0,-1.130568158684385,-0.2867731319946515,,1.1663718063572277,0.20102815432565657
2018-05-13,Cancabato Bay,30.88213750720024,34.05713061802089,-0.08667256683111191,-0.007324442267417908,7.171850070357323,1.4536334,1.0964446448670409,-0.9908971427411675,0.0189894591173087,,0.9910790821373325,0.20195036860025933
2018-05-14,Cancabato Bay,30.937803268432617,34.05865654349327,-0.08484145626425743,0.009155552834272385,7.171850070357323,1.4313369,0.0,-1.5319331639026161,0.6542677435981785,,1.66579875704652,0.2028725828748621
2018-05-15,Cancabato Bay,30.932676158845425,34.06781209632754,-0.08911404758691788,0.0024414807558059692,7.171850070357323,0.81303626,14.66878171622182,-2.1286296218833294,0.6180744692149684,,2.2165468902449437,0.20379479714946486
2018-05-16,Cancabato Bay,30.89751883596182,34.08001950010657,-0.09094515815377235,-0.006714072078466415,7.171850070357323,0.34657413,0.799094556619565,-1.6951290506169931,0.35805759831426537,,1.7325321763119577,0.20471701142406762
2018-05-17,Cancabato Bay,30.94732504338026,34.08764912746847,-0.08789330720901489,-0.017700735479593277,7.171850070357323,0.42941204,5.716456458972285,-1.144179416655613,-0.024795893103841216,,1.14444806514459,0.20563922569867038
2018-05-18,Cancabato Bay,30.981749922037125,34.09375282935798,-0.08117923513054848,-0.0024414807558059692,7.171850070357323,1.2116009,4.72775486711496,-1.2852555845758056,0.22674616937908298,,1.305103728832074,0.20656143997327314
2018-05-19,Cancabato Bay,31.039613015949726,34.101382456719875,-0.09155552834272385,-0.0048829615116119385,7.171850070357323,0.32338116,0.0,-1.6484234035083956,0.2243968629759932,,1.663626661648481,0.2074836542478759
2018-05-20,Cancabato Bay,31.08282722532749,34.10596023313701,-0.11230811476707458,0.003662221133708954,7.171850070357323,0.32870382,5.283361444838893,-1.6388352482884494,0.5232510899362898,,1.720340859874048,0.20840586852247867
2018-05-21,Cancabato Bay,31.203680522739887,34.11206393502653,-0.15320291742682457,0.008545182645320892,7.171850070357323,1.2157847,5.848850732413345,-1.2495784116248443,0.4370894880651685,,1.3238177470391987,0.20932808279708143
2018-05-22,Cancabato Bay,31.20441296696663,34.124271338805556,-0.19959105178713799,0.0079348124563694,7.171850070357323,0.7800078,0.0,-1.6032275563163165,0.8467648170043373,,1.8131048653203643,0.2102502970716842
2018-05-23,Cancabato Bay,31.26960050314665,34.13495281711221,-0.1989806815981865,-0.0079348124563694,7.171850070357323,0.37117222,0.0,-1.9328879301089237,0.5510615562285638,,2.009906612037934,0.21117251134628695
2018-05-24,Cancabato Bay,31.242500066757202,34.13495281711221,-0.17761772498488426,-0.008545182645320892,7.171850070357323,0.5815129,0.0,-2.395374846640182,0.7245300247917608,,2.502551580435701,0.2120947256208897
2018-05-25,Cancabato Bay,31.17145297676325,34.1212194878608,-0.14893032610416412,-0.004272591322660446,7.171850070357323,0.29655045,9.59235673362074,-1.8165178120508017,0.5437104516669327,,1.8961429315190592,0.21301693989549247
2018-05-26,Cancabato Bay,31.17145297676325,34.10596023313701,-0.13367107138037682,-0.012207403779029846,7.171850070357323,0.5430109,0.2484981929913116,-2.2751587136123885,0.40722547818838417,,2.3113155912190217,0.21393915417009524
2018-05-27,Cancabato Bay,31.152409426867962,34.08001950010657,-0.11841181665658951,-0.009155552834272385,7.171850070357323,0.2498937,0.0,-2.2545021693352387,0.4425273783682235,,2.2975226902345818,0.214861368444698
2018-05-28,Cancabato Bay,31.117984548211098,34.04797506518662,-0.10071108117699623,-0.012817773967981339,7.171850070357323,0.24386716,16.305393762101,-1.8427589603317451,0.03667491865807963,,1.843123879597221,0.21578358271930076
2018-05-29,Cancabato Bay,30.958311706781387,34.01135285384953,-0.08606219664216042,-0.010986663401126862,7.171850070357323,0.24211597,2.73537155157461,-2.151303227213796,0.03132571728517564,,2.1515312863130585,0.21670579699390352
2018-05-30,Cancabato Bay,30.71440777927637,33.97473064251244,-0.07202368229627609,-0.001831110566854477,7.171850070357323,0.29929367,8.619057109942453,-2.1854261696600266,0.5679130964506084,,2.258010812231645,0.21762801126850628
2018-05-31,Cancabato Bay,30.70635089278221,33.932004729285836,-0.07751701399683952,-0.0024414807558059692,7.171850070357323,0.29674676,20.902631355931586,-1.5376676320203542,0.4102727444349797,,1.5914601695893282,0.21855022554310904
2018-06-01,Cancabato Bay,30.76787620782852,33.872493635863066,-0.07019257172942162,0.0024414807558059692,7.171850070357323,0.29074574,13.787310952195726,-0.7844255962446728,0.0593397471116635,,0.7866668428445974,0.2194724398177118
2018-06-02,Cancabato Bay,30.901181057095528,33.79314551129937,-0.011597033590078354,-0.0158696249127388,7.171850070357323,0.3185102,5.6874290525722815,1.0962790570487106,-0.6026870250481606,,1.2510233495362957,0.22039465409231457
2018-06-03,Cancabato Bay,30.78398998081684,33.80382698960602,-0.0024414807558059692,-0.009155552834272385,7.171850070357323,0.31861037,18.214170885543094,2.443725019328504,-1.1541765437277065,,2.7025757092417098,0.22131686836691733
2018-06-04,Cancabato Bay,30.892391726374626,33.79161958582699,-0.004272591322660446,-0.025025177747011185,7.171850070357323,0.3094753,24.058687152192242,1.5214808876670298,-1.483930283205205,,2.12531248924706,0.2222390826415201
2018-06-05,Cancabato Bay,30.762016654014587,33.751945523545146,-0.005493331700563431,-0.017700735479593277,7.171850070357323,0.2670863,19.90600062483035,2.2488012774267654,-1.7162173415034445,,2.828870648975206,0.22316129691612285
2018-06-06,Cancabato Bay,30.605273589491844,33.69701220653951,0.039674062281847,-0.008545182645320892,7.171850070357323,0.29305434,2.1166001569729644,3.5490739271199634,-0.7262575268938183,,3.622620009817845,0.22408351119072561
2018-06-07,Cancabato Bay,30.377483434975147,33.668019622564316,0.07629627361893654,0.0158696249127388,7.171850070357323,0.26317906,14.15360397271836,2.856418303844147,1.2141302447584494,,3.103745765647226,0.22500572546532838
2018-06-08,Cancabato Bay,30.14896083623171,33.6619159206748,0.09826960042119026,0.029908139258623123,7.171850070357323,0.2661451,10.304173751380118,2.0364405750319605,2.1239327805013075,,2.9424786612182112,0.22592793973993114
2018-06-09,Cancabato Bay,30.01052887737751,33.66496777161956,0.09277626872062683,0.03357036039233208,7.171850070357323,0.26789477,5.822915410843139,1.2346565328533257,2.458644142159691,,2.751237498271198,0.2268501540145339
2018-06-10,Cancabato Bay,29.997344881296158,33.67564924992621,0.07507553324103355,0.032959990203380585,7.171850070357323,0.24675766,4.544508590484961,1.2718056493500525,2.10225216580693,,2.457021322324785,0.22777236828913666
2018-06-11,Cancabato Bay,30.048615977168083,33.69548628106713,0.05493331700563431,0.027466658502817154,7.171850070357323,0.24838343,19.244363464867348,1.1659085006520007,1.7418925509934173,,2.0960754497629495,0.22869458256373942
2018-06-12,Cancabato Bay,30.212683483958244,33.7122714612633,0.05615405738353729,0.0238044373691082,7.171850070357323,0.25601113,0.0,0.7399550301562173,1.344360758702566,,1.5345485642992298,0.22961679683834219
2018-06-13,Cancabato Bay,30.322550117969513,33.730582566931844,0.05066072568297386,0.025025177747011185,7.171850070357323,0.30913463,0.0,1.1797586697908655,1.6258511006845893,,2.0087862804549426,0.23053901111294495
2018-06-14,Cancabato Bay,30.433881640434265,33.74584182165563,0.04455702379345894,0.030518509447574615,7.171850070357323,0.57417107,0.0,0.14581458104292883,1.7007723417753549,,1.707011555494792,0.2314612253875477
2018-06-15,Cancabato Bay,30.51005584001541,33.739738119766116,0.03357036039233208,0.0317392498254776,7.171850070357323,1.4963888,8.58759401324458,0.06532662546532789,1.591149547464111,,1.5924900157897168,0.23238343966215047
2018-06-16,Cancabato Bay,30.50932339578867,33.7336344178766,0.048829615116119385,0.01831110566854477,7.171850070357323,1.5521367,0.0,1.0789978783409875,1.0469937168662393,,1.5034734000379704,0.23330565393675323
2018-06-17,Cancabato Bay,30.425092309713364,33.7336344178766,0.028077028691768646,0.016479995101690292,7.171850070357323,1.4954553,9.048013957544638,0.12987461385288532,1.248004829038178,,1.2547443837794405,0.234227868211356
2018-06-18,Cancabato Bay,30.4485305249691,33.73668626882136,0.021973326802253723,0.009765923023223877,7.171850070357323,1.5898465,6.904266802266764,-0.2174520419855045,0.5526070253324168,,0.5938517618146871,0.23515008248595876
2018-06-19,Cancabato Bay,30.73491621762514,33.72600479051471,0.0079348124563694,-0.005493331700563431,7.171850070357323,2.1580808,13.12554565862345,0.7356624982185743,-0.057811257772562456,,0.7379305203136942,0.23607229676056152
2018-06-20,Cancabato Bay,30.77593309432268,33.716849237680435,0.02075258642435074,0.006103701889514923,7.171850070357323,2.1496546,6.562772829311725,0.6446428433332579,0.4782113910519958,,0.8026521849423149,0.23699451103516428
2018-06-21,Cancabato Bay,30.846980184316635,33.706167759373784,-0.019531846046447754,0.019531846046447754,7.171850070357323,2.0801594,6.177938000462688,0.23166645699490243,0.641108681737592,,0.6816815158825152,0.23791672530976704
2018-06-22,Cancabato Bay,30.93414104729891,33.70769368484616,-0.06469924002885818,0.01037629321217537,7.171850070357323,0.6953967,1.198734206513475,-0.7470380999414661,0.8489128578670252,,1.1308045644655473,0.2388389395843698
2018-06-23,Cancabato Bay,30.921689495444298,33.70158998295665,-0.08117923513054848,0.009155552834272385,7.171850070357323,0.6952004,3.426575774201951,-1.4515567791877766,0.8717362734483336,,1.693204421696205,0.23976115385897256
2018-06-24,Cancabato Bay,31.04474012553692,33.69701220653951,-0.07324442267417908,-0.0012207403779029846,7.171850070357323,0.36917013,2.3347313046074523,-0.8887841107251051,0.39676261419070247,,0.9733230540251556,0.24068336813357533
2018-06-25,Cancabato Bay,31.060853898525238,33.68480480276048,-0.07324442267417908,-0.006103701889514923,7.171850070357323,1.2833613,9.338925218429809,-0.4172140056692059,0.3743623026966581,,0.5605485351036861,0.2416055824081781
2018-06-26,Cancabato Bay,31.02423168718815,33.680227026343346,-0.04943998530507088,0.010986663401126862,7.171850070357323,0.4950969,0.0,-0.3738332908350151,0.8122362701136677,,0.8941359448231013,0.24252779668278085
2018-06-27,Cancabato Bay,31.28717916458845,33.68480480276048,-0.02075258642435074,-0.008545182645320892,7.171850070357323,0.4969644,0.0,0.2852252295783333,0.24746801099206645,,0.37761600608605356,0.2434500109573836
2018-06-28,Cancabato Bay,31.39338357746601,33.69548628106713,-0.01037629321217537,-0.03479110077023506,7.171850070357323,0.3507195,2.100382300611502,1.0467375171297442,0.1729062354490316,,1.0609222384435617,0.24437222523198637
2018-06-29,Cancabato Bay,31.361156031489372,33.704641833901405,0.014038514345884323,0.0024414807558059692,7.171850070357323,0.5883385,12.120502520673954,0.6209351699769182,0.7241250100326363,,0.9538959667956616,0.24529443950658913
2018-06-30,Cancabato Bay,31.27912227809429,33.706167759373784,0.02624591812491417,0.012817773967981339,7.171850070357323,0.48505,0.47850704040771097,0.9842144416920112,0.7126718570079614,,1.2151457702705029,0.2462166537811919
2018-07-01,Cancabato Bay,31.108462773263454,33.70921961031854,-0.006103701889514923,0.014038514345884323,7.171850070357323,0.48838395,11.105779257826152,-0.23326387799730694,1.1352926836632833,,1.159008849991113,0.24713886805579466
2018-07-02,Cancabato Bay,31.13995787501335,33.70921961031854,0.003662221133708954,-0.011597033590078354,7.171850070357323,0.5212578,2.741709637565735,0.05619836861444526,0.35220197082034,,0.35665737744319365,0.24806108233039742
2018-07-03,Cancabato Bay,31.227118737995625,33.71379738673568,0.006714072078466415,-0.0079348124563694,7.171850070357323,0.5147281,5.552889628913076,1.1163478546424561,-0.05555589041001639,,1.1177293901137537,0.24898329660500018
2018-07-04,Cancabato Bay,31.13922543078661,33.7122714612633,0.0158696249127388,0.0030518509447574615,7.171850070357323,0.51027966,5.552889628913076,0.8201461249175483,0.06518945800814736,,0.8227328434265079,0.24990551087960294
2018-07-05,Cancabato Bay,30.978820145130157,33.718375163152814,0.014038514345884323,0.0,7.171850070357323,0.5080579,10.942612417970604,0.2503005539084946,0.3546321376638397,,0.4340671841442564,0.2508277251542057
2018-07-06,Cancabato Bay,30.94293037801981,33.72447886504233,0.01831110566854477,0.004272591322660446,7.171850070357323,0.50482786,13.65605959115318,0.5741445641507726,0.41426054300681425,,0.707992781062195,0.25174993942880847
2018-07-07,Cancabato Bay,30.948789931833744,33.73210849240422,0.02868739888072014,0.009155552834272385,7.171850070357323,2.0791776,13.65605959115318,0.9014559948683946,0.6695521458876715,,1.1229082717421548,0.25267215370341123
2018-07-08,Cancabato Bay,30.956114374101162,33.73668626882136,0.03723258152604103,0.007324442267417908,7.171850070357323,1.5958587,14.385871468260646,1.2623225071326116,0.21287780602222284,,1.2801465042370725,0.253594367978014
2018-07-09,Cancabato Bay,30.843317963182926,33.75041959807277,0.048829615116119385,0.009765923023223877,7.171850070357323,0.3531057,0.0,1.7148131955493322,0.48300261391754046,,1.7815374878686356,0.25451658225261675
2018-07-10,Cancabato Bay,30.68071534484625,33.76873070374131,0.05066072568297386,0.017090365290641785,7.171850070357323,0.665611,6.098217975598175,1.1247529346856433,1.4071473285545515,,1.8014252047593255,0.2554387965272195
2018-07-11,Cancabato Bay,30.46098207682371,33.76720477826893,0.04272591322660446,0.0079348124563694,7.171850070357323,0.51087326,0.0,1.5957826203301977,0.6893275069926069,,1.7383022128630436,0.2563610108018223
2018-07-12,Cancabato Bay,30.26468702405691,33.74889367260039,0.035401470959186554,0.0006103701889514923,7.171850070357323,0.51426244,19.47254404854089,1.9268428267604292,0.35170544804753484,,1.9586781259881467,0.25728322507642504
2018-07-13,Cancabato Bay,30.132114619016647,33.739738119766116,0.032959990203380585,-0.0012207403779029846,7.171850070357323,0.26718944,17.893042655798578,1.5653373985264092,0.0363899524725731,,1.5657603264441153,0.2582054393510278
2018-07-14,Cancabato Bay,30.00979643315077,33.742789970710874,0.0476088747382164,0.007324442267417908,7.171850070357323,0.24859096,5.505846475259946,2.20319086058527,0.45386386573053056,,2.2494537952094777,0.25912765362563056
2018-07-15,Cancabato Bay,29.76516006141901,33.739738119766116,0.06408886983990669,0.01342814415693283,7.171850070357323,0.37933332,9.173319674147583,2.87599820070714,0.9710208911988278,,3.035497853996157,0.2600498679002333
2018-07-16,Cancabato Bay,29.492690809071064,33.75041959807277,0.08972441777586937,0.028077028691768646,7.171850070357323,0.34645444,20.06144768894671,2.7011813707675527,2.082632235303215,,3.410826560425748,0.2609720821748361
2018-07-17,Cancabato Bay,29.374034844338894,33.77483440563083,0.09033478796482086,0.02624591812491417,7.171850070357323,0.46908256,5.124339535594368,1.6896767927995042,1.7279551341203763,,2.4167822842900404,0.26189429644943885
2018-07-18,Cancabato Bay,29.464857928454876,33.78246403299272,0.07751701399683952,0.024414807558059692,7.171850070357323,0.47870165,3.2590536797008576,1.7510834921036944,1.1976302729161845,,2.1214645099372658,0.2628165107240416
2018-07-19,Cancabato Bay,29.620868548750877,33.79467143677175,0.079348124563694,0.017700735479593277,7.171850070357323,0.89871067,3.62331762100561,2.2787956366447584,0.7401702822039546,,2.395988647771327,0.26373872499864437
2018-07-20,Cancabato Bay,29.7124240770936,33.80993069149554,0.07019257172942162,0.025025177747011185,7.171850070357323,0.89089787,4.278414333209444,1.9309590516560733,1.1153616981215555,,2.2299404872796766,0.26466093927324713
2018-07-21,Cancabato Bay,29.73586229234934,33.81756031885743,0.07019257172942162,0.028077028691768646,7.171850070357323,1.0560671,2.3770054369307942,2.249200579034564,2.1705890573401136,,3.125757524276965,0.2655831535478499
2018-07-22,Cancabato Bay,29.62233343720436,33.8053529150784,0.06591998040676117,0.021973326802253723,7.171850070357323,1.0235673,2.8242619243292766,2.1474814940391114,1.4213329071424718,,2.575240571318828,0.26650536782245265
2018-07-23,Cancabato Bay,29.428235717117786,33.802301064133644,0.06164738908410072,0.009155552834272385,7.171850070357323,0.9856738,5.932953986877831,2.5834455483503334,0.6290270877947404,,2.6589219579503807,0.2674275820970554
2018-07-24,Cancabato Bay,29.390148617327213,33.79161958582699,0.04943998530507088,-0.003662221133708954,7.171850070357323,0.902824,3.0228541914266525,3.3113664317334823,-0.769420706749403,,3.399581719739369,0.2683497963716582
2018-07-25,Cancabato Bay,29.428968161344528,33.765678852796555,0.0555436871945858,-0.0012207403779029846,7.171850070357323,1.3381876,0.0,2.8326806473550246,-0.3905932965799634,,2.8594829555765644,0.26927201064626094
2018-07-26,Cancabato Bay,29.51173435896635,33.77025662921369,0.059205908328294754,0.011597033590078354,7.171850070357323,1.3546568,4.1813113449480594,1.886472506400867,0.4459687934017645,,1.9384701911803015,0.2701942249208637
2018-07-27,Cancabato Bay,29.65822320431471,33.78551588393748,0.059816278517246246,0.020142216235399246,7.171850070357323,1.0795643,0.0,1.7135553388624218,1.2144683038260375,,2.100286923337381,0.27111643919546646
2018-07-28,Cancabato Bay,29.82229071110487,33.79314551129937,0.05493331700563431,0.020142216235399246,7.171850070357323,0.5930882,0.0,2.0480047791239353,0.6124216061757547,,2.1376117044555523,0.2720386534700692
2018-07-29,Cancabato Bay,29.93288978934288,33.7839899584651,0.04455702379345894,0.012817773967981339,7.171850070357323,0.389006,0.0,1.8525753959713922,0.3510183987316785,,1.885536929897347,0.272960867744672
2018-07-30,Cancabato Bay,29.980498664081097,33.77178255468607,0.03784295171499252,0.006714072078466415,7.171850070357323,0.38027683,6.929904946123069,1.751330949990847,0.18683666430050572,,1.7612688708776925,0.27388308201927475
2018-07-31,Cancabato Bay,30.040559090673923,33.74736774712801,0.038453321903944016,0.011597033590078354,7.171850070357323,0.3021231,14.653631632320419,1.7791532259610876,0.4127507026929673,,1.8264033902786327,0.2748052962938775
2018-08-01,Cancabato Bay,29.995147548615932,33.7336344178766,0.04150517284870148,0.017090365290641785,7.171850070357323,0.32586095,0.0,1.8277229340805095,0.8242487304891939,,2.0049830656334517,0.27572751056848027
2018-08-02,Cancabato Bay,29.861842699348927,33.71532331220806,0.06164738908410072,0.019531846046447754,7.171850070357323,0.34181878,3.8813404675108933,2.1694833297711864,1.2820895603221343,,2.5200022934200037,0.27664972484308303
2018-08-03,Cancabato Bay,29.632587656378746,33.70769368484616,0.06653035059571266,0.019531846046447754,7.171850070357323,0.35248262,3.3104257884497845,2.525540590010881,1.2554273719902154,,2.820364011636577,0.2775719391176858
2018-08-04,Cancabato Bay,29.489761032164097,33.70921961031854,0.07080294191837311,0.017090365290641785,7.171850070357323,0.35519856,0.0,2.4527489253956385,1.6163150625874358,,2.937422624100333,0.27849415339228856
2018-08-05,Cancabato Bay,29.387951284646988,33.7122714612633,0.07263405248522758,0.019531846046447754,7.171850070357323,0.3812999,5.716364102622571,2.122336634589442,1.3560478342243087,,2.518566758937487,0.2794163676668913
2018-08-06,Cancabato Bay,29.36451306939125,33.71074553579092,0.07263405248522758,0.022583696991205215,7.171850070357323,0.37169963,2.1079171656038818,2.0291634385815445,1.3407050389344715,,2.432076121732287,0.2803385819414941
2018-08-07,Cancabato Bay,29.32349619269371,33.70769368484616,0.05859553813934326,0.023194067180156708,7.171850070357323,0.35071766,0.0,1.6024627557773459,1.3876674232815562,,2.119789555897094,0.28126079621609684
2018-08-08,Cancabato Bay,29.32276374846697,33.70158998295665,0.05249183624982834,0.022583696991205215,7.171850070357323,0.42617428,0.0,1.7906315451710346,1.4285481849314847,,2.2906573832052333,0.2821830104906996
2018-08-09,Cancabato Bay,29.309579752385616,33.70769368484616,0.05737479776144028,0.017090365290641785,7.171850070357323,0.23682931,1.1353286539022915,1.902635870422659,0.9067351091373431,,2.1076507807417477,0.28310522476530237
2018-08-10,Cancabato Bay,29.297860644757748,33.729056641459465,0.06408886983990669,0.01831110566854477,7.171850070357323,0.29943916,6.789275320954979,2.0799553902657544,1.1484947121702351,,2.3759744378630336,0.2840274390399051
2018-08-11,Cancabato Bay,29.259041100740433,33.75804922543466,0.079348124563694,0.02136295661330223,7.171850070357323,0.31770742,0.19106488829603593,2.3684233301752684,1.5863665107161766,,2.850611825072001,0.2849496533145079
2018-08-12,Cancabato Bay,29.218024224042892,33.790093660354614,0.08789330720901489,0.027466658502817154,7.171850070357323,0.31851143,0.0,2.9451323170176154,2.4488908243829206,,3.8302572543483824,0.28587186758911065
2018-08-13,Cancabato Bay,29.236335329711437,33.82824179716408,0.08484145626425743,0.02624591812491417,7.171850070357323,0.32602692,0.0,2.3433708588337345,2.111638437437665,,3.1544260765621592,0.2867940818637134
2018-08-14,Cancabato Bay,29.357188627123833,33.85876030661166,0.06591998040676117,0.022583696991205215,7.171850070357323,0.31720653,0.0,1.7612757203649996,1.472528841925648,,2.2957424405734494,0.2877162961383162
2018-08-15,Cancabato Bay,29.51539658010006,33.87096771039069,0.046388134360313416,0.008545182645320892,7.171850070357323,0.6338611,0.0,2.0591442357532754,0.4972584215921132,,2.1183344687466663,0.28863851041291894
2018-08-16,Cancabato Bay,29.510269470512867,33.874019561335444,0.032959990203380585,0.006714072078466415,7.171850070357323,0.6364705,0.8799995578135165,2.343672616455896,0.46772908506285493,,2.3898895016588027,0.2895607246875217
2018-08-17,Cancabato Bay,29.465590372681618,33.86486400850117,0.031128879636526108,0.011597033590078354,7.171850070357323,2.4125175,1.292605104633033,1.8003115170435422,0.8989923993058005,,2.0122894653625805,0.29048293896212446
2018-08-18,Cancabato Bay,29.47950681298971,33.84655290283263,0.032959990203380585,0.017090365290641785,7.171850070357323,2.4125483,0.9757839860245824,1.477486444968058,0.8638706935914294,,1.711501904851551,0.2914051532367272
2018-08-19,Cancabato Bay,29.55714590102434,33.837397349998355,0.030518509447574615,0.021973326802253723,7.171850070357323,2.4125483,0.7815500135048511,1.2897947024572087,0.9453429708472025,,1.599138426471234,0.29232736751133
2018-08-20,Cancabato Bay,29.708761855959892,33.838923275470734,0.04150517284870148,0.02136295661330223,7.171850070357323,0.44585493,0.5426318026579228,1.781978954809537,0.8229229262420946,,1.962817143271105,0.29324958178593274
2018-08-21,Cancabato Bay,29.783471167087555,33.84655290283263,0.040894802659749985,0.024414807558059692,7.171850070357323,0.4437961,0.32599642634772646,1.7296646291759665,1.0835936401313877,,2.041057301095593,0.2941717960605355
2018-08-22,Cancabato Bay,29.85158848017454,33.85418253019452,0.038453321903944016,0.02624591812491417,7.171850070357323,0.3650154,0.0,1.5445999908623507,1.2193784649032287,,1.9679108141482755,0.29509401033513827
2018-08-23,Cancabato Bay,29.962187558412552,33.86333808302879,0.03723258152604103,0.025635547935962677,7.171850070357323,0.3636206,2.6593573691365058,1.3924290918538356,0.8923237955192961,,1.6538139350878804,0.29601622460974103
2018-08-24,Cancabato Bay,29.982695996761322,33.86638993397355,0.03234962001442909,0.0158696249127388,7.171850070357323,0.31091735,0.0,1.3902545549159626,0.6730470553808109,,1.5446035304314703,0.2969384388843438
2018-08-25,Cancabato Bay,29.897732466459274,33.84350105188787,0.017700735479593277,0.01831110566854477,7.171850070357323,0.3218962,10.035983850399909,0.14884191518789297,1.3554371212888574,,1.3635848728570674,0.29786065315894655
2018-08-26,Cancabato Bay,29.885280914604664,33.80840476602316,-0.0024414807558059692,0.021973326802253723,7.171850070357323,0.31555817,16.856198295617638,-1.2175327423511626,1.4431863175057518,,1.8881664984139919,0.2987828674335493
2018-08-27,Cancabato Bay,29.967314667999744,33.78246403299272,-0.021973326802253723,0.021973326802253723,7.171850070357323,0.37007248,5.365882232166327,-0.5860587411071115,0.9044466847276326,,1.077723829903959,0.2997050817081521
2018-08-28,Cancabato Bay,30.126987509429455,33.77330848015845,-0.020142216235399246,0.01831110566854477,7.171850070357323,0.27358726,2.795232652475278,-0.2147504930326585,0.21498656545508188,,0.3038700340341938,0.30062729598275484
2018-08-29,Cancabato Bay,30.335734114050865,33.76720477826893,-0.06775109097361565,-0.0158696249127388,7.171850070357323,0.45719618,5.113026646379466,-0.07603000245212158,-0.010926969802029887,,0.07681119672237952,0.3015495102573576
2018-08-30,Cancabato Bay,30.446333192288876,33.751945523545146,-0.032959990203380585,-0.03784295171499252,7.171850070357323,1.593895,10.226053292758932,0.6305397846154074,-0.947848439822436,,1.1384186773136984,0.30247172453196036
2018-08-31,Cancabato Bay,30.34525588899851,33.74736774712801,-0.014038514345884323,-0.024414807558059692,7.171850070357323,1.5940514,21.720440925500647,1.9434362417226803,-1.1188115749768888,,2.242472690122099,0.3033939388065631
2018-09-01,Cancabato Bay,30.556932270526886,33.727530715987086,0.031128879636526108,-0.019531846046447754,7.171850070357323,1.5823627,7.832013696146469,1.7578211035566538,-0.22567546568668093,,1.7722484159739096,0.3043161530811659
2018-09-02,Cancabato Bay,30.339396335184574,33.73821219429374,0.07202368229627609,0.007324442267417908,7.171850070357323,1.5695913,8.940375609138902,2.0020190586694593,0.4436591282868997,,2.05058863095162,0.3052383673557686
2018-09-03,Cancabato Bay,30.04348886758089,33.7549973744899,0.07629627361893654,0.010986663401126862,7.171850070357323,1.2946184,10.90269086079095,2.4917292966113473,0.6737872088690722,,2.581221433822921,0.3061605816303714
2018-09-04,Cancabato Bay,29.705832079052925,33.7839899584651,0.07690664380788803,0.011597033590078354,7.171850070357323,1.4180799,0.0,2.362772924626334,0.9066701013845286,,2.5307600767539995,0.3070827959049741
2018-09-05,Cancabato Bay,29.484633922576904,33.80382698960602,0.07019257172942162,0.01037629321217537,7.171850070357323,1.4306659,3.6202515771213815,2.0796026109575156,0.9864305734469176,,2.30169335397488,0.30800501017957693
2018-09-06,Cancabato Bay,29.465590372681618,33.80687884055078,0.05737479776144028,0.023194067180156708,7.171850070357323,1.4117115,0.0,1.3904405590787885,1.5869870235694699,,2.10994141181911,0.30892722445417964
2018-09-07,Cancabato Bay,29.6142765507102,33.79772328771651,0.04699850454926491,0.0238044373691082,7.171850070357323,1.5858867,0.15846662247142854,1.5550382908895786,0.6491881447318633,,1.685108107331153,0.30984943872878246
2018-09-08,Cancabato Bay,29.92849512398243,33.800775138661265,0.025635547935962677,-0.016479995101690292,7.171850070357323,0.9858023,8.080633023295542,0.532720699297085,0.34650336393557685,,0.6354965969053226,0.31077165300338516
2018-09-09,Cancabato Bay,30.18192082643509,33.79161958582699,-0.05615405738353729,-0.0555436871945858,7.171850070357323,0.3964936,2.9261698402916667,0.6544452040706009,-0.23113396977904654,,0.694061551389235,0.311693867277988
2018-09-10,Cancabato Bay,30.44047363847494,33.75804922543466,-0.051881466060876846,-0.04943998530507088,7.171850070357323,0.5493359,5.154462984956493,1.705065806761821,-0.6863578095340267,,1.8380251489293302,0.3126160815525907
2018-09-11,Cancabato Bay,30.368694104254246,33.741264045238495,-0.029908139258623123,-0.04943998530507088,7.171850070357323,0.8398917,4.5685592581288885,2.054867437128714,-0.5808189530988357,,2.1353760419304972,0.3135382958271935
2018-09-12,Cancabato Bay,30.155552834272385,33.730582566931844,0.005493331700563431,-0.016479995101690292,7.171850070357323,0.8398917,11.608545766470915,3.266001472023736,-1.0157531335464554,,3.420309933846734,0.3144605101017962
2018-09-13,Cancabato Bay,29.758568063378334,33.718375163152814,0.04455702379345894,0.0048829615116119385,7.171850070357323,0.83990026,27.982424736022956,5.108142506473197,-0.13566526385756944,,5.1099437306349875,0.315382724376399
2018-09-14,Cancabato Bay,29.316904194653034,33.741264045238495,0.09949034079909325,0.036011841148138046,7.171850070357323,0.830079,16.144624307894478,2.6777085568398737,4.03800435607608,,4.845162772814024,0.31630493865100173
2018-09-15,Cancabato Bay,29.173345126211643,33.7549973744899,0.043946653604507446,0.02868739888072014,7.171850070357323,0.49475226,0.0,0.03261702174704191,2.6745279983605106,,2.674726880285523,0.31722715292560455
2018-09-16,Cancabato Bay,29.363048180937767,33.716849237680435,-0.06469924002885818,0.022583696991205215,7.171850070357323,0.4892039,23.72560946857587,-0.7975450944448902,0.12225895768969904,,0.806861469155939,0.31814936720020726
2018-09-17,Cancabato Bay,29.55714590102434,33.669545548036695,-0.1513718068599701,-0.03479110077023506,7.171850070357323,0.4978226,1.7173632996531725,-0.4321713895879239,-1.2906791571519975,,1.361111603317284,0.3190715814748101
2018-09-18,Cancabato Bay,29.70802941173315,33.62376778386533,-0.16968291252851486,-0.021973326802253723,7.171850070357323,0.4924978,0.29598052509295675,-0.9425352862757495,-0.6183222164097657,,1.1272511384695045,0.3199937957494128
2018-09-19,Cancabato Bay,30.017853319644928,33.57951594516635,-0.13733329251408577,0.029908139258623123,7.171850070357323,0.49454525,0.0,-1.0453035152379788,0.3851172362830078,,1.1139904508796912,0.3209160100240156
2018-09-20,Cancabato Bay,29.995879992842674,33.5398418828845,-0.12207403779029846,0.0158696249127388,7.171850070357323,0.49404997,9.603131761947,0.25823532160888724,-0.028742228680049116,,0.2598299386828655,0.3218382242986183
2018-09-21,Cancabato Bay,30.11233862489462,33.5184789262712,-0.06042664870619774,-0.038453321903944016,7.171850070357323,0.8950303,10.354928814184172,0.7947179050141544,-0.9556214626018821,,1.2428953810902374,0.3227604385732211
2018-09-22,Cancabato Bay,30.066194638609886,33.50627152249217,-0.06897183135151863,-0.02929776906967163,7.171850070357323,0.9291577,20.50310823026176,0.8184750024483148,-1.0205334319229018,,1.3082009842929736,0.3236826528478238
2018-09-23,Cancabato Bay,30.04348886758089,33.501693746075034,-0.012207403779029846,-0.025635547935962677,7.171850070357323,1.3735358,1.2608300192287556,2.20904195763052,-0.9542174463212615,,2.406324438939178,0.32460486712242664
2018-09-24,Cancabato Bay,30.038361757993698,33.51084929890931,0.0476088747382164,-0.006103701889514923,7.171850070357323,2.4400105,0.0,2.8803036148483687,0.21570557657414974,,2.888369403222823,0.32552708139702935
2018-09-25,Cancabato Bay,29.853053368628025,33.52763447910547,0.09460737928748131,0.0158696249127388,7.171850070357323,2.4576972,0.0,2.812499752383938,1.207603436828238,,3.0607941645591077,0.32644929567163217
2018-09-26,Cancabato Bay,29.6948454156518,33.536790031939745,0.12268440797924995,0.021973326802253723,7.171850070357323,1.0713791,0.0,2.7111842608611574,1.4365877687696993,,3.0682738655015727,0.3273715099462349
2018-09-27,Cancabato Bay,29.657490760087967,33.54136780835688,0.11719107627868652,0.02075258642435074,7.171850070357323,1.0373394,0.0,2.314424935541574,1.2211687260286506,,2.6168331700142935,0.3282937242208377
2018-09-28,Cancabato Bay,29.73659473657608,33.54441965930164,0.09277626872062683,0.01892147585749626,7.171850070357323,0.8247324,0.0,1.779720693682104,1.0389546046055445,,2.0607844181164054,0.3292159384954404
2018-09-29,Cancabato Bay,29.943144008517265,33.55510113760829,0.07263405248522758,0.0158696249127388,7.171850070357323,1.2505314,0.2097604449945517,0.7927804705892322,0.49121757598968596,,0.9326283190579554,0.3301381527700432
2018-09-30,Cancabato Bay,30.19510482251644,33.56425669044256,0.043336283415555954,-0.019531846046447754,7.171850070357323,1.3973101,10.675490808943971,1.5222115506749143,-0.15768396289884476,,1.5303568986231975,0.3310603670446459
2018-10-01,Cancabato Bay,30.25150302797556,33.55204928666353,0.014038514345884323,-0.04028443247079849,7.171850070357323,1.3614113,0.0,1.7458410507042648,-0.5570996981015187,,1.8325722490393046,0.33198258131924874
2018-10-02,Cancabato Bay,30.214148372411728,33.548997435718775,0.020142216235399246,-0.023194067180156708,7.171850070357323,1.269386,0.0,2.3228257140267337,-0.25591548911746975,,2.336880834641347,0.33290479559385144
2018-10-03,Cancabato Bay,30.222205258905888,33.55357521213591,0.02868739888072014,-0.001831110566854477,7.171850070357323,1.5641806,5.407670732504263,1.3731443128015242,-0.10130411509031179,,1.3768761118972908,0.33382700986845426
2018-10-04,Cancabato Bay,30.387737654149532,33.55357521213591,0.0012207403779029846,0.0048829615116119385,7.171850070357323,1.9482772,11.077020725883997,-0.2802556465943765,0.7236744450983095,,0.776046345224548,0.33474922414305697
2018-10-05,Cancabato Bay,30.511520728468895,33.536790031939745,-0.07812738418579102,0.008545182645320892,7.171850070357323,0.81532097,26.757068880830712,-0.4181558279000906,0.3730426063491335,,0.5603704868732514,0.3356714384176598
2018-10-06,Cancabato Bay,30.559862047433853,33.524582628160715,-0.1672414317727089,-0.025635547935962677,7.171850070357323,0.6569706,6.498992686073621,-0.666699589028538,-0.353560229624411,,0.7546477178014174,0.3365936526922625
2018-10-07,Cancabato Bay,30.527634501457214,33.52763447910547,-0.1672414317727089,-0.01831110566854477,7.171850070357323,1.7201418,0.4256617543034661,-1.4304812165434573,-0.28550603103902056,,1.458694692059755,0.3375158669668653
2018-10-08,Cancabato Bay,30.618457585573196,33.54441965930164,-0.13367107138037682,-0.020142216235399246,7.171850070357323,0.8313503,0.4256617543034661,-1.4610137349051844,0.034179640466166186,,1.4614134874853155,0.338438081241468
2018-10-09,Cancabato Bay,30.735648661851883,33.56578261591494,-0.12451551854610443,-0.009155552834272385,7.171850070357323,0.32715404,3.2494963430368107,-1.3264652119136677,-0.02391169447908778,,1.3266807180139586,0.33936029551607083
2018-10-10,Cancabato Bay,30.770073540508747,33.58256779611111,-0.13733329251408577,-0.014648884534835815,7.171850070357323,2.0907388,0.0,-1.6398679883520282,0.2501274605881235,,1.65883415860718,0.34028250979067354
2018-10-11,Cancabato Bay,30.71880244463682,33.59172334894538,-0.14160588383674622,-0.01892147585749626,7.171850070357323,2.2730665,0.0,-2.1018628305253215,-0.1841035037923008,,2.1099102963046836,0.34120472406527635
2018-10-12,Cancabato Bay,30.661671794950962,33.57951594516635,-0.13000885024666786,-0.0158696249127388,7.171850070357323,0.66193175,0.8742415486052395,-1.7287973468698565,-0.6207965618194347,,1.836880137001619,0.34212693833987906
2018-10-13,Cancabato Bay,30.523972280323505,33.54136780835688,-0.10986663401126862,-0.017090365290641785,7.171850070357323,0.6300583,0.0,-2.05941802157241,-0.20088195580482268,,2.0691921485800178,0.3430491526144819
2018-10-14,Cancabato Bay,30.294717237353325,33.489486342296004,-0.07385479286313057,-0.012817773967981339,7.171850070357323,0.6429153,13.67546440618107,-1.533484546382038,0.09095485305698012,,1.5361795595851226,0.3439713668890846
2018-10-15,Cancabato Bay,30.24710836261511,33.451338205486536,-0.05066072568297386,-0.01892147585749626,7.171850070357323,0.7450075,0.0,-0.4781907672666188,-0.13702983166665345,,0.4974370157775042,0.3448935811636874
2018-10-16,Cancabato Bay,30.32914211601019,33.442182652652264,-0.0317392498254776,-0.0158696249127388,7.171850070357323,0.42812124,12.12627586084433,0.0009433026400799871,-0.31551534238988466,,0.31551675249228356,0.3458157954382901
2018-10-17,Cancabato Bay,30.46391185373068,33.440656727179885,-0.059205908328294754,-0.019531846046447754,7.171850070357323,0.39242136,1.3987760726636214,-0.2486387694727386,-0.06960550955025367,,0.25819791758391103,0.3467380097128929
2018-10-18,Cancabato Bay,30.491744734346867,33.43607895076275,-0.08362071588635445,-0.008545182645320892,7.171850070357323,1.8724787,0.0,-1.0408823956625928,-0.07002169916827511,,1.0432349687173599,0.34766022398749563
2018-10-19,Cancabato Bay,30.445600748062134,33.42387154698372,-0.07812738418579102,-0.014648884534835815,7.171850070357323,0.66736925,0.0,-0.5173439326366727,-0.9308084874319466,,1.0649174545059004,0.34858243826209845
2018-10-20,Cancabato Bay,30.425092309713364,33.39945673942566,-0.08056886494159698,-0.01892147585749626,7.171850070357323,0.57016903,0.0,-0.8283456518512917,-0.9464432339823589,,1.2577405591344852,0.34950465253670115
2018-10-21,Cancabato Bay,30.299111902713776,33.36283452808857,-0.0872829370200634,-0.017700735479593277,7.171850070357323,0.2854662,0.0,-1.2253510611358542,-0.2911471553916165,,1.2594649217502623,0.35042686681130397
2018-10-22,Cancabato Bay,30.207556374371052,33.333841944113374,-0.10071108117699623,-0.019531846046447754,7.171850070357323,0.23511069,0.0,-1.0969013471916216,-0.607171517537576,,1.253734348727703,0.3513490810859067
2018-10-23,Cancabato Bay,30.13797417283058,33.32316046580672,-0.09765923023223877,-0.02868739888072014,7.171850070357323,0.46014515,8.364777854456309,-0.7236197871020716,-1.491492782296692,,1.657762442549829,0.3522712953605095
2018-10-24,Cancabato Bay,30.052278198301792,33.32316046580672,-0.09338663890957832,-0.027466658502817154,7.171850070357323,0.7365071,0.0,-0.5219655903802785,-1.7818880723348312,,1.8567641691583163,0.3531935096351122
2018-10-25,Cancabato Bay,29.935819566249847,33.333841944113374,-0.08178960531949997,-0.029908139258623123,7.171850070357323,0.3774001,0.0,-0.4434804350213439,-1.8696184429843694,,1.9214962967942504,0.354115723909715
2018-10-26,Cancabato Bay,29.83400981873274,33.356730826199055,-0.079348124563694,-0.02929776906967163,7.171850070357323,0.34693715,0.0,0.39555917785249756,-1.847125783999816,,1.8890052210357386,0.3550379381843177
2018-10-27,Cancabato Bay,29.65016631782055,33.39487896300852,-0.05371257662773132,-0.025025177747011185,7.171850070357323,0.7703027,0.0,1.7492099589248489,-2.592950511512923,,3.127799200005813,0.35596015245892054
2018-10-28,Cancabato Bay,29.427503272891045,33.43607895076275,-0.004272591322660446,-0.015259254723787308,7.171850070357323,0.7714457,13.023518930989715,2.628032933704626,-2.1818840637248895,,3.4157246915073207,0.35688236673352325
2018-10-29,Cancabato Bay,29.214362002909184,33.45439005643129,0.062257759273052216,0.016479995101690292,7.171850070357323,0.50800127,0.0,1.4749940350964983,2.0958530040942764,,2.562851384364933,0.35780458100812607
2018-10-30,Cancabato Bay,29.198980674147606,33.45591598190367,0.0238044373691082,0.022583696991205215,7.171850070357323,0.7245023,0.0,-0.7513888476489186,2.1492205728529563,,2.2767815598220134,0.35872679528272877
2018-10-31,Cancabato Bay,29.320566415786743,33.44981228001416,-0.039674062281847,0.014648884534835815,7.171850070357323,0.9286713,0.0,-1.7036955106007807,0.6729824956335244,,1.8317979780178768,0.3596490095573316
2018-11-01,Cancabato Bay,29.455336153507233,33.442182652652264,-0.08056886494159698,-0.01037629321217537,7.171850070357323,1.0560629,0.0,-2.4564756837114783,0.14179523394878318,,2.460564706126698,0.3605712238319343
2018-11-02,Cancabato Bay,29.496353030204773,33.43607895076275,-0.06958220154047012,-0.012817773967981339,7.171850070357323,1.3912772,0.0,-2.6966414041843003,-0.06783119363800212,,2.697494380641307,0.3614934381065371
2018-11-03,Cancabato Bay,29.44141971319914,33.41166414320469,-0.04516739398241043,-0.01831110566854477,7.171850070357323,0.5189936,4.092034976703291,-2.0299684159280416,-0.555372600330715,,2.104568957022673,0.3624156523811398
2018-11-04,Cancabato Bay,29.29859308898449,33.37046415545046,-0.039674062281847,-0.017090365290641785,7.171850070357323,0.4749527,8.73727668817051,-2.6065124712245904,-1.0169595659784263,,2.797876698763609,0.36333786665574264
2018-11-05,Cancabato Bay,29.04150516539812,33.33994564600289,-0.07202368229627609,-0.014038514345884323,7.171850070357323,0.6155458,20.747477799558794,-3.469350163174931,-0.3366480140219002,,3.485645197100073,0.36426008093034534
2018-11-06,Cancabato Bay,28.846675001084805,33.333841944113374,-0.09826960042119026,-0.015259254723787308,7.171850070357323,2.8379283,11.331478821202971,-3.2136752476012584,-0.43859484890201794,,3.2434663615533914,0.36518229520494816
2018-11-07,Cancabato Bay,28.763908803462982,33.35062712430954,-0.11047700420022011,-0.022583696991205215,7.171850070357323,2.5732152,0.0,-2.895856276591674,-1.346793737607565,,3.1937183573906998,0.36610450947955087
2018-11-08,Cancabato Bay,28.73461103439331,33.3750419318676,-0.13061922043561935,-0.020142216235399246,7.171850070357323,2.315562,0.0,-2.7994823090114234,-1.3014883736204845,,3.087227426856859,0.3670267237541537
2018-11-09,Cancabato Bay,28.684072382748127,33.405560441315174,-0.15991698950529099,-0.02136295661330223,7.171850070357323,0.690661,0.0,-3.027366820591156,-1.2503197000384139,,3.27540061957623,0.3679489380287564
2018-11-10,Cancabato Bay,28.597643963992596,33.442182652652264,-0.17273476347327232,-0.024414807558059692,7.171850070357323,0.5341532,58.689687253568124,-2.891691726965232,-1.3155566714712643,,3.1768806083407855,0.3688711523033592
2018-11-11,Cancabato Bay,28.51414532214403,33.48033078946173,-0.16418958082795143,-0.0238044373691082,7.324442625045776,0.47996205,0.0,-2.2030458853464525,-1.6521205125545682,,2.753709018931649,0.3697933665779619
2018-11-12,Cancabato Bay,28.547837756574154,33.51695300079882,-0.15686513856053352,-0.015259254723787308,7.171850070357323,0.49587902,18.496519695074795,-2.6193656894950843,-0.49382659936782886,,2.665509580839516,0.37071558085256473
2018-11-13,Cancabato Bay,28.641590617597103,33.535264106467366,-0.14954069629311562,-0.011597033590078354,7.171850070357323,0.54344314,27.83003492934255,-3.011641656589662,-0.17263785169151594,,3.016585701673796,0.37163779512716744
2018-11-14,Cancabato Bay,28.654774613678455,33.55052336119115,-0.14526810497045517,-0.007324442267417908,7.171850070357323,1.0973264,49.20875703488676,-3.1611984600010743,-0.1438090205330253,,3.1644678443460017,0.37256000940177025
2018-11-15,Cancabato Bay,28.642323061823845,33.58104187063873,-0.14038514345884323,-0.01342814415693283,7.171850070357323,1.2790521,14.50068507636317,-2.4790258057592762,0.02340666477827256,,2.4791363047594763,0.37348222367637296
2018-11-16,Cancabato Bay,28.69798882305622,33.632923336699605,-0.1275673694908619,-0.01831110566854477,7.171850070357323,1.2734994,0.0,-1.887104551465551,-0.3233586684416667,,1.914608162684565,0.3744044379509758
2018-11-17,Cancabato Bay,28.711905263364315,33.67107147350907,-0.11719107627868652,-0.023194067180156708,7.171850070357323,1.1324561,0.0,-1.968569391399973,-1.1380269458041121,,2.27384493273686,0.3753266522255785
2018-11-18,Cancabato Bay,28.658436834812164,33.704641833901405,-0.11658070608973503,-0.02624591812491417,7.171850070357323,1.1955612,5.381644728084723,-1.8418127576757952,-1.7849579970757887,,2.564829289770009,0.3762488665001813
2018-11-19,Cancabato Bay,28.466536447405815,33.71379738673568,-0.10681478306651115,-0.02868739888072014,7.171850070357323,0.89333403,47.764171722217114,-0.06089583784858144,-1.9752257233487738,,1.9761642040189795,0.377171080774784
2018-11-20,Cancabato Bay,28.291482277214527,33.681752951815724,-0.11658070608973503,-0.015259254723787308,7.171850070357323,0.47337884,39.80347736346456,-3.2411670856647663,-0.9456519570023503,,3.376302963446706,0.3780932950493868
2018-11-21,Cancabato Bay,28.306131161749363,33.632923336699605,-0.10742515325546265,0.0024414807558059692,7.171850070357323,0.5605492,0.0,-3.6187767457069837,1.7606086949053028,,4.024336977918944,0.37901550932398953
2018-11-22,Cancabato Bay,28.402081355452538,33.59324927441776,-0.09582811966538429,0.0012207403779029846,7.171850070357323,1.0750331,0.0,-1.7304160073382335,0.4367323473326519,,1.784677758492855,0.37993772359859235
2018-11-23,Cancabato Bay,28.536851093173027,33.58714557252824,-0.07385479286313057,-0.022583696991205215,7.171850070357323,1.9097409,0.0,-0.5411493301832199,-0.4601614886658603,,0.7103458264880059,0.38085993787319505
2018-11-24,Cancabato Bay,28.621082179248333,33.58714557252824,-0.051881466060876846,-0.027466658502817154,7.171850070357323,1.5862904,4.352450264147677,-0.4391438679597097,-1.4720651722306823,,1.5361716076210898,0.38178215214779787
2018-11-25,Cancabato Bay,28.561754196882248,33.58867149800062,-0.06042664870619774,-0.025025177747011185,7.171850070357323,0.8119173,27.14159597756383,-1.5647839946927473,-1.6618618725849152,,2.2826155685086422,0.3827043664224006
2018-11-26,Cancabato Bay,28.57054352760315,33.597827050834894,-0.05066072568297386,-0.022583696991205215,7.171850070357323,0.97830653,0.0,-0.803393570372788,-1.7648467089017896,,1.939104209380665,0.3836265806970034
2018-11-27,Cancabato Bay,28.57420574873686,33.596301125362515,-0.05737479776144028,-0.01342814415693283,7.171850070357323,0.835346,1.7703039272905543,-1.594925514956109,-0.8781094027876333,,1.8206766658366509,0.3845487949716061
2018-11-28,Cancabato Bay,28.58299507945776,33.58256779611111,-0.07385479286313057,-0.01831110566854477,7.171850070357323,1.7379167,6.1252940775106515,-2.331395278546463,-0.7042408102129812,,2.4354381666546527,0.3854710092462089
2018-11-29,Cancabato Bay,28.479720443487167,33.57646409422159,-0.09949034079909325,-0.023194067180156708,7.171850070357323,3.2854369,0.0,-2.4800288085712796,-1.190012160997574,,2.750758410814297,0.3863932235208116
2018-11-30,Cancabato Bay,28.33323159813881,33.56273076497018,-0.12024292722344398,-0.025025177747011185,7.171850070357323,1.086099,0.0,-2.9244580562959013,-1.3490578223387288,,3.2206229104083754,0.38731543779541444
2018-12-01,Cancabato Bay,28.209448523819447,33.55357521213591,-0.12085329741239548,-0.02136295661330223,7.171850070357323,0.44358775,10.346608986108068,-2.8867034519977177,-1.14305048180001,,3.1047739408399404,0.38823765207001715
2018-12-02,Cancabato Bay,28.179418310523033,33.57951594516635,-0.11719107627868652,-0.019531846046447754,7.171850070357323,0.41003323,0.0,-3.016574429154919,-1.1315290068170165,,3.2218130268374714,0.38915986634461996
2018-12-03,Cancabato Bay,28.221167631447315,33.61308630555868,-0.10376293212175369,-0.010986663401126862,7.171850070357323,0.42731836,20.92941446578541,-2.438630479674715,-0.01152414316171642,,2.4386577091248665,0.39008208061922267
2018-12-04,Cancabato Bay,28.29660938680172,33.631397411227226,-0.10864589363336563,-0.014648884534835815,7.171850070357323,3.86784,17.09701269350875,-3.097630585167969,-0.2638447145359377,,3.1088469366561946,0.3910042948938255
2018-12-05,Cancabato Bay,28.31711782515049,33.65276036784053,-0.12085329741239548,-0.01892147585749626,7.171850070357323,3.318038,0.0,-3.4207960768973047,-0.330485823083403,,3.4367232473644287,0.3919265091684282
2018-12-06,Cancabato Bay,28.35007781535387,33.69548628106713,-0.1342814415693283,-0.02136295661330223,7.171850070357323,0.8398931,20.19755963090891,-3.5949813277045637,-0.6840650343019272,,3.659485717651999,0.392848723443031
2018-12-07,Cancabato Bay,28.301736496388912,33.753471449017525,-0.14099551364779472,-0.023194067180156708,7.171850070357323,0.6443958,0.0,-3.0801673568570056,-1.1439224590355268,,3.2857251160943695,0.3937709377176337
2018-12-08,Cancabato Bay,28.298806719481945,33.81145661696792,-0.14404736459255219,-0.02075258642435074,7.171850070357323,3.9242015,0.0,-3.1252557482337195,-0.9991359968443175,,3.2810815643714184,0.39469315199223654
2018-12-09,Cancabato Bay,28.326639600098133,33.861812157556415,-0.1422162540256977,-0.020142216235399246,7.171850070357323,1.0881053,0.0,-2.68926164962921,-1.0623569846786618,,2.8914927949178706,0.39561536626683924
2018-12-10,Cancabato Bay,28.307596050202847,33.90453807078302,-0.13794366270303726,-0.019531846046447754,7.171850070357323,0.37380123,0.0,-2.482771378902894,-0.6483046706704791,,2.5660188358452354,0.39653758054144206
2018-12-11,Cancabato Bay,28.293679609894753,33.956419536843896,-0.13916440308094025,-0.022583696991205215,7.171850070357323,1.0586673,0.0,-2.2592258312377784,-1.4211372540492222,,2.669032118836076,0.39745979481604476
2018-12-12,Cancabato Bay,28.27610094845295,33.98846397176385,-0.13367107138037682,-0.024414807558059692,7.171850070357323,0.6189543,16.555001112599726,-2.2562698933510394,-1.8731710552811267,,2.9324944388669043,0.3983820090906476
2018-12-13,Cancabato Bay,28.245338290929794,33.99609359912574,-0.15259254723787308,-0.02685628831386566,7.171850070357323,0.59897494,49.75325744677657,-2.806202204460414,-1.6765358663921572,,3.268874932391539,0.3993042233652503
2018-12-14,Cancabato Bay,28.195532083511353,33.98541212081909,-0.16968291252851486,-0.02929776906967163,7.171850070357323,0.7464124,17.49908765817222,-3.5902619609989177,-1.784274280525625,,4.009191396870575,0.4002264376398531
2018-12-15,Cancabato Bay,28.167699202895164,33.97625656798482,-0.17578661441802979,-0.02868739888072014,7.171850070357323,0.66833794,0.0,-3.05574273826289,-1.718994980019217,,3.506067230356208,0.4011486519144558
2018-12-16,Cancabato Bay,28.150852985680103,33.96404916420579,-0.16235847026109695,-0.027466658502817154,7.171850070357323,0.5882886,3.62865171645777,-2.6982251437383926,-1.429132069993939,,3.053332179732043,0.40207086618905863
2018-12-17,Cancabato Bay,28.220435187220573,33.944212133064866,-0.14038514345884323,-0.02685628831386566,7.171850070357323,0.47472507,0.0,-1.936858182802683,-1.8126418127091664,,2.6527513945847403,0.40299308046366134
2018-12-18,Cancabato Bay,28.164036981761456,33.935056580230594,-0.14404736459255219,-0.030518509447574615,7.171850070357323,0.47372743,0.0,-2.32200625995258,-2.568442629952716,,3.4624573087068367,0.40391529473826415
2018-12-19,Cancabato Bay,28.044648572802544,33.919797325506806,-0.14893032610416412,-0.031128879636526108,7.171850070357323,0.46772212,9.179291490548719,-1.6896922102038376,-2.721261259313818,,3.20317383335119,0.40483750901286686
2018-12-20,Cancabato Bay,27.909146390855312,33.86638993397355,-0.11963255703449249,-0.023194067180156708,7.171850070357323,0.5153814,45.89645440586079,-2.3070224353087974,-0.6936661339874602,,2.409050689059747,0.4057597232874697
2018-12-21,Cancabato Bay,27.878383733332157,33.802301064133644,-0.10803552344441414,-0.017700735479593277,7.171850070357323,0.7710055,26.726270029720027,-1.678999149818623,-0.4652563060891356,,1.7422690881282852,0.4066819375620724
2018-12-22,Cancabato Bay,27.885708175599575,33.72295293956995,-0.10864589363336563,-0.017700735479593277,7.171850070357323,1.0478175,43.508581581968855,-1.1357545110253546,-1.1477725231831994,,1.6147198129362166,0.4076041518366752
2018-12-23,Cancabato Bay,27.9281899407506,33.64818259142339,-0.11719107627868652,-0.01342814415693283,7.171850070357323,1.1546144,29.26317123254648,-2.235454921662932,0.01807699090037232,,2.2355280101996122,0.4085263661112779
2018-12-24,Cancabato Bay,28.003631696105003,33.596301125362515,-0.11291848495602608,-0.010986663401126862,7.171850070357323,2.6828516,8.873057184127955,-1.7412608670813847,0.33234500251650173,,1.7726936023821798,0.4094485803858807
2018-12-25,Cancabato Bay,28.118625439703465,33.573412243276834,-0.09582811966538429,-0.017700735479593277,7.171850070357323,3.9668074,12.33373874292587,-1.0147441778702888,-0.6506173800144386,,1.205408114166526,0.41037079466048343
2018-12-26,Cancabato Bay,28.18601030856371,33.56730854138732,-0.048829615116119385,-0.017700735479593277,7.171850070357323,4.4185886,10.98999875498275,0.6235108079247179,-1.8937476289330135,,1.9937516920841334,0.41129300893508625
2018-12-27,Cancabato Bay,27.92452771961689,33.44523450359702,0.01342814415693283,-0.016479995101690292,7.171850070357323,4.474636,62.63023766465843,3.082480865996439,-3.505576213338575,,4.6680566488378625,0.41221522320968895
2018-12-28,Cancabato Bay,27.674031794071198,33.246864192187786,0.020142216235399246,-0.010986663401126862,7.171850070357323,4.34842,80.18769554893811,0.6847641298417876,-1.2838644493697393,,1.455063516783183,0.41313743748429177
2018-12-29,Cancabato Bay,27.89596239477396,33.27890862710774,-0.03357036039233208,0.009155552834272385,7.171850070357323,4.347624,0.0,-3.8891748321279414,1.5531386765136157,,4.187830061420815,0.4140596517588945
2018-12-30,Cancabato Bay,28.000701919198036,33.237708639353514,-0.11169774457812309,-0.0079348124563694,7.171850070357323,4.3470564,12.559999516215951,-3.610522950155462,0.039469162237564345,,3.6107386762776166,0.4149818660334973
2018-12-31,Cancabato Bay,28.082003228366375,33.21939753368497,-0.11352885514497757,-0.007324442267417908,7.171850070357323,3.5005352,0.0,-3.4864643057655536,0.21743033978150933,,3.49323765410182,0.4159040803081
2019-01-01,Cancabato Bay,28.187475197017193,33.22702716104686,-0.11047700420022011,-0.011597033590078354,7.171850070357323,3.4727707,0.0,-3.9837446208362577,-0.6677425000209901,,4.039319404352186,0.4168262945827028
2019-01-02,Cancabato Bay,28.135471656918526,33.222449384629726,-0.10132145136594772,-0.01342814415693283,7.171850070357323,3.433389,0.0,-3.725018703048075,-0.9848211402567025,0.4177485088573055,3.8530036356529007,0.4177485088573055
2019-01-03,Cancabato Bay,28.146458320319653,33.22702716104686,-0.08789330720901489,-0.01342814415693283,7.171850070357323,2.9397407,0.0,-3.8305878073878925,-1.3534397034425885,,4.062659471450142,0.40862261692326746
2019-01-04,Cancabato Bay,27.95382548868656,33.150730887427926,-0.08972441777586937,-0.0158696249127388,7.171850070357323,1.0763357,40.9931926910108,-3.65985428760993,-1.7478613758726027,,4.055804827134074,0.3994967249892294
2019-01-05,Cancabato Bay,27.903286837041378,33.15683458931744,-0.07812738418579102,-0.014038514345884323,7.171850070357323,1.2447325,0.0,-3.527418473130922,-1.6036502936333041,,3.874838751336043,0.3903708330551913
2019-01-06,Cancabato Bay,27.884975731372833,33.17819754593074,-0.05737479776144028,-0.015259254723787308,7.171850070357323,0.50518733,0.0,-2.7691520733655977,-1.975835125642937,,3.401783010297604,0.38124494112115326
2019-01-07,Cancabato Bay,27.80220953375101,33.19803457707167,-0.040894802659749985,-0.010986663401126862,7.171850070357323,1.4740765,0.0,-2.990318019000728,-1.4597089219021726,0.3721190491871152,3.327574490742655,0.3721190491871152
2019-01-08,Cancabato Bay,27.742149107158184,33.2102419808507,-0.04821924492716789,-0.010986663401126862,7.171850070357323,2.111338,0.0,-3.470526670798277,-1.3147900641776864,,3.711230023264866,0.4204802526958538
2019-01-09,Cancabato Bay,27.720908224582672,33.222449384629726,-0.0555436871945858,-0.014038514345884323,7.171850070357323,2.7949395,0.0,-3.6564796753528905,-1.7762825013198382,,4.065098171110243,0.4688414562045925
2019-01-10,Cancabato Bay,27.61763358861208,33.1598864402622,-0.0634784996509552,-0.014648884534835815,7.171850070357323,2.7578154,0.0,-3.4232479715820934,-1.474196878364054,,3.727181657917848,0.5172026597133311
2019-01-11,Cancabato Bay,27.574419379234314,33.18277532234788,-0.05066072568297386,-0.010986663401126862,7.171850070357323,0.49774963,0.0,-3.1281157154551176,-1.2124912427627732,,3.354883447014769,0.5655638632220698
2019-01-12,Cancabato Bay,27.632282473146915,33.2026123534888,-0.03418073058128357,-0.008545182645320892,7.171850070357323,0.72117954,0.0,-2.7432540788692363,-0.9025562900570528,0.6139250667308084,2.8879146105718316,0.6139250667308084
2019-01-13,Cancabato Bay,27.705526895821095,33.21939753368497,-0.05005035549402237,-0.01342814415693283,7.171850070357323,0.32906082,0.0,-3.21511640893474,-1.546026396459508,,3.567516102493581,0.6077616943791224
2019-01-14,Cancabato Bay,27.657185576856136,33.236182713881135,-0.07263405248522758,-0.015259254723787308,7.171850070357323,0.37960732,0.0,-3.781346103230259,-2.1660292669046455,,4.35778167620891,0.6015983220274365
2019-01-15,Cancabato Bay,27.558305606245995,33.26364937238395,-0.09033478796482086,-0.0158696249127388,7.171850070357323,0.56205755,0.0,-3.5347257042680176,-1.8455755727674976,,3.987534952725695,0.5954349496757505
2019-01-16,Cancabato Bay,27.426465645432472,33.295693807303905,-0.08911404758691788,-0.017700735479593277,7.171850070357323,0.34856364,0.0,-2.6834899367733183,-2.5803434222585535,,3.7228067929395223,0.5892715773240645
2019-01-17,Cancabato Bay,27.436719864606857,33.332316018640995,-0.08667256683111191,-0.01892147585749626,7.171850070357323,0.34869543,0.0,-2.3707790423221637,-2.3301888578454135,,3.3242101890134608,0.5831082049723786
2019-01-18,Cancabato Bay,27.362742997705936,33.368938229978085,-0.09704886004328728,-0.01892147585749626,7.171850070357323,0.30050218,5.074980289410479,-2.925073386174918,-2.792184710144639,,4.043803873838876,0.5769448326206927
2019-01-19,Cancabato Bay,27.293893240392208,33.3964048884809,-0.09277626872062683,-0.015259254723787308,7.171850070357323,0.28592265,4.841092990229305,-2.4139733943467765,-2.668987387899274,,3.598716608095098,0.5707814602690068
2019-01-20,Cancabato Bay,27.12323373556137,33.188879024237394,-0.11963255703449249,-0.03784295171499252,7.171850070357323,0.4011099,47.00541284213813,-2.886146501350359,-2.7366814562673514,,3.9773442169787754,0.5646180879173208
2019-01-21,Cancabato Bay,27.084414191544056,32.56019772961736,-0.1031525619328022,-0.0872829370200634,7.171850070357323,0.45843676,0.0,-0.20072033124973504,-0.8394650181492528,,0.8631281295806137,0.5584547155656349
2019-01-22,Cancabato Bay,27.493850514292717,32.86690874956548,-0.05005035549402237,-0.07080294191837311,7.171850070357323,0.49682623,0.0,1.0585552968392888,-0.853155758976248,,1.3595639247717823,0.5522913432139489
2019-01-23,Cancabato Bay,27.745811328291893,33.01339759491384,-0.1660206913948059,0.008545182645320892,7.171850070357323,0.5034384,0.0,-1.9394207286845735,0.2832185410825395,,1.9599912002007367,0.546127970862263
2019-01-24,Cancabato Bay,27.880581066012383,33.0591753590852,-0.14038514345884323,-0.0238044373691082,7.171850070357323,0.4977139,83.5177528454473,-2.37341995692523,-1.2134375088648313,,2.665624294579236,0.539964598510577
2019-01-25,Cancabato Bay,27.72383800148964,33.07596053928137,-0.10742515325546265,-0.03357036039233208,7.171850070357323,0.49481884,0.0,-2.3071710368892453,-3.365428896169515,,4.08033697733819,0.533801226158891
2019-01-26,Cancabato Bay,27.487990960478783,33.15378273837268,-0.08789330720901489,-0.023194067180156708,7.171850070357323,0.5511927,0.0,-2.7705084350649387,-4.311022627846586,,5.124512960913579,0.5276378538072051
2019-01-27,Cancabato Bay,27.132755510509014,33.249916043132544,-0.06958220154047012,-0.022583696991205215,7.171850070357323,0.5636605,0.0,-2.3478757598764157,-3.3565527674617046,,4.0962137474221345,0.5214744814555191
2019-01-28,Cancabato Bay,27.005310215055943,33.31553083844483,-0.04821924492716789,-0.019531846046447754,7.171850070357323,0.6146304,0.0,-2.2428949721334828,-2.9292219216346087,,3.689297890142026,0.5153111091038332
2019-01-29,Cancabato Bay,26.929136015474796,33.37046415545046,-0.043946653604507446,-0.016479995101690292,7.171850070357323,0.5082065,0.0,-2.0183726036678045,-2.4403567436964635,,3.166886326305628,0.5091477367521472
2019-01-30,Cancabato Bay,26.915952019393444,33.40098266489804,-0.05005035549402237,-0.014648884534835815,7.171850070357323,0.527938,28.100047071901756,-2.700681193950518,-1.7723658931092876,,3.2303188341733513,0.5029843644004612
2019-01-31,Cancabato Bay,26.969420447945595,33.42234562151134,-0.0476088747382164,-0.014648884534835815,7.171850070357323,0.8430306,0.0,-2.1404847437582557,-1.5990489584437468,,2.6718219457444907,0.49682099204877533
2019-02-01,Cancabato Bay,26.965025782585144,33.46201968379319,-0.03784295171499252,-0.0158696249127388,7.171850070357323,1.0930209,0.0,-2.2281766487451153,-2.1402589983465377,,3.0895759835317755,0.4906576196970894
2019-02-02,Cancabato Bay,26.88225958496332,33.49253819324076,-0.05493331700563431,-0.012207403779029846,7.171850070357323,1.1022713,0.0,-3.8191037216591885,-1.1977393968905554,,4.0025158212872585,0.4844942473454035
2019-02-03,Cancabato Bay,26.93133334815502,33.52763447910547,-0.043946653604507446,-0.011597033590078354,7.171850070357323,0.7363953,0.0,-2.6984253656398796,-1.0200466295124673,,2.8847867478044997,0.4783308749937175
2019-02-04,Cancabato Bay,27.055116422474384,33.55510113760829,-0.030518509447574615,-0.014038514345884323,7.171850070357323,0.4375838,2.7643414198780976,-2.41953564240933,-1.8163381892887436,,3.025431728325371,0.47216750264203156
2019-02-05,Cancabato Bay,27.236030146479607,33.573412243276834,-0.02929776906967163,-0.012817773967981339,7.171850070357323,0.5541864,0.0,-2.4165165496494843,-1.2293600357275523,,2.7112503263575456,0.4660041302903456
2019-02-06,Cancabato Bay,27.320261232554913,33.60087890177965,-0.014648884534835815,-0.010986663401126862,7.171850070357323,0.5015807,0.0,-1.9752988957125095,-0.9340304511059896,0.45984075793865964,2.184998537984938,0.45984075793865964
2019-02-07,Cancabato Bay,27.419873647391796,33.62681963481009,-0.011597033590078354,-0.004272591322660446,7.171850070357323,0.40790382,0.0,-2.240576413465884,-0.3320144105106283,,2.265042214477771,0.41312600733767235
2019-02-08,Cancabato Bay,27.54805138707161,33.645130740478635,-0.02075258642435074,-0.0079348124563694,7.171850070357323,0.3086236,0.0,-2.5253339235654297,-0.6731788129282206,,2.6135189189454544,0.36641125673668506
2019-02-09,Cancabato Bay,27.655720688402653,33.655812218785286,-0.02868739888072014,-0.012817773967981339,7.171850070357323,0.3508507,12.257939675364634,-2.7271682909328634,-0.9854667261087969,,2.899757154545405,0.3196965061356978
2019-02-10,Cancabato Bay,27.706259340047836,33.67259739898145,-0.05066072568297386,-0.012207403779029846,7.171850070357323,1.8243111,0.0,-3.6380041862200523,-1.1211348520632733,,3.806838296469337,0.2729817555347105
2019-02-11,Cancabato Bay,27.65059357881546,33.70311590842903,-0.06469924002885818,-0.014038514345884323,7.171850070357323,0.68707377,0.0,-3.771220248850864,-1.6078162220835714,0.2262670049337232,4.09965549398213,0.2262670049337232
2019-02-12,Cancabato Bay,27.530472725629807,33.7336344178766,-0.06591998040676117,-0.0079348124563694,7.171850070357323,0.43955883,0.0,-3.6997567782861367,-0.6460893802374057,,3.7557464911425757,0.23060495676483292
2019-02-13,Cancabato Bay,27.479934073984623,33.75652329996228,-0.06408886983990669,-0.009155552834272385,7.171850070357323,0.28091848,0.0,-3.101792783818694,-0.5785676106263266,,3.155290629057105,0.2349429085959426
2019-02-14,Cancabato Bay,27.49897762387991,33.74431589618325,-0.08789330720901489,-0.014648884534835815,7.171850070357323,0.27364746,7.39564214575405,-3.7107477150659527,-1.2793013492724339,,3.925080960581254,0.23928086042705232
2019-02-15,Cancabato Bay,27.392040766775608,33.75041959807277,-0.08972441777586937,-0.009765923023223877,7.171850070357323,1.103172,0.0,-3.057659662466562,-0.5656951816507729,,3.109548785598649,0.243618812258162
2019-02-16,Cancabato Bay,27.457228302955627,33.777886256575584,-0.09155552834272385,-0.01037629321217537,7.171850070357323,1.3382468,8.186457824402344,-2.9787210260480688,-0.6295053583833795,0.24795676408927173,3.0445124317785677,0.24795676408927173
2019-02-17,Cancabato Bay,27.517288729548454,33.81145661696792,-0.10437330231070518,-0.0079348124563694,7.171850070357323,1.4846982,0.0,-3.048382023515919,-0.2995022900745042,,3.063059676704795,0.27468276161257665
2019-02-18,Cancabato Bay,27.545121610164642,33.84350105188787,-0.12085329741239548,-0.008545182645320892,7.171850070357323,0.42736003,0.0,-3.33171689127576,-0.3652266704284393,,3.3516753966344144,0.3014087591358816
2019-02-19,Cancabato Bay,27.54805138707161,33.86791585944593,-0.13672292232513428,-0.01342814415693283,7.171850070357323,0.9577566,0.0,-3.3739491020126864,-0.9857037170403108,,3.5149885292500316,0.3281347566591865
2019-02-20,Cancabato Bay,27.438917197287083,33.909115847200155,-0.12939848005771637,-0.014648884534835815,7.171850070357323,0.616664,0.0,-2.900598094214962,-1.2858617521648623,,3.1728393829256407,0.3548607541824914
2019-02-21,Cancabato Bay,27.468214966356754,33.948789909482,-0.11474959552288055,-0.010986663401126862,7.171850070357323,0.34087944,0.0,-2.0017616909077325,-0.7096087360910797,0.38158675170579637,2.1238160055717077,0.38158675170579637
2019-02-22,Cancabato Bay,27.65865046530962,33.97320471704006,-0.11474959552288055,-0.016479995101690292,7.171850070357323,0.8785342,7.5809392837670675,-2.048223376962543,-0.8983930293449113,,2.236588705397434,0.34860502864317
2019-02-23,Cancabato Bay,27.62569047510624,33.99761952459812,-0.10376293212175369,-0.015259254723787308,7.171850070357323,0.77199143,9.174267966907244,-2.3748450020384535,-1.007581942680114,,2.5797500179129864,0.3156233055805436
2019-02-24,Cancabato Bay,27.67036957293749,34.03271581046283,-0.10010071098804474,-0.012817773967981339,7.171850070357323,1.4006164,0.0,-1.9935147793691188,-0.7490791795324802,,2.129605783419119,0.2826415825179172
2019-02-25,Cancabato Bay,27.660847797989845,34.066286170855165,-0.09582811966538429,-0.015259254723787308,7.171850070357323,0.53910726,0.0,-1.7036348824469099,-1.0349746403613742,,1.9933751074198385,0.24965985945529082
2019-02-26,Cancabato Bay,27.644734025001526,34.101382456719875,-0.0952177494764328,-0.011597033590078354,7.171850070357323,1.5136946,0.0,-1.6794744396518138,-0.8528836575080958,0.21667813639266442,1.8836254741025777,0.21667813639266442
2019-02-27,Cancabato Bay,27.679891347885132,34.13495281711221,-0.09582811966538429,-0.014038514345884323,7.171850070357323,1.3658553,0.0,-1.6234788476635997,-1.0362507323795778,,1.9260060096397262,0.22955275682971604
2019-02-28,Cancabato Bay,27.72457044571638,34.15784169919789,-0.09704886004328728,-0.01831110566854477,7.171850070357323,0.5853066,6.090539900258707,-1.6738547582663796,-1.54381863714008,,2.277095899638848,0.24242737726676766
2019-03-01,Cancabato Bay,27.802941977977753,34.17920465581119,-0.09887997061014175,-0.019531846046447754,7.171850070357323,0.46691117,0.0,-1.9209554398629871,-1.7910296290211054,,2.6263771499863995,0.2553019977038193
2019-03-02,Cancabato Bay,27.87545395642519,34.20056761242449,-0.10437330231070518,-0.015259254723787308,7.171850070357323,0.31123054,0.0,-1.7234744549788952,-1.1674776407994365,,2.081674383454679,0.2681766181408709
2019-03-03,Cancabato Bay,28.078341007232666,34.2143009416759,-0.1263466291129589,-0.007324442267417908,7.171850070357323,0.3194985,0.0,-2.005508942757173,-0.18014609147285746,0.2810512385779225,2.0135835551950514,0.2810512385779225
2019-03-04,Cancabato Bay,28.193334750831127,34.22956019639969,-0.14526810497045517,-0.005493331700563431,7.171850070357323,0.62189144,0.0,-2.9813887585556027,-0.20120312187792275,,2.9881702806056984,0.2575655724257892
2019-03-05,Cancabato Bay,28.241676069796085,34.234137972816825,-0.13611255213618279,-0.010986663401126862,7.171850070357323,0.9841622,0.0,-3.1818536369374852,-0.3667785157560338,,3.2029235155577007,0.2340799062736559
2019-03-06,Cancabato Bay,28.34568314999342,34.2432935256511,-0.1263466291129589,-0.009155552834272385,7.171850070357323,1.4113758,0.0,-2.709897679086369,-0.5393206003384713,,2.7630439991189317,0.21059424012152259
2019-03-07,Cancabato Bay,28.389629803597927,34.25550092943013,-0.11719107627868652,-0.0079348124563694,7.171850070357323,0.368149,0.0,-2.820536151937977,-0.48793200839058753,,2.862429357940762,0.1871085739693893
2019-03-08,Cancabato Bay,28.400616466999054,34.26770833320916,-0.10437330231070518,-0.004272591322660446,7.171850070357323,0.36646637,0.0,-2.2842808791962685,-0.15850398402259208,0.16362290781725597,2.289773492730823,0.16362290781725597
2019-03-09,Cancabato Bay,28.47312844544649,34.27381203509867,-0.10132145136594772,-0.0006103701889514923,7.171850070357323,0.6347433,0.0,-2.3613202162112783,0.4106959411855052,,2.3967695591346128,0.18215852449405642
2019-03-10,Cancabato Bay,28.602771073579788,34.27838981151581,-0.10132145136594772,0.0,7.171850070357323,0.90616536,0.0,-1.5304055662236657,0.1090410202638358,,1.534285221602736,0.20069414117085688
2019-03-11,Cancabato Bay,28.687002159655094,34.27533796057105,-0.1031525619328022,0.001831110566854477,7.171850070357323,0.60414726,0.0,-2.1140870768193922,0.28785766633285564,,2.133594667325863,0.21922975784765736
2019-03-12,Cancabato Bay,28.871578104794025,34.282967587932944,-0.1110873743891716,-0.003662221133708954,7.171850070357323,1.5662872,0.0,-1.9237252854673053,-0.16721947046096175,,1.9309793694515511,0.2377653745244578
2019-03-13,Cancabato Bay,28.766106136143208,34.28754536435008,-0.1110873743891716,-0.01342814415693283,7.171850070357323,2.2443342,0.0,-2.51325247501991,-0.9696771375409835,0.25630099120125827,2.693828456725368,0.25630099120125827
2019-03-14,Cancabato Bay,28.703115932643414,34.29822684265673,-0.10559404268860817,-0.01037629321217537,7.171850070357323,0.75377536,0.0,-2.4367470629470245,-0.7912088087068251,,2.5619811919208586,0.27344406510270625
2019-03-15,Cancabato Bay,28.756584361195564,34.30280461907387,-0.10437330231070518,-0.014648884534835815,7.171850070357323,0.39922327,0.0,-2.1477809319129357,-0.9490548438358376,,2.348120105126027,0.2905871390041542
2019-03-16,Cancabato Bay,28.745597697794437,34.305856470018625,-0.09826960042119026,-0.017090365290641785,7.171850070357323,0.92614186,0.34228608554925405,-2.5728957981841893,-1.516589920910161,,2.986609746270869,0.3077302129056022
2019-03-17,Cancabato Bay,28.748527474701405,34.29822684265673,-0.09826960042119026,-0.019531846046447754,7.171850070357323,0.5450927,0.21564385380607828,-2.8229682650954935,-1.9140859479082466,,3.4107000515606867,0.32487328680705013
2019-03-18,Cancabato Bay,28.70604570955038,34.28907128982246,-0.09887997061014175,-0.014038514345884323,7.171850070357323,0.479797,7.478863350499554,-3.497443179551104,-1.4068670346351935,,3.769798886854809,0.3420163607084981
2019-03-19,Cancabato Bay,28.48118533194065,34.246345376595855,-0.10925626382231712,-0.014038514345884323,7.171850070357323,0.62257373,1.2587072750249992,-3.5260460735276107,-1.1102917436144597,,3.6967213404012367,0.3591594346099461
2019-03-20,Cancabato Bay,28.51341287791729,34.25550092943013,-0.11474959552288055,-0.011597033590078354,7.171850070357323,1.8787861,0.0,-3.4637663227274285,-0.6565867926237846,,3.5254479651114807,0.3763025085113941
2019-03-21,Cancabato Bay,28.573473304510117,34.26313055679202,-0.10193182155489922,-0.006103701889514923,7.171850070357323,1.753076,0.0,-2.7897038828778644,-0.07180853891273546,,2.7906279258268407,0.393445582412842
2019-03-22,Cancabato Bay,28.70238348841667,34.270760184153914,-0.08911404758691788,0.0006103701889514923,7.171850070357323,2.2462208,0.0,-2.2863692448634314,0.2766304798174687,,2.3030433661182808,0.41058865631429
2019-03-23,Cancabato Bay,28.725089259445667,34.27533796057105,-0.08850367739796638,-0.011597033590078354,7.171850070357323,0.49431932,0.0,-2.7664013032302983,-0.8178482712155044,0.42773173021573796,2.884762029222598,0.42773173021573796
2019-03-24,Cancabato Bay,28.5661488622427,34.28754536435008,-0.08911404758691788,-0.011597033590078354,7.171850070357323,0.24815997,0.0,-3.379664533654325,-1.2090731220064717,,3.5894275552515866,0.36524052676322943
2019-03-25,Cancabato Bay,28.503158658742905,34.305856470018625,-0.07873775437474251,-0.008545182645320892,7.171850070357323,1.0316428,0.0,-2.5894182299763537,-0.36039500507478994,,2.6143778092342984,0.3027493233107209
2019-03-26,Cancabato Bay,28.56688130646944,34.2860194388777,-0.08972441777586937,-0.011597033590078354,7.171850070357323,0.4210543,16.011690499302677,-3.0841089783102573,-0.5861008800351061,,3.139306043008847,0.24025811985821238
2019-03-27,Cancabato Bay,28.585192412137985,34.26007870584726,-0.08972441777586937,-0.007324442267417908,7.171850070357323,0.4122211,0.0,-3.137045995774404,-0.3991373092259677,,3.162335872613845,0.17776691640570386
2019-03-28,Cancabato Bay,28.706778153777122,34.26618240773678,-0.08911404758691788,-0.009155552834272385,7.171850070357323,1.6156026,0.0,-2.6149768476867323,-0.3665377135969634,0.11527571295319532,2.6405404388924874,0.11527571295319532
2019-03-29,Cancabato Bay,28.74193547666073,34.28449351340532,-0.07812738418579102,0.0006103701889514923,7.171850070357323,1.005254,0.0,-2.349847105365065,0.3964537640151043,,2.3830562321511257,0.15123417011803245
2019-03-30,Cancabato Bay,28.70238348841667,34.305856470018625,-0.079348124563694,-0.0024414807558059692,7.171850070357323,0.32665986,1.4186125441481132,-2.6400390702875693,0.31249980800943256,,2.65846994014429,0.18719262728286956
2019-03-31,Cancabato Bay,28.659901723265648,34.330271277576685,-0.07751701399683952,-0.009765923023223877,7.171850070357323,0.85261315,0.0,-2.3164013985757004,-0.6235262233463604,,2.3988539744061197,0.2231510844477067
2019-04-01,Cancabato Bay,28.565416418015957,34.33942683041096,-0.06836146116256714,-0.01342814415693283,7.171850070357323,0.61685973,0.0,-2.6293796593059597,-1.1407822412385982,,2.8661858827887077,0.2591095416125438
2019-04-02,Cancabato Bay,28.556627087295055,34.342478681355715,-0.07995849475264549,-0.011597033590078354,7.171850070357323,0.30373237,0.0,-2.997758768865489,-0.8042045512246767,0.29506799877738094,3.1037562076491154,0.29506799877738094
2019-04-03,Cancabato Bay,28.606433294713497,34.36384163796902,-0.07507553324103355,-0.006714072078466415,7.171850070357323,1.3888488,0.0,-2.4780097400985164,-0.11828704749389563,,2.4808313319586923,0.2892504454693894
2019-04-04,Cancabato Bay,28.687002159655094,34.38367866910994,-0.07263405248522758,-0.006714072078466415,7.171850070357323,1.1560054,0.0,-2.561566903812006,-0.12096697806651116,,2.5644215746416523,0.28343289216139783
2019-04-05,Cancabato Bay,28.799066126346588,34.39283422194421,-0.07629627361893654,-0.003662221133708954,7.171850070357323,0.66175145,0.0,-2.8039870100226247,0.22491916885384788,,2.8129933851492654,0.2776153388534063
2019-04-06,Cancabato Bay,28.96386607736349,34.389782370999455,-0.07324442267417908,-0.009765923023223877,7.171850070357323,0.64409363,0.0,-2.220226233648246,-0.20841465282175833,,2.229986815227994,0.2717977855454148
2019-04-07,Cancabato Bay,29.112552255392075,34.39741199836135,-0.06958220154047012,-0.011597033590078354,7.171850070357323,1.2844491,11.398817926169205,-2.4029152223160097,-0.7939866128874368,,2.530694826936362,0.26598023223742323
2019-04-08,Cancabato Bay,28.97558518499136,34.353160159662366,-0.0714133121073246,-0.010986663401126862,7.171850070357323,1.2845012,34.19645456307994,-2.798173055827246,-0.512928279284986,,2.8447966307010146,0.2601626789294317
2019-04-09,Cancabato Bay,29.005615398287773,34.342478681355715,-0.08301034569740295,0.0024414807558059692,7.171850070357323,0.1832966,4.721753449485706,-3.611990172363478,0.9360411956916644,,3.73130622239481,0.2543451256214401
2019-04-10,Cancabato Bay,29.08252204209566,34.33332312852144,-0.09094515815377235,0.0024414807558059692,7.171850070357323,0.19231799,0.0,-2.7690768013872873,0.7619966860592956,,2.872007186889789,0.24852757231344857
2019-04-11,Cancabato Bay,29.235602885484695,34.340952755883336,-0.09399700909852982,0.006714072078466415,7.171850070357323,0.76807314,0.0,-2.703260824900077,1.125764484437461,,2.928304076058391,0.24271001900545705
2019-04-12,Cancabato Bay,29.46266059577465,34.354686085134745,-0.10925626382231712,0.0030518509447574615,7.171850070357323,0.53389066,0.0,-3.033645877058276,0.8243672966984631,0.2368924656974655,3.143658497238307,0.2368924656974655
2019-04-13,Cancabato Bay,29.550553902983665,34.37299719080329,-0.10803552344441414,0.0012207403779029846,7.171850070357323,1.844845,0.0,-3.2251408269207653,0.6382846897538967,,3.2876953476022357,0.23635366972420274
2019-04-14,Cancabato Bay,29.611346773803234,34.39283422194421,-0.10986663401126862,-0.004272591322660446,7.171850070357323,0.46861202,0.0,-2.776185259749637,0.2139052827850063,,2.7844137742897503,0.23581487375093999
2019-04-15,Cancabato Bay,29.74904628843069,34.414197178557515,-0.09949034079909325,0.005493331700563431,7.171850070357323,0.6851386,0.0,-2.541496398901108,0.8556296458611125,,2.6816610592138064,0.2352760777776772
2019-04-16,Cancabato Bay,29.78200627863407,34.43098235875368,-0.10071108117699623,0.0024414807558059692,7.171850070357323,0.47938725,0.0,-2.7466999057479864,1.0785600071995383,,2.950873101535589,0.23473728180441444
2019-04-17,Cancabato Bay,29.87942136079073,34.45692309178412,-0.09582811966538429,0.003662221133708954,7.171850070357323,1.9503949,0.0,-1.9643748299468058,0.9807788406516587,0.2341984858311517,2.195608254402081,0.2341984858311517
2019-04-18,Cancabato Bay,29.97756888717413,34.475234197452664,-0.10010071098804474,0.006714072078466415,7.171850070357323,2.5805244,0.0,-2.6895177510297454,1.0138169144008968,,2.8742530280108354,0.24133073246638514
2019-04-19,Cancabato Bay,29.99880976974964,34.50270085595548,-0.11658070608973503,-0.005493331700563431,7.171850070357323,1.0028138,0.0,-2.6881949838244856,0.5072980530131465,,2.735643175863778,0.24846297910161858
2019-04-20,Cancabato Bay,30.102816849946976,34.5301675144583,-0.13000885024666786,0.0024414807558059692,7.171850070357323,0.5228113,0.0,-2.867608892309057,0.8265641554036959,,2.9843573951938467,0.255595225736852
2019-04-21,Cancabato Bay,30.058137752115726,34.557634172961116,-0.13733329251408577,-0.001831110566854477,7.171850070357323,1.0478878,6.572406051598668e-06,-3.0592365141525146,0.753557493599107,,3.1506788071276635,0.2627274723720855
2019-04-22,Cancabato Bay,29.959257781505585,34.58815268240869,-0.13794366270303726,-0.0048829615116119385,7.171850070357323,0.91976655,1.2260862668863122,-3.5816894508338923,0.24651261355205564,0.2698597190073189,3.5901626412817365,0.2698597190073189
2019-04-23,Cancabato Bay,29.954130671918392,34.61409341543913,-0.1355021819472313,-0.0030518509447574615,7.171850070357323,0.76016194,0.39998705456622496,-3.417323184084964,0.4303230387312514,,3.444310622192414,0.2670496299455785
2019-04-24,Cancabato Bay,29.935087122023106,34.63850822299719,-0.1355021819472313,-0.005493331700563431,7.171850070357323,0.5548052,0.18825865329835365,-3.60738037199257,0.30643849748473545,,3.620372591457674,0.2642395408838381
2019-04-25,Cancabato Bay,29.881618693470955,34.65987117961049,-0.1269569993019104,-0.005493331700563431,7.171850070357323,0.4688074,0.1872130503860145,-3.061812047678594,0.20613334632740477,,3.068743060566968,0.2614294518220977
2019-04-26,Cancabato Bay,29.876491583883762,34.67665635980666,-0.12268440797924995,-0.005493331700563431,7.171850070357323,1.5186651,0.0,-2.92427745298305,-0.09854798758655038,,2.925937512641443,0.2586193627603573
2019-04-27,Cancabato Bay,29.94460889697075,34.68581191264093,-0.12024292722344398,-0.01037629321217537,7.171850070357323,1.6226656,0.0,-2.8141899888745145,-0.561720036309265,,2.8697028927526316,0.2558092736986169
2019-04-28,Cancabato Bay,29.968779556453228,34.68123413622379,-0.11963255703449249,-0.006103701889514923,7.171850070357323,0.23995803,0.308371085328416,-2.831812422609847,-0.015751118389005395,,2.8318562277379042,0.2529991846368765
2019-04-29,Cancabato Bay,30.044221311807632,34.68733783811331,-0.12146366760134697,-0.006103701889514923,7.171850070357323,0.36572176,0.0,-2.523097387442938,-0.12360552379456591,,2.5261232654076697,0.2501890955751361
2019-04-30,Cancabato Bay,30.162877276539803,34.691915614530444,-0.12085329741239548,0.0030518509447574615,7.171850070357323,0.32881588,0.0,-2.1142611839557026,0.6143691583273454,,2.20171519881333,0.2473790065133957
2019-05-01,Cancabato Bay,30.413373202085495,34.70107116736472,-0.12573625892400742,0.012207403779029846,7.171850070357323,1.4950573,0.0,-1.4806378237450477,0.6997729436055319,,1.6376722925258342,0.2445689174516553
2019-05-02,Cancabato Bay,30.46391185373068,34.70870079472661,-0.12085329741239548,0.012817773967981339,7.171850070357323,1.7880689,0.0,-1.7891071726692607,1.075198698054838,0.2417588283899149,2.087332440124336,0.2417588283899149
2019-05-03,Cancabato Bay,30.57524337619543,34.713278571143746,-0.11658070608973503,0.015259254723787308,7.171850070357323,1.26092,0.0,-1.175344905117473,1.0932901765325933,,1.6052162022881125,0.2441622609213034
2019-05-04,Cancabato Bay,30.85283973813057,34.71938227303326,-0.11658070608973503,0.014038514345884323,7.171850070357323,1.1166335,0.0,-0.23148766365853163,0.4982396166218321,,0.5493898925149203,0.24656569345269186
2019-05-05,Cancabato Bay,31.09894099831581,34.70717486925423,-0.11047700420022011,0.017700735479593277,7.171850070357323,1.1165231,3.856003676359646,0.14554824088896967,0.41074361281241845,,0.43576898225099897,0.24896912598408036
2019-05-06,Cancabato Bay,31.403637796640396,34.713278571143746,-0.09887997061014175,0.017700735479593277,7.171850070357323,0.52629095,0.0,0.6573696295089878,0.357337747663294,,0.7482146053812769,0.25137255851546886
2019-05-07,Cancabato Bay,31.599200405180454,34.69801931641996,-0.062257759273052216,0.0,7.171850070357323,0.5953953,4.527640373181231,1.1336016448988713,-0.12041189665606017,,1.1399788218093072,0.25377599104685733
2019-05-08,Cancabato Bay,31.78597368299961,34.678182285279036,-0.048829615116119385,-0.02868739888072014,7.171850070357323,0.36076382,6.620466463862898,0.8888746857725738,-0.3634772247573085,,0.9603196863152222,0.25617942357824586
2019-05-09,Cancabato Bay,31.713461704552174,34.437086060643196,-0.04577776417136192,-0.029908139258623123,7.171850070357323,0.6603798,7.166045716014534,0.8222412788777078,0.05192884274789163,,0.8238794362038561,0.25858285610963433
2019-05-10,Cancabato Bay,31.89217809587717,34.51490825973451,-0.03906369209289551,-0.02624591812491417,7.171850070357323,1.6442196,0.0,-0.029281390624774428,0.190186182244817,,0.19242708685052468,0.2609862886410228
2019-05-11,Cancabato Bay,31.938322082161903,34.54847862012684,-0.08362071588635445,0.0030518509447574615,7.171850070357323,0.4607784,0.0,-0.47170625159249735,0.24788442173519648,,0.5328728500594088,0.26338972117241133
2019-05-12,Cancabato Bay,31.975676737725735,34.55458232201636,-0.08972441777586937,0.01831110566854477,7.171850070357323,0.6935678,4.574576715310923,-1.5850569882990995,0.644854093704964,0.2657931537037998,1.7112108164466067,0.2657931537037998
2019-05-13,Cancabato Bay,31.99032562226057,34.559160098433495,-0.09399700909852982,0.01037629321217537,7.171850070357323,0.92160165,0.0,-2.300185847045588,1.116036784128439,,2.5566370556800933,0.2723134124917793
2019-05-14,Cancabato Bay,31.91708119958639,34.569841576740146,-0.10620441287755966,0.006103701889514923,7.171850070357323,0.3083997,0.0,-2.256950591667389,1.3164310906935193,,2.6128177873269895,0.2788336712797588
2019-05-15,Cancabato Bay,31.876796767115593,34.5805230550468,-0.1269569993019104,0.0024414807558059692,7.171850070357323,0.99259377,0.0,-1.7950645908524023,0.9684451164728944,,2.039642818964218,0.2853539300677383
2019-05-16,Cancabato Bay,31.9207434207201,34.58510083146393,-0.12024292722344398,0.007324442267417908,7.171850070357323,1.7240392,3.654548824785617,-1.2580284894985976,1.0404812357502244,,1.6325553229028524,0.2918741888557178
2019-05-17,Cancabato Bay,31.97787407040596,34.57747120410204,-0.06653035059571266,0.005493331700563431,7.171850070357323,0.8163218,0.5731832105130815,0.4592661889548335,0.7287748560780988,,0.861416405212224,0.2983944476436973
2019-05-18,Cancabato Bay,32.184423342347145,34.56373787485063,-0.04699850454926491,-0.0030518509447574615,7.171850070357323,1.8317578,0.0,0.20094854469854473,0.3941830654402038,,0.4424484226396327,0.30491470643167684
2019-05-19,Cancabato Bay,32.392437502741814,34.559160098433495,-0.0555436871945858,-0.016479995101690292,7.171850070357323,1.8818313,3.4959517873514194,-0.04524461830370034,0.4851135314543547,,0.48721885625000466,0.3114349652196563
2019-05-20,Cancabato Bay,32.41514327377081,34.545426769182086,-0.014648884534835815,-0.025635547935962677,7.171850070357323,1.1420947,0.0,1.026240930625544,0.1811059509587084,,1.0420987540362192,0.3179552240076358
2019-05-21,Cancabato Bay,32.63121432065964,34.53779714182019,-0.014038514345884323,-0.03418073058128357,7.171850070357323,0.9339899,8.14072803795909,1.1323015147363598,0.08238632878906928,,1.1352947755739895,0.32447548279561533
2019-05-22,Cancabato Bay,32.467146813869476,34.51338233426213,-0.006714072078466415,-0.06286812946200371,7.171850070357323,1.3208046,16.28145607591818,1.2629269996232433,-0.4798474856242487,,1.3510137733706793,0.3309957415835948
2019-05-23,Cancabato Bay,32.56968900561333,34.427930507808924,-0.05371257662773132,-0.05066072568297386,7.171850070357323,0.397706,8.14072803795909,0.46180264055935444,-0.1640625981431989,,0.4900798046615358,0.3375160003715743
2019-05-24,Cancabato Bay,32.42100282758474,34.44318976253271,-0.09399700909852982,-0.009765923023223877,7.171850070357323,0.19505233,4.320856601666339,-0.5832820041098697,0.3746950639040483,,0.6932635049045095,0.3440362591595538
2019-05-25,Cancabato Bay,32.32944729924202,34.427930507808924,-0.13183996081352234,-0.0006103701889514923,7.171850070357323,0.18569516,11.625346863231721,-1.37067144036596,0.8679055150371965,,1.6223440388730366,0.35055651794753334
2019-05-26,Cancabato Bay,32.152195796370506,34.43403420969844,-0.15320291742682457,-0.008545182645320892,7.171850070357323,0.9769115,0.0,-1.4283646499623215,1.1732653543012304,,1.8484526406877664,0.35707677673551286
2019-05-27,Cancabato Bay,32.089938037097454,34.44776753894985,-0.13367107138037682,-0.0024414807558059692,7.171850070357323,1.0721653,5.537135396140833,-1.9024261519550367,1.2785505521487466,,2.292142399163349,0.3635970355234923
2019-05-28,Cancabato Bay,32.03793449699879,34.46760457009077,-0.12085329741239548,0.0048829615116119385,7.171850070357323,0.87754405,0.0,-2.332359735176508,1.2447486668928416,,2.643728650600159,0.37011729431147183
2019-05-29,Cancabato Bay,32.0188909471035,34.48896752670407,-0.11474959552288055,-0.0012207403779029846,7.171850070357323,1.2939045,2.9923649557863183,-2.319860048177309,0.7194693616973691,,2.428865332938499,0.37663755309945135
2019-05-30,Cancabato Bay,31.810876786708832,34.48438975028694,-0.09949034079909325,-0.007324442267417908,7.171850070357323,1.2508289,8.30570258195408,-2.037805035582975,0.32366095849894355,,2.0633481962828726,0.3831578118874308
2019-05-31,Cancabato Bay,31.620441287755966,34.47218234650791,-0.08911404758691788,0.0,7.171850070357323,1.4279149,5.518217724352219,-2.4389195115055715,0.817684840676856,,2.5723407399244973,0.3896780706754103
2019-06-01,Cancabato Bay,31.54426708817482,34.473708271980286,-0.09826960042119026,-0.001831110566854477,7.171850070357323,0.846262,0.0,-2.85691652454386,0.7185024751970305,0.39619832946338984,2.945881503909488,0.39619832946338984
2019-06-02,Cancabato Bay,31.418286681175232,34.46455271914601,-0.08423108607530594,-0.0024414807558059692,7.171850070357323,0.3481495,8.490807024434734,-2.4146794763936494,0.6463341030300173,,2.4996849294373735,0.4055565836637243
2019-06-03,Cancabato Bay,31.34357737004757,34.44776753894985,-0.08239997550845146,-0.001831110566854477,7.171850070357323,0.320838,11.625752590715697,-2.155270586390505,0.4949238727428148,,2.211366306239384,0.41491483786405886
2019-06-04,Cancabato Bay,31.25421917438507,34.408093476668,-0.07995849475264549,0.0,7.171850070357323,0.30240273,24.306571774589372,-2.332348295931289,0.58151421119556,,2.4037486040258,0.42427309206439334
2019-06-05,Cancabato Bay,30.970763258635998,34.35621201060712,-0.07263405248522758,-0.0048829615116119385,7.171850070357323,0.29623848,12.425368184098804,-2.277899403031248,0.5511802403528661,,2.343635071355086,0.4336313462647279
2019-06-06,Cancabato Bay,30.86602373421192,34.34705645777285,-0.07629627361893654,0.004272591322660446,7.171850070357323,0.38741794,17.253219936602413,-2.7330226499727575,0.9817730228849688,0.44298960046506236,2.904012925888727,0.44298960046506236
2019-06-07,Cancabato Bay,30.9304788261652,34.34705645777285,-0.07446516305208206,0.004272591322660446,7.171850070357323,0.42531922,0.0,-2.199577806948184,0.6831646657314995,,2.303227407209938,0.39570866744087235
2019-06-08,Cancabato Bay,30.989074364304543,34.33484905399382,-0.079348124563694,0.003662221133708954,7.171850070357323,1.1062862,32.712615662108604,-2.3790391969141056,0.47745718455364217,,2.4264774599273746,0.3484277344166824
2019-06-09,Cancabato Bay,30.921689495444298,34.30280461907387,-0.059816278517246246,0.009765923023223877,7.171850070357323,1.1043519,17.51204224059376,-1.1418408613938553,0.9625405505227285,,1.493413828832872,0.3011468013924924
2019-06-10,Cancabato Bay,31.20075074583292,34.270760184153914,-0.005493331700563431,0.012817773967981339,7.171850070357323,1.7322361,9.090248380606168,0.013562053751796787,0.967518418070405,,0.9676134654950941,0.2538658683683024
2019-06-11,Cancabato Bay,31.47102266550064,34.29059721529484,-0.016479995101690292,0.017700735479593277,7.171850070357323,1.1971419,0.1669491696091125,-0.05835708103545626,1.002388494398611,0.20658493534411237,1.0040857745280993,0.20658493534411237
2019-06-12,Cancabato Bay,31.664387941360474,34.27228610962629,-0.062257759273052216,0.019531846046447754,7.171850070357323,0.4382475,0.530573292614553,-0.9366913004818129,1.419414437871851,,1.7006257491986214,0.22354901034134927
2019-06-13,Cancabato Bay,31.910489201545715,34.246345376595855,-0.0634784996509552,0.0079348124563694,7.171850070357323,0.45743263,0.9800451576900178,-0.20389368485071613,0.6676190632489462,,0.6980600606934932,0.24051308533858617
2019-06-14,Cancabato Bay,31.829187892377377,34.269234258681536,-0.039674062281847,0.014038514345884323,7.171850070357323,1.0330544,0.48516927502406676,0.27700953396563444,1.1351938019120462,,1.168502995206852,0.2574771603358231
2019-06-15,Cancabato Bay,32.07089448720217,34.23871574923396,-0.043336283415555954,0.0,7.171850070357323,1.3583837,0.611629032955383,-0.33301629973878816,0.9038177907370508,,0.9632167226250371,0.27444123533306
2019-06-16,Cancabato Bay,31.97421184927225,34.220404643565416,-0.07446516305208206,0.011597033590078354,7.171850070357323,0.38579714,0.19350323052452015,-0.4086332640600524,1.031667270597615,0.2914053103302969,1.1096479179085161,0.2914053103302969
2019-06-17,Cancabato Bay,31.85995054990053,34.234137972816825,-0.08484145626425743,0.0012207403779029846,7.171850070357323,1.2540131,0.0,-2.1738363198194204,0.8914231618190368,,2.349510501954288,0.29662601051797416
2019-06-18,Cancabato Bay,31.828455448150635,34.25092315301299,-0.08789330720901489,0.0012207403779029846,7.171850070357323,1.1849567,0.0,-1.945463385860649,0.6338746527321318,,2.04612435132879,0.3018467107056514
2019-06-19,Cancabato Bay,31.807947009801865,34.257026854902506,-0.08117923513054848,0.0048829615116119385,7.171850070357323,0.2626391,0.0,-2.1107365461330976,1.0307781153557953,,2.348981117480156,0.3070674108933287
2019-06-20,Cancabato Bay,31.856288328766823,34.27381203509867,-0.08362071588635445,0.007324442267417908,7.171850070357323,0.31335703,0.0,-0.993479374678258,1.1863110787490139,,1.547363966064142,0.3122881110810059
2019-06-21,Cancabato Bay,31.947843857109547,34.27838981151581,-0.08056886494159698,0.005493331700563431,7.171850070357323,2.0138414,0.0,-0.5763181187203863,0.7687554005580787,0.3175088112686832,0.9607952122344372,0.3175088112686832
2019-06-22,Cancabato Bay,32.08774070441723,34.27838981151581,-0.08911404758691788,-0.006714072078466415,7.171850070357323,0.22493257,4.245557765229441,-0.004703554332765762,0.2555276346856547,,0.2555709207077493,0.312713348287473
2019-06-23,Cancabato Bay,31.77791679650545,34.269234258681536,-0.02624591812491417,-0.04455702379345894,7.171850070357323,0.22496547,8.011844924844493,1.7788323811940598,-0.2841821308085318,,1.8013894980973455,0.3079178853062628
2019-06-24,Cancabato Bay,31.40510268509388,34.246345376595855,-0.01037629321217537,-0.03906369209289551,7.171850070357323,0.6807912,6.806936269370131,1.686733390365745,0.24353341886644195,,1.7042235933936305,0.30312242232505265
2019-06-25,Cancabato Bay,31.30695515871048,34.220404643565416,0.009765923023223877,-0.04211554303765297,7.171850070357323,0.7078747,4.137122367898497,1.1993904638081123,0.2801017615833138,,1.2316632987614409,0.29832695934384246
2019-06-26,Cancabato Bay,31.215399630367756,34.173100953921676,0.01831110566854477,-0.02075258642435074,7.171850070357323,0.67289126,9.594463349912115,0.8451472868625274,0.6657716950909816,0.29353149636263226,1.0758837699656083,0.29353149636263226
2019-06-27,Cancabato Bay,31.2249214053154,34.15326392278075,0.04211554303765297,-0.022583696991205215,7.171850070357323,0.5882956,4.94433337964189,1.1423865763522592,1.0837665521732296,,1.5746736263236536,0.3009510478341275
2019-06-28,Cancabato Bay,31.07403789460659,34.150212071835995,0.051881466060876846,-0.011597033590078354,7.171850070357323,0.705364,4.459080009033887,1.6339752882836074,1.0463531625604048,,1.9402912625483986,0.3083705993056228
2019-06-29,Cancabato Bay,31.11066010594368,34.15478984825313,0.008545182645320892,-0.010986663401126862,7.171850070357323,0.720585,10.697381298382062,1.0457490086968546,0.844888489718359,,1.3444060209806499,0.3157901507771181
2019-06-30,Cancabato Bay,30.972960591316223,34.15478984825313,0.0317392498254776,0.007324442267417908,7.171850070357323,0.90122235,12.800325280942095,0.6200903577269239,1.6293465281006483,,1.743353710633485,0.32320970224861334
2019-07-01,Cancabato Bay,30.974425479769707,34.15936762467027,-0.016479995101690292,0.012817773967981339,7.171850070357323,1.1641247,5.770088628458139,-0.6968624879868319,1.462937605521453,,1.620433202823257,0.3306292537201086
2019-07-02,Cancabato Bay,31.039613015949726,34.15478984825313,-0.03662221133708954,0.0079348124563694,7.171850070357323,1.1700743,5.987139028482163,-0.9534822526994767,0.8532948162407548,,1.2795469704689282,0.33804880519160385
2019-07-03,Cancabato Bay,30.96343881636858,34.17920465581119,-0.06408886983990669,-0.0030518509447574615,7.171850070357323,1.1692555,2.9230361567518583,-1.35749401851239,0.5606599277038997,,1.4687169791453556,0.3454683566630991
2019-07-04,Cancabato Bay,30.957579262554646,34.15631577372551,-0.05249183624982834,0.008545182645320892,7.171850070357323,0.7124472,0.0,-1.2329454217119014,0.8789548227874587,,1.514171718604489,0.3528879081345944
2019-07-05,Cancabato Bay,31.104068107903004,34.160893550142646,-0.054322946816682816,0.01342814415693283,7.171850070357323,1.8838007,1.2829294715064785,-0.8096882116714729,1.3104900250563754,,1.540447696577851,0.3603074596060897
2019-07-06,Cancabato Bay,31.185369417071342,34.14563429541886,-0.06164738908410072,0.0048829615116119385,7.171850070357323,1.2723899,4.209459889811068,-0.17602131333134144,0.9912356863563788,0.36772701107758493,1.006743109563354,0.36772701107758493
2019-07-07,Cancabato Bay,31.49153110384941,34.14410836994648,-0.06469924002885818,-0.032959990203380585,7.171850070357323,0.6622236,1.2997549772262575,0.4463590404733441,0.5436545273095033,,0.7034178261008203,0.31784057866516857
2019-07-08,Cancabato Bay,31.635822616517544,34.08459727652371,-0.09765923023223877,-0.06408886983990669,7.171850070357323,1.1045319,0.0,0.4099465689832053,0.27355138460795086,,0.49283521530226404,0.26795414625275216
2019-07-09,Cancabato Bay,31.725913256406784,34.066286170855165,-0.11963255703449249,-0.04028443247079849,7.171850070357323,0.6229462,3.801133080031545,0.24408793785357816,0.3583911112368754,,0.43361631659707484,0.2180677138403358
2019-07-10,Cancabato Bay,31.804284788668156,34.09680468030274,-0.13245033100247383,-0.025635547935962677,7.171850070357323,0.5768935,0.5682091187364378,-0.05754562381454472,0.4203201530987023,,0.4242411223833937,0.1681812814279194
2019-07-11,Cancabato Bay,31.90023498237133,34.10596023313701,-0.15686513856053352,-0.009155552834272385,7.171850070357323,0.7628019,4.710344387700382,-0.6808205589077219,0.22603533848462692,0.11829484901550304,0.7173622569352828,0.11829484901550304
2019-07-12,Cancabato Bay,31.692953266203403,34.089175052940845,-0.12024292722344398,-0.012817773967981339,7.171850070357323,1.4485753,4.710344387700382,-0.890794132730101,0.04724656913208341,,0.8920462012704978,0.12436216593080775
2019-07-13,Cancabato Bay,31.39704579859972,33.800775138661265,0.01831110566854477,-0.056764427572488785,7.171850070357323,1.4484866,15.36827150625162,1.5633666211888486,-0.42359407263667914,,1.6197367473204913,0.13042948284611247
2019-07-14,Cancabato Bay,31.161198757588863,33.96252323873341,0.03723258152604103,-0.04699850454926491,7.171850070357323,1.07712,13.591430846875468,2.2016779947126675,-0.021888927709535846,,2.2017868011136468,0.13649679976141718
2019-07-15,Cancabato Bay,30.52104250341654,33.9060639962554,0.05493331700563431,-0.0048829615116119385,7.171850070357323,1.1102507,12.480745975201886,3.2658275748874335,0.4149052158848302,,3.2920777765817704,0.1425641166767219
2019-07-16,Cancabato Bay,29.979766219854355,33.91521954908967,0.05798516795039177,0.022583696991205215,7.171850070357323,2.44997,10.04618885722785,2.974873932411941,3.043976057894816,,4.2562501283149405,0.1486314335920266
2019-07-17,Cancabato Bay,29.940214231610298,33.956419536843896,0.031128879636526108,0.02075258642435074,7.171850070357323,3.5213065,3.632149305587379,0.9632509719915165,3.3686965846883203,,3.5037079094486967,0.1546987505073313
2019-07-18,Cancabato Bay,30.207556374371052,33.97167879156768,-0.03479110077023506,0.02136295661330223,7.171850070357323,3.5700243,0.0,-0.9044291411902342,2.1506501781001437,,2.333085566368341,0.16076606742263602
2019-07-19,Cancabato Bay,30.7341837733984,33.98693804629147,-0.059816278517246246,0.019531846046447754,7.171850070357323,1.6533197,0.0,-0.323732478317363,0.7716185534129824,,0.8367782917168952,0.16683338433794073
2019-07-20,Cancabato Bay,30.924619272351265,33.993041748180985,-0.06714072078466415,0.005493331700563431,7.171850070357323,1.8506616,0.41864811802824464,-0.42437592134323704,0.21983154592736548,,0.4779339192825057,0.17290070125324544
2019-07-21,Cancabato Bay,31.202948078513145,33.935056580230594,-0.06164738908410072,-0.02624591812491417,7.171850070357323,1.1920545,4.860316191999296,-0.016389004874102758,0.06935264189101777,0.17896801816855015,0.07126281230787286,0.17896801816855015
2019-07-22,Cancabato Bay,31.16852319985628,33.95031583495438,-0.0024414807558059692,-0.06897183135151863,7.171850070357323,0.76843965,3.726375499853311,1.6247335615926926,-0.2213648551329368,,1.6397443536276324,0.19379440380334728
2019-07-23,Cancabato Bay,31.19635608047247,33.93810843117535,-0.06103701889514923,-0.06103701889514923,7.171850070357323,0.35723326,16.619495007938472,1.1251424347508945,0.4496661026446422,,1.211670376936233,0.2086207894381444
2019-07-24,Cancabato Bay,31.134098321199417,33.968626940622926,-0.07751701399683952,-0.0238044373691082,7.171850070357323,0.97604907,0.6308273393125199,1.3094654863110373,0.8097033589892476,,1.5395841611936232,0.22344717507294154
2019-07-25,Cancabato Bay,31.198553413152695,33.980834344401956,-0.04028443247079849,-0.040894802659749985,7.171850070357323,0.6700491,0.0,1.778544822722832,0.6262934852841546,,1.8855941281579032,0.23827356070773867
2019-07-26,Cancabato Bay,31.250556953251362,34.01287877932191,-0.027466658502817154,-0.04455702379345894,7.171850070357323,1.4516194,7.279197410272714,1.8861481483055889,0.1079109673908716,0.2530999463425358,1.8892325463636908,0.2530999463425358
2019-07-27,Cancabato Bay,31.075502783060074,34.01135285384953,-0.02929776906967163,-0.036011841148138046,7.171850070357323,1.4174336,12.131996209629047,1.0841402766279933,0.28546933220175785,,1.1210945004925943,0.25913488623663256
2019-07-28,Cancabato Bay,30.806695751845837,33.9991454500705,-0.030518509447574615,-0.0024414807558059692,7.171850070357323,1.4074924,6.975325409215861,1.061599531413832,0.782367775693009,,1.3187467162199473,0.26516982613072926
2019-07-29,Cancabato Bay,30.727591775357723,33.994567673653364,-0.006714072078466415,0.001831110566854477,7.171850070357323,0.76002395,3.7523644115216443,1.3588435234057488,0.2746627994155355,,1.38632441170331,0.271204766024826
2019-07-30,Cancabato Bay,30.74663532525301,34.028138034045696,0.0079348124563694,-0.014648884534835815,7.171850070357323,0.73488545,2.4263990991793505,2.2377538551053875,-0.1909257776331313,,2.2458840060439096,0.2772397059189227
2019-07-31,Cancabato Bay,30.592822037637234,34.06018246896565,0.0006103701889514923,0.0030518509447574615,7.171850070357323,0.5402379,3.9656462494176803,2.030603740583752,0.5566700606897981,,2.1055244258239103,0.2832746458130195
2019-08-01,Cancabato Bay,30.605273589491844,34.08307135105133,0.016479995101690292,0.0024414807558059692,7.171850070357323,0.55883276,6.165698841357003,2.568643318805443,0.34573193570157074,,2.5918061406300814,0.2893095857071162
2019-08-02,Cancabato Bay,30.299844346940517,34.08001950010657,0.0158696249127388,0.007324442267417908,7.171850070357323,1.3228887,11.592964230254058,2.5354064373916065,0.6307107355005886,,2.612677139380695,0.29534452560121294
2019-08-03,Cancabato Bay,30.01052887737751,34.066286170855165,0.029908139258623123,0.01037629321217537,7.171850070357323,1.3390529,1.6460744409134596,3.1636307968171375,1.6106404809870274,,3.550031348814255,0.30137946549530964
2019-08-04,Cancabato Bay,29.771752059459686,34.076967649161816,0.03357036039233208,0.016479995101690292,7.171850070357323,1.3424835,0.6920248708024194,2.850658971460897,2.3199235114139243,,3.6753641547990332,0.3074144053894064
2019-08-05,Cancabato Bay,29.74831384420395,34.0922269038856,0.05310220643877983,0.01831110566854477,7.171850070357323,1.8030776,0.47320643172096527,3.4345132383195436,2.307751116396841,,4.137825080815169,0.3134493452835031
2019-08-06,Cancabato Bay,29.709494300186634,34.101382456719875,0.05737479776144028,0.02075258642435074,7.171850070357323,1.8072065,1.4312436822504284,3.821406064613997,2.915488872414622,,4.806580871663569,0.31948428517759986
2019-08-07,Cancabato Bay,29.771019615232944,34.13190096616745,0.054322946816682816,0.025635547935962677,7.171850070357323,0.9406396,3.0784542861457074,2.9263733066127937,3.6349584285809224,,4.666538707346954,0.3255192250716966
2019-08-08,Cancabato Bay,29.86696980893612,34.15631577372551,0.04211554303765297,0.025025177747011185,7.171850070357323,1.1264079,2.7669612531083083,2.306639126966886,3.921808364568117,,4.549853284497315,0.3315541649657933
2019-08-09,Cancabato Bay,30.01052887737751,34.17920465581119,0.023194067180156708,0.01892147585749626,7.171850070357323,1.1850259,0.0,1.814160722594637,2.788486286849782,,3.3266852720620235,0.33758910485989
2019-08-10,Cancabato Bay,30.318887896835804,34.199041686952114,0.017700735479593277,0.019531846046447754,7.171850070357323,4.4636006,0.0,1.7779910518710564,1.7340741733613594,0.3436240447539868,2.483599287174247,0.3436240447539868
2019-08-11,Cancabato Bay,30.670461125671864,34.21582686714828,0.02136295661330223,0.012207403779029846,7.171850070357323,1.1748912,0.0,2.039506449603572,1.080720310647374,,2.308147081063147,0.3267234399223608
2019-08-12,Cancabato Bay,30.826471745967865,34.22650834545493,0.039674062281847,0.005493331700563431,7.171850070357323,0.9013436,0.42395482019494524,2.2362610677506307,1.1503468800373127,,2.5147885612012733,0.3098228350907348
2019-08-13,Cancabato Bay,30.977355256676674,34.24176760017872,0.046388134360313416,0.007324442267417908,7.171850070357323,0.97982556,0.0,2.106750596337903,1.2660392594684435,,2.4578961494915754,0.29292223025910885
2019-08-14,Cancabato Bay,31.252754285931587,34.257026854902506,0.009155552834272385,0.008545182645320892,7.171850070357323,1.2709992,0.4564040910702545,1.1580456173097766,1.1462327904722163,,1.6293922982891826,0.2760216254274829
2019-08-15,Cancabato Bay,31.453444004058838,34.26618240773678,-0.012817773967981339,-0.0012207403779029846,7.171850070357323,0.8811154,0.08000687212228014,1.1939335221863143,0.9571159708497157,,1.530211827511411,0.2591210205958569
2019-08-16,Cancabato Bay,31.673909716308117,34.27381203509867,-0.051881466060876846,-0.008545182645320892,7.171850070357323,0.63534606,0.0,1.024268305199778,0.48988619597521577,,1.1353915826902599,0.24222041576423095
2019-08-17,Cancabato Bay,31.87899409979582,34.258552780374885,-0.04699850454926491,-0.03662221133708954,7.171850070357323,0.43819925,0.0,1.2106357309222908,0.15381093244405017,,1.220367434801936,0.22531981093260497
2019-08-18,Cancabato Bay,31.88778343051672,34.26313055679202,-0.04150517284870148,-0.03784295171499252,7.171850070357323,1.0536652,2.849642673239541,1.6751107643041088,0.09955155620896589,,1.6780663231920012,0.208419206100979
2019-08-19,Cancabato Bay,31.828455448150635,34.26770833320916,-0.031128879636526108,-0.03723258152604103,7.171850070357323,0.3054114,0.5720080438132484,1.4986033709502489,-0.05023263692580461,,1.499445024412689,0.19151860126935302
2019-08-20,Cancabato Bay,31.51570176333189,34.244819451123476,-0.014038514345884323,-0.008545182645320892,7.171850070357323,0.2960242,16.149357548917823,2.3686543202725145,0.28882926202696063,,2.3861989924456606,0.17461799643772705
2019-08-21,Cancabato Bay,30.81255530565977,34.148686146363616,0.0,0.0024414807558059692,7.171850070357323,0.29267257,9.009307256521891,3.4340166989417034,0.3739764475883031,,3.4543203487750294,0.15771739160610107
2019-08-22,Cancabato Bay,30.262489691376686,34.13342689163983,0.016479995101690292,0.014038514345884323,7.171850070357323,0.314953,14.525846213197559,2.9081552289159553,1.3583133078029017,,3.2097323685356813,0.14081678677447512
2019-08-23,Cancabato Bay,30.106479071080685,34.150212071835995,0.01892147585749626,0.012207403779029846,7.171850070357323,0.28089038,1.8412358564690663,2.025477522376174,1.7739841520276847,,2.6925042182504577,0.12391618194284915
2019-08-24,Cancabato Bay,30.422162532806396,34.17004910297692,-0.01037629321217537,0.025025177747011185,7.171850070357323,0.48869032,0.0,0.48585610137467117,0.9834994616588892,,1.0969627807388542,0.10701557711122317
2019-08-25,Cancabato Bay,30.75835443288088,34.15936762467027,-0.01831110566854477,-0.022583696991205215,7.171850070357323,0.4349682,2.135396758397928,1.1342614139302223,-0.6034231756762838,0.09011497227959717,1.2847834385896475,0.09011497227959717
2019-08-26,Cancabato Bay,30.261757247149944,34.11816763691604,0.014648884534835815,0.0006103701889514923,7.171850070357323,0.4281368,17.669001777332053,3.504850996039046,-0.700872446819331,,3.5742415546723207,0.09190767487743993
2019-08-27,Cancabato Bay,29.823755599558353,34.03424173593521,0.029908139258623123,0.016479995101690292,7.171850070357323,0.5721324,8.769609208305043,2.0807421775523993,2.0145933565847813,,2.896217257361926,0.09370037747528269
2019-08-28,Cancabato Bay,29.897732466459274,34.04492321424186,0.01892147585749626,0.02136295661330223,7.171850070357323,0.70713425,0.0,0.7070074471350107,1.9051314862503088,,2.0320889523361605,0.09549308007312546
2019-08-29,Cancabato Bay,30.15701772272587,34.028138034045696,0.014038514345884323,0.011597033590078354,7.171850070357323,0.7065912,12.042735308503953,1.308323975825426,0.4479567503427958,,1.382887152264178,0.09728578267096823
2019-08-30,Cancabato Bay,30.35477766394615,34.04644913971424,-0.003662221133708954,-0.029908139258623123,7.171850070357323,0.557784,3.9834191281193747,1.880669978232768,-0.7806703194814071,,2.036262683139197,0.09907848526881098
2019-08-31,Cancabato Bay,30.156285278499126,34.00982692837715,-0.001831110566854477,-0.02075258642435074,7.171850070357323,0.6134776,11.779334408025772,1.2786071047713508,-0.8811534662174005,,1.5528256693520737,0.10087118786665375
2019-09-01,Cancabato Bay,30.287392795085907,34.00067137554288,0.0158696249127388,-0.005493331700563431,7.171850070357323,0.44945523,6.607442195423114,1.2348131293043252,0.18220720183191194,,1.2481838521234583,0.10266389046449652
2019-09-02,Cancabato Bay,30.02664265036583,33.99151582270861,-0.0048829615116119385,0.006103701889514923,7.171850070357323,0.49940902,5.042918303523202,0.880980676469034,1.2517279494742264,,1.5306697265598441,0.10445659306233927
2019-09-03,Cancabato Bay,30.023712873458862,34.00372322648764,-0.027466658502817154,0.006714072078466415,7.171850070357323,0.8773855,0.0,0.2178414649461097,0.9072998665474558,,0.9330851792236861,0.10624929566018204
2019-09-04,Cancabato Bay,30.32914211601019,34.015930630266666,-0.02868739888072014,0.0079348124563694,7.171850070357323,0.35248396,7.114651588586193,0.3391816537301462,0.4869497714843451,,0.5934343048525024,0.1080419982580248
2019-09-05,Cancabato Bay,30.539353609085083,34.03424173593521,0.007324442267417908,-0.003662221133708954,7.171850070357323,0.34260815,0.0,1.3456307012672983,0.6605760845198425,,1.4990272671411575,0.10983470085586756
2019-09-06,Cancabato Bay,30.683645121753216,34.054078767076135,0.017700735479593277,0.001831110566854477,7.171850070357323,0.34286,0.0,1.58372141379191,0.7268604249705286,,1.7425554779952872,0.11162740345371033
2019-09-07,Cancabato Bay,30.789849534630775,34.0708639472723,0.028077028691768646,0.0012207403779029846,7.171850070357323,0.34819105,2.4936852209484237,1.6672745054989169,0.6811617889313976,,1.8010512650635127,0.11342010605155309
2019-09-08,Cancabato Bay,30.90264594554901,34.08612320199609,0.02136295661330223,-0.0030518509447574615,7.171850070357323,1.3145103,1.1119777392655519,1.9120893621587896,0.598999583878124,,2.003718101522011,0.11521280864939586
2019-09-09,Cancabato Bay,30.986144587397575,34.10443430766463,0.009155552834272385,-0.017090365290641785,7.171850070357323,1.3145103,0.0,1.928771601232157,0.019814499423035193,,1.9288733768982982,0.11700551124723862
2019-09-10,Cancabato Bay,30.724661998450756,34.115115785971284,0.0158696249127388,-0.0079348124563694,7.171850070357323,1.3233637,2.4936852209484237,3.368561073438927,-0.4872070311618803,,3.40361196329746,0.11879821384508138
2019-09-11,Cancabato Bay,30.14090394973755,34.015930630266666,0.05615405738353729,0.0024414807558059692,7.171850070357323,1.3152521,18.774366470190664,4.735400081589582,-0.7116885135399054,,4.78858167655343,0.12059091644292415
2019-09-12,Cancabato Bay,29.643574319779873,33.91369362361729,0.06897183135151863,0.009765923023223877,7.171850070357323,0.5710014,8.924658041792556,3.1282206288824788,0.8652147736772982,,3.245668021772305,0.12238361904076692
2019-09-13,Cancabato Bay,29.59303566813469,33.909115847200155,0.06530961021780968,0.017700735479593277,7.171850070357323,0.47671238,7.506405994153253,2.423578824972716,2.0554286844875223,,3.1778170806184294,0.12417632163860967
2019-09-14,Cancabato Bay,29.680196531116962,33.93963435664773,0.05737479776144028,0.014038514345884323,7.171850070357323,0.43178457,0.0,2.8495560992146842,1.9259444640398193,,3.439365063661785,0.12596902423645245
2019-09-15,Cancabato Bay,29.790795609354973,33.970152866095304,0.056764427572488785,0.011597033590078354,7.171850070357323,0.43249768,0.0,2.599968776055202,1.4780286871332253,,2.9907200531729394,0.1277617268342952
2019-09-16,Cancabato Bay,29.959990225732327,34.00372322648764,0.059205908328294754,0.016479995101690292,7.171850070357323,0.45388332,0.0,2.204570417344694,1.7232555429939311,,2.798167327285962,0.12955442943213796
2019-09-17,Cancabato Bay,30.160679943859577,34.031189884990454,0.043336283415555954,0.01892147585749626,7.171850070357323,0.49253556,0.0,1.5274092372610981,1.8426630721132986,,2.3934047245295873,0.13134713202998072
2019-09-18,Cancabato Bay,30.356974996626377,34.05560469254851,0.025025177747011185,0.019531846046447754,7.171850070357323,0.45908248,2.3584880173777623,1.4633114109085565,1.862323028740032,,2.3684440775898925,0.1331398346278235
2019-09-19,Cancabato Bay,30.527634501457214,34.08001950010657,0.025635547935962677,0.014648884534835815,7.171850070357323,0.8402183,0.0,1.780028727622417,1.607670053898201,,2.3985631685161275,0.13493253722566625
2019-09-20,Cancabato Bay,30.53422649949789,34.09680468030274,-0.009765923023223877,0.010986663401126862,7.171850070357323,1.1182779,4.6802946188198495,1.0016236757951236,1.4146304992749363,,1.7333290043705465,0.13672523982350904
2019-09-21,Cancabato Bay,30.81182286143303,34.11664171144366,-0.02868739888072014,0.01831110566854477,7.171850070357323,1.3238107,0.0,0.917704247139596,0.82727961684518,,1.235545486684145,0.1385179424213518
2019-09-22,Cancabato Bay,31.186834305524826,34.113589860498905,-0.08545182645320892,-0.0012207403779029846,7.171850070357323,2.2286963,0.0,-0.18134546180772684,0.18494203121509586,,0.25901685549057074,0.14031064501919455
2019-09-23,Cancabato Bay,31.213934741914272,34.127323189750314,-0.09765923023223877,0.0030518509447574615,7.171850070357323,0.63126475,0.0,-1.3479028372655542,0.47548771546161833,,1.4293112419145944,0.1421033476170373
2019-09-24,Cancabato Bay,31.369945362210274,34.1425824444741,-0.08850367739796638,-0.005493331700563431,7.171850070357323,1.6967301,0.0,-0.8729482233510554,-0.38186156840598684,,0.952815227668641,0.14389605021488008
2019-09-25,Cancabato Bay,31.54499953240156,34.15631577372551,-0.09765923023223877,-0.03479110077023506,7.171850070357323,0.253015,0.0,-0.6251573688192495,-0.5013037976174411,,0.80132841787539,0.14568875281272284
2019-09-26,Cancabato Bay,31.83065278083086,34.15326392278075,-0.09460737928748131,-0.035401470959186554,7.171850070357323,2.2526734,0.0,-0.028349441313308497,-0.1178700799175376,,0.12123137614719807,0.14748145541056562
2019-09-27,Cancabato Bay,31.992522954940796,34.160893550142646,-0.06958220154047012,-0.0634784996509552,7.171850070357323,0.8704478,0.0,0.510757648523533,-0.47744424482448244,,0.6991611991817833,0.14927415800840838
2019-09-28,Cancabato Bay,31.845301665365696,34.14105651900172,-0.048829615116119385,-0.056764427572488785,7.171850070357323,0.5369292,4.859123671778476,1.1674884029281805,0.15534779810139918,,1.1777784636113646,0.15106686060625113
2019-09-29,Cancabato Bay,31.878261655569077,34.15173799730837,-0.046388134360313416,0.0006103701889514923,7.171850070357323,0.41229475,2.8157128179416113,0.2811402047470773,1.1983840745876115,,1.230920064403223,0.15285956320409388
2019-09-30,Cancabato Bay,31.77791679650545,34.1639454010874,-0.09094515815377235,0.01342814415693283,7.171850070357323,0.5477995,0.0,-0.7759395360561131,1.13897813421167,,1.3781702920275394,0.15465226580193667
2019-10-01,Cancabato Bay,31.881923876702785,34.14410836994648,-0.12939848005771637,0.0048829615116119385,7.171850070357323,2.1917002,0.0,-0.7457764714329809,0.6085164354480312,,0.9625356084599705,0.15644496839977942
2019-10-02,Cancabato Bay,31.857753217220306,34.115115785971284,-0.08484145626425743,0.003662221133708954,7.171850070357323,0.28062695,6.213412739598333,0.06628638443976578,-0.07165115390151058,,0.09761030999599571,0.1582376709976222
2019-10-03,Cancabato Bay,31.800622567534447,34.125797264277935,-0.04577776417136192,-0.0238044373691082,7.171850070357323,0.26573232,1.8368163550623693,0.7998968760172526,-0.8348390570852274,,1.1561968965090295,0.16003037359546496
2019-10-04,Cancabato Bay,31.705404818058014,34.125797264277935,-0.010986663401126862,-0.02136295661330223,7.171850070357323,0.6468684,3.8873710472362877,1.0026962582523649,-0.31251097389114574,0.1618230761933077,1.0502680110884486,0.1618230761933077
2019-10-05,Cancabato Bay,31.808679454028606,34.102908382192254,-0.05249183624982834,-0.007324442267417908,7.171850070357323,0.44056132,6.892138961024179,-0.13657128273903787,-0.1470754494923702,,0.2007060116497983,0.2037373297836828
2019-10-06,Cancabato Bay,31.710531927645206,34.12274541333318,-0.11597033590078354,-0.01037629321217537,7.171850070357323,1.7581152,0.0,-1.7060035680011725,-0.4648826918114028,,1.7682092894164272,0.24565158337405787
2019-10-07,Cancabato Bay,31.6753746047616,34.125797264277935,-0.10864589363336563,-0.017700735479593277,7.171850070357323,0.25610736,0.0,-0.4597964834247183,-1.0948080384282435,,1.18744155526781,0.28756583696443294
2019-10-08,Cancabato Bay,31.74056214094162,34.125797264277935,-0.06286812946200371,-0.02685628831386566,7.171850070357323,0.92930293,0.8347555242788297,0.5318503398547192,-0.9570474803075968,,1.0948993851339492,0.32948009055480804
2019-10-09,Cancabato Bay,31.63069550693035,34.0998565312475,-0.056764427572488785,-0.03234962001442909,7.171850070357323,0.75568473,0.0,0.5205180643336772,-0.7127373517592254,,0.8825721431647566,0.37139434414518313
2019-10-10,Cancabato Bay,31.56111330538988,34.07238987274468,-0.06408886983990669,-0.02075258642435074,7.171850070357323,0.81678617,20.475475859718202,1.2529900397293894,-0.6674346293222272,,1.4196665186160993,0.41330859773555817
2019-10-11,Cancabato Bay,31.497390657663345,34.076967649161816,-0.07080294191837311,-0.01892147585749626,7.171850070357323,1.3405633,5.030047187409082,1.1236661632112228,-0.678997284629709,,1.3128834521313568,0.45522285132593326
2019-10-12,Cancabato Bay,31.55598619580269,34.08459727652371,-0.09399700909852982,-0.019531846046447754,7.171850070357323,0.3587486,0.0,0.227026081327534,-0.6573478247558144,,0.6954473411511018,0.49713710491630836
2019-10-13,Cancabato Bay,31.63069550693035,34.08154542557895,-0.1513718068599701,-0.005493331700563431,7.171850070357323,1.6206704,0.0,-0.5200575134940886,-0.0721429119927417,,0.5250375387459897,0.5390513585066834
2019-10-14,Cancabato Bay,31.652668833732605,34.07544172368944,-0.1501510664820671,-0.006103701889514923,7.171850070357323,1.6243873,9.581780605803665,-1.209700426457247,-0.7504712827873717,0.5809656120970585,1.4235807908437683,0.5809656120970585
2019-10-15,Cancabato Bay,31.534745313227177,34.05865654349327,-0.1275673694908619,-0.012817773967981339,7.171850070357323,1.135374,4.275973338288621,-1.2113285329056052,-0.9732863570118809,,1.5538993363074405,0.5038350400044562
2019-10-16,Cancabato Bay,31.353099144995213,34.02356025762856,-0.09460737928748131,-0.009155552834272385,7.171850070357323,0.22261204,17.942801411540366,-1.0208430507216668,-0.4738150324218955,,1.125442676974568,0.4267044679118539
2019-10-17,Cancabato Bay,31.361888475716114,33.98846397176385,-0.06836146116256714,-0.009155552834272385,7.171850070357323,0.23676552,6.74798949610311,-0.35003902940228016,-0.04747003621167248,,0.35324315484213964,0.34957389581925163
2019-10-18,Cancabato Bay,31.509842209517956,33.968626940622926,-0.08362071588635445,-0.0024414807558059692,7.171850070357323,0.38712007,1.6359410346887364,-0.9554465948833167,0.05703301111967247,,0.9571473032044239,0.2724433237266493
2019-10-19,Cancabato Bay,31.57649463415146,33.945738058537245,-0.09460737928748131,-0.0048829615116119385,7.171850070357323,0.62940025,4.793457636437097,-0.9478205334757459,0.19025173878994678,0.195312751634047,0.9667261700144698,0.195312751634047
2019-10-20,Cancabato Bay,31.58162174373865,33.919797325506806,-0.12207403779029846,0.001831110566854477,7.171850070357323,1.4614786,5.060991686753953,-0.8730963634051253,0.16183312822087692,,0.8879680293687433,0.19263421559695065
2019-10-21,Cancabato Bay,31.653401277959347,33.898434368893504,-0.16785180196166039,0.0030518509447574615,7.171850070357323,0.5734687,3.0176315406640883,-1.0784278450179636,0.16795582673818968,,1.0914283195177765,0.18995567955985432
2019-10-22,Cancabato Bay,31.698080375790596,33.87859733775258,-0.18860438838601112,0.020142216235399246,7.171850070357323,0.3604119,3.196195754761132,-0.8054458554717955,0.08206185682675228,,0.809615448495486,0.18727714352275798
2019-10-23,Cancabato Bay,31.69148837774992,33.8557084556669,-0.15564439818263054,0.03418073058128357,7.171850070357323,2.263612,0.0,-0.9402792537204111,0.09860107873377777,,0.945434951598722,0.18459860748566165
2019-10-24,Cancabato Bay,31.69954526424408,33.825189946219325,-0.13245033100247383,0.017090365290641785,7.171850070357323,2.533359,0.0,-1.4493621883780063,-0.2140900493081213,0.1819200714485653,1.4650888376861784,0.1819200714485653
2019-10-25,Cancabato Bay,31.621173731982708,33.78093810752034,-0.11474959552288055,-0.003662221133708954,7.171850070357323,1.3011407,0.0,-1.6918174909317185,-0.7197967184749258,,1.83857383277087,0.19528436672856056
2019-10-26,Cancabato Bay,31.460768446326256,33.668019622564316,-0.10010071098804474,-0.009765923023223877,7.171850070357323,1.0622907,13.57638115014512,-1.730481282368795,-0.9505811221166139,,1.9743783675762936,0.20864866200855584
2019-10-27,Cancabato Bay,31.161198757588863,33.5184789262712,-0.10193182155489922,-0.0012207403779029846,7.171850070357323,0.95027167,28.125059450777197,-2.4770500502428856,0.33534395174276316,,2.499646478480254,0.22201295728855108
2019-10-28,Cancabato Bay,30.956846818327904,33.41166414320469,-0.09338663890957832,0.005493331700563431,7.171850070357323,0.76192343,0.0,-1.9352493488807883,1.4526869363723107,,2.4198118475307715,0.23537725256854636
2019-10-29,Cancabato Bay,30.890926837921143,33.32773824222386,-0.09460737928748131,-0.001831110566854477,7.171850070357323,1.0579127,7.7668984918929524,-1.3301485523832781,0.033960444515807216,0.2487415478485416,1.3305820091971188,0.2487415478485416
2019-10-30,Cancabato Bay,30.86602373421192,33.25144196860492,-0.08484145626425743,-0.012207403779029846,7.171850070357323,0.6374022,23.19674160990852,-1.211234373153013,-0.5441216294279162,,1.3278392426489976,0.23352011674055756
2019-10-31,Cancabato Bay,30.64922024309635,33.17819754593074,-0.054322946816682816,-0.007324442267417908,7.171850070357323,0.5199436,17.07583378374386,-1.1703061303521833,-0.27937520759214185,,1.20319031967393,0.2182986856325735
2019-11-01,Cancabato Bay,30.511520728468895,33.10647904872894,-0.04516739398241043,-0.009765923023223877,7.171850070357323,0.44198895,14.655349548632346,-1.0316231666301907,-0.20128270290442613,,1.0510761553839065,0.20307725452458947
2019-11-02,Cancabato Bay,30.50932339578867,33.04849388077855,-0.03784295171499252,0.005493331700563431,7.171850070357323,0.41687772,5.6198025899954125,-0.6804587350317942,0.6261966586746338,,0.9247412315974374,0.18785582341660545
2019-11-03,Cancabato Bay,30.690969564020634,32.98898278735578,-0.009765923023223877,-0.0024414807558059692,7.171850070357323,0.49277735,4.110427354471371,0.6403389272251423,0.22226882504106096,0.1726343923086214,0.6778180967671045,0.1726343923086214
2019-11-04,Cancabato Bay,30.740775771439075,32.99966426566243,0.0024414807558059692,-0.014038514345884323,7.171850070357323,1.6345874,5.01519841736498,1.3291132312967642,0.046740105064561284,,1.3299348175867765,0.19634354305240417
2019-11-05,Cancabato Bay,30.774468205869198,32.99203463830054,0.02929776906967163,-0.006103701889514923,7.171850070357323,0.9937766,0.0,1.3322692975956072,0.41403690428677653,,1.3951229477817608,0.22005269379618697
2019-11-06,Cancabato Bay,30.77959531545639,32.96914575621486,0.032959990203380585,0.005493331700563431,7.171850070357323,0.322104,0.0,1.6391851632692545,1.2055246391316212,,2.034752480041609,0.24376184453996974
2019-11-07,Cancabato Bay,30.780327759683132,32.995086489245296,0.03418073058128357,0.004272591322660446,7.171850070357323,0.4282636,0.0,1.3081677212784546,1.222241587632246,,1.7903008924570913,0.2674709952837525
2019-11-08,Cancabato Bay,30.95098726451397,33.01034574396908,0.006103701889514923,0.01037629321217537,7.171850070357323,0.64710873,0.0,0.8571596266794327,1.0908321300261181,0.2911801460275353,1.3873130005541439,0.2911801460275353
2019-11-09,Cancabato Bay,31.05719167739153,33.00424204207957,-0.007324442267417908,-0.025635547935962677,7.171850070357323,1.3982466,0.0,1.7609256718830082,-0.6224317046174499,,1.8676938851989662,0.2939292456847603
2019-11-10,Cancabato Bay,30.851374849677086,33.030182775110006,0.022583696991205215,-0.012207403779029846,7.171850070357323,0.6615098,0.0,3.048328995346665,-1.3520739770260548,,3.334728430205713,0.2966783453419853
2019-11-11,Cancabato Bay,30.43168430775404,33.06070128455758,0.02685628831386566,-0.011597033590078354,7.171850070357323,0.6613092,9.262380252630948,1.2338761148785409,-2.711530919822928,,2.9790686793062586,0.29942744499921026
2019-11-12,Cancabato Bay,30.065462194383144,33.08969386853278,0.03234962001442909,-0.014038514345884323,7.171850070357323,0.6521311,1.9087644647866393,0.9485892086333065,-2.7913791823811223,,2.9481552242998106,0.3021765446564353
2019-11-13,Cancabato Bay,29.69997252523899,33.10647904872894,0.06408886983990669,-0.0024414807558059692,7.171850070357323,1.2393839,6.644725241219274,3.1232292310115954,-0.9055910944856048,,3.251869625285878,0.3049256443136603
2019-11-14,Cancabato Bay,29.731467626988888,33.150730887427926,0.04821924492716789,0.005493331700563431,7.171850070357323,1.2446382,3.528225885031704,1.6478777797537716,1.205919001581047,,2.041994567911592,0.3076747439708853
2019-11-15,Cancabato Bay,29.938016898930073,33.15836051478982,0.04577776417136192,0.0024414807558059692,7.171850070357323,1.9062049,6.831972590650615,2.4064549137467073,0.8456699986412665,,2.55072205434022,0.31042384362811026
2019-11-16,Cancabato Bay,29.757835619151592,33.11868645250797,0.035401470959186554,0.0030518509447574615,7.171850070357323,1.8489615,8.857250080321926,2.731539176969337,0.32878019537653663,,2.7512547486901604,0.3131729432853353
2019-11-17,Cancabato Bay,29.735129848122597,33.13547163270414,-0.001831110566854477,0.0,7.171850070357323,0.41572586,7.233601210597225,0.3212344773951897,0.690476726896357,,0.7615442862059086,0.3159220429425603
2019-11-18,Cancabato Bay,29.943144008517265,33.138523483648896,-0.043946653604507446,0.0079348124563694,7.171850070357323,0.49021065,0.0,-0.6162184962336311,0.512969431851802,0.3186711425997853,0.8017872991727907,0.3186711425997853
2019-11-19,Cancabato Bay,30.225135035812855,33.12326422892511,-0.040894802659749985,-0.005493331700563431,7.171850070357323,2.1506155,2.9114475132177438,-0.08150535666328515,0.22344144738885324,,0.23784281274832542,0.2917911168732244
2019-11-20,Cancabato Bay,30.42289497703314,33.13241978175938,-0.030518509447574615,0.007324442267417908,7.171850070357323,1.5461504,0.0,-0.3901937048108619,0.5273811469372164,,0.6560350611200897,0.2649110911466635
2019-11-21,Cancabato Bay,30.257362581789494,33.115634601563215,-0.0476088747382164,-0.0006103701889514923,7.171850070357323,0.6612238,3.614273230107829,-1.809459664552309,0.49347207330891885,,1.8755423121800154,0.23803106542010258
2019-11-22,Cancabato Bay,30.27201146632433,33.11868645250797,-0.05310220643877983,-0.0012207403779029846,7.171850070357323,0.25049356,4.607938763051749,-2.1168723600955515,0.311745097053935,,2.13970409039981,0.21115103969354165
2019-11-23,Cancabato Bay,30.270546577870846,33.117160527035594,-0.05310220643877983,-0.010986663401126862,7.171850070357323,1.2077765,2.398748804205142,-1.5163316060280132,-0.5444239585056512,0.18427101396698076,1.61110489603702,0.18427101396698076
2019-11-24,Cancabato Bay,30.269081689417362,33.130893856287,-0.05066072568297386,-0.012817773967981339,7.171850070357323,0.502993,0.0,-2.1778226749096765,-0.7794069584039983,,2.3130903160402774,0.23182844844332373
2019-11-25,Cancabato Bay,30.12918484210968,33.09884942136705,-0.05798516795039177,-0.009765923023223877,7.171850070357323,2.4076467,3.614273230107829,-2.4742612078713617,-0.5623841900064368,,2.5373696029444046,0.2793858829196667
2019-11-26,Cancabato Bay,30.0068666562438,33.091219794005156,-0.05859553813934326,-0.012207403779029846,7.171850070357323,2.4076533,23.331499181997284,-2.0255273584131004,-0.7194214422616323,,2.149494892123673,0.3269433173960097
2019-11-27,Cancabato Bay,29.979766219854355,33.10647904872894,-0.05371257662773132,-0.014648884534835815,7.171850070357323,0.31686834,15.367657483195348,-1.9841770800026335,-1.2684094597985438,,2.3549567389899564,0.37450075187235266
2019-11-28,Cancabato Bay,30.017120875418186,33.138523483648896,-0.03479110077023506,-0.02075258642435074,7.171850070357323,0.45522448,6.895833327747383,-1.2444208937501988,-2.4551842939939026,0.42205818634869563,2.7525466895724735,0.42205818634869563
2019-11-29,Cancabato Bay,29.861110255122185,33.17972347140312,-0.030518509447574615,-0.02075258642435074,7.171850070357323,0.43067223,0.0,-1.43415453164675,-3.135354799110694,,3.4477889925210574,0.41002701929197705
2019-11-30,Cancabato Bay,29.657490760087967,33.234656788408756,-0.006714072078466415,-0.017700735479593277,7.171850070357323,0.79048145,6.895833327747383,-0.10504308741537133,-3.2215910008554514,,3.223303061613441,0.3979958522352585
2019-12-01,Cancabato Bay,29.37183751165867,33.28653825446963,0.04699850454926491,-0.007324442267417908,7.171850070357323,0.79444057,29.614520907782907,3.4685163936319796,-3.1621587391840333,,4.693597113589081,0.38596468517853993
2019-12-02,Cancabato Bay,29.003418065607548,33.283486403524876,0.10498367249965668,0.025635547935962677,7.171850070357323,0.7925205,69.10054992334531,4.304929067532827,2.6989072400445786,,5.080995430705887,0.37393351812182135
2019-12-03,Cancabato Bay,28.981444738805294,33.248390117660165,0.04272591322660446,0.010986663401126862,7.171850070357323,2.4866028,0.0,-1.4925849621112528,1.9706204617703647,,2.472075013722014,0.3619023510651028
2019-12-04,Cancabato Bay,29.129398472607136,33.23923456482589,-0.019531846046447754,-0.003662221133708954,7.171850070357323,2.4170866,0.0,-1.6488549242836965,0.2963840764839452,,1.6752808964850747,0.34987118400838424
2019-12-05,Cancabato Bay,29.31470686197281,33.23007901199162,-0.040894802659749985,-0.006714072078466415,7.171850070357323,0.85233486,1.9469827950572056,-1.238818947837655,0.08668812947615821,,1.2418483068852129,0.33784001695166566
2019-12-06,Cancabato Bay,29.54029968380928,33.22092345915735,-0.02624591812491417,-0.01342814415693283,7.171850070357323,1.8653646,0.0,-0.10707812459068451,-0.11158037868595803,,0.15464768240604174,0.3258088498949471
2019-12-07,Cancabato Bay,29.603289887309074,33.24533826671541,-0.0012207403779029846,-0.02624591812491417,7.171850070357323,1.864816,0.0,0.17576455767035185,-1.5254540573672188,,1.5355465674707376,0.31377768283822854
2019-12-08,Cancabato Bay,29.583513893187046,33.25449381954968,0.0,-0.02136295661330223,7.171850070357323,0.6493194,1.3573302552342037,-0.7099799258958444,-1.9657996825462518,0.30174651578150996,2.0900813111154344,0.30174651578150996
2019-12-09,Cancabato Bay,29.55275123566389,33.25601974502206,-0.010986663401126862,-0.014648884534835815,7.171850070357323,1.8303502,39.98538481617889,-1.3285994535231598,-1.150561384885959,,1.7575460188264587,0.2941851184266346
2019-12-10,Cancabato Bay,29.579851672053337,33.26364937238395,-0.022583696991205215,-0.006103701889514923,7.171850070357323,1.3984497,0.0,-1.744852388117159,-0.11364093480029758,,1.748549146687172,0.28662372107175926
2019-12-11,Cancabato Bay,29.582781448960304,33.27890862710774,-0.046388134360313416,-0.012207403779029846,7.171850070357323,3.0760994,0.0,-1.800762685404333,-0.8064796795165409,,1.9731081375884414,0.2790623237168839
2019-12-12,Cancabato Bay,29.486098811030388,33.27585677616298,-0.07690664380788803,-0.010986663401126862,7.171850070357323,0.7027431,15.985588357090569,-2.781204390399146,-0.7591673119510397,,2.8829555786918486,0.27150092636200857
2019-12-13,Cancabato Bay,29.357188627123833,33.236182713881135,-0.09216589853167534,-0.01037629321217537,7.171850070357323,0.41405153,23.978382430518398,-3.0344811384384345,-0.6635044236248155,,3.1061735141019273,0.2639395290071332
2019-12-14,Cancabato Bay,29.27368998527527,33.225501235574484,-0.09155552834272385,-0.015259254723787308,7.171850070357323,0.67376685,0.0,-2.9836733945111646,-1.1690768327578633,,3.204535468052262,0.25637813165225787
2019-12-15,Cancabato Bay,29.21655933558941,33.23923456482589,-0.1031525619328022,-0.0158696249127388,7.171850070357323,0.8487496,0.0,-3.6745491497068885,-1.4193271130330294,,3.93913707649306,0.2488167342973825
2019-12-16,Cancabato Bay,29.034180723130703,33.24076049029827,-0.09949034079909325,-0.014038514345884323,7.171850070357323,0.8498612,13.739855027427309,-3.7223115472932373,-1.176900988501912,,3.9039338098704173,0.24125533694250717
2019-12-17,Cancabato Bay,28.944822527468204,33.23007901199162,-0.08362071588635445,-0.015259254723787308,7.171850070357323,0.8921834,9.654588234691193,-3.1908593427834755,-1.3662124834481442,,3.4710401748406974,0.2336939395876318
2019-12-18,Cancabato Bay,28.84008300304413,33.23923456482589,-0.056764427572488785,-0.010986663401126862,7.171850070357323,0.69008917,20.59214976801278,-2.593013642153142,-1.1132938753349675,,2.821904144589368,0.22613254223275647
2019-12-19,Cancabato Bay,28.79174168407917,33.246864192187786,-0.04028443247079849,-0.006714072078466415,7.171850070357323,0.9775137,4.958089742416773,-2.5997361001474917,-0.41637814072489776,,2.6328688813694487,0.2185711448778811
2019-12-20,Cancabato Bay,28.732413701713085,33.25144196860492,-0.03234962001442909,-0.0079348124563694,7.171850070357323,1.1942335,10.09225793996939,-2.8806861585324954,-0.6911339423044585,,2.9624346187158306,0.21100974752300575
2019-12-21,Cancabato Bay,28.520004875957966,33.2026123534888,-0.023194067180156708,-0.0079348124563694,7.171850070357323,1.2274786,22.462444262763565,-2.2604513316210655,-0.7160269933474976,,2.371146321471896,0.2034483501681304
2019-12-22,Cancabato Bay,28.625476844608784,33.22855308651924,-0.01342814415693283,-0.011597033590078354,7.171850070357323,2.4424856,0.0,-1.6972306377757203,-1.076286519749607,,2.0097224958683473,0.19588695281325505
2019-12-23,Cancabato Bay,28.760246582329273,33.246864192187786,-0.005493331700563431,-0.01342814415693283,7.171850070357323,2.8903449,14.673372027973018,-0.9217369174759009,-1.6316399219598416,0.1883255554583797,1.8739924706281756,0.1883255554583797
2019-12-24,Cancabato Bay,28.328104488551617,33.04696795530617,0.043336283415555954,0.0,7.171850070357323,2.8903449,55.02514669765681,-0.03683952724556365,0.3958023213216686,,0.3975130542904195,0.18584774199009974
2019-12-25,Cancabato Bay,28.295876942574978,33.03628647699952,-0.01831110566854477,0.0048829615116119385,7.171850070357323,4.0026555,1.4962222248601458,-3.356618985316859,2.3677714104519128,,4.107704038114603,0.1833699285218198
2019-12-26,Cancabato Bay,28.388897359371185,33.033234626054764,-0.04516739398241043,0.0048829615116119385,7.171850070357323,6.0631437,2.3943108110763016,-2.211720306676705,1.3009975021225284,,2.5659893248989083,0.18089211505353983
2019-12-27,Cancabato Bay,28.465804003179073,33.05001980625093,-0.04211554303765297,-0.0030518509447574615,7.171850070357323,5.746678,0.0,-1.959446237692522,0.024416151540222655,,1.9595983534549661,0.1784143015852599
2019-12-28,Cancabato Bay,28.526596873998642,33.07596053928137,-0.06408886983990669,-0.0048829615116119385,7.171850070357323,3.9917884,0.0,-3.3947515624807028,-0.2861685334300577,0.17593648811697993,3.406791834041329,0.17593648811697993
2019-12-29,Cancabato Bay,28.41087068617344,33.10800497420132,-0.07629627361893654,-0.006714072078466415,7.171850070357323,2.4981883,0.0,-3.451323505140777,-0.35154640809524196,,3.4691812887455,0.1708678674210121
2019-12-30,Cancabato Bay,28.417462684214115,33.129367930814624,-0.07446516305208206,-0.0079348124563694,7.171850070357323,5.4084973,0.0,-3.356020669321398,-0.7100277779751657,,3.4303081754280904,0.16579924672504426
2019-12-31,Cancabato Bay,28.44822534173727,33.15378273837268,-0.08056886494159698,-0.014648884534835815,7.171850070357323,1.1517756,0.0,-3.2330226254920325,-1.7637068335854118,,3.6828110312340594,0.16073062602907642
2020-01-01,Cancabato Bay,28.40720846503973,33.176671620458364,-0.09094515815377235,-0.015259254723787308,7.171850070357323,0.37361938,0.9930939841955997,-3.6808672173520565,-1.982047057862258,,4.180585367069725,0.1556620053331086
2020-01-02,Cancabato Bay,28.385967582464218,33.199560502544045,-0.09887997061014175,-0.017700735479593277,7.171850070357323,0.43491742,0.7965269058276291,-3.6018129415064895,-2.305149670532819,,4.276303481882594,0.15059338463714078
2020-01-03,Cancabato Bay,28.299539163708687,33.21787160821259,-0.09460737928748131,-0.015259254723787308,7.171850070357323,1.0551612,1.0176315673243126,-2.8440503458911763,-1.6085038818479223,,3.26740066534295,0.14552476394117292
2020-01-04,Cancabato Bay,28.180883198976517,33.24228641577065,-0.09826960042119026,-0.015259254723787308,7.171850070357323,2.218265,58.627378872027414,-2.680514941096554,-1.875263145791105,,3.271356326572239,0.1404561432452051
2020-01-05,Cancabato Bay,28.172093868255615,33.259071595966816,-0.12329477816820145,-0.0158696249127388,7.171850070357323,1.8127112,1.127983306543515,-4.016575215732455,-1.5796433010616815,,4.316033992246268,0.13538752254923728
2020-01-06,Cancabato Bay,28.19040497392416,33.27738270163536,-0.12207403779029846,-0.012817773967981339,7.171850070357323,2.262361,0.0,-3.515959642891191,-1.0077913376386736,,3.657542288294026,0.13031890185326944
2020-01-07,Cancabato Bay,28.257789842784405,33.31247898750007,-0.10193182155489922,-0.009155552834272385,7.171850070357323,0.827349,0.0,-2.985958600435281,-0.4700252557632471,0.1252502811573016,3.022726005540153,0.1252502811573016
2020-01-08,Cancabato Bay,28.29660938680172,33.3536789752543,-0.09033478796482086,-0.01342814415693283,7.171850070357323,0.5764193,2.977210629862338,-3.185967309449061,-1.256315267892874,,3.4247212659162254,0.11526414146616588
2020-01-09,Cancabato Bay,28.295876942574978,33.39487896300852,-0.07873775437474251,-0.015259254723787308,7.171850070357323,0.7889553,0.0,-2.722591186015869,-1.473972018747028,,3.0959806650269126,0.10527800177503016
2020-01-10,Cancabato Bay,28.342753373086452,33.43302709981799,-0.0714133121073246,-0.012817773967981339,7.171850070357323,0.32684234,0.0,-2.7082440170742776,-1.2025863539955035,,2.9632414000271425,0.09529186208389445
2020-01-11,Cancabato Bay,28.399884022772312,33.465071534737945,-0.06103701889514923,-0.01342814415693283,7.171850070357323,0.7804719,0.9076736590351923,-2.2354236685615625,-1.27838271835655,,2.575146860386397,0.08530572239275873
2020-01-12,Cancabato Bay,28.258522287011147,33.48643449135125,-0.036011841148138046,-0.012817773967981339,7.171850070357323,0.78044915,49.386239036584435,-0.9304833111737667,-1.7046535296262784,,1.942071792813084,0.075319582701623
2020-01-13,Cancabato Bay,28.29660938680172,33.53221225552261,-0.028077028691768646,-0.019531846046447754,7.171850070357323,0.8030969,16.462079511282926,-0.33271238891432375,-1.8254730961399341,,1.855545622847305,0.0653334430104873
2020-01-14,Cancabato Bay,28.4365062341094,33.571886317804456,-0.02624591812491417,-0.029908139258623123,7.171850070357323,0.97789514,1.9286519498489916,-0.662241821394806,-1.648065963554779,,1.7761434768148807,0.05534730331935157
2020-01-15,Cancabato Bay,28.442365787923336,33.58714557252824,-0.059816278517246246,-0.02075258642435074,7.171850070357323,0.51618624,11.559449628519175,-1.7506687034770838,-1.0024113742383807,,2.017342180329508,0.04536116362821585
2020-01-16,Cancabato Bay,28.507553324103355,33.597827050834894,-0.08911404758691788,-0.0012207403779029846,7.171850070357323,1.246996,5.875879242016485,-2.4155311027942346,0.5732838388237234,,2.482628620720948,0.03537502393708013
2020-01-17,Cancabato Bay,28.64452039450407,33.61766408197582,-0.10681478306651115,-0.003662221133708954,7.171850070357323,1.0918496,0.0,-1.6863943563649877,0.18883343815775985,0.025388884245944415,1.696933703049757,0.025388884245944415
2020-01-18,Cancabato Bay,28.813715010881424,33.632923336699605,-0.11047700420022011,-0.0079348124563694,7.171850070357323,0.807377,0.0,-1.5498732647848448,-0.16693212876393682,,1.5588372180919,0.04511216723067485
2020-01-19,Cancabato Bay,28.774163022637367,33.643604815006256,-0.10803552344441414,-0.015259254723787308,7.171850070357323,0.76312506,1.0127311133729002,-2.8275439235293356,-0.959834267096807,,2.9860151472792187,0.0648354502154053
2020-01-20,Cancabato Bay,28.576403081417084,33.65276036784053,-0.11841181665658951,-0.01892147585749626,7.171850070357323,1.3701284,0.0,-3.6123905235307276,-2.2372962099543674,,4.249101037345521,0.08455873320013572
2020-01-21,Cancabato Bay,28.275368504226208,33.69853813201189,-0.10925626382231712,-0.019531846046447754,7.171850070357323,2.042221,0.0,-3.5741151439369787,-2.394186599807008,,4.301909870838195,0.10428201618486617
2020-01-22,Cancabato Bay,28.04318368434906,33.73516034334898,-0.10803552344441414,-0.01892147585749626,7.171850070357323,1.2163602,0.0,-3.2781294657799083,-2.3168297938866553,0.12400529916959661,4.01420391712421,0.12400529916959661
2020-01-23,Cancabato Bay,28.01828058063984,33.77025662921369,-0.09460737928748131,-0.010986663401126862,7.171850070357323,1.2769209,0.5771175756241187,-3.359906447074188,-1.010808255606916,,3.50866137760454,0.13673410973456104
2020-01-24,Cancabato Bay,28.076876118779182,33.76720477826893,-0.09216589853167534,-0.007324442267417908,7.171850070357323,0.42868564,10.702644445644783,-3.5044990763374577,0.018050452637931272,,3.5045455618226065,0.14946292029952546
2020-01-25,Cancabato Bay,28.16550187021494,33.77330848015845,-0.07751701399683952,-0.0012207403779029846,7.171850070357323,0.7198277,0.9604814486762586,-2.8436343721110875,0.6432431105461484,,2.915479058665437,0.1621917308644899
2020-01-26,Cancabato Bay,28.331766709685326,33.79467143677175,-0.056764427572488785,0.006714072078466415,7.171850070357323,2.2233405,1.2982854568920197,-1.7561848817341985,1.1350341456733362,,2.091049461556603,0.17492054142945435
2020-01-27,Cancabato Bay,28.654774613678455,33.814508467912674,-0.054322946816682816,0.006714072078466415,7.171850070357323,2.482095,1.2815811900665968,-1.1501329496458128,0.5221441356599895,0.18764935199441876,1.2631073985473664,0.18764935199441876
2020-01-28,Cancabato Bay,28.75878169387579,33.835871424525976,-0.06591998040676117,0.001831110566854477,7.171850070357323,3.0646536,0.0,-1.613439680660369,0.46651304886175327,,1.6795302997825678,0.18812898533196257
2020-01-29,Cancabato Bay,29.03711050003767,33.8557084556669,-0.07202368229627609,-0.008545182645320892,7.171850070357323,2.1342597,0.0,-0.5723240681183643,-0.15296677238920817,,0.5924134303024586,0.18860861866950634
2020-01-30,Cancabato Bay,29.156498908996582,33.87096771039069,-0.07324442267417908,-0.02624591812491417,7.171850070357323,2.3502815,0.0,-0.21665234041423276,-1.2606008248065907,,1.2790827479526183,0.18908825200705015
2020-01-31,Cancabato Bay,28.93017364293337,33.898434368893504,-0.059816278517246246,-0.022583696991205215,7.171850070357323,1.346235,0.0,-1.1777144153609955,-2.5324894078032867,,2.79294000021213,0.18956788534459396
2020-02-01,Cancabato Bay,28.57420574873686,33.933530654758215,-0.07202368229627609,-0.01831110566854477,7.171850070357323,1.073079,0.0,-2.8592377880974995,-2.816126530207341,,4.013204375934811,0.19004751868213773
2020-02-02,Cancabato Bay,28.20212408155203,33.97320471704006,-0.07568590342998505,-0.019531846046447754,7.171850070357323,0.6573403,0.0,-2.6391929248431785,-2.8253550429243948,,3.866260520596174,0.19052715201968154
2020-02-03,Cancabato Bay,27.92086549848318,34.00982692837715,-0.06530961021780968,-0.017090365290641785,7.171850070357323,0.41415057,0.0,-1.8967475820892983,-2.463232340452495,,3.1088848407769425,0.19100678535722534
2020-02-04,Cancabato Bay,27.845423743128777,34.03729358687997,-0.054322946816682816,-0.016479995101690292,7.171850070357323,0.545761,0.0,-1.1606978396395666,-2.051072525355744,,2.3567176282306597,0.19148641869476912
2020-02-05,Cancabato Bay,27.70332956314087,34.02508618310094,-0.056764427572488785,-0.011597033590078354,7.171850070357323,0.519986,92.76051993568105,-2.000118615143182,-2.0589147162343813,,2.870471090843589,0.19196605203231293
2020-02-06,Cancabato Bay,27.676961570978165,33.982360269874334,-0.09460737928748131,-0.01037629321217537,7.171850070357323,0.5200368,152.487397653988,-3.684774153748626,-0.7475361900314169,,3.7598365548971127,0.19244568536985673
2020-02-07,Cancabato Bay,27.869594402611256,33.97473064251244,-0.12573625892400742,-0.0048829615116119385,7.171850070357323,2.4812856,0.0,-3.5528822387991394,0.12523444587238725,,3.5550887287390376,0.1929253187074005
2020-02-08,Cancabato Bay,28.00582902878523,33.98693804629147,-0.13122959062457085,-0.0079348124563694,7.171850070357323,2.865092,0.0,-2.7215457153144076,-0.29601619832370873,,2.7375968786905482,0.19340495204494432
2020-02-09,Cancabato Bay,28.10470899939537,33.98846397176385,-0.11963255703449249,-0.02136295661330223,7.171850070357323,2.1536539,0.0,-3.0514116743525723,-2.3943658177972145,,3.8786725662023716,0.1938845853824881
2020-02-10,Cancabato Bay,27.905484169721603,33.98693804629147,-0.12268440797924995,-0.022583696991205215,7.171850070357323,2.0416849,0.0,-3.5503194826143285,-3.0956671365168225,,4.710405868791047,0.1943642187200319
2020-02-11,Cancabato Bay,27.679891347885132,34.0205084066838,-0.10925626382231712,-0.01831110566854477,7.171850070357323,0.94035125,0.0,-3.263692086550897,-2.432777541811127,,4.0706378620255,0.1948438520575757
2020-02-12,Cancabato Bay,27.61030914634466,34.043397288769484,-0.09949034079909325,-0.01037629321217537,7.171850070357323,0.92190516,0.0,-3.1362476247539424,-1.0009779157691423,,3.2921126881733986,0.19532348539511948
2020-02-13,Cancabato Bay,27.614703811705112,34.05560469254851,-0.09949034079909325,-0.009155552834272385,7.171850070357323,0.38885152,0.0,-3.3465953354583275,-0.35595534409020513,,3.3654724105685094,0.1958031187326633
2020-02-14,Cancabato Bay,27.64986113458872,34.07544172368944,-0.11291848495602608,-0.009765923023223877,7.171850070357323,0.3510311,0.0,-4.106405769712959,-0.7137728920432322,,4.167977937435326,0.1962827520702071
2020-02-15,Cancabato Bay,27.713583782315254,34.09527875483036,-0.1110873743891716,-0.009155552834272385,7.171850070357323,0.42174232,0.0,-3.0668958072768095,-0.6061423292994967,,3.126221107992954,0.19676238540775087
2020-02-16,Cancabato Bay,27.844691298902035,34.11206393502653,-0.11780144646763802,-0.010986663401126862,7.171850070357323,1.1500186,0.0,-2.7992237348098294,-0.7501024778017575,0.19724201874529468,2.897983306495575,0.19724201874529468
2020-02-17,Cancabato Bay,27.913541056215763,34.1212194878608,-0.1263466291129589,-0.022583696991205215,7.171850070357323,0.49472255,0.0,-2.360465691887663,-2.208822121711602,,3.23275323028858,0.21225519646367275
2020-02-18,Cancabato Bay,27.832239747047424,34.14410836994648,-0.13367107138037682,-0.02136295661330223,7.171850070357323,1.3913105,0.0,-3.0058649335840504,-2.760427863582999,,4.081076572302417,0.22726837418205081
2020-02-19,Cancabato Bay,27.761925101280212,34.15478984825313,-0.14038514345884323,-0.021973326802253723,7.171850070357323,1.0817952,0.0,-3.33147540921894,-2.7685508813393205,,4.331697402265679,0.24228155190042888
2020-02-20,Cancabato Bay,27.693075343966484,34.15936762467027,-0.1342814415693283,-0.019531846046447754,7.171850070357323,0.7431291,0.0,-3.9568002629869397,-2.3114829288395877,,4.582490769384086,0.25729472961880695
2020-02-21,Cancabato Bay,27.60591448098421,34.15784169919789,-0.12512588873505592,-0.01892147585749626,7.171850070357323,0.51905304,0.0,-3.7209786265076494,-2.1277248144535306,0.272307907337185,4.286361490234819,0.272307907337185
2020-02-22,Cancabato Bay,27.623493142426014,34.16699725203216,-0.10681478306651115,-0.01831110566854477,7.171850070357323,0.391188,0.0,-2.8749892572851037,-1.941659101384648,,3.4692367021427915,0.26075763249360484
2020-02-23,Cancabato Bay,27.61763358861208,34.16699725203216,-0.10376293212175369,-0.015259254723787308,7.171850070357323,0.369914,0.0,-3.653255468374259,-1.5486507044016948,,3.9679458818701514,0.24920735765002466
2020-02-24,Cancabato Bay,27.671834461390972,34.16699725203216,-0.11352885514497757,-0.012817773967981339,7.171850070357323,0.44335705,0.0,-4.081822209612661,-0.9732905928381984,,4.1962563230806715,0.2376570828064445
2020-02-25,Cancabato Bay,27.68355356901884,34.15936762467027,-0.11597033590078354,-0.01037629321217537,7.171850070357323,0.40340498,0.0,-3.6759913281332572,-0.5344819623566469,,3.714644426132267,0.22610680796286434
2020-02-26,Cancabato Bay,27.76924954354763,34.15631577372551,-0.10559404268860817,-0.010986663401126862,7.171850070357323,1.1010772,0.0,-3.053007886326597,-0.7989991917899861,0.21455653311928416,3.1558290293444995,0.21455653311928416
2020-02-27,Cancabato Bay,27.8791161775589,34.139530593529344,-0.10742515325546265,-0.01831110566854477,7.171850070357323,0.6519919,0.0,-3.3646420994100126,-1.8345336006155304,,3.832274779932879,0.2414937406583622
2020-02-28,Cancabato Bay,27.882045954465866,34.0922269038856,-0.12390514835715294,-0.01831110566854477,7.171850070357323,0.32450187,0.0,-3.6456402716721468,-1.7421600061907017,,4.040521560096932,0.2684309481974403
2020-02-29,Cancabato Bay,27.843958854675293,34.101382456719875,-0.11963255703449249,-0.014038514345884323,7.171850070357323,0.48462957,0.0,-3.529182091737405,-1.289831893580096,,3.757498177023699,0.2953681557365183
2020-03-01,Cancabato Bay,27.865932181477547,34.11206393502653,-0.1031525619328022,-0.01037629321217537,7.171850070357323,0.47908053,0.0,-2.5697965637369173,-0.7320961995167778,,2.67204401616833,0.32230536327559633
2020-03-02,Cancabato Bay,27.8879055082798,34.11816763691604,-0.10010071098804474,-0.010986663401126862,7.171850070357323,1.2769241,0.0,-3.1631943113838563,-0.9709957623266962,0.3492425708146744,3.3088715632414005,0.3492425708146744
2020-03-03,Cancabato Bay,27.997039698064327,34.11664171144366,-0.11291848495602608,-0.012207403779029846,7.171850070357323,0.6707021,0.0,-3.24624813817395,-0.8932465599326179,,3.3669001160458105,0.34583387678865257
2020-03-04,Cancabato Bay,28.19846186041832,34.11969356238842,-0.119022186845541,-0.0158696249127388,7.171850070357323,0.7698441,0.0,-2.2279632086014747,-0.94548347952405,,2.420280783077592,0.3424251827626308
2020-03-05,Cancabato Bay,28.54197820276022,34.078493574634194,-0.14404736459255219,-0.014648884534835815,7.171850070357323,0.76985073,22.793774007608338,-1.8783394573852301,-0.468849640268188,,1.935969809255777,0.33901648873660895
2020-03-06,Cancabato Bay,28.270241394639015,33.968626940622926,-0.15991698950529099,-0.009155552834272385,7.171850070357323,0.55335784,83.8798464449069,-2.3048205099196157,-0.1054267707612339,,2.3072304581335734,0.3356077947105871
2020-03-07,Cancabato Bay,28.25559251010418,33.970152866095304,-0.14526810497045517,0.003662221133708954,7.171850070357323,1.301639,0.0,-2.7637188682987937,1.3105123872210616,,3.0586900300701623,0.33219910068456526
2020-03-08,Cancabato Bay,28.44016845524311,33.9777824934572,-0.13855403289198875,0.004272591322660446,7.171850070357323,1.2932441,0.0,-2.6254299156768792,1.1950159978580193,,2.8846049083484036,0.3287904066585435
2020-03-09,Cancabato Bay,28.54564042389393,33.99609359912574,-0.12146366760134697,0.006103701889514923,7.171850070357323,3.0448847,0.0,-2.528685084444515,1.2706891978742567,,2.829999875244959,0.32538171263252164
2020-03-10,Cancabato Bay,28.618884846568108,34.01287877932191,-0.11413922533392906,0.003662221133708954,7.171850070357323,0.7200759,0.0,-2.4604699096714935,0.8821700768703181,,2.6138355382319354,0.3219730186064998
2020-03-11,Cancabato Bay,28.610095515847206,34.03424173593521,-0.11658070608973503,-0.0079348124563694,7.171850070357323,2.081338,0.0,-3.5534378650089873,-0.33788854053098133,,3.5694662522990446,0.318564324580478
2020-03-12,Cancabato Bay,28.50975065678358,34.05560469254851,-0.11291848495602608,-0.0024414807558059692,7.171850070357323,2.3625412,0.0,-3.5743929245478023,0.41954637317300586,0.31515563055445617,3.5989309438081767,0.31515563055445617
2020-03-13,Cancabato Bay,28.642323061823845,34.07391579821706,-0.10193182155489922,-0.009155552834272385,7.171850070357323,1.2414597,0.0,-2.3922780016383385,-0.32627486015032553,,2.414425256968796,0.3008984615243261
2020-03-14,Cancabato Bay,28.812982566654682,34.090700978413224,-0.08056886494159698,-0.014038514345884323,7.171850070357323,1.6908324,0.0,-1.7578509857924984,-0.8398507970892329,,1.9481759288172817,0.28664129249419595
2020-03-15,Cancabato Bay,28.94701986014843,34.10748615860939,-0.07263405248522758,-0.02136295661330223,7.171850070357323,1.8003341,0.0,-1.7379977353369844,-1.1678009936428972,,2.0938947654526063,0.2723841234640658
2020-03-16,Cancabato Bay,28.874507881700993,34.125797264277935,-0.08117923513054848,-0.01037629321217537,7.171850070357323,1.601682,0.0,-2.8444296474901796,-0.7485429888152725,,2.9412746600114734,0.25812695443393574
2020-03-17,Cancabato Bay,28.890621654689312,34.14410836994648,-0.09216589853167534,-0.012817773967981339,7.171850070357323,1.2963395,0.0,-2.7960607784673948,-1.1128132192387432,0.24386978540380563,3.009370222786852,0.24386978540380563
2020-03-18,Cancabato Bay,28.927976310253143,34.15173799730837,-0.09399700909852982,-0.0048829615116119385,7.171850070357323,1.0885758,0.0,-2.6201971068782104,-0.12888858995197497,,2.623365233342996,0.2509238462431435
2020-03-19,Cancabato Bay,29.031983390450478,34.162419475615025,-0.09399700909852982,0.0006103701889514923,7.171850070357323,1.8149434,0.0,-2.6363157929711036,0.5507767019549428,,2.6932352172963325,0.2579779070824814
2020-03-20,Cancabato Bay,29.234870441257954,34.17920465581119,-0.10437330231070518,-0.011597033590078354,7.171850070357323,1.2025347,0.0,-2.5080100006857817,-0.43290677057399746,,2.5450977261293333,0.2650319679218193
2020-03-21,Cancabato Bay,29.292001090943813,34.18225650675595,-0.10742515325546265,-0.009155552834272385,7.171850070357323,0.30274847,0.0,-2.864718361191674,-0.299520850952626,,2.8803340134616495,0.2720860287611572
2020-03-22,Cancabato Bay,29.36378062516451,34.18378243222833,-0.10620441287755966,-0.006103701889514923,7.171850070357323,0.5921614,0.0,-2.6095918977913226,0.046903182987143535,0.2791400896004951,2.6100133680869226,0.2791400896004951
2020-03-23,Cancabato Bay,29.424573495984077,34.20514538884163,-0.10986663401126862,-0.012207403779029846,7.171850070357323,0.8104281,0.0,-2.5492292751916765,-0.6642698713746737,,2.6343546381439245,0.26115175753357556
2020-03-24,Cancabato Bay,29.46632281690836,34.22956019639969,-0.10803552344441414,-0.017090365290641785,7.171850070357323,1.5076954,0.0,-2.678140259141541,-1.3180793259705044,,2.9849235094363107,0.24316342546665598
2020-03-25,Cancabato Bay,29.406262390315533,34.25092315301299,-0.12207403779029846,-0.012207403779029846,7.171850070357323,0.6697931,0.0,-3.862605495633527,-0.915915373677496,,3.96971311137683,0.22517509339973646
2020-03-26,Cancabato Bay,29.385753951966763,34.258552780374885,-0.12878810986876488,-0.012817773967981339,7.171850070357323,0.3461989,0.0,-3.4354510823913142,-0.5107648766159213,,3.4732124753156306,0.2071867613328169
2020-03-27,Cancabato Bay,29.39747305959463,34.26313055679202,-0.1342814415693283,-0.007324442267417908,7.171850070357323,0.37392378,0.0,-3.7825159291853168,-0.1111854752372941,0.18919842926589736,3.784149701642947,0.18919842926589736
2020-03-28,Cancabato Bay,29.45387126505375,34.2860194388777,-0.1348918117582798,-0.0079348124563694,7.171850070357323,0.91392386,0.0,-3.1169990923752215,-0.018937345133777254,,3.1170566188166475,0.19410575266039973
2020-03-29,Cancabato Bay,29.48756369948387,34.31196017190814,-0.12512588873505592,-0.0079348124563694,7.171850070357323,0.41036776,0.0,-3.0329003249230295,-0.20914533320572565,,3.040102983670118,0.1990130760549021
2020-03-30,Cancabato Bay,29.510269470512867,34.33484905399382,-0.11535996571183205,-0.0024414807558059692,7.171850070357323,1.2931606,0.0,-2.9037980775575387,0.47477334372907526,,2.9423550097060933,0.20392039944940446
2020-03-31,Cancabato Bay,29.590838335454464,34.3577379360795,-0.10864589363336563,0.0012207403779029846,7.171850070357323,0.53481853,0.0,-2.6024977216326253,0.5005979667389524,,2.6502061646985466,0.20882772284390683
2020-04-01,Cancabato Bay,29.623798325657845,34.365367563441396,-0.11780144646763802,-0.008545182645320892,7.171850070357323,0.26798233,0.0,-2.855456384617838,-0.3565676780131432,,2.877632998396157,0.2137350462384092
2020-04-02,Cancabato Bay,29.69118319451809,34.38367866910994,-0.11413922533392906,-0.014648884534835815,7.171850070357323,1.2045914,0.0,-2.8367652448062457,-0.8879149823134808,,2.972478775358604,0.21864236963291156
2020-04-03,Cancabato Bay,29.710959188640118,34.38520459458232,-0.11413922533392906,-0.009155552834272385,7.171850070357323,0.2122496,0.0,-3.097091434238194,-0.3496711058604522,,3.116768396000137,0.22354969302741393
2020-04-04,Cancabato Bay,29.75710317492485,34.39741199836135,-0.11291848495602608,-0.01037629321217537,7.171850070357323,0.8693457,0.0,-2.898220568502933,-0.5696290394372603,,2.9536688552144232,0.2284570164219163
2020-04-05,Cancabato Bay,29.760032951831818,34.414197178557515,-0.10803552344441414,-0.007324442267417908,7.171850070357323,1.0917099,0.0,-2.7619794809011426,-0.2890210886920233,,2.7770602878993587,0.23336433981641866
2020-04-06,Cancabato Bay,29.844996482133865,34.43403420969844,-0.10437330231070518,-0.006103701889514923,7.171850070357323,2.3702896,0.0,-2.5768490428047763,0.03652230639687915,0.23827166321092103,2.5771078495609063,0.23827166321092103
2020-04-07,Cancabato Bay,29.857448033988476,34.440137911587954,-0.09399700909852982,-0.0012207403779029846,7.171850070357323,0.48182613,0.0,-1.9693103630786741,0.21767377308153565,,1.981303908444288,0.23451460253077366
2020-04-08,Cancabato Bay,30.094027519226074,34.45692309178412,-0.09277626872062683,-0.008545182645320892,7.171850070357323,2.6993349,0.0,-1.9354781615428436,-0.4933755063492917,,1.9973720494876976,0.23075754185062633
2020-04-09,Cancabato Bay,30.032502204179764,34.45387124083936,-0.07812738418579102,0.0,7.171850070357323,0.6441351,0.0,-2.20113491676068,0.2213405662057691,,2.2122356492994446,0.22700048117047897
2020-04-10,Cancabato Bay,30.06839197129011,34.461500868201256,-0.08423108607530594,-0.005493331700563431,7.171850070357323,1.1072333,0.0,-2.665679814882162,-0.12616845475908625,,2.6686639643174432,0.22324342049033163
2020-04-11,Cancabato Bay,30.132114619016647,34.47676012292504,-0.07568590342998505,0.0048829615116119385,7.171850070357323,0.78861207,0.0,-2.0021429090528513,0.6493516526780687,0.21948635981018427,2.1048120574308653,0.21948635981018427
2020-04-12,Cancabato Bay,30.28812523931265,34.49049345217645,-0.06408886983990669,0.009155552834272385,7.171850070357323,0.33278275,0.0,-1.30615538299483,0.4926431043012007,,1.3959724613121474,0.25719038587032866
2020-04-13,Cancabato Bay,30.32987456023693,34.49659715406597,-0.06775109097361565,0.006714072078466415,7.171850070357323,0.9805253,0.0,-2.0561608984002784,0.6048582922533882,,2.1432804748370957,0.29489441193047305
2020-04-14,Cancabato Bay,30.34965055435896,34.511856408789754,-0.07507553324103355,0.0012207403779029846,7.171850070357323,1.270136,0.0,-2.5169085099257065,0.5478923407237616,,2.5758521821642253,0.3325984379906174
2020-04-15,Cancabato Bay,30.343791000545025,34.52864158898592,-0.0714133121073246,0.004272591322660446,7.171850070357323,1.7958368,0.0,-2.264835910175876,0.806374708425919,,2.404105212009486,0.3703024640507618
2020-04-16,Cancabato Bay,30.430219419300556,34.53779714182019,-0.08301034569740295,0.0030518509447574615,7.171850070357323,0.4562256,0.0,-3.0667971577757807,0.6981049699247999,0.4080064901109062,3.1452496492290263,0.4080064901109062
2020-04-17,Cancabato Bay,30.441938526928425,34.536271216347814,-0.09826960042119026,0.0024414807558059692,7.171850070357323,0.37072802,0.0,-3.4614981737002464,0.8566831283410722,,3.565932639424697,0.3882933234582114
2020-04-18,Cancabato Bay,30.417035423219204,34.53932306729257,-0.11780144646763802,-0.007324442267417908,7.171850070357323,0.2558439,0.0,-3.557366108778692,-0.022608993840454415,,3.5574379542712657,0.36858015680551653
2020-04-19,Cancabato Bay,30.356974996626377,34.54084899276495,-0.12085329741239548,-0.009155552834272385,7.171850070357323,0.5030181,0.28088828626151285,-3.488381125630119,-0.07248408388502191,,3.4891341074927325,0.34886699015282174
2020-04-20,Cancabato Bay,30.379680767655373,34.51796011067927,-0.12329477816820145,-0.007324442267417908,7.171850070357323,0.49586394,12.619712541659421,-3.086519852882997,0.02137012403483314,,3.086593832113669,0.3291538235001269
2020-04-21,Cancabato Bay,30.395794540643692,34.5011749304831,-0.11169774457812309,-0.0006103701889514923,7.171850070357323,0.21232106,5.831771996836313,-2.8134409159208507,0.5445957176127428,,2.8656647192265345,0.3094406568474321
2020-04-22,Cancabato Bay,30.441938526928425,34.50727863237262,-0.11047700420022011,-0.0048829615116119385,7.171850070357323,0.21602194,0.0,-3.0152178469362916,0.08588039530813352,,3.0164406353816093,0.2897274901947373
2020-04-23,Cancabato Bay,30.5378887206316,34.521011961624026,-0.10254219174385071,-0.012817773967981339,7.171850070357323,0.8486672,7.55852656623426,-2.811675199269422,-0.5703106873248571,,2.8689321543500634,0.27001432354204247
2020-04-24,Cancabato Bay,30.51738028228283,34.51796011067927,-0.10132145136594772,-0.007324442267417908,7.171850070357323,1.7939286,0.0,-3.313410031765211,-0.19393849741864574,,3.3190809238979604,0.2503011568893476
2020-04-25,Cancabato Bay,30.485885180532932,34.52711566351354,-0.10193182155489922,-0.008545182645320892,7.171850070357323,0.33942083,0.0,-3.4177677641842386,-0.24416740983208263,,3.426478398286065,0.23058799023665283
2020-04-26,Cancabato Bay,30.4888149574399,34.534745290875435,-0.10132145136594772,-0.009765923023223877,7.171850070357323,0.2740342,0.0,-3.1479445206537955,-0.4550593017733215,0.210874823583958,3.1806656022355884,0.210874823583958
2020-04-27,Cancabato Bay,30.46903896331787,34.536271216347814,-0.08972441777586937,-0.010986663401126862,7.171850070357323,0.24680673,0.0,-2.6256210153552835,-0.7954548679672563,,2.74347118870385,0.21965477240396142
2020-04-28,Cancabato Bay,30.465376742184162,34.54237491823733,-0.08423108607530594,-0.0079348124563694,7.171850070357323,0.25043648,0.40810650529952863,-2.6245081217081343,-0.4908116174696997,,2.6700072892700466,0.22843472122396483
2020-04-29,Cancabato Bay,30.50199895352125,34.55305639654398,-0.08301034569740295,-0.006714072078466415,7.171850070357323,0.27927312,33.681898059174664,-2.8968204419864576,-0.17457906129757286,,2.902076243270352,0.23721467004396823
2020-04-30,Cancabato Bay,30.49320962280035,34.55458232201636,-0.07568590342998505,-0.0079348124563694,7.171850070357323,0.23555964,0.0,-2.4906101165122925,-0.45026346755429836,,2.5309831968401917,0.24599461886397167
2020-05-01,Cancabato Bay,30.540818497538567,34.56678972579539,-0.06714072078466415,-0.014038514345884323,7.171850070357323,0.2406121,0.8740266732895337,-1.8763339447352814,-0.9472005090253077,,2.101860574934423,0.25477456768397505
2020-05-02,Cancabato Bay,30.471236295998096,34.545426769182086,-0.06897183135151863,-0.011597033590078354,7.171850070357323,0.23410805,26.675385633596598,-2.462900067895796,-0.4821837496939255,,2.5096569313175077,0.2635545165039785
2020-05-03,Cancabato Bay,30.463179409503937,34.524063812568784,-0.08117923513054848,-0.006714072078466415,7.171850070357323,0.2501667,12.501354656280423,-2.7963466935081773,-0.22963754402128925,,2.805759831474933,0.27233446532398187
2020-05-04,Cancabato Bay,30.682180233299732,34.51948603615165,-0.09949034079909325,0.0048829615116119385,7.171850070357323,0.37970766,0.0,-2.3555442261954718,1.1420822398550765,,2.6178121483703167,0.2811144141439853
2020-05-05,Cancabato Bay,30.822809524834156,34.52711566351354,-0.11658070608973503,0.0048829615116119385,7.171850070357323,0.6548116,0.0,-2.267928719382882,1.183810565950249,,2.5583018063272225,0.28989436296398874
2020-05-06,Cancabato Bay,31.038880571722984,34.54084899276495,-0.1434369944036007,0.0079348124563694,7.171850070357323,0.65994143,1.3371461393734139,-1.8877940073275463,0.9257916589619299,0.2986743117839921,2.1025832706233727,0.2986743117839921
2020-05-07,Cancabato Bay,31.350169368088245,34.54084899276495,-0.15991698950529099,-0.0079348124563694,7.171850070357323,2.3602333,0.0,-1.6003840088045713,0.15610331259745328,,1.6079792348911999,0.3122216855753513
2020-05-08,Cancabato Bay,31.317209377884865,34.5515304710716,-0.14526810497045517,-0.005493331700563431,7.171850070357323,1.6776335,0.0,-2.194107662367473,0.03582552889803866,,2.1944001236284327,0.32576905936671047
2020-05-09,Cancabato Bay,31.468092888593674,34.56831565126777,-0.12939848005771637,-0.010986663401126862,7.171850070357323,2.6496146,0.0,-2.0229951211282082,-0.13388366196937065,,2.0274205520934383,0.33931643315806964
2020-05-10,Cancabato Bay,31.47468488663435,34.56526380032301,-0.11719107627868652,-0.0024414807558059692,7.171850070357323,0.77076,4.029025640350562,-1.877231962109692,0.2773389387251902,,1.8976081593678444,0.3528638069494288
2020-05-11,Cancabato Bay,31.43733023107052,34.56373787485063,-0.10010071098804474,-0.012207403779029846,7.171850070357323,0.2387005,0.0,-1.6567197439714074,-0.4224265880743332,,1.7097264495751383,0.366411180740788
2020-05-12,Cancabato Bay,31.550126641988754,34.53779714182019,-0.07568590342998505,-0.03662221133708954,7.171850070357323,0.95831543,2.4035612260952552,-0.3891343015202421,-0.6944217733930401,,0.7960195374373555,0.3799585545321471
2020-05-13,Cancabato Bay,31.563310638070107,34.50727863237262,-0.06164738908410072,-0.027466658502817154,7.171850070357323,0.9901333,12.168520836022717,0.33741122840816146,-0.717269448491601,,0.7926675209666093,0.3935059283235063
2020-05-14,Cancabato Bay,31.120181880891323,34.475234197452664,0.01342814415693283,0.011597033590078354,7.324442625045776,0.8930237,28.055993854047397,1.1826426487757664,2.136514396748991,,2.4419945540928354,0.40705330211486546
2020-05-15,Cancabato Bay,30.75029754638672,34.38520459458232,-0.07263405248522758,0.007324442267417908,7.171850070357323,0.59070057,3.1127969792094863,-2.9060587822413386,2.123540207760856,,3.5992500135193484,0.42060067590622463
2020-05-16,Cancabato Bay,30.71807000041008,34.36231571249664,-0.09277626872062683,0.009155552834272385,7.171850070357323,0.56079507,2.9294399198251795,-2.819389922455294,1.370004675161979,,3.1346247534287337,0.4341480496975838
2020-05-17,Cancabato Bay,30.74663532525301,34.37604904174805,-0.07995849475264549,0.011597033590078354,7.171850070357323,2.2125745,0.0,-2.8830627101099386,1.786703442970967,,3.3918077456646585,0.447695423488943
2020-05-18,Cancabato Bay,30.931943714618683,34.39893792383373,-0.06958220154047012,0.01037629321217537,7.171850070357323,2.1266356,0.0,-2.122344803716492,1.2826362543993888,,2.4798191923932857,0.46124279728030215
2020-05-19,Cancabato Bay,31.17145297676325,34.412671253085136,-0.05066072568297386,0.016479995101690292,7.171850070357323,0.9878711,0.0,-1.7134404220986408,1.0571286705851581,,2.0133055173655867,0.4747901710716613
2020-05-20,Cancabato Bay,31.29084138572216,34.414197178557515,-0.048829615116119385,0.009765923023223877,7.171850070357323,0.9277432,0.26005624201351085,-1.9965351203430277,0.896193620100614,,2.188450477272034,0.4883375448630205
2020-05-21,Cancabato Bay,31.317941822111607,34.38520459458232,-0.051271095871925354,0.012817773967981339,7.171850070357323,0.58835703,2.877762353458344,-2.081897637342355,1.2425161467658148,0.5018849186543797,2.4244884300291987,0.5018849186543797
2020-05-22,Cancabato Bay,31.436597786843777,34.37452311627567,-0.03662221133708954,0.014648884534835815,7.171850070357323,1.2171928,2.4695579520048807,-1.4399026618264905,1.550882202093583,,2.116259738384127,0.4469462268594281
2020-05-23,Cancabato Bay,31.60213018208742,34.36231571249664,-0.03418073058128357,0.017700735479593277,7.171850070357323,0.3041976,1.8010818556474801,-0.9454731429028002,1.3735070970984247,,1.6674655048096918,0.3920075350644765
2020-05-24,Cancabato Bay,31.665120385587215,34.38215274363756,-0.05371257662773132,0.01037629321217537,7.171850070357323,0.30932152,0.43212913245724427,-1.625905522244939,1.047608926489546,,1.9341802475796217,0.3370688432695249
2020-05-25,Cancabato Bay,31.846034109592438,34.39588607288897,-0.06530961021780968,0.008545182645320892,7.171850070357323,0.342106,0.4291313446034639,-2.1038700058818773,0.8338629823271853,,2.2630944467575804,0.2821301514745733
2020-05-26,Cancabato Bay,31.85555588454008,34.414197178557515,-0.0714133121073246,0.0024414807558059692,7.171850070357323,2.2252736,0.0,-2.2751424066407435,0.8571256009500832,0.22719145967962176,2.4312419185056586,0.22719145967962176
2020-05-27,Cancabato Bay,31.74056214094162,34.42182680591941,-0.07995849475264549,0.006103701889514923,7.171850070357323,1.207644,0.0,-2.6909939075733447,1.6352228430463585,,3.1488731249476336,0.23625658567247756
2020-05-28,Cancabato Bay,31.645344391465187,34.4294564332813,-0.07690664380788803,0.004272591322660446,7.171850070357323,1.1331372,2.6444540979763196,-2.0111840914071752,1.2355830646271682,,2.3604082187458104,0.2453217116653334
2020-05-29,Cancabato Bay,31.656331054866314,34.43556013517082,-0.08850367739796638,0.0,7.171850070357323,0.20273302,2.621982056492815,-2.1420079524480165,0.6823562525469208,,2.248067642163025,0.2543868376581892
2020-05-30,Cancabato Bay,31.697347931563854,34.44166383706033,-0.09949034079909325,-0.0024414807558059692,7.171850070357323,0.51097053,0.0,-2.137249176649277,0.5036318046056968,,2.1957866557792913,0.263451963651045
2020-05-31,Cancabato Bay,31.62190617620945,34.44166383706033,-0.10559404268860817,0.001831110566854477,7.171850070357323,0.33312103,0.0,-2.562116161178128,0.8783207181200033,,2.7084841714968513,0.27251708964390087
2020-06-01,Cancabato Bay,31.60139773786068,34.4584490172565,-0.09643848985433578,0.003662221133708954,7.171850070357323,0.75550973,0.09824433451452957,-2.195721630026821,1.0113411236371088,,2.417437557606651,0.28158221563675667
2020-06-02,Cancabato Bay,31.677571937441826,34.47676012292504,-0.09216589853167534,0.007324442267417908,7.171850070357323,2.2175007,0.03263624526334171,-1.5718100889914857,1.0713590010949001,,1.9022084704580842,0.2906473416296125
2020-06-03,Cancabato Bay,31.791100792586803,34.49659715406597,-0.11047700420022011,0.007324442267417908,7.171850070357323,1.7894944,0.5206063502608016,-1.6815300454826825,0.9910433940067938,,1.9518479199634118,0.2997124676224683
2020-06-04,Cancabato Bay,31.792565681040287,34.50575270690024,-0.12207403779029846,0.0048829615116119385,7.171850070357323,1.9287984,0.7688972955694596,-2.1224761049971623,0.869794320388269,,2.2937844223168873,0.3087775936153241
2020-06-05,Cancabato Bay,31.82699055969715,34.51643418520689,-0.12817773967981339,0.003662221133708954,7.171850070357323,0.54659307,0.4748669306691082,-1.9624284998487727,0.7442515594189867,,2.0988177626264504,0.3178427196081799
2020-06-06,Cancabato Bay,31.804284788668156,34.51643418520689,-0.13122959062457085,-0.001831110566854477,7.171850070357323,1.6248838,0.0,-2.1975871839763443,0.6697988307181394,,2.297394155300406,0.3269078456010357
2020-06-07,Cancabato Bay,31.661458164453506,34.48286382481456,-0.11719107627868652,0.001831110566854477,7.171850070357323,0.94794285,8.565131380916023,-1.943796378438813,0.7231771634230303,,2.073964698476911,0.33597297159389156
2020-06-08,Cancabato Bay,31.653401277959347,34.48133789934218,-0.11597033590078354,-0.005493331700563431,7.171850070357323,0.965777,1.952609246531234,-1.7102416345389675,0.2552677981708638,,1.729187120381574,0.34503809758674736
2020-06-09,Cancabato Bay,31.733970142900944,34.45997494272888,-0.09765923023223877,-0.028077028691768646,7.171850070357323,0.97280467,22.4944087689677,0.019342274444432036,-0.17573422574919836,,0.17679547980747115,0.35410322357960317
2020-06-10,Cancabato Bay,31.1758476421237,34.17767873033881,0.05798516795039177,0.025025177747011185,7.171850070357323,1.0078328,16.37046098556762,1.0866248707320791,1.5730936590037412,,1.9119040953173585,0.363168349572459
2020-06-11,Cancabato Bay,30.92315438389778,34.221930569037795,-0.024414807558059692,0.010986663401126862,7.324442625045776,0.6254658,6.0395840341671585,-0.4747302790496608,2.741708277113913,,2.7825048274246553,0.37223347556531483
2020-06-12,Cancabato Bay,30.723929554224014,34.1929379850626,-0.05798516795039177,0.0079348124563694,7.171850070357323,0.5856348,5.924346538397452,-1.4691701485009745,1.5863695397997153,,2.1621815932180013,0.38129860155817064
2020-06-13,Cancabato Bay,30.55912960320711,34.15936762467027,-0.07446516305208206,0.0030518509447574615,7.171850070357323,0.6635594,11.316697186174485,-2.4794108134600386,0.7308086718056764,,2.584871234063497,0.39036372755102644
2020-06-14,Cancabato Bay,30.524704724550247,34.115115785971284,-0.07629627361893654,0.0030518509447574615,7.171850070357323,0.48292494,14.10869678978722,-2.2404395231448304,0.38571340191251385,,2.273399235788637,0.39942885354388225
2020-06-15,Cancabato Bay,30.52616961300373,34.10596023313701,-0.054322946816682816,-0.006103701889514923,7.171850070357323,0.46578392,14.658249177110083,-1.158022411978253,-0.1626195295161589,,1.1693848887445004,0.40849397953673805
2020-06-16,Cancabato Bay,30.684377565979958,34.113589860498905,-0.07080294191837311,-0.0030518509447574615,7.171850070357323,0.45103148,0.0,-2.1365910206471126,0.1472936376023992,,2.141662112749819,0.41755910552959385
2020-06-17,Cancabato Bay,30.90264594554901,34.05865654349327,-0.09216589853167534,0.0048829615116119385,7.171850070357323,0.53718305,0.0,-1.0274664525705937,0.35381648336169524,,1.0866799966211014,0.42662423152244966
2020-06-18,Cancabato Bay,30.470503851771355,33.65276036784053,0.012817773967981339,0.051271095871925354,7.171850070357323,0.44858426,21.319806744877145,-0.8611246885783018,1.7876185991935345,,1.9842167183706854,0.4356893575153055
2020-06-19,Cancabato Bay,30.598681591451168,33.81756031885743,-0.07385479286313057,-0.007324442267417908,7.171850070357323,0.3813715,0.0,-1.2747865400624951,0.8689878691313971,,1.5427963700443534,0.4447544835081613
2020-06-20,Cancabato Bay,30.776665538549423,33.825189946219325,-0.1580858789384365,0.008545182645320892,7.171850070357323,0.78829616,12.891302458394453,-1.9873154306004197,0.5391090374726517,,2.059140882743874,0.45381960950101713
2020-06-21,Cancabato Bay,30.781060203909874,33.826715871691704,-0.09949034079909325,0.0048829615116119385,7.171850070357323,0.87617755,4.685354350854794,-2.1233959383049203,0.9158583209486528,,2.3124893026478452,0.462884735493873
2020-06-22,Cancabato Bay,30.907040610909462,33.85113067924976,-0.08911404758691788,0.010986663401126862,7.171850070357323,1.1207772,0.0,-2.680406913660393,1.3108474337550726,,2.983773151126053,0.4719498614867288
2020-06-23,Cancabato Bay,31.017639689147472,33.86944178491831,-0.08911404758691788,0.01037629321217537,7.171850070357323,2.0411968,0.0,-2.247439988299974,1.2078292090613563,,2.551438398094606,0.4810149874795846
2020-06-24,Cancabato Bay,31.07330545037985,33.86944178491831,-0.08789330720901489,0.005493331700563431,7.171850070357323,1.7438852,4.685354350854794,-2.4725115642340536,1.1144154417677272,,2.712053689018985,0.4900801134724404
2020-06-25,Cancabato Bay,31.010315246880054,33.812982542440295,-0.09338663890957832,-0.0024414807558059692,7.171850070357323,1.7450265,11.326673631089184,-1.921492305411068,0.5739527591025481,,2.0053813725661684,0.4991452394652962
2020-06-26,Cancabato Bay,30.825739301741123,33.78093810752034,-0.08239997550845146,-0.001831110566854477,7.171850070357323,0.57130146,6.290843006901849,-2.047243696791274,0.7936261988424158,,2.1956887979722133,0.508210365458152
2020-06-27,Cancabato Bay,30.622852250933647,33.776360331103206,-0.062257759273052216,0.001831110566854477,7.324442625045776,0.6000854,6.9531172304488615,-1.8563128665457922,1.386242318632532,,2.3168006440933056,0.5172754914510078
2020-06-28,Cancabato Bay,30.447065636515617,33.718375163152814,-0.05615405738353729,0.0,7.171850070357323,0.6049994,7.538607722273271,-0.6701785052557913,0.9185428998299026,,1.1370401434139488,0.5263406174438636
2020-06-29,Cancabato Bay,30.48954740166664,33.693960355594754,-0.04211554303765297,-0.001831110566854477,7.171850070357323,0.48381975,15.239937322208297,-0.6340803885245109,0.9045092946911939,,1.104624372035198,0.5354057434367194
2020-06-30,Cancabato Bay,30.797173976898193,33.72142701409757,-0.05615405738353729,-0.0048829615116119385,7.171850070357323,1.5301833,3.7693038611366356,-0.5784374870640434,0.473311013425297,,0.7474043362669547,0.5444708694295753
2020-07-01,Cancabato Bay,30.86529128998518,33.73668626882136,-0.08239997550845146,0.006714072078466415,7.171850070357323,3.0662885,0.0,-1.6642268122027342,0.791902680462022,,1.8430303138520023,0.5535359954224311
2020-07-02,Cancabato Bay,30.91509749740362,33.739738119766116,-0.10803552344441414,0.001831110566854477,7.171850070357323,2.4765565,4.4841552169178245,-2.2260883416774835,0.8210968863856688,,2.3726924372502745,0.562601121415287
2020-07-03,Cancabato Bay,30.724661998450756,33.72600479051471,-0.10193182155489922,0.0006103701889514923,7.171850070357323,0.2721349,6.879848418525234,-1.8648517701278304,1.1782744568031471,,2.205901815608223,0.5716662474081428
2020-07-04,Cancabato Bay,30.707815781235695,33.71990108862519,-0.10376293212175369,0.006103701889514923,7.171850070357323,0.35120586,4.4841552169178245,-0.7985989496707366,1.2508388464708036,,1.4840344006307988,0.5807313734009986
2020-07-05,Cancabato Bay,30.790581978857517,33.741264045238495,-0.1110873743891716,0.0079348124563694,7.171850070357323,2.6512246,4.4841552169178245,-1.71154866094098,1.0042616455790128,,1.984424418200383,0.5897964993938544
2020-07-06,Cancabato Bay,30.81621752679348,33.7626270018518,-0.11963255703449249,0.0024414807558059692,7.171850070357323,2.6620893,5.009756960046177,-2.0035339080590684,0.6167822697058536,,2.096322610898892,0.5988616253867102
2020-07-07,Cancabato Bay,30.888729505240917,33.77941218204796,-0.1110873743891716,-0.0006103701889514923,7.171850070357323,1.2031237,0.0,-2.0424996802536435,0.7965507462713675,,2.192327082171296,0.607926751379566
2020-07-08,Cancabato Bay,31.067445896565914,33.79924921318889,-0.09155552834272385,0.003662221133708954,7.171850070357323,0.70559186,0.0,-1.0326318875227112,0.7695758885229176,,1.2878570042223458,0.6169918773724218
2020-07-09,Cancabato Bay,31.13922543078661,33.81756031885743,-0.08484145626425743,0.01037629321217537,7.171850070357323,0.38669395,0.0,-1.4342825055315136,1.2067848822073126,,1.8744321960524135,0.6260570033652776
2020-07-10,Cancabato Bay,31.103335663676262,33.835871424525976,-0.08301034569740295,0.009155552834272385,7.171850070357323,0.8921693,1.9022245014818333,-1.5185450608748492,1.43448633565504,0.6351221293581334,2.0889543195312874,0.6351221293581334
2020-07-11,Cancabato Bay,31.214667186141014,33.85723438113928,-0.08545182645320892,0.009765923023223877,7.171850070357323,0.83411777,0.0,-0.517060514024015,0.5816989942135616,,0.7782835569584184,0.5495139173721981
2020-07-12,Cancabato Bay,31.427076011896133,33.87859733775258,-0.056764427572488785,0.006714072078466415,7.171850070357323,0.46546495,4.623335625036075,-0.13356593487361312,0.9779474331011367,,0.9870263628028203,0.4639057053862629
2020-07-13,Cancabato Bay,31.525955982506275,33.848078828305006,-0.05066072568297386,0.01342814415693283,7.171850070357323,0.36223948,0.439467478864871,-0.3061446116961406,1.0865974272060241,,1.1289014536625115,0.3782974934003277
2020-07-14,Cancabato Bay,31.52375864982605,33.89080474153161,-0.08117923513054848,0.006103701889514923,7.171850070357323,0.45990318,1.1090122587002889,-1.9281904124090103,0.9718329845055282,,2.1592539490015876,0.29268928141439243
2020-07-15,Cancabato Bay,31.451246671378613,33.88012326322496,-0.08362071588635445,0.004272591322660446,7.171850070357323,2.140291,5.598367523461486,-2.2135089064448503,1.0443677938571012,0.20708106942845714,2.4475142017476887,0.20708106942845714
2020-07-16,Cancabato Bay,31.23004851490259,33.88317511416972,-0.07629627361893654,-0.0006103701889514923,7.171850070357323,1.1849447,1.9117184077588898,-2.1354448622934648,0.9234197749417438,,2.326548697244271,0.20980190597725232
2020-07-17,Cancabato Bay,31.304025381803513,33.88775289058685,-0.10132145136594772,-0.0024414807558059692,7.171850070357323,0.792056,4.150677557570485,-1.7240117223523295,0.1363190104378154,,1.7293927522153523,0.21252274252604753
2020-07-18,Cancabato Bay,30.998596139252186,33.86944178491831,-0.08789330720901489,-0.005493331700563431,7.171850070357323,0.75738454,9.378871422606155,-2.637001268470996,0.11113972288269622,,2.6393422907838393,0.2152435790748427
2020-07-19,Cancabato Bay,30.69316689670086,33.81756031885743,-0.06164738908410072,-0.0030518509447574615,7.171850070357323,0.6622347,1.7734778618660216,-1.1758076612050001,0.6852799682370453,,1.3609306709069857,0.21796441562363789
2020-07-20,Cancabato Bay,30.984679698944092,33.81756031885743,-0.08239997550845146,-0.021973326802253723,7.171850070357323,0.4510191,4.555106626151088,-0.9046081373118233,0.11742316318951679,,0.9121973916561034,0.22068525217243307
2020-07-21,Cancabato Bay,30.84844507277012,33.788567734882236,-0.06469924002885818,-0.0079348124563694,7.171850070357323,0.45006433,14.019953659167307,-0.7430056384486012,0.4343739164759529,,0.8606614189569971,0.22340608872122827
2020-07-22,Cancabato Bay,31.01251257956028,33.82976772263646,-0.0714133121073246,0.012817773967981339,7.171850070357323,0.2625333,4.917146905923423,-1.844432640472222,1.3311193838051214,,2.2746011912379407,0.22612692527002345
2020-07-23,Cancabato Bay,31.00079347193241,33.84655290283263,-0.07690664380788803,0.0,7.171850070357323,0.29122844,2.985533713532713,-1.8722927585213203,0.6306427277437008,,1.9756493675921825,0.22884776181881863
2020-07-24,Cancabato Bay,31.03668323904276,33.84197512641549,-0.07751701399683952,0.0030518509447574615,7.171850070357323,0.7697698,9.277236704628308,-1.0498438099565726,0.752458001813318,,1.2916520699464789,0.23156859836761384
2020-07-25,Cancabato Bay,31.2249214053154,33.81603439338505,-0.08178960531949997,0.001831110566854477,7.171850070357323,0.3527506,0.0,-0.7761190422800072,0.5424838811813147,0.23428943491640902,0.9469157983322374,0.23428943491640902
2020-07-26,Cancabato Bay,31.40876490622759,33.84197512641549,-0.09033478796482086,0.0,7.171850070357323,0.61712456,0.0,-0.7035883345926682,0.6449659174158877,,0.9544724088222782,0.23390255556913764
2020-07-27,Cancabato Bay,31.502517767250538,33.67717517539859,-0.05798516795039177,-0.009765923023223877,7.171850070357323,0.30431017,10.217479919854064,0.2821690441967848,0.04713279525191107,,0.2860784331108964,0.23351567622186625
2020-07-28,Cancabato Bay,30.622852250933647,32.80587173067033,0.05615405738353729,-0.08239997550845146,7.171850070357323,0.29743934,9.28562696673238,1.6477149942230207,0.27975342229101613,,1.671294910980975,0.23312879687459487
2020-07-29,Cancabato Bay,30.997863695025444,33.477278938516974,0.03357036039233208,0.001831110566854477,7.171850070357323,0.28234947,5.055550425959091,0.7160880279805374,1.9788595734581058,,2.104439895859193,0.23274191752732348
2020-07-30,Cancabato Bay,31.174382753670216,33.608508529141545,0.023194067180156708,0.022583696991205215,7.171850070357323,0.36829308,5.826684059045568,-0.2118824871287497,1.657056734148309,,1.670548176060219,0.2323550381800521
2020-07-31,Cancabato Bay,30.974425479769707,33.561204839497805,-0.03723258152604103,0.005493331700563431,7.171850070357323,0.40110105,13.283508862931127,-0.9902573385258477,1.0657152335675162,,1.4547709632660948,0.2319681588327807
2020-08-01,Cancabato Bay,30.70195622742176,33.535264106467366,-0.021973326802253723,-0.0030518509447574615,7.324442625045776,0.35116702,12.816224692347713,-0.28404470458265324,0.4312418947927007,,0.5163825771904446,0.23158127948550933
2020-08-02,Cancabato Bay,30.852107293903828,33.52916040457785,-0.051271095871925354,-0.0079348124563694,7.171850070357323,0.32454428,4.948412069497398,-1.287976692856859,-0.13539620287342913,,1.2950737790160969,0.23119440013823794
2020-08-03,Cancabato Bay,30.850642405450344,33.5398418828845,-0.062257759273052216,0.0006103701889514923,7.171850070357323,0.33487913,9.204137652826766,-1.495777836846105,0.17477645662536406,,1.5059542313730956,0.23080752079096656
2020-08-04,Cancabato Bay,30.798638865351677,33.52000485174358,-0.08056886494159698,-0.0024414807558059692,7.171850070357323,0.32604387,28.756433386391347,-2.700533143200151,0.818983585571797,,2.82198748596774,0.23042064144369517
2020-08-05,Cancabato Bay,30.56718648970127,33.52000485174358,-0.07385479286313057,-0.0006103701889514923,7.171850070357323,0.287082,15.612249473413339,-2.832335748141566,1.132635399220749,,3.0504079625139635,0.2300337620964238
2020-08-06,Cancabato Bay,30.53422649949789,33.367412304505706,-0.07873775437474251,-0.003662221133708954,7.171850070357323,0.3087459,3.9322170708507023,-0.3475618567304816,0.46362723795308564,,0.5794389182872919,0.2296468827491524
2020-08-07,Cancabato Bay,30.433881640434265,33.439130801707506,0.03418073058128357,-0.019531846046447754,7.171850070357323,0.3759449,12.330783911025566,1.3244280358004115,1.4371186514103431,,1.9543335539885762,0.22926000340188102
2020-08-08,Cancabato Bay,30.56645404547453,33.475753013044596,-0.0012207403779029846,0.01342814415693283,7.171850070357323,0.6100849,9.065819926155264,-0.4159223680326586,2.059234006241305,,2.1008179618164227,0.22887312405460963
2020-08-09,Cancabato Bay,30.500534065067768,33.49101226776838,-0.009765923023223877,0.0030518509447574615,7.171850070357323,0.692058,2.7499091495721104,-1.2930222844163275,1.5390931197968556,,2.010152795039033,0.22848624470733825
2020-08-10,Cancabato Bay,30.75835443288088,33.535264106467366,-0.023194067180156708,0.014038514345884323,7.171850070357323,0.93100125,3.925351862328502,-2.0185555955724266,1.5128751131810283,,2.522569681990819,0.2280993653600669
2020-08-11,Cancabato Bay,30.858699291944504,33.55052336119115,-0.04699850454926491,0.0,7.171850070357323,0.8061623,6.458112156810091,-2.0601848343223312,0.7859604710049981,,2.205015966734511,0.2277124860127955
2020-08-12,Cancabato Bay,30.879940174520016,33.52153077721596,-0.062257759273052216,-0.011597033590078354,7.171850070357323,0.75100607,10.2070250678748,-1.3765369141231263,0.8081475206323572,,1.5962319039061479,0.22732560666552412
2020-08-13,Cancabato Bay,30.72246466577053,33.47422708757222,0.020142216235399246,-0.048829615116119385,7.171850070357323,0.803146,2.4541319003120403,1.3600224327286554,-0.03372041811208357,,1.3604404007977797,0.22693872731825274
2020-08-14,Cancabato Bay,30.552537605166435,33.51084929890931,-0.0012207403779029846,-0.054322946816682816,7.171850070357323,0.923297,4.971532830415062,1.392624186489152,0.05126776885810091,,1.393567547310951,0.22655184797098135
2020-08-15,Cancabato Bay,30.731253996491432,33.524582628160715,-0.014648884534835815,-0.08056886494159698,7.171850070357323,0.94435394,0.38117293923045886,1.5466085152197562,-0.2092106314227553,,1.5606943927786012,0.22616496862370997
2020-08-16,Cancabato Bay,30.89458905905485,33.54289373382926,-0.03234962001442909,-0.07507553324103355,7.171850070357323,1.1277035,8.421679130377482,0.9408370987541217,-0.018013638942284086,,0.9410095310782012,0.22577808927643858
2020-08-17,Cancabato Bay,30.921689495444298,33.48490856587887,-0.04577776417136192,-0.059205908328294754,7.171850070357323,0.97872096,12.994197301590406,0.7939023480290877,0.08663346074034474,,0.7986152357211497,0.2253912099291672
2020-08-18,Cancabato Bay,30.794244199991226,33.52153077721596,-0.03418073058128357,-0.07568590342998505,7.171850070357323,1.0201701,6.028207129563768,1.3048014584631864,-0.2156797504281855,,1.3225069378844192,0.2250043305818958
2020-08-19,Cancabato Bay,30.507126063108444,33.51542707532644,-0.032959990203380585,-0.036011841148138046,7.171850070357323,0.75819737,18.192601369973573,1.5539770194635463,0.4674721215497707,,1.6227676239828825,0.22461745123462443
2020-08-20,Cancabato Bay,30.557664714753628,33.48033078946173,0.0079348124563694,-0.0012207403779029846,7.171850070357323,0.74723727,2.957521092396575,0.7169110643365251,0.9334016287125794,,1.176945230098421,0.22423057188735304
2020-08-21,Cancabato Bay,31.083559669554234,33.55357521213591,-0.051881466060876846,0.01037629321217537,7.171850070357323,0.49451286,0.0,-0.4488785889771609,1.0314465058706297,,1.1248883865143502,0.22384369254008166
2020-08-22,Cancabato Bay,31.11944943666458,33.57493816874921,-0.06164738908410072,0.01831110566854477,7.171850070357323,0.35847098,0.0,-0.5702948954673198,0.8074376568779934,,0.9885301399252859,0.22345681319281027
2020-08-23,Cancabato Bay,31.50398265570402,33.58104187063873,-0.06103701889514923,-0.02624591812491417,7.171850070357323,0.8187987,0.0,-0.015101704428944438,0.3356594016078879,,0.33599895143351943,0.2230699338455389
2020-08-24,Cancabato Bay,31.767662577331066,33.62681963481009,-0.025635547935962677,-0.031128879636526108,7.171850070357323,2.071057,0.0,0.7686687503849067,0.3690123379877628,0.2226830544982675,0.8526557062528162,0.2226830544982675
2020-08-25,Cancabato Bay,32.02548294514418,33.67564924992621,-0.0476088747382164,-0.035401470959186554,7.171850070357323,1.9966619,0.0,0.5669115850352119,0.45271946318735007,,0.7254954566334504,0.23485892426451246
2020-08-26,Cancabato Bay,32.13022246956825,33.70769368484616,-0.011597033590078354,-0.03479110077023506,7.171850070357323,2.0315397,0.0,1.145962069893192,0.4542710461113134,,1.2327170190148897,0.24703479403075743
2020-08-27,Cancabato Bay,32.06357004493475,33.753471449017525,-0.009765923023223877,-0.021973326802253723,7.171850070357323,1.8126518,8.197776042615263,1.2890087049975079,0.8029966932104212,,1.51866623418914,0.2592106637970024
2020-08-28,Cancabato Bay,31.944181635975838,33.82061216980219,0.023194067180156708,-0.051271095871925354,7.171850070357323,0.72564816,0.6221324110183473,2.2723916370561916,0.1949233890653731,,2.2807364774931034,0.2713865335632474
2020-08-29,Cancabato Bay,31.722251035273075,33.909115847200155,0.06164738908410072,-0.020142216235399246,7.171850070357323,0.72556305,11.529960216424717,3.1676017085353187,0.1926560514819735,,3.173455047434656,0.28356240332949234
2020-08-30,Cancabato Bay,31.394116021692753,33.993041748180985,0.03418073058128357,0.0006103701889514923,7.171850070357323,0.672294,8.43743668120509,2.247711374622538,0.9695667712730854,,2.4479105677218795,0.2957382730957373
2020-08-31,Cancabato Bay,31.48713643848896,34.049500990659,0.020142216235399246,0.012207403779029846,7.171850070357323,0.5178367,0.0,0.5828188232858947,1.2421190596585132,,1.3720559533573347,0.30791414286198227
2020-09-01,Cancabato Bay,31.739829696714878,34.0708639472723,-0.0048829615116119385,-0.004272591322660446,7.171850070357323,0.5178367,0.0,0.4081188668056954,0.5879554470683058,,0.7157182526525758,0.3200900126282272
2020-09-02,Cancabato Bay,31.758873246610165,34.07544172368944,-0.05371257662773132,0.006103701889514923,7.171850070357323,0.52036977,3.843365735139329,-0.8684167137154808,0.7763340236629013,,1.164835655771674,0.3322658823944722
2020-09-03,Cancabato Bay,31.8628803268075,34.0998565312475,-0.07629627361893654,0.006103701889514923,7.171850070357323,1.4992362,0.0,-0.8725837435229983,0.6022839648367271,0.34444175216071715,1.0602586305991843,0.34444175216071715
2020-09-04,Cancabato Bay,32.155858017504215,34.11969356238842,-0.0634784996509552,-0.003662221133708954,7.171850070357323,1.7781281,0.0,0.23717257331606703,0.4146783741552027,,0.47771223924593714,0.4010093186710069
2020-09-05,Cancabato Bay,32.180761121213436,34.14410836994648,-0.010986663401126862,-0.03723258152604103,7.171850070357323,0.35695714,3.843365735139329,1.2284114680793605,0.432028478110021,,1.3021687067377063,0.4575768851812967
2020-09-06,Cancabato Bay,32.31186863780022,34.11664171144366,-0.09033478796482086,-0.023194067180156708,7.171850070357323,0.25782877,2.6064731792900893,0.04312452958235427,0.815177524880136,,0.8163174150545878,0.5141444516915864
2020-09-07,Cancabato Bay,32.18735311925411,34.13190096616745,-0.1269569993019104,-0.0012207403779029846,7.171850070357323,0.72072196,7.134519588452178,-1.7563594942363865,0.9679607298611548,,2.0054292925824226,0.5707120182018761
2020-09-08,Cancabato Bay,31.853358551859856,34.139530593529344,-0.09765923023223877,-0.007324442267417908,7.171850070357323,0.6077648,1.2439770058701978,-1.5962667912416906,0.4755866865165571,0.6272795847121659,1.6656081067324453,0.6272795847121659
2020-09-09,Cancabato Bay,31.85482344031334,34.08612320199609,-0.09338663890957832,-0.02136295661330223,7.171850070357323,0.75353396,6.6812862694834765,-0.10896354758125391,-0.1067247666946926,,0.15252288525834,0.5413167046080634
2020-09-10,Cancabato Bay,31.74935147166252,34.08154542557895,-0.03418073058128357,-0.01892147585749626,7.171850070357323,0.5579849,6.307191808383686,0.5733306243254973,0.06892556944794458,,0.5774588633947773,0.4553538245039607
2020-09-11,Cancabato Bay,31.94125185906887,34.041871363297105,-0.05615405738353729,-0.008545182645320892,7.171850070357323,0.3216217,0.9214763641357423,-0.17665216900179365,0.5218637708869701,,0.5509517076635722,0.3693909443998581
2020-09-12,Cancabato Bay,32.06357004493475,34.043397288769484,-0.059816278517246246,-0.02136295661330223,7.171850070357323,1.2150815,4.693669096730388,-0.11598513103792646,0.32755702840012424,,0.34748547807959507,0.2834280642957555
2020-09-13,Cancabato Bay,32.01742605865002,34.09833060577512,-0.10559404268860817,-0.011597033590078354,7.171850070357323,0.96653646,2.2272609636044733,-1.2468686917825562,0.23734958691199348,0.19746518419165288,1.26925819318011,0.19746518419165288
2020-09-14,Cancabato Bay,31.81453900784254,34.05560469254851,-0.11047700420022011,-0.025025177747011185,7.171850070357323,0.97430444,8.673219266410072,-0.8292258305151984,0.5254896683405441,,0.9817101759308985,0.20252517037005005
2020-09-15,Cancabato Bay,31.570635080337524,34.066286170855165,-0.07690664380788803,0.008545182645320892,7.171850070357323,0.9163773,19.039969188336748,-1.0537483711445355,2.6558593931526366,,2.857267006404346,0.20758515654844722
2020-09-16,Cancabato Bay,31.228583626449108,34.03881951235235,-0.054322946816682816,0.01037629321217537,7.171850070357323,0.9169143,21.023053970580666,-0.6467503049572447,2.338808265451637,,2.426584031000613,0.21264514272684437
2020-09-17,Cancabato Bay,30.839655742049217,34.043397288769484,-0.048829615116119385,0.0024414807558059692,7.171850070357323,0.9763912,5.928025000392439,-1.0240346961881688,1.1708463812898782,,1.555483303535206,0.21770512890524155
2020-09-18,Cancabato Bay,31.051332123577595,34.06781209632754,-0.051271095871925354,-0.010986663401126862,7.171850070357323,2.945887,1.8084875071010655,-0.2079354663125415,-0.08128567935963874,,0.22325886280184284,0.22276511508363872
2020-09-19,Cancabato Bay,31.2739951685071,34.0922269038856,-0.038453321903944016,-0.0238044373691082,7.171850070357323,3.0479085,6.997866166666295,0.05580139776993413,-0.5584254757475153,,0.561206564427856,0.2278251012620359
2020-09-20,Cancabato Bay,31.436597786843777,34.04492321424186,-0.031128879636526108,-0.01342814415693283,7.171850070357323,1.4686496,8.470051059326808,0.1903090949531074,0.20262998332875956,,0.2779864416939866,0.23288508744043307
2020-09-21,Cancabato Bay,31.304757826030254,34.03271581046283,0.01037629321217537,-0.012207403779029846,7.171850070357323,1.4682064,2.9708354861591575,0.6913274909090188,0.21054001555593713,,0.7226761362026933,0.23794507361883022
2020-09-22,Cancabato Bay,31.076235227286816,34.04644913971424,0.003662221133708954,-0.0048829615116119385,7.171850070357323,0.4369011,8.929249638947434,1.543259144159794,-0.27843673330004315,,1.568175946915275,0.2430050597972274
2020-09-23,Cancabato Bay,31.26227606087923,34.06323431991041,-0.0238044373691082,0.008545182645320892,7.171850070357323,0.6284827,0.0,0.9153726480386635,0.44122857512158825,,1.0161642289911321,0.24806504597562457
2020-09-24,Cancabato Bay,31.205877855420113,34.066286170855165,-0.0079348124563694,-0.006103701889514923,7.171850070357323,0.49993232,5.081271454929925,1.589799015206425,0.5486620983203969,,1.681811822673589,0.2531250321540217
2020-09-25,Cancabato Bay,31.345042258501053,34.078493574634194,-0.02868739888072014,0.01037629321217537,7.171850070357323,1.0107659,0.0,0.7274394106936528,0.8351275306784492,,1.1075225003255749,0.2581850183324189
2020-09-26,Cancabato Bay,31.43806267529726,34.10596023313701,-0.10803552344441414,0.014038514345884323,7.171850070357323,2.2278152,0.0,-0.9503464869523219,1.324970422344027,,1.6305536070148472,0.26324500451081606
2020-09-27,Cancabato Bay,31.40144046396017,34.127323189750314,-0.11841181665658951,0.008545182645320892,7.171850070357323,0.66063106,1.6600073297945457,-2.036795638840698,1.2825204002358783,,2.4069472473283837,0.26830499068921326
2020-09-28,Cancabato Bay,31.353099144995213,34.13190096616745,-0.08239997550845146,0.004272591322660446,7.171850070357323,0.71122426,5.020396149577424,-0.37783245898251405,0.34356455195443025,,0.5106799079858356,0.2733649768676104
2020-09-29,Cancabato Bay,31.616046622395515,34.13037504069507,-0.01892147585749626,-0.0158696249127388,7.171850070357323,0.42232418,0.0,0.8728350465086763,-0.12540935605358217,,0.8817984605336852,0.2784249630460076
2020-09-30,Cancabato Bay,31.78963590413332,34.13342689163983,-0.032959990203380585,0.001831110566854477,7.171850070357323,1.7223563,2.4268807580295846,0.2755837122158686,0.457592618082654,,0.5341698106055941,0.28348494922440476
2020-10-01,Cancabato Bay,31.964690074324608,34.14105651900172,0.006714072078466415,-0.008545182645320892,7.171850070357323,3.208023,0.0,0.8773849449413262,-0.008793365187060065,,0.8774290084565287,0.2885449354028019
2020-10-02,Cancabato Bay,31.78524123877287,34.1425824444741,0.01342814415693283,-0.024414807558059692,7.171850070357323,1.1410416,0.0,1.5544416617510033,-0.5361567808370664,,1.6443092693969668,0.2936049215811991
2020-10-03,Cancabato Bay,31.590411074459553,34.12884911522269,0.019531846046447754,-0.016479995101690292,7.171850070357323,0.5000425,12.542889296437226,1.8377965375054763,-0.4199883713681473,0.29866490775959625,1.8851754150082656,0.29866490775959625
2020-10-04,Cancabato Bay,31.553788863122463,34.10596023313701,-0.012207403779029846,-0.025635547935962677,7.171850070357323,1.4527875,21.155087102335486,0.6743893886609342,0.24375212960828116,,0.7170886613432407,0.2920259160696756
2020-10-05,Cancabato Bay,31.72371592372656,33.933530654758215,-0.04943998530507088,-0.01342814415693283,7.171850070357323,0.8296344,0.0,0.10348884148971126,0.25835105259772617,,0.27830775535589314,0.285386924379755
2020-10-06,Cancabato Bay,31.73250525444746,33.92437510192394,-0.040894802659749985,-0.05798516795039177,7.171850070357323,0.6673814,6.2927945429524685,0.9438736286194171,0.023247299086389433,,0.9441598719062347,0.27874793268983433
2020-10-07,Cancabato Bay,31.49885554611683,33.88164918869734,-0.06408886983990669,-0.029908139258623123,7.171850070357323,0.6585523,9.153992288790572,1.2437317522823963,0.29473867816224497,,1.2781782192011675,0.27210894099991373
2020-10-08,Cancabato Bay,31.293771162629128,33.91674547456205,-0.08606219664216042,0.001831110566854477,7.171850070357323,0.67047983,13.355078057359203,-0.22008555952685896,1.206376492743075,,1.226287851915419,0.26546994930999307
2020-10-09,Cancabato Bay,31.223456516861916,33.74889367260039,-0.10010071098804474,-0.009155552834272385,7.171850070357323,0.677068,12.585589085904937,0.10456396619726703,0.7877024731864058,,0.7946123641694003,0.25883095762007247
2020-10-10,Cancabato Bay,31.276192501187325,33.77178255468607,-0.08117923513054848,-0.001831110566854477,7.171850070357323,0.6609014,2.2515015251720296,0.24640360977831985,0.5378701512547557,,0.5916240685795333,0.2521919659301518
2020-10-11,Cancabato Bay,31.116519659757614,33.802301064133644,-0.05798516795039177,-0.017700735479593277,7.171850070357323,0.6517381,14.633916662904783,-0.09466339529015007,0.02081947649948921,,0.09692579125068823,0.24555297424023118
2020-10-12,Cancabato Bay,31.357493810355663,33.75804922543466,-0.07812738418579102,-0.025025177747011185,7.171850070357323,1.2930653,5.97418833083619,-0.23168729860090334,-0.6008527373077963,,0.6439743909995613,0.23891398255031054
2020-10-13,Cancabato Bay,31.28644672036171,33.78551588393748,-0.056764427572488785,-0.023194067180156708,7.171850070357323,1.2541283,21.030335472033812,0.7306799830231611,-0.10437023468947244,,0.7380964594684508,0.23227499086038988
2020-10-14,Cancabato Bay,30.986877031624317,33.73516034334898,-0.02136295661330223,0.009155552834272385,7.171850070357323,1.500368,7.010111645768627,0.3631527963040414,2.090625951515387,,2.1219323322417853,0.22563599917046928
2020-10-15,Cancabato Bay,30.923886828124523,33.7122714612633,-0.06958220154047012,0.008545182645320892,7.171850070357323,1.6621311,14.020223291537254,-0.9420229831560293,1.0208091642763522,,1.3890495493915143,0.21899700748054862
2020-10-16,Cancabato Bay,30.792779311537743,33.7122714612633,-0.09338663890957832,-0.0030518509447574615,7.171850070357323,1.9692895,3.372059919201909,-1.1125712109977917,0.293460628870151,,1.150623239917375,0.212358015790628
2020-10-17,Cancabato Bay,30.86529128998518,33.69548628106713,-0.07202368229627609,-0.02868739888072014,7.171850070357323,0.39094988,7.493912242091121,0.07855831400905865,-0.9722721975431844,,0.9754407387511549,0.20571902410070736
2020-10-18,Cancabato Bay,30.93487349152565,33.71532331220806,-0.10803552344441414,-0.0158696249127388,7.171850070357323,0.3947124,2.3294266607052987,-0.7816220202217977,-0.7244799194117842,,1.0657411205947296,0.1990800324107867
2020-10-19,Cancabato Bay,30.70928066968918,33.60698260366917,-0.06103701889514923,-0.007324442267417908,7.171850070357323,0.4113576,15.176403696163778,0.9523263862100535,0.09285625042279783,,0.9568426355020355,0.1924410407208661
2020-10-20,Cancabato Bay,30.5466780513525,33.6405529640615,-0.062257759273052216,0.008545182645320892,7.171850070357323,0.74792856,6.744119838403818,0.5623528561379515,2.128086552605615,,2.2011345052466385,0.18580204903094544
2020-10-21,Cancabato Bay,30.594286926090717,33.65123444236815,-0.11535996571183205,0.014648884534835815,7.171850070357323,3.3874462,3.5143736566598425,-0.11254806104392594,2.052296277556417,,2.0553800322365383,0.1791630573410248
2020-10-22,Cancabato Bay,30.82866907864809,33.657338144257665,-0.11474959552288055,0.02624591812491417,7.171850070357323,4.329843,0.0,0.18453246072798687,0.9768065070962764,,0.9940840916984608,0.17252406565110417
2020-10-23,Cancabato Bay,31.034485906362534,33.52000485174358,-0.051271095871925354,0.004272591322660446,7.171850070357323,4.689697,7.297635306946386,0.6364399479453849,-0.024989197341749765,0.16588507396118354,0.6369303473100565,0.16588507396118354
2020-10-24,Cancabato Bay,30.802301086485386,33.48185671493411,0.04821924492716789,-0.01831110566854477,7.171850070357323,0.9786612,29.51934903422103,2.3176345027712983,-0.5223492728724826,,2.3757690231389024,0.15497555843877983
2020-10-25,Cancabato Bay,30.185583047568798,33.320108614861965,0.08117923513054848,0.024414807558059692,7.171850070357323,1.0294427,44.279022070546496,0.8054396797752071,2.981137091635997,,3.0880271107754735,0.1440660429163761
2020-10-26,Cancabato Bay,30.01492354273796,33.295693807303905,0.011597033590078354,0.011597033590078354,7.171850070357323,3.9225862,6.058457398947817,-0.7740955321941345,1.9556225802887939,,2.103255469385096,0.13315652739397238
2020-10-27,Cancabato Bay,30.159947499632835,33.28653825446963,-0.059816278517246246,0.011597033590078354,7.171850070357323,4.2174363,5.273439824771577,-0.9112055472948724,0.7765048812789986,,1.1971864433207802,0.12224701187156867
2020-10-28,Cancabato Bay,30.365031883120537,33.28806417994201,-0.056764427572488785,-0.023194067180156708,7.171850070357323,2.6165166,7.081697233187887,0.10031685858902963,-0.8444805951557968,0.11133749634916494,0.8504181017075425,0.11133749634916494
2020-10-29,Cancabato Bay,30.392132319509983,33.27585677616298,-0.02624591812491417,-0.025635547935962677,7.171850070357323,3.1259859,27.296726933683452,-0.3406680665134035,-2.0326228516292946,,2.060973165402108,0.11507401837336284
2020-10-30,Cancabato Bay,30.21048615127802,33.248390117660165,-0.01037629321217537,-0.009765923023223877,7.171850070357323,3.133029,34.78226135180781,-0.20601976870609284,-1.2310262918472292,,1.248146576455206,0.11881054039756073
2020-10-31,Cancabato Bay,30.220740370452404,33.07443461380899,0.04821924492716789,-0.006103701889514923,7.171850070357323,3.0892787,4.328575592071485,1.8736562995443613,-0.710439629135079,,2.0038244422772813,0.12254706242175863
2020-11-01,Cancabato Bay,29.868434697389603,32.68837546929717,0.0714133121073246,0.03234962001442909,7.171850070357323,1.2686279,13.534072834843647,0.8876855981958524,1.5768309646292742,,1.809525244990524,0.12628358444595653
2020-11-02,Cancabato Bay,30.3415936678648,33.01034574396908,-0.0238044373691082,0.004272591322660446,7.171850070357323,1.2752184,0.0,0.5583298450310474,1.384752670097748,,1.4930747379803986,0.1300201064701544
2020-11-03,Cancabato Bay,30.616992697119713,33.042390178889036,-0.04943998530507088,-0.02136295661330223,7.171850070357323,1.2917137,0.0,1.353240748728415,-0.10038495036244363,,1.3569589759010077,0.13375662849435233
2020-11-04,Cancabato Bay,30.556932270526886,33.03933832794428,-0.0634784996509552,-0.03906369209289551,7.171850070357323,1.3027707,8.23774789392758,1.5021493350090895,-1.170471588935773,,1.904325698291677,0.1374931505185502
2020-11-05,Cancabato Bay,30.351847887039185,33.007293893024325,-0.06469924002885818,-0.03357036039233208,7.171850070357323,0.91776097,1.5933408600072894,0.2636603896296804,-0.8443634771645331,,0.884571355306657,0.1412296725427481
2020-11-06,Cancabato Bay,30.28519546240568,32.97830130904913,-0.07690664380788803,-0.0317392498254776,7.171850070357323,0.9163491,39.21832995064343,-0.5185374159492394,-1.1615753195858023,,1.2720606411685622,0.14496619456694598
2020-11-07,Cancabato Bay,29.47877436876297,32.142094150185585,-0.009765923023223877,-0.0079348124563694,7.171850070357323,0.58515227,20.50112498530184,-0.4767914399948702,0.19947491459880645,,0.5168368396376007,0.1487027165911439
2020-11-08,Cancabato Bay,29.783471167087555,32.53120514564216,-0.13733329251408577,0.014038514345884323,7.171850070357323,0.5646954,6.720852559366929,-0.8586441263862833,0.7446482699802441,,1.1365609450276892,0.15243923861534178
2020-11-09,Cancabato Bay,30.017853319644928,32.65633103437722,-0.22522659972310066,0.005493331700563431,7.171850070357323,1.6890061,8.687644017009308,1.7633545986359707,-1.1409334642393092,,2.100273460850214,0.1561757606395397
2020-11-10,Cancabato Bay,29.798852495849133,32.63191622681916,0.039674062281847,0.004272591322660446,7.171850070357323,1.6671507,32.06650272040322,4.037568874627897,0.27480056839910116,,4.0469096567327085,0.15991228266373758
2020-11-11,Cancabato Bay,29.374034844338894,32.54341254942119,0.046388134360313416,0.0238044373691082,7.324442625045776,1.6705387,36.158216781128715,-0.2281139763267907,2.651405998095819,,2.661200810336211,0.16364880468793547
2020-11-12,Cancabato Bay,29.239997550845146,32.50526441261172,-0.10559404268860817,0.004272591322660446,7.324442625045776,0.6322289,14.463286872108144,-2.3551422316528523,1.6710122587169167,,2.887728674944547,0.16738532671213338
2020-11-13,Cancabato Bay,29.493423253297806,32.47169405221939,-0.1501510664820671,0.004272591322660446,7.171850070357323,0.6312634,0.0,-2.20456885410308,0.12250728374762304,,2.207970078387066,0.17112184873633127
2020-11-14,Cancabato Bay,29.60914944112301,32.44575331918895,-0.10010071098804474,-0.006714072078466415,7.171850070357323,0.8127136,0.0,-2.810408484057318,-0.2490700163613238,,2.8214237044994825,0.17485837076052918
2020-11-15,Cancabato Bay,29.749778732657433,32.419812586158514,-0.07812738418579102,-0.009155552834272385,7.171850070357323,4.672891,0.0,-2.4625039725194604,-0.5923271314407721,,2.5327410537429556,0.17859489278472707
2020-11-16,Cancabato Bay,29.839869372546673,32.39082000218332,-0.05615405738353729,-0.0024414807558059692,7.171850070357323,2.2844503,8.21857961222006,-2.7262111098971755,0.09776288250297288,,2.7279634522702243,0.18233141480892495
2020-11-17,Cancabato Bay,29.858180478215218,32.35572371631861,-0.017090365290641785,-0.0006103701889514923,7.171850070357323,0.75864756,19.995979071425175,-2.204043030490995,0.009580510046499154,,2.2040638526205814,0.18606793683312284
2020-11-18,Cancabato Bay,29.9490035623312,32.33741261065006,-0.019531846046447754,-0.005493331700563431,7.171850070357323,2.409241,0.0,-1.9558347898973665,-0.3681435203078604,,1.990180739761477,0.18980445885732072
2020-11-19,Cancabato Bay,30.00173954665661,32.32825705781579,-0.020142216235399246,-0.006103701889514923,7.171850070357323,1.0247644,10.37327555117135,-1.5384103956110184,-0.33914850974749355,,1.5753502013799965,0.19354098088151864
2020-11-20,Cancabato Bay,30.22367014735937,32.323679281398654,-0.03234962001442909,-0.006714072078466415,7.171850070357323,2.5223024,0.0,-1.515275392115984,-0.41947313482972337,,1.5722649982735495,0.19727750290571655
2020-11-21,Cancabato Bay,30.12552262097597,32.31604965403676,-0.051271095871925354,-0.006714072078466415,7.171850070357323,2.278229,0.0,-2.5896272141599135,-0.8465081428539729,,2.7244715348551023,0.20101402492991444
2020-11-22,Cancabato Bay,30.033967092633247,32.2916348464787,-0.051881466060876846,-0.008545182645320892,7.171850070357323,1.6343659,27.615343045121946,-2.111182378714728,-0.9321917939830472,0.20475054695411232,2.3078285415006263,0.20475054695411232
2020-11-23,Cancabato Bay,29.701437413692474,32.17108673416078,-0.08239997550845146,-0.015259254723787308,7.171850070357323,0.31499723,7.332109871763772,-2.5428159003941784,-1.3965696099724778,,2.901089343470162,0.19768078614916204
2020-11-24,Cancabato Bay,29.60988188534975,32.14667192660272,-0.09033478796482086,-0.01892147585749626,7.171850070357323,0.2616924,0.0,-2.6419883837295646,-1.8076653564518776,,3.2012117488036074,0.1906110253442118
2020-11-25,Cancabato Bay,29.522721022367477,32.13446452282369,-0.07995849475264549,-0.0317392498254776,7.171850070357323,0.72036964,0.0,-1.6900917730862348,-1.4044864789033549,,2.1974968648159927,0.1835412645392615
2020-11-26,Cancabato Bay,29.603289887309074,32.140568224713206,-0.10010071098804474,-0.046388134360313416,7.171850070357323,0.28985035,9.317171377114976,-1.9382323405296,-0.8889510954850043,,2.1323645692139137,0.17647150373431125
2020-11-27,Cancabato Bay,29.412121944129467,32.10852378979325,-0.12085329741239548,-0.023194067180156708,7.171850070357323,0.29577005,46.02877761304569,-2.5060780186607974,-0.3262621993472214,,2.527226554612331,0.16940174292936097
2020-11-28,Cancabato Bay,29.44654682278633,32.1268348954618,-0.12878810986876488,-0.0317392498254776,7.171850070357323,0.37799346,0.0,-2.0194382514984457,-0.7038671076504291,,2.1385882625805466,0.1623319821244107
2020-11-29,Cancabato Bay,29.538102351129055,32.15124970301986,-0.10132145136594772,-0.04028443247079849,7.171850070357323,0.343682,0.3899015329135493,-1.435558346684245,-1.4981508974831823,,2.0749178003873956,0.15526222131946044
2020-11-30,Cancabato Bay,29.554948568344116,32.189397839829326,-0.05066072568297386,-0.04150517284870148,7.171850070357323,0.28417638,0.0,0.9095203745968212,-2.6277008781975044,,2.780654458412026,0.14819246051451015
2020-12-01,Cancabato Bay,29.48683125525713,32.25653856061399,0.0,-0.030518509447574615,7.171850070357323,0.252863,18.156154381200526,1.5968527154741843,-1.229141635084075,,2.0151247489955626,0.14112269970955987
2020-12-02,Cancabato Bay,29.651631206274033,32.273323740810156,-0.004272591322660446,-0.012817773967981339,7.171850070357323,0.8948651,0.0,0.24018315876237958,0.5177596337416894,,0.5707565050749775,0.13405293890460962
2020-12-03,Cancabato Bay,29.776146724820137,32.30689410120249,-0.05249183624982834,0.0030518509447574615,7.171850070357323,0.95982933,0.0,-1.6228542164859607,1.088294671847986,,1.953980834281385,0.12698317809965937
2020-12-04,Cancabato Bay,29.69997252523899,32.323679281398654,-0.06591998040676117,-0.004272591322660446,7.171850070357323,1.764025,7.027013917319692,-1.5174566704231696,0.279147815638256,,1.5429187436762124,0.11991341729470908
2020-12-05,Cancabato Bay,29.78933072090149,32.32673113234341,-0.09216589853167534,-0.02136295661330223,7.171850070357323,2.1848593,1.6002582284970026,-1.2030693326488768,-0.1335628486775614,,1.2104605956854106,0.11284365648975882
2020-12-06,Cancabato Bay,29.632587656378746,32.24280523136258,-0.09460737928748131,-0.014038514345884323,7.171850070357323,1.7146544,39.34113496408676,-1.9660663714885829,-0.2205399876793033,,1.9783970438877707,0.10577389568480854
2020-12-07,Cancabato Bay,29.53590501844883,32.22296820022166,-0.079348124563694,0.0024414807558059692,7.171850070357323,1.1722169,14.161830016980156,-3.179280964654652,1.4655610184714658,,3.5008136984247726,0.09870413487985827
2020-12-08,Cancabato Bay,29.488296143710613,32.21076079644263,-0.08178960531949997,-0.0024414807558059692,7.171850070357323,0.4515004,6.460923531565804,-2.2715114074481453,0.2417378010334554,,2.2843382496065563,0.091634374074908
2020-12-09,Cancabato Bay,29.260505989193916,32.20770894549787,-0.04943998530507088,0.0006103701889514923,7.171850070357323,0.45818755,9.83528374102169,-1.7042362612316526,0.7182768932746997,,1.8494169160871208,0.08456461326995773
2020-12-10,Cancabato Bay,29.34327218681574,32.24585708230734,-0.04150517284870148,0.003662221133708954,7.171850070357323,1.6891679,0.38579962124078043,-2.268865343438861,0.8322547379253806,,2.416691518472555,0.07749485246500745
2020-12-11,Cancabato Bay,29.45899837464094,32.26569411344826,-0.038453321903944016,-0.003662221133708954,7.171850070357323,0.5105002,0.4276663502946068,-2.120370813318201,-0.024255955155932846,,2.12050954662605,0.0704250916600572
2020-12-12,Cancabato Bay,29.63478498905897,32.261116337031126,-0.032959990203380585,-0.01342814415693283,7.171850070357323,2.0643759,0.0,-1.7167614262493414,-0.31080605224253366,0.06335533085510693,1.7446690794440822,0.06335533085510693
2020-12-13,Cancabato Bay,29.75344095379114,32.2916348464787,-0.02868739888072014,-0.009155552834272385,7.171850070357323,3.800468,0.0,-1.6623354588184989,-0.399087714361357,,1.7095701744589138,0.07150138619144118
2020-12-14,Cancabato Bay,29.628925435245037,32.2702718898654,-0.03784295171499252,-0.0079348124563694,7.171850070357323,3.3057404,38.330978289960676,-2.153459687766096,-0.37090784808344146,,2.1851684737345862,0.07964744152777543
2020-12-15,Cancabato Bay,29.612079218029976,32.28247929364443,-0.051271095871925354,-0.01037629321217537,7.171850070357323,1.5916778,7.710738265857149,-2.444418095005773,-0.9833764358270689,,2.6348072107331877,0.08779349686410967
2020-12-16,Cancabato Bay,29.345469519495964,32.25501263514161,-0.059816278517246246,-0.011597033590078354,7.171850070357323,1.4503286,0.0,-2.615401537871631,-1.80852088633022,,3.179791345449248,0.09593955220044392
2020-12-17,Cancabato Bay,29.27002776414156,32.26874596439302,-0.07080294191837311,-0.012207403779029846,7.171850070357323,0.46922404,35.48934001739795,-3.261239394383773,-1.7923661042207053,,3.7213248499747973,0.10408560753677817
2020-12-18,Cancabato Bay,28.846675001084805,32.11462749168277,-0.11169774457812309,-0.008545182645320892,7.171850070357323,1.2307605,72.68266059948614,-4.97594724397622,-0.536694147234895,,5.004806847672619,0.11223166287311243
2020-12-19,Cancabato Bay,28.506088435649872,31.940671987831593,-0.11169774457812309,-0.0030518509447574615,7.171850070357323,1.4238286,23.289062210546135,-4.072359521715601,1.5461138185878687,,4.355982095249713,0.12037771820944668
2020-12-20,Cancabato Bay,28.524399541318417,31.939146062359214,-0.07629627361893654,-0.0006103701889514923,7.171850070357323,1.4670314,0.0,-3.0420259009830737,0.7944668390701869,,3.1440577508426997,0.12852377354578093
2020-12-21,Cancabato Bay,28.670888386666775,31.975768273696303,-0.05371257662773132,-0.0006103701889514923,7.171850070357323,2.7131627,0.0,-3.0663715071423714,0.7803894497831085,,3.164117872827648,0.13666982888211518
2020-12-22,Cancabato Bay,28.75145725160837,32.010864559561014,-0.040894802659749985,0.001831110566854477,7.171850070357323,3.5706441,4.929127774680385,-2.692416286490536,0.9015241841791849,0.14481588421844943,2.8393399434409807,0.14481588421844943
2020-12-23,Cancabato Bay,28.86132388561964,32.056642323732376,-0.03723258152604103,-0.006714072078466415,7.171850070357323,1.9667461,0.0,-2.4840009702108397,-0.34902082678626767,,2.5084011556246266,0.1570022154720914
2020-12-24,Cancabato Bay,29.034913167357445,32.09936823695898,-0.02685628831386566,-0.016479995101690292,7.171850070357323,2.4661589,0.0,-1.8153700381896047,-0.8406699371822548,,2.0005734974847944,0.16918854672573333
2020-12-25,Cancabato Bay,28.854731887578964,32.08716083317995,-0.03234962001442909,-0.016479995101690292,7.171850070357323,2.4661572,17.909515907970103,-2.185165742165664,-1.4335087326553848,,2.613407087947391,0.1813748779793753
2020-12-26,Cancabato Bay,28.629871509969234,31.97882012464106,-0.038453321903944016,0.0006103701889514923,7.171850070357323,1.5005282,29.21359964376822,-2.3531503683977135,0.9244106325328859,,2.5282111608467646,0.19356120923301723
2020-12-27,Cancabato Bay,28.451155118644238,31.958983093500137,0.004272591322660446,0.0006103701889514923,7.171850070357323,1.438322,15.354181236352405,-1.571003015720423,1.1116977382350612,,1.9245576989530904,0.2057475404866592
2020-12-28,Cancabato Bay,28.410138241946697,31.98034605011344,-0.001831110566854477,0.0030518509447574615,7.171850070357323,1.0392241,22.47073442867389,-1.6359685416804308,1.0854972954792137,,1.9633383426859168,0.21793387174030115
2020-12-29,Cancabato Bay,28.64891505986452,31.952879391610622,-0.02685628831386566,-0.027466658502817154,7.171850070357323,1.4502937,1.2269712149525605,-1.1378302817588097,-0.14044749144732363,,1.1464655459023523,0.2301202029939431
2020-12-30,Cancabato Bay,28.679677717387676,31.99255345389247,-0.056764427572488785,-0.027466658502817154,7.171850070357323,2.3129845,20.169162488212223,-2.01313545910969,-0.40133367765580413,,2.052750130324077,0.24230653424758505
2020-12-31,Cancabato Bay,28.700918599963188,32.01849418692291,-0.04943998530507088,-0.017090365290641785,7.171850070357323,0.55554825,14.980490506266634,-2.5397705973144706,-0.7197464988974619,,2.639785921179643,0.254492865501227
2021-01-01,Cancabato Bay,28.792474128305912,32.05359047278762,-0.043946653604507446,-0.02075258642435074,7.171850070357323,1.4689571,10.193267290584577,-2.4713329311385395,-1.218153888564045,0.26667919675486895,2.755246876915662,0.26667919675486895
2021-01-02,Cancabato Bay,28.44016845524311,31.9330423604697,-0.0634784996509552,-0.022583696991205215,7.171850070357323,1.4689571,47.4819029299215,-2.922356182473117,-0.9322464243317621,,3.0674499267173383,0.3115604364201751
2021-01-03,Cancabato Bay,28.422589793801308,31.937620136886835,-0.05249183624982834,-0.009765923023223877,7.171850070357323,1.6290485,22.267489832430222,-2.8655250388883666,-0.3969552790658748,,2.8928890822280833,0.3564416760854812
2021-01-04,Cancabato Bay,28.543443091213703,31.96661272086203,-0.051271095871925354,-0.014648884534835815,7.171850070357323,2.9254909,8.457328778105422,-3.0110590651228626,-0.6190839090256969,,3.074043197496272,0.4013229157507874
2021-01-05,Cancabato Bay,28.649647504091263,32.01696826145053,-0.03906369209289551,-0.01037629321217537,7.171850070357323,2.7241845,0.0,-2.775120575892289,-0.6882965324326513,,2.8592037925442746,0.4462041554160935
2021-01-06,Cancabato Bay,28.76683858036995,32.05359047278762,-0.03234962001442909,-0.014038514345884323,7.171850070357323,1.4549006,3.233379220810181,-2.2568739686504635,-1.0071900677642416,0.49108539508139964,2.4714190140433554,0.49108539508139964
2021-01-07,Cancabato Bay,28.57127597182989,32.033753441646695,-0.040894802659749985,-0.02136295661330223,7.171850070357323,1.4524577,54.48446883789648,-2.181604772854358,-0.9882066167786039,,2.3949846977352336,0.4836568860180708
2021-01-08,Cancabato Bay,28.41966001689434,31.949827540665865,-0.054322946816682816,-0.017090365290641785,7.171850070357323,1.1319015,18.161489364819026,-2.182253295264417,0.04629139714054876,,2.1827442218779622,0.47622837695474185
2021-01-09,Cancabato Bay,28.44822534173727,31.95593124255538,-0.03906369209289551,-0.02624591812491417,7.171850070357323,1.1800778,27.203185587264482,-1.5062289922555179,-0.005411569172803456,,1.5062387135484152,0.468799867891413
2021-01-10,Cancabato Bay,28.368388921022415,31.96966457180679,-0.08423108607530594,-0.03906369209289551,7.171850070357323,1.1799649,32.41051511185619,-2.7994233821164825,-2.1851024619424333,,3.5512595007303207,0.46137135882808405
2021-01-11,Cancabato Bay,28.224829852581024,31.98034605011344,-0.07629627361893654,-0.035401470959186554,7.171850070357323,1.1799798,39.96379602450533,-2.2534285717402636,-2.563791827093677,,3.4133515583085927,0.4539428497647552
2021-01-12,Cancabato Bay,27.906216613948345,32.01696826145053,-0.06469924002885818,-0.02624591812491417,7.171850070357323,0.96196353,76.60186785859423,-1.0505589177631072,-3.6682224266797303,,3.8156951937081818,0.44651434070142626
2021-01-13,Cancabato Bay,27.702597118914127,32.08716083317995,-0.0634784996509552,-0.01831110566854477,7.171850070357323,1.2819831,63.54274721724537,-1.5869516763491072,-1.6321702926531763,,2.276487532864346,0.4390858316380974
2021-01-14,Cancabato Bay,28.04318368434906,32.11004971526563,-0.07995849475264549,-0.03234962001442909,7.171850070357323,1.2762692,0.0,-1.3025686255666722,-0.1380041637220182,,1.3098588372474582,0.43165732257476847
2021-01-15,Cancabato Bay,28.142796099185944,32.068849727511406,-0.07202368229627609,-0.0872829370200634,7.171850070357323,3.4654715,0.960984610901854,-0.5619611751127255,-0.6356124841304983,,0.8484123951927024,0.4242288135114396
2021-01-16,Cancabato Bay,28.196996971964836,32.0764793548733,-0.11047700420022011,-0.02075258642435074,7.171850070357323,2.491653,6.5109031482245605,-2.117407068916544,0.04084636667193869,,2.1178010107581047,0.41680030444811067
2021-01-17,Cancabato Bay,28.322977378964424,32.11462749168277,-0.11230811476707458,-0.032959990203380585,7.171850070357323,2.324877,23.08074054169579,-2.6274523643622305,-1.1875771623639209,,2.883373968731947,0.4093717953847818
2021-01-18,Cancabato Bay,27.975798815488815,31.95593124255538,-0.12573625892400742,-0.029908139258623123,7.171850070357323,2.3266277,87.77337597734251,-3.3092437029490713,-1.0484015663767776,,3.47134552153619,0.4019432863214529
2021-01-19,Cancabato Bay,27.94137393683195,31.87047941610217,-0.12207403779029846,0.0030518509447574615,7.171850070357323,2.0358481,24.44289040489319,-3.2899285004689145,2.2264750875923314,,3.9725081313783264,0.394514777258124
2021-01-20,Cancabato Bay,28.105441443622112,31.946775689721107,-0.09399700909852982,0.001831110566854477,7.171850070357323,1.8982695,11.886687967343073,-2.262141792789071,1.7756926880667079,,2.8758251012772877,0.3870862681947951
2021-01-21,Cancabato Bay,28.19040497392416,32.009338634088635,-0.06836146116256714,0.006714072078466415,7.171850070357323,0.94329154,0.44934161554891083,-2.211530382293398,1.7075140816864114,,2.7940062582185052,0.3796577591314662
2021-01-22,Cancabato Bay,28.416730239987373,32.08868675865233,-0.059205908328294754,0.001831110566854477,7.171850070357323,2.699787,0.0,-1.7622717401947758,1.097128455785935,,2.075883555208325,0.3722292500681373
2021-01-23,Cancabato Bay,28.651112392544746,32.190923765301704,-0.04272591322660446,-0.0048829615116119385,7.171850070357323,2.2649422,0.0,-0.8573869648803654,0.6795471181052196,,1.0940277388036714,0.3648007410048084
2021-01-24,Cancabato Bay,28.911862537264824,32.273323740810156,-0.05737479776144028,-0.023194067180156708,7.171850070357323,2.289335,0.0,-1.8627599952787637,-0.4290596528151316,,1.9115352431186774,0.3573722319414795
2021-01-25,Cancabato Bay,28.89794609695673,32.35267186537385,-0.054322946816682816,-0.02136295661330223,7.171850070357323,0.80831254,0.0,-2.3956949657423445,-1.1505331891765493,,2.657645760495551,0.3499437228781506
2021-01-26,Cancabato Bay,28.911862537264824,32.432019989937544,-0.03906369209289551,-0.022583696991205215,7.171850070357323,0.83144534,45.55920082311661,-2.0182006701114528,-1.259152495467269,,2.3787809801828685,0.34251521381482175
2021-01-27,Cancabato Bay,28.878902547061443,32.48847923241556,-0.04577776417136192,-0.012817773967981339,7.171850070357323,0.42249027,0.0,-2.741764477478436,-0.7995935419355372,,2.855980091364017,0.3350867047514928
2021-01-28,Cancabato Bay,28.744132809340954,32.52967922016978,-0.04699850454926491,-0.01892147585749626,7.171850070357323,0.90582454,12.429313705371213,-2.1188732393621215,-2.1207414757822645,,2.9978606057633943,0.3276581956881639
2021-01-29,Cancabato Bay,28.514877766370773,32.59681994095445,-0.06653035059571266,-0.01892147585749626,7.171850070357323,0.89919674,0.0,-3.661794742664418,-3.1491514441597466,,4.829688970902597,0.32022968662483503
2021-01-30,Cancabato Bay,28.187475197017193,32.64412363059819,-0.09704886004328728,-0.021973326802253723,7.171850070357323,0.77827686,22.779600411558306,-3.79406750926412,-3.267354366437314,,5.007050311384002,0.31280117756150616
2021-01-31,Cancabato Bay,27.991180144250393,32.7005828730762,-0.10620441287755966,-0.019531846046447754,7.171850070357323,0.7588362,0.0,-3.185392628258001,-2.6191325307746056,,4.123903661571425,0.30537266849817724
2021-02-01,Cancabato Bay,27.862269960343838,32.718893978744745,-0.11719107627868652,-0.017700735479593277,7.171850070357323,0.6018931,41.687240417772976,-2.769996129769766,-1.7152977536362959,,3.258086085813143,0.2979441594348483
2021-02-02,Cancabato Bay,27.857875294983387,32.708212500438094,-0.13977477326989174,-0.017090365290641785,7.171850070357323,1.0802143,0.0,-2.6317759553729103,-1.255204981759614,,2.9157819235177977,0.29051565037151944
2021-02-03,Cancabato Bay,27.929654829204082,32.74025693535805,-0.13306070119142532,-0.019531846046447754,7.171850070357323,1.0774457,0.0,-2.946095819312449,-2.1201562198267494,,3.6296753261194508,0.28308714130819057
2021-02-04,Cancabato Bay,28.061494790017605,32.77382729575038,-0.12024292722344398,-0.015259254723787308,7.171850070357323,2.2207422,0.0,-3.153720704587786,-1.2673632643134138,,3.398847440865335,0.27565863224486165
2021-02-05,Cancabato Bay,28.164036981761456,32.78756062500179,-0.11169774457812309,-0.009155552834272385,7.171850070357323,1.2334384,0.0,-2.8279651025889736,-0.2528030153344151,,2.8392421499448117,0.2682301231815327
2021-02-06,Cancabato Bay,28.33396404236555,32.8226569108665,-0.10803552344441414,-0.017090365290641785,7.171850070357323,1.7623353,0.0,-3.07584731951683,-1.2514599090802199,,3.3206909878839883,0.26080161411820385
2021-02-07,Cancabato Bay,28.265846729278564,32.65175325796008,-0.1342814415693283,-0.027466658502817154,7.171850070357323,1.2275816,42.151184429375895,-2.9191572330763003,-1.1852252068655076,,3.1505932365843528,0.253373105054875
2021-02-08,Cancabato Bay,27.76924954354763,32.22449412569404,-0.17090365290641785,-0.039674062281847,7.171850070357323,1.2253511,70.55790843293309,-3.1314334649085778,-1.1942184150397959,,3.3514225588501225,0.24594459599154606
2021-02-09,Cancabato Bay,27.665974907577038,32.13293859735131,-0.1513718068599701,0.006103701889514923,7.171850070357323,0.9286751,66.54441973043326,-3.445452605309402,0.9175479601535987,,3.565534730529963,0.23851608692821719
2021-02-10,Cancabato Bay,27.750205993652344,32.226020051166415,-0.09765923023223877,0.0048829615116119385,7.171850070357323,0.90780056,36.54903562381245,-2.270271055415862,1.5906679202348755,,2.7720669359745616,0.23108757786488826
2021-02-11,Cancabato Bay,27.971404150128365,32.29621262289584,-0.0634784996509552,0.009155552834272385,7.171850070357323,1.0339549,0.0,-1.282697486392784,1.3084265527617276,,1.8322917031876513,0.2236590688015594
2021-02-12,Cancabato Bay,28.38303780555725,32.29010892100632,-0.05798516795039177,-0.010986663401126862,7.171850070357323,1.8241159,0.0,-0.4970825492275537,0.0331027017065988,,0.4981835501166607,0.21623055973823047
2021-02-13,Cancabato Bay,28.52513198554516,32.348094088956714,-0.062257759273052216,-0.023194067180156708,7.171850070357323,8.377692,19.32272215011402,-1.117101856125065,-0.1621565377637899,,1.1288096826735696,0.2088020506749016
2021-02-14,Cancabato Bay,28.576403081417084,32.335886685177684,-0.05615405738353729,-0.05798516795039177,7.171850070357323,8.370655,42.11305614020497,-0.7009319888165819,-0.7701047645426977,,1.0413294393791683,0.20137354161157267
2021-02-15,Cancabato Bay,28.35447248071432,32.24280523136258,-0.06530961021780968,-0.05005035549402237,7.171850070357323,5.098871,31.23217725296752,-1.5841713339937118,-1.4706830107111055,,2.1615983284231364,0.1939450325482438
2021-02-16,Cancabato Bay,28.367656476795673,32.38929407671094,-0.04272591322660446,-0.031128879636526108,7.171850070357323,4.6575747,6.222720210925459,-1.5597995375617604,-1.6447501218905487,,2.266754852390716,0.18651652348491488
2021-02-17,Cancabato Bay,28.38230536133051,32.42439036257565,-0.04272591322660446,-0.03784295171499252,7.171850070357323,3.3638217,8.09507241340491,-1.5942180324410369,-2.564355067029289,,3.019511226135608,0.179088014421586
2021-02-18,Cancabato Bay,28.233619183301926,32.514419965445995,-0.04028443247079849,-0.0238044373691082,7.171850070357323,1.4551938,12.437563716413118,-1.7083843713215359,-4.365094138089492,,4.6874965594183555,0.17165950535825708
2021-02-19,Cancabato Bay,27.844691298902035,32.633442152291536,-0.04821924492716789,-0.0238044373691082,7.171850070357323,1.6601721,29.801223471522714,-2.22574844217708,-4.804925432654611,,5.295400319260556,0.1642309962949282
2021-02-20,Cancabato Bay,27.31440167874098,32.66701251268387,-0.004272591322660446,-0.024414807558059692,7.171850070357323,2.3258054,45.809563530138895,-0.6840282369084049,-4.1357338517167666,,4.191919503177992,0.15680248723159929
2021-02-21,Cancabato Bay,27.070497751235962,32.44727924466133,-0.05310220643877983,-0.036011841148138046,7.171850070357323,2.4938884,89.82130958630255,-2.823692861069265,-1.4762564249582837,,3.1863104691608672,0.14937397816827042
2021-02-22,Cancabato Bay,27.28290657699108,32.5067903380841,-0.039674062281847,0.01037629321217537,7.171850070357323,2.493884,0.0,-2.5941261098521995,1.796983024104139,,3.155731018755458,0.1419454691049415
2021-02-23,Cancabato Bay,27.61397136747837,32.50831626355648,-0.059816278517246246,0.005493331700563431,7.171850070357323,3.188333,0.0,-3.1160816550392507,1.2933229161729771,,3.3738181703183603,0.13451696004161262
2021-02-24,Cancabato Bay,27.890835285186768,32.540360698476434,-0.07080294191837311,-0.004272591322660446,7.171850070357323,0.7980961,0.0,-2.723411579004307,0.37386540376333216,,2.748953613429272,0.1270884509782837
2021-02-25,Cancabato Bay,28.229224517941475,32.57240513339639,-0.06164738908410072,-0.0024414807558059692,7.171850070357323,1.0754503,0.0,-2.0421691122878975,0.7007101449550067,0.11965994191495483,2.1590389969673094,0.11965994191495483
2021-02-26,Cancabato Bay,28.46067689359188,32.551042176783085,-0.06286812946200371,-0.009155552834272385,7.171850070357323,0.40561616,0.0,-1.8179691453871156,0.6576729973790606,,1.933273282560207,0.15845926983476985
2021-02-27,Cancabato Bay,28.67748038470745,32.575456984341145,-0.07019257172942162,-0.01342814415693283,7.171850070357323,0.24668147,0.1525590785395223,-2.245036273003726,0.2694927248565946,,2.261153288888901,0.19725859775458487
2021-02-28,Cancabato Bay,28.728019036352634,32.59529401548207,-0.07690664380788803,-0.016479995101690292,7.171850070357323,0.5281454,4.71032982588576,-2.472889069900636,-0.29719302097460665,,2.4906834491259713,0.23605792567439987
2021-03-01,Cancabato Bay,28.725089259445667,32.62581252492964,-0.07263405248522758,-0.01892147585749626,7.171850070357323,0.3802128,12.092174796631543,-2.105912645850619,-0.40421806099949603,,2.1443554539282306,0.27485725359421487
2021-03-02,Cancabato Bay,28.911130093038082,32.657856959849596,-0.08117923513054848,-0.025635547935962677,7.171850070357323,2.0455916,0.0,-2.2702455884123225,-1.0547633181270373,0.3136565815140299,2.50330595193076,0.3136565815140299
2021-03-03,Cancabato Bay,28.949217192828655,32.70363472402096,-0.09033478796482086,-0.015259254723787308,7.171850070357323,1.511727,0.0,-3.083774148522913,-0.5988648410315988,,3.141385378606391,0.3646126427133016
2021-03-04,Cancabato Bay,28.94775230437517,32.732627307996154,-0.10254219174385071,-0.020142216235399246,7.171850070357323,0.5514931,0.0,-2.8815638453394805,-1.1392392951364358,,3.098592642854271,0.4155687039125734
2021-03-05,Cancabato Bay,28.977782517671585,32.76467174291611,-0.10925626382231712,-0.01892147585749626,7.171850070357323,0.69646615,0.0,-2.7238810709536727,-1.229979369017455,,2.9887083057582426,0.4665247651118451
2021-03-06,Cancabato Bay,28.964598521590233,32.81197543255985,-0.1031525619328022,-0.014648884534835815,7.171850070357323,1.3758981,0.0,-2.897517240193404,-1.2505152216682425,,3.155850832476398,0.5174808263111168
2021-03-07,Cancabato Bay,28.95947141200304,32.85470134578645,-0.09949034079909325,-0.014038514345884323,7.171850070357323,0.36091465,0.0,-3.271828512419561,-1.1017708014769985,0.5684368875103886,3.452355820837253,0.5684368875103886
2021-03-08,Cancabato Bay,28.990234069526196,32.88216800428927,-0.08850367739796638,-0.017090365290641785,7.171850070357323,0.44778225,0.0,-2.2703699295667827,-0.7358421476918848,,2.3866384903040685,0.521187536640698
2021-03-09,Cancabato Bay,28.93896297365427,32.92031614109874,-0.08911404758691788,-0.019531846046447754,7.171850070357323,0.29932088,0.0,-2.9393098791082344,-1.7878958987539817,,3.4403654326545854,0.4739381857710073
2021-03-10,Cancabato Bay,28.81225012242794,32.92794576846063,-0.08545182645320892,-0.019531846046447754,7.171850070357323,0.2968407,19.92384890778758,-2.8214963977731773,-1.9762830539563696,,3.444783974649518,0.42668883490131676
2021-03-11,Cancabato Bay,28.16550187021494,32.4350718408823,-0.15442365780472755,-0.03357036039233208,7.171850070357323,0.32438368,47.774703217771496,-2.9747938983130338,-0.851242447455669,,3.0941901108029506,0.37943948403162614
2021-03-12,Cancabato Bay,28.073213897645473,32.37556074745953,-0.12451551854610443,-0.012817773967981339,7.171850070357323,0.58754915,29.453999309113236,-2.913186127276475,0.5106636375278324,,2.957605579324137,0.3321901331619355
2021-03-13,Cancabato Bay,28.187475197017193,32.06732380203903,-0.09277626872062683,-0.0048829615116119385,7.171850070357323,0.70594305,34.405828189545176,-0.9485418641779269,0.6776364921945214,,1.165728477670436,0.28494078229224495
2021-03-14,Cancabato Bay,28.5258644297719,32.058168249204755,-0.05859553813934326,-0.007324442267417908,7.171850070357323,0.9173873,8.439134830864857,-0.6141982313170669,1.0113864874944427,,1.1832760009563954,0.23769143142255433
2021-03-15,Cancabato Bay,28.97192296385765,32.25348670966923,-0.0952177494764328,-0.0012207403779029846,7.171850070357323,0.87658876,0.0,-1.187104230225568,0.8883187233864727,,1.482675489693686,0.1904420805528637
2021-03-16,Cancabato Bay,29.28247931599617,32.37403482198715,-0.10620441287755966,-0.006103701889514923,7.171850070357323,0.76144,4.435103788924294,-1.5963157940527728,0.5690047767372157,,1.694694825121061,0.1431927296831731
2021-03-17,Cancabato Bay,29.338877521455288,32.419812586158514,-0.10803552344441414,-0.015259254723787308,7.171850070357323,1.8231132,5.099471988388525,-2.125864426708023,0.30802402242443316,0.09594337881348251,2.148063862908447,0.09594337881348251
2021-03-18,Cancabato Bay,29.48243658989668,32.47627182863653,-0.10742515325546265,-0.02075258642435074,7.171850070357323,0.70433867,0.0,-2.38617896681213,-0.13965812905827743,,2.390262423808035,0.10793691500065572
2021-03-19,Cancabato Bay,29.702169857919216,32.538834773004055,-0.09704886004328728,-0.03357036039233208,7.171850070357323,0.41078857,0.0,-2.0477720887591038,-0.42103974244753734,,2.0906087611557336,0.11993045118782891
2021-03-20,Cancabato Bay,29.71169163286686,32.58308661170304,-0.09338663890957832,-0.027466658502817154,7.171850070357323,0.30342644,6.736638883051402,-2.5804327380770102,-0.21364072719053193,,2.5892615696476313,0.1319239873750021
2021-03-21,Cancabato Bay,29.60988188534975,32.60597549378872,-0.09216589853167534,-0.017700735479593277,7.171850070357323,0.28459862,14.983557541149493,-2.6232446898321378,0.2253705761013529,,2.632908011933718,0.14391752356217533
2021-03-22,Cancabato Bay,29.67580186575651,32.670064363628626,-0.10071108117699623,-0.017090365290641785,7.171850070357323,0.34233505,4.804434806774981,-3.213754259595476,-0.15581254701356625,,3.2175291748288655,0.15591105974934855
2021-03-23,Cancabato Bay,29.612811662256718,32.72499768063426,-0.11597033590078354,-0.025635547935962677,7.171850070357323,0.3686746,0.0,-3.814264084235933,-1.0902739789420395,,3.9670275841554576,0.16790459593652174
2021-03-24,Cancabato Bay,29.480239257216454,32.76161989197135,-0.10925626382231712,-0.02075258642435074,7.171850070357323,0.24662098,0.0,-3.3004086041290788,-0.5370834607895155,,3.34382349983711,0.17989813212369493
2021-03-25,Cancabato Bay,29.533707685768604,32.79976802878082,-0.09460737928748131,-0.030518509447574615,7.171850070357323,0.3324718,12.826915163582507,-2.323313610634702,-0.7949283841191055,,2.455544190039892,0.19189166831086812
2021-03-26,Cancabato Bay,29.64650409668684,32.86690874956548,-0.09033478796482086,-0.02624591812491417,7.171850070357323,0.68259865,0.0,-2.489162358270558,-0.5357577761096914,,2.5461668524456615,0.20388520449804134
2021-03-27,Cancabato Bay,29.767357394099236,32.92641984298825,-0.09155552834272385,-0.025635547935962677,7.171850070357323,0.32279235,0.0,-2.2230633312462382,-0.18524118239732562,,2.2307677759882543,0.21587874068521457
2021-03-28,Cancabato Bay,29.905789352953434,32.98898278735578,-0.10864589363336563,-0.0238044373691082,7.171850070357323,0.30813435,0.5562550153214331,-2.501243970222853,-0.23240132066387864,,2.512017470564744,0.22787227687238776
2021-03-29,Cancabato Bay,30.00173954665661,33.05154573172331,-0.13733329251408577,-0.028077028691768646,7.171850070357323,0.2710413,4.759331320802244,-2.2148247254200473,-0.4068775736561382,,2.251887635801639,0.23986581305956095
2021-03-30,Cancabato Bay,30.033234648406506,33.079012390226126,-0.16968291252851486,-0.023194067180156708,7.171850070357323,0.3432185,27.28301877944995,-2.4374865331229016,-0.043723620782412896,,2.4378786586230716,0.25185934924673414
2021-03-31,Cancabato Bay,29.919705793261528,33.11105682514608,-0.15991698950529099,-0.01342814415693283,7.171850070357323,0.5002871,15.607296869015922,-2.7228201198423676,0.026755508965668272,,2.7229515717835335,0.26385288543390734
2021-04-01,Cancabato Bay,29.87575913965702,33.17056791856885,-0.1348918117582798,-0.017090365290641785,7.171850070357323,0.8728164,0.0,-2.805070687618066,-1.0228949792667634,0.2758464216210806,2.985755465731118,0.2758464216210806
2021-04-02,Cancabato Bay,29.95706044882536,33.23923456482589,-0.11535996571183205,-0.012207403779029846,7.171850070357323,1.7376132,0.0,-2.7299995911427035,-0.6230497201338848,,2.8001944077864023,0.3215028303815597
2021-04-03,Cancabato Bay,30.081575967371464,33.29416788183153,-0.10071108117699623,-0.012817773967981339,7.171850070357323,1.3207377,0.0,-2.0842501207872908,-0.6832360445310294,,2.1933786856236757,0.36715923914203874
2021-04-04,Cancabato Bay,30.162877276539803,33.346049347892404,-0.08789330720901489,-0.02075258642435074,7.171850070357323,0.7074874,0.0,-1.9511203836364825,-1.6408879585645033,,2.549388955025058,0.41281564790251785
2021-04-05,Cancabato Bay,30.2031617090106,33.39945673942566,-0.07263405248522758,-0.021973326802253723,7.171850070357323,0.6535966,0.0,-1.5536517784099269,-1.5650229622569258,,2.2052507161199997,0.45847205666299695
2021-04-06,Cancabato Bay,30.237586587667465,33.439130801707506,-0.0634784996509552,-0.02136295661330223,7.171850070357323,0.65301514,0.0,-1.6127656675646285,-1.3837053762018667,0.504128465423476,2.1250067450728554,0.504128465423476
2021-04-07,Cancabato Bay,30.184850603342056,33.477278938516974,-0.05005035549402237,-0.022583696991205215,7.171850070357323,1.0613719,0.0,-1.0548489607352531,-1.9504912824271647,,2.2174585842329972,0.49182815615726544
2021-04-08,Cancabato Bay,30.237586587667465,33.52000485174358,-0.04699850454926491,-0.02075258642435074,7.171850070357323,0.8916162,0.0,-0.8729122780464792,-1.1521979006148018,,1.4455226900140483,0.4795278468910548
2021-04-09,Cancabato Bay,30.299844346940517,33.548997435718775,-0.051271095871925354,-0.02136295661330223,7.171850070357323,0.7786459,0.0,-1.0585788947986825,-0.8908783191895481,,1.3835654867461802,0.46722753762484426
2021-04-10,Cancabato Bay,30.327677227556705,33.57646409422159,-0.05249183624982834,-0.021973326802253723,7.171850070357323,0.7818846,0.0,-1.15016640380944,-1.3640320373203825,,1.7842270470117678,0.4549272283586337
2021-04-11,Cancabato Bay,30.467574074864388,33.60545667819679,-0.05371257662773132,-0.027466658502817154,7.171850070357323,0.8276843,0.0,-0.6397030421288081,-1.5705461112145989,,1.695828726481584,0.44262691909242313
2021-04-12,Cancabato Bay,30.4976042881608,33.62987148575485,-0.020142216235399246,-0.031128879636526108,7.171850070357323,0.7953113,0.0,0.42346413982578174,-1.7741539753124993,,1.8239912844735673,0.4303266098262125
2021-04-13,Cancabato Bay,30.622119806706905,33.646656665951014,-0.08789330720901489,-0.020142216235399246,7.171850070357323,0.79497176,0.0,-1.156188499572289,-0.4781398273390032,,1.251155282541297,0.41802630056000195
2021-04-14,Cancabato Bay,30.723929554224014,33.58714557252824,-0.11535996571183205,-0.03906369209289551,7.171850070357323,0.80276513,20.66560397894619,-0.883041602575523,-0.994547880530275,,1.3299954731300443,0.4057259912937914
2021-04-15,Cancabato Bay,30.84551529586315,33.60545667819679,-0.1031525619328022,-0.043946653604507446,7.171850070357323,0.5661406,20.00739717635865,-0.008218896116387573,-1.009238512225778,,1.0092719776220254,0.39342568202758077
2021-04-16,Cancabato Bay,30.806695751845837,33.634449262171984,-0.08056886494159698,-0.04272591322660446,7.171850070357323,0.6516389,7.158460132611066,-0.1482903023849985,-1.7747886633041354,,1.7809729961945842,0.3811253727613702
2021-04-17,Cancabato Bay,30.532761611044407,33.62681963481009,0.015259254723787308,-0.011597033590078354,7.171850070357323,0.6424161,23.466241863969795,3.9936624916025556,-3.0387781797586624,,5.01831773830738,0.36882506349515964
2021-04-18,Cancabato Bay,29.456801041960716,33.39030118659139,0.11597033590078354,0.016479995101690292,7.171850070357323,0.4784047,37.545986644757065,7.77439824371091,0.14794752773497283,,7.775805843948148,0.356524754228949
2021-04-19,Cancabato Bay,28.696523934602737,33.285012328997254,0.10864589363336563,0.0158696249127388,7.171850070357323,0.48437104,35.29683544536749,4.391584844891043,0.755010796848966,,4.456013773905462,0.3442244449627385
2021-04-20,Cancabato Bay,28.77929013222456,33.355204900726676,0.06714072078466415,0.012207403779029846,7.171850070357323,0.7464955,0.0,2.086798076845532,1.8092882954295006,,2.7619287372241157,0.3319241356965279
2021-04-21,Cancabato Bay,29.166753128170967,33.368938229978085,0.03234962001442909,0.020142216235399246,7.171850070357323,0.7487776,0.0,0.9991046454345254,1.9676402038943,,2.2067664272663863,0.31962382643031734
2021-04-22,Cancabato Bay,29.55201879143715,33.36436045356095,0.0006103701889514923,0.02075258642435074,7.171850070357323,0.7597234,0.0,0.9635851785254881,1.5166364631467781,,1.796853515905057,0.3073235171641068
2021-04-23,Cancabato Bay,29.866237364709377,33.35215304978192,0.024414807558059692,-0.0012207403779029846,7.171850070357323,0.80736554,0.0,1.783440351320982,0.7436843943337037,,1.9322851666085405,0.29502320789789616
2021-04-24,Cancabato Bay,29.856715589761734,33.367412304505706,0.02929776906967163,-0.017090365290641785,7.171850070357323,0.48298758,0.0,2.1271228323249347,-0.5456308476449602,,2.1959882890625373,0.2827228986316856
2021-04-25,Cancabato Bay,30.12918484210968,33.3964048884809,0.004272591322660446,-0.03784295171499252,7.171850070357323,0.38628232,0.0,0.7047692186756976,-0.9976400288403188,,1.221468492732115,0.27042258936547503
2021-04-26,Cancabato Bay,29.98562577366829,33.404034515842795,-0.0555436871945858,-0.020142216235399246,7.171850070357323,0.3684222,0.0,-1.1377037803524772,-0.6176287336199684,,1.2945405147855835,0.2581222800992644
2021-04-27,Cancabato Bay,30.081575967371464,33.43607895076275,-0.051271095871925354,-0.012817773967981339,7.171850070357323,0.9188085,0.0,-1.890649556287526,-0.5809631717758548,,1.97789634502167,0.24582197083305385
2021-04-28,Cancabato Bay,30.191442601382732,33.46049375832081,-0.051881466060876846,-0.017700735479593277,7.171850070357323,1.2607757,0.0,-1.2849464441838288,-0.7771526800619588,,1.5016836060063221,0.23352166156684329
2021-04-29,Cancabato Bay,30.508590951561928,33.49406411871314,-0.04516739398241043,-0.022583696991205215,7.171850070357323,1.6399894,0.0,-0.40758939080162343,-0.2547665394379653,,0.48066110838223103,0.22122135230063272
2021-04-30,Cancabato Bay,30.610400699079037,33.52000485174358,-0.06591998040676117,0.004272591322660446,7.171850070357323,0.517514,0.0,-1.3397787622393182,0.2573352653948862,,1.3642685111675694,0.2089210430344221
2021-05-01,Cancabato Bay,30.723197109997272,33.547471510246396,-0.08239997550845146,-0.005493331700563431,7.171850070357323,1.1661938,0.0,-2.273318115132157,0.2273215944096739,0.19662073376821154,2.2846554138147352,0.19662073376821154
2021-05-02,Cancabato Bay,30.622852250933647,33.54289373382926,-0.08911404758691788,-0.014038514345884323,7.171850070357323,0.38064745,3.567391838890295,-2.9085902198409066,-0.4955113466685351,,2.950496324625984,0.21616504398430858
2021-05-03,Cancabato Bay,30.53862116485834,33.55204928666353,-0.09460737928748131,-0.010986663401126862,7.171850070357323,0.36775735,13.234720166118002,-3.4140405709981976,-0.5134473526607239,,3.452434098484141,0.23570935420040562
2021-05-04,Cancabato Bay,30.3906674310565,33.55357521213591,-0.09033478796482086,-0.009765923023223877,7.171850070357323,0.23475376,11.343179035491458,-3.413679188133304,-0.28640986113989986,,3.4256731029175316,0.25525366441650266
2021-05-05,Cancabato Bay,30.40385142713785,33.561204839497805,-0.09460737928748131,-0.01037629321217537,7.171850070357323,0.24809414,0.0,-3.8415858334166586,-0.3757078744269707,,3.8599142636092316,0.2747979746325997
2021-05-06,Cancabato Bay,30.410443425178528,33.571886317804456,-0.07629627361893654,-0.017090365290641785,7.171850070357323,0.42891276,0.0,-2.883550239617183,-0.7210593899614295,0.29434228484869673,2.9723372332640627,0.29434228484869673
2021-05-07,Cancabato Bay,30.55034027248621,33.59477519989014,-0.06042664870619774,-0.012817773967981339,7.171850070357323,0.43854353,4.617079746608918,-2.738710448383376,-0.20356997333296628,,2.7462657653852545,0.2831476120850055
2021-05-08,Cancabato Bay,30.494674511253834,33.56730854138732,-0.04150517284870148,-0.009765923023223877,7.171850070357323,0.43585235,11.24647318136197,-2.1053029687334694,0.05522340157478669,,2.1060271162165622,0.27195293932131426
2021-05-09,Cancabato Bay,30.4485305249691,33.55357521213591,-0.0238044373691082,-0.004272591322660446,7.171850070357323,0.32257035,6.831107628612092,-2.1427665330653767,0.3448362383508715,,2.1703364823236497,0.260758266557623
2021-05-10,Cancabato Bay,30.311563454568386,33.538315957412124,-0.01892147585749626,-0.001831110566854477,7.171850070357323,0.3284286,3.0254718050027427,-2.071445426755867,0.29005299897192804,,2.0916541057833644,0.24956359379393178
2021-05-11,Cancabato Bay,30.3906674310565,33.55662706308067,-0.03784295171499252,0.0024414807558059692,7.171850070357323,0.21007425,8.046142147752805,-2.863523503103276,0.6875027938317582,0.23836892103024054,2.944898460787966,0.23836892103024054
2021-05-12,Cancabato Bay,30.457319855690002,33.559678914025426,-0.04150517284870148,0.0024414807558059692,7.171850070357323,0.27637208,0.0,-2.686934871854229,0.31883721955793504,,2.705785685925945,0.23724883999720883
2021-05-13,Cancabato Bay,30.50199895352125,33.56578261591494,-0.051881466060876846,-0.0079348124563694,7.171850070357323,1.370938,0.0,-3.2603640746894067,0.11206565995942255,,3.2622894739227926,0.2361287589641771
2021-05-14,Cancabato Bay,30.477828294038773,33.538315957412124,-0.04455702379345894,0.0012207403779029846,7.171850070357323,0.7479745,6.119855408470471,-3.2728049832751824,0.4640090009251377,,3.3055342702035944,0.23500867793114538
2021-05-15,Cancabato Bay,30.41117586940527,33.50627152249217,-0.03662221133708954,-0.0048829615116119385,7.171850070357323,0.43364584,13.216430458397912,-2.8728000965149256,0.3063251708115075,,2.8890855828114312,0.23388859689811364
2021-05-16,Cancabato Bay,30.547410495579243,33.51695300079882,-0.03662221133708954,-0.010986663401126862,7.171850070357323,0.68100685,1.7176659952718232,-2.5699185851430424,-0.4412892624257372,,2.6075309676772522,0.23276851586508193
2021-05-17,Cancabato Bay,30.55912960320711,33.49864189513028,-0.04577776417136192,-0.006714072078466415,7.171850070357323,0.48963454,17.43776890873528,-3.2644432223842776,0.1547777916548516,,3.268110419946088,0.23164843483205022
2021-05-18,Cancabato Bay,30.465376742184162,33.477278938516974,-0.05737479776144028,-0.0024414807558059692,7.171850070357323,0.48313096,7.629023273912863,-3.5110175519816784,0.42325862711366474,,3.536437772073695,0.23052835379901848
2021-05-19,Cancabato Bay,30.417035423219204,33.45439005643129,-0.04821924492716789,0.0012207403779029846,7.171850070357323,0.35608864,7.629023273912863,-2.391608727063668,0.7938343605397066,,2.5199137475994258,0.22940827276598677
2021-05-20,Cancabato Bay,30.46391185373068,33.440656727179885,-0.03723258152604103,-0.014648884534835815,7.171850070357323,0.33432248,11.037926690647017,-0.7069937551123465,0.3463373037705275,,0.7872672340132639,0.22828819173295503
2021-05-21,Cancabato Bay,30.720999777317047,33.439130801707506,-0.054322946816682816,-0.048829615116119385,7.171850070357323,0.53942275,3.3641240566302417,-0.3695646578127201,0.25261405982605495,,0.4476515380583814,0.22716811069992332
2021-05-22,Cancabato Bay,31.06524856388569,33.43607895076275,-0.11963255703449249,-0.059205908328294754,7.171850070357323,0.7602972,0.0,0.06350913678947126,-0.13944980491802086,,0.1532307363012325,0.2260480296668916
2021-05-23,Cancabato Bay,31.223456516861916,33.44828635454178,-0.16052735969424248,-0.043336283415555954,7.171850070357323,2.2030172,0.0,-1.0424071131525816,0.013728679975094162,,1.042497513764401,0.22492794863385987
2021-05-24,Cancabato Bay,31.40070801973343,33.44828635454178,-0.1580858789384365,-0.038453321903944016,7.171850070357323,1.1731247,0.0,-0.5955596610122369,-0.03855121325719546,,0.5968060873253659,0.22380786760082816
2021-05-25,Cancabato Bay,31.358226254582405,33.41929377056658,-0.1745658740401268,-0.03906369209289551,7.171850070357323,1.1660615,14.340289350515741,-0.9557714733248028,0.22009211077814594,,0.980785219325946,0.22268778656779642
2021-05-26,Cancabato Bay,31.391186244785786,33.465071534737945,-0.1831110566854477,-0.030518509447574615,7.171850070357323,0.41357693,0.0,-1.7538833243655785,0.35408685146233987,0.2215677055347647,1.7892691842945727,0.2215677055347647
2021-05-27,Cancabato Bay,31.407300017774105,33.49253819324076,-0.17761772498488426,-0.01892147585749626,7.171850070357323,1.6415778,0.0,-2.161326809991285,0.5295206895186297,,2.225247343603715,0.23235004398111977
2021-05-28,Cancabato Bay,31.464430667459965,33.51695300079882,-0.17029328271746635,0.0024414807558059692,7.171850070357323,0.7521712,0.0,-1.1565419759065239,0.6026066030853475,,1.3041181158606103,0.24313238242747484
2021-05-29,Cancabato Bay,31.69148837774992,33.51695300079882,-0.16479995101690292,0.004272591322660446,7.171850070357323,0.613129,2.3586733272662177,-0.3779680195238058,0.29989327677239663,,0.48248917214382475,0.25391472087382994
2021-05-30,Cancabato Bay,31.771324798464775,33.524582628160715,-0.09277626872062683,-0.032959990203380585,7.171850070357323,0.42706487,1.6861405844886463,0.24997810272125154,-0.13883029640781105,,0.2859421323288984,0.264697059320185
2021-05-31,Cancabato Bay,31.832850113511086,33.51542707532644,-0.08056886494159698,-0.06042664870619774,7.171850070357323,0.3097773,20.065195833151336,0.421067569844578,-0.5712670431756125,,0.7096787533760791,0.27547939776654007
2021-06-01,Cancabato Bay,30.978820145130157,32.88979763165116,0.04699850454926491,-0.019531846046447754,7.171850070357323,0.48608053,53.95326285316541,1.7521379648276032,0.34198356575215766,,1.7852003268638441,0.28626173621289513
2021-06-02,Cancabato Bay,30.94659259915352,32.86996060051024,0.046388134360313416,0.021973326802253723,7.171850070357323,2.581248,11.140344299828284,-0.1939242085784873,2.081965417613001,,2.0909774266618157,0.2970440746592502
2021-06-03,Cancabato Bay,31.517166651785374,33.0164494458586,-0.07263405248522758,0.014648884534835815,7.171850070357323,2.5812466,0.0,0.02736842260539158,1.0475511555584673,,1.0479086095971288,0.30782641310560527
2021-06-04,Cancabato Bay,31.187566749751568,33.02407907322049,-0.017090365290641785,-0.02929776906967163,7.171850070357323,2.580482,28.574572898328494,-0.07225182282784212,0.6646910412092907,,0.6686063910596703,0.31860875155196033
2021-06-05,Cancabato Bay,31.033753462135792,32.995086489245296,-0.046388134360313416,-0.015259254723787308,7.171850070357323,0.5793825,11.140344299828284,0.22117454139870726,0.4332662958227534,,0.48645437695522703,0.32939108999831546
2021-06-06,Cancabato Bay,31.079165004193783,32.98135315999389,-0.014038514345884323,-0.04821924492716789,7.171850070357323,1.135174,10.175539717506679,0.5318580005317067,0.1505059701902372,,0.5527431408823538,0.34017342844467047
2021-06-07,Cancabato Bay,31.038880571722984,32.94015317223966,-0.032959990203380585,-0.046388134360313416,7.171850070357323,0.4054824,1.740529907397188,0.11274398747314399,0.3026142849550977,,0.32293437749832316,0.3509557668910256
2021-06-08,Cancabato Bay,31.15973386913538,32.84554579295218,-0.10010071098804474,-0.02136295661330223,7.171850070357323,0.3265729,9.969366360015384,0.09736895588755638,0.3803381048578345,,0.39260385578529666,0.3617381053373806
2021-06-09,Cancabato Bay,31.2249214053154,32.851649494841695,-0.04455702379345894,-0.02624591812491417,7.171850070357323,0.4199667,8.835398040259609,0.3621442661353693,0.2489568086770865,,0.43946326590672474,0.3725204437837357
2021-06-10,Cancabato Bay,31.23297829180956,32.92947169393301,-0.0555436871945858,-0.0024414807558059692,7.171850070357323,0.33811963,8.258851299651516,-0.4401471267315995,1.0417041245716276,0.3833027822300908,1.1308744299521605,0.3833027822300908
2021-06-11,Cancabato Bay,31.13995787501335,32.7509384136647,-0.05249183624982834,0.004272591322660446,7.171850070357323,0.81076646,32.210156940423644,-0.595352219554948,0.7935536214511701,,0.992054240174029,0.377664945088512
2021-06-12,Cancabato Bay,31.034485906362534,32.87148652598262,-0.06591998040676117,-0.006103701889514923,7.171850070357323,0.5875668,16.105078470211822,-0.6343528027621504,0.8787861589637522,,1.083821291338411,0.3720271079469333
2021-06-13,Cancabato Bay,31.236640512943268,32.84859764389694,-0.05737479776144028,-0.023194067180156708,7.171850070357323,0.714578,0.0,0.0870397717111737,0.38700296843566867,,0.39667016454171644,0.3663892708053545
2021-06-14,Cancabato Bay,31.50764487683773,32.935575395822525,-0.04699850454926491,-0.022583696991205215,7.171850070357323,3.3496752,0.9067651791313586,0.26701098244028854,0.8224752192740683,,0.8647313750891977,0.3607514336637757
2021-06-15,Cancabato Bay,31.569902636110783,32.9874568618834,-0.06897183135151863,0.008545182645320892,7.171850070357323,0.634508,0.0,-0.6903622773316529,1.3456660578779052,,1.512420977534763,0.355113596522197
2021-06-16,Cancabato Bay,31.640949726104736,33.04086425341666,-0.08056886494159698,0.010986663401126862,7.171850070357323,1.8399783,0.0,-1.5293823228088363,1.5492744365116278,,2.176984512794837,0.3494757593806182
2021-06-17,Cancabato Bay,31.725913256406784,33.0881679430604,-0.07324442267417908,0.006714072078466415,7.171850070357323,2.6336675,0.0,-1.2226296334763438,1.2271315356715227,,1.7322456599726404,0.3438379222390394
2021-06-18,Cancabato Bay,31.853358551859856,33.127842005342245,-0.06042664870619774,-0.0024414807558059692,7.171850070357323,1.7254055,0.0,-0.08205372402149748,0.9334193220808259,,0.9370189136082712,0.3382000850974607
2021-06-19,Cancabato Bay,31.922208309173584,33.15530866384506,0.021973326802253723,-0.03357036039233208,7.171850070357323,1.8882492,2.2572105075604623,1.0812493661557534,0.6864355664023023,,1.2807396217164002,0.3325622479558819
2021-06-20,Cancabato Bay,31.97714162617922,33.213293831795454,0.003662221133708954,-0.017700735479593277,7.171850070357323,1.901847,9.669115680475207,1.001990785111894,1.0272033265788607,,1.4349676677834338,0.3269244108143031
2021-06-21,Cancabato Bay,31.999847397208214,33.25754567049444,0.0238044373691082,-0.02929776906967163,7.171850070357323,0.8583442,0.0,1.0239216669461115,0.7658400714851799,,1.2786424813583073,0.3212865736727244
2021-06-22,Cancabato Bay,32.139744244515896,33.246864192187786,0.0024414807558059692,-0.014038514345884323,7.171850070357323,0.359375,0.19235543930492463,0.4029284649287396,0.7709132090097324,,0.8698612094325817,0.3156487365311456
2021-06-23,Cancabato Bay,32.12949002534151,33.28806417994201,-0.03357036039233208,0.0,7.171850070357323,0.32342756,6.228210422558526,-0.7544684274611337,1.1511199483972803,,1.3763356217267042,0.31001089938956683
2021-06-24,Cancabato Bay,32.032807387411594,33.26975307427347,-0.029908139258623123,0.0012207403779029846,7.171850070357323,0.85921603,11.044156645814452,-0.12031579452729661,0.5024267835467263,,0.516631941751421,0.3043730622479881
2021-06-25,Cancabato Bay,32.217383332550526,33.259071595966816,-0.02929776906967163,-0.027466658502817154,7.171850070357323,1.1673928,5.425900603254764,-0.35746900179998026,0.3834500302891721,0.2987352251064093,0.5242308775498075,0.2987352251064093
2021-06-26,Cancabato Bay,32.1749015673995,33.3033234346658,-0.06469924002885818,-0.015259254723787308,7.171850070357323,1.1656888,7.631624614087919,-0.7399639571117843,0.3486332870240189,,0.8179803338991118,0.28756356834637975
2021-06-27,Cancabato Bay,32.086275815963745,33.332316018640995,-0.05310220643877983,-0.009765923023223877,7.171850070357323,0.63645566,1.0517095704429067,-1.2370927233045,0.9761968336415968,,1.5758675909050301,0.2763919115863502
2021-06-28,Cancabato Bay,32.01815850287676,33.37351600639522,-0.040894802659749985,0.0024414807558059692,7.171850070357323,1.8303539,0.0,-1.2632900201908077,1.2599482176127077,,1.7842004332975403,0.2652202548263206
2021-06-29,Cancabato Bay,32.208594001829624,33.417767845094204,-0.02868739888072014,-0.0024414807558059692,7.171850070357323,2.088701,0.5007343398877226,-0.6058365854222331,0.8947614071467755,,1.0805720447778338,0.254048598066291
2021-06-30,Cancabato Bay,32.32578507810831,33.45591598190367,-0.04699850454926491,-0.008545182645320892,7.171850070357323,1.834525,0.0,-0.6065454871584567,0.5619018963727646,0.24287694130626142,0.8268199133666282,0.24287694130626142
2021-07-01,Cancabato Bay,32.43125704675913,33.465071534737945,-0.05066072568297386,-0.051271095871925354,7.171850070357323,1.5561702,4.025897898232214,-0.05414608483723169,-0.035546343660872316,,0.06477145243745526,0.24235189904893562
2021-07-02,Cancabato Bay,32.18588823080063,33.45744190737605,-0.0238044373691082,-0.08178960531949997,7.171850070357323,0.65996045,16.35039060793746,0.30085393060132143,-0.7295304600981539,,0.7891310282641842,0.2418268567916098
2021-07-03,Cancabato Bay,31.93758963793516,33.38572341017425,-0.01342814415693283,-0.07202368229627609,7.171850070357323,0.5785016,0.0,0.690218318552364,0.5873137422785469,,0.9062774184180493,0.241301814534284
2021-07-04,Cancabato Bay,31.857753217220306,33.40861229225993,-0.003662221133708954,0.0,7.171850070357323,0.5060121,0.0,0.6657228450021725,1.6736845565905167,,1.8012237232857504,0.24077677227695823
2021-07-05,Cancabato Bay,31.706137262284756,33.36436045356095,-0.027466658502817154,0.017090365290641785,7.171850070357323,0.4045909,10.627469081086474,-0.7520416985210192,1.7374081191137611,,1.893186120981452,0.24025173001963243
2021-07-06,Cancabato Bay,31.595538184046745,33.36283452808857,-0.04943998530507088,-0.020142216235399246,7.171850070357323,0.43340096,7.106604407770566,-0.997561650618749,0.15934030487565473,,1.010207196342943,0.23972668776230663
2021-07-07,Cancabato Bay,31.539139978587627,33.37809378281236,-0.06897183135151863,-0.024414807558059692,7.171850070357323,0.34896776,7.981699802624152,-1.932442249836506,0.03236818944204484,,1.9327133125843918,0.23920164550498083
2021-07-08,Cancabato Bay,31.451246671378613,33.39030118659139,-0.07568590342998505,-0.012817773967981339,7.171850070357323,0.26928738,16.479896627675995,-2.5126680927977167,0.5241966135481484,,2.566765091358978,0.23867660324765502
2021-07-09,Cancabato Bay,31.370677806437016,33.40250859037042,-0.08362071588635445,-0.007324442267417908,7.171850070357323,0.32702535,7.78756273668795,-2.347743231970985,0.5217522888047009,,2.4050205267603246,0.23815156099032922
2021-07-10,Cancabato Bay,31.16779075562954,33.39030118659139,-0.07629627361893654,-0.006103701889514923,7.171850070357323,0.29087633,7.544152076251971,-2.0719415889818418,0.5493168133625288,,2.143523013544609,0.23762651873300342
2021-07-11,Cancabato Bay,31.18097475171089,33.405560441315174,-0.08850367739796638,-0.0006103701889514923,7.171850070357323,0.23700634,0.9485332196512924,-2.222884864392967,0.581145125025826,,2.2975958688787337,0.2371014764756776
2021-07-12,Cancabato Bay,31.24909206479788,33.43150117434561,-0.08056886494159698,-0.007324442267417908,7.171850070357323,0.43995005,0.0,-1.6263944348718369,0.3274794136522328,,1.6590363540766946,0.23657643421835184
2021-07-13,Cancabato Bay,31.24103517830372,33.416241919621825,-0.05371257662773132,-0.017090365290641785,7.171850070357323,0.5026211,12.210891703828075,-0.4683773893769163,0.26479481317947967,,0.5380461615570648,0.23605139196102604
2021-07-14,Cancabato Bay,31.42634356766939,33.440656727179885,-0.05615405738353729,-0.0238044373691082,7.171850070357323,1.1348947,3.2845692817395493,-0.3328053308541132,0.5712833573895862,,0.6611535847858904,0.23552634970370023
2021-07-15,Cancabato Bay,31.606524847447872,33.42081969603896,0.008545182645320892,-0.059816278517246246,7.171850070357323,0.99060196,9.668234701735525,0.8857230743598542,0.34496240484766844,0.23500130744637443,0.9505284978430466,0.23500130744637443
2021-07-16,Cancabato Bay,31.61018706858158,33.4253974724561,0.025635547935962677,-0.04577776417136192,7.171850070357323,0.65106297,3.7243923021200755,1.5318804688254306,0.6551388802002969,,1.6660926514209586,0.23536647875285274
2021-07-17,Cancabato Bay,31.525955982506275,33.4681233856827,0.043336283415555954,-0.0079348124563694,7.171850070357323,0.47437727,1.1620994185487303,1.266544962843562,1.6073846515206986,,2.0464167612802426,0.23573165005933108
2021-07-18,Cancabato Bay,31.53987242281437,33.50932337343693,0.059205908328294754,-0.008545182645320892,7.171850070357323,0.4456547,0.3265235858222547,1.110553956907488,1.3641667784045164,,1.7590568752901186,0.2360968213658094
2021-07-19,Cancabato Bay,31.562578193843365,33.559678914025426,0.06714072078466415,0.006714072078466415,7.171850070357323,0.44784755,0.0,1.6394818760446046,1.8592725543343573,,2.478869753169727,0.2364619926722877
2021-07-20,Cancabato Bay,31.49958799034357,33.61766408197582,0.07751701399683952,0.01037629321217537,7.171850070357323,0.28964493,8.234576655652958,2.7505783998379676,2.0037935976619723,,3.4030677800605593,0.23682716397876602
2021-07-21,Cancabato Bay,31.355296477675438,33.681752951815724,0.08178960531949997,0.012207403779029846,7.171850070357323,0.32649672,0.15511272433466805,3.5455915508768148,2.199871532028667,,4.172607602336842,0.23719233528524436
2021-07-22,Cancabato Bay,31.178044974803925,33.75804922543466,0.09216589853167534,0.01892147585749626,7.171850070357323,0.500486,0.0,4.040315532441998,2.952353963677893,,5.004052710407499,0.23755750659172267
2021-07-23,Cancabato Bay,30.96710103750229,33.83129364810884,0.09277626872062683,0.01892147585749626,7.171850070357323,2.3950617,5.616758072338165,3.555488777204705,2.997246214109251,,4.650267230259015,0.23792267789820098
2021-07-24,Cancabato Bay,30.956846818327904,33.88927881605923,0.09338663890957832,0.014038514345884323,7.171850070357323,2.4047868,0.0,3.1405955517531594,2.61958301342726,,4.089688934861473,0.23828784920467933
2021-07-25,Cancabato Bay,31.051332123577595,33.93810843117535,0.08362071588635445,0.007324442267417908,7.171850070357323,1.1948497,0.0,2.6034904796329816,1.7179239507249113,0.23865302051115764,3.119202683060827,0.23865302051115764
2021-07-26,Cancabato Bay,31.19196141511202,33.97625656798482,0.07202368229627609,0.01037629321217537,7.171850070357323,1.966923,0.0,2.214928946667991,1.9319314430150458,,2.9390932852323646,0.23650730492615268
2021-07-27,Cancabato Bay,31.190496526658535,34.00982692837715,0.05737479776144028,0.014648884534835815,7.171850070357323,1.9674258,0.0,2.6814215786326536,2.550866194205351,,3.700937722131585,0.2343615893411477
2021-07-28,Cancabato Bay,31.22931607067585,34.040345437824726,0.02136295661330223,0.012817773967981339,7.171850070357323,2.2568412,0.0,1.808664737383304,2.1910215183063313,,2.841098982072817,0.23221587375614275
2021-07-29,Cancabato Bay,31.500320434570312,34.064760245382786,0.0079348124563694,0.0024414807558059692,7.171850070357323,0.6621952,0.0,1.4606076295834596,1.3054360655775576,,1.958963493510797,0.2300701581711378
2021-07-30,Cancabato Bay,31.78597368299961,34.08459727652371,0.024414807558059692,-0.012817773967981339,7.171850070357323,0.5414417,0.0,1.6425647458018982,1.0686872742362763,,1.9596202270505927,0.2279244425861328
2021-07-31,Cancabato Bay,31.88338876515627,34.102908382192254,0.04455702379345894,-0.021973326802253723,7.171850070357323,0.63520885,0.6150246456789132,2.0010897803179906,1.2690379847057094,,2.3695606587549163,0.22577872700112786
2021-08-01,Cancabato Bay,31.926602974534035,34.124271338805556,0.04211554303765297,-0.017700735479593277,7.171850070357323,1.0870999,0.0,2.344800583400361,1.27888258603903,,2.6708857041791494,0.2236330114161229
2021-08-02,Cancabato Bay,31.89584031701088,34.150212071835995,0.04516739398241043,-0.0024414807558059692,7.171850070357323,1.3932664,0.0,2.5343585504508503,1.7805336934089884,,3.097301001776868,0.22148729583111793
2021-08-03,Cancabato Bay,31.755943469703197,34.173100953921676,0.03418073058128357,0.006103701889514923,7.171850070357323,1.369709,0.34697066328396053,2.1192002013363562,1.977660900837666,,2.8986466035110423,0.21934158024611297
2021-08-04,Cancabato Bay,31.74935147166252,34.19141205959022,0.02685628831386566,0.012817773967981339,7.171850070357323,0.7051,0.0,1.0972482738992753,2.1182430868309625,,2.3855623130578887,0.217195864661108
2021-08-05,Cancabato Bay,31.93319497257471,34.21277501620352,0.008545182645320892,0.019531846046447754,7.171850070357323,0.5665407,0.0,0.9505503088972481,1.7440316213639513,,1.986250786296138,0.21505014907610304
2021-08-06,Cancabato Bay,32.12875758111477,34.232612047344446,0.0079348124563694,0.009765923023223877,7.171850070357323,0.8604038,0.0,1.0464352898301417,1.5045958047487031,,1.8327125665169894,0.21290443349109808
2021-08-07,Cancabato Bay,32.344096183776855,34.246345376595855,-0.027466658502817154,0.009155552834272385,7.171850070357323,1.3293589,3.138749957465516,0.4022686848824395,1.1280524561052154,,1.197632012999843,0.2107587179060931
2021-08-08,Cancabato Bay,32.33750418573618,34.14716022089124,-0.01037629321217537,-0.006103701889514923,7.171850070357323,1.4685422,7.201541487020427,0.3198902961094733,0.5021052688229413,,0.5953482195528635,0.20861300232108815
2021-08-09,Cancabato Bay,31.742027029395103,34.054078767076135,0.02929776906967163,-0.04272591322660446,7.171850070357323,1.242885,23.383928524419524,1.2991981004065967,0.41240791361335805,,1.3630832664628498,0.20646728673608317
2021-08-10,Cancabato Bay,31.665120385587215,34.04492321424186,-0.020142216235399246,-0.025025177747011185,7.171850070357323,3.0597804,3.817784558850737,0.10323038715830464,1.2040321320247143,,1.2084493732800032,0.2043215711510782
2021-08-11,Cancabato Bay,31.750816360116005,34.08001950010657,-0.059205908328294754,0.01342814415693283,7.171850070357323,3.714352,0.0,-1.1021991781726888,0.9479714204929641,,1.4537856934349018,0.20217585556607326
2021-08-12,Cancabato Bay,31.843836776912212,34.076967649161816,-0.07751701399683952,-0.011597033590078354,7.171850070357323,1.2762679,0.0,-1.4344031615245147,0.05718850786566431,,1.4355427389051936,0.20003013998106828
2021-08-13,Cancabato Bay,31.843836776912212,34.015930630266666,-0.06530961021780968,-0.023194067180156708,7.171850070357323,0.47481534,3.6713773214017245,-0.8212710006266221,0.2463387262190592,,0.8574198647719108,0.19788442439606332
2021-08-14,Cancabato Bay,31.73250525444746,34.01440470479429,-0.038453321903944016,-0.039674062281847,7.171850070357323,0.8176724,7.342754642803449,0.04530378179975351,0.5435410712932323,,0.5454258233966873,0.19573870881105837
2021-08-15,Cancabato Bay,31.693685710430145,34.03424173593521,-0.08850367739796638,-0.009155552834272385,7.171850070357323,2.9437444,0.0,-1.513448989261901,0.7472079884072436,,1.6878529619126985,0.1935929932260534
2021-08-16,Cancabato Bay,31.747886583209038,34.03576766140759,-0.10193182155489922,-0.021973326802253723,7.171850070357323,2.6222827,14.823830237403845,-1.646748238112145,-0.30325258970536006,,1.6744377841199298,0.19144727764104844
2021-08-17,Cancabato Bay,31.52009642869234,34.029663959518075,-0.07568590342998505,-0.006103701889514923,7.171850070357323,2.6787033,1.7696429014967654,-1.240204279514735,0.5704405490342563,,1.3651040527773577,0.18930156205604348
2021-08-18,Cancabato Bay,31.72078614681959,34.02356025762856,-0.06897183135151863,-0.031128879636526108,7.171850070357323,1.9916612,3.5359552218891186,-0.12780016006677689,0.4168457090510428,,0.4359968188729826,0.1871558464710385
2021-08-19,Cancabato Bay,31.906826980412006,34.018982481211424,-0.08239997550845146,-0.038453321903944016,7.171850070357323,1.5162691,0.0,-0.00958320466110078,0.4433372209627818,0.18501013088603355,0.44344078443753787,0.18501013088603355
2021-08-20,Cancabato Bay,31.799157679080963,34.02203433215618,-0.10559404268860817,-0.04211554303765297,7.171850070357323,1.4074546,13.386308618246941,-0.18265715414229208,0.2031014063364365,,0.2731552987133864,0.18120306957644547
2021-08-21,Cancabato Bay,31.79329812526703,34.03729358687997,-0.10254219174385071,0.005493331700563431,7.171850070357323,0.80073124,0.0,-0.8451179344182095,1.1688225813456128,,1.442348969472618,0.17739600826685736
2021-08-22,Cancabato Bay,31.685628823935986,34.03576766140759,-0.09338663890957832,0.003662221133708954,7.171850070357323,0.8689566,4.939719600799366,-1.2308061210187762,1.0091102535494978,,1.591598948025544,0.17358894695726929
2021-08-23,Cancabato Bay,31.81014434248209,33.93963435664773,-0.08667256683111191,-0.02136295661330223,7.171850070357323,0.7558177,15.778140124421535,-0.2948857667567852,0.2812307292083913,,0.4074902925062395,0.1697818856476812
2021-08-24,Cancabato Bay,31.644611947238445,33.97930841892958,-0.0634784996509552,-0.05737479776144028,7.171850070357323,0.97349226,5.2593800038956235,0.567561814239213,-0.6107911846328755,,0.8337819164552194,0.16597482433809313
2021-08-25,Cancabato Bay,31.523026205599308,33.94268620759249,-0.09826960042119026,-0.02929776906967163,7.171850070357323,1.0332786,12.021440312504389,-0.8821192926665493,-0.0017187868813549824,,0.8821209671711,0.16216776302850502
2021-08-26,Cancabato Bay,31.268868058919907,33.90453807078302,-0.08056886494159698,-0.0079348124563694,7.171850070357323,1.0253822,0.0,-1.9412015719732092,0.6776619824396046,,2.056085918796983,0.15836070171891695
2021-08-27,Cancabato Bay,31.21320229768753,33.89538251794875,-0.09094515815377235,0.0012207403779029846,7.171850070357323,0.9353717,7.829621268537481,-1.9215545707168635,0.6657538221515226,,2.033617495979082,0.15455364040932887
2021-08-28,Cancabato Bay,30.98760947585106,33.86944178491831,-0.08056886494159698,0.0012207403779029846,7.171850070357323,0.6139066,19.530019126380218,-1.5792721175354385,0.9577437122910699,,1.8469903734610928,0.15074657909974076
2021-08-29,Cancabato Bay,31.00811791419983,33.896908443421125,-0.07751701399683952,0.0048829615116119385,7.171850070357323,0.625665,6.51000611926801,-0.7261847141131047,0.9312549171890555,0.14693951779015268,1.1809233505187058,0.14693951779015268
2021-08-30,Cancabato Bay,31.1846369728446,33.89233066700399,-0.09338663890957832,0.005493331700563431,7.171850070357323,0.7808367,0.0,-1.326307655840279,0.3416617048560513,,1.3696075052750256,0.2411778469435859
2021-08-31,Cancabato Bay,31.283516943454742,33.909115847200155,-0.10498367249965668,-0.009765923023223877,7.171850070357323,0.65905577,11.697805741343638,-1.2540743227064486,0.3455313150313799,,1.3008052492740612,0.3354161760970191
2021-09-01,Cancabato Bay,31.334788039326668,33.90758992172778,-0.06530961021780968,-0.027466658502817154,7.171850070357323,0.6861842,8.901125159888224,-0.23408228609186862,0.3566158543450366,,0.4265786964116185,0.42965450525045235
2021-09-02,Cancabato Bay,31.632160395383835,33.89233066700399,-0.043336283415555954,-0.010986663401126862,7.171850070357323,0.78872114,3.8779084987152888,0.19038856693161196,0.47560968267419224,,0.5123010605803181,0.5238928344038856
2021-09-03,Cancabato Bay,31.778649240732193,33.90301214531064,-0.03784295171499252,-0.029908139258623123,7.171850070357323,1.2066075,4.176611732751036,0.44342808625416674,0.2522977131512899,0.6181311635573188,0.5101789918650153,0.6181311635573188
2021-09-04,Cancabato Bay,31.962492741644382,33.89538251794875,-0.051271095871925354,-0.05066072568297386,7.171850070357323,1.3141547,9.189945493643277,0.9062517068765544,-0.07821522917805877,,0.9096206782456325,0.5859679744842995
2021-09-05,Cancabato Bay,31.894375428557396,33.896908443421125,-0.06714072078466415,-0.07019257172942162,7.171850070357323,1.3030643,6.563073130842216,0.6607377776429901,-0.6687747270633013,,0.9401244845036165,0.5538047854112802
2021-09-06,Cancabato Bay,31.604327514767647,33.741264045238495,-0.001831110566854477,-0.04516739398241043,7.171850070357323,1.3001529,34.430669223919466,1.647150955235443,-0.13559994305989354,,1.6527230905057504,0.521641596338261
2021-09-07,Cancabato Bay,31.18829919397831,33.67564924992621,0.01342814415693283,0.009765923023223877,7.171850070357323,1.0139415,16.013946749531804,0.544153449220893,2.2600450926604685,,2.324630464645437,0.4894784072652417
2021-09-08,Cancabato Bay,31.157536536455154,33.70158998295665,0.012817773967981339,0.009765923023223877,7.171850070357323,1.3841672,0.0,1.3746010248753018,1.6145272053370276,,2.1204306341782613,0.45731521819222243
2021-09-09,Cancabato Bay,31.187566749751568,33.72447886504233,0.02868739888072014,0.016479995101690292,7.171850070357323,1.3481438,5.962100166101426,1.7966366831990301,1.9734308918730223,,2.6687699144765484,0.42515202911920313
2021-09-10,Cancabato Bay,31.103335663676262,33.764152927324176,0.019531846046447754,0.01342814415693283,7.171850070357323,1.250294,2.720128012160524,1.0248712392953727,2.226870967791631,,2.451390496091569,0.39298884004618384
2021-09-11,Cancabato Bay,31.235175624489784,33.79314551129937,-0.0158696249127388,0.02075258642435074,7.171850070357323,3.541044,5.418871989265418,-1.0086653055784525,1.6885127620296072,,1.9668454556000392,0.3608256509731646
2021-09-12,Cancabato Bay,31.291573829948902,33.80382698960602,-0.029908139258623123,0.0158696249127388,7.171850070357323,3.6803365,0.18436626123544128,-1.421792880468265,1.195159236837904,,1.8573908033446291,0.3286624619001453
2021-09-13,Cancabato Bay,31.26593828201294,33.812982542440295,-0.056764427572488785,0.007324442267417908,7.171850070357323,0.8727966,0.0,-2.3606531729624383,1.2975776085652002,0.29649927282712607,2.693768930934391,0.29649927282712607
2021-09-14,Cancabato Bay,31.197820968925953,33.81756031885743,-0.051271095871925354,0.001831110566854477,7.171850070357323,0.8834415,8.30059420643523,-1.4142662523304461,0.6785748334811065,,1.5686340673065584,0.2675578017592014
2021-09-15,Cancabato Bay,31.378734692931175,33.802301064133644,-0.06897183135151863,-0.010986663401126862,7.171850070357323,0.8674262,4.882992240186698,-1.146173226032006,0.06154409647814037,,1.1478243506233552,0.2386163306912768
2021-09-16,Cancabato Bay,31.23737295717001,33.75041959807277,-0.05859553813934326,-0.022583696991205215,7.171850070357323,1.0586337,16.46715674994472,-1.1047025725923585,0.2081433368021083,,1.1241403037642992,0.20967485962335217
2021-09-17,Cancabato Bay,31.342844925820827,33.72600479051471,-0.04943998530507088,-0.022583696991205215,7.171850070357323,1.0710794,0.0,-0.5483675080156405,0.30421481525741023,,0.6270993363649684,0.18073338855542753
2021-09-18,Cancabato Bay,31.42927334457636,33.73516034334898,-0.09887997061014175,-0.07629627361893654,7.171850070357323,1.0266407,10.978104309532972,-0.3814716158466158,-0.011767678818159663,,0.38165307801902426,0.1517919174875029
2021-09-19,Cancabato Bay,31.369945362210274,33.70769368484616,-0.07507553324103355,-0.054322946816682816,7.171850070357323,0.9060706,6.368410403736103,-0.08043556231002827,0.5623272116560395,,0.5680508539320988,0.12285044641957826
2021-09-20,Cancabato Bay,31.076235227286816,33.692434430122375,-0.09216589853167534,-0.003662221133708954,7.171850070357323,1.3388402,22.770525127934953,-1.3715520278497115,1.2983281771562258,,1.888600280815521,0.09390897535165363
2021-09-21,Cancabato Bay,31.092349000275135,33.71532331220806,-0.10620441287755966,0.008545182645320892,7.171850070357323,1.7334707,0.0,-1.5395896936790259,1.6733136105465818,,2.2738326376677582,0.064967504283729
2021-09-22,Cancabato Bay,30.90557572245598,33.71532331220806,-0.10071108117699623,0.0012207403779029846,7.171850070357323,1.2010939,7.156055975265016,-1.4567553977763639,0.8532224938455867,,1.6882312972323,0.03602603321580433
2021-09-23,Cancabato Bay,31.071108117699623,33.70921961031854,-0.09887997061014175,-0.04211554303765297,7.171850070357323,0.51743597,10.101411289300401,-0.0025368437367186136,-0.7071249272978094,0.007084562147879711,0.7071294778059226,0.007084562147879711
2021-09-24,Cancabato Bay,31.063783675432205,33.742789970710874,-0.07629627361893654,-0.03479110077023506,7.171850070357323,0.36845666,7.156055975265016,-0.8472474832186717,-0.8136198674318944,,1.1746512616518432,0.011959486709858122
2021-09-25,Cancabato Bay,31.334788039326668,33.75804922543466,-0.062257759273052216,-0.019531846046447754,7.171850070357323,0.8114658,0.0,-0.20500605550806966,0.1493490738030476,,0.25363877590148926,0.016834411271836533
2021-09-26,Cancabato Bay,31.482009328901768,33.74584182165563,-0.025635547935962677,-0.04028443247079849,7.171850070357323,0.5395791,7.52039690558522,0.6545297272295125,0.10511926961402251,,0.6629172080066451,0.02170933583381494
2021-09-27,Cancabato Bay,31.49958799034357,33.75652329996228,-0.009765923023223877,-0.05310220643877983,7.171850070357323,0.64918953,0.3923988666016454,1.9245809007390433,-0.1560546701404398,,1.9308973829704543,0.02658426039579335
2021-09-28,Cancabato Bay,31.447584450244904,33.79314551129937,-0.01342814415693283,-0.04516739398241043,7.171850070357323,0.47481272,0.0,1.9593024713168603,-0.20924728686111746,,1.9704442649227851,0.031459184957771766
2021-09-29,Cancabato Bay,31.637287504971027,33.79161958582699,-0.04455702379345894,-0.028077028691768646,7.171850070357323,1.0814148,0.3923988666016454,0.5805858731903195,0.3244342911626209,,0.6650846302767476,0.03633410951975017
2021-09-30,Cancabato Bay,31.837244778871536,33.77330848015845,-0.06164738908410072,-0.03418073058128357,7.171850070357323,0.66034603,7.52039690558522,0.5521934480197878,0.11491673707025768,,0.5640243438849575,0.04120903408172858
2021-10-01,Cancabato Bay,32.05185093730688,33.75041959807277,-0.08178960531949997,-0.04516739398241043,7.171850070357323,0.58306813,8.309559173096485,0.08461062906520367,0.05437297241658586,,0.10057523890214874,0.04608395864370699
2021-10-02,Cancabato Bay,31.923673197627068,33.73516034334898,-0.11719107627868652,-0.019531846046447754,7.171850070357323,0.5473309,8.820709348867497,-0.5802936611232815,-0.03807628091418679,,0.581541517269505,0.0509588832056854
2021-10-03,Cancabato Bay,31.717123925685883,33.680227026343346,-0.13977477326989174,-0.038453321903944016,7.171850070357323,0.4663779,41.54779503673031,-2.1646212462217935,-0.8847977112446025,,2.3384721784572244,0.055833807767663814
2021-10-04,Cancabato Bay,31.145084984600544,33.52916040457785,-0.12085329741239548,-0.011597033590078354,7.171850070357323,0.4691603,48.05899185570666,-2.3924428909418074,0.45210186747817305,,2.4347852235865166,0.060708732329642225
2021-10-05,Cancabato Bay,30.94366282224655,33.53373818099499,-0.04821924492716789,-0.009155552834272385,7.171850070357323,0.4711018,34.571776460154,0.6301112792926453,0.3654877825569793,,0.7284377416706467,0.06558365689162063
2021-10-06,Cancabato Bay,30.977355256676674,33.56273076497018,-0.0158696249127388,-0.022583696991205215,7.171850070357323,0.50093645,0.19632289203972864,1.5269815132562325,-0.6489379382843947,,1.6591542995065574,0.07045858145359904
2021-10-07,Cancabato Bay,30.933408603072166,33.634449262171984,0.009155552834272385,-0.010986663401126862,7.171850070357323,0.5944838,10.95507791781197,3.3225978098777023,-1.7215862159614446,,3.742127109705461,0.07533350601557745
2021-10-08,Cancabato Bay,30.32987456023693,33.56425669044256,0.04699850454926491,0.0,7.171850070357323,0.5161091,23.672822751176245,4.76034710021183,-1.161503762729616,,4.899999541360207,0.08020843057755586
2021-10-09,Cancabato Bay,29.738059625029564,33.535264106467366,0.08545182645320892,0.0079348124563694,7.171850070357323,0.82833546,23.672822751176245,5.139162459255615,-1.201214854010646,,5.277680163492104,0.08508335513953427
2021-10-10,Cancabato Bay,29.563005454838276,33.6405529640615,0.07995849475264549,0.0158696249127388,7.171850070357323,0.8225434,15.781882542009935,3.830238460365414,1.268619565248875,,4.034863351415344,0.08995827970151268
2021-10-11,Cancabato Bay,29.639179654419422,33.68480480276048,0.05249183624982834,0.022583696991205215,7.171850070357323,0.89218336,0.0,2.2415937638277272,3.447921817972964,,4.112530542729786,0.0948332042634911
2021-10-12,Cancabato Bay,29.57325967401266,33.66038999520242,-0.017090365290641785,0.009155552834272385,7.171850070357323,0.9230862,0.0,0.16847963789148793,2.2220386624143487,,2.2284167486464903,0.0997081288254695
2021-10-13,Cancabato Bay,29.800317384302616,33.620715932920575,-0.07812738418579102,0.016479995101690292,7.171850070357323,1.0672978,7.821901400630087,-0.7274371133332002,1.0419823930620953,,1.2707840340931065,0.10458305338744792
2021-10-14,Cancabato Bay,29.962920002639294,33.57951594516635,-0.0476088747382164,-0.035401470959186554,7.171850070357323,0.92183363,0.34247015992673446,0.9828250988109695,-0.4855899954260732,,1.0962403105663856,0.10945797794942633
2021-10-15,Cancabato Bay,30.016388431191444,33.31705676391721,-0.06469924002885818,0.0006103701889514923,7.171850070357323,0.7628479,7.235916835431475,0.6721641944115089,0.10236352867990918,,0.6799139623898566,0.11433290251140474
2021-10-16,Cancabato Bay,30.154820390045643,33.46964931115508,-0.09704886004328728,0.024414807558059692,7.171850070357323,1.1138479,0.0,-1.3009574830215396,0.9427524205855725,,1.6066339032740768,0.11920782707338315
2021-10-17,Cancabato Bay,30.363566994667053,33.50932337343693,-0.10925626382231712,0.01037629321217537,7.171850070357323,1.4000849,0.0,-1.7063883633612484,0.21418368249105846,,1.7197778625334466,0.12408275163536155
2021-10-18,Cancabato Bay,30.478560738265514,33.51542707532644,-0.11719107627868652,-0.0030518509447574615,7.171850070357323,1.0537952,5.232588064175445,-1.8186433395135484,-0.0796282432679079,,1.8203857430453922,0.12895767619733994
2021-10-19,Cancabato Bay,30.540086053311825,33.50932337343693,-0.10742515325546265,0.0,7.171850070357323,1.2885811,0.0,-1.908864972331998,0.4083483025558992,,1.952053743828874,0.13383260075931835
2021-10-20,Cancabato Bay,30.61113314330578,33.48338264040649,-0.10437330231070518,-0.01342814415693283,7.171850070357323,1.328086,0.0,-1.0173485712521513,0.03910045856194729,,1.0180996814106897,0.13870752532129677
2021-10-21,Cancabato Bay,30.655812241137028,33.48185671493411,-0.12207403779029846,-0.02136295661330223,7.171850070357323,1.4975835,6.59638604493187,-0.7376596653921331,-1.0471201434810653,,1.2808600145332982,0.14358244988327518
2021-10-22,Cancabato Bay,30.52983183413744,33.416241919621825,-0.17334513366222382,-0.02868739888072014,7.171850070357323,1.5081538,36.70974727179677,-2.15058267857302,-0.9994803052158933,,2.371490404343387,0.1484573744452536
2021-10-23,Cancabato Bay,30.306436344981194,33.31858268938959,-0.17151402309536934,-0.004272591322660446,7.171850070357323,1.5116951,22.399625004290016,-2.2080703241000634,0.980078621476813,,2.4158080760787373,0.153332299007232
2021-10-24,Cancabato Bay,30.094027519226074,33.2743308506906,-0.15503402799367905,-0.001831110566854477,7.171850070357323,2.662203,0.0,-0.7718565626490279,0.45531112989671085,,0.8961421641191716,0.1582072235692104
2021-10-25,Cancabato Bay,30.24710836261511,33.21634568274021,-0.18433179706335068,-0.0079348124563694,7.171850070357323,2.7175288,6.59638604493187,-0.5656499010113818,-0.401933256322447,,0.693909326246702,0.16308214813118882
2021-10-26,Cancabato Bay,30.330607004463673,33.249916043132544,-0.13855403289198875,-0.016479995101690292,7.171850070357323,1.3717645,5.704151780460591,-1.2551711636069856,-0.6636293646258828,,1.419809347604201,0.16795707269316723
2021-10-27,Cancabato Bay,30.32108522951603,33.236182713881135,-0.10193182155489922,-0.0079348124563694,7.171850070357323,0.94659394,8.111272658783786,-1.6034923200107223,-0.6407233630572712,,1.726764039555141,0.17283199725514564
2021-10-28,Cancabato Bay,30.254432804882526,33.2026123534888,-0.08911404758691788,-0.005493331700563431,7.171850070357323,0.470424,0.9535898263462055,-1.8293557677045378,-0.23623485128993554,,1.8445458600419338,0.17770692181712405
2021-10-29,Cancabato Bay,30.18631549179554,33.162938291206956,-0.08545182645320892,-0.01342814415693283,7.171850070357323,0.547499,0.0,-1.6807618364777788,-1.1002197391470796,,2.008841413693232,0.18258184637910246
2021-10-30,Cancabato Bay,30.16946927458048,33.127842005342245,-0.09704886004328728,-0.017090365290641785,7.171850070357323,0.4966597,13.434972462943572,-2.3034837101094583,-1.5012289405447365,,2.7494955054825434,0.18745677094108087
2021-10-31,Cancabato Bay,30.061067529022694,33.09579757042229,-0.09033478796482086,-0.014648884534835815,7.171850070357323,0.67377114,12.041186035631567,-2.395901575846329,-1.170301752295332,,2.666449053060727,0.19233169550305929
2021-11-01,Cancabato Bay,30.011261321604252,33.079012390226126,-0.09216589853167534,-0.016479995101690292,7.171850070357323,0.84187925,0.0,-2.0801676884620557,-1.2409507829010087,,2.4222007467805384,0.1972066200650377
2021-11-02,Cancabato Bay,29.745384067296982,32.96304205432534,-0.08606219664216042,-0.016479995101690292,7.171850070357323,0.83460945,41.90889261629635,-1.9931067979812183,-1.3979613589865971,,2.4344959785094322,0.2020815446270161
2021-11-03,Cancabato Bay,29.631855212152004,32.92031614109874,-0.059816278517246246,-0.01037629321217537,7.171850070357323,0.63596547,10.492401484102489,-1.6100853012130785,-0.9631397956291671,,1.8761697532758073,0.20695646918899452
2021-11-04,Cancabato Bay,29.74831384420395,32.862330973148346,-0.0555436871945858,-0.0030518509447574615,7.171850070357323,0.7410975,27.82085425099626,-1.3734414344517951,0.26398713105709076,,1.3985816312367179,0.21183139375097293
2021-11-05,Cancabato Bay,29.739524513483047,32.85927912220359,-0.059816278517246246,-0.0012207403779029846,7.171850070357323,1.161799,0.0,-1.7655378391462375,0.3483738293959489,,1.7995800027965312,0.21670631831295134
2021-11-06,Cancabato Bay,29.884548470377922,32.80587173067033,-0.06775109097361565,-0.02075258642435074,7.171850070357323,1.3502415,17.270803341850307,-1.9472228808280752,-0.6683096641700024,,2.0587167738286416,0.22158124287492975
2021-11-07,Cancabato Bay,29.680196531116962,32.74025693535805,-0.07873775437474251,-0.001831110566854477,7.171850070357323,0.53242457,0.0,-3.071029355989149,0.1737996580749991,,3.0759433717957347,0.22645616743690816
2021-11-08,Cancabato Bay,29.836939595639706,32.741782860830426,-0.08301034569740295,-0.006714072078466415,7.171850070357323,1.2373164,0.0,-2.642809066741619,-0.030547362548094967,,2.64298560431387,0.23133109199888657
2021-11-09,Cancabato Bay,29.74025695770979,32.71736805327237,-0.06775109097361565,-0.008545182645320892,7.171850070357323,1.2301809,13.113896539036078,-2.953022583441361,-0.07623633272131808,,2.9540064923323177,0.23620601656086498
2021-11-10,Cancabato Bay,29.758568063378334,32.70210879854858,-0.0714133121073246,-0.010986663401126862,7.171850070357323,0.8016871,19.581136868022885,-2.8191205511800304,-0.5315019528676909,,2.8687863301381937,0.2410809411228434
2021-11-11,Cancabato Bay,29.79372538626194,32.71431620232761,-0.06836146116256714,-0.0079348124563694,7.171850070357323,0.7064296,1.0699806502832774,-2.887689291288077,-0.013579204441025615,,2.8877212188528674,0.2459558656848218
2021-11-12,Cancabato Bay,29.825220488011837,32.70516064949334,-0.06408886983990669,-0.006714072078466415,7.171850070357323,0.69426215,13.840248057636591,-2.769479592531045,-0.17860749189725345,,2.7752329360988335,0.2508307902468002
2021-11-13,Cancabato Bay,29.807641826570034,32.67311621457338,-0.054322946816682816,-0.007324442267417908,7.171850070357323,0.8515063,27.625332804914482,-2.071323629173513,-0.031973487153893726,,2.071570389982757,0.25570571480877863
2021-11-14,Cancabato Bay,29.972441777586937,32.70363472402096,-0.046388134360313416,-0.01342814415693283,7.171850070357323,0.9672666,8.865050666248456,-1.3909378492355786,-0.5148936470156869,,1.4831802210699858,0.26058063937075704
2021-11-15,Cancabato Bay,29.83474226295948,32.68074584193528,-0.05066072568297386,-0.008545182645320892,7.171850070357323,0.85691607,13.479262243825408,-2.213119311651035,-0.49940613693551017,,2.2687669728757074,0.26545556393273545
2021-11-16,Cancabato Bay,29.876491583883762,32.69753102213144,-0.05859553813934326,-0.006103701889514923,7.171850070357323,0.5180035,0.0,-3.1061998650614076,0.033771701706119435,,3.1063834485690323,0.27033048849471386
2021-11-17,Cancabato Bay,29.988555550575256,32.718893978744745,-0.0476088747382164,-0.006714072078466415,7.171850070357323,0.9468957,0.0,-1.4566257786987615,-0.04468944723156149,0.27520541305669227,1.457311156158367,0.27520541305669227
2021-11-18,Cancabato Bay,30.242713697254658,32.75246433913708,0.010986663401126862,-0.03723258152604103,7.171850070357323,0.527963,0.0,0.5311839891708209,-0.42343563415569657,,0.6793041782767596,0.25810110270811176
2021-11-19,Cancabato Bay,30.428754530847073,32.78603469952941,-0.003662221133708954,-0.030518509447574615,7.171850070357323,1.5296323,0.0,0.2684734200847482,-0.022356388281938765,,0.2694026454751595,0.24099679235953125
2021-11-20,Cancabato Bay,30.449262969195843,32.80892358161509,-0.059205908328294754,-0.0030518509447574615,7.171850070357323,1.459883,0.0,-1.740047936848169,0.7975152849077106,,1.9141048696952307,0.22389248201095077
2021-11-21,Cancabato Bay,30.389202542603016,32.78298284858465,-0.04455702379345894,-0.007324442267417908,7.171850070357323,0.60957444,5.951112304632657,-1.773009840405051,0.6028701577789105,,1.8727029452941844,0.20678817166237026
2021-11-22,Cancabato Bay,30.477828294038773,32.79671617783606,-0.0555436871945858,-0.014038514345884323,7.171850070357323,0.5169512,0.0,-2.0872862576391937,-0.22267843598057144,,2.099130678919296,0.18968386131378975
2021-11-23,Cancabato Bay,30.483687847852707,32.825708761811256,-0.06897183135151863,-0.010986663401126862,7.171850070357323,1.8377645,0.0,-3.0218341207911825,-0.9771203247937411,,3.1758850077896152,0.17257955096520927
2021-11-24,Cancabato Bay,30.22367014735937,32.82418283633888,-0.06775109097361565,-0.007324442267417908,7.171850070357323,1.8377558,15.311864593920236,-2.57553458792091,-0.09546372162935009,,2.577303190492779,0.15547524061662876
2021-11-25,Cancabato Bay,29.842066705226898,32.3206274304539,-0.14465773478150368,-0.0048829615116119385,7.171850070357323,0.74494624,15.686117182905303,-2.6462339780489827,0.3862465924879617,,2.674273863460791,0.13837093026804825
2021-11-26,Cancabato Bay,29.7439191788435,32.38013852387667,-0.14954069629311562,-0.009765923023223877,7.171850070357323,0.7911628,31.676664169604027,-2.530607944989926,0.2835114906279752,,2.5464397374695977,0.12126661991946774
2021-11-27,Cancabato Bay,29.91238135099411,32.537308847531676,-0.14099551364779472,-0.012817773967981339,7.171850070357323,0.81564903,0.0,-3.034761940339719,0.14304229672882016,0.10416230957088726,3.0381311909112734,0.10416230957088726
2021-11-28,Cancabato Bay,29.873561806976795,32.561723655089736,-0.11719107627868652,-0.01037629321217537,7.171850070357323,0.62653935,0.0,-2.273518842564744,-0.042460102604288626,,2.2739152991723546,0.13094816507008186
2021-11-29,Cancabato Bay,29.991485327482224,32.612079195678234,-0.09399700909852982,-0.010986663401126862,7.171850070357323,0.3574362,2.483033631175471,-1.4906979136446057,-0.06706122769359961,,1.492205574980925,0.15773402056927646
2021-11-30,Cancabato Bay,30.2434461414814,32.66243473626673,-0.054322946816682816,-0.02868739888072014,7.171850070357323,1.0470582,0.0,0.1637335483128492,-0.23253409197215366,,0.2843954619406402,0.18451987606847103
2021-12-01,Cancabato Bay,30.206091485917568,32.7219458296895,0.008545182645320892,-0.016479995101690292,7.171850070357323,1.0360979,0.0,1.1212000173849388,-1.622908288652117,,1.9725417086489527,0.21130573156766563
2021-12-02,Cancabato Bay,30.03909420222044,32.74025693535805,0.012207403779029846,-0.016479995101690292,7.171850070357323,1.0267968,33.4178927912118,-0.6231694110245591,-2.2416164109491534,,2.326625076945845,0.23809158706686023
2021-12-03,Cancabato Bay,29.68678852915764,32.804345805197954,0.014038514345884323,-0.015259254723787308,7.171850070357323,0.6012399,22.78650372173078,-1.1075636933543276,-2.856908226596976,,3.064085826153399,0.26487744256605483
2021-12-04,Cancabato Bay,29.4004028365016,32.86843467503786,0.019531846046447754,-0.015259254723787308,7.171850070357323,0.51625663,0.0,-1.5165642901143237,-3.2327182210601495,,3.5707750339141024,0.29166329806524943
2021-12-05,Cancabato Bay,29.117679364979267,32.92184206657112,0.0158696249127388,-0.014648884534835815,7.171850070357323,0.46290588,0.0,-1.1118325546063734,-2.6672452157571978,,2.889700446493061,0.31844915356444403
2021-12-06,Cancabato Bay,28.932370975613594,32.96151612885296,0.028077028691768646,-0.012207403779029846,7.171850070357323,0.40482923,0.0,0.160447328849047,-2.7172390636986905,,2.721971982703887,0.34523500906363863
2021-12-07,Cancabato Bay,28.641590617597103,32.934049470350146,0.015259254723787308,-0.012207403779029846,7.171850070357323,0.6041211,64.17190874727389,-0.5767133483217012,-2.666530090216594,,2.7281827299803334,0.37202086456283323
2021-12-08,Cancabato Bay,28.59105196595192,32.83486431464553,-0.036011841148138046,-0.02136295661330223,7.171850070357323,0.92062,63.6655515055306,-2.3685654957207993,-2.5982478504562025,,3.515820586992373,0.3988067200620278
2021-12-09,Cancabato Bay,28.32883693277836,32.657856959849596,-0.048829615116119385,-0.0238044373691082,7.171850070357323,0.9120541,37.7759792949445,-2.250914016973893,-3.3005604582863888,,3.9950360762592876,0.42559257556122243
2021-12-10,Cancabato Bay,28.340556040406227,32.72652360610664,-0.051881466060876846,-0.011597033590078354,7.171850070357323,1.2432659,43.720706653290286,-2.5198349393413695,-1.4761837755843439,,2.9203915252623185,0.452378431060417
2021-12-11,Cancabato Bay,28.39109469205141,32.70516064949334,-0.059816278517246246,-0.012207403779029846,7.171850070357323,1.2767446,2.5037928815847774,-2.66367556382944,-0.9740476899346406,,2.8361834234775958,0.47916428655961163
2021-12-12,Cancabato Bay,28.461409337818623,32.68990139476955,-0.06469924002885818,-0.014038514345884323,7.171850070357323,3.1069908,5.262922676988303,-2.558284770977032,-0.7441314550546501,0.5059501420588062,2.664310903745048,0.5059501420588062
2021-12-13,Cancabato Bay,28.446760453283787,32.68074584193528,-0.07385479286313057,-0.016479995101690292,7.171850070357323,1.3368207,13.139886581859649,-2.8520398090386334,-1.5484864293193399,,3.245295255308411,0.4219821630172964
2021-12-14,Cancabato Bay,28.407940909266472,32.70973842591047,-0.062257759273052216,-0.020142216235399246,7.171850070357323,1.3263397,0.0,-1.866735196218229,-2.821781364647117,,3.3833637644612877,0.33801418397578664
2021-12-15,Cancabato Bay,28.32883693277836,32.74636063724756,-0.04516739398241043,-0.019531846046447754,7.171850070357323,1.3250741,65.36589630419455,-1.5104652306972408,-3.7882245137967416,,4.078253324656995,0.2540462049342769
2021-12-16,Cancabato Bay,27.939909048378468,32.6288643758744,-0.13672292232513428,-0.014038514345884323,7.171850070357323,1.2578084,89.3663085108748,-6.529207617340477,-1.7876653063790189,,6.76951249042116,0.1700782258927671
2021-12-17,Cancabato Bay,27.935514383018017,32.5357829220593,-0.14526810497045517,-0.004272591322660446,7.171850070357323,1.3747538,0.0,-3.314838352146091,1.9240645657347932,0.08611024685125734,3.832776768085356,0.08611024685125734
2021-12-18,Cancabato Bay,28.25559251010418,32.5571458786726,-0.12268440797924995,-0.006714072078466415,7.171850070357323,1.1613057,8.882840962455676,-1.9419483401588657,0.38469226543719953,,1.9796846958374403,0.08776377801039442
2021-12-19,Cancabato Bay,28.432844012975693,32.59071623906493,-0.10071108117699623,-0.014648884534835815,7.171850070357323,2.0966222,0.0,-2.285711679262552,-0.10125341699590967,,2.2879532633274184,0.0894173091695315
2021-12-20,Cancabato Bay,28.572740860283375,32.64107177965343,-0.08362071588635445,-0.01342814415693283,7.171850070357323,1.48882,0.0,-2.165908416497787,-0.5998070732664362,,2.247426927354124,0.09107084032866858
2021-12-21,Cancabato Bay,28.678212828934193,32.694479171186686,-0.07080294191837311,-0.010986663401126862,7.171850070357323,1.4724971,0.0,-1.6819798462273594,-0.5498939623428454,,1.7695874018923523,0.09272437148780567
2021-12-22,Cancabato Bay,28.83715322613716,32.74636063724756,-0.06591998040676117,-0.015259254723787308,7.171850070357323,3.590752,10.756028787777447,-1.45948872485814,-0.9780065475255904,,1.7568734003880202,0.09437790264694275
2021-12-23,Cancabato Bay,28.90673542767763,32.7936643268913,-0.06042664870619774,-0.014648884534835815,7.171850070357323,3.7263231,0.0,-2.056780645742128,-1.3687099745709232,,2.470569492888096,0.09603143380607983
2021-12-24,Cancabato Bay,28.99975584447384,32.83333838917315,-0.054322946816682816,-0.01037629321217537,7.171850070357323,3.725792,19.60345450148415,-2.466649719241806,-0.5532348934181515,,2.527929920850472,0.0976849649652169
2021-12-25,Cancabato Bay,29.125003807246685,32.86080504767597,-0.05371257662773132,-0.017700735479593277,7.171850070357323,0.92162883,0.0,-2.329361073137514,-1.6155400521817451,,2.8347650112931313,0.09933849612435398
2021-12-26,Cancabato Bay,29.09863581508398,32.886745780706406,-0.05310220643877983,-0.014648884534835815,7.171850070357323,0.9850217,4.659880601559966,-2.928793158286657,-1.472196159860669,,3.2779857988001155,0.10099202728349106
2021-12-27,Cancabato Bay,28.974852740764618,32.90200503543019,-0.07080294191837311,-0.01831110566854477,7.171850070357323,1.2622045,1.5962475145967625,-4.0657151601804165,-2.2429444073914775,,4.643365092082419,0.10264555844262815
2021-12-28,Cancabato Bay,28.690664380788803,32.900479109957814,-0.06836146116256714,-0.020142216235399246,7.171850070357323,1.2482244,62.55264250538982,-3.575723929227872,-2.2860152834859004,,4.244015491770021,0.10429908960176523
2021-12-29,Cancabato Bay,28.32883693277836,32.87759022787213,-0.06408886983990669,-0.016479995101690292,7.171850070357323,1.2491572,33.98917432791128,-3.387731417356118,-1.883675114501016,,3.876203825024183,0.10595262076090231
2021-12-30,Cancabato Bay,28.06002990156412,32.85470134578645,-0.054322946816682816,-0.017090365290641785,7.171850070357323,1.2054813,60.536593574304554,-3.083958396104225,-2.2522163630963807,,3.818805825791727,0.10760615192003939
2021-12-31,Cancabato Bay,27.775109097361565,32.74636063724756,-0.05371257662773132,-0.017700735479593277,7.171850070357323,1.1514466,52.127203895641976,-3.3238311923935333,-3.0471814396365415,,4.50923147793431,0.10925968307917647
2022-01-01,Cancabato Bay,27.554643385112286,32.68074584193528,-0.059205908328294754,-0.020142216235399246,7.171850070357323,1.2021656,38.84959535324536,-3.6352335871931967,-2.8757365595305813,,4.635168173138737,0.11091321423831355
2022-01-02,Cancabato Bay,27.25360880792141,32.645649556070566,-0.05615405738353729,-0.017090365290641785,7.171850070357323,1.215501,37.20172579219929,-2.954866014085374,-2.03325085233502,,3.5868289880781705,0.11256674539745062
2022-01-03,Cancabato Bay,27.11004973948002,32.69295324571431,-0.046388134360313416,-0.019531846046447754,7.171850070357323,1.2159277,0.0,-2.7790025660170503,-2.625337153501064,,3.8229897242187847,0.11422027655658772
2022-01-04,Cancabato Bay,27.152531504631042,32.744834711775184,-0.027466658502817154,-0.014648884534835815,7.171850070357323,1.2467883,0.0,-2.678906951608215,-1.9816245222014575,,3.3321731951333162,0.1158738077157248
2022-01-05,Cancabato Bay,27.124698624014854,32.779930997639894,-0.025635547935962677,-0.012817773967981339,7.171850070357323,1.2000006,0.0,-2.7282168603598813,-1.6018755417768937,,3.163727625522612,0.11752733887486187
2022-01-06,Cancabato Bay,27.263130582869053,32.82418283633888,-0.007324442267417908,-0.014648884534835815,7.171850070357323,1.1891528,0.0,-1.5841400184375807,-1.5540235613972526,0.11918087003399895,2.2191189304300973,0.11918087003399895
2022-01-07,Cancabato Bay,27.465285189449787,32.85622727125883,-0.006103701889514923,-0.0158696249127388,7.171850070357323,0.90473557,0.0,-1.8780350877881242,-1.068144268019146,,2.1605434428091246,0.0957911319107605
2022-01-08,Cancabato Bay,27.59785759449005,32.873012451455,-0.020142216235399246,-0.0079348124563694,7.171850070357323,0.82024676,0.0,-1.8612701224796104,-0.3266281257410418,,1.8897122535879292,0.07240139378752204
2022-01-09,Cancabato Bay,27.827845081686974,32.88064207881689,-0.025635547935962677,-0.016479995101690292,7.171850070357323,1.2316554,0.0,-1.513028806394285,-0.29694880005062585,,1.5418932384670545,0.04901165566428359
2022-01-10,Cancabato Bay,28.06808678805828,32.92794576846063,-0.035401470959186554,-0.020142216235399246,7.171850070357323,2.4236526,0.0,-0.8756370918391125,-0.43811107370258057,,0.9791228878467128,0.025621917541045133
2022-01-11,Cancabato Bay,28.29294716566801,32.96151612885296,-0.04516739398241043,-0.051271095871925354,7.171850070357323,0.93854034,0.0,-0.6303885566028941,-1.4175109917254505,0.0022321794178066815,1.5513629955488657,0.0022321794178066815
2022-01-12,Cancabato Bay,28.19919430464506,33.021027222275734,-0.05737479776144028,-0.03418073058128357,7.171850070357323,0.7841066,0.0,-1.6891205436391956,-2.4832634672223075,,3.0032858103392237,0.015056355638415786
2022-01-13,Cancabato Bay,27.893032617866993,33.08664201758802,-0.06286812946200371,-0.01892147585749626,7.171850070357323,0.7514914,0.0,-2.76655063510189,-3.6191807925549684,,4.555466169974427,0.02788053185902489
2022-01-14,Cancabato Bay,27.59273048490286,33.164464216679335,-0.0555436871945858,-0.01831110566854477,7.171850070357323,1.9796586,0.0,-1.909012843621303,-2.9817101302227322,,3.5404696493239363,0.040704708079633986
2022-01-15,Cancabato Bay,27.430860310792923,33.23007901199162,-0.05249183624982834,-0.017090365290641785,7.171850070357323,2.006109,0.0,-2.4534933482782764,-2.8060628089543496,,3.7274143984594095,0.05352888430024309
2022-01-16,Cancabato Bay,27.312936790287495,33.272804925218225,-0.07263405248522758,-0.019531846046447754,7.171850070357323,1.4506531,0.0,-3.394137279627697,-2.9510952655865377,,4.497680640010558,0.0663530605208522
2022-01-17,Cancabato Bay,27.236030146479607,33.30179750919342,-0.07080294191837311,-0.020142216235399246,7.171850070357323,1.2534937,21.27705253198886,-2.494970012355495,-2.8520923981520077,,3.789367547513655,0.0791772367414613
2022-01-18,Cancabato Bay,27.158391058444977,33.31553083844483,-0.06469924002885818,-0.014648884534835815,7.171850070357323,0.5373965,42.55410506397772,-2.1759739536202574,-2.2284332010150645,,3.114607066424274,0.0920014129620704
2022-01-19,Cancabato Bay,27.21625415235758,33.30027158372104,-0.07873775437474251,-0.007324442267417908,7.171850070357323,0.6021155,0.0,-2.5342914949638735,-0.2856021011968936,,2.5503336922164332,0.10482558918267951
2022-01-20,Cancabato Bay,27.42133853584528,33.30637528561056,-0.11658070608973503,-0.01037629321217537,7.171850070357323,0.9937751,0.0,-2.7135700469040165,-0.28339021964281363,,2.728327769173614,0.11764976540328861
2022-01-21,Cancabato Bay,27.566362492740154,33.3246863912791,-0.1348918117582798,-0.0158696249127388,7.171850070357323,0.85429466,0.0,-2.487054666654429,-0.45830495441777785,0.13047394162389772,2.5289294861999325,0.13047394162389772
2022-01-22,Cancabato Bay,27.644001580774784,33.33994564600289,-0.13245033100247383,-0.01037629321217537,7.171850070357323,0.69051874,0.0,-2.914586400512076,-0.1169015307656665,,2.9169298678482645,0.13278661177547282
2022-01-23,Cancabato Bay,27.64693135768175,33.32926416769624,-0.12512588873505592,-0.0238044373691082,7.171850070357323,0.68788654,22.16815170160117,-2.0164800446973605,-1.1300999034935346,,2.311561715061652,0.13509928192704795
2022-01-24,Cancabato Bay,27.63008514046669,33.271278999745846,-0.12451551854610443,-0.03723258152604103,7.171850070357323,0.6399875,58.026017368791976,-2.2860270122315267,-1.7702387631090943,,2.891308489086942,0.13741195207862306
2022-01-25,Cancabato Bay,27.416211426258087,33.14767903648317,-0.1593066193163395,-0.01831110566854477,7.171850070357323,1.3235995,25.56115565741786,-3.378933607416688,-0.0731720089719653,,3.3797257974911137,0.13972462223019816
2022-01-26,Cancabato Bay,27.48286385089159,33.175145694985986,-0.14831995591521263,-0.0024414807558059692,7.171850070357323,1.3679131,43.515501394058575,-3.6686396635716005,1.2470539038052981,,3.874798113466917,0.14203729238177326
2022-01-27,Cancabato Bay,27.643269136548042,33.19803457707167,-0.1348918117582798,-0.0006103701889514923,7.171850070357323,1.362444,0.0,-2.6271143913489343,0.6321721286800118,,2.7021050359881458,0.1443499625333484
2022-01-28,Cancabato Bay,27.898159727454185,33.237708639353514,-0.12512588873505592,0.0006103701889514923,7.171850070357323,1.1678782,0.0,-2.3502223309371293,0.7226808166415785,,2.458823411222793,0.1466626326849235
2022-01-29,Cancabato Bay,28.159642316401005,33.28806417994201,-0.11597033590078354,0.0048829615116119385,7.171850070357323,3.7139816,0.0,-1.5010944176116754,1.0649605732807859,,1.8404959856591578,0.1489753028364986
2022-01-30,Cancabato Bay,28.696523934602737,33.32621231675148,-0.09765923023223877,-0.0048829615116119385,7.171850070357323,2.5544379,0.0,-0.05945237499650344,0.11807172241704406,,0.13219499433508203,0.15128797298807373
2022-01-31,Cancabato Bay,28.749259918928146,33.36130860261619,-0.12085329741239548,-0.027466658502817154,7.171850070357323,0.84347796,0.0,-1.3493621923764327,-1.2516278628252153,0.15360064313964883,1.8404756540675427,0.15360064313964883
2022-02-01,Cancabato Bay,28.70970793068409,33.40098266489804,-0.09826960042119026,-0.02075258642435074,7.171850070357323,0.8456016,0.0,-2.1842382064617984,-1.3590860023154874,,2.5725495727502214,0.18680170016421896
2022-02-02,Cancabato Bay,28.763908803462982,33.439130801707506,-0.10437330231070518,-0.015259254723787308,7.171850070357323,0.7048563,0.0,-3.1189467442671783,-1.134461718664128,,3.318860073080695,0.2200027571887891
2022-02-03,Cancabato Bay,28.634998619556427,33.41013821773231,-0.11169774457812309,-0.012817773967981339,7.171850070357323,0.7169488,31.787743626311183,-3.065001818923924,-0.6896593623030239,,3.141634317679124,0.2532038142133592
2022-02-04,Cancabato Bay,28.098117001354694,32.8943754080683,-0.1831110566854477,-0.017090365290641785,7.171850070357323,0.7066464,1.3787404325442574,-2.742579753802593,-1.0198385210724563,,2.926057811293404,0.28640487123792935
2022-02-05,Cancabato Bay,28.2892849445343,33.12173830345273,-0.13733329251408577,-0.02624591812491417,7.171850070357323,1.2091689,0.0,-3.3908610375876456,-2.2285690424926403,0.31960592826249945,4.05764199423588,0.31960592826249945
2022-02-06,Cancabato Bay,28.21091341227293,33.17972347140312,-0.12329477816820145,-0.014648884534835815,7.171850070357323,0.21749684,0.0,-3.8435693786226315,-1.8209153121050308,,4.253088071289392,0.3081041694044407
2022-02-07,Cancabato Bay,28.21897029876709,33.21939753368497,-0.12085329741239548,-0.009155552834272385,7.171850070357323,1.3229089,0.0,-4.282207936220616,-0.5523140273487411,,4.317679422309745,0.296602410546382
2022-02-08,Cancabato Bay,28.226294741034508,33.225501235574484,-0.12024292722344398,-0.014038514345884323,7.171850070357323,1.4289292,0.0,-3.2198943029955758,-1.038511252893425,,3.383227001673053,0.2851006516883232
2022-02-09,Cancabato Bay,28.21018096804619,33.26975307427347,-0.10742515325546265,-0.016479995101690292,7.171850070357323,1.353328,23.753071583878885,-2.8430041755752056,-1.7680539034012694,,3.347937775358216,0.2735988928302645
2022-02-10,Cancabato Bay,28.139133878052235,33.28806417994201,-0.09765923023223877,-0.01892147585749626,7.171850070357323,1.5113854,18.20113756405279,-2.410420271286818,-2.0650591979155672,,3.1740503107427434,0.26209713397220574
2022-02-11,Cancabato Bay,28.1244849935174,33.28653825446963,-0.0952177494764328,-0.014648884534835815,7.171850070357323,1.0991927,54.61991559964019,-2.598297209903808,-1.1478993056084272,,2.84056705726343,0.250595375114147
2022-02-12,Cancabato Bay,28.02706991136074,33.272804925218225,-0.09399700909852982,-0.005493331700563431,7.171850070357323,1.2544761,43.95234162815082,-2.9125470205277497,-0.07545850750039099,,2.9135243491584655,0.23909361625608827
2022-02-13,Cancabato Bay,28.123020105063915,33.29874565824866,-0.10925626382231712,-0.006714072078466415,7.171850070357323,1.2719092,0.0,-3.4477701581468985,0.06284901687690801,,3.4483429444199256,0.22759185739802953
2022-02-14,Cancabato Bay,28.322977378964424,33.32926416769624,-0.10010071098804474,-0.011597033590078354,7.171850070357323,1.7117263,0.0,-2.1052895790711643,-0.44594683072175406,,2.152002041722177,0.2160900985399708
2022-02-15,Cancabato Bay,28.407940909266472,33.3750419318676,-0.08423108607530594,-0.01342814415693283,7.171850070357323,2.3463771,0.0,-1.9901458645946406,-1.0134746831733983,0.20458833968191206,2.2333408821307525,0.20458833968191206
2022-02-16,Cancabato Bay,28.432844012975693,33.416241919621825,-0.07812738418579102,-0.012207403779029846,7.171850070357323,1.6486708,0.0,-2.2848877112621464,-0.7905402269449321,,2.4177811529364925,0.21354939102061612
2022-02-17,Cancabato Bay,28.48045288771391,33.44981228001416,-0.08056886494159698,-0.0079348124563694,7.171850070357323,1.8130524,0.0,-2.7279526994035055,-0.6083859333294758,,2.794970370872659,0.2225104423593202
2022-02-18,Cancabato Bay,28.528794206678867,33.48033078946173,-0.07995849475264549,-0.009765923023223877,7.171850070357323,1.8130524,11.810570881389582,-2.4778879292982228,-0.6899845734235184,,2.572160045899996,0.23147149369802425
2022-02-19,Cancabato Bay,28.596179075539112,33.489486342296004,-0.07507553324103355,-0.0006103701889514923,7.171850070357323,0.38368446,0.0,-2.221186222174229,0.13845261684271445,,2.2254971041740808,0.2404325450367283
2022-02-20,Cancabato Bay,28.711905263364315,33.501693746075034,-0.07751701399683952,-0.015259254723787308,7.171850070357323,0.40174478,6.6102725850126625,-2.327427041257989,-0.6315315442207535,0.24939359637543237,2.4115863500452908,0.24939359637543237
2022-02-21,Cancabato Bay,28.64891505986452,33.51542707532644,-0.08423108607530594,-0.012207403779029846,7.171850070357323,0.4040442,17.153648470918213,-3.103183555118369,-0.8354629491046882,,3.213681147233462,0.24958843039899672
2022-02-22,Cancabato Bay,28.44456312060356,33.45896783284843,-0.11047700420022011,-0.008545182645320892,7.171850070357323,0.40569213,70.86941083475425,-4.524935564837299,-0.6892853720024569,,4.577134058555202,0.24978326442256105
2022-02-23,Cancabato Bay,28.25193028897047,33.452864130958915,-0.11291848495602608,-0.014038514345884323,7.171850070357323,0.42833537,59.20049613123886,-2.948580512991677,-1.0843181342168777,,3.1416353795095047,0.2499780984461254
2022-02-24,Cancabato Bay,28.196264527738094,33.45896783284843,-0.10071108117699623,-0.017090365290641785,7.171850070357323,0.6830015,24.487687942699885,-2.598368566948813,-1.440106428448833,,2.9707618105407376,0.25017293246968975
2022-02-25,Cancabato Bay,28.193334750831127,33.49253819324076,-0.10132145136594772,-0.019531846046447754,7.171850070357323,0.7657149,14.194911236199328,-3.0974376570079696,-2.282353726125088,,3.847500301521508,0.2503677664932541
2022-02-26,Cancabato Bay,28.2226325199008,33.5184789262712,-0.1031525619328022,-0.0158696249127388,7.171850070357323,0.76015633,0.0,-3.3812187297924146,-1.6846273611257743,,3.777646018958449,0.2505626005168184
2022-02-27,Cancabato Bay,28.213110744953156,33.51542707532644,-0.10193182155489922,-0.017700735479593277,7.171850070357323,0.7497642,0.0,-3.315413907042935,-1.6403560740866765,,3.6990184407227216,0.25075743454038274
2022-02-28,Cancabato Bay,28.011688582599163,33.49253819324076,-0.10986663401126862,-0.014648884534835815,7.171850070357323,2.050175,33.814645730649325,-3.609388555850352,-1.2951313255014418,,3.834716534165024,0.2509522685639471
2022-03-01,Cancabato Bay,28.147190764546394,33.50932337343693,-0.10986663401126862,-0.011597033590078354,7.171850070357323,2.1047995,0.0,-3.4440155024890906,-0.7930679479904332,,3.5341476414426913,0.25114710258751144
2022-03-02,Cancabato Bay,28.21970274299383,33.50321967154741,-0.10376293212175369,-0.0158696249127388,7.171850070357323,2.1192765,22.55558854246292,-2.9171253688122283,-0.7438673956561074,,3.010474899361906,0.2513419366110758
2022-03-03,Cancabato Bay,28.212378300726414,33.51542707532644,-0.10132145136594772,-0.010986663401126862,7.171850070357323,1.5251203,11.227146611807827,-2.9407364379784116,-0.5917847968326426,,2.9996899912184607,0.25153677063464014
2022-03-04,Cancabato Bay,28.34128848463297,33.52153077721596,-0.11658070608973503,-0.012817773967981339,7.171850070357323,1.528136,12.406257144940168,-2.6283145106177495,-0.4581343227458293,,2.667943819573718,0.25173160465820443
2022-03-05,Cancabato Bay,28.388164915144444,33.47270116209984,-0.13733329251408577,-0.030518509447574615,7.171850070357323,1.4375762,46.804966631027085,-1.8839283117275367,-0.7569171496477435,,2.0302978735051247,0.2519264386817688
2022-03-06,Cancabato Bay,28.0351267978549,33.09427164494991,-0.13855403289198875,-0.05615405738353729,7.171850070357323,1.4485781,28.1727518837292,-2.165799491425865,-1.9722098560139394,,2.929214767342787,0.25212127270533313
2022-03-07,Cancabato Bay,28.078341007232666,33.16904199309647,-0.14465773478150368,-0.02075258642435074,7.171850070357323,1.4729514,15.272339025625406,-2.133254947164478,-0.15728104888332667,,2.1390451135821236,0.2523161067288975
2022-03-08,Cancabato Bay,28.180883198976517,33.18582717329264,-0.1422162540256977,-0.02929776906967163,7.171850070357323,1.4451314,14.863782939057764,-2.2656579642186787,-0.6744433687696506,,2.3639119840858887,0.25251094075246183
2022-03-09,Cancabato Bay,28.097384557127953,33.187353098765016,-0.13672292232513428,-0.023194067180156708,7.171850070357323,3.6388586,31.400865481684388,-3.4290676901207764,-0.45898431510621296,,3.4596490898563337,0.2527057747760262
2022-03-10,Cancabato Bay,27.91207616776228,33.18277532234788,-0.1269569993019104,-0.006103701889514923,7.171850070357323,3.6006951,18.822490899326706,-3.419775963490487,0.7562487512572198,,3.5023962960015522,0.2529006087995905
2022-03-11,Cancabato Bay,28.073946341872215,33.20413827896118,-0.12268440797924995,-0.0006103701889514923,7.171850070357323,3.6152127,17.02993193678201,-2.1496257112273502,0.667702272104099,,2.250936921049248,0.2530954428231548
2022-03-12,Cancabato Bay,28.22775962948799,33.225501235574484,-0.10803552344441414,0.0030518509447574615,7.171850070357323,3.786125,15.695498822976989,-2.0589806820674923,0.8371225803932159,0.2532902768467192,2.2226505941625896,0.2532902768467192
2022-03-13,Cancabato Bay,28.410138241946697,33.26517529785633,-0.10254219174385071,-0.0030518509447574615,7.171850070357323,0.64094615,6.754872739505465,-2.0355659215217328,0.35765359313032546,,2.066747375355695,0.23503259954088832
2022-03-14,Cancabato Bay,28.522934652864933,33.2819604780525,-0.09155552834272385,0.0,7.171850070357323,0.50255114,16.17861170662097,-1.9748931888290404,0.5671316522680659,,2.0547120037337696,0.21677492223505745
2022-03-15,Cancabato Bay,28.617419958114624,33.3246863912791,-0.08239997550845146,0.004272591322660446,7.171850070357323,0.62094235,8.089305853310485,-2.2131768911973686,0.8145851792075338,,2.358325882043154,0.19851724492922657
2022-03-16,Cancabato Bay,28.687734603881836,33.295693807303905,-0.0952177494764328,-0.001831110566854477,7.171850070357323,0.88017756,19.687899598679223,-2.334636130875984,0.331825690226512,,2.3580996909134027,0.1802595676233957
2022-03-17,Cancabato Bay,28.925046533346176,33.35215304978192,-0.10498367249965668,-0.001831110566854477,7.171850070357323,1.5800108,0.0,-2.6511191207064475,0.5816919146026909,0.16200189031756485,2.7141846060445984,0.16200189031756485
2022-03-18,Cancabato Bay,29.22974333167076,33.3964048884809,-0.11230811476707458,0.004272591322660446,7.171850070357323,1.4992477,0.0,-1.8449551632344292,0.6186577987935259,,1.9459180420442763,0.2272460243409522
2022-03-19,Cancabato Bay,29.5652027875185,33.43455302529037,-0.14404736459255219,-0.009155552834272385,7.171850070357323,0.4869737,3.080812042894455,-2.22902985039361,0.021488902392027196,,2.229133429580153,0.29249015836433956
2022-03-20,Cancabato Bay,29.526383243501186,33.43150117434561,-0.14770958572626114,-0.014648884534835815,7.171850070357323,0.47292086,12.306920974780198,-2.9136899376774696,-0.15095498094274531,,2.917597720590411,0.35773429238772686
2022-03-21,Cancabato Bay,29.56813256442547,33.45744190737605,-0.13611255213618279,-0.007324442267417908,7.171850070357323,0.35950264,0.0,-2.9885852753799376,0.24610604353715484,,2.9987014077569123,0.4229784264111142
2022-03-22,Cancabato Bay,29.772484503686428,33.489486342296004,-0.1269569993019104,-0.011597033590078354,7.171850070357323,0.36154124,0.0,-2.2279094633865535,-0.24466815975693262,0.4882225604345016,2.241303880656571,0.4882225604345016
2022-03-23,Cancabato Bay,29.962920002639294,33.526108553633094,-0.11291848495602608,-0.0006103701889514923,7.171850070357323,0.34123734,0.0,-1.9960227493161449,-0.10485888012123591,,1.9987751750829459,0.46068326109745344
2022-03-24,Cancabato Bay,30.02224798500538,33.55052336119115,-0.11597033590078354,-0.012817773967981339,7.171850070357323,0.28081447,0.0,-2.4428593898981594,-0.32239552008469563,,2.4640415723327984,0.43314396176040526
2022-03-25,Cancabato Bay,30.070589303970337,33.57646409422159,-0.11474959552288055,-0.004272591322660446,7.171850070357323,0.36334795,0.0,-2.6465047685178607,0.3722967476678461,,2.672562881975246,0.40560466242335713
2022-03-26,Cancabato Bay,30.164342164993286,33.59935297630727,-0.11047700420022011,-0.014648884534835815,7.171850070357323,0.3146314,20.37673776522993,-2.3715826824538073,-0.2667716641601225,,2.3865396582737857,0.378065363086309
2022-03-27,Cancabato Bay,30.11233862489462,33.6115603800863,-0.09216589853167534,-0.0048829615116119385,7.171850070357323,0.31462508,0.0,-2.6792525059908643,0.38764919943334764,,2.7071508810333498,0.3505260637492608
2022-03-28,Cancabato Bay,29.954130671918392,33.60393075272441,-0.08545182645320892,0.0,7.171850070357323,0.52651954,29.11290532864702,-3.120261650763971,0.7427708631741531,,3.207450907560204,0.3229867644122127
2022-03-29,Cancabato Bay,30.00247199088335,33.62529370933771,-0.08606219664216042,-0.001831110566854477,7.171850070357323,0.5750054,0.0,-3.0206410312630565,0.4137993417895398,,3.0488525931922976,0.2954474650751645
2022-03-30,Cancabato Bay,30.082308411598206,33.645130740478635,-0.07446516305208206,-0.006714072078466415,7.171850070357323,1.1362926,0.0,-2.32507889638131,-0.28632750195040385,,2.342642805203322,0.2679081657381164
2022-03-31,Cancabato Bay,30.14163639396429,33.646656665951014,-0.06286812946200371,-0.014648884534835815,7.171850070357323,1.1833497,0.0,-2.2599559796272293,-0.7502139969768689,,2.3812228100521966,0.24036886640106822
2022-04-01,Cancabato Bay,30.159947499632835,33.64207888953388,-0.06103701889514923,-0.01831110566854477,7.171850070357323,0.7526761,20.42098190685431,-2.1064038861566172,-1.0517057127808278,0.21282956706402004,2.354362384577091,0.21282956706402004
2022-04-02,Cancabato Bay,30.07571641355753,33.65276036784053,-0.05249183624982834,-0.014038514345884323,7.171850070357323,0.7636721,26.331667101802157,-2.1992833896882815,-1.0723392743110438,,2.446785431415823,0.2052581578470735
2022-04-03,Cancabato Bay,30.15775016695261,33.65886406973004,-0.05005035549402237,-0.022583696991205215,7.171850070357323,0.8163681,17.860800112398287,-1.8426342650741978,-1.2490619462035937,,2.2260855285184884,0.19768674863012692
2022-04-04,Cancabato Bay,30.152623057365417,33.657338144257665,-0.05371257662773132,-0.023194067180156708,7.171850070357323,0.68269193,4.994268663394186,-2.1564456785377826,-1.4888570880911922,,2.62048724348043,0.19011533941318037
2022-04-05,Cancabato Bay,29.9980773255229,33.634449262171984,-0.05737479776144028,-0.017090365290641785,7.171850070357323,0.6868537,23.844103066685108,-2.4874614923538423,-1.234043935728172,,2.7767479380114217,0.18254393019623383
2022-04-06,Cancabato Bay,29.866237364709377,33.60087890177965,-0.07507553324103355,-0.022583696991205215,7.171850070357323,0.683527,35.32789741004237,-2.738472726830271,-0.8643532383384095,,2.871644023241619,0.17497252097928728
2022-04-07,Cancabato Bay,29.649433873593807,33.41013821773231,-0.09949034079909325,-0.040894802659749985,7.171850070357323,0.68675745,28.601440173749346,-2.5189852261824153,-0.6328527311112265,,2.597265706276547,0.1674011117623407
2022-04-08,Cancabato Bay,29.17188023775816,33.07138276286423,-0.08850367739796638,-0.08484145626425743,7.171850070357323,0.69368625,29.197409224586366,-1.4113316349797065,-2.8651996353642453,,3.1939358062406162,0.15982970254539416
2022-04-09,Cancabato Bay,28.814447455108166,32.851649494841695,0.019531846046447754,-0.09033478796482086,7.171850070357323,0.65711415,47.89778391317058,0.6786706791818488,-4.433350886530842,,4.484996541122965,0.15225829332844762
2022-04-10,Cancabato Bay,28.621082179248333,32.732627307996154,0.001831110566854477,-0.07507553324103355,7.171850070357323,1.3773581,47.89778391317058,-0.4184894892216059,-4.415507061648353,,4.435294360474334,0.14468688411150105
2022-04-11,Cancabato Bay,28.68114260584116,32.419812586158514,0.031128879636526108,0.027466658502817154,7.171850070357323,2.8207774,27.37372560165942,-1.0112257841471077,0.8250686866798145,,1.3051114604751146,0.1371154748945545
2022-04-12,Cancabato Bay,28.417462684214115,31.783501664176583,-0.0555436871945858,-0.08301034569740295,7.171850070357323,2.8683639,33.4644436150694,-0.7772267139324225,-3.03099835274208,,3.1290625399910743,0.12954406567760796
2022-04-13,Cancabato Bay,28.582262635231018,32.15124970301986,-0.001831110566854477,-0.09887997061014175,7.171850070357323,2.8349586,20.53029318434743,2.9656685455810883,-1.0818644372660724,,3.156837116936837,0.1219726564606614
2022-04-14,Cancabato Bay,28.9096652045846,32.552568102255464,-0.024414807558059692,-0.07263405248522758,7.171850070357323,2.8163784,0.0,1.6797238446240286,-0.6415524570020524,,1.7980716752354167,0.11440124724371485
2022-04-15,Cancabato Bay,29.516861468553543,32.69295324571431,-0.07873775437474251,-0.051881466060876846,7.171850070357323,2.3625426,0.0,0.117995493101947,-0.24579173523384532,,0.2726472327048935,0.10682983802676829
2022-04-16,Cancabato Bay,29.768089838325977,32.73873100988567,-0.1751762442290783,-0.001831110566854477,7.171850070357323,4.240715,0.0,-1.3087063746078929,-0.11100863983571105,0.09925842880982175,1.3134059894250174,0.09925842880982175
2022-04-17,Cancabato Bay,29.905789352953434,32.78450877405703,-0.21851252764463425,-0.01892147585749626,7.171850070357323,0.55025315,0.0,-1.9840250744448447,-0.39865015755902544,,2.02367918508535,0.12062570571959115
2022-04-18,Cancabato Bay,29.91604357212782,32.84554579295218,-0.18127994611859322,-0.024414807558059692,7.171850070357323,1.7288048,0.0,-2.8221092567787514,-0.9461297432912031,,2.9764848644561583,0.14199298262936055
2022-04-19,Cancabato Bay,29.948271118104458,32.92184206657112,-0.14709921553730965,-0.017090365290641785,7.171850070357323,1.4749777,0.0,-2.5748341686595086,-0.6254064957466047,,2.6496989038414442,0.16336025953912997
2022-04-20,Cancabato Bay,30.028839983046055,32.970671681687236,-0.1275673694908619,-0.006103701889514923,7.171850070357323,0.70606095,2.040016856818154,-2.364267577032317,0.4238836251992667,,2.40196555002738,0.1847275364488994
2022-04-21,Cancabato Bay,30.15775016695261,32.996612414717674,-0.12390514835715294,-0.01037629321217537,7.171850070357323,0.41498676,0.0,-2.3767744506250823,0.022307521312719805,0.20609481335866878,2.3768791333703274,0.20609481335866878
2022-04-22,Cancabato Bay,30.230262145400047,33.045442029833794,-0.12207403779029846,-0.010986663401126862,7.171850070357323,0.8508877,0.0,-2.705221843212795,0.022516967656018124,,2.7053155518031633,0.2109769213088903
2022-04-23,Cancabato Bay,30.36210210621357,33.09427164494991,-0.11597033590078354,-0.010986663401126862,7.171850070357323,0.79071975,0.0,-2.4345697645888813,-0.10782454459379164,,2.4369563129172462,0.2158590292591118
2022-04-24,Cancabato Bay,30.255165249109268,33.09884942136705,-0.10864589363336563,-0.007324442267417908,7.171850070357323,0.72795147,18.051058781413605,-2.8218653743441644,0.3551384821640864,,2.844125090855946,0.2207411372093333
2022-04-25,Cancabato Bay,30.26834924519062,33.1095308996737,-0.11535996571183205,-0.006714072078466415,7.171850070357323,0.6301142,25.358514551156627,-2.860117434023379,0.223653547921889,,2.868848662077267,0.2256232451595548
2022-04-26,Cancabato Bay,30.188512824475765,33.00271611660719,-0.13794366270303726,-0.01892147585749626,7.171850070357323,0.60171837,41.98978702557354,-2.8341590641662355,-0.16128961016658716,,2.8387447823542225,0.23050535310977632
2022-04-27,Cancabato Bay,30.03469953685999,32.982879085466266,-0.11597033590078354,-0.001831110566854477,7.171850070357323,0.67456186,36.824350917682104,-3.6994228173579984,1.0443638771889419,,3.8440115881154817,0.23538746105999786
2022-04-28,Cancabato Bay,29.89187291264534,32.99050871282816,-0.09582811966538429,-0.001831110566854477,7.171850070357323,1.0115969,0.0,-2.8329920338053283,0.7931176515450571,,2.941917652280022,0.24026956901021937
2022-04-29,Cancabato Bay,29.88747824728489,33.02865684963763,-0.07507553324103355,-0.001831110566854477,7.171850070357323,0.9733477,0.0,-2.275237522931538,0.6510065377901377,,2.366540787309854,0.24515167696044088
2022-04-30,Cancabato Bay,30.102816849946976,33.068330911919475,-0.07385479286313057,-0.007324442267417908,7.171850070357323,1.4077742,0.0,-2.17534141246979,0.23001944269751748,,2.1874686751642725,0.25003378491066236
2022-05-01,Cancabato Bay,30.168004386126995,33.103427197784185,-0.06469924002885818,-0.0030518509447574615,7.171850070357323,1.1903831,0.0,-2.765386407825297,0.2668777266394655,0.2549158928608839,2.778234278379192,0.2549158928608839
2022-05-02,Cancabato Bay,30.236854143440723,33.14310126006603,-0.056764427572488785,-0.0024414807558059692,7.171850070357323,1.2760497,0.0,-2.7072645572019955,0.2115444329628137,,2.715516972843233,0.2550055943083502
2022-05-03,Cancabato Bay,30.26761680096388,33.1812493968755,-0.04821924492716789,-0.003662221133708954,7.171850070357323,0.5562935,5.362079643212949,-2.973085826857037,-0.05557368844781966,,2.973605180367072,0.25509529575581646
2022-05-04,Cancabato Bay,30.266884356737137,33.213293831795454,-0.05005035549402237,-0.0030518509447574615,7.171850070357323,0.5627514,0.0,-3.3167976177600673,0.5358055413636745,,3.3597967223233725,0.2551849972032828
2022-05-05,Cancabato Bay,30.310831010341644,33.24076049029827,-0.03357036039233208,0.003662221133708954,7.171850070357323,1.1439255,0.0,-2.5266009943400998,0.6361243884815138,,2.605449447258833,0.2552746986507491
2022-05-06,Cancabato Bay,30.418500311672688,33.26670122332871,-0.05066072568297386,-0.0006103701889514923,7.171850070357323,1.0233791,0.0,-2.9983338496789123,0.26983913945171395,0.25536440009821537,3.0104516331126145,0.25536440009821537
2022-05-07,Cancabato Bay,30.42289497703314,33.285012328997254,-0.06591998040676117,-0.007324442267417908,7.171850070357323,0.37063485,5.349137569768741,-3.3443304345194145,-0.06742004963783833,,3.3450099429367897,0.25227595382994067
2022-05-08,Cancabato Bay,30.408246092498302,33.30637528561056,-0.07629627361893654,-0.011597033590078354,7.171850070357323,0.7399072,0.0,-3.619714747953426,-0.4741281397377381,,3.650634513265153,0.249187507561666
2022-05-09,Cancabato Bay,30.3994567617774,33.330790093168616,-0.062257759273052216,-0.007324442267417908,7.171850070357323,0.7412244,13.18984628866275,-2.9972386953874235,-0.0951689334410282,,2.9987492264309146,0.2460990612933913
2022-05-10,Cancabato Bay,30.458784744143486,33.29416788183153,-0.05371257662773132,-0.0048829615116119385,7.171850070357323,0.77307266,0.0,-2.3133454242405813,0.258363933424444,,2.3277282861084507,0.24301061502511662
2022-05-11,Cancabato Bay,30.50199895352125,33.32316046580672,-0.0634784996509552,0.0024414807558059692,7.171850070357323,0.6433767,0.0,-2.773986775430639,0.7559440109795307,0.2399221687568419,2.8751441664723347,0.2399221687568419
2022-05-12,Cancabato Bay,30.604541145265102,33.346049347892404,-0.06653035059571266,0.001831110566854477,7.171850070357323,0.54347587,0.0,-2.661450364237764,1.1505308316744731,,2.899489478500462,0.2405896765776309
2022-05-13,Cancabato Bay,30.608935810625553,33.36283452808857,-0.06103701889514923,0.006103701889514923,7.171850070357323,0.40494838,7.935467788586602,-2.488379950995918,1.7631392638659633,,3.04970405847916,0.24125718439841987
2022-05-14,Cancabato Bay,30.3503829985857,33.33994564600289,-0.039674062281847,0.0,7.324442625045776,1.2451942,11.821841684774089,-1.9302142859882117,1.5879536543026842,,2.4994647423090868,0.24192469221920884
2022-05-15,Cancabato Bay,30.32181767374277,33.30637528561056,-0.039674062281847,0.008545182645320892,7.171850070357323,1.2462804,22.793796118836816,-1.8898860348044768,1.5232003984233202,,2.427304817756919,0.24259220003999782
2022-05-16,Cancabato Bay,30.401654094457626,33.33994564600289,-0.05371257662773132,0.008545182645320892,7.171850070357323,0.64197665,0.0,-2.392012821055637,2.1127145948793356,,3.1914398467636365,0.2432597078607868
2022-05-17,Cancabato Bay,30.488082513213158,33.3750419318676,-0.048829615116119385,0.007324442267417908,7.171850070357323,0.8468182,3.6104359413488223,-2.416730719478446,1.7323841038574166,,2.9735066930761516,0.24392721568157577
2022-05-18,Cancabato Bay,30.559862047433853,33.405560441315174,-0.040894802659749985,0.005493331700563431,7.171850070357323,0.6875801,0.0,-2.4825789781386707,1.299772582585059,,2.802250372314344,0.24459472350236472
2022-05-19,Cancabato Bay,30.62358469516039,33.429975248873234,-0.04028443247079849,0.003662221133708954,7.171850070357323,0.3107536,0.0,-2.449680005851423,1.0733065617830766,,2.6744941777156366,0.2452622313231537
2022-05-20,Cancabato Bay,30.636036247015,33.45744190737605,-0.031128879636526108,0.0048829615116119385,7.171850070357323,0.36175397,6.395499419861328,-1.904737348726149,1.371050185489721,,2.3468708909447313,0.24592973914394267
2022-05-21,Cancabato Bay,30.73857843875885,33.48033078946173,-0.014038514345884323,0.011597033590078354,7.171850070357323,0.502079,5.562188715218737,-0.9765737198274281,1.4482939234780066,,1.7467831917673406,0.24659724696473165
2022-05-22,Cancabato Bay,30.797173976898193,33.49864189513028,-0.02868739888072014,0.0079348124563694,7.171850070357323,0.6768579,5.562188715218737,-1.1269367598694229,1.293224809488652,,1.715347448367809,0.24726475478552062
2022-05-23,Cancabato Bay,30.85650195926428,33.526108553633094,-0.04516739398241043,0.0048829615116119385,7.171850070357323,0.89474934,0.0,-1.7664325878894969,1.455278144969927,,2.2886936375987714,0.2479322626063096
2022-05-24,Cancabato Bay,31.009582802653313,33.55662706308067,-0.039674062281847,0.0030518509447574615,7.171850070357323,0.44616795,5.562188715218737,-1.6889324157390562,0.9302140018851304,,1.9281573572292572,0.24859977042709858
2022-05-25,Cancabato Bay,31.047669902443886,33.58867149800062,-0.05310220643877983,0.006714072078466415,7.171850070357323,1.6476562,2.8472660852316474,-2.3622310829647253,1.316923884052304,,2.7045192189577993,0.24926727824788755
2022-05-26,Cancabato Bay,31.056459233164787,33.59935297630727,-0.0555436871945858,-0.0012207403779029846,7.171850070357323,1.6187485,12.244393005919534,-2.1708600481984575,1.0729770119566375,,2.4215517787261134,0.24993478606867653
2022-05-27,Cancabato Bay,30.950254820287228,33.585619647055864,-0.039674062281847,0.006714072078466415,7.171850070357323,1.728506,0.0,-0.9808240891824727,1.524024112639292,,1.812364585238469,0.2506022938894655
2022-05-28,Cancabato Bay,31.002258360385895,33.571886317804456,-0.03906369209289551,0.0012207403779029846,7.171850070357323,1.5660269,0.0,-0.7097329857663872,1.1766529986477803,,1.3741299757707361,0.2512698017102545
2022-05-29,Cancabato Bay,31.1846369728446,33.57799001969397,-0.079348124563694,-0.022583696991205215,7.171850070357323,1.7799484,9.124722933236024,-0.5920626811492137,0.18553908836706653,,0.6204538433450772,0.25193730953104343
2022-05-30,Cancabato Bay,30.79937130957842,33.463545609265566,-0.10498367249965668,-0.08239997550845146,7.171850070357323,1.7799462,38.979188897739206,-1.322474937676888,-0.5084436548364771,,1.4168468198527897,0.25260481735183243
2022-05-31,Cancabato Bay,30.592822037637234,33.40708636678755,-0.10681478306651115,-0.0079348124563694,7.171850070357323,2.5679948,20.756455234064465,-1.7352841386731155,1.1203017132363218,,2.065499206151078,0.2532723251726214
2022-06-01,Cancabato Bay,30.674123346805573,33.439130801707506,-0.08972441777586937,0.014648884534835815,7.171850070357323,2.7779784,0.0,-2.023293893699091,1.9662497097582872,,2.821321694065492,0.2539398329934104
2022-06-02,Cancabato Bay,30.830133967101574,33.45896783284843,-0.09216589853167534,0.006714072078466415,7.171850070357323,0.7689493,0.0,-1.0662998248809863,1.0289124698720427,,1.4817746749082363,0.25460734081419933
2022-06-03,Cancabato Bay,31.005920581519604,33.49559004418552,-0.11169774457812309,-0.009155552834272385,7.171850070357323,1.0018564,3.673328178759201,-1.521034954931974,0.705389330584834,,1.6766399261105027,0.2552748486349883
2022-06-04,Cancabato Bay,31.03668323904276,33.487960416823626,-0.12817773967981339,-0.02929776906967163,7.171850070357323,0.33988348,14.177031937498636,-1.4521890306726122,0.23074479068942028,,1.4704067937942091,0.2559423564557773
2022-06-05,Cancabato Bay,30.855037070810795,33.47117523662746,-0.06775109097361565,-0.023194067180156708,7.171850070357323,0.33468354,13.984788379730128,-0.2514948801951365,0.682240739709154,,0.7271190423054946,0.25660986427656624
2022-06-06,Cancabato Bay,31.018372133374214,33.50932337343693,-0.09155552834272385,0.003662221133708954,7.171850070357323,0.7354333,3.475784605684372,-0.5489605758007857,1.3231131905467384,,1.4324755595759042,0.25727737209735524
2022-06-07,Cancabato Bay,31.340647593140602,33.52000485174358,-0.09704886004328728,-0.036011841148138046,7.171850070357323,2.4323494,5.283469903964205,-0.22623942272303482,0.43898716328683257,,0.4938562603882553,0.2579448799181442
2022-06-08,Cancabato Bay,31.18024230748415,33.52763447910547,-0.15320291742682457,-0.0012207403779029846,7.171850070357323,2.4313154,4.391195508999566,-1.2742385062369497,0.46647342522498453,,1.3569381810598824,0.2586123877389332
2022-06-09,Cancabato Bay,31.130436100065708,33.573412243276834,-0.14893032610416412,0.0030518509447574615,7.171850070357323,0.99773705,0.0,-2.5080596833946136,1.2245852658918805,,2.7910522117848275,0.25927989555972214
2022-06-10,Cancabato Bay,31.194891192018986,33.60087890177965,-0.13061922043561935,-0.0030518509447574615,7.171850070357323,0.49366525,5.8199766375386295,-1.1084045776733766,0.8921050990142788,,1.4228184056634117,0.25994740338051114
2022-06-11,Cancabato Bay,30.990539252758026,33.61308630555868,-0.0634784996509552,-0.0238044373691082,7.171850070357323,0.49364677,6.89390253944519,-0.410126432091459,0.19908190026903408,,0.4558917561382304,0.2606149112013001
2022-06-12,Cancabato Bay,31.117252103984356,33.65886406973004,-0.09460737928748131,0.007324442267417908,7.171850070357323,0.44970164,0.18037668813150912,-1.7672621951033822,0.769938706635713,,1.9276984406845121,0.2612824190220891
2022-06-13,Cancabato Bay,31.149479649960995,33.67412332445383,-0.09765923023223877,0.004272591322660446,7.171850070357323,0.47996658,6.713525851313681,-1.8081696079189824,0.9469192363450862,,2.0411108179523834,0.26194992684287804
2022-06-14,Cancabato Bay,30.96710103750229,33.67412332445383,-0.06775109097361565,0.0048829615116119385,7.171850070357323,0.5535712,0.7737378114328599,-2.0167618234043556,1.622109281876314,,2.5881589546800545,0.26261743466366705
2022-06-15,Cancabato Bay,31.044007681310177,33.704641833901405,-0.07873775437474251,0.011597033590078354,7.171850070357323,0.7694871,0.0,-2.031383747040028,1.0427258790131393,0.263284942484456,2.2833740794057618,0.263284942484456
2022-06-16,Cancabato Bay,31.182439640164375,33.692434430122375,-0.09094515815377235,0.001831110566854477,7.171850070357323,0.76939815,3.9013843578271596,-1.8222433021036077,0.4623214828414547,,1.8799765438851044,0.24881545075594605
2022-06-17,Cancabato Bay,31.156804092228413,33.69701220653951,-0.07995849475264549,0.0006103701889514923,7.171850070357323,0.36375725,6.017118980328497,-2.3169354694108266,0.6184930975703176,,2.3980666548609726,0.2343459590274361
2022-06-18,Cancabato Bay,31.232245847582817,33.70769368484616,-0.07263405248522758,0.007324442267417908,7.171850070357323,1.0323417,3.708451049015546,-1.712989112746498,0.5753930875681706,,1.8070442456147184,0.21987646729892613
2022-06-19,Cancabato Bay,31.268135614693165,33.69090850465,-0.059205908328294754,0.004272591322660446,7.171850070357323,1.4762263,5.907835396714866,-1.2299508649720752,0.45941710725450774,,1.3129520968731707,0.20540697557041618
2022-06-20,Cancabato Bay,31.29450360685587,33.6619159206748,-0.059205908328294754,0.003662221133708954,7.171850070357323,0.8397766,4.789089803878492,-1.2264663936855555,0.5516929931854316,0.19093748384190623,1.3448364114530633,0.19093748384190623
2022-06-21,Cancabato Bay,31.052064567804337,33.643604815006256,-0.05615405738353729,0.0012207403779029846,7.171850070357323,0.8397766,9.491815340023836,-1.1996843215085864,1.2735665146873298,,1.7496325724581003,0.19092614681509235
2022-06-22,Cancabato Bay,30.998596139252186,33.62987148575485,-0.07202368229627609,0.001831110566854477,7.171850070357323,1.2632288,3.6470537094262467,-1.258232305275152,0.440725395711968,,1.333186936803498,0.19091480978827843
2022-06-23,Cancabato Bay,31.166325867176056,33.65886406973004,-0.09033478796482086,0.006714072078466415,7.171850070357323,1.2587276,0.0,-1.6295320035459047,0.8986976302834907,,1.8609223469176495,0.19090347276146455
2022-06-24,Cancabato Bay,31.332590706646442,33.68480480276048,-0.10193182155489922,0.003662221133708954,7.171850070357323,0.7917563,0.0,-1.468632692551607,0.45310652077019037,,1.5369409568346633,0.19089213573465066
2022-06-25,Cancabato Bay,31.439527563750744,33.66038999520242,-0.11352885514497757,-0.02136295661330223,7.171850070357323,0.7565099,6.651436199395421,-1.2491289074026046,0.11763776111448576,,1.2546559967372943,0.19088079870783678
2022-06-26,Cancabato Bay,31.36042358726263,33.62376778386533,-0.11169774457812309,-0.01342814415693283,7.171850070357323,1.7355995,12.150437318478911,-1.8016409359564267,1.2983516895019258,,2.2207267215365456,0.19086946168102287
2022-06-27,Cancabato Bay,31.22931607067585,33.559678914025426,-0.0952177494764328,0.009155552834272385,7.171850070357323,1.735542,22.37841719484177,-1.671782661238838,2.141395659005017,,2.7166951678140743,0.19085812465420898
2022-06-28,Cancabato Bay,31.087954334914684,33.53373818099499,-0.07568590342998505,0.0048829615116119385,7.171850070357323,1.4865712,4.396810766226187,-0.5323181570636453,1.4735698083114008,,1.5667707555052635,0.1908467876273951
2022-06-29,Cancabato Bay,31.334788039326668,33.55052336119115,-0.06164738908410072,0.010986663401126862,7.171850070357323,2.3602762,4.97015668028079,-0.2330398656501868,1.684410818704256,,1.7004550523757453,0.19083545060058119
2022-06-30,Cancabato Bay,31.187566749751568,33.55815298855305,-0.08117923513054848,0.011597033590078354,7.171850070357323,1.0436006,8.041293960790666,-1.0562993717347813,1.6738216178911232,,1.9792541957128575,0.1908241135737673
2022-07-01,Cancabato Bay,31.25788139551878,33.50321967154741,-0.07019257172942162,0.012817773967981339,7.171850070357323,1.3560866,0.2407526360533108,-0.3542863084031297,0.9523308927562887,,1.0160969036562937,0.19081277654695342
2022-07-02,Cancabato Bay,31.24909206479788,33.55204928666353,-0.08789330720901489,0.007324442267417908,7.171850070357323,1.576871,9.229267466182527,-2.4305537922824603,1.2760806228250412,,2.7451727619820567,0.19080143952013953
2022-07-03,Cancabato Bay,31.24982450902462,33.5688344668597,-0.10803552344441414,0.0,7.171850070357323,1.2253882,6.056116476607399,-1.7773072909581853,0.28511691341281187,,1.8000313499512093,0.19079010249332562
2022-07-04,Cancabato Bay,31.214667186141014,33.5398418828845,-0.11963255703449249,-0.015259254723787308,7.171850070357323,1.2255332,4.735010051117919,-0.7084918155436649,0.2747322419797281,,0.7598937145914331,0.19077876546651173
2022-07-05,Cancabato Bay,31.28205205500126,33.45591598190367,-0.079348124563694,-0.03418073058128357,7.171850070357323,0.31883004,4.97576268717123,0.2709998159216909,0.3476170808400423,,0.44077038820835374,0.19076742843969785
2022-07-06,Cancabato Bay,31.20954007655382,33.37046415545046,-0.08484145626425743,-0.048829615116119385,7.171850070357323,0.22780803,2.1911659175976403,0.41378178412546923,0.29007827340661585,,0.5053323357718362,0.19075609141288397
2022-07-07,Cancabato Bay,31.33625292778015,33.44370857812464,-0.10620441287755966,-0.003662221133708954,7.171850070357323,0.6012175,2.1911659175976403,-0.44282821709577147,0.8683994289192435,,0.9747894121314039,0.19074475438607005
2022-07-08,Cancabato Bay,31.279854722321033,33.39030118659139,-0.07873775437474251,0.020142216235399246,7.171850070357323,1.4661973,0.0,-0.35332618064818694,1.1461421035679364,,1.199366962819374,0.19073341735925617
2022-07-09,Cancabato Bay,31.333323150873184,33.249916043132544,-0.006103701889514923,-0.05066072568297386,7.171850070357323,1.3106506,8.62954258385558,1.0052147616577856,0.2828952508039909,,1.0442635874060588,0.19072208033244228
2022-07-10,Cancabato Bay,31.222724072635174,33.31705676391721,-0.02929776906967163,-0.04150517284870148,7.171850070357323,1.2562732,5.2002858993725285,1.0311794593830423,0.5927455624357664,,1.1894025303658962,0.19071074330562837
2022-07-11,Cancabato Bay,31.18903163820505,33.356730826199055,-0.015259254723787308,0.0006103701889514923,7.171850070357323,0.39606062,7.048752071758429,1.0298370292539767,0.8831686406026513,,1.3566691396824029,0.1906994062788145
2022-07-12,Cancabato Bay,31.3318582624197,33.25754567049444,-0.030518509447574615,0.014038514345884323,7.171850070357323,0.41061306,7.048752071758429,-0.07248063064331983,0.8053841083092185,,0.8086389823249237,0.1906880692520006
2022-07-13,Cancabato Bay,31.402905352413654,33.2026123534888,-0.05249183624982834,-0.0030518509447574615,7.171850070357323,0.3303128,0.10170502403673655,-0.8948182154263546,0.6940075551480449,,1.132407225895955,0.19067673222518672
2022-07-14,Cancabato Bay,31.460036002099514,33.25754567049444,-0.05798516795039177,0.009765923023223877,7.171850070357323,0.7192124,0.0,-1.0063488912461234,0.5729409622303413,,1.1580153008979335,0.1906653951983728
2022-07-15,Cancabato Bay,31.533280424773693,33.272804925218225,-0.05066072568297386,0.006103701889514923,7.171850070357323,1.3280311,0.0,-1.085231316174996,0.9389099699158295,0.19065405817155892,1.4350187947250928,0.19065405817155892
2022-07-16,Cancabato Bay,31.713461704552174,33.26975307427347,-0.05798516795039177,0.0048829615116119385,7.171850070357323,2.3243866,4.878778470590854,-0.5789005478526077,0.8159369432119333,,1.0004393732766035,0.1751279822177284
2022-07-17,Cancabato Bay,31.67097993940115,33.237708639353514,-0.03357036039233208,-0.06591998040676117,7.171850070357323,2.3239794,20.85642401478923,0.1298004158046015,0.16008887593314952,,0.20609851076751326,0.15960190626389786
2022-07-18,Cancabato Bay,31.528885759413242,33.18582717329264,-0.029908139258623123,-0.043946653604507446,7.171850070357323,2.3288944,0.0,0.5411236673338801,0.702189593453913,,0.8865015783989555,0.14407583031006735
2022-07-19,Cancabato Bay,31.607989735901356,33.21939753368497,-0.09033478796482086,-0.03234962001442909,7.171850070357323,2.3225825,0.0,-1.3852180829910627,0.26050887853561194,,1.409501334955493,0.12854975435623683
2022-07-20,Cancabato Bay,31.468092888593674,33.21481975726783,-0.10864589363336563,-0.004272591322660446,7.171850070357323,0.47332352,2.61481014303506,-2.3243309451900913,0.6042146625461521,0.11302367840240629,2.4015806672281537,0.11302367840240629
2022-07-21,Cancabato Bay,31.28644672036171,33.23313086293638,-0.07751701399683952,-0.014038514345884323,7.171850070357323,0.46042708,16.24811765713433,-1.4983972684702054,-0.0804036018286106,,1.5005529358693037,0.11552796324470246
2022-07-22,Cancabato Bay,31.350169368088245,33.26975307427347,-0.08301034569740295,-0.0024414807558059692,7.171850070357323,0.8640028,0.40183884267228104,-1.6416943186726682,0.4458599608829541,,1.7011617620557622,0.11803224808699864
2022-07-23,Cancabato Bay,31.427808456122875,33.234656788408756,-0.07446516305208206,-0.03418073058128357,7.171850070357323,3.0507812,2.010643444883938,-0.6306154815504639,-0.016788574503155997,,0.6308389190633148,0.12053653292929481
2022-07-24,Cancabato Bay,31.457106225192547,33.13241978175938,-0.04821924492716789,-0.02075258642435074,7.171850070357323,0.9718883,8.8884990527607,-0.33272974627154017,-0.0026337095594593423,,0.33274016962183434,0.123040817771591
2022-07-25,Cancabato Bay,31.280587166547775,33.10800497420132,-0.01892147585749626,-0.04211554303765297,7.171850070357323,0.8070705,5.936432948127723,0.2729841868082683,0.4824210401219126,,0.5543017465241108,0.12554510261388716
2022-07-26,Cancabato Bay,31.53547775745392,33.1095308996737,-0.009765923023223877,-0.015259254723787308,7.171850070357323,1.5200773,0.0,0.6136962091380275,0.719706441271688,,0.9458331770023418,0.12804938745618333
2022-07-27,Cancabato Bay,31.637287504971027,33.15378273837268,0.027466658502817154,-0.04943998530507088,7.171850070357323,0.998641,2.823676124167519,1.179749321183037,0.30852289876146993,,1.2194239787260281,0.13055367229847953
2022-07-28,Cancabato Bay,31.635822616517544,33.19803457707167,0.0555436871945858,-0.032959990203380585,7.171850070357323,1.0929046,14.601524180878467,1.7740703229404098,0.6169144002194492,,1.8782728470422,0.1330579571407757
2022-07-29,Cancabato Bay,31.537675090134144,33.237708639353514,0.051271095871925354,-0.015259254723787308,7.171850070357323,1.0929419,17.61242822641001,0.9699421418018831,1.182043344904573,,1.5290566463268833,0.13556224198307187
2022-07-30,Cancabato Bay,31.431470677256584,33.25144196860492,0.019531846046447754,-0.004272591322660446,7.171850070357323,1.0910064,15.221093124474963,0.19815316644158812,1.287311888644315,,1.3024732534742587,0.13806652682536805
2022-07-31,Cancabato Bay,31.435132898390293,33.24076049029827,-0.0238044373691082,0.010986663401126862,7.171850070357323,0.55975384,1.1255156422575443,-1.298613698302419,1.194249967141966,,1.7642648671436139,0.14057081166766422
2022-08-01,Cancabato Bay,31.38898891210556,33.23923456482589,-0.046388134360313416,0.005493331700563431,7.171850070357323,0.61361176,0.0,-1.4141257883742928,0.9115999114791528,,1.6824880813705678,0.1430750965099604
2022-08-02,Cancabato Bay,31.468092888593674,33.26517529785633,-0.06469924002885818,-0.001831110566854477,7.171850070357323,0.6042005,0.0,-1.9618487046370197,0.5184227995631271,,2.029190118986593,0.14557938135225656
2022-08-03,Cancabato Bay,31.406567573547363,33.27738270163536,-0.059205908328294754,-0.0048829615116119385,7.171850070357323,0.6545036,4.766050774449358,-1.630520479374544,0.6282858651404184,,1.747380943582434,0.14808366619455274
2022-08-04,Cancabato Bay,31.20514541119337,33.152256812900305,-0.014038514345884323,0.009155552834272385,7.171850070357323,1.1014099,35.68208408051025,-0.18014697715739894,1.4497111605342194,,1.4608611783316108,0.1505879510368489
2022-08-05,Cancabato Bay,30.859431736171246,33.07443461380899,0.0,-0.006103701889514923,7.171850070357323,1.235132,20.90795069076002,-0.4603201464544849,1.4254245905106215,,1.497908508709478,0.15309223587914508
2022-08-06,Cancabato Bay,30.768608652055264,33.07138276286423,-0.01037629321217537,-0.0006103701889514923,7.171850070357323,1.0826715,12.945983563749174,-0.49887101409010637,1.3010190810141649,,1.3933854232990357,0.15559652072144126
2022-08-07,Cancabato Bay,30.72246466577053,33.01492352038622,0.008545182645320892,-0.02136295661330223,7.171850070357323,1.0213957,6.387954158904835,-0.2668756122373218,0.5860030855695215,,0.6439116466597302,0.15810080556373746
2022-08-08,Cancabato Bay,30.830866411328316,33.05764943361282,-0.04577776417136192,-0.05066072568297386,7.171850070357323,2.882988,6.387954158904835,-0.16730756708974787,0.16212983769174266,,0.23297619250782106,0.1606050904060336
2022-08-09,Cancabato Bay,30.997863695025444,32.94015317223966,-0.012817773967981339,-0.07263405248522758,7.171850070357323,2.8916636,6.387954158904835,0.2797944590356395,-0.11185242461122798,,0.30132358719233476,0.1631093752483298
2022-08-10,Cancabato Bay,31.227118737995625,33.05001980625093,-0.024414807558059692,-0.07507553324103355,7.171850070357323,1.1271716,1.724367517251938,0.2722376939963458,0.12718912012501607,,0.30048366729428705,0.16561366009062597
2022-08-11,Cancabato Bay,31.514236874878407,33.08664201758802,-0.019531846046447754,-0.06958220154047012,7.171850070357323,1.1206391,0.0,0.46729703521199806,0.06104158124242981,,0.47126700898588214,0.16811794493292215
2022-08-12,Cancabato Bay,31.63875239342451,33.092745719477534,-0.014648884534835815,-0.07751701399683952,7.171850070357323,0.5404407,3.3085664701157103,0.32722271835316574,-0.15783169837382408,,0.3632981591172752,0.17062222977521832
2022-08-13,Cancabato Bay,31.53181553632021,33.0378124024719,-0.04516739398241043,-0.02136295661330223,7.171850070357323,0.54052776,6.316290504254472,-0.04542065261555313,0.2853415972587831,,0.28893401116901474,0.1731265146175145
2022-08-14,Cancabato Bay,31.329660929739475,33.066804986447096,-0.0030518509447574615,-0.010986663401126862,7.171850070357323,0.3319115,13.73922109756226,0.7900205992418671,1.1452783074657646,,1.3913284834208366,0.17563079945981067
2022-08-15,Cancabato Bay,31.23737295717001,33.127842005342245,-0.021973326802253723,-0.001831110566854477,7.171850070357323,0.41409868,0.0,0.5142407504315465,1.0927444735529461,,1.2076978239132938,0.17813508430210684
2022-08-16,Cancabato Bay,31.558915972709656,33.176671620458364,-0.029908139258623123,-0.0012207403779029846,7.171850070357323,0.8356935,0.0,0.2688771034394052,0.9937589639713044,,1.0294910272689533,0.180639369144403
2022-08-17,Cancabato Bay,31.608722180128098,33.175145694985986,-0.043336283415555954,-0.059816278517246246,7.171850070357323,0.96601427,6.946303080446042,-0.6467238311873323,0.21328290364130398,,0.6809855437608693,0.18314365398669918
2022-08-18,Cancabato Bay,31.550126641988754,33.236182713881135,-0.059205908328294754,0.0012207403779029846,7.171850070357323,0.8722775,2.9104388228620586,-1.066021618542371,0.684632875071742,,1.2669349883986534,0.18564793882899538
2022-08-19,Cancabato Bay,31.467360444366932,33.249916043132544,-0.051271095871925354,-0.03479110077023506,7.171850070357323,1.395963,3.3262159995758496,-0.8856857266319242,0.5285472614876968,,1.0314074917246159,0.18815222367129153
2022-08-20,Cancabato Bay,31.69954526424408,33.259071595966816,-0.03234962001442909,-0.03418073058128357,7.171850070357323,1.8328311,2.2433294914781863,0.6004025513703402,0.21846174720143802,,0.6389121682064907,0.19065650851358773
2022-08-21,Cancabato Bay,31.471755109727383,33.272804925218225,0.017090365290641785,-0.06836146116256714,7.171850070357323,1.8373597,4.496441176143318,1.8407041536905278,0.19991139587394413,,1.8515281114835471,0.19316079335588388
2022-08-22,Cancabato Bay,31.247627176344395,33.33841972053051,0.017700735479593277,-0.0030518509447574615,7.171850070357323,1.7525954,11.468982177039686,1.2753622372724853,1.9648301783982698,,2.3424573563258853,0.19566507819818008
2022-08-23,Cancabato Bay,31.121646769344807,33.38267155922949,-0.030518509447574615,0.0158696249127388,7.171850070357323,0.56337166,0.0,-0.9819953726356314,2.3520364666348605,,2.5488017679407693,0.19816936304047622
2022-08-24,Cancabato Bay,31.167058311402798,33.405560441315174,-0.06164738908410072,0.004272591322660446,7.171850070357323,0.5555016,4.848702625725598,-1.5062863919828031,0.8848479271045208,,1.7469557947394485,0.20067364788277242
2022-08-25,Cancabato Bay,31.195623636245728,33.429975248873234,-0.07080294191837311,-0.006103701889514923,7.171850070357323,0.561334,0.0,-1.844901218621388,0.3646239045311217,,1.880587966096296,0.2031779327250686
2022-08-26,Cancabato Bay,31.263740949332714,33.4467604290694,-0.04455702379345894,-0.043336283415555954,7.171850070357323,0.37010843,7.066348081960466,-0.37968648248303716,-0.23870136325313634,,0.44848652800195393,0.20568221756736477
2022-08-27,Cancabato Bay,31.473952442407608,33.46049375832081,-0.04821924492716789,0.006714072078466415,7.171850070357323,0.9681707,0.0,-0.6672281100915743,1.0528261101143992,,1.2464494249808098,0.20818650240966094
2022-08-28,Cancabato Bay,31.509842209517956,33.512375224381685,-0.06408886983990669,0.01037629321217537,7.171850070357323,2.5919423,0.0,-1.3337075512578291,1.3280210389251603,,1.8821306309897878,0.2106907872519571
2022-08-29,Cancabato Bay,31.577959522604942,33.54441965930164,-0.08545182645320892,-0.0024414807558059692,7.171850070357323,0.35288015,0.872179212661597,-1.170274061703963,0.6009346835468404,0.21319507209425329,1.3155469863849913,0.21319507209425329
2022-08-30,Cancabato Bay,31.807214565575123,33.55815298855305,-0.06653035059571266,-0.010986663401126862,7.171850070357323,0.35949185,0.9523996103305025,-0.014360458257705579,0.6011068806633937,,0.6012783920466847,0.2160574748047677
2022-08-31,Cancabato Bay,31.95370341092348,33.56273076497018,-0.02075258642435074,-0.009765923023223877,7.171850070357323,1.6344966,2.4766809795611207,0.8933712365198259,0.7455940316802333,,1.163624779006595,0.2189198775152821
2022-09-01,Cancabato Bay,31.94857630133629,33.60240482725203,0.01892147585749626,-0.0030518509447574615,7.171850070357323,1.6345623,0.0,1.1293071006676652,1.532224930525102,,1.9034305254831503,0.22178228022579652
2022-09-02,Cancabato Bay,31.984466068446636,33.6405529640615,-0.009155552834272385,0.017700735479593277,7.171850070357323,0.7400296,0.0,0.5597879339734961,1.832294851121574,,1.9158984713363456,0.22464468293631093
2022-09-03,Cancabato Bay,32.08481092751026,33.67259739898145,-0.025025177747011185,0.0158696249127388,7.171850070357323,0.73992866,0.23374310697610387,0.020777015219001327,1.4220690224126076,,1.4222207946964354,0.22750708564682534
2022-09-04,Cancabato Bay,32.0591753795743,33.63597518764436,-0.040894802659749985,0.0158696249127388,7.171850070357323,0.6873451,2.651489908321978,-0.9418295463807426,1.456740391918076,,1.7346859842292452,0.23036948835733975
2022-09-05,Cancabato Bay,31.87606432288885,33.62376778386533,-0.035401470959186554,0.0024414807558059692,7.171850070357323,0.63560396,4.651163964987563,-0.49261650691601877,0.8350184149652906,,0.9694982084652278,0.23323189106785414
2022-09-06,Cancabato Bay,31.81014434248209,33.59172334894538,-0.03418073058128357,0.0048829615116119385,7.171850070357323,0.60527974,3.276628981763944,-0.6855465524822826,0.8972425630445651,,1.1291670791158956,0.23609429377836855
2022-09-07,Cancabato Bay,32.073824264109135,33.59935297630727,-0.04028443247079849,-0.02136295661330223,7.171850070357323,1.2072344,7.078968937785482,-0.495547961461734,0.14124452393113893,,0.5152841911502956,0.23895669648888296
2022-09-08,Cancabato Bay,32.111178919672966,33.561204839497805,-0.043336283415555954,-0.040894802659749985,7.171850070357323,1.1670403,11.153837965700193,0.18309386251814844,0.17555103326234844,,0.2536563182167809,0.24181909919939737
2022-09-09,Cancabato Bay,31.9119540899992,33.57646409422159,-0.003662221133708954,-0.059816278517246246,7.171850070357323,1.4643255,8.49361648727149,1.2184950832297332,0.2853034545268824,,1.2514504900394612,0.24468150190991178
2022-09-10,Cancabato Bay,32.02548294514418,33.596301125362515,-0.010986663401126862,-0.05066072568297386,7.171850070357323,1.572119,0.0,0.9561046292804408,0.43137834459839236,,1.0489153151327033,0.2475439046204262
2022-09-11,Cancabato Bay,32.09213536977768,33.63750111311674,0.011597033590078354,-0.04577776417136192,7.171850070357323,1.3082474,0.0,1.4991801903632804,0.5661305237873842,,1.6025120945382783,0.2504063073309406
2022-09-12,Cancabato Bay,32.168309569358826,33.67564924992621,-0.006103701889514923,-0.0555436871945858,7.171850070357323,0.83539844,0.0,1.771332348871793,0.28890535941050166,,1.7947380301469555,0.253268710041455
2022-09-13,Cancabato Bay,32.224707774817944,33.70921961031854,-0.003662221133708954,-0.031128879636526108,7.171850070357323,0.5725718,0.0,1.4130338663095474,0.9839606768926867,0.2561311127519694,1.7218720396733382,0.2561311127519694
2022-09-14,Cancabato Bay,32.212988667190075,33.73210849240422,0.023194067180156708,-0.019531846046447754,7.171850070357323,1.9824148,11.064224186796732,2.002235502920241,0.8138736849102145,,2.16132769013484,0.25839190838480136
2022-09-15,Cancabato Bay,31.98593095690012,33.75041959807277,0.023194067180156708,-0.006103701889514923,7.171850070357323,0.59548163,0.8989567634777521,2.280591162833366,1.6958722070282897,,2.8420201608300824,0.2606527040176333
2022-09-16,Cancabato Bay,31.70027770847082,33.79467143677175,0.011597033590078354,0.011597033590078354,7.171850070357323,0.59426314,0.0,1.7256615282509455,2.0967294062277158,,2.7155444966020017,0.2629134996504653
2022-09-17,Cancabato Bay,31.66731771826744,33.82976772263646,0.009765923023223877,0.010986663401126862,7.171850070357323,0.5805129,0.5319640293669777,1.4425892762703831,1.3697331713925172,,1.9892794627259667,0.2651742952832972
2022-09-18,Cancabato Bay,31.840907000005245,33.85723438113928,0.014038514345884323,0.0012207403779029846,7.171850070357323,0.5573188,10.599014845899882,1.2975197684327016,0.5697488452138569,,1.4170996069776376,0.26743509091612916
2022-09-19,Cancabato Bay,31.852626107633114,33.86333808302879,0.007324442267417908,0.004272591322660446,7.171850070357323,0.9090594,6.536372721766513,0.9330140010510343,0.8990998899008669,,1.295722091413514,0.2696958865489611
2022-09-20,Cancabato Bay,31.94051941484213,33.88775289058685,0.0079348124563694,-0.010986663401126862,7.171850070357323,1.5532931,4.063176784271631,1.1934054122011886,0.4115728766627939,,1.2623821571440148,0.27195668218179303
2022-09-21,Cancabato Bay,31.962492741644382,33.89538251794875,-0.03906369209289551,-0.0006103701889514923,7.171850070357323,2.8137941,12.257115655052017,0.748688234526171,0.5594605102250471,,0.9346283405820651,0.274217477814625
2022-09-22,Cancabato Bay,31.898037649691105,33.910641772672534,0.001831110566854477,-0.036011841148138046,7.171850070357323,1.5437404,0.0,1.6452246133051343,-0.5095770059708058,,1.7223335197455802,0.27647827344745696
2022-09-23,Cancabato Bay,31.610919512808323,33.909115847200155,0.012817773967981339,-0.023194067180156708,7.171850070357323,0.6649473,8.720834754907287,2.895059304029184,-0.941586567089392,,3.044331394110886,0.2787390690802889
2022-09-24,Cancabato Bay,31.141422763466835,33.9060639962554,0.0030518509447574615,0.0,7.171850070357323,0.5973289,6.39613373591877,2.265450182619754,0.16519384148435354,,2.271465063608999,0.28099986471312083
2022-09-25,Cancabato Bay,30.937070824205875,33.90453807078302,-0.012817773967981339,0.008545182645320892,7.171850070357323,0.6310066,7.7204608098386585,1.4399692938988138,1.509934694339068,,2.086483728319074,0.28326066034595276
2022-09-26,Cancabato Bay,30.917294830083847,33.910641772672534,-0.017090365290641785,0.0048829615116119385,7.171850070357323,0.73265415,4.875195886380375,0.7031365652562399,1.3098179137742556,,1.4866149456548208,0.28552145597878476
2022-09-27,Cancabato Bay,31.08209478110075,33.86486400850117,-0.009765923023223877,-0.006103701889514923,7.171850070357323,0.9302302,7.621623752977902,0.5184203897125039,0.6831308643766683,,0.8575706841617654,0.2877822516116167
2022-09-28,Cancabato Bay,31.040345460176468,33.84502697736025,-0.0476088747382164,-0.01342814415693283,7.171850070357323,1.0464911,5.33605710081399,-0.20373961831328777,0.2797019293027928,,0.3460390170575403,0.2900430472444486
2022-09-29,Cancabato Bay,31.066713452339172,33.83129364810884,-0.08789330720901489,-0.006714072078466415,7.171850070357323,1.346166,6.798937712995389,-1.5965072171851653,0.6289910294217087,,1.7159443492191992,0.29230384287728056
2022-09-30,Cancabato Bay,30.901181057095528,33.79619736224413,-0.0714133121073246,0.0006103701889514923,7.171850070357323,1.5565336,4.60899574154863,-1.5470128097939528,0.3032088542981412,,1.5764467142886156,0.2945646385101125
2022-10-01,Cancabato Bay,30.87334817647934,33.78551588393748,-0.08545182645320892,-0.01037629321217537,7.171850070357323,1.6028304,0.0,-1.626779514858205,-0.22712903428666997,,1.6425587320331325,0.2968254341429445
2022-10-02,Cancabato Bay,30.814752638339996,33.78246403299272,-0.10254219174385071,-0.0006103701889514923,7.171850070357323,0.6462465,0.22263164337450705,-2.3280404060700395,0.35716768747445593,,2.35527936544067,0.2990862297757764
2022-10-03,Cancabato Bay,30.759819321334362,33.77483440563083,-0.12024292722344398,-0.0006103701889514923,7.171850070357323,0.5460503,15.22257767241603,-1.9419611840304287,0.6561271886017065,,2.049808802767527,0.30134702540860836
2022-10-04,Cancabato Bay,30.818414859473705,33.76720477826893,-0.14709921553730965,-0.009155552834272385,7.171850070357323,1.4021771,5.828393901879795,-1.201666361631877,-0.11692449076673017,,1.2073414517934238,0.3036078210414403
2022-10-05,Cancabato Bay,30.699758894741535,33.75041959807277,-0.1348918117582798,-0.009765923023223877,7.171850070357323,1.2559155,7.611288836208015,-1.757155909883037,-0.16852923718961565,,1.7652192485424005,0.30586861667427223
2022-10-06,Cancabato Bay,30.671193569898605,33.74889367260039,-0.13367107138037682,-0.007324442267417908,7.171850070357323,0.60666937,12.879624158048784,-1.859984102467242,-0.18973387716878892,,1.8696362762784566,0.3081294123071042
2022-10-07,Cancabato Bay,30.67778556793928,33.716849237680435,-0.11352885514497757,-0.012207403779029846,7.171850070357323,0.6072637,12.879624158048784,-0.9810466462344819,-0.4908538536321597,,1.0969913526156285,0.31039020793993616
2022-10-08,Cancabato Bay,30.59501937031746,33.71074553579092,-0.09582811966538429,-0.01037629321217537,7.171850070357323,0.44013697,0.9781309956559741,-0.7373806888882573,-0.5406783840953133,,0.9143650230478197,0.3126510035727681
2022-10-09,Cancabato Bay,30.8411206305027,33.718375163152814,-0.08545182645320892,-0.01831110566854477,7.171850070357323,0.726164,0.0,0.4402462556858377,-0.5054993363995287,,0.6703330103357314,0.31491179920560003
2022-10-10,Cancabato Bay,30.87408062070608,33.739738119766116,-0.030518509447574615,-0.014038514345884323,7.171850070357323,1.02778,0.0,2.05287994884624,-0.6145959741993793,,2.1429055732525932,0.31717259483843196
2022-10-11,Cancabato Bay,30.92681660503149,33.751945523545146,-0.02136295661330223,-0.007324442267417908,7.171850070357323,0.8964295,0.0,1.7866928693630815,0.13270503429871944,,1.7916143657498131,0.31943339047126396
2022-10-12,Cancabato Bay,31.109927661716938,33.7626270018518,-0.01037629321217537,-0.003662221133708954,7.171850070357323,2.2285278,7.022586595516998,1.3704046111482489,0.23895248267468314,,1.3910812655027662,0.3216941861040959
2022-10-13,Cancabato Bay,31.145084984600544,33.764152927324176,-0.0024414807558059692,-0.008545182645320892,7.171850070357323,0.98389125,6.556702343038859,2.422553749110909,-0.1511185352343504,0.3239549817369278,2.4272625484324304,0.3239549817369278
2022-10-14,Cancabato Bay,30.921689495444298,33.742789970710874,0.020142216235399246,-0.0006103701889514923,7.171850070357323,0.59207785,6.556702343038859,3.0415453132070724,-0.30315814422498155,,3.056616225943624,0.3171397801587565
2022-10-15,Cancabato Bay,30.94659259915352,33.72447886504233,0.051881466060876846,0.01831110566854477,7.171850070357323,0.55800426,0.0,1.6022208436969023,1.5528681360290137,,2.231257734971699,0.31032457858058515
2022-10-16,Cancabato Bay,31.022766798734665,33.71379738673568,0.05859553813934326,0.01831110566854477,7.171850070357323,0.6239021,3.008177301754205,1.4459423154186337,1.3226474909618289,,1.9596289355043266,0.3035093770024138
2022-10-17,Cancabato Bay,30.93121127039194,33.692434430122375,0.029908139258623123,0.015259254723787308,7.171850070357323,0.63214916,6.172682626559713,0.7448812887007163,1.282237346576031,,1.4828960675687224,0.2966941754242425
2022-10-18,Cancabato Bay,31.01617480069399,33.643604815006256,-0.001831110566854477,0.012817773967981339,7.171850070357323,0.5285334,17.93245982209715,0.09265393895787878,0.8861536720823987,,0.8909843337284499,0.28987897384607114
2022-10-19,Cancabato Bay,30.949522376060486,33.38419748470187,-0.04211554303765297,0.02685628831386566,7.171850070357323,0.30567616,13.269949760680763,-0.5462385486251187,1.1123713726643796,,1.2392524451165357,0.2830637722678998
2022-10-20,Cancabato Bay,30.857966847717762,33.501693746075034,-0.03662221133708954,0.006714072078466415,7.171850070357323,0.29665738,4.5345019456296685,-1.173325872828818,0.9576760474295564,,1.514541850088602,0.27624857068972847
2022-10-21,Cancabato Bay,30.895321503281593,33.49253819324076,-0.06408886983990669,0.0030518509447574615,7.171850070357323,0.33177036,0.0,-1.8337421421642304,0.6786507266199487,,1.9552946204321344,0.26943336911155713
2022-10-22,Cancabato Bay,30.876277953386307,33.4253974724561,-0.056764427572488785,-0.01892147585749626,7.171850070357323,0.5464933,5.6423435500635515,-1.3891105660667429,-0.7641107559093954,,1.5854000794924588,0.2626181675333858
2022-10-23,Cancabato Bay,30.907773055136204,33.38419748470187,-0.039674062281847,-0.017700735479593277,7.171850070357323,0.4257263,10.001507823078779,-1.095165286611591,-0.5692343101074085,,1.2342668693611223,0.25580296595521446
2022-10-24,Cancabato Bay,30.91875971853733,33.3964048884809,-0.01037629321217537,-0.017700735479593277,7.171850070357323,0.44160712,11.924603707493304,-0.592280283236399,-0.8178127419731035,,1.0097591865609121,0.24898776437704312
2022-10-25,Cancabato Bay,30.866756178438663,33.36283452808857,0.01342814415693283,-0.02075258642435074,7.171850070357323,0.47052124,31.29237508012083,0.04627180639219823,-1.431363702426196,,1.4321114232803345,0.24217256279887178
2022-10-26,Cancabato Bay,30.66093935072422,33.34910119883716,0.0030518509447574615,-0.007324442267417908,7.171850070357323,0.5238127,39.65787214212144,-0.7828376485393244,-0.7207354647811992,,1.064093226256022,0.23535736122070045
2022-10-27,Cancabato Bay,30.66093935072422,33.31553083844483,0.07995849475264549,-0.01342814415693283,7.171850070357323,1.5749022,30.952829851510046,2.2078097020266214,-1.639052533998752,,2.7497121466747405,0.2285421596425291
2022-10-28,Cancabato Bay,30.221472814679146,33.26517529785633,0.11535996571183205,0.015259254723787308,7.324442625045776,1.6063131,60.2142524780176,3.002103401954247,1.6851298517155355,,3.442715128088307,0.22172695806435777
2022-10-29,Cancabato Bay,29.7439191788435,33.21634568274021,0.07568590342998505,0.011597033590078354,7.171850070357323,2.5087318,25.806108764185314,-0.5695818780228017,3.8325899494633324,,3.874683114333265,0.21491175648618643
2022-10-30,Cancabato Bay,29.78200627863407,33.21787160821259,-0.024414807558059692,0.010986663401126862,7.171850070357323,2.9509172,0.0,-1.681312580421467,2.370980589680045,,2.906606431858814,0.2080965549080151
2022-10-31,Cancabato Bay,29.97390666604042,33.22092345915735,-0.043946653604507446,0.01037629321217537,7.171850070357323,5.995545,0.0,-1.6361877073947542,1.6245967333408782,,2.3057373570750754,0.20128135332984376
2022-11-01,Cancabato Bay,30.340861223638058,33.23923456482589,-0.019531846046447754,0.014648884534835815,7.171850070357323,8.36854,5.166630032725228,-0.8086849533401811,0.9332617990798229,,1.2348882295092616,0.1944661517516724
2022-11-02,Cancabato Bay,30.160679943859577,33.23923456482589,-0.017700735479593277,0.0,7.171850070357323,8.3684435,13.00745085786326,-1.6061510621165813,0.4173018397291363,,1.6594764414656642,0.18765095017350106
2022-11-03,Cancabato Bay,30.241981253027916,33.248390117660165,-0.03357036039233208,-0.0079348124563694,7.171850070357323,4.142169,13.00745085786326,-1.8420851761817272,-0.22266787225860293,,1.855494213853721,0.18083574859532972
2022-11-04,Cancabato Bay,30.35404521971941,33.26364937238395,-0.03784295171499252,-0.006714072078466415,7.171850070357323,0.98657924,0.0,-2.023509210652418,-0.3372376953434741,,2.051418725847005,0.17402054701715838
2022-11-05,Cancabato Bay,30.493942067027092,33.26670122332871,-0.04211554303765297,-0.0158696249127388,7.171850070357323,6.617988,13.00745085786326,-1.374621077397867,-0.7232070154503769,,1.553258347353432,0.16720534543898705
2022-11-06,Cancabato Bay,30.442670971155167,33.249916043132544,-0.05798516795039177,-0.009155552834272385,7.171850070357323,1.8640698,10.12729570126762,-1.6844170426738596,-0.4004629834415896,,1.731366909339869,0.1603901438608157
2022-11-07,Cancabato Bay,30.34525588899851,33.231604937464,-0.08301034569740295,-0.009765923023223877,7.171850070357323,1.1572325,0.0,-1.6578472746137276,-0.02634433131483417,0.15357494228264437,1.6580565761567336,0.15357494228264437
2022-11-08,Cancabato Bay,30.3503829985857,33.22702716104686,-0.0952177494764328,-0.01037629321217537,7.171850070357323,0.74947333,2.6137576240320177,-2.0317587481549606,-0.20869272805493927,,2.0424485955458525,0.15996237594432638
2022-11-09,Cancabato Bay,30.244911029934883,33.22092345915735,-0.08178960531949997,-0.006103701889514923,7.171850070357323,0.71655613,42.939024160464356,-2.4250306622705,0.0040918292060793775,,2.4250341144030014,0.16634980960600837
2022-11-10,Cancabato Bay,30.154820390045643,33.2026123534888,-0.07629627361893654,-0.003662221133708954,7.171850070357323,1.2615075,25.49166513327212,-2.604544890507949,0.4282934135034748,,2.6395244523818153,0.17273724326769038
2022-11-11,Cancabato Bay,30.159215055406094,33.19650865159929,-0.0714133121073246,-0.0048829615116119385,7.171850070357323,0.9978994,0.6295320401176479,-2.3194769874514596,0.18158930412036053,,2.326574342394374,0.17912467692937237
2022-11-12,Cancabato Bay,30.27567368745804,33.213293831795454,-0.07202368229627609,-0.0079348124563694,7.171850070357323,5.0828295,0.0,-2.417347226194654,-0.0909829890653646,0.18551211059105438,2.419058807943754,0.18551211059105438
2022-11-13,Cancabato Bay,30.35404521971941,33.22702716104686,-0.06653035059571266,-0.010986663401126862,7.171850070357323,1.1849141,8.86335375362311,-2.61813507996522,-0.707253035069283,,2.711980485283624,0.18381590203406525
2022-11-14,Cancabato Bay,30.36649677157402,33.234656788408756,-0.05615405738353729,-0.01037629321217537,7.171850070357323,0.78615135,2.8477704715424075,-2.6877493418840923,-0.6678297652138604,,2.7694752427317293,0.18211969347707613
2022-11-15,Cancabato Bay,30.408978536725044,33.234656788408756,-0.05066072568297386,-0.012207403779029846,7.171850070357323,0.9708462,26.390232433526283,-2.6112559748786404,-0.9220938585073848,,2.769280565460357,0.18042348492008697
2022-11-16,Cancabato Bay,30.330607004463673,33.22702716104686,-0.04943998530507088,-0.006103701889514923,7.171850070357323,0.95823896,11.852903216791612,-2.7073898455870293,-0.1775531925761857,,2.713205652393816,0.17872727636309785
2022-11-17,Cancabato Bay,29.919705793261528,33.03628647699952,-0.06897183135151863,-0.01342814415693283,7.171850070357323,0.95811665,22.997342874447764,-2.9919041796406916,-0.207184707025205,,2.9990692094342473,0.17703106780610872
2022-11-18,Cancabato Bay,29.39674061536789,32.68532361835241,-0.09643848985433578,-0.021973326802253723,7.171850070357323,0.95162445,30.311326828246678,-2.7969856140216467,-0.19671240489569344,,2.803894487188114,0.1753348592491196
2022-11-19,Cancabato Bay,29.32349619269371,32.741782860830426,-0.038453321903944016,-0.003662221133708954,7.171850070357323,1.2503911,22.69246980100394,-1.7889744478165344,0.5154472288509307,,1.8617506333208478,0.17363865069213047
2022-11-20,Cancabato Bay,29.357921071350574,32.729575457051396,-0.04699850454926491,-0.009765923023223877,7.171850070357323,1.69363,13.122969705075883,-2.438539535406143,0.5632124802454376,,2.502735176490518,0.17194244213514132
2022-11-21,Cancabato Bay,29.497085474431515,32.732627307996154,-0.04272591322660446,0.0,7.171850070357323,1.6509347,0.46066112030809303,-2.1074299053386887,0.5971554633678314,,2.190400751768015,0.1702462335781522
2022-11-22,Cancabato Bay,29.59376811236143,32.766197668388486,-0.04821924492716789,-0.0030518509447574615,7.171850070357323,2.9003475,0.0,-2.3874957440879223,0.5876006060919934,0.16855002502116306,2.4587416294351914,0.16855002502116306
2022-11-23,Cancabato Bay,29.67873164266348,32.767723593860865,-0.06286812946200371,-0.003662221133708954,7.171850070357323,0.44777033,31.104923680948374,-2.8306396825397826,0.3081262941640253,,2.8473606771050584,0.16160347337792075
2022-11-24,Cancabato Bay,29.709494300186634,32.79824210330844,-0.07629627361893654,-0.0012207403779029846,7.171850070357323,0.8004013,9.709368803249761,-3.7520993963679095,0.8381951244082841,,3.844583325512174,0.1546569217346784
2022-11-25,Cancabato Bay,29.69557785987854,32.8226569108665,-0.06164738908410072,-0.004272591322660446,7.171850070357323,0.8787232,0.0,-1.9195694860064914,0.2761435727099399,,1.9393303700907267,0.1477103700914361
2022-11-26,Cancabato Bay,29.848658703267574,32.85927912220359,-0.059205908328294754,-0.009765923023223877,7.171850070357323,0.70989025,0.0,-2.191717672028589,-0.7529573297357415,,2.3174492646625935,0.14076381844819374
2022-11-27,Cancabato Bay,29.865504920482635,32.89742725901306,-0.051881466060876846,-0.014648884534835815,7.171850070357323,2.7380476,23.417210900364594,-2.2693382548691092,-1.4330445207770746,0.13381726680495143,2.6839360487056263,0.13381726680495143
2022-11-28,Cancabato Bay,29.907254241406918,32.90810873731971,-0.06714072078466415,-0.009155552834272385,7.171850070357323,2.8968365,0.0,-2.8168296066325165,-0.2976475775338232,,2.8325118028374128,0.13878098177289835
2022-11-29,Cancabato Bay,29.984893329441547,32.92794576846063,-0.07751701399683952,-0.01037629321217537,7.171850070357323,2.4186454,1.4464120552562678,-2.9385943888626582,-0.4404246636366673,,2.9714156334303974,0.1437446967408453
2022-11-30,Cancabato Bay,29.869167141616344,32.90963466279209,-0.08362071588635445,-0.011597033590078354,7.171850070357323,1.2147502,0.9312056695310453,-3.2465970106999458,-0.45053978962060015,,3.2777092994829786,0.14870841170879223
2022-12-01,Cancabato Bay,29.803979605436325,32.90810873731971,-0.08239997550845146,-0.009765923023223877,7.171850070357323,0.4783279,0.0,-3.111360262656879,-0.33532837462166387,,3.129378181502947,0.15367212667673916
2022-12-02,Cancabato Bay,29.750511176884174,32.900479109957814,-0.07995849475264549,-0.012207403779029846,7.171850070357323,0.42590475,22.969910944612646,-2.629996468712976,-0.5073431382748732,,2.678484363478219,0.15863584164468608
2022-12-03,Cancabato Bay,29.774681836366653,32.912686513736844,-0.08789330720901489,-0.008545182645320892,7.171850070357323,0.43088582,10.4330198284917,-2.854078016426526,-0.2164251208167672,,2.862272027038961,0.16359955661263303
2022-12-04,Cancabato Bay,29.77687916904688,32.900479109957814,-0.09765923023223877,-0.017700735479593277,7.171850070357323,0.38757852,20.8660396569834,-2.3357145466025755,-0.5363175159625297,,2.396497219096883,0.16856327158057996
2022-12-05,Cancabato Bay,29.62965787947178,32.90658281184733,-0.09460737928748131,-0.009765923023223877,7.171850070357323,0.45245075,17.719352441854753,-2.5115132323862315,-0.5008530111174079,,2.5609670937355893,0.17352698654852688
2022-12-06,Cancabato Bay,29.60182499885559,32.94015317223966,-0.09826960042119026,-0.01342814415693283,7.171850070357323,0.62834513,0.0,-2.33811657314186,-0.6954248261027647,,2.439345157693084,0.17849070151647384
2022-12-07,Cancabato Bay,29.668477423489094,32.98135315999389,-0.07446516305208206,-0.0158696249127388,7.171850070357323,0.9876247,16.770667137048502,-1.2835563664679772,-1.281963075245465,0.18345441648442076,1.8140965443419172,0.18345441648442076
2022-12-08,Cancabato Bay,29.576189450919628,32.96456797979772,-0.05005035549402237,-0.024414807558059692,7.171850070357323,1.0255964,28.241362321871925,-0.6316040869424457,-0.9252945652842989,,1.1203096693267716,0.16648645774962292
2022-12-09,Cancabato Bay,29.259041100740433,32.755516190081835,-0.0079348124563694,-0.046388134360313416,7.171850070357323,0.98965454,34.13554853981676,0.16358139609100913,-0.24289433122865317,,0.29284215763803256,0.14951849901482506
2022-12-10,Cancabato Bay,29.4494765996933,32.88521985523403,0.029908139258623123,-0.01892147585749626,7.171850070357323,0.70675457,0.0,1.540285903990586,0.7411244619137755,,1.70931159654379,0.13255054028002722
2022-12-11,Cancabato Bay,29.62599565833807,32.934049470350146,0.006714072078466415,-0.031128879636526108,7.171850070357323,0.85148036,0.0,0.9558234308409786,0.058956951295346414,,0.9576399913593109,0.11558258154522938
2022-12-12,Cancabato Bay,29.861842699348927,32.94320502318442,-0.06469924002885818,-0.020142216235399246,7.171850070357323,1.0780356,0.0,-0.30594526077423845,0.09007922414544825,0.09861462281043153,0.31893066521246066,0.09861462281043153
2022-12-13,Cancabato Bay,29.902127131819725,32.96151612885296,-0.079348124563694,-0.0238044373691082,7.171850070357323,1.1613268,0.0,-1.2040613378325191,-0.35168520086327665,,1.254370832636537,0.12159184532180838
2022-12-14,Cancabato Bay,29.8999297991395,32.9660939052701,-0.09033478796482086,-0.011597033590078354,7.171850070357323,0.7656144,0.0,-2.1752238191008484,0.00936843165351161,,2.175243993370704,0.14456906783318524
2022-12-15,Cancabato Bay,29.889675579965115,32.984405010938644,-0.0872829370200634,-0.011597033590078354,7.171850070357323,1.2026947,0.0,-3.1154487549941963,-0.6093953788955155,,3.174489513735098,0.1675462903445621
2022-12-16,Cancabato Bay,29.829615153372288,33.00271611660719,-0.08789330720901489,-0.010986663401126862,7.171850070357323,1.0463239,0.0,-2.9995912082422747,-0.636182458881529,,3.0663130201518722,0.19052351285593894
2022-12-17,Cancabato Bay,29.85451825708151,33.031708700582385,-0.08301034569740295,-0.014648884534835815,7.171850070357323,1.3146856,7.720111236023828,-2.4149139385956984,-1.1374411006864926,0.21350073536731579,2.6693785022650287,0.21350073536731579
2022-12-18,Cancabato Bay,29.680196531116962,33.02560499869287,-0.07446516305208206,-0.014648884534835815,7.171850070357323,1.314673,42.59018039398682,-2.9733749542976526,-1.5519013553272636,,3.354006027947947,0.20617165322930933
2022-12-19,Cancabato Bay,29.260505989193916,32.9447309486568,-0.06714072078466415,-0.008545182645320892,7.171850070357323,1.3068856,8.822984739614371,-2.2266799422162986,-0.7863705038170695,,2.361457629165065,0.19884257109130288
2022-12-20,Cancabato Bay,28.843745224177837,32.73720508441329,-0.08423108607530594,-0.014648884534835815,7.171850070357323,0.70664245,46.32066502433997,-2.601350620371774,-0.5640444850282764,,2.6617984956039455,0.19151348895329642
2022-12-21,Cancabato Bay,28.83715322613716,32.70363472402096,-0.06897183135151863,-0.01342814415693283,7.171850070357323,0.66788876,16.53960286771147,-0.6987115292054563,-0.3435089445797062,,0.7785860235393973,0.18418440681528997
2022-12-22,Cancabato Bay,28.7133701518178,32.65480510890484,-0.021973326802253723,-0.03234962001442909,7.171850070357323,0.54483825,4.981428484566296,0.0033383275818731064,-1.4483952048910387,,1.448399052051056,0.17685532467728352
2022-12-23,Cancabato Bay,28.735343478620052,32.50526441261172,-0.04699850454926491,-0.04028443247079849,7.171850070357323,0.63882786,16.53960286771147,-1.2884388608837767,-1.354981786468393,,1.8697728043525934,0.16952624253927706
2022-12-24,Cancabato Bay,28.459212005138397,32.56477550603449,-0.04455702379345894,-0.027466658502817154,7.171850070357323,0.6387809,49.235162869048196,-1.427388261498522,-4.449762782314738,,4.673095983171882,0.16219716040127063
2022-12-25,Cancabato Bay,27.958952598273754,32.5571458786726,-0.03723258152604103,-0.020142216235399246,7.171850070357323,0.6360146,53.31368551162866,-1.860982591325456,-3.7946197784478457,,4.226392725268676,0.15486807826326415
2022-12-26,Cancabato Bay,27.640339359641075,32.59376809000969,-0.022583696991205215,-0.023194067180156708,7.171850070357323,0.61363685,44.935548026721705,-1.3927016466422293,-3.4350640662246827,,3.706653883980541,0.14753899612525773
2022-12-27,Cancabato Bay,27.40156254172325,32.610553270205855,-0.0079348124563694,-0.016479995101690292,7.171850070357323,1.1231341,23.378843935152975,-1.3222148037860013,-2.589694479041079,,2.9077086308856153,0.14020991398725124
2022-12-28,Cancabato Bay,27.134220398962498,32.42286443710327,-0.031128879636526108,-0.02075258642435074,7.171850070357323,1.117372,25.67745683444575,-2.3526720204290545,-0.9132020765651759,,2.5236885046203064,0.13288083184924482
2022-12-29,Cancabato Bay,27.53633227944374,32.430494064465165,-0.043946653604507446,0.0048829615116119385,7.171850070357323,1.117372,0.0,-2.4607412219735987,0.9588159909009327,,2.640942154975655,0.12555174971123836
2022-12-30,Cancabato Bay,27.710654005408287,32.44727924466133,-0.03234962001442909,-0.0024414807558059692,7.171850070357323,1.2479501,0.0,-1.9774377958470006,0.440748405665827,,2.0259613504559293,0.11822266757323191
2022-12-31,Cancabato Bay,27.950163267552853,32.419812586158514,-0.040894802659749985,-0.014038514345884323,7.171850070357323,1.0073543,0.0,-1.793721466836601,-0.3897295009183895,,1.8355723315839516,0.11089358543522546
2023-01-01,Cancabato Bay,27.931852161884308,32.430494064465165,-0.03234962001442909,-0.011597033590078354,7.171850070357323,0.9843059,54.561885407176646,-2.4747434586568806,-0.766594279415477,,2.590757027472386,0.103564503297219
2023-01-02,Cancabato Bay,27.882045954465866,32.2916348464787,-0.06591998040676117,-0.01892147585749626,7.171850070357323,0.9419829,28.35316573316678,-2.993985022538032,-1.209216478928927,,3.228955064428016,0.09623542115921255
2023-01-03,Cancabato Bay,27.68794823437929,32.12225711904466,-0.07263405248522758,-0.020142216235399246,7.171850070357323,0.91774154,54.561885407176646,-3.4958983626974796,-0.6901039591450207,,3.5633620131469312,0.0889063390212061
2023-01-04,Cancabato Bay,27.324655897915363,31.743827601894736,-0.10559404268860817,-0.0048829615116119385,7.171850070357323,0.7599675,45.46823727665619,-3.5102398034523374,0.16003611327924974,,3.513886030493111,0.08157725688319964
2023-01-05,Cancabato Bay,27.469679854810238,31.827753502875566,-0.06958220154047012,-0.015259254723787308,7.171850070357323,0.8644059,18.187294618771098,-3.5557968680647685,-0.22809866546455498,,3.5631054388168093,0.07424817474519319
2023-01-06,Cancabato Bay,27.56123538315296,31.852168310433626,-0.0476088747382164,-0.02136295661330223,7.171850070357323,0.76099384,49.51200484620116,-2.7930892249347714,-1.001299484961852,,2.9671447684654,0.06691909260718673
2023-01-07,Cancabato Bay,27.530472725629807,31.911679403856397,-0.02868739888072014,-0.019531846046447754,7.171850070357323,0.77706677,25.452656209659274,-2.565220444657891,-1.9364394896794315,,3.214055666425329,0.05959001046918028
2023-01-08,Cancabato Bay,27.381786547601223,31.951353466138244,-0.017090365290641785,-0.0158696249127388,7.171850070357323,1.1742057,42.555974573373035,-2.1400601300446427,-1.8860577287616676,,2.8525551907769136,0.05226092833117382
2023-01-09,Cancabato Bay,27.13568528741598,31.771294260397553,-0.024414807558059692,-0.038453321903944016,7.171850070357323,1.2072451,50.29987614299543,-2.147779221263762,-2.1262094135454053,,3.0222048331543427,0.04493184619316737
2023-01-10,Cancabato Bay,26.614184997975826,30.710776057094336,-0.08606219664216042,-0.10986663401126862,7.171850070357323,1.2796023,38.91196043118121,-1.9141941382830456,-2.8849085638775893,,3.4622011237031605,0.03760276405516094
2023-01-11,Cancabato Bay,26.46916104108095,30.762657523155212,-0.08789330720901489,-0.09033478796482086,7.171850070357323,2.0090094,61.45814203987488,-1.9153943923197658,-3.310182147996478,,3.824400806798966,0.030273681917154488
2023-01-12,Cancabato Bay,26.568041011691093,31.070894468575716,-0.05493331700563431,-0.06591998040676117,7.171850070357323,2.062456,58.624961054744055,-1.4939566282015473,-2.206105407541689,,2.6643587363814234,0.022944599779148034
2023-01-13,Cancabato Bay,26.561449013650417,31.022064853459597,-0.08301034569740295,-0.04455702379345894,7.171850070357323,2.0762134,39.87156432886094,-2.515131889520823,-0.5054942205889063,,2.5654264418870736,0.01561551764114158
2023-01-14,Cancabato Bay,26.748222291469574,31.070894468575716,-0.06286812946200371,-0.017700735479593277,7.171850070357323,2.0835211,23.68780041655032,-1.4823968008997044,0.1776101681453082,,1.4929988771416685,0.008286435503135126
2023-01-15,Cancabato Bay,26.99212621897459,30.95797598361969,-0.07324442267417908,-0.06714072078466415,7.171850070357323,2.045415,0.0,-1.020938256894449,-0.05147728239259038,,1.0222352151013006,0.0009573533651286714
2023-01-16,Cancabato Bay,27.193548381328583,31.072420394048095,-0.08972441777586937,-0.0714133121073246,7.171850070357323,1.7446524,0.0,-0.9130993757657682,0.018110423997908544,-0.006371728772877774,0.9132789592896683,-0.006371728772877774
2023-01-17,Cancabato Bay,27.316599011421204,31.19907220825553,-0.08789330720901489,-0.04455702379345894,7.171850070357323,1.6798172,16.41704636412307,-0.9615697411858586,-0.0887245890118834,,0.9656543998033493,0.00163674389010556
2023-01-18,Cancabato Bay,27.537064723670483,31.299783289432526,-0.09277626872062683,-0.07812738418579102,7.171850070357323,0.49990195,11.43063002272536,-1.185098217469381,-0.9395675374443246,,1.5123640244558505,0.009645216553088894
2023-01-19,Cancabato Bay,27.698202453553677,31.502731377258897,-0.09765923023223877,-0.05493331700563431,7.171850070357323,0.277415,6.775097917063168,-2.5258114737213058,-1.0121369772735054,,2.721055835800975,0.01765368921607223
2023-01-20,Cancabato Bay,27.94430371373892,31.662953551858664,-0.10071108117699623,-0.036011841148138046,7.171850070357323,0.25311545,0.0,-3.8205471849518635,-0.9970009665093761,,3.948492335013991,0.02566216187905556
2023-01-21,Cancabato Bay,27.934049494564533,31.736197974532843,-0.10193182155489922,-0.03723258152604103,7.171850070357323,0.2658835,0.0,-3.6016214264543436,-1.307315595102079,,3.8315468109749258,0.0336706345420389
2023-01-22,Cancabato Bay,27.852748185396194,31.817072024568915,-0.09826960042119026,-0.02868739888072014,7.171850070357323,0.2568229,10.332292410512322,-3.409693624770071,-1.1222285183727896,,3.5896249751536513,0.04167910720502223
2023-01-23,Cancabato Bay,27.66670735180378,31.887264596298337,-0.09949034079909325,-0.02136295661330223,7.171850070357323,0.42980963,43.651825231485105,-3.186994257411662,-1.119867669597017,,3.378022497583988,0.04968757986800556
2023-01-24,Cancabato Bay,27.726035334169865,31.962034944444895,-0.09033478796482086,-0.031128879636526108,7.171850070357323,0.5105019,0.0,-2.6733461531129987,-2.4177550278185813,,3.604485959038556,0.057696052530988896
2023-01-25,Cancabato Bay,27.692342899739742,32.09173860959709,-0.07812738418579102,-0.017090365290641785,7.171850070357323,0.58714175,17.30945642002094,-3.3562758787864078,-2.5745254341959543,,4.229984513664954,0.06570452519397224
2023-01-26,Cancabato Bay,27.394238099455833,31.96661272086203,-0.08423108607530594,-0.01037629321217537,7.171850070357323,0.85585207,49.101324075327135,-2.4008276752798845,0.026404408996610236,,2.400972869318659,0.07371299785695558
2023-01-27,Cancabato Bay,27.627155363559723,32.00781270861626,-0.06958220154047012,-0.02136295661330223,7.171850070357323,1.0568717,12.443836267002094,-1.8002444104472,-0.002413909411590078,,1.8002460288263473,0.0817214705199389
2023-01-28,Cancabato Bay,27.852015741169453,32.09936823695898,-0.06653035059571266,-0.04272591322660446,7.171850070357323,0.9496502,0.0,-1.7270707751454977,-1.193828823991063,,2.09952392778781,0.08972994318292224
2023-01-29,Cancabato Bay,27.51948606222868,32.02764973975718,-0.07751701399683952,-0.04211554303765297,7.171850070357323,1.3297452,86.4921240517126,-2.9598109041964324,-1.5090421036446886,,3.3223017110389734,0.09773841584590558
2023-01-30,Cancabato Bay,27.34369944781065,31.91778310574591,-0.08606219664216042,-0.029908139258623123,7.171850070357323,1.3652227,48.28199346377827,-3.027074125298289,-0.568358519799331,,3.079969020473889,0.1057468885088889
2023-01-31,Cancabato Bay,27.52827539294958,31.997131230309606,-0.09643848985433578,-0.027466658502817154,7.171850070357323,1.3548113,0.0,-3.785730507115511,-0.6533549764079789,,3.8416960053734255,0.11375536117187224
2023-02-01,Cancabato Bay,27.74507888406515,32.04901269637048,-0.09582811966538429,-0.02075258642435074,7.171850070357323,1.8812242,0.0,-3.025427054962348,-0.5480739604961409,,3.074669727153158,0.12176383383485558
2023-02-02,Cancabato Bay,27.955290377140045,32.11462749168277,-0.09582811966538429,-0.038453321903944016,7.171850070357323,1.3151332,0.0,-2.7839090704615,-1.3887703120226564,,3.111082238089074,0.12977230649783889
2023-02-03,Cancabato Bay,28.081270784139633,32.18176821246743,-0.09094515815377235,-0.04272591322660446,7.171850070357323,1.1302195,0.0,-2.617589091836071,-1.8773713410107196,,3.221225823463418,0.13778077916082224
2023-02-04,Cancabato Bay,28.064424566924572,32.20923487097025,-0.09704886004328728,-0.03784295171499252,7.171850070357323,0.9655187,50.74327170886932,-3.150930054828294,-1.1303706187853833,,3.347551037136475,0.14578925182380556
2023-02-05,Cancabato Bay,28.126682326197624,32.261116337031126,-0.09949034079909325,-0.02868739888072014,7.171850070357323,0.60815585,0.0,-2.9501917821261157,-0.5966585286083824,,3.009922416123975,0.1537977244867889
2023-02-06,Cancabato Bay,28.185277864336967,32.311471877619624,-0.09094515815377235,-0.01831110566854477,7.171850070357323,0.62190205,0.0,-2.6139715027935817,0.24666121199324326,,2.6255835105589216,0.16180619714977224
2023-02-07,Cancabato Bay,28.267311617732048,32.38624222576618,-0.09338663890957832,-0.022583696991205215,7.171850070357323,0.43191323,16.799810596929195,-2.7697385409380058,-0.8957172366481755,,2.9109725098643646,0.16981466981275556
2023-02-08,Cancabato Bay,28.326639600098133,32.45796072296798,-0.09033478796482086,-0.02929776906967163,7.171850070357323,0.581531,0.0,-2.8850589966933704,-1.8603634194320995,,3.4328584979230428,0.1778231424757389
2023-02-09,Cancabato Bay,28.334696486592293,32.49763478524983,-0.08911404758691788,-0.02685628831386566,7.171850070357323,0.6863543,0.0,-3.130301855568193,-1.236315614220506,,3.3656003929372096,0.18583161513872223
2023-02-10,Cancabato Bay,28.413800463080406,32.52967922016978,-0.08789330720901489,-0.027466658502817154,7.171850070357323,1.3672544,0.0,-2.8432332221947862,-1.0995603822675966,0.19384008780170556,3.0484435684533526,0.19384008780170556
2023-02-11,Cancabato Bay,28.46433911472559,32.58461253717542,-0.08239997550845146,-0.028077028691768646,7.171850070357323,1.230488,0.0,-2.551249612256159,-1.2500674846294049,,2.8410461629767454,0.1932146182720267
2023-02-12,Cancabato Bay,28.48045288771391,32.65633103437722,-0.06897183135151863,-0.025025177747011185,7.171850070357323,2.6673338,0.0,-2.4436068857589093,-2.090541215988251,,3.2158322698601665,0.19258914874234787
2023-02-13,Cancabato Bay,28.375713363289833,32.59224216453731,-0.07446516305208206,-0.04455702379345894,7.171850070357323,2.6656141,33.38696006616465,-2.0777886078522365,-1.8858283651318446,,2.8059854100932853,0.191963679212669
2023-02-14,Cancabato Bay,28.339091151952744,32.6502273324877,-0.07751701399683952,-0.035401470959186554,7.171850070357323,1.9602138,42.096848234962735,-2.252291348878768,-1.3282777940078654,,2.6147921940927814,0.19133820968299015
2023-02-15,Cancabato Bay,28.273171171545982,32.68532361835241,-0.08606219664216042,-0.0317392498254776,7.171850070357323,1.9614887,0.0,-2.48557401513029,-2.2369979358099434,,3.343985339308302,0.1907127401533113
2023-02-16,Cancabato Bay,28.049043238162994,32.741782860830426,-0.11352885514497757,-0.0238044373691082,7.171850070357323,1.4314195,0.0,-3.114155011299329,-3.198236491063859,,4.463930788797379,0.19008727062363245
2023-02-17,Cancabato Bay,27.825647749006748,32.82113098539412,-0.1031525619328022,-0.020142216235399246,7.171850070357323,1.5511703,51.44249275621896,-2.3063950533127775,-3.611935036208289,,4.285502636533389,0.18946180109395358
2023-02-18,Cancabato Bay,27.533402502536774,32.633442152291536,-0.11474959552288055,-0.02868739888072014,7.171850070357323,2.3515859,83.26965603813196,-1.303010530355043,-0.5044105121791432,,1.3972352726054964,0.18883633156427473
2023-02-19,Cancabato Bay,27.4953154027462,32.239753380417824,-0.05859553813934326,0.04150517284870148,7.171850070357323,2.2882013,0.0,0.18821436572939568,2.038318618254288,,2.0469898477982222,0.1882108620345959
2023-02-20,Cancabato Bay,27.92892238497734,32.540360698476434,-0.09216589853167534,0.012207403779029846,7.171850070357323,5.0976553,0.0,-0.6088733408736919,1.3762356227362342,,1.5049090452631617,0.18758539250491704
2023-02-21,Cancabato Bay,28.283425390720367,32.53273107111454,-0.12573625892400742,-0.035401470959186554,7.171850070357323,1.1530886,23.545835577260956,-0.3164206328802886,-0.5627780978689019,,0.6456324065234812,0.18695992297523817
2023-02-22,Cancabato Bay,28.123020105063915,32.57240513339639,-0.10254219174385071,-0.0476088747382164,7.171850070357323,0.8203089,19.6533189840591,-0.765237424466703,-0.9784541276289374,,1.2421597303400789,0.18633445344555932
2023-02-23,Cancabato Bay,28.461409337818623,32.63801992870867,-0.09338663890957832,-0.03662221133708954,7.171850070357323,1.2501233,0.0,-1.5234318740044603,-0.5339796729824731,,1.6143044836372136,0.18570898391588048
2023-02-24,Cancabato Bay,28.59471418708563,32.66701251268387,-0.09826960042119026,-0.020142216235399246,7.171850070357323,1.6096326,11.772917788630478,-2.341603210600784,0.0005175861648115429,,2.3416032678042065,0.18508351438620163
2023-02-25,Cancabato Bay,28.74633014202118,32.71584212779999,-0.10864589363336563,-0.0317392498254776,7.171850070357323,1.45688,3.679729734365933,-2.629014348592734,-1.1072230516941728,,2.8526582920688965,0.18445804485652276
2023-02-26,Cancabato Bay,28.76683858036995,32.76924951933324,-0.11963255703449249,-0.030518509447574615,7.171850070357323,0.7891474,1.7230133873205216,-4.108574540655287,-2.234772026139557,,4.677027984194311,0.1838325753268439
2023-02-27,Cancabato Bay,28.51780754327774,32.790612475946546,-0.13000885024666786,-0.023194067180156708,7.171850070357323,0.77550894,40.999057617431255,-3.544179537908176,-2.5487042840068517,,4.365444092442588,0.18320710579716507
2023-02-28,Cancabato Bay,28.466536447405815,32.83333838917315,-0.14404736459255219,-0.01892147585749626,7.171850070357323,0.8322834,0.0,-3.6129073241919634,-1.5715620901601697,,3.939912021407145,0.18258163626748622
2023-03-01,Cancabato Bay,28.396954245865345,32.82113098539412,-0.14954069629311562,-0.020142216235399246,7.171850070357323,0.5259796,70.53016140971322,-3.133909839189309,-1.374274341606824,,3.421990772367224,0.18195616673780735
2023-03-02,Cancabato Bay,28.334696486592293,32.873012451455,-0.10254219174385071,-0.022583696991205215,7.171850070357323,0.80384505,0.0,-1.51000343153344,-2.869627191112234,,3.2426641175449324,0.1813306972081285
2023-03-03,Cancabato Bay,28.139133878052235,32.94320502318442,-0.06530961021780968,-0.015259254723787308,7.171850070357323,0.81604224,0.0,-1.9917313674218278,-1.8748301310582203,,2.7353211621847637,0.18070522767844965
2023-03-04,Cancabato Bay,28.233619183301926,32.99966426566243,-0.05371257662773132,-0.025025177747011185,7.171850070357323,1.034024,0.0,-0.9491478454491149,-2.4498231772821306,,2.6272638300082103,0.1800797581487708
2023-03-05,Cancabato Bay,28.28415783494711,33.031708700582385,-0.04516739398241043,-0.023194067180156708,7.171850070357323,1.0486839,0.0,-0.7415816799876708,-2.4696281490768737,,2.5785667691192717,0.17945428861909196
2023-03-06,Cancabato Bay,28.35007781535387,33.06375313550234,-0.036011841148138046,-0.025025177747011185,7.171850070357323,1.286019,0.0,-0.810792294240323,-2.1605688404557783,,2.3076918899081638,0.1788288190894131
2023-03-07,Cancabato Bay,28.424787126481533,33.09884942136705,-0.04028443247079849,-0.021973326802253723,7.171850070357323,1.2045704,0.11257299219076627,-1.4651732485518496,-2.1243474081719715,0.17820334955973424,2.580617088775271,0.17820334955973424
2023-03-08,Cancabato Bay,28.564683973789215,33.127842005342245,-0.039674062281847,-0.023194067180156708,7.171850070357323,0.59721816,0.0,-1.3915865389902564,-2.1244864534026453,,2.5396763152398436,0.1957406538301772
2023-03-09,Cancabato Bay,28.74633014202118,33.1598864402622,-0.031128879636526108,-0.025635547935962677,7.171850070357323,1.0219702,0.0,-0.6029566312998318,-1.758958459643961,,1.8594331292040316,0.21327795810062017
2023-03-10,Cancabato Bay,28.708243042230606,33.19498272612691,-0.009155552834272385,-0.023194067180156708,7.171850070357323,0.95795155,0.0,-0.5312891449270691,-2.7841205053886826,,2.8343597414659754,0.23081526237106312
2023-03-11,Cancabato Bay,28.610095515847206,33.231604937464,-0.001831110566854477,-0.01831110566854477,7.171850070357323,0.5867291,0.0,-0.5784047841199637,-3.115779437598028,,3.169011454389451,0.24835256664150607
2023-03-12,Cancabato Bay,28.637195952236652,33.26822714880109,0.008545182645320892,-0.022583696991205215,7.171850070357323,1.7485847,0.0,-0.6068389202601698,-2.6202991665524906,0.26588987091194904,2.68965075751076,0.26588987091194904
2023-03-13,Cancabato Bay,28.593981742858887,33.295693807303905,0.007324442267417908,-0.019531846046447754,7.171850070357323,1.427373,0.0,-0.9308533804001942,-2.602405911341196,,2.76387491453323,0.2609077936699366
2023-03-14,Cancabato Bay,28.736075922846794,33.320108614861965,0.004272591322660446,-0.019531846046447754,7.171850070357323,0.7491697,0.0,-0.906917601789385,-1.233486758090244,,1.5310091831270607,0.25592571642792417
2023-03-15,Cancabato Bay,28.912594981491566,33.237708639353514,-0.01831110566854477,-0.03723258152604103,7.171850070357323,0.6481231,14.555394078215091,-1.2643739797689537,-1.0809723547739203,,1.6634731114455252,0.2509436391859117
2023-03-16,Cancabato Bay,28.657704390585423,33.222449384629726,-0.03784295171499252,-0.019531846046447754,7.171850070357323,0.40690964,10.402301297781948,-2.225056216661142,-0.5814510350911386,,2.2997740048776425,0.24596156194389926
2023-03-17,Cancabato Bay,28.68480482697487,33.1812493968755,-0.05615405738353729,-0.016479995101690292,7.171850070357323,0.4450999,27.828733709292674,-2.2202386089438626,-0.8678258722719021,,2.3838165250768495,0.2409794847018868
2023-03-18,Cancabato Bay,28.700918599963188,33.16751606762409,-0.059816278517246246,-0.010986663401126862,7.171850070357323,0.63060576,14.649120697959926,-2.2859952718838725,-0.8427170455855072,,2.4363797737618382,0.23599740745987435
2023-03-19,Cancabato Bay,28.7800225764513,33.17819754593074,-0.06042664870619774,-0.016479995101690292,7.171850070357323,0.6423326,0.0,-2.042275324570552,-1.2732078057289347,,2.4066463425104323,0.23101533021786191
2023-03-20,Cancabato Bay,28.86498610675335,33.20413827896118,-0.05615405738353729,-0.010986663401126862,7.171850070357323,1.5148008,0.0,-1.8808576897127471,-0.6168779442893575,,1.9794352848987602,0.22603325297584947
2023-03-21,Cancabato Bay,29.043702498078346,33.23007901199162,-0.05615405738353729,-0.0158696249127388,7.171850070357323,0.9518013,0.0,-1.5397035044042033,-0.27765914765426486,,1.5645387447265975,0.221051175733837
2023-03-22,Cancabato Bay,29.083254486322403,33.246864192187786,-0.07507553324103355,-0.006714072078466415,7.171850070357323,1.818,0.0,-2.45146456115046,-0.026418171239576647,0.21606909849182457,2.4516069045318543,0.21606909849182457
2023-03-23,Cancabato Bay,29.149174466729164,33.25144196860492,-0.08239997550845146,-0.016479995101690292,7.171850070357323,1.4659778,12.725347829702946,-2.412029095019885,-0.027863100126340943,,2.4121900231057865,0.19610285330727079
2023-03-24,Cancabato Bay,29.28247931599617,33.248390117660165,-0.10193182155489922,-0.014038514345884323,7.171850070357323,0.496758,5.44055651247311,-2.6239094340958204,0.17003101855344327,,2.6294127225689334,0.17613660812271698
2023-03-25,Cancabato Bay,29.452406376600266,33.260597521439195,-0.119022186845541,-0.025025177747011185,7.171850070357323,0.42464203,0.0,-2.875548581929426,-0.3880983198947516,,2.9016202289309785,0.1561703629381632
2023-03-26,Cancabato Bay,29.661152981221676,33.2819604780525,-0.11535996571183205,-0.02929776906967163,7.171850070357323,1.6617761,0.0,-2.324915894076356,-0.5029630449799087,,2.3786983287387082,0.1362041177536094
2023-03-27,Cancabato Bay,29.820093378424644,33.30637528561056,-0.11230811476707458,-0.03784295171499252,7.171850070357323,0.34129998,0.0,-2.251634752428209,-0.7531624540607437,0.1162378725690556,2.374260461817373,0.1162378725690556
2023-03-28,Cancabato Bay,29.850123591721058,33.320108614861965,-0.11169774457812309,-0.03906369209289551,7.171850070357323,0.34813878,0.0,-2.588436957236167,-0.5673814243410058,,2.6498919906806115,0.12341320992233394
2023-03-29,Cancabato Bay,29.878688916563988,33.33536786958575,-0.1110873743891716,-0.032959990203380585,7.171850070357323,0.46183294,0.0,-2.2221551698194313,-0.17464328142643307,,2.2290073742593624,0.13058854727561228
2023-03-30,Cancabato Bay,29.951933339238167,33.36130860261619,-0.119022186845541,-0.023194067180156708,7.171850070357323,1.122239,0.0,-2.2904416870977236,0.05420021103171395,,2.29108288476671,0.13776388462889064
2023-03-31,Cancabato Bay,30.07937863469124,33.39793081395328,-0.1275673694908619,-0.029908139258623123,7.171850070357323,1.9156843,0.0,-2.158335219797622,-0.5265366600412894,,2.2216326823726478,0.14493922198216896
2023-04-01,Cancabato Bay,30.11673329025507,33.429975248873234,-0.11963255703449249,-0.024414807558059692,7.171850070357323,1.9156839,0.0,-1.9559352453544194,-0.25647333701506697,,1.9726787008074318,0.15211455933544732
2023-04-02,Cancabato Bay,30.2522354722023,33.46201968379319,-0.11352885514497757,-0.03784295171499252,7.171850070357323,0.28710213,0.0,-1.208056292376361,-0.4755585894460187,,1.298289635461212,0.15928989668872565
2023-04-03,Cancabato Bay,30.346720777451992,33.50932337343693,-0.09704886004328728,-0.035401470959186554,7.171850070357323,0.4439001,0.0,-1.2659380840742995,-1.1279165417086756,,1.6955220310481864,0.166465234042004
2023-04-04,Cancabato Bay,30.286660350859165,33.55052336119115,-0.079348124563694,-0.029908139258623123,7.171850070357323,0.4054105,0.0,-1.6978123515713544,-1.6793498438317223,,2.388049974168439,0.17364057139528233
2023-04-05,Cancabato Bay,30.25663013756275,33.608508529141545,-0.06408886983990669,-0.019531846046447754,7.171850070357323,0.7368874,1.9203919800706566,-0.6669759748163222,-1.073317010619123,,1.2636717755281843,0.18081590874856068
2023-04-06,Cancabato Bay,30.30057679116726,33.65428629331291,-0.05798516795039177,-0.019531846046447754,7.171850070357323,0.8608394,0.0,-0.9881363236675585,-0.49242245856320566,,1.1040349957536084,0.18799124610183904
2023-04-07,Cancabato Bay,30.34598833322525,33.68938257917762,-0.03906369209289551,-0.03418073058128357,7.171850070357323,0.7927884,0.359182807203299,-0.24334898113956566,-1.6209616853833388,,1.639126447868638,0.19516658345511737
2023-04-08,Cancabato Bay,30.220007926225662,33.622241858392954,-0.05615405738353729,-0.0317392498254776,7.171850070357323,0.41613653,16.596972710789203,-1.3931565327687312,-1.7680512909581907,,2.2509754534990196,0.2023419208083957
2023-04-09,Cancabato Bay,30.12918484210968,33.68480480276048,-0.04455702379345894,-0.020142216235399246,7.171850070357323,0.4182175,8.979852495102076,-1.077403240155392,-2.0838536785502004,,2.345899378810724,0.20951725816167405
2023-04-10,Cancabato Bay,29.963652446866035,33.706167759373784,-0.0238044373691082,-0.01892147585749626,7.171850070357323,0.46159056,38.55569163678935,-0.00700164243293211,-2.573417195549021,,2.573426720414659,0.2166925955149524
2023-04-11,Cancabato Bay,29.37183751165867,33.597827050834894,0.025635547935962677,0.0012207403779029846,7.171850070357323,1.5334456,8.713475075011816,2.9775311630189103,-0.19466605993858183,,2.983887850044092,0.22386793286823073
2023-04-12,Cancabato Bay,29.563005454838276,33.65276036784053,0.0048829615116119385,0.01892147585749626,7.171850070357323,1.534766,0.0,0.2500131478841654,1.2917969031321805,,1.3157681456308485,0.23104327022150906
2023-04-13,Cancabato Bay,29.86696980893612,33.669545548036695,-0.0476088747382164,0.0158696249127388,7.171850070357323,0.4287076,0.0,-1.4039365063916458,1.4409770367464423,,2.0118281572762964,0.2382186075747874
2023-04-14,Cancabato Bay,29.983428440988064,33.67412332445383,-0.06469924002885818,0.0079348124563694,7.171850070357323,1.0255841,0.0,-1.535270263124873,1.1824540788181719,,1.9378473699827983,0.24539394492806577
2023-04-15,Cancabato Bay,30.25589769333601,33.68633072823286,-0.06408886983990669,0.009155552834272385,7.171850070357323,0.6083473,0.0,-1.2768431928092272,0.8020580431197306,,1.5078546493466514,0.2525692822813441
2023-04-16,Cancabato Bay,30.499069176614285,33.7122714612633,-0.054322946816682816,0.014038514345884323,7.171850070357323,1.748274,0.0,-1.4134954614214106,0.9732143510762087,,1.716133908702818,0.2597446196346225
2023-04-17,Cancabato Bay,30.543015830218792,33.72295293956995,-0.056764427572488785,0.0006103701889514923,7.171850070357323,0.338401,0.0,-1.8917189069586227,0.4693062573113709,,1.949063566458604,0.2669199569879008
2023-04-18,Cancabato Bay,30.70195622742176,33.74431589618325,-0.06042664870619774,-0.001831110566854477,7.171850070357323,1.0938592,0.0,-2.0763168982639963,0.2822539249560276,,2.095413835062111,0.27409529434117913
2023-04-19,Cancabato Bay,30.720267333090305,33.74736774712801,-0.0555436871945858,-0.0006103701889514923,7.171850070357323,1.2830266,0.0,-2.2452127985823216,0.526622785049213,,2.3061465843807176,0.28127063169445743
2023-04-20,Cancabato Bay,30.74224065989256,33.751945523545146,-0.05005035549402237,0.003662221133708954,7.171850070357323,0.52196765,0.0,-2.266009562724346,1.111988622697789,,2.5241469916325214,0.2884459690477358
2023-04-21,Cancabato Bay,30.970763258635998,33.77483440563083,-0.0555436871945858,0.005493331700563431,7.171850070357323,0.55397356,0.0,-1.5855636631927525,0.7583046068520658,0.29562130640101414,1.7575659324219635,0.29562130640101414
2023-04-22,Cancabato Bay,31.076967671513557,33.788567734882236,-0.06714072078466415,-0.009765923023223877,7.171850070357323,0.5994717,0.0,-2.021157597140645,0.22943428505042546,,2.034138177124638,0.2662672174823509
2023-04-23,Cancabato Bay,31.183172084391117,33.80382698960602,-0.06591998040676117,-0.010986663401126862,7.171850070357323,0.7551416,0.37854222063058485,-1.944950312603206,-0.26656328612922614,,1.9631321157801174,0.23691312856368765
2023-04-24,Cancabato Bay,31.292306274175644,33.78704180940986,-0.05615405738353729,-0.024414807558059692,7.171850070357323,0.6541484,10.906405174694125,-1.2316173087314137,-0.5733572368011598,,1.3585358722385918,0.2075590396450244
2023-04-25,Cancabato Bay,31.224188961088657,33.79467143677175,-0.05310220643877983,-0.01831110566854477,7.171850070357323,0.5628326,0.8462044834709778,-1.2468620660702114,-0.3957444623536068,,1.308158511530014,0.17820495072636117
2023-04-26,Cancabato Bay,31.223456516861916,33.79924921318889,-0.06897183135151863,-0.007324442267417908,7.171850070357323,1.2461965,0.0,-1.929393150592186,-0.1277851198143099,0.1488508618076979,1.9336201711809895,0.1488508618076979
2023-04-27,Cancabato Bay,31.268868058919907,33.81603439338505,-0.08545182645320892,-0.015259254723787308,7.171850070357323,0.62893516,0.0,-2.1835123380686126,-0.48883555174479726,,2.2375625861967525,0.1699013536388896
2023-04-28,Cancabato Bay,31.326731152832508,33.82213809527457,-0.09765923023223877,-0.014648884534835815,7.171850070357323,1.1406368,0.9253756497233822,-2.3907864214394214,-0.4196681976042987,,2.4273403364628447,0.19095184547008132
2023-04-29,Cancabato Bay,31.164860978722572,33.788567734882236,-0.09643848985433578,-0.008545182645320892,7.171850070357323,1.2040517,41.26391035451676,-2.4166986408616964,-0.006917669250442456,,2.4167085415686,0.21200233730127305
2023-04-30,Cancabato Bay,31.09088411182165,33.777886256575584,-0.09399700909852982,-0.010986663401126862,7.171850070357323,0.25425726,19.901673553088987,-1.964821982257056,-0.11637991070609689,,1.9682656592991978,0.23305282913246475
2023-05-01,Cancabato Bay,31.186101861298084,33.79467143677175,-0.10071108117699623,-0.016479995101690292,7.171850070357323,0.42899463,10.42197234638202,-2.2852767152140783,-0.5996806743266704,0.25410332096365645,2.3626482125489052,0.25410332096365645
2023-05-02,Cancabato Bay,30.899716168642044,33.75041959807277,-0.09887997061014175,-0.011597033590078354,7.171850070357323,0.42801014,29.1056652922219,-3.2241483993688886,-0.7054735465918823,,3.3004281276970557,0.2555902608274243
2023-05-03,Cancabato Bay,30.220007926225662,33.36588637903333,-0.1355021819472313,0.014038514345884323,7.171850070357323,0.41808608,24.325267496200414,-3.0591199702604124,1.718486773551929,,3.5087621440215897,0.25707720069119216
2023-05-04,Cancabato Bay,30.03469953685999,33.38572341017425,-0.09338663890957832,-0.004272591322660446,7.171850070357323,0.3707743,3.124467581605759,-2.1869642785471735,0.6351903879661762,,2.2773404630414795,0.25856414055496
2023-05-05,Cancabato Bay,30.255165249109268,33.417767845094204,-0.0952177494764328,0.0024414807558059692,7.171850070357323,0.4448622,0.0,-2.1591858977284555,0.630576881588015,,2.249380124510462,0.2600510804187278
2023-05-06,Cancabato Bay,30.613330475986004,33.465071534737945,-0.07751701399683952,0.0024414807558059692,7.171850070357323,0.3302306,0.0,-1.1856611365945933,0.5697410906895007,,1.3154456435941564,0.2615380202824957
2023-05-07,Cancabato Bay,30.872615732252598,33.49864189513028,-0.06103701889514923,0.0079348124563694,7.171850070357323,3.5689838,0.0,-1.1383339059520854,0.39860260285579946,,1.2061045213593842,0.26302496014626353
2023-05-08,Cancabato Bay,31.112124994397163,33.52916040457785,-0.05798516795039177,0.005493331700563431,7.171850070357323,0.8595854,1.2778202002040877,-0.7597094143915739,0.3685393619272995,,0.8443812264640713,0.2645119000100314
2023-05-09,Cancabato Bay,31.457106225192547,33.55815298855305,-0.06164738908410072,-0.016479995101690292,7.171850070357323,1.8330867,0.0,-0.9453451932509244,-0.15323859435302004,,0.9576844998233588,0.26599883987379924
2023-05-10,Cancabato Bay,31.655598610639572,33.57951594516635,-0.07690664380788803,-0.02685628831386566,7.171850070357323,1.8655562,0.0,-0.9199287756454807,-0.24611560195223184,,0.9522824380323847,0.2674857797375671
2023-05-11,Cancabato Bay,31.67976927012205,33.5688344668597,-0.10193182155489922,-0.035401470959186554,7.171850070357323,2.013543,7.367847822725584,-1.3122463768253867,-0.2036173416907861,,1.3279497638572693,0.26897271960133495
2023-05-12,Cancabato Bay,31.80208745598793,33.58104187063873,-0.08484145626425743,-0.027466658502817154,7.171850070357323,0.71408814,5.690499531956146,-1.244448617083505,-0.11291812969206884,,1.2495610687654297,0.2704596594651028
2023-05-13,Cancabato Bay,31.880458988249302,33.60240482725203,-0.08850367739796638,-0.03906369209289551,7.171850070357323,1.121345,0.0,-0.8273849976368439,-0.06140860265990446,,0.8296607443980716,0.2719465993288706
2023-05-14,Cancabato Bay,32.065767377614975,33.634449262171984,-0.07568590342998505,-0.025635547935962677,7.171850070357323,2.1062636,0.0,-0.46663812622789375,0.23131523974417095,,0.5208242323350393,0.27343353919263846
2023-05-15,Cancabato Bay,32.26352731883526,33.64970851689577,-0.04028443247079849,-0.01342814415693283,7.171850070357323,0.9138798,6.371990742393957,0.19159293356490315,0.43802362734133066,,0.47809261686545873,0.2749204790564063
2023-05-16,Cancabato Bay,32.433454379439354,33.67107147350907,-0.04577776417136192,-0.01342814415693283,7.171850070357323,2.0790217,3.178942142584073,-0.3741252389838663,0.8709209834105642,0.2764074189201742,0.9478781851005746,0.2764074189201742
2023-05-17,Cancabato Bay,32.482528142631054,33.68633072823286,-0.03784295171499252,-0.009155552834272385,7.171850070357323,1.297326,2.9751022212421554,-0.13877894603564464,0.5538598102685016,,0.5709818607393977,0.18471821642149133
2023-05-18,Cancabato Bay,32.437849044799805,33.7122714612633,-0.07019257172942162,-0.0024414807558059692,7.171850070357323,0.5804147,4.2717873882561825,-1.0537133431649421,0.9550186729398111,,1.4221014293036756,0.09302901392280846
2023-05-19,Cancabato Bay,32.401226833462715,33.70769368484616,-0.05493331700563431,-0.0012207403779029846,7.171850070357323,0.6487415,7.334355339074669,-0.7025598304380196,0.7922444764337963,,1.0588869749812577,0.001339811424125592
2023-05-20,Cancabato Bay,32.31040374934673,33.704641833901405,-0.04516739398241043,-0.009155552834272385,7.171850070357323,0.4918144,4.2717873882561825,-0.20468635805816898,0.3127891781093838,,0.3738095439090082,-0.09034939107455725
2023-05-21,Cancabato Bay,32.531601905822754,33.69853813201189,-0.03784295171499252,-0.04455702379345894,7.171850070357323,0.28109288,5.522761933719769,-0.1830379427043856,0.18332161377968262,-0.1820385935732401,0.25905540439882946,-0.1820385935732401
2023-05-22,Cancabato Bay,32.65318764746189,33.730582566931844,-0.02685628831386566,-0.04028443247079849,7.171850070357323,2.4828987,0.0,0.6074499402097974,0.05072085244409426,,0.6095638069419329,-0.17836652007172493
2023-05-23,Cancabato Bay,32.73815117776394,33.75041959807277,-0.035401470959186554,-0.06836146116256714,7.171850070357323,0.6886132,5.390538112804913,0.6747534534456991,-0.055157786925798966,,0.677004139127265,-0.17469444657020974
2023-05-24,Cancabato Bay,32.8355662599206,33.75804922543466,-0.04943998530507088,-0.023194067180156708,7.171850070357323,1.0697534,2.872198940466007,0.6047810651215649,-0.032181014362563425,,0.6056366521396951,-0.17102237306869458
2023-05-25,Cancabato Bay,32.83336892724037,33.77330848015845,-0.021973326802253723,-0.07812738418579102,7.171850070357323,0.3140062,4.773737359732484,1.2269974138203052,-0.8974043099482031,,1.5201503705342205,-0.1673502995671794
2023-05-26,Cancabato Bay,32.58726766705513,33.777886256575584,0.0,-0.07690664380788803,7.171850070357323,0.4988305,11.452255383848001,2.0658802422730367,-1.0227044121060864,,2.305164959380425,-0.16367822606566423
2023-05-27,Cancabato Bay,32.04745627194643,33.81908624432981,0.031128879636526108,-0.012207403779029846,7.171850070357323,0.51259226,10.41424848781988,3.7393089804646054,-1.147798846296142,,3.9115053167472493,-0.16000615256414905
2023-05-28,Cancabato Bay,31.627033285796642,33.8770714122802,0.040894802659749985,0.015259254723787308,7.171850070357323,0.5068765,0.0,3.4435999829104373,1.8263479740797555,,3.897938912390238,-0.15633407906263388
2023-05-29,Cancabato Bay,31.4790795519948,33.91369362361729,0.03662221133708954,0.01892147585749626,7.171850070357323,0.50550073,0.0,2.578845150340207,2.6845271051769917,,3.722516365022881,-0.1526620055611187
2023-05-30,Cancabato Bay,31.37653736025095,33.94268620759249,0.027466658502817154,0.017700735479593277,7.171850070357323,0.49003124,3.0677347906862207,2.5334777691315282,2.9470252812831226,,3.8863180023263064,-0.14898993205960354
2023-05-31,Cancabato Bay,31.240302734076977,33.957945462316275,0.03479110077023506,0.01342814415693283,7.171850070357323,0.50560623,18.686623174161575,2.3618175544483226,2.39005939366774,,3.3601437567103676,-0.14531785855808835
2023-06-01,Cancabato Bay,31.164860978722572,33.95947138778865,0.04272591322660446,0.014038514345884323,7.171850070357323,0.85505074,0.0,1.3968051457465671,1.7167977458143597,,2.2132462843563876,-0.1416457850565732
2023-06-02,Cancabato Bay,31.480544440448284,33.96099731326103,0.032959990203380585,0.008545182645320892,7.171850070357323,0.89418983,0.0,1.1234518595230887,0.6652410745510579,,1.305637686318732,-0.137973711555058
2023-06-03,Cancabato Bay,31.644611947238445,33.932004729285836,-0.0024414807558059692,-0.030518509447574615,7.171850070357323,0.9807929,6.457236019567179,0.79612598520527,-0.4083896088087963,,0.8947617877972123,-0.13430163805354284
2023-06-04,Cancabato Bay,31.52375864982605,33.85113067924976,-0.06591998040676117,-0.051271095871925354,7.171850070357323,0.79680824,8.007490594547017,0.422003830186928,-0.7486497481278498,,0.8593972760396268,-0.13062956455202768
2023-06-05,Cancabato Bay,31.755943469703197,33.82213809527457,-0.08606219664216042,-0.028077028691768646,7.171850070357323,1.0712669,6.1162322207380795,-0.2965326302595132,0.19339158549323102,-0.1269574910505125,0.3540224655981748,-0.1269574910505125
2023-06-06,Cancabato Bay,31.8716696575284,33.83281957358122,-0.006103701889514923,-0.056764427572488785,7.171850070357323,1.2984164,4.149920060611762,1.5745391770801473,-0.5417292223265278,,1.6651258722639355,-0.09780770317319677
2023-06-07,Cancabato Bay,31.856288328766823,33.85723438113928,-0.01831110566854477,-0.06653035059571266,7.171850070357323,0.49564058,11.603897910529433,1.7628153212545756,-0.7566328949728914,,1.9183355271184785,-0.06865791529588106
2023-06-08,Cancabato Bay,31.739829696714878,33.89996029436588,0.0158696249127388,-0.04577776417136192,7.171850070357323,0.6099607,0.0,2.580850336396907,-0.42029598145320807,,2.614849359122958,-0.03950812741856534
2023-06-09,Cancabato Bay,31.758873246610165,33.93963435664773,0.029908139258623123,-0.019531846046447754,7.171850070357323,1.5375243,0.0,2.4167343782040285,0.7871010429067739,,2.5416791903263762,-0.010358339541249623
2023-06-10,Cancabato Bay,31.692953266203403,33.97167879156768,0.02868739888072014,0.0006103701889514923,7.171850070357323,1.556991,8.231373082334622,1.564616311474908,1.5434413231336155,,2.197779634105702,0.01879144833606608
2023-06-11,Cancabato Bay,31.857753217220306,33.99609359912574,-0.024414807558059692,0.02136295661330223,7.171850070357323,0.40125883,0.8907088304099184,-0.08997830344447089,1.4017485799566929,,1.4046334669590321,0.04794123621338181
2023-06-12,Cancabato Bay,32.07895137369633,34.00372322648764,-0.012817773967981339,0.0048829615116119385,7.171850070357323,0.30560017,0.0,-0.14272117086028524,1.1171900889261623,,1.1262695181023845,0.07709102409069754
2023-06-13,Cancabato Bay,32.25620287656784,33.982360269874334,-0.04272591322660446,0.017700735479593277,7.171850070357323,1.2804482,1.6879982735021426,-0.5885363063517057,1.0240914747273846,,1.1811597404684169,0.10624081196801324
2023-06-14,Cancabato Bay,32.3133335262537,33.98846397176385,-0.06469924002885818,-0.005493331700563431,7.171850070357323,1.8826139,7.841609641005057,-0.6439206966436277,0.18898006800719622,,0.6710792275655828,0.13539059984532895
2023-06-15,Cancabato Bay,32.00936917215586,33.96099731326103,-0.07507553324103355,-0.001831110566854477,7.171850070357323,1.1911236,0.16525725587107506,-1.5328579015064305,1.0822009008182445,,1.8763827264027235,0.16454038772264465
2023-06-16,Cancabato Bay,31.843836776912212,33.95489361137152,-0.079348124563694,0.004272591322660446,7.171850070357323,2.5176082,0.0,-2.4423439266445404,1.4458916684335967,,2.8382470951034477,0.1936901755999604
2023-06-17,Cancabato Bay,31.816003896296024,33.968626940622926,-0.08972441777586937,-0.0006103701889514923,7.171850070357323,0.34544203,0.0,-2.2657651617059424,0.6797858749258792,,2.3655444624333524,0.2228399634772761
2023-06-18,Cancabato Bay,31.784508794546127,33.968626940622926,-0.07019257172942162,-0.0012207403779029846,7.171850070357323,0.7840973,7.020679336767228,-1.260736947027688,0.6177328723384041,,1.4039414343797074,0.2519897513545918
2023-06-19,Cancabato Bay,31.860682994127274,33.956419536843896,-0.07202368229627609,-0.0048829615116119385,7.171850070357323,0.5164288,8.023634248648209,-0.9733196579300246,0.3920955289508928,,1.049328385366707,0.2811395392319076
2023-06-20,Cancabato Bay,31.880458988249302,33.94726398400962,-0.06591998040676117,0.001831110566854477,7.171850070357323,1.5685722,0.0,-1.1653285133946054,0.5683771296939776,0.31028932710922325,1.296550463996541,0.31028932710922325
2023-06-21,Cancabato Bay,31.963957630097866,33.92590102739632,-0.08484145626425743,-0.011597033590078354,7.171850070357323,0.31879127,7.582282649823272,-1.0345386268085244,0.4622429511816403,,1.1331101959985974,0.2888841480584151
2023-06-22,Cancabato Bay,31.83504744619131,33.848078828305006,-0.039674062281847,-0.040894802659749985,7.171850070357323,0.26770398,26.92655925933546,0.074940638499217,-0.2193266395389084,,0.2317763450184263,0.26747896900760704
2023-06-23,Cancabato Bay,31.856288328766823,33.8557084556669,-0.08789330720901489,-0.01892147585749626,7.171850070357323,0.9150994,0.0,-1.2419980587323727,0.13154193038173792,,1.248944537336841,0.2460737899567989
2023-06-24,Cancabato Bay,31.78524123877287,33.84197512641549,-0.08423108607530594,-0.02685628831386566,7.171850070357323,0.9147838,17.487390155609425,-1.0719031732444209,0.02534135584744222,,1.0722026847232038,0.2246686109059908
2023-06-25,Cancabato Bay,31.63875239342451,33.82213809527457,-0.04150517284870148,-0.006714072078466415,7.171850070357323,0.35086262,11.952167462236206,-0.023852773724981367,0.31473963308565667,,0.3156421889565287,0.2032634318551827
2023-06-26,Cancabato Bay,31.782311461865902,33.74584182165563,-0.0024414807558059692,-0.014648884534835815,7.171850070357323,0.6389336,1.1943185337054463,0.7989619451792916,0.46347861401229024,,0.9236626091227418,0.18185825280437456
2023-06-27,Cancabato Bay,31.75301369279623,33.60393075272441,-0.03662221133708954,0.001831110566854477,7.171850070357323,0.917879,8.97741571859049,-0.21356294093987885,1.1024445106978227,,1.1229394591475765,0.16045307375356646
2023-06-28,Cancabato Bay,31.73250525444746,33.68938257917762,0.005493331700563431,-0.039674062281847,7.171850070357323,0.49435598,8.97741571859049,0.40434807997483474,0.2685875695196193,,0.48542419828413136,0.13904789470275836
2023-06-29,Cancabato Bay,31.828455448150635,33.655812218785286,-0.0238044373691082,-0.0476088747382164,7.171850070357323,0.66484916,8.297869923777474,0.5833526736292726,0.0066487216927433035,,0.5833905615713783,0.11764271565195025
2023-06-30,Cancabato Bay,31.78963590413332,33.60698260366917,-0.05249183624982834,-0.040894802659749985,7.171850070357323,0.70634025,9.801086181268905,-0.3972048624251947,0.32134639429258516,0.09623753660114216,0.510916047760357,0.09623753660114216
2023-07-01,Cancabato Bay,31.902432315051556,33.66496777161956,-0.06530961021780968,0.0,7.171850070357323,1.6471206,0.0,-1.3306490871035548,0.846688091383159,,1.5771834760418906,0.09626029242634256
2023-07-02,Cancabato Bay,31.730307921767235,33.67717517539859,-0.06469924002885818,0.0048829615116119385,7.171850070357323,0.29771563,1.0281705627807034,-2.7549728240226603,0.9227958656288124,,2.9054134767232394,0.09628304825154294
2023-07-03,Cancabato Bay,31.49958799034357,33.655812218785286,-0.0714133121073246,-0.001831110566854477,7.171850070357323,0.29390424,17.497215825528766,-2.6551603395246586,0.7849617373395334,,2.7687617011349674,0.09630580407674333
2023-07-04,Cancabato Bay,31.43733023107052,33.66496777161956,-0.06653035059571266,0.0,7.171850070357323,0.3390486,3.4994431216115007,-2.20900929610265,0.7970380383238393,,2.3484019470276034,0.09632855990194372
2023-07-05,Cancabato Bay,31.324533820152283,33.65886406973004,-0.04577776417136192,0.003662221133708954,7.171850070357323,0.35765922,3.915595762645856,-2.235914835728297,1.0557949002716,,2.4726540445580767,0.09635131572714412
2023-07-06,Cancabato Bay,31.36848047375679,33.65276036784053,-0.04699850454926491,0.0048829615116119385,7.171850070357323,0.5911383,1.4624502026615815,-1.6226010521666012,0.7407185758721558,,1.7836754702395377,0.0963740715523445
2023-07-07,Cancabato Bay,31.461500890552998,33.66344184614718,-0.05005035549402237,-0.0024414807558059692,7.171850070357323,0.4025219,0.0,-1.3480829181393565,0.1102429273415449,,1.3525831054718804,0.09639682737754489
2023-07-08,Cancabato Bay,31.517166651785374,33.657338144257665,-0.059816278517246246,-0.03418073058128357,7.171850070357323,0.39274898,35.23537460912151,-1.2318649653282527,-0.1714173451558248,,1.2437343763937092,0.09641958320274528
2023-07-09,Cancabato Bay,31.512771986424923,33.60087890177965,-0.05859553813934326,-0.06042664870619774,7.171850070357323,0.3935563,16.29834019871185,-0.04417537161372612,-0.7190836965693534,,0.7204393285551927,0.09644233902794566
2023-07-10,Cancabato Bay,31.649739056825638,33.55662706308067,-0.025025177747011185,-0.07629627361893654,7.171850070357323,0.55977035,11.14885472184934,0.2403014763091668,-0.28160422025637805,,0.37019688867218714,0.09646509485314606
2023-07-11,Cancabato Bay,31.733970142900944,33.62834556028247,0.032959990203380585,-0.07995849475264549,7.171850070357323,1.424151,0.0,1.9179838907088058,-0.19067227986371665,,1.9274382281481592,0.09648785067834645
2023-07-12,Cancabato Bay,31.410229794681072,33.631397411227226,0.06775109097361565,-0.03723258152604103,7.171850070357323,1.424149,18.557456369978933,2.2735977913056162,0.7989390284394414,,2.4098859906214516,0.09651060650354683
2023-07-13,Cancabato Bay,31.210272520780563,33.67259739898145,0.056764427572488785,0.008545182645320892,7.171850070357323,1.4242724,10.624969075663023,1.5486559877772341,2.486320095432358,,2.92918469636673,0.09653336232874722
2023-07-14,Cancabato Bay,31.092349000275135,33.706167759373784,0.03662221133708954,0.012817773967981339,7.171850070357323,1.1995146,11.965550279464965,1.5253176760745122,2.3118754793849168,,2.769722413009396,0.09655611815394761
2023-07-15,Cancabato Bay,31.03668323904276,33.74431589618325,0.04211554303765297,0.017700735479593277,7.171850070357323,1.4646688,2.4094710563318418,1.0491526447947352,2.6316069979732655,,2.8330331208550406,0.096578873979148
2023-07-16,Cancabato Bay,31.09454633295536,33.77330848015845,0.051881466060876846,0.017090365290641785,7.171850070357323,1.5045472,0.0,0.9958171302546914,2.019077458787003,,2.251294192568015,0.09660162980434839
2023-07-17,Cancabato Bay,31.36408580839634,33.814508467912674,0.038453321903944016,-0.011597033590078354,7.171850070357323,1.5741273,0.0,0.9762243273958211,0.4851477922977987,,1.0901294958723258,0.09662438562954878
2023-07-18,Cancabato Bay,31.382396914064884,33.81756031885743,-0.0012207403779029846,-0.04699850454926491,7.171850070357323,1.5746841,9.53959114025957,0.7203240314183156,-0.9125570084157015,,1.1625949440141865,0.09664714145474917
2023-07-19,Cancabato Bay,30.969298370182514,33.753471449017525,0.06653035059571266,-0.030518509447574615,7.171850070357323,1.3346909,16.213104240429665,1.4685131614052358,-1.0614093770108453,,1.8119384014990552,0.09666989727994955
2023-07-20,Cancabato Bay,30.770073540508747,33.59324927441776,0.012207403779029846,-0.043946653604507446,7.171850070357323,1.3345056,8.390461744972692,0.3793093535277221,0.005368912376964245,0.09669265310514995,0.37934734860511415,0.09669265310514995
2023-07-21,Cancabato Bay,30.789849534630775,33.66038999520242,0.035401470959186554,-0.05615405738353729,7.171850070357323,0.37812182,1.635223827232568,1.6601024021532884,-0.31198988695512553,,1.6891647862767536,0.11089906003334304
2023-07-22,Cancabato Bay,30.66533401608467,33.72142701409757,0.07812738418579102,-0.02868739888072014,7.171850070357323,0.36310434,5.591926228885834,3.8669339896184693,-0.48373187130773615,,3.897072619721821,0.12510546696153615
2023-07-23,Cancabato Bay,30.26834924519062,33.79619736224413,0.06775109097361565,0.001831110566854477,7.171850070357323,0.36323208,13.081790617860545,5.2358252418925195,-0.22736090596538958,,5.240759386310372,0.13931187388972927
2023-07-24,Cancabato Bay,29.901394687592983,33.90301214531064,0.07629627361893654,0.024414807558059692,7.171850070357323,0.41066667,4.307163032860802,4.114932211146506,2.829012852255923,,4.993593978344682,0.15351828081792235
2023-07-25,Cancabato Bay,29.74025695770979,33.945738058537245,0.04516739398241043,0.02075258642435074,7.171850070357323,0.7910278,0.0,2.742932199137567,3.870243813870933,,4.743676235565816,0.16772468774611546
2023-07-26,Cancabato Bay,29.878688916563988,33.95489361137152,0.0238044373691082,0.020142216235399246,7.171850070357323,0.8279487,0.0,1.097593314544685,2.8471758374167684,,3.051413006019189,0.18193109467430857
2023-07-27,Cancabato Bay,30.165074609220028,33.95947138778865,0.032959990203380585,0.016479995101690292,7.171850070357323,1.2565811,0.0,1.059109018867301,1.6228512962851966,,1.937874671824935,0.19613750160250165
2023-07-28,Cancabato Bay,30.197302155196667,33.910641772672534,0.032959990203380585,0.008545182645320892,7.171850070357323,1.2607468,8.176348285553175,0.9664989708477258,1.1640516719192462,,1.5129892780676621,0.21034390853069476
2023-07-29,Cancabato Bay,30.196569710969925,33.89233066700399,0.05737479776144028,-0.0012207403779029846,7.171850070357323,1.2781783,11.585345914188666,1.8670787313403594,0.5801225719454107,,1.9551279210077495,0.22455031545888787
2023-07-30,Cancabato Bay,30.266151912510395,33.9274269528687,0.048829615116119385,0.005493331700563431,7.171850070357323,1.9725633,0.0,1.7991547460064765,0.7349130428534066,,1.9434646846890946,0.23875672238708096
2023-07-31,Cancabato Bay,30.71807000041008,33.96557508967817,0.04943998530507088,0.009155552834272385,7.171850070357323,2.1869676,0.0,1.541503556855806,1.032242565018444,,1.8551975444234927,0.2529631293152741
2023-08-01,Cancabato Bay,30.950254820287228,33.99151582270861,0.03662221133708954,0.017700735479593277,7.171850070357323,0.48734343,0.0,0.9767711204974696,1.651340491668708,,1.9185951217655413,0.2671695362434672
2023-08-02,Cancabato Bay,31.140690319240093,34.01287877932191,0.017090365290641785,0.014648884534835815,7.171850070357323,0.40526882,0.0,1.093177945213468,2.102141556631861,,2.369395944965671,0.28137594317166026
2023-08-03,Cancabato Bay,31.35676136612892,34.03881951235235,-0.021973326802253723,0.0158696249127388,7.171850070357323,2.200448,0.0,0.9854242704183959,1.9198593973259805,,2.1579900598080854,0.2955823500998534
2023-08-04,Cancabato Bay,31.76985991001129,34.06170839443803,-0.036011841148138046,0.006103701889514923,7.171850070357323,0.4333833,0.0,0.9140712956573704,1.116314475821083,0.3097887570280465,1.4428043327050426,0.3097887570280465
2023-08-05,Cancabato Bay,31.84676655381918,34.08154542557895,0.029908139258623123,-0.043946653604507446,7.171850070357323,2.1077526,0.0,1.9205864797318113,0.7091738377743162,,2.047334842743654,0.29813894805615104
2023-08-06,Cancabato Bay,31.84749899804592,34.11206393502653,0.03357036039233208,-0.04577776417136192,7.171850070357323,1.7428167,0.0,2.7072597881695173,0.7474022396829615,,2.8085344342775587,0.28648913908425555
2023-08-07,Cancabato Bay,31.835779890418053,34.148686146363616,0.038453321903944016,-0.02929776906967163,7.171850070357323,0.9888408,0.0,2.7247917538951514,0.8825998552733905,,2.8641704918917843,0.2748393301123601
2023-08-08,Cancabato Bay,31.81893367320299,34.18073058128357,0.036011841148138046,-0.020142216235399246,7.171850070357323,1.5355604,0.0,2.375763693756858,0.7311035572284638,,2.4857122802056844,0.2631895211404646
2023-08-09,Cancabato Bay,31.811609230935574,34.18225650675595,0.035401470959186554,-0.031128879636526108,7.171850070357323,0.8283622,1.6576691233692842,1.9907215798691478,0.36789142889964394,,2.0244299227225766,0.2515397121685692
2023-08-10,Cancabato Bay,31.747154138982296,34.1929379850626,0.0238044373691082,-0.024414807558059692,7.171850070357323,0.42536414,6.03061685013695,1.554477607496178,0.4873847197539041,,1.6290931518045961,0.23988990319667372
2023-08-11,Cancabato Bay,31.612384401261806,34.18225650675595,0.038453321903944016,-0.01892147585749626,7.171850070357323,0.561284,4.212126991238457,1.6685391362420012,0.41857161348976935,,1.7202398218825863,0.22824009422477826
2023-08-12,Cancabato Bay,31.452711559832096,34.197515761479735,0.009765923023223877,-0.030518509447574615,7.171850070357323,0.5381768,3.7697066563767745,1.8261254469884076,0.1743083422606414,,1.8344256720620393,0.2165902852528828
2023-08-13,Cancabato Bay,31.389721356332302,34.1639454010874,0.0024414807558059692,-0.02685628831386566,7.171850070357323,0.410782,11.309120575840861,1.237328185553803,-0.042814927553849684,,1.238068720543132,0.20494047628098733
2023-08-14,Cancabato Bay,31.445387117564678,34.11053800955415,-0.0317392498254776,-0.01892147585749626,7.171850070357323,0.40344775,7.539413312753549,0.9952553475693432,0.3295280191247913,,1.0483901574574626,0.19329066730909186
2023-08-15,Cancabato Bay,31.632892839610577,34.07238987274468,-0.038453321903944016,-0.032959990203380585,7.171850070357323,0.39336056,3.7697066563767745,0.9426605866120028,0.20328280132123633,,0.9643302747838494,0.1816408583371964
2023-08-16,Cancabato Bay,31.794763013720512,34.08612320199609,-0.025025177747011185,-0.036011841148138046,7.171850070357323,0.43165365,15.299127175023381,1.1551995333581029,0.3706519985397244,,1.213206027800831,0.16999104936530096
2023-08-17,Cancabato Bay,31.70320748537779,34.11969356238842,-0.01892147585749626,-0.020142216235399246,7.171850070357323,0.3535793,1.1808745396403841,1.2096679548271039,0.5838348171016475,,1.3431901036695075,0.1583412403934055
2023-08-18,Cancabato Bay,31.640217281877995,34.124271338805556,-0.03418073058128357,-0.017090365290641785,7.171850070357323,0.34887838,13.64907488807703,0.6524697737981278,0.7858334398346758,,1.0213965933380524,0.14669143142151003
2023-08-19,Cancabato Bay,31.884853653609753,34.09527875483036,-0.04211554303765297,-0.02868739888072014,7.171850070357323,1.0319781,6.824537444038515,0.864893075912592,0.40148476660458154,,0.9535355528647477,0.13504162244961457
2023-08-20,Cancabato Bay,31.935392305254936,34.127323189750314,-0.04577776417136192,-0.06103701889514923,7.171850070357323,0.44193587,13.64907488807703,1.0883095257275097,-0.16458125812788696,,1.100683703121017,0.1233918134777191
2023-08-21,Cancabato Bay,31.907559424638748,34.101382456719875,-0.02075258642435074,-0.05859553813934326,7.171850070357323,0.5068302,7.44857853974778,1.688609269728807,-0.3099185124256507,,1.7168141280168285,0.11174200450582364
2023-08-22,Cancabato Bay,31.870204769074917,34.09527875483036,-0.01831110566854477,-0.05249183624982834,7.171850070357323,0.53231424,7.44857853974778,1.2508369898735499,0.09920928163764162,,1.254765179943634,0.10009219553392817
2023-08-23,Cancabato Bay,31.706137262284756,34.101382456719875,-0.02136295661330223,-0.01892147585749626,7.171850070357323,0.49726766,3.72428926987389,1.0709523910131211,0.6733968703458755,,1.265070104305821,0.08844238656203271
2023-08-24,Cancabato Bay,31.804284788668156,34.09680468030274,-0.010986663401126862,-0.028077028691768646,7.171850070357323,0.58240104,3.218048930929873,1.3342613696941847,-0.13036926287265319,0.07679257759013723,1.3406153614516585,0.07679257759013723
2023-08-25,Cancabato Bay,31.941984303295612,34.1212194878608,-0.003662221133708954,0.0006103701889514923,7.171850070357323,1.1196901,3.0540095617215095,1.5737139370733884,0.5928345935453193,,1.6816742880364999,-0.007301077788519697
2023-08-26,Cancabato Bay,31.86727499216795,34.139530593529344,0.029908139258623123,0.006103701889514923,7.171850070357323,1.1123283,0.0,2.6086247973531305,1.4764386096323414,,2.997464645559434,-0.09139473316717663
2023-08-27,Cancabato Bay,31.7244483679533,34.15631577372551,0.03418073058128357,0.017700735479593277,7.171850070357323,0.81021464,6.3148622832740084,2.677023251190503,2.5969708152554225,,3.729706543778342,-0.17548838854583354
2023-08-28,Cancabato Bay,31.399975575506687,34.1715750284493,0.03479110077023506,0.014648884534835815,7.171850070357323,0.7642464,8.038584232330324,2.8415301308176986,2.756878861518511,,3.9591254768487003,-0.25958204392449047
2023-08-29,Cancabato Bay,31.205877855420113,34.18836020864546,0.040894802659749985,0.015259254723787308,7.171850070357323,0.47048527,0.0,3.0352941615720845,2.388497273953359,,3.862373606340564,-0.3436756993031474
2023-08-30,Cancabato Bay,31.26960050314665,34.20819723978639,0.043946653604507446,0.012817773967981339,7.171850070357323,0.52185404,0.0,2.258789214533839,1.674723848538741,,2.811908370583723,-0.4277693546818043
2023-08-31,Cancabato Bay,31.416089348495007,34.223456494510174,0.05615405738353729,0.012207403779029846,7.171850070357323,0.30664545,0.0,2.005365493749741,1.7586137984084815,,2.6672482553138637,-0.5118630100604613
2023-09-01,Cancabato Bay,31.554521307349205,34.23871574923396,0.06469924002885818,0.010986663401126862,7.171850070357323,0.6472402,1.2505369369214336,2.232075023056316,1.5783500242905188,,2.7337424362455462,-0.5959566654391182
2023-09-02,Cancabato Bay,31.50764487683773,34.25092315301299,0.06164738908410072,0.012207403779029846,7.171850070357323,0.6404614,1.468192045681012,1.9517410804394293,2.006915227786915,,2.7994645874877353,-0.6800503208177751
2023-09-03,Cancabato Bay,31.559648416936398,34.26618240773678,0.04455702379345894,0.0158696249127388,7.171850070357323,0.49296394,5.485273393960045,1.4889250927363566,2.1799503964401885,-0.764143976196432,2.639901828235229,-0.764143976196432
2023-09-04,Cancabato Bay,31.655598610639572,34.27838981151581,-0.010986663401126862,0.009765923023223877,7.171850070357323,0.33184764,0.6006272075275263,0.6463847914863389,0.9997689213700978,,1.1905255960299075,-0.5976952727091003
2023-09-05,Cancabato Bay,31.952238522469997,34.234137972816825,-0.06775109097361565,0.010986663401126862,7.171850070357323,0.35293564,0.48819820340068204,-0.21607022495846961,0.6378513727432642,,0.673454316063139,-0.4312465692217686
2023-09-06,Cancabato Bay,32.00936917215586,34.257026854902506,-0.10376293212175369,0.0079348124563694,7.171850070357323,0.66596913,0.0,-1.1854666777972291,0.713546672135034,,1.3836473891431231,-0.2647978657344369
2023-09-07,Cancabato Bay,31.955168299376965,34.26160463131964,-0.08545182645320892,0.006714072078466415,7.171850070357323,0.7448648,0.0,-1.5313259670216153,1.136771014227441,,1.9071464432660565,-0.09834916224710522
2023-09-08,Cancabato Bay,31.975676737725735,34.25092315301299,-0.05859553813934326,-0.0006103701889514923,7.171850070357323,2.9310775,5.474472088554798,0.21166299875902223,0.12670361833226518,0.06809954124022648,0.24668812687713645,0.06809954124022648
2023-09-09,Cancabato Bay,32.20419933646917,34.232612047344446,-0.05615405738353729,-0.012207403779029846,7.171850070357323,2.123053,0.0,0.06169475388873888,0.059194798281187816,,0.08550009825106973,0.0834166463352312
2023-09-10,Cancabato Bay,32.21445355564356,34.24024167470634,-0.003662221133708954,-0.025635547935962677,7.171850070357323,2.2019434,14.101759566285743,1.2545241172827541,-0.31387143579524013,,1.2931921895264598,0.09873375143023594
2023-09-11,Cancabato Bay,32.1170384734869,34.246345376595855,0.015259254723787308,-0.028077028691768646,7.171850070357323,1.4447984,3.318673345608453,1.6574243196138034,-0.05666385376582823,,1.6583926457780962,0.11405085652524066
2023-09-12,Cancabato Bay,32.01156650483608,34.22803427092731,0.021973326802253723,-0.027466658502817154,7.171850070357323,0.71577364,13.880920964688919,1.9767578637856045,-0.42834132778972256,,2.02263391278078,0.1293679616202454
2023-09-13,Cancabato Bay,31.795495457947254,34.18836020864546,0.009765923023223877,-0.017700735479593277,7.171850070357323,0.48588234,6.940460482344459,1.1874025216634623,0.011360319747360846,,1.1874568646134105,0.1446850667152501
2023-09-14,Cancabato Bay,31.817468784749508,34.07238987274468,-0.028077028691768646,0.015259254723787308,7.171850070357323,0.4121078,6.940460482344459,-0.3210691173127849,1.213969796599954,,1.2557101756173454,0.16000217181025483
2023-09-15,Cancabato Bay,31.82186345010996,33.96099731326103,-0.043946653604507446,0.0079348124563694,7.171850070357323,0.45735905,6.940460482344459,-0.14224078556659123,0.49623901853938135,,0.5162224371329954,0.17531927690525959
2023-09-16,Cancabato Bay,32.00717183947563,34.0205084066838,-0.08789330720901489,-0.0238044373691082,7.171850070357323,0.72451127,0.0,-1.2109604146194721,0.3552282513578597,,1.2619874152851631,0.1906363820002643
2023-09-17,Cancabato Bay,32.00790428370237,34.04492321424186,-0.09094515815377235,-0.01037629321217537,7.171850070357323,2.3995187,0.0,-1.466052872447831,0.3213633455561557,,1.5008615607975246,0.20595348709526906
2023-09-18,Cancabato Bay,32.01815850287676,34.064760245382786,-0.09338663890957832,0.001831110566854477,7.171850070357323,2.2947161,0.0,-1.6901752545338464,0.7272722328416908,0.22127059219027378,1.8400046988258185,0.22127059219027378
2023-09-19,Cancabato Bay,32.00717183947563,34.05560469254851,-0.11841181665658951,-0.004272591322660446,7.171850070357323,2.0211573,1.0347854519804447,-1.425951936774233,0.48308633948396845,,1.5055601407403845,0.2198732525975501
2023-09-20,Cancabato Bay,32.09726247936487,33.95947138778865,-0.13122959062457085,-0.027466658502817154,7.171850070357323,0.7085157,26.16499530012235,-0.3225567113392126,0.018302602893514763,,0.3230755597420607,0.21847591300482647
2023-09-21,Cancabato Bay,32.01083406060934,33.98846397176385,-0.06958220154047012,-0.05371257662773132,7.171850070357323,0.7085157,21.25986487416033,1.0745053400368803,-0.4592836920673674,,1.1685474896497805,0.2170785734121028
2023-09-22,Cancabato Bay,31.64314705878496,33.948789909482,-0.031128879636526108,-0.02929776906967163,7.171850070357323,0.70852244,4.956743644068417,1.8576063617434013,0.3640038979524386,,1.892934291758202,0.21568123381937912
2023-09-23,Cancabato Bay,31.324533820152283,33.95947138778865,-0.031128879636526108,-0.001831110566854477,7.324442625045776,1.0024662,0.7999194422468971,1.6171167809408626,0.6781857410791319,,1.7535685280603064,0.21428389422665545
2023-09-24,Cancabato Bay,31.13995787501335,33.97473064251244,-0.012817773967981339,-0.006103701889514923,7.171850070357323,0.9880801,5.184493319295086,2.025936142570512,-0.5906525134875058,,2.1102814138077877,0.2128865546339318
2023-09-25,Cancabato Bay,30.994201473891735,33.97320471704006,0.006103701889514923,-0.017700735479593277,7.171850070357323,0.9988695,13.138211158898695,2.6010590489617287,-1.4486287568727474,,2.9772526683881524,0.21148921504120813
2023-09-26,Cancabato Bay,30.85723440349102,33.994567673653364,0.039674062281847,-0.008545182645320892,7.171850070357323,0.79684615,0.0,2.717818112812849,-1.1960684833198367,,2.9693627449546494,0.21009187544848446
2023-09-27,Cancabato Bay,30.838923297822475,33.99761952459812,0.04455702379345894,-0.0158696249127388,7.171850070357323,0.762941,2.774502697844094,2.1703752401822927,-0.509120186665615,,2.2292895836267608,0.2086945358557608
2023-09-28,Cancabato Bay,30.925351716578007,34.00067137554288,0.01831110566854477,-0.009765923023223877,7.171850070357323,0.4695749,9.056778654884607,1.522251126066205,0.023078518889742872,,1.5224260602222932,0.20729719626303714
2023-09-29,Cancabato Bay,30.92242193967104,34.01287877932191,-0.03234962001442909,-0.01342814415693283,7.171850070357323,0.53857684,6.617939098955343,2.119863929553571,-0.28651619125497507,,2.139138753721592,0.20589985667031346
2023-09-30,Cancabato Bay,30.87701039761305,34.03271581046283,-0.0555436871945858,-0.0030518509447574615,7.171850070357323,0.5739697,0.8525299188047172,2.5992624728281473,0.4530786385462394,,2.6384551645536085,0.20450251707758982
2023-10-01,Cancabato Bay,30.79570908844471,34.054078767076135,-0.03418073058128357,0.007324442267417908,7.171850070357323,0.52758217,0.9223834584696227,2.339798192169408,1.4772547090210524,,2.767117101859642,0.20310517748486615
2023-10-02,Cancabato Bay,30.854304626584053,34.0708639472723,-0.02624591812491417,0.009765923023223877,7.171850070357323,0.6314268,2.2921626369793193,1.6576284460119297,1.383141711502269,,2.1588916274619603,0.20170783789214247
2023-10-03,Cancabato Bay,31.156804092228413,34.0708639472723,-0.04150517284870148,0.027466658502817154,7.171850070357323,0.8839052,0.0,0.896938054328649,1.2295612420350637,,1.5219457024538265,0.20031049829941883
2023-10-04,Cancabato Bay,31.36481825262308,34.08001950010657,-0.05249183624982834,0.017700735479593277,7.171850070357323,0.87279475,0.0,0.613238593507072,0.7402737964849105,,0.9612839675812317,0.19891315870669515
2023-10-05,Cancabato Bay,31.669515050947666,34.07544172368944,-0.054322946816682816,0.009155552834272385,7.171850070357323,2.3643696,0.0,0.2737388298015282,0.34679973238360995,,0.4418178372615274,0.19751581911397148
2023-10-06,Cancabato Bay,31.80574967712164,34.02661210857332,-0.06164738908410072,0.009765923023223877,7.171850070357323,3.4796584,0.0,0.3270512211815704,0.06140384202632434,,0.332765582793579,0.1961184795212478
2023-10-07,Cancabato Bay,31.828455448150635,34.03424173593521,-0.040894802659749985,-0.024414807558059692,7.171850070357323,1.116926,0.6089005455041465,0.7431332229273675,-0.9465503407339765,,1.203413700504537,0.19472113992852416
2023-10-08,Cancabato Bay,31.878261655569077,34.01135285384953,-0.07568590342998505,-0.02929776906967163,7.171850070357323,0.79907775,15.156648547504659,-0.4367806810681719,-0.7761631963654516,0.1933238003358005,0.8906215081316028,0.1933238003358005
2023-10-09,Cancabato Bay,31.776451908051968,33.98998989723623,-0.10559404268860817,-0.017090365290641785,7.171850070357323,0.5159768,16.568040413597526,-0.9428225812693892,-0.6387958976021264,,1.1388479347765357,0.1743581625712435
2023-10-10,Cancabato Bay,31.45417644828558,33.55815298855305,-0.06103701889514923,-0.056764427572488785,7.171850070357323,0.51285225,15.156648547504659,-0.028043285642162602,-0.7393605784528333,,0.7398922156907155,0.15539252480668653
2023-10-11,Cancabato Bay,31.725180812180042,33.79772328771651,-0.11352885514497757,-0.043336283415555954,7.171850070357323,1.8757638,1.9888953126657505,0.04358341253830947,-0.1722055512780983,,0.17763520411077927,0.13642688704212957
2023-10-12,Cancabato Bay,31.843836776912212,33.82824179716408,-0.16418958082795143,-0.035401470959186554,7.171850070357323,1.7285818,1.2401384591294555,0.49765896951389454,-0.3834648546486315,,0.6282592973353658,0.11746124927757258
2023-10-13,Cancabato Bay,32.00204472988844,33.82061216980219,-0.158696249127388,0.012207403779029846,7.171850070357323,0.5223454,16.755010403764135,0.8238555086928502,-0.27868724469638473,0.0984956115130156,0.8697151715130751,0.0984956115130156
2023-10-14,Cancabato Bay,31.954435855150223,33.826715871691704,-0.09887997061014175,0.0048829615116119385,7.171850070357323,1.5973188,1.184832326139505,0.8826765887427203,-0.07498197628240658,,0.8858556637972693,0.11650237540356748
2023-10-15,Cancabato Bay,32.14633624255657,33.79619736224413,-0.11230811476707458,0.022583696991205215,7.171850070357323,0.39321232,16.755010403764135,0.26685828175658194,-0.15624720189994906,,0.30923539681549833,0.13450913929411934
2023-10-16,Cancabato Bay,32.020355835556984,33.71532331220806,-0.0872829370200634,0.0158696249127388,7.171850070357323,1.7991918,13.702974500747533,0.05538573094894715,-0.3021717569408915,,0.3072057126511393,0.1525159031846712
2023-10-17,Cancabato Bay,31.985198512673378,33.692434430122375,-0.09460737928748131,0.006714072078466415,7.171850070357323,0.9561564,0.0,-0.9028248138145752,-0.541460777959253,,1.0527451821345761,0.17052266707522307
2023-10-18,Cancabato Bay,31.94491408020258,33.67107147350907,-0.13306070119142532,0.009155552834272385,7.171850070357323,3.700176,0.0,-1.974284085480604,0.21034741990972158,0.18852943096577496,1.9854580547683858,0.18852943096577496
2023-10-19,Cancabato Bay,31.86361277103424,33.63902703858912,-0.11719107627868652,0.004272591322660446,7.171850070357323,0.4666365,3.0113143189646565,-1.3296649894969905,0.7239325563691179,,1.5139641113530922,0.1845189062199004
2023-10-20,Cancabato Bay,32.00570695102215,33.596301125362515,-0.09826960042119026,0.011597033590078354,7.171850070357323,2.1741986,0.0,-0.13091233884195008,0.4096439063728035,,0.4300536832645894,0.18050838147402587
2023-10-21,Cancabato Bay,32.17123934626579,33.55510113760829,-0.10437330231070518,-0.010986663401126862,7.171850070357323,0.9258285,0.0,-0.4071385019451731,-0.14111220663153953,,0.43089954122345275,0.17649785672815135
2023-10-22,Cancabato Bay,31.99838250875473,33.49559004418552,-0.13122959062457085,-0.011597033590078354,7.171850070357323,0.909929,25.60219583724635,-1.2636839636866344,-0.3625293351067878,,1.3146576280126065,0.1724873319822768
2023-10-23,Cancabato Bay,31.914151422679424,33.4467604290694,-0.12024292722344398,-0.012207403779029846,7.171850070357323,0.26401666,0.0,-1.3986236284114548,-0.0016886291340884963,,1.398624647794817,0.16847680723640227
2023-10-24,Cancabato Bay,31.9207434207201,33.42081969603896,-0.12024292722344398,-0.001831110566854477,7.171850070357323,0.38635656,0.0,-1.4070641082989257,0.02488372966967271,,1.4072841237167868,0.16446628249052772
2023-10-25,Cancabato Bay,32.03793449699879,33.356730826199055,-0.10559404268860817,-0.017700735479593277,7.171850070357323,0.9148809,0.0,-0.6662419205258256,-0.2175294826145837,,0.7008547442034684,0.16045575774465318
2023-10-26,Cancabato Bay,32.1258278042078,33.344523422420025,-0.08545182645320892,-0.01037629321217537,7.171850070357323,0.96616846,0.0,-0.2737393594002939,-0.4020411547184762,,0.48638495759249073,0.15644523299877866
2023-10-27,Cancabato Bay,32.1661122366786,33.332316018640995,-0.06714072078466415,-0.014038514345884323,7.171850070357323,2.0845149,0.0,-0.02789448336933688,-0.7328357692677973,,0.7333664615461811,0.15243470825290412
2023-10-28,Cancabato Bay,32.09286781400442,33.321634540334344,-0.08911404758691788,-0.015259254723787308,7.171850070357323,0.560477,0.0,-1.044347443187394,-0.30006399138691414,0.14842418350702957,1.0866001937323098,0.14842418350702957
2023-10-29,Cancabato Bay,32.041596718132496,33.307901211082935,-0.09643848985433578,-0.014038514345884323,7.171850070357323,1.8967335,0.0,-1.614647972581017,-0.5428168333053149,,1.703448910263997,0.13884366798197445
2023-10-30,Cancabato Bay,31.804284788668156,33.2529678940773,-0.10620441287755966,-0.02075258642435074,7.171850070357323,1.5814813,11.881857076772869,-1.4482556592236768,-1.2082419735257968,,1.886078768520265,0.12926315245691933
2023-10-31,Cancabato Bay,31.701010152697563,33.222449384629726,-0.08911404758691788,-0.0079348124563694,7.171850070357323,0.4353059,0.0,-1.0684381627298498,0.7070937619580493,,1.2812266371635908,0.11968263693186422
2023-11-01,Cancabato Bay,31.66292305290699,33.22092345915735,-0.12451551854610443,0.004272591322660446,7.171850070357323,0.76223445,1.1767687203404242,-1.523131822818255,0.9433429099638322,,1.7915988377593606,0.11010212140680911
2023-11-02,Cancabato Bay,31.721518591046333,33.21481975726783,-0.1904354989528656,0.0048829615116119385,7.171850070357323,1.3416511,0.0,-1.1808659252984937,-0.17030521657952094,0.10052160588175399,1.1930834842228206,0.10052160588175399
2023-11-03,Cancabato Bay,31.73689991980791,33.18582717329264,-0.15686513856053352,-0.0024414807558059692,7.171850070357323,1.1971623,0.0,-1.4130304168680026,-0.6178865662400952,,1.5422187807617105,0.10051369742312018
2023-11-04,Cancabato Bay,31.489333771169186,33.1095308996737,-0.10925626382231712,0.0006103701889514923,7.171850070357323,0.47483608,0.0,-2.0185903226236026,0.1987398625741961,,2.028350172816733,0.10050578896448636
2023-11-05,Cancabato Bay,31.436597786843777,33.08511609211564,-0.10193182155489922,0.0,7.171850070357323,0.44471258,0.0,-1.6690539948024385,-0.006664109136414437,,1.6690672987979127,0.10049788050585254
2023-11-06,Cancabato Bay,31.358958698809147,33.056123508140445,-0.08911404758691788,-0.009155552834272385,7.171850070357323,0.85219806,7.829858972622565,-1.8676762465214614,-0.6184109732195421,,1.9673959168451163,0.10048997204721873
2023-11-07,Cancabato Bay,31.100405886769295,32.982879085466266,-0.07690664380788803,-0.009155552834272385,7.171850070357323,0.863212,42.80098455020795,-2.5036474960619706,-0.803677263037386,,2.6294767402775476,0.10048206358858491
2023-11-08,Cancabato Bay,30.92681660503149,32.92641984298825,-0.07080294191837311,-0.003662221133708954,7.171850070357323,2.6114604,10.722737952162284,-2.560913411980001,0.05942861619131151,,2.5616028700954923,0.1004741551299511
2023-11-09,Cancabato Bay,30.932676158845425,32.90658281184733,-0.0714133121073246,-0.008545182645320892,7.171850070357323,2.7983537,0.0,-2.3279013700919227,-0.45554383265336024,,2.372055010395915,0.10046624667131729
2023-11-10,Cancabato Bay,31.04181034862995,32.89590133354068,-0.05737479776144028,-0.007324442267417908,7.171850070357323,1.0498564,0.0,-1.407841034369536,-0.270385199067884,,1.4335705542210555,0.10045833821268346
2023-11-11,Cancabato Bay,31.076967671513557,32.87759022787213,-0.051881466060876846,-0.004272591322660446,7.171850070357323,0.64354587,0.0,-1.7707863279180953,0.04064444648555862,,1.7712527177598825,0.10045042975404965
2023-11-12,Cancabato Bay,31.140690319240093,32.876064302399755,-0.04150517284870148,-0.01037629321217537,7.171850070357323,2.0493448,0.0,-1.4980160160961316,-0.8639571257787533,0.10044252129541584,1.729298672775877,0.10044252129541584
2023-11-13,Cancabato Bay,31.08575700223446,32.86080504767597,-0.043336283415555954,-0.0158696249127388,7.171850070357323,3.0803883,0.0,-2.0937509953108258,-1.4118257382638078,,2.5252812012901096,0.11282707693509417
2023-11-14,Cancabato Bay,30.962706372141838,32.8012939542532,-0.04821924492716789,-0.014038514345884323,7.171850070357323,1.5907788,21.324182952173985,-2.298349565103716,-0.961990436193546,,2.4915529941665477,0.1252116325747725
2023-11-15,Cancabato Bay,30.84551529586315,32.79824210330844,-0.06286812946200371,-0.014648884534835815,7.171850070357323,0.8818294,0.0,-3.099285750638037,-1.4180766534904437,,3.408300684986968,0.1375961882144508
2023-11-16,Cancabato Bay,30.55034027248621,32.74636063724756,-0.05615405738353729,-0.015259254723787308,7.171850070357323,0.88191515,24.994120092056814,-2.063229671662442,-1.7752253020655118,,2.721826877507439,0.14998074385412913
2023-11-17,Cancabato Bay,30.526902057230473,32.74636063724756,-0.04821924492716789,-0.020142216235399246,7.171850070357323,0.5912851,21.524247519886153,-1.343360729045696,-2.447928886651498,,2.792306194249661,0.16236529949380746
2023-11-18,Cancabato Bay,30.12479017674923,32.67311621457338,-0.036011841148138046,-0.015259254723787308,7.171850070357323,0.5879571,56.88183658953293,-1.7178261819241583,-2.507079734100594,,3.039140599650177,0.1747498551334858
2023-11-19,Cancabato Bay,29.709494300186634,32.46101257391274,-0.06530961021780968,-0.022583696991205215,7.171850070357323,0.52907395,58.31961539149666,-2.1331321155262146,-1.8540992921867556,,2.8262938289528163,0.18713441077316412
2023-11-20,Cancabato Bay,29.129398472607136,32.02459788881242,-0.11535996571183205,-0.04943998530507088,7.171850070357323,0.89798325,16.662747032726156,-1.6377522862241187,-0.7732528665099361,,1.8111191420219048,0.19951896641284245
2023-11-21,Cancabato Bay,29.007080286741257,31.949827540665865,-0.08545182645320892,-0.05798516795039177,7.171850070357323,1.7094582,43.158229888818525,-0.7596252632901145,-0.03891158517003473,,0.7606212277402075,0.21190352205252078
2023-11-22,Cancabato Bay,29.521988578140736,32.17108673416078,-0.06103701889514923,-0.06286812946200371,7.171850070357323,1.8520942,9.037758214786031,-0.3348600566180646,-0.34084159778816153,,0.47781194240102487,0.22428807769219908
2023-11-23,Cancabato Bay,29.845728926360607,32.20618302002549,-0.10986663401126862,-0.038453321903944016,7.171850070357323,10.691265,0.0,-1.1370610382298616,-0.05473418355841758,,1.1383776330858655,0.2366726333318774
2023-11-24,Cancabato Bay,29.69924008101225,32.23059782758355,-0.1422162540256977,-0.021973326802253723,7.171850070357323,10.758953,22.952560296835614,-2.1141939823554226,-0.9690565685114484,,2.3257013626007668,0.24905718897155574
2023-11-25,Cancabato Bay,29.735129848122597,32.26722003892064,-0.11535996571183205,-0.017090365290641785,7.171850070357323,2.0143225,0.0,-1.8485575962573337,-0.9766589979234316,,2.0907003575131213,0.26144174461123404
2023-11-26,Cancabato Bay,29.78493605554104,32.31604965403676,-0.09216589853167534,-0.0158696249127388,7.171850070357323,1.7172108,0.0,-1.9075457767791473,-1.1559995857555119,,2.23048558228357,0.27382630025091237
2023-11-27,Cancabato Bay,29.88381602615118,32.346568163484335,-0.08972441777586937,-0.009155552834272385,7.171850070357323,0.3593864,0.0,-2.5754534579722264,-0.18245831866494555,0.2862108558905907,2.581908509655433,0.2862108558905907
2023-11-28,Cancabato Bay,29.758568063378334,32.32978298328817,-0.09460737928748131,-0.006103701889514923,7.171850070357323,0.44382125,0.0,-3.211981732180554,-0.012810948319676345,,3.212007280231233,0.3264969116182043
2023-11-29,Cancabato Bay,29.718283630907536,32.334360759705305,-0.08606219664216042,-0.012207403779029846,7.171850070357323,0.49456215,33.711669985859544,-2.9110507158793593,-0.797576087896365,,3.018334621344327,0.366782967345818
2023-11-30,Cancabato Bay,29.697775192558765,32.36487926915288,-0.07629627361893654,-0.012817773967981339,7.171850070357323,0.5702821,3.0935712896596894,-2.8146123090829054,-0.5760618616786172,,2.872958356628519,0.4070690230734316
2023-12-01,Cancabato Bay,29.69924008101225,32.36793112009764,-0.08362071588635445,-0.009155552834272385,7.171850070357323,1.1381812,0.0,-3.1576712593577367,-0.4123919640492832,,3.1844866013513546,0.4473550788010453
2023-12-02,Cancabato Bay,29.665547646582127,32.37250889651477,-0.07995849475264549,-0.015259254723787308,7.171850070357323,0.6668877,0.0,-2.825569686836777,-1.0789690386976372,0.4876411345286589,3.0245691001593906,0.4876411345286589
2023-12-03,Cancabato Bay,29.6142765507102,32.38624222576618,-0.06775109097361565,-0.01037629321217537,7.171850070357323,0.4223967,2.2372088188561388,-3.1008815095671944,-0.5827583820832524,,3.1551661554130574,0.44343169655377845
2023-12-04,Cancabato Bay,29.562273010611534,32.38776815123856,-0.05859553813934326,-0.0030518509447574615,7.171850070357323,0.35552847,11.797662908657673,-2.5845380361428796,0.3919250681208089,,2.6140853312948287,0.39922225857889804
2023-12-05,Cancabato Bay,29.63405254483223,32.38929407671094,-0.05249183624982834,-0.012817773967981339,7.171850070357323,0.59358066,36.914056055842885,-1.991194633612542,-0.20641819801251265,,2.0018652655456406,0.35501282060401756
2023-12-06,Cancabato Bay,29.497817918658257,32.393871853128076,-0.02624591812491417,-0.012207403779029846,7.171850070357323,0.807286,47.044044726192,-1.5802480142918982,-0.6424354197219494,,1.7058449680984509,0.3108033826291371
2023-12-07,Cancabato Bay,29.501480139791965,32.444227393716574,-0.029908139258623123,-0.011597033590078354,7.171850070357323,3.0231528,0.0,-2.059775316128695,-0.9884815172004658,0.2665939446542567,2.28468161081145,0.2665939446542567
2023-12-08,Cancabato Bay,29.50807213783264,32.4640644248575,-0.028077028691768646,-0.01037629321217537,7.171850070357323,2.3502994,3.5072319042949256,-1.892880142574967,-0.15443368155236445,,1.8991695543453841,0.25848885800462634
2023-12-09,Cancabato Bay,29.603289887309074,32.490005157887936,-0.029908139258623123,-0.014648884534835815,7.171850070357323,2.2616594,0.0,-2.0411347811974947,-0.8301935737858357,,2.203509147920526,0.250383771354996
2023-12-10,Cancabato Bay,29.628192991018295,32.514419965445995,-0.03784295171499252,-0.009155552834272385,7.171850070357323,1.2446142,0.0,-2.6020915092731296,-0.6240790053035185,,2.67588393386035,0.2422786847053657
2023-12-11,Cancabato Bay,29.659688092768192,32.53120514564216,-0.035401470959186554,-0.015259254723787308,7.171850070357323,0.48477775,0.0,-1.8623532973527637,-1.0822927653858363,,2.154000332907874,0.2341735980557354
2023-12-12,Cancabato Bay,29.65089876204729,32.551042176783085,-0.03479110077023506,-0.015259254723787308,7.171850070357323,0.5040311,0.0,-2.1080498077434875,-1.1011312356527203,0.22606851140610507,2.378311163421944,0.22606851140610507
2023-12-13,Cancabato Bay,29.600360110402107,32.575456984341145,-0.056764427572488785,-0.01342814415693283,7.171850070357323,0.46620172,0.0,-2.9858765116352552,-1.4803967589345093,,3.332721576519545,0.21535448997787335
2023-12-14,Cancabato Bay,29.555681012570858,32.59529401548207,-0.06591998040676117,-0.009765923023223877,7.171850070357323,0.9502625,0.0,-3.012000131287623,-0.6819592174301802,,3.0882378737905927,0.2046404685496416
2023-12-15,Cancabato Bay,29.578386783599854,32.60902734473348,-0.05798516795039177,-0.007324442267417908,7.171850070357323,0.5055655,0.0,-2.4170720886209316,-0.5347061473630984,,2.4755096739092415,0.19392644712140988
2023-12-16,Cancabato Bay,29.619403660297394,32.63191622681916,-0.04272591322660446,-0.019531846046447754,7.171850070357323,2.8373783,0.0,-1.5941667830208812,-1.706828427358818,,2.335515149282342,0.18321242569317817
2023-12-17,Cancabato Bay,29.284676648676395,32.65175325796008,-0.04699850454926491,-0.014038514345884323,7.171850070357323,2.835843,59.547119323437975,-3.0767510729261236,-2.2095336263905114,,3.7879329469913348,0.17249840426494645
2023-12-18,Cancabato Bay,28.958006523549557,32.65175325796008,-0.08423108607530594,-0.0079348124563694,7.171850070357323,2.7268243,10.326694133563544,-4.843151665306664,-0.5179493927355313,,4.870768894804784,0.1617843828367147
2023-12-19,Cancabato Bay,28.763908803462982,32.65480510890484,-0.08178960531949997,-0.005493331700563431,7.171850070357323,1.4630353,9.924520137591864,-3.1011992847432057,0.5324375244177196,,3.146573806714192,0.15107036140848298
2023-12-20,Cancabato Bay,28.92211675643921,32.670064363628626,-0.059816278517246246,-0.01037629321217537,7.171850070357323,1.5025771,9.924520137591864,-1.8186077809713814,0.08062137585915548,,1.8203939318881162,0.14035633998025127
2023-12-21,Cancabato Bay,29.08252204209566,32.70210879854858,-0.054322946816682816,-0.004272591322660446,7.171850070357323,0.8810495,0.0,-2.548015958471424,0.2546669146457813,,2.5607109485532042,0.12964231855201952
2023-12-22,Cancabato Bay,29.13159580528736,32.731101382523775,-0.06469924002885818,-0.0079348124563694,7.171850070357323,0.9085526,0.0,-3.210985834919627,-0.5835807969482592,0.1189282971237878,3.263586459498394,0.1189282971237878
2023-12-23,Cancabato Bay,29.142582468688488,32.76467174291611,-0.07446516305208206,-0.011597033590078354,7.171850070357323,0.5016371,0.0,-3.1720288894170428,-0.8666060278723547,,3.2882781638482195,0.11306590846405512
2023-12-24,Cancabato Bay,29.16455579549074,32.78603469952941,-0.06164738908410072,-0.012817773967981339,7.171850070357323,0.37003946,14.777308393971992,-2.372744193884483,-0.9389839427359358,,2.551784836997126,0.10720351980432244
2023-12-25,Cancabato Bay,29.116214476525784,32.79519025236368,-0.06042664870619774,-0.012817773967981339,7.171850070357323,0.59323895,0.0,-2.6699581898285905,-1.3727621750182823,,3.0021913204513946,0.10134113114458976
2023-12-26,Cancabato Bay,29.116946920752525,32.792138401418924,-0.07019257172942162,-0.01342814415693283,7.171850070357323,0.6909578,0.0,-2.8813603270491703,-1.0299510417179525,,3.0599079206127753,0.09547874248485708
2023-12-27,Cancabato Bay,29.156498908996582,32.804345805197954,-0.06591998040676117,-0.008545182645320892,7.171850070357323,0.68595666,40.01600993707919,-2.9228625873903615,-0.379527293112956,,2.9473999848992207,0.0896163538251244
2023-12-28,Cancabato Bay,29.242927327752113,32.83639024011791,-0.06530961021780968,-0.015259254723787308,7.171850070357323,3.6102507,0.0,-2.4819037825330406,-1.0510628515866098,,2.6952883897158744,0.0837539651653917
2023-12-29,Cancabato Bay,29.223883777856827,32.84707171842456,-0.0634784996509552,-0.01037629321217537,7.171850070357323,0.35785764,0.0,-2.9464772987321672,-0.6724426532127645,,3.0222355291743614,0.07789157650565902
2023-12-30,Cancabato Bay,29.234870441257954,32.839442091062665,-0.0634784996509552,-0.0030518509447574615,7.171850070357323,0.797125,0.0,-2.7523904898668388,0.48776242385480056,,2.7952755840585963,0.07202918784592634
2023-12-31,Cancabato Bay,29.32276374846697,32.85775319673121,-0.06164738908410072,-0.010986663401126862,7.171850070357323,0.5385774,0.0,-2.3603825850034044,-0.04990286484522478,,2.3609100456195096,0.06616679918619366
2024-01-01,Cancabato Bay,29.390148617327213,32.87911615334451,-0.06164738908410072,-0.017090365290641785,7.171850070357323,0.96073806,0.0,-1.916612455932448,-0.5881303603061491,,2.0048193502032174,0.060304410526460975
2024-01-02,Cancabato Bay,29.378429509699345,32.911160588264465,-0.05859553813934326,-0.006103701889514923,7.171850070357323,1.6650614,0.0,-2.056724217891363,-0.22194091883782957,,2.0686643710170625,0.05444202186672829
2024-01-03,Cancabato Bay,29.62233343720436,32.95541242696345,-0.06164738908410072,-0.009155552834272385,7.171850070357323,2.3636208,0.0,-1.2269320264372603,0.006050236755497979,,1.2269469437845466,0.0485796332069956
2024-01-04,Cancabato Bay,29.791528053581715,32.995086489245296,-0.07263405248522758,-0.022583696991205215,7.171850070357323,2.277501,0.0,-1.2190171764089155,-0.847989544716463,,1.4849542566450993,0.04271724454726292
2024-01-05,Cancabato Bay,29.745384067296982,33.01339759491384,-0.079348124563694,-0.028077028691768646,7.171850070357323,0.59190106,3.5542406015121903,-1.960281805811481,-0.8691506343671039,,2.144324505156871,0.036854855887530236
2024-01-06,Cancabato Bay,29.80983915925026,33.05001980625093,-0.08239997550845146,-0.017700735479593277,7.171850070357323,0.41577154,0.0,-2.016203128512227,-0.5942625189025782,0.03099246722779755,2.101956944562597,0.03099246722779755
2024-01-07,Cancabato Bay,29.84646137058735,33.07138276286423,-0.07812738418579102,-0.017700735479593277,7.171850070357323,0.270199,0.0,-2.1151823117403104,-0.6615852985241089,,2.216233588573713,0.025170835307493155
2024-01-08,Cancabato Bay,29.850123591721058,33.10037534683943,-0.08056886494159698,-0.009765923023223877,7.171850070357323,0.9606534,0.0,-3.2063398808413,-0.36541082600738733,,3.2270947465540587,0.01934920338718876
2024-01-09,Cancabato Bay,29.87575913965702,33.11410867609084,-0.08117923513054848,-0.006714072078466415,7.171850070357323,1.0399253,0.0,-2.5028747237838425,0.32196491567056984,,2.523498224663295,0.013527571466884363
2024-01-10,Cancabato Bay,30.0068666562438,33.14767903648317,-0.07202368229627609,-0.01037629321217537,7.171850070357323,1.7598432,0.0,-1.5474896830811902,-0.567830990246962,,1.648379917594111,0.007705939546579967
2024-01-11,Cancabato Bay,29.918973349034786,33.176671620458364,-0.07263405248522758,-0.014648884534835815,7.171850070357323,1.3919019,0.0,-2.4368119066872422,-1.2828551481821486,0.0018843076262755713,2.753864484645197,0.0018843076262755713
2024-01-12,Cancabato Bay,29.680196531116962,33.18430124782026,-0.08301034569740295,-0.017700735479593277,7.171850070357323,0.5015436,0.0,-3.0908923881603014,-1.9531837086887938,,3.656301731951919,0.02099292340041115
2024-01-13,Cancabato Bay,29.390148617327213,33.16141236573458,-0.09033478796482086,-0.017700735479593277,7.171850070357323,0.46739656,0.0,-3.164336390240855,-2.039512330843026,,3.764656071710041,0.04010153917454673
2024-01-14,Cancabato Bay,29.083254486322403,33.18582717329264,-0.09887997061014175,-0.02075258642435074,7.171850070357323,0.41003487,50.97607889266822,-3.2401729512363358,-2.6892856193431447,,4.210816773065462,0.0592101549486823
2024-01-15,Cancabato Bay,28.846675001084805,33.234656788408756,-0.09155552834272385,-0.021973326802253723,7.171850070357323,0.4575621,0.0,-3.109204454795404,-3.801424164396424,,4.911005805268065,0.07831877072281788
2024-01-16,Cancabato Bay,28.539780870079994,33.28653825446963,-0.10193182155489922,-0.020142216235399246,7.171850070357323,0.7538222,0.0,-3.7550491245769417,-3.3506679577319662,,5.0326304941807285,0.09742738649695347
2024-01-17,Cancabato Bay,28.318582713603973,33.32621231675148,-0.09826960042119026,-0.02075258642435074,7.171850070357323,0.5482577,0.0,-3.4013932100425124,-2.668324256774927,,4.323127352810321,0.11653600227108904
2024-01-18,Cancabato Bay,28.30027160793543,33.342997496947646,-0.07629627361893654,-0.011597033590078354,7.171850070357323,0.5104276,0.0,-3.0922736821975416,-1.1200329490499923,,3.2888645962655816,0.1356446180452246
2024-01-19,Cancabato Bay,28.388897359371185,33.3536789752543,-0.062257759273052216,-0.011597033590078354,7.171850070357323,0.5660493,0.0,-2.752113860208076,-0.8418536407618747,,2.8779937894327396,0.15475323381936018
2024-01-20,Cancabato Bay,28.442365787923336,33.37656785733998,-0.04577776417136192,-0.01037629321217537,7.171850070357323,0.5347955,0.0,-2.205910566415432,-0.6624137369692533,,2.303222391769588,0.17386184959349577
2024-01-21,Cancabato Bay,28.613757736980915,33.40098266489804,-0.035401470959186554,-0.01342814415693283,7.171850070357323,0.508985,0.0,-2.0806304082553253,-0.9341569214226277,0.19297046536763135,2.2807174418587066,0.19297046536763135
2024-01-22,Cancabato Bay,28.626941733062267,33.416241919621825,-0.036011841148138046,-0.007324442267417908,7.171850070357323,0.49039656,9.533537623981319,-2.697008634527828,-0.3947986647448823,,2.7257515588185948,0.19540524045210603
2024-01-23,Cancabato Bay,28.618152402341366,33.439130801707506,-0.03357036039233208,-0.008545182645320892,7.171850070357323,0.32462883,0.0,-2.0703935020100466,-0.7145431241363487,,2.190228556433314,0.1978400155365807
2024-01-24,Cancabato Bay,28.634266175329685,33.46659746021032,-0.03906369209289551,-0.015259254723787308,7.171850070357323,0.659031,0.0,-2.3579684489867683,-1.8858191185499846,,3.0193259105809873,0.20027479062105538
2024-01-25,Cancabato Bay,28.569811083376408,33.487960416823626,-0.05310220643877983,-0.01831110566854477,7.171850070357323,0.98013836,0.0,-3.164334302247052,-2.7133054731073383,,4.168337578312435,0.20270956570553006
2024-01-26,Cancabato Bay,28.266579173505306,33.51542707532644,-0.06897183135151863,-0.021973326802253723,7.171850070357323,0.61572367,0.0,-2.6392700973408525,-3.940172486229234,,4.742436701523327,0.20514434079000474
2024-01-27,Cancabato Bay,27.87179173529148,33.561204839497805,-0.06286812946200371,-0.023194067180156708,7.171850070357323,0.76430583,0.0,-2.6499915458941805,-3.368964592037479,,4.286301157841442,0.20757911587447941
2024-01-28,Cancabato Bay,27.637409582734108,33.590197423473,-0.05737479776144028,-0.017700735479593277,7.171850070357323,0.7627211,1.7239811321416985,-3.076669771419604,-2.963295859700126,,4.2716529861966865,0.21001389095895406
2024-01-29,Cancabato Bay,27.45429852604866,33.6115603800863,-0.07995849475264549,-0.02136295661330223,7.171850070357323,0.77657497,30.447460022216408,-3.8165731600234687,-3.0124533636296262,,4.862212043283898,0.21244866604342877
2024-01-30,Cancabato Bay,27.32758567482233,33.60087890177965,-0.07385479286313057,-0.016479995101690292,7.171850070357323,0.75546336,41.49915709206091,-3.233726488687503,-1.9332619109917089,,3.7675573811331025,0.21488344112790342
2024-01-31,Cancabato Bay,27.39350565522909,33.60393075272441,-0.0714133121073246,-0.015259254723787308,7.171850070357323,0.5068542,0.0,-3.1998893462859836,-1.9843282988176643,,3.7652158803929354,0.2173182162123781
2024-02-01,Cancabato Bay,27.383251436054707,33.61766408197582,-0.06164738908410072,-0.009155552834272385,7.171850070357323,0.5475657,9.193292361859697,-2.926524877107621,-0.8713992673823673,,3.053503649829864,0.21975299129685277
2024-02-02,Cancabato Bay,27.423535868525505,33.620715932920575,-0.06530961021780968,-0.0079348124563694,7.171850070357323,0.54105633,0.0,-2.8582205358237807,-0.8011997084497553,,2.9683910800675766,0.22218776638132745
2024-02-03,Cancabato Bay,27.586138486862183,33.62681963481009,-0.09094515815377235,-0.0079348124563694,7.171850070357323,0.73032194,0.0,-3.453532023087307,-0.3978961923431376,,3.4763781172896993,0.22462254146580213
2024-02-04,Cancabato Bay,27.74874110519886,33.6405529640615,-0.10254219174385071,-0.011597033590078354,7.171850070357323,1.8152604,0.0,-3.0859026799275773,-0.4375673026624412,,3.116770844053744,0.2270573165502768
2024-02-05,Cancabato Bay,27.868129514157772,33.646656665951014,-0.10498367249965668,-0.0079348124563694,7.171850070357323,1.559999,15.809850895366734,-3.173386831183334,-0.2578070433593066,0.22949209163475148,3.1838417755807953,0.22949209163475148
2024-02-06,Cancabato Bay,27.903286837041378,33.64207888953388,-0.09399700909852982,-0.011597033590078354,7.171850070357323,1.5915902,11.728480160807651,-2.2327195857297637,-0.9591922471968842,,2.4300383773891094,0.2166601149781536
2024-02-07,Cancabato Bay,27.972136594355106,33.65886406973004,-0.08606219664216042,-0.008545182645320892,7.171850070357323,0.5117067,5.2347678460252185,-2.2155453093086606,-0.17572531057962734,,2.2225031838847644,0.2038281383215557
2024-02-08,Cancabato Bay,28.10837122052908,33.67870110087097,-0.08117923513054848,0.0006103701889514923,7.171850070357323,0.6314806,7.230381993820874,-2.0874052005872685,0.49351771790977433,,2.1449522627158037,0.1909961616649578
2024-02-09,Cancabato Bay,28.25632495433092,33.70311590842903,-0.09033478796482086,-0.007324442267417908,7.171850070357323,0.68493813,0.0,-2.842317827471026,-0.36679967010398473,,2.865887756062335,0.1781641850083599
2024-02-10,Cancabato Bay,28.27610094845295,33.73668626882136,-0.08789330720901489,-0.019531846046447754,7.171850070357323,0.5795049,0.0,-3.0283518787013053,-2.2807590825697046,0.16533220835176202,3.791144562524347,0.16533220835176202
2024-02-11,Cancabato Bay,28.177220977842808,33.77178255468607,-0.08606219664216042,-0.019531846046447754,7.171850070357323,0.4688787,0.0,-3.5164267396673536,-2.522990270640179,,4.327902138587768,0.16892060537613277
2024-02-12,Cancabato Bay,28.078341007232666,33.802301064133644,-0.08667256683111191,-0.017090365290641785,7.171850070357323,0.6130229,0.0,-3.660679930653687,-2.281972720320656,,4.313696448636406,0.17250900240050354
2024-02-13,Cancabato Bay,28.008758805692196,33.823664020746946,-0.09094515815377235,-0.012207403779029846,7.171850070357323,0.65937936,0.0,-3.7571937105456854,-1.0435415450462049,,3.899420923009143,0.1760973994248743
2024-02-14,Cancabato Bay,28.050508126616478,33.84655290283263,-0.09704886004328728,-0.008545182645320892,7.171850070357323,1.4998949,0.0,-3.3758408994095297,-0.23716339962563415,,3.384161381531343,0.17968579644924507
2024-02-15,Cancabato Bay,28.078341007232666,33.85113067924976,-0.11535996571183205,-0.008545182645320892,7.171850070357323,0.87126744,11.238189121404778,-3.1450847512058147,-0.4246165415904186,,3.1736189594309443,0.18327419347361582
2024-02-16,Cancabato Bay,28.120090328156948,33.86944178491831,-0.13611255213618279,-0.017090365290641785,7.171850070357323,0.5107285,0.0,-2.7856860484116406,-1.5617142556362986,,3.1935870391415513,0.1868625904979866
2024-02-17,Cancabato Bay,28.236548960208893,33.89538251794875,-0.13245033100247383,-0.012817773967981339,7.171850070357323,0.7173532,6.749824587148601,-2.9257285223185656,-0.8758443524033952,,3.0540122324485375,0.19045098752235734
2024-02-18,Cancabato Bay,28.273171171545982,33.89996029436588,-0.1355021819472313,-0.012207403779029846,7.171850070357323,0.2617442,0.0,-3.785103875347693,-0.7997984567837395,,3.8686805139020946,0.1940393845467281
2024-02-19,Cancabato Bay,28.30906093865633,33.9274269528687,-0.13306070119142532,-0.014648884534835815,7.171850070357323,1.6513053,0.0,-3.485839941672901,-0.9912504918802747,,3.6240388569405573,0.19762778157109887
2024-02-20,Cancabato Bay,28.278298281133175,33.935056580230594,-0.12878810986876488,-0.01831110566854477,7.171850070357323,0.64788395,0.0,-3.2585691574072,-1.6737173009232689,0.2012161785954696,3.6632775702934857,0.2012161785954696
2024-02-21,Cancabato Bay,28.283425390720367,33.96404916420579,-0.11658070608973503,-0.01342814415693283,7.171850070357323,0.48867723,0.0,-3.156290109396036,-1.039114625136168,,3.322939430510752,0.2035472488496019
2024-02-22,Cancabato Bay,28.44383067637682,33.99609359912574,-0.10864589363336563,-0.009765923023223877,7.171850070357323,1.0453426,0.0,-2.827579705372064,-0.5086185547462316,,2.8729601153625706,0.20587831910373422
2024-02-23,Cancabato Bay,28.547105312347412,34.015930630266666,-0.10498367249965668,-0.011597033590078354,7.171850070357323,0.60544425,0.0,-2.50619459515715,-0.7839636845080895,,2.6259494297153574,0.2082093893578665
2024-02-24,Cancabato Bay,28.763908803462982,34.041871363297105,-0.10559404268860817,-0.007324442267417908,7.171850070357323,1.0839555,5.141294221146801,-2.4782256088732684,-0.2886038008835498,,2.4949738119586975,0.2105404596119988
2024-02-25,Cancabato Bay,28.717032372951508,34.05102691613138,-0.11352885514497757,-0.017700735479593277,7.171850070357323,0.20206939,2.7021725383429485,-2.9413406280811474,-1.7451002312521653,,3.4200671788017787,0.21287152986613112
2024-02-26,Cancabato Bay,28.57933285832405,34.076967649161816,-0.11658070608973503,-0.020142216235399246,7.171850070357323,1.0973516,0.0,-3.378971719334269,-2.6598169052675216,,4.30024137108694,0.2152026001202634
2024-02-27,Cancabato Bay,28.425519570708275,34.10901208408177,-0.11658070608973503,-0.01892147585749626,7.171850070357323,1.0973434,0.0,-3.6792809849496972,-2.6296250485856207,,4.522392780637407,0.2175336703743957
2024-02-28,Cancabato Bay,28.21018096804619,34.1425824444741,-0.1342814415693283,-0.0158696249127388,7.171850070357323,1.1932616,0.0,-4.872173092854879,-1.921836165253905,,5.237511326270991,0.21986474062852798
2024-02-29,Cancabato Bay,28.03439435362816,34.17767873033881,-0.12024292722344398,-0.016479995101690292,7.171850070357323,0.35179105,0.0,-3.764137947468483,-1.6502047561007527,,4.10997691290715,0.2221958108826603
2024-03-01,Cancabato Bay,28.176488533616066,34.20361946336925,-0.09338663890957832,-0.012817773967981339,7.171850070357323,1.2502496,0.0,-2.752867482996726,-1.193344562096088,0.2245268811367926,3.000391744893495,0.2245268811367926
2024-03-02,Cancabato Bay,28.291482277214527,34.21887871809304,-0.06591998040676117,-0.01037629321217537,7.171850070357323,0.6885843,0.0,-2.373782661281136,-0.8554402330395914,,2.523216620764413,0.21471760288663433
2024-03-03,Cancabato Bay,28.39109469205141,34.22803427092731,-0.06591998040676117,0.0006103701889514923,7.171850070357323,0.3480335,0.0,-2.9282019833930235,0.3336928412060067,,2.9471541812092177,0.2049083246364761
2024-03-04,Cancabato Bay,28.470931112766266,34.24024167470634,-0.08362071588635445,-0.003662221133708954,7.171850070357323,0.60734963,0.0,-3.323581808349723,0.28187233563465236,,3.3355131614774582,0.19509904638631784
2024-03-05,Cancabato Bay,28.567613750696182,34.257026854902506,-0.09887997061014175,0.0012207403779029846,7.171850070357323,0.89708275,0.0,-2.731827691620782,0.6819931616213669,,2.8156699396776674,0.1852897681361596
2024-03-06,Cancabato Bay,28.771965689957142,34.269234258681536,-0.11963255703449249,0.001831110566854477,7.171850070357323,0.812706,0.0,-2.4286806970580015,0.49635691404838334,0.17548048988600135,2.478882835953683,0.17548048988600135
2024-03-07,Cancabato Bay,28.82396923005581,34.282967587932944,-0.11780144646763802,-0.008545182645320892,7.171850070357323,0.6968485,0.0,-2.7499408052214913,-0.4227227395829386,,2.782241712501401,0.170784328638755
2024-03-08,Cancabato Bay,28.961668744683266,34.29670091718435,-0.10864589363336563,-0.017700735479593277,7.171850070357323,1.2768464,0.0,-2.366749834645342,-1.3375132725513623,,2.7185375726748395,0.16608816739150867
2024-03-09,Cancabato Bay,28.84008300304413,34.30433054454625,-0.09704886004328728,-0.015259254723787308,7.171850070357323,1.3126,0.0,-3.1590398980993464,-1.8577478103258787,,3.6648001315971004,0.16139200614426233
2024-03-10,Cancabato Bay,28.915524758398533,34.32111572474241,-0.09582811966538429,-0.01037629321217537,7.171850070357323,0.50266594,0.0,-3.0438687845971635,-0.764912816001626,,3.138507414987027,0.156695844897016
2024-03-11,Cancabato Bay,28.93823052942753,34.33332312852144,-0.09643848985433578,-0.006103701889514923,7.171850070357323,0.6379551,0.0,-3.1972715017508624,-0.18698061737955846,0.15199968364976965,3.202734270460766,0.15199968364976965
2024-03-12,Cancabato Bay,28.986571848392487,34.3363749794662,-0.10376293212175369,-0.011597033590078354,7.171850070357323,0.5125741,0.0,-2.8642519058435507,-0.7560277657355742,,2.9623499055127733,0.16972226552598563
2024-03-13,Cancabato Bay,29.034180723130703,34.353160159662366,-0.10864589363336563,-0.016479995101690292,7.171850070357323,0.3772116,0.0,-3.3830067919484184,-1.5280926766751355,,3.7121155939541146,0.18744484740220163
2024-03-14,Cancabato Bay,29.11108736693859,34.366893488913774,-0.10925626382231712,-0.009765923023223877,7.171850070357323,0.8634453,0.0,-3.329714743692843,-0.41945070610720514,,3.356030269413452,0.2051674292784176
2024-03-15,Cancabato Bay,29.113284699618816,34.35926386155188,-0.11597033590078354,-0.012207403779029846,7.171850070357323,0.35299334,0.0,-3.5295670646309283,-0.7958231602069769,,3.6181733189620986,0.22289001115463358
2024-03-16,Cancabato Bay,29.11841180920601,34.36384163796902,-0.11413922533392906,-0.016479995101690292,7.171850070357323,0.35082018,0.0,-2.714678952533672,-1.3252521857677804,0.2406125930308496,3.020889797925703,0.2406125930308496
2024-03-17,Cancabato Bay,29.19678334146738,34.37604904174805,-0.10559404268860817,-0.014648884534835815,7.171850070357323,0.5331988,0.0,-2.0524994349419092,-1.1115327094547962,,2.334150572397757,0.22994506714661506
2024-03-18,Cancabato Bay,29.16455579549074,34.38062681816518,-0.09338663890957832,-0.011597033590078354,7.171850070357323,0.51861495,0.0,-2.0862094282580737,-0.8558135584502775,,2.2549249711199275,0.2192775412623805
2024-03-19,Cancabato Bay,29.202642895281315,34.38520459458232,-0.09094515815377235,-0.014648884534835815,7.171850070357323,0.24215896,0.0,-2.0050471718467175,-0.9463772226575067,,2.2171702706142025,0.20861001537814597
2024-03-20,Cancabato Bay,29.199713118374348,34.38520459458232,-0.08545182645320892,-0.019531846046447754,7.171850070357323,0.27523616,0.0,-2.5652297017590286,-2.163403329383311,,3.3556992398565026,0.1979424894939114
2024-03-21,Cancabato Bay,29.039307832717896,34.39283422194421,-0.079348124563694,-0.012207403779029846,7.171850070357323,0.493918,0.0,-2.8245399133469,-1.3596421304215018,0.18727496360967688,3.134749183731744,0.18727496360967688
2024-03-22,Cancabato Bay,29.01293984055519,34.40504162572324,-0.08911404758691788,-0.0012207403779029846,7.171850070357323,0.23321629,0.0,-3.592765644643621,0.34019173576749756,,3.6088357394616892,0.2163247761130137
2024-03-23,Cancabato Bay,29.010742507874966,34.401989774778485,-0.10803552344441414,-0.008545182645320892,7.171850070357323,0.29174635,0.0,-4.037556311857842,-0.1570720455062172,,4.040610424045185,0.2453745886163505
2024-03-24,Cancabato Bay,28.953611858189106,34.37604904174805,-0.12268440797924995,-0.0158696249127388,7.171850070357323,0.16840395,0.0,-3.719704180893928,-1.1084274322613747,,3.881341335923615,0.27442440111968736
2024-03-25,Cancabato Bay,28.80346079170704,34.3363749794662,-0.10071108117699623,-0.010986663401126862,7.171850070357323,0.18138269,32.55701249704575,-2.5787259813653707,-0.706681761958633,,2.6738038072479724,0.3034742136230241
2024-03-26,Cancabato Bay,29.0568864941597,34.31196017190814,-0.10864589363336563,0.0006103701889514923,7.171850070357323,0.433284,0.0,-2.451017472286317,0.05655047879204737,0.33252402612636095,2.4516697587775593,0.33252402612636095
2024-03-27,Cancabato Bay,29.2619708776474,34.2860194388777,-0.1342814415693283,-0.009765923023223877,7.171850070357323,1.8424352,0.0,-2.526908325086045,-0.23349362373572355,,2.537673138076376,0.3133089212546907
2024-03-28,Cancabato Bay,29.396008171141148,34.26618240773678,-0.1348918117582798,0.001831110566854477,7.171850070357323,0.6478456,8.368109137105485,-2.7955787930044678,0.8538388158686309,,2.9230637200342144,0.2940938163830204
2024-03-29,Cancabato Bay,29.583513893187046,34.26007870584726,-0.13367107138037682,-0.0079348124563694,7.171850070357323,0.80387145,0.0,-3.003414562542132,0.1629420912659562,,3.007831305042932,0.2748787115113501
2024-03-30,Cancabato Bay,29.554948568344116,34.27381203509867,-0.11413922533392906,-0.0030518509447574615,7.171850070357323,1.2032627,0.0,-2.922094571560132,0.32045228686721533,,2.9396132999596425,0.2556636066396799
2024-03-31,Cancabato Bay,29.62965787947178,34.27991573698819,-0.10864589363336563,-0.001831110566854477,7.171850070357323,1.8818609,0.0,-3.0654241690103663,0.5261180126025403,0.23644850176800963,3.1102452474262767,0.23644850176800963
2024-04-01,Cancabato Bay,29.766624949872494,34.29059721529484,-0.10376293212175369,-0.0006103701889514923,7.171850070357323,1.8977879,0.0,-3.2595015589374134,0.307285667622329,,3.273954015291224,0.277720952393148
2024-04-02,Cancabato Bay,29.745384067296982,34.295174991711974,-0.10193182155489922,-0.007324442267417908,7.171850070357323,0.20828119,0.0,-3.3525891714322977,-0.08171116240059265,,3.353584778481969,0.3189934030182864
2024-04-03,Cancabato Bay,29.82595293223858,34.307382395491004,-0.10437330231070518,-0.005493331700563431,7.171850070357323,0.51041657,0.0,-2.9770509434451293,0.1652081611663702,,2.9816314420772243,0.3602658536434247
2024-04-04,Cancabato Bay,29.922635570168495,34.3150120228529,-0.11291848495602608,-0.006103701889514923,7.171850070357323,0.71385044,0.0,-3.412511874798347,0.022969973337900896,,3.4125891805658166,0.4015383042685631
2024-04-05,Cancabato Bay,29.95339822769165,34.32416757568717,-0.11597033590078354,-0.0048829615116119385,7.171850070357323,0.3846345,0.0,-3.248392507368491,0.14929364828513772,0.4428107548937014,3.2518214088947195,0.4428107548937014
2024-04-06,Cancabato Bay,29.979766219854355,34.33332312852144,-0.1275673694908619,-0.004272591322660446,7.171850070357323,0.53837764,0.0,-3.467934798577499,0.24521454849978971,,3.476593439270792,0.4023117997542816
2024-04-07,Cancabato Bay,29.962920002639294,34.340952755883336,-0.12085329741239548,-0.007324442267417908,7.171850070357323,0.90478617,0.0,-2.714700574163312,0.02987890186803284,,2.7148649977741908,0.3618128446148618
2024-04-08,Cancabato Bay,29.67067475616932,34.17004910297692,-0.1355021819472313,-0.01831110566854477,7.171850070357323,0.90904784,0.0,-2.3116578405904127,-0.5434323969215575,,2.374674870795377,0.32131388947544204
2024-04-09,Cancabato Bay,29.836207151412964,34.24787130206823,-0.13061922043561935,-0.011597033590078354,7.171850070357323,1.3060971,0.0,-2.6707683923641565,-0.42724160036662906,,2.704725344787389,0.2808149343360222
2024-04-10,Cancabato Bay,29.948271118104458,34.24787130206823,-0.11597033590078354,-0.010986663401126862,7.171850070357323,1.2577621,0.0,-2.5796278078744965,-0.5722470252941819,0.2403159791966024,2.6423372769420297,0.2403159791966024
2024-04-11,Cancabato Bay,30.025910206139088,34.25550092943013,-0.09887997061014175,-0.014038514345884323,7.171850070357323,1.1637242,3.9168974100210425,-2.5046883761731333,-0.30620707262743707,,2.5233364090156254,0.2199398141809579
2024-04-12,Cancabato Bay,30.16580705344677,34.2646564822644,-0.08911404758691788,-0.0012207403779029846,7.171850070357323,0.35285547,1.1809548708958368,-2.228693605433107,0.1841477956472244,,2.2362883529500737,0.19956364916531338
2024-04-13,Cancabato Bay,30.212683483958244,34.27533796057105,-0.0872829370200634,-0.005493331700563431,7.171850070357323,0.26748404,2.7115333247870304,-2.8937611953301814,0.10483947783866913,,2.8956597126928165,0.1791874841496689
2024-04-14,Cancabato Bay,30.274208799004555,34.282967587932944,-0.08667256683111191,-0.003662221133708954,7.171850070357323,0.31660226,2.5605119977134487,-2.785421725260135,0.2816624956446009,,2.799626394539795,0.1588113191340244
2024-04-15,Cancabato Bay,30.359904773533344,34.295174991711974,-0.08362071588635445,-0.009155552834272385,7.171850070357323,0.53048706,0.33647463116021203,-2.498131900275379,-0.38187447988180123,0.13843515411837992,2.5271507888447164,0.13843515411837992
2024-04-16,Cancabato Bay,30.37015899270773,34.305856470018625,-0.079348124563694,-0.0079348124563694,7.171850070357323,0.94057614,0.0,-2.6141991155972013,-0.24091582233290612,,2.625276642458758,0.15532613875438633
2024-04-17,Cancabato Bay,30.453657634556293,34.32264165021479,-0.07995849475264549,-0.006714072078466415,7.171850070357323,1.4478701,0.0,-2.6657536489689817,0.04908874971703036,,2.6662055851603457,0.17221712339039275
2024-04-18,Cancabato Bay,30.515915393829346,34.33484905399382,-0.08117923513054848,0.0,7.171850070357323,0.62475777,0.0,-2.5267133425003,0.54336752465262,,2.584478396507921,0.18910810802639913
2024-04-19,Cancabato Bay,30.539353609085083,34.35621201060712,-0.08972441777586937,-0.0024414807558059692,7.171850070357323,0.27417707,0.0,-2.790396287551954,0.4041407463539003,,2.8195108058752347,0.20599909266240554
2024-04-20,Cancabato Bay,30.564989157021046,34.37604904174805,-0.10925626382231712,-0.005493331700563431,7.171850070357323,0.73399985,0.0,-3.391768695851567,0.12875886163361275,0.22289007729841195,3.3942117981363245,0.22289007729841195
2024-04-21,Cancabato Bay,30.532029166817665,34.38520459458232,-0.1110873743891716,-0.006714072078466415,7.171850070357323,0.84513915,30.443065366044213,-3.6105828032974956,0.10412695876553528,,3.61208396954021,0.24248048909066552
2024-04-22,Cancabato Bay,30.573046043515205,34.37604904174805,-0.1110873743891716,-0.0048829615116119385,7.171850070357323,0.8417464,10.641090620059176,-2.993361097473722,0.6128225763831574,,3.0554479491547517,0.26207090088291907
2024-04-23,Cancabato Bay,30.641163356602192,34.38367866910994,-0.10803552344441414,0.0048829615116119385,7.171850070357323,1.0798358,0.0,-3.311015538625173,1.2547145639674226,,3.540781345134052,0.28166131267517264
2024-04-24,Cancabato Bay,30.686574898660183,34.401989774778485,-0.11719107627868652,0.0,7.171850070357323,0.86757123,0.0,-3.39328355275888,0.6860213869850034,,3.46193567427599,0.3012517244674262
2024-04-25,Cancabato Bay,30.818414859473705,34.426404582336545,-0.11230811476707458,0.0,7.171850070357323,0.3021782,0.0,-2.513413731097404,0.7005818375926507,0.3208421362596798,2.6092266085630946,0.3208421362596798
2024-04-26,Cancabato Bay,30.871883288025856,34.437086060643196,-0.11291848495602608,0.0048829615116119385,7.171850070357323,1.4900912,0.0,-3.1408928052799125,1.564862225066159,,3.5091311456966277,0.3042765321419883
2024-04-27,Cancabato Bay,30.920224606990814,34.438611986115575,-0.12329477816820145,0.005493331700563431,7.171850070357323,0.21446425,0.0,-3.324455815365034,1.1140747466850676,,3.5061615777821467,0.2877109280242969
2024-04-28,Cancabato Bay,30.91875971853733,34.45692309178412,-0.1263466291129589,-0.003662221133708954,7.171850070357323,1.3487229,0.0,-3.1578146625429806,0.4304306262027971,,3.1870148990779397,0.2711453239066054
2024-04-29,Cancabato Bay,30.942197933793068,34.46607864461839,-0.12329477816820145,-0.007324442267417908,7.171850070357323,0.22187297,0.0,-2.999365885666926,0.17266498203502295,,3.004331691428844,0.2545797197889139
2024-04-30,Cancabato Bay,30.886532172560692,34.47828604839742,-0.10437330231070518,0.003662221133708954,7.171850070357323,0.8220344,0.0,-3.089737925416026,1.313935205605433,0.2380141156712225,3.3575148804262236,0.2380141156712225
2024-05-01,Cancabato Bay,30.833796188235283,34.50270085595548,-0.10132145136594772,0.0006103701889514923,7.171850070357323,0.8218167,0.408351446112124,-2.8135710341959586,0.8864217487155883,,2.949902622301712,0.2415847682160194
2024-05-02,Cancabato Bay,30.86602373421192,34.524063812568784,-0.10254219174385071,-0.001831110566854477,7.171850070357323,0.7334781,0.0,-2.709130922292391,0.2903341975215402,,2.7246438850556776,0.2451554207608163
2024-05-03,Cancabato Bay,30.857966847717762,34.536271216347814,-0.10010071098804474,-0.007324442267417908,7.171850070357323,0.9146941,0.0,-2.822932688571421,-0.38181321421019837,,2.848636567684722,0.24872607330561325
2024-05-04,Cancabato Bay,30.97149570286274,34.5515304710716,-0.09582811966538429,-0.003662221133708954,7.171850070357323,0.7386802,0.0,-2.3344394356033,0.0009157181226730879,,2.3344396152052282,0.25229672585041013
2024-05-05,Cancabato Bay,31.076967671513557,34.55610824748874,-0.09155552834272385,-0.0030518509447574615,7.171850070357323,0.64193416,0.0,-2.596425625930402,0.36944800068693817,0.25586737839520707,2.6225784747457332,0.25586737839520707
2024-05-06,Cancabato Bay,31.244697399437428,34.56373787485063,-0.09399700909852982,-0.0048829615116119385,7.171850070357323,0.5955049,0.0,-2.1586803824886704,0.06688697422368611,,2.1597163844038025,0.25422025127564807
2024-05-07,Cancabato Bay,31.271065391600132,34.56526380032301,-0.09277626872062683,-0.0079348124563694,7.171850070357323,0.2596825,0.0,-1.7603018450720478,-0.17090973619446523,,1.7685792952791564,0.25257312415608907
2024-05-08,Cancabato Bay,31.40949735045433,34.56526380032301,-0.09216589853167534,0.0,7.171850070357323,0.42062184,0.0,-1.6973966002381684,0.186832045869922,,1.7076479238601947,0.25092599703653007
2024-05-09,Cancabato Bay,31.394116021692753,34.56831565126777,-0.10925626382231712,0.0,7.171850070357323,0.47950518,0.0,-2.54834757139788,0.5630067241029394,,2.60979920990765,0.2492788699169711
2024-05-10,Cancabato Bay,31.435132898390293,34.57441935315728,-0.13061922043561935,0.001831110566854477,7.171850070357323,0.68792176,0.0,-2.85056042687726,0.4543857736382646,0.2476317427974121,2.8865483156468232,0.2476317427974121
2024-05-11,Cancabato Bay,31.43366800993681,34.56373787485063,-0.16113772988319397,-0.006714072078466415,7.171850070357323,1.1230567,5.997795309121617,-2.7697881516641436,0.36401026814549536,,2.793605176186218,0.23973350076569866
2024-05-12,Cancabato Bay,31.27472761273384,34.53932306729257,-0.16357921063899994,-0.001831110566854477,7.171850070357323,0.43374678,0.0,-2.7809145956728973,0.9136742336090785,,2.927163574791763,0.23183525873398522
2024-05-13,Cancabato Bay,31.33991514891386,34.545426769182086,-0.17700735479593277,0.0048829615116119385,7.171850070357323,0.4926586,0.0,-2.570926166621662,0.8548265573030589,,2.7093153742764153,0.22393701670227179
2024-05-14,Cancabato Bay,31.445387117564678,34.559160098433495,-0.1904354989528656,0.004272591322660446,7.171850070357323,0.366646,0.0,-2.557733541494375,0.7000607381271254,,2.651808044778591,0.21603877467055835
2024-05-15,Cancabato Bay,31.438795119524002,34.56678972579539,-0.19409772008657455,0.0024414807558059692,7.171850070357323,1.2542647,0.0,-2.7173018214277986,0.7114836005642444,0.2081405326388449,2.8089033629882487,0.2081405326388449
2024-05-16,Cancabato Bay,31.504715099930763,34.57747120410204,-0.17151402309536934,0.006103701889514923,7.171850070357323,0.47757867,0.500519940171379,-2.5238903298557536,0.7918009569364598,,2.6451788507669716,0.2135979240525559
2024-05-17,Cancabato Bay,31.52375864982605,34.58510083146393,-0.14099551364779472,0.007324442267417908,7.171850070357323,0.97982776,0.13597210794211198,-2.600134883254085,1.1179660816725752,,2.8302914286138567,0.21905531546626686
2024-05-18,Cancabato Bay,31.602862626314163,34.58815268240869,-0.12451551854610443,0.011597033590078354,7.171850070357323,0.3622107,0.6186038085256522,-2.3430873503390903,1.1117866583689997,,2.5934779553808367,0.22451270687997785
2024-05-19,Cancabato Bay,31.616046622395515,34.58510083146393,-0.10864589363336563,0.01037629321217537,7.171850070357323,1.0204343,1.1189887317986538,-2.3108955549846817,1.1450026578621217,,2.579005496806721,0.2299700982936888
2024-05-20,Cancabato Bay,31.6665852740407,34.57899712957442,-0.10010071098804474,0.009765923023223877,7.171850070357323,0.56370497,1.1425599617699085,-2.7582853572366974,0.9980693326642976,0.2354274897073998,2.933305388934356,0.2354274897073998
2024-05-21,Cancabato Bay,31.65413372218609,34.569841576740146,-0.08972441777586937,0.006714072078466415,7.171850070357323,0.17600773,0.0,-2.7001879135382096,0.7930245912771737,,2.8142321813930273,0.23391708125754804
2024-05-22,Cancabato Bay,31.706137262284756,34.56373787485063,-0.08545182645320892,0.0024414807558059692,7.171850070357323,0.3011274,0.0,-2.4794126622091404,0.35014423067780676,,2.504014403273266,0.23240667280769628
2024-05-23,Cancabato Bay,31.7647328004241,34.55000454559922,-0.08178960531949997,-0.0024414807558059692,7.171850070357323,1.9929388,0.0,-2.3186754150461124,0.07472847038946684,,2.3198793125130477,0.23089626435784452
2024-05-24,Cancabato Bay,31.28717916458845,34.35163423418999,-0.06775109097361565,-0.025025177747011185,7.171850070357323,1.9929388,56.26053195868057,-1.153602607147224,-1.082020103311836,,1.581634116724797,0.22938585590799276
2024-05-25,Cancabato Bay,31.1846369728446,34.270760184153914,-0.04028443247079849,0.020142216235399246,7.171850070357323,0.45706373,7.906419402875079,-1.6045832022642477,2.716083450387879,,3.154646820558446,0.227875447458141
2024-05-26,Cancabato Bay,31.333323150873184,34.26313055679202,-0.051881466060876846,0.024414807558059692,7.171850070357323,0.44774553,7.102675662634853,-1.1984254432126593,2.2229056108298058,,2.5253777732446467,0.22636503900828925
2024-05-27,Cancabato Bay,31.51130709797144,34.23871574923396,-0.03662221133708954,0.027466658502817154,7.171850070357323,0.5374429,0.0,-0.708702118244202,1.9244858922570651,,2.0508302323450107,0.2248546305584375
2024-05-28,Cancabato Bay,31.55305641889572,34.102908382192254,-0.007324442267417908,0.03234962001442909,7.171850070357323,1.7886056,6.72057319753848,-0.5850287912403582,1.6013800201803745,,1.7048978431604198,0.22334422210858573
2024-05-29,Cancabato Bay,31.74129458516836,34.1639454010874,-0.007324442267417908,0.01892147585749626,7.171850070357323,0.48845607,0.0,-1.153548920283997,1.1778876268717733,,1.64866442098627,0.22183381365873397
2024-05-30,Cancabato Bay,31.761803023517132,34.17920465581119,-0.043946653604507446,0.011597033590078354,7.171850070357323,0.4513049,0.0,-2.7368868578661676,1.5346247290430401,0.22032340520888222,3.1377735309851422,0.22032340520888222
2024-05-31,Cancabato Bay,31.774254575371742,34.1929379850626,-0.0555436871945858,0.006103701889514923,7.171850070357323,0.45347154,0.45539624393938455,-2.8016026396210574,1.2862672250632685,,3.082768354029157,0.22330564014487683
2024-06-01,Cancabato Bay,31.857020772993565,34.20667131431401,-0.07629627361893654,-0.0006103701889514923,7.171850070357323,1.4056332,0.0,-2.604047767337792,0.7004546231335708,,2.696609251197906,0.22628787508087142
2024-06-02,Cancabato Bay,32.049653604626656,34.21735279262066,-0.07751701399683952,0.0012207403779029846,7.171850070357323,0.48995897,0.0,-1.568924517244906,0.8985352942452861,,1.808007139315723,0.22927011001686604
2024-06-03,Cancabato Bay,32.392437502741814,34.2143009416759,-0.028077028691768646,-0.01831110566854477,7.171850070357323,2.2306497,5.110605002973027,0.27655053882242,0.5747597853673142,,0.6378314913818947,0.23225234495286062
2024-06-04,Cancabato Bay,32.50596635788679,34.186834283173084,-0.02075258642435074,-0.04943998530507088,7.171850070357323,0.78331697,8.41538946163921,0.5164223227828059,0.229842694203885,,0.5652607182064655,0.23523457988885524
2024-06-05,Cancabato Bay,32.36973173171282,33.922849176451564,-0.10376293212175369,-0.03906369209289551,7.171850070357323,1.0832145,0.0,-0.28848581799846185,0.5161628172397063,,0.5913105115648394,0.23821681482484985
2024-06-06,Cancabato Bay,32.2730490937829,33.86944178491831,-0.08178960531949997,-0.014038514345884323,7.171850070357323,1.0063976,6.635444482675376,0.020303814260809263,0.9387237727710905,,0.9389433244020255,0.24119904976084444
2024-06-07,Cancabato Bay,32.147068686783314,33.98388619534671,-0.10376293212175369,0.0006103701889514923,7.171850070357323,2.0604415,0.0,-0.8588421866314934,1.1121684197163464,,1.4051791684167254,0.24418128469683906
2024-06-08,Cancabato Bay,32.09140292555094,33.9991454500705,-0.10925626382231712,0.010986663401126862,7.171850070357323,2.4626987,0.0,-1.5098518301967554,1.5174273664721667,,2.1406163508828824,0.24716351963283364
2024-06-09,Cancabato Bay,32.08774070441723,34.006775077432394,-0.11780144646763802,-0.0079348124563694,7.171850070357323,1.955734,6.635444482675376,-1.4984795325180762,0.5616727744384682,0.25014575456882826,1.6002866039934842,0.25014575456882826
2024-06-10,Cancabato Bay,31.96542251855135,34.00219730101526,-0.10681478306651115,-0.0317392498254776,7.171850070357323,1.9557168,19.906333801464534,-1.2151699749088973,0.19365959058432472,,1.2305048171158772,0.254848592826314
2024-06-11,Cancabato Bay,32.01962339133024,33.993041748180985,-0.10986663401126862,-0.03479110077023506,7.171850070357323,0.46649426,1.3805830505328438,-0.7164191437472537,0.23773001366053748,,0.7548323979020691,0.25955143108379974
2024-06-12,Cancabato Bay,32.082613594830036,34.018982481211424,-0.12329477816820145,-0.006103701889514923,7.171850070357323,0.27269945,1.6357025841173654,-1.500015153045549,1.1635727698710974,,1.8984064501975755,0.26425426934128554
2024-06-13,Cancabato Bay,31.91268653422594,34.028138034045696,-0.11047700420022011,0.0,7.171850070357323,0.6328937,3.0970663807262633,-1.6166642330678132,1.0615325091920018,,1.9340254679171647,0.2689571075987713
2024-06-14,Cancabato Bay,31.903164759278297,34.03576766140759,-0.11474959552288055,-0.0048829615116119385,7.171850070357323,0.9044629,2.7160694576299993,-0.7041852836053734,0.9370205432390002,0.273659945856257,1.172128155151258,0.273659945856257
2024-06-15,Cancabato Bay,32.11410869657993,34.0708639472723,-0.10925626382231712,-0.0012207403779029846,7.171850070357323,1.658579,1.7997398304101382,-0.7983002141651587,0.9423191941178239,,1.2350095932983693,0.2723276246758918
2024-06-16,Cancabato Bay,32.114841140806675,34.03271581046283,-0.14038514345884323,-0.015259254723787308,7.171850070357323,1.6585774,10.490781212767093,-0.7024093525710959,0.35472713708602194,,0.7868991297266706,0.2709953034955265
2024-06-17,Cancabato Bay,31.861415438354015,34.031189884990454,-0.1110873743891716,-0.006103701889514923,7.171850070357323,2.6203973,7.656955337372071,-1.2886795520396948,1.1386326075866942,,1.719645080504958,0.2696629823151612
2024-06-18,Cancabato Bay,31.939786970615387,34.04644913971424,-0.10742515325546265,0.007324442267417908,7.171850070357323,2.6204035,7.654840273598133,-0.9809841747012967,0.880493657091634,,1.3181801967838025,0.2683306611347959
2024-06-19,Cancabato Bay,31.809411898255348,34.029663959518075,-0.10742515325546265,0.0006103701889514923,7.171850070357323,2.6203637,12.562091505946443,-1.2081337503815228,0.9288531801501775,,1.5239276193723972,0.2669983399544307
2024-06-20,Cancabato Bay,31.70833459496498,34.017456555739045,-0.08178960531949997,0.009765923023223877,7.171850070357323,1.2636713,14.588528994173288,-0.8468125136902603,1.5316730723091354,,1.7501753722925377,0.2656660187740654
2024-06-21,Cancabato Bay,31.714926593005657,34.03729358687997,-0.09094515815377235,0.010986663401126862,7.171850070357323,1.3608277,5.947914760333663,-0.6165312160710921,1.5229649516224835,,1.6430255580058921,0.2643336975937001
2024-06-22,Cancabato Bay,31.89217809587717,34.052552841603756,-0.13245033100247383,-0.0006103701889514923,7.171850070357323,1.4882355,0.34779870091154935,-1.4295122361012436,0.5268442299768594,,1.5235058502753074,0.2630013764133349
2024-06-23,Cancabato Bay,31.89144565165043,34.04797506518662,-0.13183996081352234,-0.0030518509447574615,7.171850070357323,0.22956115,5.947914760333663,-1.1874240616172533,0.4858566807610081,,1.2829780264477324,0.2616690552329696
2024-06-24,Cancabato Bay,31.619708843529224,33.993041748180985,-0.12451551854610443,-0.014648884534835815,7.171850070357323,1.1421496,17.4959455861832,-2.4485469984661274,0.47518880123848684,,2.494230703146754,0.2603367340526043
2024-06-25,Cancabato Bay,31.341380037367344,33.96404916420579,-0.10010071098804474,-0.006103701889514923,7.171850070357323,1.0776775,11.895829520667325,-2.743883465145444,0.4143723548215926,,2.7749956610306543,0.2590044128722391
2024-06-26,Cancabato Bay,30.989806808531284,33.8770714122802,-0.11474959552288055,0.0006103701889514923,7.171850070357323,1.4876422,23.368791110980247,-3.613546275409603,0.741494977080428,,3.6888387719663376,0.2576720916918738
2024-06-27,Cancabato Bay,30.749565102159977,33.87096771039069,-0.09949034079909325,-0.0012207403779029846,7.171850070357323,1.7583133,5.24390390505806,-2.7901138324169175,1.0119648764000724,,2.9679636299846455,0.2563397705115085
2024-06-28,Cancabato Bay,30.990539252758026,33.88927881605923,-0.09094515815377235,0.001831110566854477,7.171850070357323,1.8053844,0.31183465982016667,-1.8627341524451513,0.17402707362841394,,1.8708457833400447,0.2550074493311433
2024-06-29,Cancabato Bay,30.989806808531284,33.88012326322496,-0.059816278517246246,-0.012817773967981339,7.171850070357323,1.8015777,10.391730877538079,-1.4706846604200732,-0.33743612971143927,,1.5088991059807615,0.253675128150778
2024-06-30,Cancabato Bay,31.067445896565914,33.861812157556415,-0.054322946816682816,0.008545182645320892,7.171850070357323,0.54377854,0.0,-1.2366537744879422,0.5486585050511509,,1.3529001120261015,0.2523428069704127
2024-07-01,Cancabato Bay,31.23810540139675,33.83281957358122,-0.048829615116119385,0.009155552834272385,7.171850070357323,0.6260437,18.712484972164656,-1.4595099453784,1.1068108716829457,,1.831720389779516,0.2510104857900475
2024-07-02,Cancabato Bay,30.904110834002495,33.82976772263646,-0.04211554303765297,0.0024414807558059692,7.171850070357323,0.41932,0.0,-1.0219052293389301,0.9041806864777017,,1.364490018853029,0.24967816460968217
2024-07-03,Cancabato Bay,31.07403789460659,33.81908624432981,-0.07507553324103355,-0.01892147585749626,7.171850070357323,0.38144308,0.0,-0.8177363042551641,-0.14338847191401516,,0.8302125734862913,0.24834584342931693
2024-07-04,Cancabato Bay,30.933408603072166,33.67870110087097,-0.07568590342998505,-0.03479110077023506,7.171850070357323,0.5131072,21.400231769671457,-0.496912363853816,0.10041881736637294,,0.5069574303943558,0.24701352224895165
2024-07-05,Cancabato Bay,31.047669902443886,33.7336344178766,-0.08056886494159698,0.01037629321217537,7.171850070357323,0.57524693,5.256538583066898,-1.9182730384169284,1.3300339577792286,,2.334258293069384,0.24568120106858637
2024-07-06,Cancabato Bay,30.989074364304543,33.70311590842903,-0.09216589853167534,0.006103701889514923,7.171850070357323,0.46571678,6.7160166467721485,-1.826340784402002,1.1530433555870911,,2.159867968333634,0.2443488798882211
2024-07-07,Cancabato Bay,31.117252103984356,33.70921961031854,-0.10071108117699623,-0.003662221133708954,7.171850070357323,1.0755744,3.2183978633758743,-1.3511271786541055,0.2657577949628789,,1.3770155621783418,0.24301655870785585
2024-07-08,Cancabato Bay,31.263008505105972,33.6115603800863,-0.051881466060876846,-0.04577776417136192,7.171850070357323,1.9079323,15.330815778372768,0.045212865729452045,-0.06370661990640895,,0.07812001438408163,0.24168423752749058
2024-07-09,Cancabato Bay,31.461500890552998,33.634449262171984,-0.08606219664216042,-0.015259254723787308,7.171850070357323,1.5159066,5.3537358468333,-0.407107337128623,0.6294594686448258,,0.7496369832196013,0.2403519163471253
2024-07-10,Cancabato Bay,31.66731771826744,33.632923336699605,-0.079348124563694,-0.024414807558059692,7.171850070357323,0.9536682,19.05868922407254,-0.33194064367007486,0.5581944874952727,,0.6494348903394502,0.23901959516676002
2024-07-11,Cancabato Bay,31.56477552652359,33.634449262171984,-0.09460737928748131,-0.003662221133708954,7.171850070357323,0.49063173,7.279556892169551,-0.6784877612701492,0.35766247475937574,,0.7669863675740137,0.23768727398639478
2024-07-12,Cancabato Bay,31.529618203639984,33.62681963481009,-0.08484145626425743,-0.01831110566854477,7.171850070357323,0.6756755,7.203693632881483,-0.9959248591031121,0.44705659953791715,,1.0916620027141914,0.2363549528060295
2024-07-13,Cancabato Bay,31.611651957035065,33.64970851689577,-0.08178960531949997,-0.0012207403779029846,7.171850070357323,1.0079979,6.541094610104547,-1.125402390199601,1.125363461853974,,1.5915317970882443,0.23502263162566422
2024-07-14,Cancabato Bay,31.63362528383732,33.585619647055864,-0.0714133121073246,-0.0158696249127388,7.171850070357323,1.0036246,11.146248879904947,-0.8898772951030489,0.5388034674939011,,1.0402839885931967,0.23369031044529895
2024-07-15,Cancabato Bay,31.422681346535683,33.62376778386533,-0.06469924002885818,-0.023194067180156708,7.171850070357323,1.031225,2.9383442177178383,-0.9917318785154785,0.39236377375482223,,1.0665277538906173,0.23235798926493367
2024-07-16,Cancabato Bay,31.121646769344807,33.57036039233208,-0.07263405248522758,-0.051271095871925354,7.171850070357323,1.0968883,39.55295509728381,-0.6986371060391445,-0.5397142876541128,,0.8828280230218891,0.23102566808456843
2024-07-17,Cancabato Bay,30.663869127631187,33.079012390226126,-0.039674062281847,-0.06164738908410072,7.171850070357323,0.59155804,17.450825398722397,0.5262805139475977,-0.7520003341367266,,0.9178647405269994,0.22969334690420315
2024-07-18,Cancabato Bay,30.683645121753216,33.223975310102105,0.043946653604507446,0.0012207403779029846,7.171850070357323,0.565363,14.697016987175987,0.5200923920558931,1.6803073263190362,,1.75895673828433,0.22836102572383787
2024-07-19,Cancabato Bay,30.748100213706493,33.367412304505706,-0.021973326802253723,-0.05249183624982834,7.171850070357323,0.5583103,0.0,1.5931015098362054,0.5534194808932644,,1.6864891172120167,0.22702870454347263
2024-07-20,Cancabato Bay,30.82427441328764,33.451338205486536,-0.015259254723787308,-0.02929776906967163,7.171850070357323,0.46282813,0.0,1.9492357407797019,0.857776476428701,,2.1296244872388725,0.22569638336310735
2024-07-21,Cancabato Bay,30.965636149048805,33.538315957412124,0.062257759273052216,-0.0030518509447574615,7.171850070357323,0.25802755,8.066855181520358,2.4270992772522466,1.4985596661645895,,2.852453676169642,0.22436406218274207
2024-07-22,Cancabato Bay,30.904110834002495,33.631397411227226,0.043946653604507446,0.012207403779029846,7.171850070357323,0.26566285,4.188085849292743,2.3726103459475194,2.551098473051675,,3.483874749887515,0.2230317410023768
2024-07-23,Cancabato Bay,30.748832657933235,33.70006405748427,0.01342814415693283,0.0158696249127388,7.171850070357323,0.25103325,5.715792431998939,1.565174839022419,3.015061941783514,,3.3971121249526384,0.22169941982201152
2024-07-24,Cancabato Bay,30.716605111956596,33.75041959807277,0.02929776906967163,0.017090365290641785,7.171850070357323,0.3912291,1.9010358077649492,1.1184084643995995,2.5398539732113306,,2.775192911939286,0.22036709864164628
2024-07-25,Cancabato Bay,30.731253996491432,33.79161958582699,0.004272591322660446,0.016479995101690292,7.171850070357323,0.40568274,0.0,-0.20401597502160554,2.150944746044553,,2.1605984862071628,0.219034777461281
2024-07-26,Cancabato Bay,31.164860978722572,33.82213809527457,-0.035401470959186554,0.01892147585749626,7.171850070357323,0.37824672,5.860532567143061,-0.7241498625947631,0.9686911769209571,,1.2094443433827466,0.21770245628091572
2024-07-27,Cancabato Bay,31.051332123577595,33.742789970710874,-0.02868739888072014,-0.020142216235399246,7.171850070357323,0.37344918,8.708575201491579,0.395318751909023,-0.0747787490896717,,0.40232918975177995,0.21637013510055048
2024-07-28,Cancabato Bay,30.95098726451397,33.802301064133644,-0.0006103701889514923,-0.038453321903944016,7.171850070357323,0.55309397,7.759227618622704,1.1291032968698684,0.5079088392806235,,1.2380814367487287,0.2150378139201852
2024-07-29,Cancabato Bay,31.40583512932062,33.76110107637942,-0.06897183135151863,-0.038453321903944016,7.171850070357323,2.2772427,0.0,-0.2760891437420368,0.5932891809739317,0.21370549273981992,0.6543831198563497,0.21370549273981992
2024-07-30,Cancabato Bay,31.5281533151865,33.812982542440295,-0.1031525619328022,-0.043336283415555954,7.171850070357323,1.7078903,6.809880092882882,-0.15284484075492072,0.08965777703701804,,0.17720062733697278,0.21417785186100338
2024-07-31,Cancabato Bay,31.676839493215084,33.73821219429374,-0.13183996081352234,-0.03479110077023506,7.171850070357323,2.2260714,2.1874733702443283,0.35122608978772,-0.13908974605004265,,0.3777641110585241,0.2146502109821868
2024-08-01,Cancabato Bay,31.739097252488136,33.74736774712801,-0.07324442267417908,-0.06714072078466415,7.171850070357323,0.53199625,3.1792724505780985,1.043626698480519,-0.16705827014664906,,1.0569130292534665,0.21512257010337027
2024-08-02,Cancabato Bay,31.686361268162727,33.74431589618325,-0.0634784996509552,-0.07019257172942162,7.171850070357323,0.5710977,7.628432774315248,1.2672201774775167,-0.0016448676765144028,,1.2672212450064992,0.21559492922455373
2024-08-03,Cancabato Bay,31.63362528383732,33.79161958582699,-0.04821924492716789,-0.06469924002885818,7.171850070357323,0.4591909,6.713853895473787,1.6668915143875473,0.24385849442044702,,1.6846347633947893,0.21606728834573716
2024-08-04,Cancabato Bay,31.391918689012527,33.753471449017525,-0.02136295661330223,-0.0317392498254776,7.171850070357323,0.6157132,12.864519262466189,1.530022854892011,0.9215194329457626,,1.786104140801588,0.21653964746692062
2024-08-05,Cancabato Bay,31.42561112344265,33.8053529150784,0.007324442267417908,-0.008545182645320892,7.171850070357323,0.44125718,8.971504289121293,1.6612765263068152,1.052440072240497,,1.9665883663124881,0.21701200658810404
2024-08-06,Cancabato Bay,31.55598619580269,33.85113067924976,0.007324442267417908,-0.0048829615116119385,7.171850070357323,0.36661214,0.0,1.0355038690247582,1.145380054067646,,1.5440737453312414,0.2174843657092875
2024-08-07,Cancabato Bay,31.786706127226353,33.89080474153161,-0.01037629321217537,-0.0024414807558059692,7.171850070357323,0.35937303,1.4519387464553786,0.7336574650493718,0.8812652582603449,,1.1466829254154536,0.21795672483047096
2024-08-08,Cancabato Bay,32.01449628174305,33.909115847200155,-0.017090365290641785,-0.009155552834272385,7.171850070357323,0.32790998,1.116308358530648,0.7594327642450047,0.5564394877011464,,0.9414685480046177,0.2184290839516544
2024-08-09,Cancabato Bay,32.102389588952065,33.9274269528687,-0.027466658502817154,0.0006103701889514923,7.171850070357323,0.3366103,6.25836639739454,0.6603211442326588,0.8710135113534819,,1.093018092476538,0.21890144307283785
2024-08-10,Cancabato Bay,32.14267402142286,33.944212133064866,-0.0079348124563694,-0.03906369209289551,7.171850070357323,0.44438288,2.360023431503735,1.0596517349782013,0.41886968809838493,,1.1394356563887014,0.2193738021940213
2024-08-11,Cancabato Bay,32.28769797831774,33.96252323873341,-0.032959990203380585,-0.01037629321217537,7.171850070357323,0.99446774,6.040116548538208,0.5451887355001674,0.7051038670743635,,0.8912924439708289,0.21984616131520474
2024-08-12,Cancabato Bay,32.388775281608105,33.96099731326103,-0.0158696249127388,-0.0555436871945858,7.171850070357323,1.1133298,0.0,1.058178373175093,0.1739925711445182,,1.0723874692800948,0.2203185204363882
2024-08-13,Cancabato Bay,32.442976154387,34.005249151960015,-0.05615405738353729,-0.03479110077023506,7.171850070357323,0.3642378,5.252466784498563,0.6175359755472214,0.4683293759010494,,0.7750374735630045,0.22079087955757165
2024-08-14,Cancabato Bay,32.58214055746794,34.029663959518075,-0.05493331700563431,-0.017700735479593277,7.171850070357323,0.3916233,0.18536945882315836,0.15110621030458984,0.836222185607209,,0.8497650442883093,0.22126323867875508
2024-08-15,Cancabato Bay,32.524277463555336,34.04797506518662,-0.08667256683111191,-0.0006103701889514923,7.171850070357323,0.54685223,0.0,-0.5559492267618337,0.9093885672893778,,1.0658644890668363,0.22173559779993854
2024-08-16,Cancabato Bay,32.535996571183205,34.0708639472723,-0.09949034079909325,-0.0006103701889514923,7.171850070357323,1.5420048,0.0,-0.9688369255744441,0.9220693501348883,,1.3374815418594441,0.222207956921122
2024-08-17,Cancabato Bay,32.43052460253239,34.090700978413224,-0.10193182155489922,-0.010986663401126862,7.171850070357323,0.93957865,1.7478869595466713,-1.3945655457057586,0.4626790388375624,,1.4693144504323268,0.22268031604230543
2024-08-18,Cancabato Bay,32.24887843430042,34.08154542557895,-0.08911404758691788,-0.017700735479593277,7.171850070357323,0.9400444,1.110701274376708,-1.0835718435568136,0.6288688948645167,,1.252838388251745,0.22315267516348888
2024-08-19,Cancabato Bay,32.200537115335464,34.09375282935798,-0.07812738418579102,0.0,7.171850070357323,2.3213515,5.593093394090573,-1.2765955551581007,0.6253570431125279,,1.421537070504974,0.2236250342846723
2024-08-20,Cancabato Bay,32.23496199399233,34.11816763691604,-0.07812738418579102,0.006103701889514923,7.171850070357323,3.9784176,0.0,-1.7223081885598006,1.0822735693857342,,2.034124277268004,0.22409739340585577
2024-08-21,Cancabato Bay,32.31699574738741,34.14105651900172,-0.07446516305208206,0.005493331700563431,7.171850070357323,0.7802702,1.6346749975658454,-1.1636915694045318,0.6289858224073054,,1.3228005267207057,0.22456975252703923
2024-08-22,Cancabato Bay,32.453962817788124,34.15784169919789,-0.079348124563694,-0.014648884534835815,7.171850070357323,0.47701925,6.043205736544187,-0.8996142636933816,-0.06886289592812533,,0.9022460428708973,0.22504211164822266
2024-08-23,Cancabato Bay,32.36313973367214,34.11206393502653,-0.0030518509447574615,-0.036011841148138046,7.171850070357323,1.6981677,7.288199913768342,0.4973767197525895,0.27640508349703485,0.22551447076940612,0.5690196583026361,0.22551447076940612
2024-08-24,Cancabato Bay,32.270851761102676,34.064760245382786,0.007324442267417908,-0.03784295171499252,7.171850070357323,0.61535585,7.972293494227595,1.2259539438742473,0.2281323975628919,,1.2469993838485303,0.23126735342796975
2024-08-25,Cancabato Bay,32.12875758111477,34.04492321424186,-0.0006103701889514923,-0.04516739398241043,7.171850070357323,1.1247909,5.829852517801352,1.3539229988032937,0.28492726470615054,,1.3835790663570449,0.2370202360865334
2024-08-26,Cancabato Bay,31.92001097649336,34.08612320199609,0.0048829615116119385,-0.01342814415693283,7.171850070357323,0.36463752,2.5887571420913313,1.3412377693879463,0.7103296865296711,,1.5177242890584886,0.24277311874509702
2024-08-27,Cancabato Bay,31.811609230935574,34.102908382192254,0.0048829615116119385,-0.006103701889514923,7.171850070357323,0.40160725,2.4135678431477414,1.5401638517426033,1.190073224572393,,1.9463758552907362,0.24852600140366066
2024-08-28,Cancabato Bay,31.76985991001129,34.127323189750314,0.024414807558059692,0.0030518509447574615,7.171850070357323,0.3685764,2.255658493255274,1.2691796536973232,1.029181616772788,,1.6340231925105309,0.2542788840622243
2024-08-29,Cancabato Bay,31.8225958943367,34.14410836994648,-0.01037629321217537,0.0158696249127388,7.171850070357323,0.37008622,3.7361246888249067,0.4730927653939434,1.470397692350131,,1.5446313923835289,0.2600317667207879
2024-08-30,Cancabato Bay,32.0101016163826,34.1212194878608,0.004272591322660446,-0.004272591322660446,7.171850070357323,0.9289247,5.575914779791056,0.6287481731398056,0.1828747055607102,,0.6548033469375056,0.2657846493793516
2024-08-31,Cancabato Bay,31.8138065636158,34.078493574634194,0.031128879636526108,-0.024414807558059692,7.171850070357323,2.0779767,30.276289312222517,1.7550375315630289,-1.2129005017195766,,2.1333739391551707,0.2715375320379152
2024-09-01,Cancabato Bay,31.128971211612225,33.90758992172778,0.062257759273052216,0.015259254723787308,7.171850070357323,2.0662422,43.74239022739399,2.523670631403404,1.9576056474459647,,3.1939213087864875,0.27729041469647886
2024-09-02,Cancabato Bay,30.997131250798702,33.93810843117535,-0.01342814415693283,0.012817773967981339,7.171850070357323,2.0765016,18.436102859509262,0.5848534271881748,2.087691004597361,,2.1680653269609964,0.2830432973550425
2024-09-03,Cancabato Bay,31.308420047163963,33.97167879156768,-0.01037629321217537,0.020142216235399246,7.171850070357323,3.80147,0.0,0.8110965363944642,1.8187073797407478,,1.9913749331742008,0.28879618001360613
2024-09-04,Cancabato Bay,31.517899096012115,33.9991454500705,0.040894802659749985,0.01342814415693283,7.171850070357323,1.4184102,0.0,1.4773746205687004,1.6441775464824344,,2.2104197732235185,0.2945490626721698
2024-09-05,Cancabato Bay,31.65047150105238,34.03729358687997,0.025635547935962677,0.016479995101690292,7.171850070357323,0.4861,2.049638577543509,0.7634931415849538,1.8271615268397094,,1.980262866997834,0.3003019453307334
2024-09-06,Cancabato Bay,31.846034109592438,34.06933802179992,-0.05615405738353729,0.01892147585749626,7.171850070357323,1.3255284,0.0,-0.7532447754138887,1.2121415361848102,,1.4271176529749716,0.30605482798929706
2024-09-07,Cancabato Bay,32.12216558307409,34.089175052940845,-0.08362071588635445,-0.006714072078466415,7.171850070357323,1.345094,0.7316710849920403,-0.8936840410622474,0.2170758171372338,,0.9196700906494385,0.3118077106478607
2024-09-08,Cancabato Bay,32.40415661036968,34.101382456719875,-0.016479995101690292,-0.031128879636526108,7.171850070357323,0.3353796,0.9107590788088669,0.6692281523046055,-0.06022969471386661,,0.6719329847256807,0.31756059330642433
2024-09-09,Cancabato Bay,32.23569443821907,34.11206393502653,0.009155552834272385,-0.03479110077023506,7.171850070357323,0.37648398,0.0,1.7122168916564366,-0.128797962473347,,1.7170543378737073,0.32331347596498794
2024-09-10,Cancabato Bay,32.290627755224705,34.14716022089124,0.006103701889514923,-0.031128879636526108,7.171850070357323,2.4212294,11.38416940792681,2.093732464889038,-0.16502475457644183,,2.100225893601291,0.3290663586235516
2024-09-11,Cancabato Bay,31.9610278531909,34.113589860498905,0.02136295661330223,-0.03784295171499252,7.171850070357323,2.454019,25.568793016500752,3.240727343771854,-0.9717126213174188,,3.383273434870162,0.33481924128211527
2024-09-12,Cancabato Bay,31.414624460041523,34.08459727652371,0.02136295661330223,-0.006103701889514923,7.171850070357323,2.4545593,15.527179177195883,3.0505077417575897,0.14835335726990218,,3.0541129974407037,0.3405721239406789
2024-09-13,Cancabato Bay,30.94659259915352,34.08612320199609,0.035401470959186554,0.015259254723787308,7.171850070357323,1.6159332,13.221783205343135,3.3108910983361666,2.8118275428760082,,4.343774164930515,0.34632500659924254
2024-09-14,Cancabato Bay,30.455122523009777,34.0708639472723,0.04150517284870148,0.01892147585749626,7.171850070357323,1.6169202,13.962328472076516,4.020816565936807,3.247285219118925,,5.168348590335224,0.35207788925780614
2024-09-15,Cancabato Bay,30.111606180667877,34.07391579821706,0.05737479776144028,0.017700735479593277,7.171850070357323,1.5908469,7.5245962912282245,3.844776574335519,2.2281986275620262,,4.443779475899818,0.3578307719163698
2024-09-16,Cancabato Bay,29.746116511523724,33.99609359912574,0.04516739398241043,0.015259254723787308,7.171850070357323,1.5758735,0.10206921032061593,2.5997709004205443,1.827514647170781,,3.1778323618934325,0.36358365457493347
2024-09-17,Cancabato Bay,29.464125484228134,33.88317511416972,0.03906369209289551,0.009155552834272385,7.171850070357323,1.2164465,0.0,1.8969990489498856,2.078648143977815,,2.8141399215709204,0.3693365372334971
2024-09-18,Cancabato Bay,29.427503272891045,33.835871424525976,0.024414807558059692,0.012207403779029846,7.171850070357323,1.3674729,2.6239307974093258,0.09668549766549339,1.676815074595493,,1.6796002142919348,0.3750894198920607
2024-09-19,Cancabato Bay,29.778344057500362,33.84350105188787,-0.020142216235399246,0.028077028691768646,7.171850070357323,1.2083937,8.155643321454718,-0.41599393392110384,1.8936541800577176,,1.9388081665572854,0.38084230255062435
2024-09-20,Cancabato Bay,29.74904628843069,33.83281957358122,-0.07690664380788803,0.006103701889514923,7.171850070357323,1.636918,16.633632294286176,-1.457569163290065,1.1603968767184645,,1.8630697188436258,0.386595185209188
2024-09-21,Cancabato Bay,29.86330758780241,33.83129364810884,-0.11352885514497757,0.006714072078466415,7.171850070357323,1.6052219,16.418556402285642,-1.5931927656075455,1.1471717036549727,,1.9632284905356463,0.39234806786775167
2024-09-22,Cancabato Bay,30.04348886758089,33.8343454990536,-0.16968291252851486,0.0030518509447574615,7.171850070357323,1.471368,3.596394218956701,-1.762129953480891,0.6775349869577184,0.3981009505263153,1.887897145372693,0.3981009505263153
2024-09-23,Cancabato Bay,30.181188382208347,33.838923275470734,-0.19959105178713799,-0.007324442267417908,7.171850070357323,3.6353247,5.953828455160221,-2.0590131931036173,0.15125240847816038,,2.064561120539956,0.3798064690225295
2024-09-24,Cancabato Bay,30.439008750021458,33.84350105188787,-0.17578661441802979,-0.008545182645320892,7.171850070357323,2.6890676,0.0,-1.556228727577299,0.6011854624687647,,1.668314063005117,0.36151198751874375
2024-09-25,Cancabato Bay,30.586230039596558,33.860286232084036,-0.1580858789384365,-0.009155552834272385,7.171850070357323,0.55387044,3.596394218956701,-0.8885781941774071,0.4540817493598218,,0.9978784706913252,0.343217506014958
2024-09-26,Cancabato Bay,31.09820855408907,33.84044920094311,-0.10254219174385071,-0.020142216235399246,7.171850070357323,0.5350956,7.1356688139918525,0.563225452055637,0.03715067690199202,,0.5644493623324885,0.32492302451117216
2024-09-27,Cancabato Bay,31.046205013990402,33.90758992172778,-0.05798516795039177,-0.040894802659749985,7.171850070357323,1.1186184,0.0,1.074201614263565,0.16450869081532,,1.0867254563321038,0.3066285430073864
2024-09-28,Cancabato Bay,31.194891192018986,33.945738058537245,-0.03723258152604103,0.014648884534835815,7.171850070357323,1.0539163,0.2976657635868548,0.9932783804911337,1.5158398968431575,,1.8122837895905166,0.28833406150360064
2024-09-29,Cancabato Bay,31.210272520780563,33.980834344401956,-0.06042664870619774,0.01892147585749626,7.171850070357323,0.8915538,0.0,0.6279727964870483,1.7705743880931708,,1.878638735068366,0.27003957999981487
2024-09-30,Cancabato Bay,31.387524023652077,34.01440470479429,-0.0872829370200634,0.021973326802253723,7.171850070357323,1.1268559,0.0,-0.48460874603757914,1.6828155579812587,,1.7512035401174502,0.2517450984960291
2024-10-01,Cancabato Bay,31.456373780965805,34.03271581046283,-0.10193182155489922,0.011597033590078354,7.171850070357323,1.6279596,5.366150977893378,-1.3601327196889175,0.9830308129589728,,1.6781866983131377,0.23345061699224334
2024-10-02,Cancabato Bay,31.510574653744698,33.96099731326103,-0.10071108117699623,-0.014038514345884323,7.171850070357323,0.5618359,6.888741599104276,-1.1249114600745764,-0.12236160547966272,,1.1315467977519427,0.21515613548845758
2024-10-03,Cancabato Bay,31.539139978587627,34.0205084066838,-0.07690664380788803,-0.007324442267417908,7.171850070357323,0.9180089,6.875378687160846,-0.8133974557772167,0.18387477131907676,,0.8339216705377621,0.19686165398467179
2024-10-04,Cancabato Bay,31.461500890552998,33.94268620759249,-0.06103701889514923,-0.029908139258623123,7.171850070357323,0.82786053,14.722204508491979,0.3226151438832255,-0.22900662562070037,,0.39563185620090546,0.17856717248088602
2024-10-05,Cancabato Bay,31.375804916024208,33.91674547456205,-0.011597033590078354,-0.032959990203380585,7.171850070357323,1.5171992,11.135520459744878,1.2095998427586458,-0.003412708175405396,,1.2096046569763326,0.16027269097710026
2024-10-06,Cancabato Bay,31.066713452339172,33.896908443421125,-0.017700735479593277,-0.014648884534835815,7.171850070357323,1.0391062,7.992705917967776,1.4338451995395796,-0.10116105350618636,,1.437409341485291,0.14197820947331447
2024-10-07,Cancabato Bay,31.288644053041935,33.90758992172778,-0.0317392498254776,-0.02624591812491417,7.171850070357323,2.6061618,2.6116941512202305,1.0292263284900443,-0.10889891885284685,0.12368372796952871,1.0349714052979508,0.12368372796952871
2024-10-08,Cancabato Bay,31.45490889251232,33.93963435664773,-0.05310220643877983,-0.029908139258623123,7.171850070357323,0.781669,1.5613674546202152,1.3182698459321236,-0.2792917202239941,,1.3475307980449214,0.15713227847286088
2024-10-09,Cancabato Bay,31.561845749616623,33.948789909482,-0.07873775437474251,-0.02868739888072014,7.171850070357323,0.5177194,0.0,1.3959484849358352,-0.5067095771125569,,1.4850679338441861,0.19058082897619305
2024-10-10,Cancabato Bay,31.657795943319798,33.948789909482,-0.16052735969424248,-0.017090365290641785,7.171850070357323,0.37391594,2.9801981060649645,0.34969510126675657,-0.2629780400347341,,0.43754327030646617,0.22402937947952523
2024-10-11,Cancabato Bay,31.76107057929039,33.94268620759249,-0.20874660462141037,0.0048829615116119385,7.171850070357323,2.3863096,9.701631245902552,-0.43997985106688725,-0.31672246231992024,,0.542121192615483,0.2574779299828574
2024-10-12,Cancabato Bay,31.828455448150635,33.93047880381346,-0.20508438348770142,0.02685628831386566,7.171850070357323,0.49772996,1.6905232671731578,-0.6086763248456821,0.13487689713733417,0.2909264804861896,0.6234409721930709,0.2909264804861896
2024-10-13,Cancabato Bay,32.00717183947563,33.93047880381346,-0.19470809027552605,0.030518509447574615,7.171850070357323,0.41784942,0.8784357922526596,-1.0028880514319813,0.2616673609928987,,1.036462373419327,0.24892431966539444
2024-10-14,Cancabato Bay,31.898770093917847,33.90148621983826,-0.20813623443245888,0.012817773967981339,7.171850070357323,0.25380057,7.512406489338738,-1.3287641146794895,0.12383484589802969,,1.334522064830161,0.2069221588445993
2024-10-15,Cancabato Bay,31.926602974534035,33.860286232084036,-0.18860438838601112,0.006103701889514923,7.171850070357323,0.86683536,6.084049783956511,-0.902795680595287,0.07133580785228354,,0.9056096501161223,0.16491999802380414
2024-10-16,Cancabato Bay,31.98226873576641,33.84350105188787,-0.1422162540256977,-0.007324442267417908,7.171850070357323,2.480756,0.0,-1.151447144576875,-0.0715412814613302,,1.1536674918308862,0.122917837203009
2024-10-17,Cancabato Bay,31.988860733807087,33.80840476602316,-0.09094515815377235,-0.009765923023223877,7.171850070357323,1.3023218,0.0,-0.07173111709168228,-0.3267256924725482,0.08091567638221385,0.3345071468308065,0.08091567638221385
2024-10-18,Cancabato Bay,32.14267402142286,33.78704180940986,-0.079348124563694,-0.001831110566854477,7.171850070357323,2.2800279,4.999258533453409,-0.35450286318892893,0.20455447006622124,,0.40928573299495924,0.09144686986027734
2024-10-19,Cancabato Bay,32.07968381792307,33.7549973744899,-0.04821924492716789,-0.02685628831386566,7.171850070357323,0.42006925,10.870403687413129,0.9777981579014601,-0.8056093530088739,,1.266923702221592,0.10197806333834084
2024-10-20,Cancabato Bay,31.845301665365696,33.71990108862519,-0.016479995101690292,-0.012207403779029846,7.171850070357323,0.4078375,20.012271762275088,1.9305482781988064,-1.134930981860532,,2.239438543037805,0.11250925681640432
2024-10-21,Cancabato Bay,31.317209377884865,33.55510113760829,0.027466658502817154,0.0012207403779029846,7.171850070357323,0.4078375,36.07914553511257,4.1235990707140155,-0.5378589769466064,,4.15852877530931,0.1230404502944678
2024-10-22,Cancabato Bay,30.250770583748817,33.02713092416525,0.15503402799367905,0.025635547935962677,7.171850070357323,0.40783742,36.07914553511257,6.660238166416069,2.975020078044204,,7.2944853758268255,0.1335716437725313
2024-10-23,Cancabato Bay,29.83108004182577,33.03628647699952,0.10986663401126862,0.02929776906967163,7.171850070357323,0.4124449,8.77096762824744,3.0831647543798115,4.334605715268753,,5.319277357826951,0.1441028372505948
2024-10-24,Cancabato Bay,29.808374270796776,33.08511609211564,0.04028443247079849,0.0158696249127388,7.171850070357323,0.5824584,3.9637488191501027,2.1004207114970663,3.3391346075320576,,3.944817751494245,0.15463403072865828
2024-10-25,Cancabato Bay,29.828150264918804,33.04849388077855,-0.014038514345884323,0.011597033590078354,7.171850070357323,0.6423213,4.017569459665317,1.5120475590160183,1.7502981340893426,,2.312970250332445,0.16516522420672178
2024-10-26,Cancabato Bay,29.808374270796776,33.0591753590852,-0.005493331700563431,-0.007324442267417908,7.171850070357323,0.53285986,0.0,2.4584137931324967,0.22321962412523327,,2.4685269653902346,0.17569641768478528
2024-10-27,Cancabato Bay,29.67067475616932,33.12021237798035,0.03784295171499252,0.0,7.171850070357323,0.46769202,0.0,4.3848105091562894,-0.4215195232408101,,4.4050246207802966,0.18622761116284875
2024-10-28,Cancabato Bay,29.5966978892684,33.24076049029827,0.07324442267417908,0.008545182645320892,7.171850070357323,0.49671575,10.473845143668568,3.9329202541387445,0.3026174204430478,,3.9445454780709994,0.19675880464091225
2024-10-29,Cancabato Bay,29.669209867715836,33.34147157147527,0.09155552834272385,0.015259254723787308,7.171850070357323,0.42885855,6.766447126674957,3.0621474643424413,2.2025749153285683,,3.7720131695175048,0.20728999811897575
2024-10-30,Cancabato Bay,29.68385875225067,33.38572341017425,0.0634784996509552,0.010986663401126862,7.171850070357323,0.42351195,2.568723139290612,1.2644327237881972,1.9352052771871655,,2.3116681374798356,0.21782119159703922
2024-10-31,Cancabato Bay,29.976103998720646,33.40098266489804,-0.024414807558059692,0.015259254723787308,7.171850070357323,0.42683923,0.0,-1.2005971360906051,1.5916549451743855,,1.9936897822096193,0.22835238507510275
2024-11-01,Cancabato Bay,30.147495947778225,33.38877526111901,-0.08972441777586937,-0.003662221133708954,7.171850070357323,0.42504603,0.0,-1.1044762567990263,0.019012657647100934,0.2388835785531662,1.1046398883724933,0.2388835785531662
2024-11-02,Cancabato Bay,30.35770744085312,33.39030118659139,-0.09949034079909325,-0.017090365290641785,7.171850070357323,1.498993,0.0,-1.301047565921071,-0.8606821397733787,,1.5599674722615293,0.21817176346065187
2024-11-03,Cancabato Bay,30.332071892917156,33.37351600639522,-0.08484145626425743,-0.0158696249127388,7.171850070357323,1.0209149,0.5341737338910089,-1.215716077593519,-0.6447538793100774,,1.37610797040231,0.19745994836813754
2024-11-04,Cancabato Bay,30.455122523009777,33.3964048884809,-0.0555436871945858,-0.038453321903944016,7.171850070357323,0.8408709,2.130209703414966,0.18667529664157476,-0.5061348844659498,,0.5394628695745244,0.17674813327562322
2024-11-05,Cancabato Bay,30.561326935887337,33.416241919621825,-0.03357036039233208,-0.003662221133708954,7.171850070357323,0.6612171,1.8098936294214416,0.7125109784678573,0.22930814231838198,,0.7485012482092002,0.1560363181831089
2024-11-06,Cancabato Bay,30.71440777927637,33.4253974724561,-0.06958220154047012,0.0,7.171850070357323,0.6934163,6.667677021635988,-0.4589879128640507,0.5578784695892088,0.13532450309059457,0.7224252840166208,0.13532450309059457
2024-11-07,Cancabato Bay,30.64409313350916,33.45439005643129,-0.10681478306651115,0.0024414807558059692,7.171850070357323,0.33057255,0.0,-1.7815497075197853,1.063460537125536,,2.07481750387526,0.1595452654714511
2024-11-08,Cancabato Bay,30.737113550305367,33.4681233856827,-0.12390514835715294,-0.003662221133708954,7.171850070357323,0.7678022,0.0,-1.3931315244276825,-0.0273881481767224,,1.3934007158799468,0.1837660278523076
2024-11-09,Cancabato Bay,30.82866907864809,33.42387154698372,-0.0714133121073246,-0.0317392498254776,7.171850070357323,0.31227738,0.8976086450461003,0.39974759750758343,-0.9663940048515179,,1.0458085457319808,0.20798679023316413
2024-11-10,Cancabato Bay,30.613330475986004,33.48185671493411,-0.01892147585749626,0.0012207403779029846,7.171850070357323,0.35289538,10.190213716829929,1.4727376070494025,0.49950486607462363,,1.5551402414090594,0.23220755261402065
2024-11-11,Cancabato Bay,30.694631785154343,33.49559004418552,-0.046388134360313416,0.009765923023223877,7.171850070357323,2.0277095,0.0,-1.1568169778586814,1.2975863043445177,0.25642831499487717,1.7383773288571605,0.25642831499487717
2024-11-12,Cancabato Bay,30.91802727431059,33.50932337343693,-0.039674062281847,-0.01037629321217537,7.171850070357323,2.2876506,0.0,0.038289694071201565,-0.10960975610843625,,0.11610512179149154,0.24429718587736027
2024-11-13,Cancabato Bay,30.71807000041008,33.52000485174358,0.009765923023223877,0.0,7.171850070357323,1.7961287,2.610845333471085,0.4055040773218569,0.35111103071079264,,0.5363883971633294,0.23216605675984336
2024-11-14,Cancabato Bay,30.7429731041193,33.5398418828845,-0.016479995101690292,0.0024414807558059692,7.171850070357323,0.3718324,5.496148029455362,-1.5300842579475695,0.4327849698523833,,1.5901134131089811,0.22003492764232646
2024-11-15,Cancabato Bay,30.81182286143303,33.55510113760829,-0.006714072078466415,-0.016479995101690292,7.171850070357323,0.41782904,6.131469207830705,0.335095018182844,-1.3733106768690269,,1.413602096211457,0.20790379852480953
2024-11-16,Cancabato Bay,30.22659992426634,33.526108553633094,0.04577776417136192,0.012817773967981339,7.171850070357323,0.41758892,35.32282516369805,2.025434774266404,1.5760432503520272,,2.5663784506163116,0.19577266940729263
2024-11-17,Cancabato Bay,30.094027519226074,33.535264106467366,-0.001831110566854477,0.006714072078466415,7.171850070357323,1.0954165,0.0,-2.7569418760336255,1.6419626817496167,,3.20885804548693,0.18364154028977572
2024-11-18,Cancabato Bay,30.094759963452816,33.54289373382926,-0.06103701889514923,-0.008545182645320892,7.171850070357323,2.0113916,3.194737521985088,-3.2430541107797217,-0.29868651116574496,,3.2567796359897634,0.1715104111722588
2024-11-19,Cancabato Bay,30.01419109851122,33.54594558477402,-0.06653035059571266,-0.010986663401126862,7.171850070357323,1.076468,3.194737521985088,-3.0198937459806023,-0.6694665098058129,,3.093209279173385,0.1593792820547419
2024-11-20,Cancabato Bay,29.97390666604042,33.559678914025426,-0.056764427572488785,-0.010986663401126862,7.171850070357323,1.8296092,0.0,-2.723511091361395,-0.8128696656111455,,2.8422297159165923,0.14724815293722499
2024-11-21,Cancabato Bay,29.968047112226486,33.56730854138732,-0.04821924492716789,-0.009155552834272385,7.171850070357323,0.2936427,2.679981667393694,-2.6035848726546638,-0.7965275343033369,0.13511702381970808,2.7227027568244675,0.13511702381970808
2024-11-22,Cancabato Bay,29.966582223773003,33.5688344668597,-0.046388134360313416,-0.0048829615116119385,7.171850070357323,0.25901425,24.9405215906259,-2.5955114274301443,-0.18243763545391656,,2.6019152677884194,0.17834639910185468
2024-11-23,Cancabato Bay,29.91604357212782,33.5688344668597,-0.04699850454926491,-0.012207403779029846,7.171850070357323,1.3080518,0.78612473826058,-2.5315825496928253,-1.3185231366755645,,2.8543674374295254,0.22157577438400128
2024-11-24,Cancabato Bay,29.886745803058147,33.584093721583486,-0.05798516795039177,-0.01342814415693283,7.171850070357323,1.6987927,0.0,-3.35774083092351,-1.4559896724222439,,3.659826418541068,0.2648051496661479
2024-11-25,Cancabato Bay,29.83840448409319,33.59172334894538,-0.056764427572488785,-0.012207403779029846,7.171850070357323,0.6763128,0.0,-3.015177518122465,-1.1576711487676454,,3.2297829577976516,0.3080345249482945
2024-11-26,Cancabato Bay,29.836939595639706,33.597827050834894,-0.051271095871925354,-0.01342814415693283,7.171850070357323,1.4770979,0.0,-2.294395629625504,-1.3276459956229711,0.3512639002304411,2.650829152348058,0.3512639002304411
2024-11-27,Cancabato Bay,29.817163601517677,33.60545667819679,-0.05310220643877983,-0.01037629321217537,7.171850070357323,1.1252447,0.0,-2.7893988505387917,-1.0265363669885614,,2.972292526003658,0.3226757459026202
2024-11-28,Cancabato Bay,29.827417820692062,33.57646409422159,-0.06103701889514923,-0.009765923023223877,7.171850070357323,0.32693565,34.981572982983096,-2.7744844453828836,-0.8823880268371418,,2.911421056387604,0.2940875915747993
2024-11-29,Cancabato Bay,29.38062684237957,33.29111603088677,-0.06775109097361565,-0.04150517284870148,7.171850070357323,0.32694992,12.068126562685253,-1.6082131916062885,-1.782280915657514,,2.4005988694435128,0.26549943724697844
2024-11-30,Cancabato Bay,29.297128200531006,33.1812493968755,-0.10132145136594772,-0.01892147585749626,7.171850070357323,0.3490578,30.5897810055425,-2.059357412033804,0.510370282714872,,2.1216575538896527,0.23691128291915758
2024-12-01,Cancabato Bay,29.48683125525713,33.25449381954968,-0.06164738908410072,0.01037629321217537,7.171850070357323,0.43864408,15.315934265002657,-1.6196497249449067,1.3708012667999832,,2.1218768448179435,0.2083231285913367
2024-12-02,Cancabato Bay,29.590838335454464,33.271278999745846,-0.0872829370200634,0.0,7.171850070357323,0.42295697,0.0,-2.2759176916491226,0.7078162952448652,,2.3834439886382137,0.1797349742635158
2024-12-03,Cancabato Bay,29.760032951831818,33.295693807303905,-0.09765923023223877,-0.006714072078466415,7.171850070357323,3.4659245,0.0,-2.2758159518489722,0.23463907170774867,,2.2878797478587285,0.15114681993569495
2024-12-04,Cancabato Bay,29.943876452744007,33.32621231675148,-0.08484145626425743,-0.014038514345884323,7.171850070357323,1.230844,0.0,-1.3825019771217284,-0.5407177236290005,,1.4844821903249685,0.12255866560787407
2024-12-05,Cancabato Bay,29.918240904808044,33.31858268938959,-0.06469924002885818,-0.02075258642435074,7.171850070357323,1.0901484,0.0,-1.344454154430732,-0.6840905250977577,,1.508488256465585,0.09397051128005318
2024-12-06,Cancabato Bay,29.970976889133453,33.344523422420025,-0.06286812946200371,-0.009155552834272385,7.171850070357323,0.44203603,0.0,-1.9403292950484572,-0.026268074985573767,0.06538235695223232,1.940507094804523,0.06538235695223232
2024-12-07,Cancabato Bay,30.003204435110092,33.355204900726676,-0.06653035059571266,-0.0158696249127388,7.171850070357323,0.3700579,19.877925562020692,-1.840186020936391,-0.6545413147910251,,1.9531279846487457,0.06716271600577796
2024-12-08,Cancabato Bay,29.779076501727104,33.34147157147527,-0.06958220154047012,-0.007324442267417908,7.171850070357323,0.34171078,48.57852517758696,-2.694302114555869,-0.34817044466190084,,2.7167050894486677,0.06894307505932358
2024-12-09,Cancabato Bay,29.636249877512455,33.333841944113374,-0.08117923513054848,-0.006714072078466415,7.171850070357323,0.3229007,3.0143656745886274,-3.0870306787052453,-0.034070498289591626,,3.08721868517944,0.07072343411286922
2024-12-10,Cancabato Bay,29.636249877512455,33.34147157147527,-0.08484145626425743,-0.008545182645320892,7.171850070357323,0.43546167,0.0,-2.241014533242278,-0.4195787343782816,,2.279954484753059,0.07250379316641485
2024-12-11,Cancabato Bay,29.465590372681618,33.30484936013818,-0.07507553324103355,-0.012207403779029846,7.171850070357323,0.44287845,4.805676378761999,-2.0681317941672703,-0.6562042072205381,,2.16974032538907,0.07428415221996047
2024-12-12,Cancabato Bay,29.506607249379158,33.34147157147527,-0.07568590342998505,-0.009155552834272385,7.171850070357323,2.2518115,0.0,-2.9243596189427965,-0.48535219291308984,,2.964362651915046,0.07606451127350611
2024-12-13,Cancabato Bay,29.538102351129055,33.3750419318676,-0.0714133121073246,-0.014038514345884323,7.171850070357323,2.439774,0.0,-2.4189061413573514,-1.0280513010005201,,2.6283067549631975,0.07784487032705173
2024-12-14,Cancabato Bay,29.583513893187046,33.404034515842795,-0.056764427572488785,-0.017700735479593277,7.171850070357323,0.35872996,0.0,-1.92277314853492,-1.846832046362291,,2.6660542357944665,0.07962522938059736
2024-12-15,Cancabato Bay,29.57252722978592,33.42234562151134,-0.05371257662773132,-0.016479995101690292,7.171850070357323,0.27537906,11.541279614543003,-2.3394868964272137,-1.6804595318532316,,2.8804762065934546,0.081405588434143
2024-12-16,Cancabato Bay,29.264900654554367,33.38572341017425,-0.05249183624982834,-0.014038514345884323,7.171850070357323,0.27231747,34.85800429274099,-2.518172792293481,-1.4188991378322438,,2.890409828240319,0.08318594748768862
2024-12-17,Cancabato Bay,28.916257202625275,33.31247898750007,-0.04699850454926491,-0.01342814415693283,7.171850070357323,0.27574366,39.15471887436158,-2.5786009969378654,-1.3967501135174247,,2.9325916833101555,0.08496630654123426
2024-12-18,Cancabato Bay,28.482650220394135,33.103427197784185,-0.07080294191837311,-0.022583696991205215,7.171850070357323,0.2568631,45.14802058283895,-2.466766295875846,-1.4861189020123378,,2.8798412021129565,0.08674666559477989
2024-12-19,Cancabato Bay,28.265846729278564,32.94167909771204,-0.07080294191837311,-0.021973326802253723,7.171850070357323,1.3737164,19.297645584082073,-2.664302561293576,-2.113694689405463,,3.4009136093315226,0.08852702464832551
2024-12-20,Cancabato Bay,28.12887965887785,32.74788656271994,-0.10132145136594772,-0.011597033590078354,7.171850070357323,1.3774813,43.693570109601986,-3.647330454988054,0.047940217724406,,3.6476455025617316,0.09030738370187115
2024-12-21,Cancabato Bay,28.21091341227293,32.77535322122276,-0.08423108607530594,-0.007324442267417908,7.171850070357323,1.3729551,40.83246428517108,-3.0481606723805674,0.22086855830428073,,3.056152222107885,0.09208774275541678
2024-12-22,Cancabato Bay,28.417462684214115,32.78603469952941,-0.06958220154047012,-0.012207403779029846,7.171850070357323,1.383061,26.7264496952581,-1.797497535418297,-0.6103595862297186,,1.898298241672621,0.0938681018089624
2024-12-23,Cancabato Bay,28.409405797719955,32.81960505992174,-0.05493331700563431,-0.008545182645320892,7.171850070357323,1.3833163,17.39969737689716,-2.5858731982503658,-0.6239450304468004,,2.6600841337162313,0.09564846086250804
2024-12-24,Cancabato Bay,28.500228881835938,32.753990264609456,-0.07080294191837311,-0.012207403779029846,7.171850070357323,1.0349042,18.530280789628197,-2.2506867301026245,-0.18728298082393538,,2.2584653355689,0.09742881991605368
2024-12-25,Cancabato Bay,28.48118533194065,32.81960505992174,-0.05737479776144028,-0.014648884534835815,7.171850070357323,1.0118347,17.39969737689716,-2.243238277704067,-0.2231543891890877,,2.2543105047821306,0.0992091789695993
2024-12-26,Cancabato Bay,28.555162198841572,32.85775319673121,-0.07019257172942162,-0.009155552834272385,7.171850070357323,0.9521891,15.375126421261141,-3.1066732726049744,-0.3590273893466033,,3.1273502344667343,0.10098953802314493
2024-12-27,Cancabato Bay,28.26364939659834,32.79671617783606,-0.0714133121073246,-0.0079348124563694,7.171850070357323,0.88827205,28.996142877938272,-2.729993600359578,-0.24838361899278324,,2.7412696839581843,0.10276989707669057
2024-12-28,Cancabato Bay,28.061494790017605,32.50984218902886,-0.12085329741239548,-0.015259254723787308,7.171850070357323,0.826043,34.2662752626803,-3.063957770830711,-0.025037577670505556,,3.0640600682312846,0.10455025613023619
2024-12-29,Cancabato Bay,27.91207616776228,32.3206274304539,-0.1501510664820671,-0.01831110566854477,7.171850070357323,1.3706563,42.776631742239765,-3.1083241365720893,0.10287133241311097,,3.1100259563272257,0.10633061518378181
2024-12-30,Cancabato Bay,28.079073451459408,32.44575331918895,-0.12268440797924995,-0.009765923023223877,7.171850070357323,1.4024234,10.27994870758666,-2.721273412961116,0.4150018604723128,,2.752736008462221,0.10811097423732746
2024-12-31,Cancabato Bay,28.262184508144855,32.456434797495604,-0.09887997061014175,-0.019531846046447754,7.171850070357323,1.4093901,7.687563210630571,-1.7575812327666271,0.24022301831182644,,1.7739218946448292,0.10989133329087308
2025-01-01,Cancabato Bay,28.36692403256893,32.47169405221939,-0.08545182645320892,-0.022583696991205215,7.171850070357323,1.4972333,19.91317655788824,-1.993940003861674,0.3940872938700708,,2.0325111399915445,0.1116716923444187
2025-01-02,Cancabato Bay,28.4189275726676,32.51136811450124,-0.06286812946200371,-0.011597033590078354,7.171850070357323,2.7135446,17.19729085395131,-1.9820212106226662,0.5279146886141753,,2.0511221313741266,0.11345205139796435
2025-01-03,Cancabato Bay,28.560289308428764,32.51747181639075,-0.06653035059571266,-0.009765923023223877,7.171850070357323,2.7123888,0.0,-1.4122444345813945,0.434121248875735,,1.477462555103022,0.11523241045150998
2025-01-04,Cancabato Bay,28.699453711509705,32.48695330694318,-0.06714072078466415,-0.025025177747011185,7.171850070357323,1.8278453,7.855693629755381,-1.6260398353432146,0.03230988249599204,,1.6263608070258866,0.1170127695050556
2025-01-05,Cancabato Bay,28.602038629353046,32.55409402772784,-0.04455702379345894,-0.023194067180156708,7.171850070357323,0.39141652,8.968049836996647,-1.202721090398283,-0.26162983052695865,,1.230848564816322,0.11879312855860123
2025-01-06,Cancabato Bay,28.74706258624792,32.56782735697925,-0.043336283415555954,-0.040894802659749985,7.171850070357323,0.459009,0.0,-0.9603871158045583,-0.8641832033738059,,1.2919582118616728,0.12057348761214687
2025-01-07,Cancabato Bay,28.723624370992184,32.55867180414498,-0.07690664380788803,-0.03234962001442909,7.171850070357323,0.3913757,42.03811095240779,-2.0587772458385563,-0.6544802695010216,,2.160302796172037,0.12235384666569249
2025-01-08,Cancabato Bay,28.465804003179073,32.51747181639075,-0.06897183135151863,-0.017700735479593277,7.171850070357323,0.39284074,26.436289147447095,-1.9253906629795452,-0.6609772170049872,,2.035686637596384,0.12413420571923812
2025-01-09,Cancabato Bay,28.41966001689434,32.442701468244195,-0.06408886983990669,-0.03357036039233208,7.171850070357323,0.48561928,13.910963713551485,-1.706017563733528,-0.5434161525148254,,1.7904739714894764,0.12591456477278376
2025-01-10,Cancabato Bay,28.3698538094759,32.44727924466133,-0.059205908328294754,-0.03234962001442909,7.171850070357323,0.51787513,15.358247622895167,-1.9624175163470834,-0.3458907778804477,,1.9926672925224111,0.12769492382632938
2025-01-11,Cancabato Bay,28.416730239987373,32.51289403997362,-0.07873775437474251,-0.0238044373691082,7.171850070357323,0.40900877,26.18538961928493,-3.2650530081639033,-0.8897434083934634,,3.3841120665397253,0.12947528287987503
2025-01-12,Cancabato Bay,28.166966758668423,32.39692370407283,-0.09216589853167534,-0.02075258642435074,7.171850070357323,0.48602155,22.21843317598581,-3.141845064257937,-0.3265441335853017,,3.1587689815782567,0.13125564193342065
2025-01-13,Cancabato Bay,28.232154294848442,32.4350718408823,-0.09582811966538429,-0.02624591812491417,7.171850070357323,1.6592982,1.4884113122860847,-3.383061611451352,-1.364770209825075,,3.647972531763609,0.13303600098696627
2025-01-14,Cancabato Bay,28.314188048243523,32.4854273814708,-0.09582811966538429,-0.022583696991205215,7.171850070357323,1.4970539,20.730021863699722,-3.605602827929107,-1.1715569924360942,,3.791163085294047,0.1348163600405119
2025-01-15,Cancabato Bay,28.380840472877026,32.54188662394881,-0.09033478796482086,-0.02075258642435074,7.171850070357323,0.8405984,19.507248576837608,-2.989410542703771,-1.2625751505274787,,3.2450995984034052,0.13659671909405754
2025-01-16,Cancabato Bay,28.429914236068726,32.599871791899204,-0.07690664380788803,-0.0238044373691082,7.171850070357323,0.43313125,0.0,-2.6193008488941265,-1.3303434160075693,,2.9377798660778143,0.13837707814760317
2025-01-17,Cancabato Bay,28.539780870079994,32.66090881079435,-0.08301034569740295,-0.015259254723787308,7.171850070357323,0.44287446,0.0,-3.1792438447158755,-0.694757777704436,,3.25427100805151,0.14015743720114882
2025-01-18,Cancabato Bay,28.59910885244608,32.729575457051396,-0.07629627361893654,-0.010986663401126862,7.171850070357323,2.4599001,0.0,-2.6867676644822036,-0.4131970756680125,,2.718354705745325,0.14193779625469444
2025-01-19,Cancabato Bay,28.66942349821329,32.78450877405703,-0.07263405248522758,-0.01037629321217537,7.171850070357323,1.1148367,0.0,-2.4155886256411163,-0.24402507886954897,,2.4278831618189596,0.14371815530824006
2025-01-20,Cancabato Bay,28.817377232015133,32.815027283504605,-0.06958220154047012,-0.01892147585749626,7.171850070357323,0.55807,5.149411381243136,-1.786498284609771,-0.2782109081125557,,1.8080313687285592,0.14549851436178568
2025-01-21,Cancabato Bay,28.88622698932886,32.83181246370077,-0.07385479286313057,-0.02868739888072014,7.171850070357323,0.5873562,16.646833657456664,-2.466680593263692,-0.7446491530762723,,2.5766287102260055,0.1472788734153313
2025-01-22,Cancabato Bay,28.928708754479885,32.86080504767597,-0.08362071588635445,-0.022583696991205215,7.171850070357323,0.6840747,25.630823406548547,-2.8546905217971505,-0.5666527556723164,,2.9103871427611683,0.14905923246887695
2025-01-23,Cancabato Bay,28.99975584447384,32.88979763165116,-0.07812738418579102,-0.017700735479593277,7.171850070357323,0.36549097,4.596432417726365,-2.2527186758773214,-0.03705376916736896,,2.2530233941208824,0.1508395915224226
2025-01-24,Cancabato Bay,29.18433178961277,32.94015317223966,-0.07019257172942162,-0.02075258642435074,7.171850070357323,0.23504716,5.425438717912181,-1.8280452464793897,-0.2303013856098706,,1.8424950885659692,0.15261995057596822
2025-01-25,Cancabato Bay,29.36451306939125,32.99050871282816,-0.06836146116256714,-0.03234962001442909,7.171850070357323,0.8141083,5.758393561116423,-1.5702991230875,-0.7453632264964494,0.15440030962951384,1.7382191102914986,0.15440030962951384
2025-01-26,Cancabato Bay,29.344737075269222,33.042390178889036,-0.04821924492716789,-0.04150517284870148,7.171850070357323,0.80276686,17.874121775642376,-1.45396186972799,-1.9298767841944495,,2.4162842384114542,0.15236848608631526
2025-01-27,Cancabato Bay,29.2128971144557,33.09884942136705,-0.05249183624982834,-0.024414807558059692,7.171850070357323,0.7978451,50.897114915207936,-2.0014782114099425,-2.355255550367779,,3.090816031129477,0.1503366625431167
2025-01-28,Cancabato Bay,28.903073206543922,33.12021237798035,-0.059816278517246246,-0.015259254723787308,7.171850070357323,0.84626156,25.81493224427342,-2.533048748254061,-2.091530170361366,,3.284940549623891,0.14830483899991811
2025-01-29,Cancabato Bay,28.584459967911243,33.056123508140445,-0.08423108607530594,-0.010986663401126862,7.171850070357323,0.99809754,73.41097123021137,-3.855202375919997,-0.5915946230158078,,3.900329416508355,0.14627301545671956
2025-01-30,Cancabato Bay,28.267311617732048,32.93099761940539,-0.09826960042119026,-0.007324442267417908,7.171850070357323,1.0632583,9.855293910724287,-3.6157509470734985,-0.014825480340617063,,3.6157813410285518,0.14424119191352097
2025-01-31,Cancabato Bay,28.316385380923748,32.97830130904913,-0.09887997061014175,-0.003662221133708954,7.171850070357323,1.0352588,0.0,-3.4178948001736007,0.5792638668977629,,3.4666340292201436,0.1422093683703224
2025-02-01,Cancabato Bay,28.5346537604928,33.031708700582385,-0.08667256683111191,-0.010986663401126862,7.171850070357323,1.4443295,0.0,-2.429800756645688,0.13455465259054128,,2.4335235095494188,0.14017754482712383
2025-02-02,Cancabato Bay,28.692129269242287,33.08511609211564,-0.059816278517246246,-0.003662221133708954,7.171850070357323,0.53939056,0.9829139404784378,-1.8919921094260388,0.31006935976151373,,1.917231637020761,0.13814572128392524
2025-02-03,Cancabato Bay,28.81591234356165,33.14310126006603,-0.05249183624982834,-0.016479995101690292,7.171850070357323,0.40650538,0.0,-1.9530240775090932,-1.298685272121628,,2.3453968711831847,0.13611389774072669
2025-02-04,Cancabato Bay,28.834223449230194,33.2026123534888,-0.046388134360313416,-0.015259254723787308,7.171850070357323,0.9133593,0.0,-1.9698323597668996,-1.2740403530255675,,2.3459365606772797,0.1340820741975281
2025-02-05,Cancabato Bay,28.732413701713085,33.22702716104686,-0.04455702379345894,-0.009765923023223877,7.171850070357323,0.9879938,9.215242309692188,-2.7106032609719275,-0.7091947028972337,,2.801843529715595,0.13205025065432952
2025-02-06,Cancabato Bay,28.530991539359093,33.068330911919475,-0.0872829370200634,-0.012207403779029846,7.171850070357323,1.0072339,48.30100988808532,-3.4034838299465995,-0.1459601118207171,,3.4066121785361316,0.13001842711113096
2025-02-07,Cancabato Bay,28.483382664620876,33.007293893024325,-0.08911404758691788,-0.014648884534835815,7.171850070357323,1.4504282,24.55648777812434,-3.186716590640342,0.45998581341381967,,3.219743713031268,0.12798660356793237
2025-02-08,Cancabato Bay,28.598376408219337,33.03933832794428,-0.08667256683111191,-0.012207403779029846,7.171850070357323,1.4739035,14.960209077158678,-3.082441838240894,-0.41685774167158446,,3.1105012558958136,0.12595478002473381
2025-02-09,Cancabato Bay,28.55003508925438,33.031708700582385,-0.09826960042119026,-0.010986663401126862,7.171850070357323,0.8047075,58.881013583832285,-3.7669504650968086,-0.6010358490826049,,3.814598261727637,0.12392295648153523
2025-02-10,Cancabato Bay,28.232154294848442,32.958464277908206,-0.10437330231070518,-0.0079348124563694,7.171850070357323,0.786605,31.238108555729784,-3.5161011425830324,-0.37119728920227885,,3.535640631114088,0.12189113293833666
2025-02-11,Cancabato Bay,28.322244934737682,32.982879085466266,-0.11352885514497757,-0.006714072078466415,7.171850070357323,2.5597804,12.532243125354901,-3.4912144336449296,0.6937666546805513,,3.5594789496269437,0.11985930939513809
2025-02-12,Cancabato Bay,28.324442267417908,32.99966426566243,-0.11169774457812309,-0.0030518509447574615,7.171850070357323,2.5612721,40.80197599977731,-2.9940334790626997,0.9176642264139023,,3.1315082797572353,0.1178274858519395
2025-02-13,Cancabato Bay,28.073213897645473,32.912686513736844,-0.11658070608973503,-0.008545182645320892,7.171850070357323,4.0412855,34.91860334713238,-2.0146361619998245,0.40251228560969593,,2.0544524830971693,0.11579566230874094
2025-02-14,Cancabato Bay,28.228492073714733,32.90810873731971,-0.11841181665658951,-0.0024414807558059692,7.171850070357323,4.0414114,0.0,-2.469477121921962,0.5475761125423144,0.11376383876554236,2.529457818332405,0.11376383876554236
2025-02-15,Cancabato Bay,28.385967582464218,32.96914575621486,-0.10559404268860817,0.0006103701889514923,7.171850070357323,1.2026143,5.374086543013114,-2.3167312456405478,0.8323367989677346,,2.461712455069247,0.11659741902477484
2025-02-16,Cancabato Bay,28.604235962033272,33.01492352038622,-0.11047700420022011,-0.005493331700563431,7.171850070357323,2.5952508,9.420971436241564,-2.684747865553072,0.44916364749548027,,2.722061550337027,0.11943099928400734
2025-02-17,Cancabato Bay,28.728751480579376,33.054597582668066,-0.10437330231070518,-0.0030518509447574615,7.171850070357323,2.4647622,0.0,-2.5868571200583377,0.2471121908969047,,2.59863313964984,0.12226457954323983
2025-02-18,Cancabato Bay,28.799066126346588,33.09732349589467,-0.10071108117699623,-0.011597033590078354,7.171850070357323,2.3909144,5.956178017698538,-2.224618875228607,-0.580615510894289,,2.2991397329249974,0.12509815980247233
2025-02-19,Cancabato Bay,28.70531326532364,33.117160527035594,-0.09826960042119026,-0.01342814415693283,7.171850070357323,2.3910327,74.22490879826654,-3.266727794260372,-0.9525269261406654,,3.4027662315851526,0.1279317400617048
2025-02-20,Cancabato Bay,28.30906093865633,33.04086425341666,-0.11719107627868652,-0.010986663401126862,7.171850070357323,2.38928,56.87125937854901,-4.120988950687513,-0.5238756199691554,,4.1541540169915026,0.1307653203209373
2025-02-21,Cancabato Bay,27.89596239477396,32.92641984298825,-0.11841181665658951,-0.009155552834272385,7.171850070357323,2.431994,81.53213269413472,-3.650738692994095,-0.3038388333438478,,3.66336062122909,0.13359890058016977
2025-02-22,Cancabato Bay,27.857142850756645,32.935575395822525,-0.11291848495602608,-0.012207403779029846,7.171850070357323,0.8394693,12.608559958850996,-3.521126406769412,-1.0161425783992721,,3.6648160816178477,0.13643248083940226
2025-02-23,Cancabato Bay,27.95382548868656,32.96914575621486,-0.10925626382231712,-0.017090365290641785,7.171850070357323,0.8019159,4.712651202473015,-3.42755458943699,-1.5077055781893816,,3.744503515030257,0.13926606109863476
2025-02-24,Cancabato Bay,27.910611279308796,32.996612414717674,-0.10864589363336563,-0.019531846046447754,7.171850070357323,0.8030156,53.920693351818734,-3.3851561102423227,-2.62739579954057,,4.285147672852636,0.14209964135786723
2025-02-25,Cancabato Bay,27.79708242416382,33.054597582668066,-0.11963255703449249,-0.019531846046447754,7.171850070357323,0.78367466,15.59657454871522,-3.864084763680024,-2.6784598142782956,,4.701627169141321,0.14493322161709973
2025-02-26,Cancabato Bay,27.78902553766966,33.103427197784185,-0.10986663401126862,-0.02136295661330223,7.171850070357323,0.78155196,1.2214983914987732,-3.1264786714768413,-2.727579529661592,,4.149043139547786,0.14776680187633223
2025-02-27,Cancabato Bay,27.87105929106474,33.152256812900305,-0.08972441777586937,-0.01831110566854477,7.171850070357323,0.78375375,0.2575996746651281,-2.6868222056649027,-2.163269098043497,,3.449456008619901,0.1506003821355647
2025-02-28,Cancabato Bay,27.942838825285435,33.187353098765016,-0.08117923513054848,-0.011597033590078354,7.171850070357323,0.80684817,3.4141771541997645,-3.2311553069476204,-1.0179494058983962,,3.38771096916261,0.1534339623947972
2025-03-01,Cancabato Bay,28.070284120738506,33.19040494970977,-0.09155552834272385,-0.011597033590078354,7.171850070357323,0.3370268,19.219957126215245,-3.48486015520737,-0.6659084517456254,,3.547912677541288,0.1562675426540297
2025-03-02,Cancabato Bay,28.175023645162582,33.15683458931744,-0.10925626382231712,-0.014648884534835815,7.171850070357323,0.42481935,0.0,-3.6076704542916103,-0.5373860537854375,,3.6474744519422915,0.15910112291326217
2025-03-03,Cancabato Bay,27.8791161775589,32.95388650149107,-0.13733329251408577,-0.006103701889514923,7.171850070357323,0.59783417,1.9323825683837503,-2.914508616602099,0.39011641147919307,,2.9405018773592517,0.16193470317249467
2025-03-04,Cancabato Bay,28.154515206813812,33.021027222275734,-0.12878810986876488,-0.003662221133708954,7.171850070357323,0.6624457,0.0,-2.563186894886267,0.8455882571425936,,2.6990640153086685,0.16476828343172717
2025-03-05,Cancabato Bay,28.41966001689434,33.05154573172331,-0.12390514835715294,-0.006103701889514923,7.171850070357323,0.386189,2.066369205998918,-2.4089797115898706,0.44024902008014344,,2.4488777941198174,0.16760186369095964
2025-03-06,Cancabato Bay,28.596179075539112,33.079012390226126,-0.12329477816820145,-0.012817773967981339,7.171850070357323,0.33309415,0.49588988764217495,-1.9886988879737142,0.3218808089318191,,2.014579490163267,0.17043544395019214
2025-03-07,Cancabato Bay,28.776360355317593,33.11258275061846,-0.12390514835715294,-0.017090365290641785,7.171850070357323,0.531518,0.0,-3.203564764308334,-0.5047063145689283,,3.2430781154766626,0.17326902420942464
2025-03-08,Cancabato Bay,28.941892750561237,33.14920496195555,-0.12207403779029846,-0.010986663401126862,7.171850070357323,0.3168238,9.765365708750277,-3.15927892327171,-0.5964748315542394,,3.2150933951763383,0.1761026044686571
2025-03-09,Cancabato Bay,29.04882960766554,33.20719012990594,-0.11230811476707458,-0.01037629321217537,7.171850070357323,0.2309564,0.49588988764217495,-3.416209337424395,-0.422637043689905,,3.4422533764678866,0.17893618472788958
2025-03-10,Cancabato Bay,29.17554245889187,33.260597521439195,-0.11230811476707458,-0.012207403779029846,7.171850070357323,0.34321877,0.0,-3.008490158630921,-0.4601492399870868,,3.0434766891894864,0.1817697649871221
2025-03-11,Cancabato Bay,29.27368998527527,33.30179750919342,-0.11535996571183205,-0.01037629321217537,7.171850070357323,0.65250504,0.0,-3.209129406635358,-0.6416676861222607,,3.2726516722598666,0.18460334524635458
2025-03-12,Cancabato Bay,29.333750411868095,33.333841944113374,-0.11658070608973503,-0.012817773967981339,7.171850070357323,0.2794556,40.95232153091187,-3.7754704943978785,-0.5420914866627434,,3.814189380980077,0.18743692550558705
2025-03-13,Cancabato Bay,29.419446386396885,33.379619708284736,-0.09887997061014175,-0.017700735479593277,7.171850070357323,0.688417,2.993541144715331,-3.345199832577,-0.732110220005232,,3.4243754604466634,0.19027050576481958
2025-03-14,Cancabato Bay,29.491958364844322,33.4253974724561,-0.08239997550845146,-0.010986663401126862,7.171850070357323,0.647224,0.0,-2.3380945121534267,-1.3593442268750502,,2.7045337259683966,0.19310408602405205
2025-03-15,Cancabato Bay,29.80983915925026,33.47117523662746,-0.07812738418579102,-0.023194067180156708,7.171850070357323,0.8291289,0.0,-1.9261821100028342,-0.4630646629073544,,1.9810619381857983,0.19593766628328452
2025-03-16,Cancabato Bay,29.78566849976778,33.50932337343693,-0.07568590342998505,-0.017090365290641785,7.171850070357323,1.2405738,0.0,-1.518774015409453,-0.9254764989551978,0.19877124654251702,1.778533457655864,0.19877124654251702
2025-03-17,Cancabato Bay,29.782738722860813,33.53221225552261,-0.07873775437474251,-0.02136295661330223,7.171850070357323,1.0600065,0.0,-2.4816514749013683,-1.4689756163991226,,2.883831375870531,0.20024828638856498
2025-03-18,Cancabato Bay,29.451673932373524,33.31858268938959,-0.10864589363336563,-0.0238044373691082,7.171850070357323,0.4780567,0.0,-2.5504582061534062,-1.6282247701729935,,3.0258805269772546,0.20172532623461298
2025-03-19,Cancabato Bay,28.59471418708563,32.1481978520751,-0.18433179706335068,-0.09887997061014175,7.171850070357323,0.47792852,64.62119059821669,-3.403072269526276,-1.7157782177694902,,3.8111410055508266,0.20320236608066095
2025-03-20,Cancabato Bay,28.812982566654682,32.732627307996154,-0.12878810986876488,-0.054322946816682816,7.171850070357323,0.48458242,53.850993768856554,-2.548379759035091,-2.2698353821423347,,3.412681066007339,0.2046794059267089
2025-03-21,Cancabato Bay,28.646717727184296,32.90353096090257,-0.08056886494159698,-0.027466658502817154,7.171850070357323,0.34488934,0.0,-2.531326676824953,-3.2482676934524015,,4.118113373030451,0.2061564457727569
2025-03-22,Cancabato Bay,28.682607494294643,32.9447309486568,-0.06591998040676117,-0.0317392498254776,7.171850070357323,0.9337906,41.974614883764104,-1.8171208267758256,-3.4390329756178297,,3.8895855700176187,0.20763348561880487
2025-03-23,Cancabato Bay,28.90160831809044,33.01797537133098,-0.06958220154047012,-0.012817773967981339,7.171850070357323,1.005961,36.12533599804766,-1.3690632630451969,-0.8338815345861094,,1.6030260858587568,0.20911052546485284
2025-03-24,Cancabato Bay,29.215094447135925,33.068330911919475,-0.07690664380788803,-0.01892147585749626,7.171850070357323,1.0024973,0.0,-1.9800348426431567,-0.022201219643751238,,1.980159304761761,0.21058756531090084
2025-03-25,Cancabato Bay,29.264900654554367,33.05154573172331,-0.09094515815377235,-0.021973326802253723,7.171850070357323,2.0808752,0.0,-1.7505700756755045,-0.008232369877830008,,1.7505894326667082,0.2120646051569488
2025-03-26,Cancabato Bay,29.30664997547865,33.03933832794428,-0.10193182155489922,-0.02136295661330223,7.171850070357323,2.0747771,38.599751658333,-2.082166815002347,0.2129343276928192,,2.093026438774009,0.21354164500299677
2025-03-27,Cancabato Bay,29.33155307918787,33.07138276286423,-0.10803552344441414,-0.015259254723787308,7.171850070357323,1.0093617,0.0,-2.6978969597106004,0.16485392871093574,,2.702928934142948,0.21501868484904477
2025-03-28,Cancabato Bay,29.283944204449654,33.056123508140445,-0.13061922043561935,-0.012817773967981339,7.171850070357323,0.6223171,12.881179157537396,-2.6272005926353827,0.4798661278753089,,2.670665545257539,0.21649572469509273
2025-03-29,Cancabato Bay,29.18066956847906,33.06527906097472,-0.1428266242146492,-0.006714072078466415,7.171850070357323,0.5471283,12.127687237894955,-3.149457987474499,0.7029690538991487,,3.226956942013138,0.21797276454114073
2025-03-30,Cancabato Bay,29.19605089724064,33.08511609211564,-0.14038514345884323,-0.006714072078466415,7.171850070357323,0.4252786,20.350959308612083,-2.5118789192599773,0.6046925051213965,,2.58363866103073,0.2194498043871887
2025-03-31,Cancabato Bay,29.341807298362255,33.141575334593654,-0.12451551854610443,-0.009765923023223877,7.171850070357323,0.41157266,0.0,-2.318490720340468,-0.12288735826562366,,2.3217451460326917,0.22092684423323666
2025-04-01,Cancabato Bay,29.545426793396473,33.19803457707167,-0.11047700420022011,-0.014648884534835815,7.171850070357323,0.47705328,0.0,-2.021013095186665,-0.261481748136149,,2.037858345303795,0.22240388407928466
2025-04-02,Cancabato Bay,29.722678296267986,33.24228641577065,-0.10986663401126862,-0.020142216235399246,7.171850070357323,0.3944916,1.0594113931869167,-1.7749532804006685,-0.6060460497474361,,1.8755668375239432,0.22388092392533263
2025-04-03,Cancabato Bay,29.917508460581303,33.28959010541439,-0.10254219174385071,-0.02136295661330223,7.171850070357323,0.5878837,0.0,-2.125632784167789,-0.536522093257609,,2.1922980385163036,0.2253579637713806
2025-04-04,Cancabato Bay,29.918973349034786,33.32773824222386,-0.08850367739796638,-0.01037629321217537,7.171850070357323,0.5943874,0.0,-2.2045683663611215,-0.13637283608940412,,2.208782296285266,0.2268350036174286
2025-04-05,Cancabato Bay,30.061799973249435,33.3750419318676,-0.09399700909852982,-0.0079348124563694,7.171850070357323,0.66378117,9.766057389231918,-2.6224172405569846,-0.010631096889031457,0.22831204346347655,2.6224387893317114,0.22831204346347655
2025-04-06,Cancabato Bay,30.07132174819708,33.41929377056658,-0.09033478796482086,-0.0024414807558059692,7.171850070357323,0.45962504,0.8423631991060397,-2.628844659249704,0.5124121841587959,,2.6783185936217673,0.22550525675214456
2025-04-07,Cancabato Bay,30.093295074999332,33.416241919621825,-0.08850367739796638,-0.011597033590078354,7.171850070357323,0.6132305,0.0,-2.051740475850889,-0.17803772822018998,,2.059450512373298,0.22269847004081253
2025-04-08,Cancabato Bay,30.24710836261511,33.442182652652264,-0.09033478796482086,-0.021973326802253723,7.171850070357323,0.30449015,0.0,-2.1311047360813897,-0.5017278106858645,,2.1893693594649943,0.2198916833294805
2025-04-09,Cancabato Bay,30.31376078724861,33.48338264040649,-0.08423108607530594,-0.006103701889514923,7.171850070357323,0.41802406,0.0,-2.4711994013408507,0.041192798175005485,,2.4715427019998795,0.2170848966181485
2025-04-10,Cancabato Bay,30.285927906632423,33.49559004418552,-0.07751701399683952,-0.006103701889514923,7.171850070357323,0.3245196,11.745183495286938,-2.0846631809480476,0.130602760302825,,2.088750262477338,0.2142781099068165
2025-04-11,Cancabato Bay,30.21561326086521,33.50627152249217,-0.07995849475264549,-0.006103701889514923,7.171850070357323,0.27322996,18.38378114669849,-2.8135168027536346,0.294517046476132,,2.828889727444684,0.21147132319548448
2025-04-12,Cancabato Bay,30.225135035812855,33.52000485174358,-0.08606219664216042,0.0,7.171850070357323,0.49237096,9.640971553973118,-2.597457664121406,0.6800694059185575,,2.6850103749835776,0.20866453648415245
2025-04-13,Cancabato Bay,30.274941243231297,33.55510113760829,-0.09338663890957832,-0.0030518509447574615,7.171850070357323,1.0519103,0.0,-2.8059604937332443,0.47754498165841747,,2.8463069936145065,0.20585774977282045
2025-04-14,Cancabato Bay,30.42362742125988,33.59935297630727,-0.08606219664216042,-0.0030518509447574615,7.171850070357323,1.5768428,0.0,-1.7646552006789131,0.4646946321488749,,1.8248148066121979,0.20305096306148845
2025-04-15,Cancabato Bay,30.5378887206316,33.631397411227226,-0.0872829370200634,-0.001831110566854477,7.171850070357323,0.4264539,0.0,-2.297461543850933,0.5204862514250438,0.20024417635015643,2.355681532677201,0.20024417635015643
2025-04-16,Cancabato Bay,30.553270049393177,33.65276036784053,-0.09399700909852982,-0.004272591322660446,7.171850070357323,0.7901786,0.0,-2.842690947425368,0.2014692082474485,,2.849821339039693,0.20554264326255145
2025-04-17,Cancabato Bay,30.5957518145442,33.66038999520242,-0.09704886004328728,-0.005493331700563431,7.171850070357323,0.5095396,16.106417870750064,-2.483862695145425,0.417335480733842,,2.5186787790058585,0.2108411101749465
2025-04-18,Cancabato Bay,30.703421115875244,33.6832788772881,-0.09887997061014175,-0.003662221133708954,7.171850070357323,0.46924907,0.0,-2.8169510859654445,0.33538900536404775,,2.8368467011174543,0.21613957708734152
2025-04-19,Cancabato Bay,30.762016654014587,33.70006405748427,-0.10193182155489922,-0.006714072078466415,7.171850070357323,0.37267745,6.1036088428558255,-2.5407431627371815,0.1390727081538954,,2.5445465287844504,0.22143804399973657
2025-04-20,Cancabato Bay,30.835261076688766,33.71990108862519,-0.10193182155489922,-0.004272591322660446,7.171850070357323,0.38206482,0.0,-2.6795058793464253,0.1566535773082318,0.2267365109121316,2.6840812395930804,0.2267365109121316
2025-04-21,Cancabato Bay,30.806695751845837,33.74431589618325,-0.09704886004328728,-0.006714072078466415,7.171850070357323,0.28784403,4.20591912406702,-2.6191679337030744,0.20381494608231637,,2.627086065812266,0.22483846337605387
2025-04-22,Cancabato Bay,30.929746381938457,33.76873070374131,-0.0952177494764328,-0.0079348124563694,7.171850070357323,0.47094256,0.0,-1.6934783219134568,0.18802315061432187,,1.7038842484035568,0.22294041583997615
2025-04-23,Cancabato Bay,31.09088411182165,33.790093660354614,-0.09643848985433578,-0.012207403779029846,7.171850070357323,0.68896043,0.0,-1.5431999766983593,-0.16911839216183394,,1.5524391127027237,0.22104236830389842
2025-04-24,Cancabato Bay,31.199285857379436,33.80993069149554,-0.09826960042119026,-0.014038514345884323,7.171850070357323,0.30025488,0.0,-1.6200739873091712,-0.25129067727064913,,1.6394470802191141,0.2191443207678207
2025-04-25,Cancabato Bay,31.242500066757202,33.82824179716408,-0.09765923023223877,-0.01892147585749626,7.171850070357323,0.25082004,0.0,-1.828222421499399,-0.33048500398423053,,1.8578529436776159,0.21724627323174298
2025-04-26,Cancabato Bay,31.149479649960995,33.82061216980219,-0.09338663890957832,-0.010986663401126862,7.171850070357323,0.25195104,4.212521743469726,-2.3646067550810743,-0.1324564546491236,,2.3683137077999743,0.21534822569566525
2025-04-27,Cancabato Bay,31.134098321199417,33.82213809527457,-0.09338663890957832,-0.006714072078466415,7.171850070357323,0.31143516,1.8664116280528305,-2.189545029772157,0.254366255902506,,2.2042707704685047,0.21345017815958753
2025-04-28,Cancabato Bay,31.138492986559868,33.825189946219325,-0.08606219664216042,-0.005493331700563431,7.171850070357323,0.35088128,8.832062544533239,-1.9342853535568232,0.43166770106734403,,1.9818670069228184,0.2115521306235098
2025-04-29,Cancabato Bay,31.164860978722572,33.8343454990536,-0.08056886494159698,-0.005493331700563431,7.171850070357323,0.58371204,8.944186058288185,-2.0548893859574244,0.3322711749835774,,2.0815798140464006,0.20965408308743208
2025-04-30,Cancabato Bay,31.133365876972675,33.8343454990536,-0.07568590342998505,-0.001831110566854477,7.171850070357323,0.4507279,0.0,-2.3118923316791666,0.5237254138685699,0.20775603555135436,2.370471358698252,0.20775603555135436
2025-05-01,Cancabato Bay,31.18097475171089,33.84044920094311,-0.07324442267417908,-0.011597033590078354,7.171850070357323,0.6625524,5.633239609745745,-2.0320662390307316,-0.254018241633827,,2.047881458212668,0.21042053594860327
2025-05-02,Cancabato Bay,30.985412143170834,33.78093810752034,-0.06042664870619774,-0.009155552834272385,7.171850070357323,0.32838356,23.822736194720285,-2.085363114450182,-0.04157901184749979,,2.0857775848195264,0.21308503634585216
2025-05-03,Cancabato Bay,30.852107293903828,33.73516034334898,-0.05371257662773132,0.0030518509447574615,7.171850070357323,0.3354004,14.127254066375883,-2.141929590776408,1.4610265360387433,,2.5927708944009997,0.21574953674310107
2025-05-04,Cancabato Bay,30.694631785154343,33.71532331220806,-0.06530961021780968,0.003662221133708954,7.171850070357323,1.089756,1.03484132419379,-1.9908776387906184,1.1837117594311162,,2.3161967321564068,0.21841403714034996
2025-05-05,Cancabato Bay,30.823541969060898,33.70769368484616,-0.08911404758691788,0.0012207403779029846,7.171850070357323,1.2493598,11.012342925269765,-1.1642268813766157,0.7360134511105211,,1.3773670649233412,0.22107853753759887
2025-05-06,Cancabato Bay,30.732718884944916,33.68938257917762,-0.054322946816682816,-0.025025177747011185,7.171850070357323,1.2493613,13.346922665739216,0.07397198120808046,-0.09862582593791394,,0.12328384949288494,0.2237430379348478
2025-05-07,Cancabato Bay,30.688039787113667,33.669545548036695,-0.12146366760134697,-0.006714072078466415,7.171850070357323,0.29031318,15.844458517555994,-0.8770934404746359,0.6354917110761229,,1.083117084238861,0.22640753833209668
2025-05-08,Cancabato Bay,30.814020194113255,33.69701220653951,-0.14770958572626114,0.005493331700563431,7.171850070357323,0.22603871,3.8034064080387635,-2.653443220829848,1.480577701783175,,3.0385640123560713,0.2290720387293456
2025-05-09,Cancabato Bay,30.87334817647934,33.72447886504233,-0.14770958572626114,0.0012207403779029846,7.171850070357323,0.20853384,1.0765088423372458,-2.7737867915346714,0.9609934823786755,,2.9355411150359485,0.23173653912659448
2025-05-10,Cancabato Bay,30.95171970874071,33.74889367260039,-0.13306070119142532,0.006103701889514923,7.171850070357323,1.0144563,2.6058661160758514,-2.3003936326098957,0.9679125291036113,0.2344010395238434,2.495729458284271,0.2344010395238434
2025-05-11,Cancabato Bay,31.05719167739153,33.77330848015845,-0.119022186845541,0.009765923023223877,7.171850070357323,0.27759412,0.0,-1.7164012224246292,1.0430127262766242,,2.0084592859990362,0.2199461253083627
2025-05-12,Cancabato Bay,31.170720532536507,33.800775138661265,-0.11230811476707458,0.007324442267417908,7.171850070357323,1.2584425,0.0,-2.036508257049258,0.8819123863155006,,2.2192645939965128,0.205491211092882
2025-05-13,Cancabato Bay,31.29889827221632,33.82213809527457,-0.11169774457812309,0.004272591322660446,7.171850070357323,1.062526,0.0,-2.134671392108145,0.5686753310295858,,2.2091205454674796,0.19103629687740126
2025-05-14,Cancabato Bay,31.281319610774517,33.8343454990536,-0.11047700420022011,0.0012207403779029846,7.171850070357323,0.56430733,0.0,-2.571907444841787,0.678646082965131,,2.659937670464578,0.17658138266192056
2025-05-15,Cancabato Bay,31.23297829180956,33.823664020746946,-0.11047700420022011,-0.0024414807558059692,7.171850070357323,0.19122396,13.561634107900504,-2.7652952987730823,0.46850312160933427,0.16212646844643985,2.804701992079408,0.16212646844643985
2025-05-16,Cancabato Bay,31.03668323904276,33.8053529150784,-0.09338663890957832,0.001831110566854477,7.171850070357323,0.18768479,7.678395403078951,-2.3883445296504533,0.9148832350852282,,2.5575771593739374,0.1739290362258767
2025-05-17,Cancabato Bay,30.982482366263866,33.80687884055078,-0.08972441777586937,0.0030518509447574615,7.171850070357323,0.17129193,7.465983270456236,-2.5074416107932045,0.748710865730996,,2.6168361416032293,0.18573160400531352
2025-05-18,Cancabato Bay,30.984679698944092,33.79619736224413,-0.09765923023223877,-0.0006103701889514923,7.171850070357323,1.2973733,8.909114945810824,-2.961052614592272,0.5616199764816556,,3.0138429926535633,0.19753417178475036
2025-05-19,Cancabato Bay,30.92315438389778,33.77483440563083,-0.09338663890957832,0.001831110566854477,7.171850070357323,0.8843124,8.176338131816243,-2.9105381379641897,0.9033364423512584,,3.047498807321158,0.20933673956418716
2025-05-20,Cancabato Bay,30.858699291944504,33.753471449017525,-0.09155552834272385,0.0006103701889514923,7.171850070357323,0.6859012,5.11959349690154,-2.7164668371562293,0.6064901698348869,,2.7833473379145333,0.221139307343624
2025-05-21,Cancabato Bay,30.981017477810383,33.75957515090704,-0.08911404758691788,-0.004272591322660446,7.171850070357323,0.92725754,0.0,-2.240567822631498,0.16503764818050098,,2.2466378420049375,0.23294187512306083
2025-05-22,Cancabato Bay,31.038148127496243,33.765678852796555,-0.08056886494159698,0.001831110566854477,7.171850070357323,0.8413507,0.0,-2.276338554359414,0.6311932592090159,,2.36222821601428,0.24474444290249764
2025-05-23,Cancabato Bay,30.99273658543825,33.7549973744899,-0.07995849475264549,0.005493331700563431,7.171850070357323,0.8451532,23.42068969251249,-2.6806217805153505,1.0939918505619515,,2.895263597545006,0.2565470106819345
2025-05-24,Cancabato Bay,30.655079796910286,33.62834556028247,-0.079348124563694,0.001831110566854477,7.171850070357323,0.7406523,26.321163156162058,-2.2479462349323955,0.8085567512256661,,2.388938319651501,0.2683495784613713
2025-05-25,Cancabato Bay,30.547410495579243,33.596301125362515,-0.07324442267417908,-0.0012207403779029846,7.171850070357323,0.41695207,6.5802907890405145,-2.1684862155786537,0.47602497936534305,,2.2201198724695943,0.28015214624080814
2025-05-26,Cancabato Bay,30.634571358561516,33.57799001969397,-0.08850367739796638,0.003662221133708954,7.171850070357323,0.41357496,5.091769850673005,-2.1404927915281005,0.6954145380849789,,2.250624528961618,0.291954714020245
2025-05-27,Cancabato Bay,30.707815781235695,33.55815298855305,-0.09765923023223877,0.0079348124563694,7.171850070357323,0.37999022,7.846009752620906,-2.551308622424116,1.0944162290788573,,2.776134465282045,0.3037572817996818
2025-05-28,Cancabato Bay,30.563524268567562,33.538315957412124,-0.07873775437474251,0.006103701889514923,7.171850070357323,0.4078199,13.307760558570157,-1.7845523316085303,1.4924043173821926,,2.3263485703545053,0.31555984957911865
2025-05-29,Cancabato Bay,30.756157100200653,33.43607895076275,-0.056764427572488785,0.012207403779029846,7.171850070357323,0.38958746,10.18353970134601,-0.004895149243293774,0.6742804107172548,,0.6742981794155638,0.3273624173585554
2025-05-30,Cancabato Bay,31.2739951685071,33.46964931115508,-0.039674062281847,-0.028077028691768646,7.171850070357323,0.6912911,5.742029060570958,0.3389484720985729,0.010195197616281076,,0.33910176760434624,0.3391649851379923
2025-05-31,Cancabato Bay,31.423413790762424,33.50474559701979,-0.06958220154047012,-0.04028443247079849,7.171850070357323,0.6810834,7.589906860083439,0.030031741753162065,0.42599876512416,,0.4270560307501088,0.3509675529174291
2025-06-01,Cancabato Bay,31.6263008415699,33.51542707532644,-0.08545182645320892,0.008545182645320892,7.171850070357323,0.878004,3.591130320637371,-0.30629085233234093,1.0093904814342343,,1.0548380113707068,0.362770120696866
2025-06-02,Cancabato Bay,31.864345215260983,33.53068633005023,-0.05249183624982834,0.01037629321217537,7.171850070357323,4.131905,0.0,-0.06597193142755887,1.0271025797763962,,1.029219123957387,0.37457268847630276
2025-06-03,Cancabato Bay,32.00790428370237,33.538315957412124,-0.0634784996509552,0.001831110566854477,7.171850070357323,2.3841286,5.464432856526238,-0.6496681835503249,1.0990102725646933,,1.2766723651431875,0.3863752562557396
2025-06-04,Cancabato Bay,32.16904201358557,33.52153077721596,-0.06408886983990669,-0.029908139258623123,7.171850070357323,0.42899707,0.0,0.12397571060557815,0.07060542776337339,0.39817782403517643,0.14267131193693777,0.39817782403517643
2025-06-05,Cancabato Bay,31.90023498237133,33.526108553633094,-0.08178960531949997,-0.04028443247079849,7.171850070357323,0.42899033,10.773391070076453,-0.495122869534095,0.13290052158944357,,0.512649202256692,0.3962029763194267
2025-06-06,Cancabato Bay,31.55598619580269,33.440656727179885,0.02075258642435074,-0.05798516795039177,7.171850070357323,0.48899466,31.918619091899252,2.0103785993596324,-0.32740112478944,,2.0368636697817033,0.394228128603677
2025-06-07,Cancabato Bay,31.162663646042347,33.36588637903333,0.009155552834272385,-0.027466658502817154,7.171850070357323,0.48363796,5.269836625352075,1.323491116103192,1.0573188331116703,,1.693975161936177,0.39225328088792727
2025-06-08,Cancabato Bay,31.063051231205463,33.38724933564663,0.017700735479593277,-0.010986663401126862,7.171850070357323,0.49376112,3.4581172885224465,1.5950811019971485,1.4457757594707137,,2.1528007963166393,0.39027843317217753
2025-06-09,Cancabato Bay,31.02496413141489,33.41929377056658,0.02929776906967163,-0.006103701889514923,7.171850070357323,1.8159732,8.431289782539345,1.549943232651973,0.8781485740679686,,1.7814232912424985,0.38830358545642785
2025-06-10,Cancabato Bay,30.92315438389778,33.3750419318676,0.0238044373691082,0.0048829615116119385,7.171850070357323,1.8834023,14.984423562741508,0.9852791176185952,1.2804498335427905,,1.6156505549886206,0.3863287377406781
2025-06-11,Cancabato Bay,30.7429731041193,33.33689379505813,-0.0030518509447574615,0.016479995101690292,7.171850070357323,1.9299229,5.133343007237006,0.14688428243001303,1.8336939024688412,,1.8395674275156069,0.38435389002492837
2025-06-12,Cancabato Bay,30.602343812584877,33.31095306202769,-0.027466658502817154,0.0006103701889514923,7.171850070357323,1.9299178,3.146235327751111,-0.4894071664014901,0.7045875385964708,,0.8578828440239198,0.38237904230917863
2025-06-13,Cancabato Bay,30.62431713938713,33.330790093168616,-0.0714133121073246,-0.0006103701889514923,7.171850070357323,0.5144595,10.788465525776434,-2.2378069008985606,0.34281956218742393,,2.263913641888223,0.38040419459342895
2025-06-14,Cancabato Bay,30.674123346805573,33.355204900726676,-0.0872829370200634,0.004272591322660446,7.171850070357323,0.4900228,13.517351997546116,-2.363037797148439,0.8316127436076779,,2.5051002746562534,0.3784293468776792
2025-06-15,Cancabato Bay,30.56279182434082,33.3536789752543,-0.09277626872062683,0.003662221133708954,7.171850070357323,0.21378729,8.26482118204379,-1.8757100161461888,0.9579295049393309,,2.106161674968104,0.37645449916192947
2025-06-16,Cancabato Bay,30.414105646312237,33.33689379505813,-0.0872829370200634,-0.003662221133708954,7.171850070357323,0.45472786,2.843987842718253,-1.2057741900519152,0.5897314599436573,,1.342264725098082,0.3744796514461798
2025-06-17,Cancabato Bay,30.692434452474117,33.38419748470187,-0.09460737928748131,0.0030518509447574615,7.171850070357323,0.4764892,0.0,-1.3832654510201965,0.7024173099357444,,1.5513907906402806,0.37250480373043005
2025-06-18,Cancabato Bay,30.720267333090305,33.40708636678755,-0.10864589363336563,-0.0048829615116119385,7.171850070357323,1.0551798,0.0,-1.8732881640749075,0.28314986956480287,,1.8945665452281433,0.3705299560146803
2025-06-19,Cancabato Bay,30.739310882985592,33.4253974724561,-0.10742515325546265,0.0030518509447574615,7.171850070357323,0.99198216,14.64460303303533,-2.130386421272347,0.821741015015036,,2.283375702704121,0.3685551082989306
2025-06-20,Cancabato Bay,30.60820336639881,33.43455302529037,-0.09704886004328728,-0.0012207403779029846,7.171850070357323,0.88917,9.276318585910737,-1.8152513303556244,1.1377781760364905,,2.142353045187181,0.3665802605831809
2025-06-21,Cancabato Bay,30.633838914334774,33.44523450359702,-0.09216589853167534,0.004272591322660446,7.171850070357323,0.49916548,7.825849557456119,-0.43016619736285266,0.686456446918612,,0.8101020990404493,0.36460541286743114
2025-06-22,Cancabato Bay,30.872615732252598,33.234656788408756,-0.05249183624982834,-0.046388134360313416,7.171850070357323,0.5373336,4.884154503337873,0.24375742107980883,0.14410057564094564,,0.28316542202665057,0.36263056515168146
2025-06-23,Cancabato Bay,30.93853571265936,33.30179750919342,-0.039674062281847,-0.06530961021780968,7.171850070357323,0.5566158,12.074637119000712,0.6955696444336276,-0.24433753944263908,,0.7372367078750259,0.3606557174359317
2025-06-24,Cancabato Bay,31.04547256976366,33.38267155922949,-0.10559404268860817,-0.01831110566854477,7.171850070357323,0.5385231,0.0,-0.09478231400533649,0.4721590758030893,,0.48157852932977985,0.358680869720182
2025-06-25,Cancabato Bay,31.252754285931587,33.3964048884809,-0.05066072568297386,-0.03662221133708954,7.171850070357323,0.39756835,18.043599055597962,0.5952905217393438,0.24461790187498197,,0.6435904933965529,0.35670602200443224
2025-06-26,Cancabato Bay,31.035950794816017,33.42234562151134,-0.040894802659749985,-0.056764427572488785,7.171850070357323,0.39041504,1.8388736880244543,1.5176413314230697,-0.20925745233759155,,1.5319999648180174,0.35473117428868256
2025-06-27,Cancabato Bay,31.009582802653313,33.46201968379319,-0.021973326802253723,-0.03357036039233208,7.171850070357323,0.36289522,6.952827564062783,1.6176372002883381,-0.1900951974136942,,1.628768337068364,0.3527563265729328
2025-06-28,Cancabato Bay,30.973693035542965,33.49559004418552,-0.01037629321217537,-0.025025177747011185,7.171850070357323,0.46393844,3.4764137820313916,1.9816255399827791,-0.40259949000004575,,2.0221093269307517,0.3507814788571831
2025-06-29,Cancabato Bay,30.781060203909874,33.512375224381685,-0.012207403779029846,-0.012207403779029846,7.171850070357323,0.46493796,3.4764137820313916,2.350884116144812,-0.6176505480387604,,2.430668288153395,0.3488066311414334
2025-06-30,Cancabato Bay,30.40751364827156,33.489486342296004,-0.02075258642435074,0.0,7.171850070357323,0.5809951,13.435522216577503,1.5940688462146138,0.27552806557285014,,1.6177055360572599,0.34683178342568366
2025-07-01,Cancabato Bay,30.425092309713364,33.475753013044596,-0.012207403779029846,-0.008545182645320892,7.171850070357323,0.9801426,9.153953451698962,1.0445902818453785,0.11665085095074912,,1.051083382968897,0.3448569357099339
2025-07-02,Cancabato Bay,30.900448612868786,33.512375224381685,-0.04150517284870148,0.014648884534835815,7.171850070357323,1.1923871,5.956435283532921,0.7526809213948489,0.7076757406356787,,1.0331183491333678,0.3428820879941842
2025-07-03,Cancabato Bay,30.90557572245598,33.487960416823626,0.0006103701889514923,-0.009765923023223877,7.171850070357323,1.1329167,2.5602218099295526,1.5319927794246535,0.3759272949170726,,1.5774419822208812,0.3409072402784345
2025-07-04,Cancabato Bay,30.986877031624317,33.442182652652264,-0.07019257172942162,0.024414807558059692,7.171850070357323,2.0319529,0.3858694675536202,-0.1053440017330093,1.4846951488425257,,1.4884277085897233,0.33893239256268476
2025-07-05,Cancabato Bay,31.30768760293722,33.49253819324076,-0.06653035059571266,0.015259254723787308,7.171850070357323,1.9969175,12.135975948918743,0.16921564447161067,1.0291860139681137,,1.0430042117276022,0.3369575448469351
2025-07-06,Cancabato Bay,31.416089348495007,33.49101226776838,-0.07507553324103355,0.0030518509447574615,7.171850070357323,1.995015,6.723292481785004,0.4916801509914456,0.7418767909966211,,0.8900171593280743,0.33498269713118534
2025-07-07,Cancabato Bay,31.750816360116005,33.51695300079882,-0.03479110077023506,-0.009155552834272385,7.171850070357323,1.5471699,0.7348562612320289,1.2085733107480698,0.327054942444528,,1.2520440818237768,0.3330078494154356
2025-07-08,Cancabato Bay,31.750083915889263,33.5398418828845,0.005493331700563431,-0.015259254723787308,7.171850070357323,0.45596996,0.0,2.1142468649621207,0.18323588087641912,,2.1221722818948305,0.33103300169968586
2025-07-09,Cancabato Bay,31.64607683569193,33.56273076497018,0.012817773967981339,-0.001831110566854477,7.171850070357323,0.32801145,0.0,2.057191966835141,0.6742870564768072,,2.164879170518113,0.3290581539839362
2025-07-10,Cancabato Bay,31.57283241301775,33.585619647055864,-0.0006103701889514923,0.004272591322660446,7.171850070357323,0.3746662,11.97687244110595,1.8421404114439242,1.1121016629823337,,2.151801897081342,0.32708330626818644
2025-07-11,Cancabato Bay,31.48274177312851,33.559678914025426,-0.001831110566854477,-0.0030518509447574615,7.171850070357323,0.3768943,4.858354765767107,0.6030765625091644,0.39590264110208306,,0.7214154430558545,0.3251084585524367
2025-07-12,Cancabato Bay,31.704672373831272,33.526108553633094,-0.009155552834272385,-0.02929776906967163,7.171850070357323,0.26483577,0.46108704100782505,0.7140814093195227,0.09630759634192863,,0.7205466065765042,0.323133610836687
2025-07-13,Cancabato Bay,31.770592354238033,33.53373818099499,-0.001831110566854477,-0.019531846046447754,7.171850070357323,0.29345867,2.4192440052763726,1.2566721244947718,0.11390297025696844,,1.2618235673482894,0.3211587631209373
2025-07-14,Cancabato Bay,31.607989735901356,33.535264106467366,0.011597033590078354,-0.012207403779029846,7.171850070357323,0.24916759,5.500279251378946,1.7786192480921332,0.09213809643201505,,1.7810041713870128,0.31918391540518753
2025-07-15,Cancabato Bay,31.29084138572216,33.52000485174358,0.006103701889514923,-0.004272591322660446,7.171850070357323,0.24626563,15.501245133031293,2.5342023871076607,-0.15830832068543976,,2.539142229813133,0.3172090676894378
2025-07-16,Cancabato Bay,30.78691975772381,33.44981228001416,0.02075258642435074,-0.0012207403779029846,7.171850070357323,0.24184836,7.401156009576573,3.1822419545479206,-0.13331698919724969,,3.1850333242987565,0.3152342199736881
2025-07-17,Cancabato Bay,30.34525588899851,33.38877526111901,0.0476088747382164,0.015259254723787308,7.171850070357323,0.25788936,8.345932502716114,3.1603769560723802,1.8859445428044177,,3.6803219048076605,0.3132593722579384
2025-07-18,Cancabato Bay,29.995879992842674,33.36283452808857,0.05615405738353729,0.0238044373691082,7.171850070357323,0.29066747,3.265218965161723,3.003801303968388,3.5932311906250622,,4.68338901469897,0.3112845245421887
2025-07-19,Cancabato Bay,29.839869372546673,33.356730826199055,0.03906369209289551,0.014648884534835815,7.171850070357323,0.56195325,3.524395882512053,1.3549314174180658,2.4963421450665826,,2.8403456217760112,0.30930967682643895
2025-07-20,Cancabato Bay,29.828882709145546,33.368938229978085,0.01831110566854477,0.008545182645320892,7.171850070357323,0.9699245,5.055153122344338,0.7682530453145079,1.463887456851844,,1.653232962399182,0.3073348291106892
2025-07-21,Cancabato Bay,30.025177761912346,33.381145633757114,0.05005035549402237,0.0079348124563694,7.171850070357323,1.0327365,7.014579911582386,1.676410271020485,1.0010653037236235,,1.9525581013384072,0.3053599813949395
2025-07-22,Cancabato Bay,29.95339822769165,33.37046415545046,0.05859553813934326,0.01342814415693283,7.171850070357323,1.0297514,0.8222223984928558,2.2964578515306364,1.9596867664330109,,3.018955264058972,0.30338513367918973
2025-07-23,Cancabato Bay,30.070589303970337,33.405560441315174,0.05005035549402237,0.01831110566854477,7.171850070357323,1.0556577,0.0,2.4504808534731017,2.7468893386442526,,3.681067433774573,0.30141028596344005
2025-07-24,Cancabato Bay,30.261024802923203,33.4467604290694,0.036011841148138046,0.0238044373691082,7.171850070357323,1.106068,0.0,1.7474867723147294,3.3186442664766127,,3.7506145878819708,0.2994354382476903
2025-07-25,Cancabato Bay,30.44413585960865,33.48338264040649,0.03357036039233208,0.01892147585749626,7.171850070357323,1.6771575,0.0,1.5265178208980088,2.6821513481078454,,3.0861290497443457,0.2974605905319406
2025-07-26,Cancabato Bay,30.728324219584465,33.5184789262712,0.04699850454926491,0.0158696249127388,7.171850070357323,1.6159389,0.0,1.4258262517959477,1.9212240728888073,0.2954857428161909,2.3925054730466004,0.2954857428161909
2025-07-27,Cancabato Bay,30.95171970874071,33.55052336119115,0.04272591322660446,0.012207403779029846,7.171850070357323,1.4880192,0.0,2.161857303170856,2.070984213642448,,2.993760613748099,0.29240591169223873
2025-07-28,Cancabato Bay,31.048402346670628,33.590197423473,0.019531846046447754,0.010986663401126862,7.171850070357323,0.3865375,0.0,1.9787038462518352,2.1384275084308513,,2.91344145641981,0.28932608056828657
2025-07-29,Cancabato Bay,31.11871699243784,33.62376778386533,0.001831110566854477,0.011597033590078354,7.171850070357323,0.49214947,0.5079229437885955,1.4632838498805298,2.1214118448849173,,2.5771278278229066,0.28624624944433447
2025-07-30,Cancabato Bay,31.358958698809147,33.65276036784053,0.0,0.017700735479593277,7.171850070357323,1.8071847,0.0,1.0253977825141003,1.9294014308050016,,2.1849554900677544,0.2831664183203823
2025-07-31,Cancabato Bay,31.566240414977074,33.669545548036695,0.008545182645320892,0.005493331700563431,7.171850070357323,2.101713,0.0,0.9867142699116729,1.2496544408809234,,1.592244099395799,0.28008658719643015
2025-08-01,Cancabato Bay,31.832117669284344,33.68633072823286,-0.03784295171499252,0.012817773967981339,7.171850070357323,0.52332664,0.0,0.18344200012672304,1.2962056047840962,,1.3091218191154699,0.277006756072478
2025-08-02,Cancabato Bay,31.947111412882805,33.693960355594754,-0.08606219664216042,0.01342814415693283,7.171850070357323,0.28822783,0.0,-0.3510665823059012,0.8650845919560828,,0.9336054286751809,0.2739269249485259
2025-08-03,Cancabato Bay,32.01742605865002,33.706167759373784,-0.08850367739796638,0.006103701889514923,7.171850070357323,0.22110671,0.0,-0.5284891844511748,0.44146324977447376,,0.6886150005506031,0.2708470938245737
2025-08-04,Cancabato Bay,32.208594001829624,33.70921961031854,-0.08911404758691788,-0.006103701889514923,7.171850070357323,0.21524122,3.222421152904011,-0.7659071761263688,0.18300735848581692,,0.787467774389419,0.26776726270062157
2025-08-05,Cancabato Bay,32.18515578657389,33.62529370933771,-0.05310220643877983,-0.02868739888072014,7.171850070357323,0.42199817,2.744706636800553,-0.09433254542431181,0.3223930991365112,,0.33591061236149444,0.2646874315766694
2025-08-06,Cancabato Bay,31.99032562226057,33.655812218785286,0.010986663401126862,-0.040894802659749985,7.171850070357323,0.4440896,0.0,1.7818642160473372,0.3912843292594975,,1.8243200132526218,0.26160760045271725
2025-08-07,Cancabato Bay,31.817468784749508,33.597827050834894,0.001831110566854477,-0.024414807558059692,7.171850070357323,0.23259515,12.600721517690836,0.7527502235735117,0.6646424854399288,,1.0041825195360343,0.25852776932876514
2025-08-08,Cancabato Bay,31.590411074459553,33.61461223103106,-0.019531846046447754,-0.015259254723787308,7.171850070357323,0.23542407,15.7948101153389,0.19172957577422306,0.6598988261171069,,0.6871875223963975,0.255447938204813
2025-08-09,Cancabato Bay,31.718588814139366,33.60087890177965,-0.03479110077023506,0.0158696249127388,7.171850070357323,0.45827988,0.0,-0.7259780489894474,1.1237743466190662,,1.3378762684694103,0.2523681070808608
2025-08-10,Cancabato Bay,31.76985991001129,33.56273076497018,-0.030518509447574615,-0.0024414807558059692,7.171850070357323,0.5702222,1.4046989964981813,-0.04977255953627719,0.12462087598951783,,0.13419266155489668,0.24928827595690867
2025-08-11,Cancabato Bay,31.804284788668156,33.26822714880109,0.01037629321217537,-0.0634784996509552,7.171850070357323,1.6598538,0.0,0.509535269804435,-0.5200940322093914,,0.728096143043281,0.24620844483295654
2025-08-12,Cancabato Bay,31.802819900214672,33.34757527336478,0.0012207403779029846,-0.06653035059571266,7.171850070357323,1.6598538,9.169045318810705,0.3955344907073729,-0.06512980787163107,,0.4008608551761277,0.2431286137090044
2025-08-13,Cancabato Bay,31.72811058908701,33.3246863912791,-0.0079348124563694,-0.038453321903944016,7.171850070357323,1.5292944,4.059578649533062,0.26243568970276426,0.24279772095273788,,0.35752373981262997,0.24004878258505224
2025-08-14,Cancabato Bay,31.35163425654173,33.31247898750007,0.022583696991205215,-0.05066072568297386,7.171850070357323,1.5257518,18.33809063762141,0.6437532205068368,0.6743399409835844,,0.9322835217457554,0.23696895146110009
2025-08-15,Cancabato Bay,31.178044974803925,33.27738270163536,-0.03662221133708954,-0.019531846046447754,7.171850070357323,0.56454116,11.833905261164656,-0.4498080092562514,1.3383063490987241,,1.4118750402316163,0.23388912033714795
2025-08-16,Cancabato Bay,31.112124994397163,33.24228641577065,-0.03357036039233208,0.004272591322660446,7.171850070357323,0.36139292,9.722601282710848,-1.1841311103396064,1.020023583952784,,1.5628866236211734,0.2308092892131958
2025-08-17,Cancabato Bay,31.17658008635044,33.26364937238395,-0.06775109097361565,-0.017090365290641785,7.171850070357323,0.25077468,0.0,-1.2500034454761628,0.13937043785690903,,1.2577490738023642,0.22772945808924366
2025-08-18,Cancabato Bay,31.156804092228413,33.271278999745846,-0.08178960531949997,-0.016479995101690292,7.171850070357323,0.6410983,9.722601282710848,-1.995738905168456,0.26165689841570283,,2.0128184493618675,0.2246496269652915
2025-08-19,Cancabato Bay,31.09820855408907,33.237708639353514,-0.08667256683111191,-0.006103701889514923,7.171850070357323,0.35516903,0.0,-2.213657267238505,0.5207679803444679,,2.2740883417646516,0.22156979584133935
2025-08-20,Cancabato Bay,30.89825128018856,33.259071595966816,-0.06286812946200371,-0.0158696249127388,7.171850070357323,0.3471232,20.65087446694176,-1.5659217010554445,0.2657432293996549,,1.5883104979216547,0.21848996471738721
2025-08-21,Cancabato Bay,30.81621752679348,33.19803457707167,0.0,-0.05310220643877983,7.171850070357323,0.33849493,14.094552776684015,0.6974585513976078,0.6649744728195885,,0.9636594213825438,0.21541013359343508
2025-08-22,Cancabato Bay,30.92681660503149,33.25754567049444,0.016479995101690292,-0.04272591322660446,7.171850070357323,0.4031618,9.06754101808079,1.019890751952138,0.6909755733002689,,1.2319189863035365,0.21233030246948292
2025-08-23,Cancabato Bay,30.94659259915352,33.31705676391721,-0.012207403779029846,-0.07507553324103355,7.171850070357323,1.9341586,15.5158920105273,1.0364851507696662,-0.9774542218351729,,1.4246817972970038,0.20925047134553076
2025-08-24,Cancabato Bay,30.704153560101986,33.344523422420025,-0.01037629321217537,-0.046388134360313416,7.171850070357323,1.8924699,0.0,1.35291016627801,-0.46918976904476295,,1.4319584342412564,0.2061706402215786
2025-08-25,Cancabato Bay,30.43241675198078,33.25601974502206,0.04211554303765297,-0.03357036039233208,7.171850070357323,1.501301,10.681619567992973,2.1709867826811187,0.4096642664052179,,2.209300437184911,0.20309080909762647
2025-08-26,Cancabato Bay,30.589159816503525,33.31705676391721,0.06164738908410072,-0.0079348124563694,7.171850070357323,1.5379348,1.0359045552750366,1.7500695765885887,0.9043621233743838,,1.9699275045278155,0.20001097797367434
2025-08-27,Cancabato Bay,30.57524337619543,33.38267155922949,0.03357036039233208,-0.001831110566854477,7.171850070357323,2.0758567,9.564324168732373,1.4331982216732584,1.5281644965407755,,2.0950761015044566,0.19693114684972218
2025-08-28,Cancabato Bay,30.43168430775404,33.405560441315174,-0.0012207403779029846,-0.007324442267417908,7.171850070357323,2.0883915,10.029739477383064,0.9315643345794713,0.7819065084686511,,1.216219510387056,0.19385131572577002
2025-08-29,Cancabato Bay,30.753227323293686,33.38877526111901,0.02075258642435074,-0.010986663401126862,7.171850070357323,1.945491,5.708033250924498,0.9165977144054077,0.46428132844758835,,1.0274767744325295,0.1907714846018179
2025-08-30,Cancabato Bay,30.480025626718998,33.33536786958575,0.02868739888072014,-0.04577776417136192,7.171850070357323,1.2248299,20.171776012871597,1.7876734655375401,-0.44219431424972583,,1.8415515824819526,0.18769165347786576
2025-08-31,Cancabato Bay,30.30497145652771,33.332316018640995,0.03906369209289551,-0.014038514345884323,7.171850070357323,0.6172386,11.841842942344496,2.2315736763139715,0.5465562178373173,,2.297530146064266,0.1846118223539136
2025-09-01,Cancabato Bay,30.132114619016647,33.37046415545046,0.01037629321217537,0.0030518509447574615,7.171850070357323,0.43636718,0.0,1.9238356477698215,1.4592907107380308,,2.414678649028942,0.18153199122996144
2025-09-02,Cancabato Bay,30.35477766394615,33.426923397928476,0.024414807558059692,0.0012207403779029846,7.171850070357323,0.3683344,0.0,1.3804333691895494,0.9323518391871568,,1.6657959775457751,0.17845216010600928
2025-09-03,Cancabato Bay,30.83672596514225,33.463545609265566,-0.014038514345884323,0.015259254723787308,7.171850070357323,0.32558686,0.0,0.5158196012206592,0.6876412677996206,,0.859604777897674,0.17537232898205715
2025-09-04,Cancabato Bay,30.806695751845837,33.37351600639522,-0.04150517284870148,0.0079348124563694,7.171850070357323,0.3075878,9.368762663758982,-0.6544743293591255,0.9984043887813141,,1.1937956153914566,0.17229249785810502
2025-09-05,Cancabato Bay,30.560594491660595,33.40708636678755,-0.05615405738353729,0.006103701889514923,7.171850070357323,0.2515558,0.0,-1.6325491180208436,1.2913278358091136,,2.0815244899558794,0.16921266673415286
2025-09-06,Cancabato Bay,30.52616961300373,33.41319006867707,-0.08545182645320892,0.0079348124563694,7.171850070357323,0.26044652,0.0,-2.0258819247867255,1.3541900345237687,,2.43680697281936,0.1661328356102007
2025-09-07,Cancabato Bay,30.58769492805004,33.40250859037042,-0.09826960042119026,-0.0024414807558059692,7.171850070357323,0.2499621,10.839499467478012,-1.9667234074906963,0.2077880211090155,,1.9776695435001814,0.16305300448624857
2025-09-08,Cancabato Bay,30.376018546521664,33.37809378281236,-0.0714133121073246,-0.017090365290641785,7.171850070357323,0.45818022,20.572015125530598,-1.0803101685670047,-0.6626810706716455,,1.267365875245104,0.1599731733622964
2025-09-09,Cancabato Bay,30.449262969195843,33.38877526111901,-0.09094515815377235,-0.006714072078466415,7.171850070357323,0.71620727,9.83336787254285,-1.5533426160982007,0.19829733538611102,,1.565948631407823,0.15689334223834428
2025-09-10,Cancabato Bay,30.563524268567562,33.39487896300852,-0.0872829370200634,0.005493331700563431,7.171850070357323,0.5583304,13.542926844697412,-0.9066889836237981,0.39580678033839756,,0.989316895836013,0.15381351111439212
2025-09-11,Cancabato Bay,30.655812241137028,33.332316018640995,-0.09704886004328728,-0.02929776906967163,7.171850070357323,1.6789542,11.055821175011582,-0.7955255867510201,-0.00019796595724330264,,0.7955256113828613,0.15073367999044
2025-09-12,Cancabato Bay,30.555467382073402,33.141575334593654,-0.10132145136594772,-0.04272591322660446,7.171850070357323,0.6689791,22.69022638119829,-0.6709449954879948,-0.3775360456210247,0.14765384886648783,0.7698705428275237,0.14765384886648783
2025-09-13,Cancabato Bay,30.592089593410492,33.25754567049444,-0.020142216235399246,-0.046388134360313416,7.171850070357323,0.7711863,1.0076120516743523,0.23011502913388898,0.33526671205389774,,0.40664074420146556,0.1473412851125259
2025-09-14,Cancabato Bay,30.715140223503113,33.19193087518215,-0.07690664380788803,0.0,7.171850070357323,0.65220416,1.8923173423011461,-0.9394076773189016,0.8209699717535108,,1.2475890664504294,0.14702872135856393
2025-09-15,Cancabato Bay,30.605273589491844,33.1598864402622,-0.06591998040676117,-0.0006103701889514923,7.171850070357323,0.244773,9.795984961354314,-0.3637257384548949,0.9266537851151655,,0.9954816172500736,0.146716157604602
2025-09-16,Cancabato Bay,30.430219419300556,33.188879024237394,-0.0238044373691082,-0.0030518509447574615,7.171850070357323,0.21528147,11.481480062198337,-0.2232540876988204,1.1679178827710508,,1.189064577123819,0.14640359385064003
2025-09-17,Cancabato Bay,30.70122378319502,33.15836051478982,-0.02624591812491417,-0.006103701889514923,7.171850070357323,0.23036139,5.186438239801426,-0.05637702316245406,1.0484648808289632,,1.0499795117393254,0.1460910300966781
2025-09-18,Cancabato Bay,31.031556129455566,33.17972347140312,-0.004272591322660446,-0.03906369209289551,7.171850070357323,0.25660092,1.0714338991207817,0.7136280318004868,0.2698272111152055,,0.7629362303820985,0.14577846634271616
2025-09-19,Cancabato Bay,30.694631785154343,33.231604937464,0.01831110566854477,-0.06164738908410072,7.171850070357323,0.27119473,5.0087728736499635,1.8999231650884938,0.06331459171751626,,1.9009778459425128,0.1454659025887542
2025-09-20,Cancabato Bay,30.40678120404482,33.320108614861965,0.02929776906967163,-0.027466658502817154,7.171850070357323,0.28516784,15.026319260033558,2.7487475372511843,0.15731148864083433,,2.753245344680137,0.14515333883479226
2025-09-21,Cancabato Bay,30.380413211882114,33.40098266489804,0.05371257662773132,0.007324442267417908,7.171850070357323,0.53548086,8.134807274364436,2.4027117272947813,1.6015945194664716,,2.887581799579868,0.1448407750808303
2025-09-22,Cancabato Bay,30.355510108172894,33.46659746021032,0.03357036039233208,0.012817773967981339,7.171850070357323,0.60141176,16.26961454872887,0.8582004807953143,2.0422524086292855,0.14452821132686836,2.2152433197708614,0.14452821132686836
2025-09-23,Cancabato Bay,30.376018546521664,33.50321967154741,-0.0158696249127388,0.005493331700563431,7.171850070357323,0.6000712,0.0,-0.15040995711733932,0.881716036113643,,0.8944530862711554,0.14804564681979462
2025-09-24,Cancabato Bay,30.466841630637646,33.52916040457785,0.0006103701889514923,-0.02929776906967163,7.171850070357323,0.60598236,12.563248159024663,1.5311374479255493,-1.1420965455756449,,1.9101744433050574,0.15156308231272092
2025-09-25,Cancabato Bay,29.74025695770979,33.37199008092284,0.062257759273052216,0.005493331700563431,7.171850070357323,0.6956551,56.943652015905414,5.127046261243497,0.11478876494788552,,5.128331095540652,0.1550805178056472
2025-09-26,Cancabato Bay,29.426770828664303,33.26670122332871,0.025025177747011185,0.012207403779029846,7.171850070357323,0.6110755,11.756186098336412,-0.07813365907199836,2.3056722901164317,,2.306995790653015,0.15859795329857346
2025-09-27,Cancabato Bay,29.958525337278843,33.29416788183153,-0.07202368229627609,-0.0158696249127388,7.171850070357323,0.7158231,0.6582468272017216,-0.6896410316648813,0.11448114401309971,,0.6990784540309836,0.16211538879149973
2025-09-28,Cancabato Bay,30.155552834272385,33.31247898750007,-0.11535996571183205,-0.007324442267417908,7.171850070357323,0.7600617,5.878093049168206,-1.191500162577128,0.13893305302547457,,1.1995728534125394,0.16563282428442602
2025-09-29,Cancabato Bay,30.23612169921398,33.32316046580672,-0.11780144646763802,-0.0006103701889514923,7.171850070357323,1.0126271,0.0,-1.77992246420286,0.7991141705679331,,1.9510785315246684,0.1691502597773523
2025-09-30,Cancabato Bay,30.147495947778225,33.31553083844483,-0.11658070608973503,0.0024414807558059692,7.171850070357323,1.539844,0.675173198834014,-1.1744016500619743,1.2312786815678116,,1.7015482442033951,0.17266769527027856
2025-10-01,Cancabato Bay,30.405316315591335,33.31858268938959,-0.10193182155489922,-0.04028443247079849,7.171850070357323,1.3642862,7.373395918276364,0.206918456037261,-0.044685655307703694,,0.21168858079528716,0.17618513076320486
2025-10-02,Cancabato Bay,30.242713697254658,33.36130860261619,-0.07568590342998505,-0.024414807558059692,7.171850070357323,1.3637178,10.58169588875085,1.0804048931662,0.524228797522889,,1.200870752966264,0.17970256625613112
2025-10-03,Cancabato Bay,30.336466558277607,33.38267155922949,-0.10376293212175369,0.008545182645320892,7.171850070357323,1.4597162,2.0732741767225176,-1.178191057885043,1.4268127930414929,,1.8503861530143224,0.1832200017490574
2025-10-04,Cancabato Bay,30.55839715898037,33.40708636678755,-0.10010071098804474,-0.006103701889514923,7.171850070357323,0.7529231,3.855948819519995,-0.32297819152002827,-0.26036828121595945,,0.41485726950470686,0.18673743724198366
2025-10-05,Cancabato Bay,30.483687847852707,33.43455302529037,-0.04455702379345894,-0.023194067180156708,7.171850070357323,0.47586864,3.1312962366750066,0.6672339762130107,-1.3027219787759796,,1.46365492278714,0.19025487273490996
2025-10-06,Cancabato Bay,30.719534888863564,33.44828635454178,-0.04577776417136192,-0.04028443247079849,7.171850070357323,2.057562,1.1037512913869976,0.12001702071723226,-0.4658541869940948,,0.48106570112799524,0.19377230822783623
2025-10-07,Cancabato Bay,30.849909961223602,33.42387154698372,-0.043946653604507446,-0.03906369209289551,7.171850070357323,0.6628069,1.911346098104605,-0.2800780620385495,-0.05976458784338232,,0.2863835309429628,0.19728974372076252
2025-10-08,Cancabato Bay,30.945127710700035,33.34147157147527,-0.02075258642435074,-0.006714072078466415,7.171850070357323,0.45070642,2.011995650518436,-0.01829685749592366,0.6917619888599104,,0.6920039192270842,0.2008071792136888
2025-10-09,Cancabato Bay,30.725394442677498,33.32926416769624,0.01342814415693283,-0.022583696991205215,7.171850070357323,0.4542268,2.054020888889179,1.174695334607444,0.652960192581665,,1.343974011000503,0.20432461470661506
2025-10-10,Cancabato Bay,30.770073540508747,33.379619708284736,-0.01037629321217537,-0.043336283415555954,7.171850070357323,0.23542619,1.5405443864889419,1.2573623445739535,0.14853230555907332,,1.26610501592372,0.20784205019954133
2025-10-11,Cancabato Bay,30.560594491660595,33.19650865159929,-0.07568590342998505,-0.062257759273052216,7.171850070357323,0.21602689,23.04385467687735,-0.023580750215133412,-0.3028561535815661,,0.3037727794634168,0.2113594856924676
2025-10-12,Cancabato Bay,30.792779311537743,33.29416788183153,-0.11597033590078354,-0.017700735479593277,7.171850070357323,0.23835526,4.744778521144733,-1.0105956494601667,-0.004584448528664302,,1.0106060478129586,0.2148769211853939
2025-10-13,Cancabato Bay,30.753959767520428,33.27738270163536,-0.09216589853167534,-0.016479995101690292,7.171850070357323,0.38399416,9.923238685717598,-1.479648029206669,-0.43862536719611456,,1.5432920990801144,0.21839435667832016
2025-10-14,Cancabato Bay,30.805230863392353,33.26822714880109,-0.09643848985433578,-0.025635547935962677,7.171850070357323,0.3482764,6.922837662620667,-1.7534773624309574,-0.2421354549149769,,1.7701165043817624,0.22191179217124646
2025-10-15,Cancabato Bay,30.70561844855547,33.1095308996737,-0.11291848495602608,-0.03662221133708954,7.171850070357323,0.45222825,29.256451064405354,-1.3906172564905934,-0.3508915088831565,,1.4342040318782134,0.22542922766417273
2025-10-16,Cancabato Bay,30.815485082566738,33.20719012990594,-0.12024292722344398,-0.0317392498254776,7.171850070357323,0.66606355,9.537554197037181,-1.97859217625453,-0.5008309099794839,,2.040994512566488,0.228946663157099
2025-10-17,Cancabato Bay,30.91436505317688,33.18430124782026,-0.08056886494159698,-0.046388134360313416,7.171850070357323,1.0813155,10.902637515966886,0.06421077232158165,-0.3582049192140879,,0.36391453314110067,0.23246409865002526
2025-10-18,Cancabato Bay,30.5378887206316,33.19803457707167,-0.032959990203380585,0.011597033590078354,7.171850070357323,1.0819458,34.206468368871526,-0.025189321072499788,2.3426604912831235,,2.342795910726109,0.23598153414295153
2025-10-19,Cancabato Bay,30.37455365806818,33.222449384629726,-0.059816278517246246,0.0012207403779029846,7.171850070357323,0.89133584,6.788314275467359,-2.1617495774066207,1.0938172891691287,,2.4227252212132937,0.23949896963587783
2025-10-20,Cancabato Bay,30.594286926090717,33.246864192187786,-0.08667256683111191,-0.012207403779029846,7.171850070357323,0.8934625,0.0,-1.7853644466422178,-0.30484814254481407,,1.811203632214527,0.24301640512880412
2025-10-21,Cancabato Bay,30.663136683404446,33.234656788408756,-0.07629627361893654,-0.014648884534835815,7.171850070357323,0.68896323,1.444679098769118,-1.4925445923218144,-0.30649720884465437,,1.5236895678249736,0.2465338406217304
2025-10-22,Cancabato Bay,30.69829400628805,33.248390117660165,-0.06164738908410072,-0.008545182645320892,7.171850070357323,0.7544398,0.0,-1.6150409824497352,0.06318966624752757,0.25005127611465666,1.616276680804583,0.25005127611465666
2025-10-23,Cancabato Bay,30.711478002369404,33.246864192187786,-0.05310220643877983,-0.003662221133708954,7.171850070357323,0.7598992,20.607860629170087,-1.5213456897378717,0.6354531681711114,,1.6487247910499505,0.31455499481084137
2025-10-24,Cancabato Bay,30.699758894741535,33.25144196860492,-0.05249183624982834,-0.0012207403779029846,7.171850070357323,0.6082283,5.834588867406876,-1.3900319302872386,0.7564723661298921,,1.5825420082690456,0.3790587135070261
2025-10-25,Cancabato Bay,30.678518012166023,33.20719012990594,-0.07202368229627609,-0.025635547935962677,7.171850070357323,0.57387584,41.215721258340174,-1.540125206894234,-0.24424676373032994,,1.5593723527444454,0.4435624322032108
2025-10-26,Cancabato Bay,30.361369661986828,33.16751606762409,-0.09277626872062683,-0.0024414807558059692,7.171850070357323,0.6596774,27.874126647607973,-3.2313899526862637,0.743398167129256,,3.3157988270118066,0.5080661508993956
2025-10-27,Cancabato Bay,30.27201146632433,33.1598864402622,-0.10132145136594772,0.0,7.171850070357323,0.49102205,15.928073192937688,-2.6282227028872955,0.9508527641512279,0.5725698695955802,2.794937486790399,0.5725698695955802
2025-10-28,Cancabato Bay,30.328409671783447,33.13394570723176,-0.09277626872062683,-0.009765923023223877,7.171850070357323,0.6234187,0.0,-0.8431769897767596,0.12201030382688173,,0.8519588900463013,0.5066773290308851
2025-10-29,Cancabato Bay,30.35404521971941,33.12326422892511,-0.07019257172942162,-0.0079348124563694,7.171850070357323,0.72879976,20.90559472824438,-0.9105100827779969,0.7182403680605768,,1.159697304106631,0.44078478846618996
2025-10-30,Cancabato Bay,30.31669056415558,33.13394570723176,-0.06775109097361565,0.004272591322660446,7.171850070357323,1.8728764,0.0,-1.5657264038001344,1.3104885185417496,,2.041783369700775,0.3748922479014949
2025-10-31,Cancabato Bay,30.462446965277195,33.164464216679335,-0.07873775437474251,0.006103701889514923,7.171850070357323,1.2735626,0.0,-1.2121324180097222,1.035972141784453,,1.5945228995983602,0.30899970733679977
2025-11-01,Cancabato Bay,30.57524337619543,33.176671620458364,-0.08239997550845146,0.0,7.171850070357323,0.5863131,0.0,-1.1552497817947343,0.453634751231325,0.24310716677210467,1.24112309859316,0.24310716677210467
2025-11-02,Cancabato Bay,30.76348154246807,33.19498272612691,-0.056764427572488785,-0.036011841148138046,7.171850070357323,1.7702088,0.0,-0.1635641709131852,-1.576941420779159,,1.5854013632438666,0.1978839128611895
2025-11-03,Cancabato Bay,30.234656810760498,33.15836051478982,-0.036011841148138046,-0.008545182645320892,7.171850070357323,1.7655555,90.81159964613259,-1.30527702713982,-2.7623895050940166,,3.055248581610428,0.15266065895027436
2025-11-04,Cancabato Bay,29.78127383440733,33.04086425341666,-0.06042664870619774,0.0,7.171850070357323,1.4836845,11.351449955766574,-3.0627244811433667,2.4167155120741226,,3.901383743454954,0.1074374050393592
2025-11-05,Cancabato Bay,30.0471510887146,33.054597582668066,-0.07385479286313057,-0.0048829615116119385,7.171850070357323,1.0808661,0.0,-0.5026951135788263,0.44516536483976143,,0.6714719497260828,0.06221415112844403
2025-11-06,Cancabato Bay,30.37894832342863,33.079012390226126,-0.027466658502817154,-0.031128879636526108,7.171850070357323,3.9507506,4.276333319112517,0.6107561393873497,-1.1201038221807342,0.016990897217528868,1.275796078636092,0.016990897217528868
2025-11-07,Cancabato Bay,30.332804337143898,33.11868645250797,0.0012207403779029846,-0.021973326802253723,7.171850070357323,3.0181031,1.001004353118019,1.8691441590363558,-3.03429170028253,,3.5637937664325037,0.028874064191697264
2025-11-08,Cancabato Bay,29.933622233569622,33.14615311101079,0.04211554303765297,0.0024414807558059692,7.171850070357323,3.0181499,39.7993535904077,5.59001125918164,-2.352641904676283,,6.064911360392364,0.04075723116586566
2025-11-09,Cancabato Bay,29.240729995071888,33.1095308996737,0.10071108117699623,0.0317392498254776,7.171850070357323,2.4387453,14.226171452397356,2.1915726114239154,4.532387308502726,,5.034433952831244,0.05264039814003405
2025-11-10,Cancabato Bay,29.3110446408391,33.13394570723176,0.05066072568297386,0.01342814415693283,7.171850070357323,2.9622128,0.2127453922844543,1.002419675076688,2.533220773620015,,2.7243444519518527,0.06452356511420246
2025-11-11,Cancabato Bay,29.83034759759903,33.14920496195555,-0.001831110566854477,0.014038514345884323,7.171850070357323,3.1718955,0.0,0.28538436519546145,0.9683942039174281,0.07640673208837084,1.0095699926596897,0.07640673208837084
2025-11-12,Cancabato Bay,30.03982664644718,33.15683458931744,-0.024414807558059692,0.010986663401126862,7.171850070357323,1.6441392,0.7490240346890289,-0.6585930453957187,0.4884917376415371,,0.8199810834328165,0.0791484787810386
2025-11-13,Cancabato Bay,29.89260535687208,33.14615311101079,-0.016479995101690292,-0.007324442267417908,7.171850070357323,1.3722185,20.654408141066096,-1.5254702780642724,-0.11483785689744534,,1.5297866853369744,0.08189022547370635
2025-11-14,Cancabato Bay,29.698507636785507,33.066804986447096,-0.02685628831386566,-0.0030518509447574615,7.171850070357323,1.142247,34.42401367711564,-2.4348212674132776,0.016442201682231972,,2.4348767833802514,0.08463197216637411
2025-11-15,Cancabato Bay,29.522721022367477,33.02255314774811,-0.03723258152604103,-0.007324442267417908,7.171850070357323,2.0254114,30.243760818871447,-3.107857585421444,-0.38736844957769817,,3.1319056638075544,0.08737371885904185
2025-11-16,Cancabato Bay,29.514664135873318,32.99356056377292,-0.04699850454926491,-0.009155552834272385,7.171850070357323,1.9747208,38.61697775258805,-2.798735909165673,-0.4219998104739173,,2.8303721538506963,0.09011546555170961
2025-11-17,Cancabato Bay,29.62965787947178,33.008819818496704,-0.03357036039233208,-0.01037629321217537,7.171850070357323,2.5351691,0.0,-2.1724195552769974,-0.5956039666633844,,2.252587580817906,0.09285721224437737
2025-11-18,Cancabato Bay,29.659688092768192,32.9874568618834,-0.032959990203380585,-0.012817773967981339,7.171850070357323,1.4014885,0.0,-2.1314534275216186,-0.8091138138950604,,2.279859398631737,0.09559895893704512
2025-11-19,Cancabato Bay,29.741721846163273,33.01034574396908,-0.03357036039233208,-0.004272591322660446,7.171850070357323,1.975202,0.0,-2.444868128744167,-0.24677024994085944,,2.457290321310219,0.09834070562971288
2025-11-20,Cancabato Bay,29.735129848122597,33.01492352038622,-0.039674062281847,-0.009155552834272385,7.171850070357323,0.6768351,0.0,-2.195405149768258,-0.4173454851992936,,2.234721688632663,0.10108245232238064
2025-11-21,Cancabato Bay,29.73220007121563,33.007293893024325,-0.04577776417136192,-0.010986663401126862,7.171850070357323,0.69739556,13.542297259687235,-2.0236843463371637,-0.6325417267695177,,2.120237573885209,0.10382419901504839
2025-11-22,Cancabato Bay,29.71535385400057,33.008819818496704,-0.04699850454926491,-0.012207403779029846,7.171850070357323,0.5919297,11.522756520170754,-2.3465279786023343,-1.1070718839885074,,2.59457158519117,0.10656594570771614
2025-11-23,Cancabato Bay,29.72487562894821,32.99813834019005,-0.046388134360313416,-0.020142216235399246,7.171850070357323,0.6253167,10.79092143214168,-1.7935352796879285,-1.9351342432656995,,2.6384679908887976,0.1093076924003839
2025-11-24,Cancabato Bay,29.177739791572094,32.718893978744745,-0.08911404758691788,-0.025635547935962677,7.171850070357323,0.65011877,29.172442436218265,-3.658220578848173,-0.7590641785670328,,3.7361418911347446,0.11204943909305165
2025-11-25,Cancabato Bay,29.146244689822197,32.72804953157902,-0.06897183135151863,0.0024414807558059692,7.171850070357323,0.6204597,15.88064144518429,-2.9684284515980073,1.704368904904203,,3.422928692839057,0.11479118578571941
2025-11-26,Cancabato Bay,29.1726126819849,32.72499768063426,-0.06897183135151863,0.004272591322660446,7.171850070357323,1.1588718,9.778843541495716,-2.589888060938324,1.6762162648273908,,3.0849993735271264,0.11753293247838717
2025-11-27,Cancabato Bay,29.363048180937767,32.74788656271994,-0.05493331700563431,0.0024414807558059692,7.171850070357323,4.585593,6.212591170502928,-2.207701335632931,1.3296505448779106,,2.577191447845804,0.12027467917105492
2025-11-28,Cancabato Bay,29.554948568344116,32.78603469952941,-0.032959990203380585,-0.010986663401126862,7.171850070357323,1.9051393,1.829494712832637,-0.9902537344344137,0.46482120730029336,,1.0939201128589804,0.12301642586372266
2025-11-29,Cancabato Bay,29.860377810895443,32.81197543255985,-0.032959990203380585,-0.05005035549402237,7.171850070357323,2.3086572,0.7661108959216281,-0.29569536457163104,-0.490503353730006,,0.5727384120604564,0.12575817255639044
2025-11-30,Cancabato Bay,29.839869372546673,32.840968016535044,-0.038453321903944016,-0.0634784996509552,7.171850070357323,0.77347153,5.069500326729431,-0.6943879922781787,-0.8942397894829575,,1.1321835031984189,0.12849991924905818
2025-12-01,Cancabato Bay,29.819360934197903,32.850123569369316,-0.02075258642435074,-0.05798516795039177,7.171850070357323,0.7669481,10.865779471473571,-0.1580991379298798,-1.2144706188654841,,1.2247180171376932,0.13124166594172593
2025-12-02,Cancabato Bay,29.913846239447594,32.89132355712354,-0.007324442267417908,-0.07019257172942162,7.171850070357323,0.47232231,4.971207475509887,0.25899298181707847,-1.2974032492140863,,1.3230013438019517,0.13398341263439367
2025-12-03,Cancabato Bay,29.922635570168495,32.947782799601555,-0.010986663401126862,-0.06897183135151863,7.171850070357323,1.0435187,0.0,-0.1762639078980479,-1.9697539240748316,,1.97762470823857,0.13672515932706145
2025-12-04,Cancabato Bay,29.7124240770936,32.97524945810437,-0.028077028691768646,-0.03906369209289551,7.171850070357323,1.0415237,62.55989298348231,-0.4291608505420857,-3.4945767665465626,,3.5208302732345724,0.1394669060197292
2025-12-05,Cancabato Bay,29.263435766100883,32.90200503543019,0.021973326802253723,-0.019531846046447754,7.171850070357323,1.284486,37.56692411038822,0.919916837836116,-3.598472905671193,,3.714196311637832,0.14220865271239697
2025-12-06,Cancabato Bay,29.33594774454832,32.900479109957814,0.031128879636526108,-0.02685628831386566,7.171850070357323,1.2666204,14.785751490547256,-0.3874581105771311,-0.007357729750765622,,0.3875279649768332,0.1449503994050647
2025-12-07,Cancabato Bay,29.373302400112152,32.93099761940539,-0.046388134360313416,0.006714072078466415,7.171850070357323,3.1868365,0.0,-2.7691262223809225,1.5091309748997892,,3.1536544412601115,0.14769214609773246
2025-12-08,Cancabato Bay,29.43336282670498,32.92184206657112,-0.07995849475264549,-0.003662221133708954,7.171850070357323,2.9205742,0.0,-2.6420785803033735,0.49318501866147435,,2.6877147704192885,0.1504338927904002
2025-12-09,Cancabato Bay,29.590838335454464,32.95541242696345,-0.10193182155489922,-0.017700735479593277,7.171850070357323,2.71755,0.0,-1.2742542796444472,-1.1746341335660566,,1.7330577938807088,0.15317563948306798
2025-12-10,Cancabato Bay,29.660420536994934,32.99203463830054,-0.10559404268860817,-0.02075258642435074,7.171850070357323,2.153179,1.6282941678080698,-1.6446723211001624,-1.0587075009415403,,1.9559674374444165,0.15591738617573572
2025-12-11,Cancabato Bay,29.688253417611122,33.021027222275734,-0.12024292722344398,-0.017090365290641785,7.171850070357323,0.4718138,2.2616891434398325,-2.3722459176694257,-0.9348811700399712,,2.549814404225249,0.1586591328684035
2025-12-12,Cancabato Bay,29.6633503139019,33.02407907322049,-0.11535996571183205,-0.0158696249127388,7.171850070357323,0.46388346,28.324789257476127,-2.5768361140354923,-1.0431153628864145,,2.7799593556178466,0.16140087956107124
2025-12-13,Cancabato Bay,29.58864100277424,33.0378124024719,-0.09582811966538429,-0.016479995101690292,7.171850070357323,0.52030176,0.0,-2.2153081294156913,-1.4592396041542315,,2.6527288460352385,0.164142626253739
2025-12-14,Cancabato Bay,29.529313020408154,33.066804986447096,-0.07690664380788803,-0.017090365290641785,7.171850070357323,2.5180259,0.0,-1.8024684948303267,-1.6692832564338302,,2.456704960931661,0.16688437294640673
2025-12-15,Cancabato Bay,29.57325967401266,33.09732349589467,-0.09033478796482086,-0.015259254723787308,7.171850070357323,2.729688,0.0,-2.8297455264008002,-1.509579733189658,,3.207224768400603,0.16962611963907448
2025-12-16,Cancabato Bay,29.52345346659422,33.11258275061846,-0.09887997061014175,-0.007324442267417908,7.171850070357323,1.696206,15.024356470321315,-2.844660027359231,-0.10409767078620841,,2.846564068542729,0.17236786633174225
2025-12-17,Cancabato Bay,29.489761032164097,33.126316079869866,-0.09826960042119026,-0.014648884534835815,7.171850070357323,1.078748,0.0,-2.4922540659826273,-0.7652007164870324,,2.6070792979729647,0.17510961302441
2025-12-18,Cancabato Bay,29.381359286606312,33.130893856287,-0.09765923023223877,-0.014648884534835815,7.171850070357323,0.5856817,0.0,-3.09325650005975,-1.2819993932683902,,3.3483963653519897,0.17785135971707777
2025-12-19,Cancabato Bay,29.27808465063572,33.10800497420132,-0.09704886004328728,-0.004272591322660446,7.171850070357323,0.37713093,34.50958419226991,-3.1340313398637014,0.004700246268096392,,3.1340348644459666,0.18059310640974552
2025-12-20,Cancabato Bay,28.95141452550888,32.99050871282816,-0.09399700909852982,-0.004272591322660446,7.171850070357323,0.5779082,5.965923331416073,-2.723112256071479,0.4950405853288668,,2.767743763481267,0.18333485310241326
2025-12-21,Cancabato Bay,28.714835040271282,32.912686513736844,-0.08117923513054848,-0.0048829615116119385,7.171850070357323,0.5451074,52.863992916509375,-2.358483061390624,0.24687126955608213,,2.3713683338104015,0.186076599795081
2025-12-22,Cancabato Bay,28.580065302550793,32.82418283633888,-0.07690664380788803,-0.0048829615116119385,7.171850070357323,1.2060878,0.6436631169182043,-2.1446828707780705,0.19671936089129508,,2.153685938840282,0.18881834648774878
2025-12-23,Cancabato Bay,28.532456427812576,32.81197543255985,-0.05798516795039177,-0.006103701889514923,7.171850070357323,0.93381506,7.289155673676025,-2.003892584853812,0.3366802971862596,,2.031979112625305,0.19156009318041653
2025-12-24,Cancabato Bay,28.602771073579788,32.766197668388486,-0.06042664870619774,-0.009765923023223877,7.171850070357323,2.5933123,0.0,-1.7757218139885926,-0.18459678541625393,,1.7852909941690045,0.1943018398730843
2025-12-25,Cancabato Bay,28.66136661171913,32.72347175516188,-0.04455702379345894,-0.031128879636526108,7.171850070357323,1.5497237,2.506021472211844,-0.9535451391658046,-0.6101132138933644,,1.1320275907388582,0.19704358656575205
2025-12-26,Cancabato Bay,28.77489546686411,32.75704211555421,-0.04577776417136192,-0.017700735479593277,7.171850070357323,0.5913888,0.0,-2.5030182080666497,-1.126229806760355,,2.744721065527178,0.1997853332584198
2025-12-27,Cancabato Bay,28.790276795625687,32.76009396649897,-0.04150517284870148,-0.007324442267417908,7.171850070357323,0.37952358,49.50321499151163,-2.7566589766106064,-0.29305221379615604,,2.772191969063229,0.20252707995108754
2025-12-28,Cancabato Bay,28.781487464904785,32.73873100988567,-0.029908139258623123,-0.0030518509447574615,7.171850070357323,0.34651715,8.323878323308195,-1.8870107007924388,-0.012757206381702843,,1.8870538230850322,0.20526882664375531
2025-12-29,Cancabato Bay,28.908932760357857,32.76314581744373,-0.028077028691768646,-0.0012207403779029846,7.171850070357323,0.6060617,0.0,-1.7011414080906424,0.6056916599709873,,1.8057531606725832,0.20801057333642306
2025-12-30,Cancabato Bay,29.034180723130703,32.76924951933324,-0.031128879636526108,-0.009155552834272385,7.171850070357323,1.2881099,8.323878323308195,-1.596812855594289,0.3120319355880727,,1.6270142054137164,0.2107523200290908
2025-12-31,Cancabato Bay,29.1147495880723,32.7936643268913,-0.0238044373691082,0.0,7.171850070357323,0.36699322,0.0,-1.525620669133395,0.34342368256552835,,1.563796103024271,0.21349406672175858
2026-01-01,Cancabato Bay,29.259041100740433,32.81350135803223,-0.030518509447574615,-0.0048829615116119385,7.171850070357323,0.38163668,0.0,-1.147352690508361,-0.056602252441180716,,1.1487480191052302,0.21623581341442633
2026-01-02,Cancabato Bay,29.13452558219433,32.67616806551814,-0.020142216235399246,-0.03723258152604103,7.171850070357323,0.4121116,17.854230260696657,-0.819225571232102,-0.935227651027698,,1.243294533007907,0.21897756010709407
2026-01-03,Cancabato Bay,28.642323061823845,32.38013852387667,-0.09460737928748131,-0.04699850454926491,7.171850070357323,0.7741732,57.764775437668874,-2.8760237003975413,-1.5263494898909977,,3.255956862511983,0.22171930679976184
2026-01-04,Cancabato Bay,28.262184508144855,32.49610885977745,-0.08545182645320892,-0.017090365290641785,7.171850070357323,2.8085508,79.69347242653943,-2.1663046330385662,-2.3430311341405763,,3.1910297176109834,0.2244610534924296
2026-01-05,Cancabato Bay,28.19406719505787,32.49458293430507,-0.05249183624982834,-0.0079348124563694,7.171850070357323,2.8456647,0.0,-1.328074557727797,-0.02618735148852184,,1.3283327174551816,0.22720280018509734
2026-01-06,Cancabato Bay,28.310525827109814,32.490005157887936,-0.04455702379345894,-0.035401470959186554,7.171850070357323,2.9692764,0.414722598017976,-0.8814581604250643,-0.6973775803946436,,1.1239679613836981,0.2299445468777651
2026-01-07,Cancabato Bay,28.416730239987373,32.49458293430507,-0.062257759273052216,-0.059205908328294754,7.171850070357323,2.889894,3.8402530651884716,-0.6246142168192644,-0.5291067499518533,,0.8185944494664962,0.23268629357043286
2026-01-08,Cancabato Bay,28.486312441527843,32.55409402772784,-0.09460737928748131,-0.03357036039233208,7.171850070357323,2.2101865,1.1273216150058345,-2.6008891609916236,-0.7393541866980128,,2.703935842647083,0.2354280402631006
2026-01-09,Cancabato Bay,28.42332223802805,32.56477550603449,-0.08850367739796638,-0.017090365290641785,7.171850070357323,1.4024199,19.620304933371255,-2.9812240538902226,-0.013604206145567009,,2.981255093734601,0.23816978695576835
2026-01-10,Cancabato Bay,28.016815692186356,32.18329413793981,-0.07263405248522758,-0.0634784996509552,7.171850070357323,0.7117675,35.14589947100265,-1.4013834446014615,0.2242189536443839,,1.419207418940741,0.24091153364843612
2026-01-11,Cancabato Bay,28.266579173505306,32.42439036257565,-0.11413922533392906,-0.02624591812491417,7.171850070357323,0.8973642,7.506926455055944,-2.231653732332629,-0.2391554188249183,,2.244431708782309,0.24365328034110387
2026-01-12,Cancabato Bay,28.404278688132763,32.503738487139344,-0.08606219664216042,-0.025635547935962677,7.171850070357323,0.64491296,0.0,-2.1709838628383396,-0.5448491027542999,,2.2383099600986105,0.2463950270337716
2026-01-13,Cancabato Bay,28.556627087295055,32.55409402772784,-0.07629627361893654,-0.02868739888072014,7.171850070357323,1.0696454,9.119451612710192,-1.5143249544323,-0.9162745406374863,,1.7699545478448944,0.2491367737264394
2026-01-14,Cancabato Bay,28.396221801638603,32.6075014192611,-0.043336283415555954,-0.028077028691768646,7.171850070357323,1.0704097,27.752290750083073,-0.9123522405344612,-2.0304158572705635,,2.225977350348383,0.25187852041910713
2026-01-15,Cancabato Bay,28.1244849935174,32.659382885321975,-0.01037629321217537,-0.0158696249127388,7.171850070357323,1.0661823,52.546796987612794,1.1649677050694716,-3.6918959074577744,,3.8713363513596044,0.2546202671117749
2026-01-16,Cancabato Bay,27.734824664890766,32.49305700883269,0.08239997550845146,-0.012817773967981339,7.171850070357323,0.9831558,90.96714430495193,4.3094092215090605,-2.693656611343432,,5.082006865231639,0.2573620138044427
2026-01-17,Cancabato Bay,27.535599835217,32.428968138992786,0.10986663401126862,0.005493331700563431,7.171850070357323,1.1566721,15.233290402653122,4.373799695680038,1.3672308022167976,,4.582515013009907,0.26010376049711037
2026-01-18,Cancabato Bay,27.58980070799589,32.598345866426826,0.0555436871945858,-0.010986663401126862,7.171850070357323,1.2109393,0.0,2.465100950830169,0.13153033822148413,,2.4686074875638817,0.26284550718977817
2026-01-19,Cancabato Bay,27.783165983855724,32.68990139476955,0.035401470959186554,-0.029908139258623123,7.171850070357323,2.6534548,0.0,2.3909686946185977,-1.5034097105120097,,2.8243533872920303,0.2655872538824459
2026-01-20,Cancabato Bay,27.905484169721603,32.78908655047417,0.0024414807558059692,-0.035401470959186554,7.171850070357323,7.2582974,0.0,1.6084968913204545,-2.3680080820325062,0.26832900057511366,2.862642926730268,0.26832900057511366
2026-01-21,Cancabato Bay,27.92086549848318,32.88979763165116,-0.04272591322660446,-0.03418073058128357,7.171850070357323,2.289796,0.0,-0.3827628454894386,-3.6599917164793965,,3.6799520052012866,0.26618960931995406
2026-01-22,Cancabato Bay,27.709189116954803,32.99050871282816,-0.04150517284870148,-0.02075258642435074,7.171850070357323,1.4656463,0.0,-1.3893837575192096,-4.01456920619814,,4.248194103029258,0.2640502180647945
2026-01-23,Cancabato Bay,27.4865260720253,33.0591753590852,-0.03723258152604103,-0.019531846046447754,7.171850070357323,1.227373,0.0,-2.048894846073115,-3.24439967532278,,3.837199414090898,0.2619108268096349
2026-01-24,Cancabato Bay,27.258735917508602,33.09884942136705,-0.030518509447574615,-0.017700735479593277,7.171850070357323,0.8060179,0.0,-1.3287010946293631,-2.8944290998379114,,3.1848338124394764,0.25977143555447535
2026-01-25,Cancabato Bay,27.13934750854969,33.0591753590852,-0.02624591812491417,-0.024414807558059692,7.171850070357323,0.42081943,28.953989912526676,-1.4069615049267457,-2.7669812338708546,,3.1041465533926083,0.25763204429931574
2026-01-26,Cancabato Bay,26.960631117224693,32.93252354487777,-0.051271095871925354,-0.01892147585749626,7.171850070357323,0.46089575,25.963580088874405,-2.4545443449595368,-1.0812625604403934,,2.6821477710937103,0.2554926530441562
2026-01-27,Cancabato Bay,26.896908469498158,32.85470134578645,-0.04821924492716789,-0.017700735479593277,7.171850070357323,0.47867972,11.35906621213919,-2.1388033238809916,-1.1821175908128116,,2.4437433696592334,0.2533532617889966
2026-01-28,Cancabato Bay,26.999450661242008,32.86690874956548,-0.03906369209289551,-0.02075258642435074,7.171850070357323,0.5887609,0.0,-1.8374233928776473,-2.504299489420262,,3.106065140560415,0.25121387053383704
2026-01-29,Cancabato Bay,27.03680531680584,32.92947169393301,-0.025025177747011185,-0.017700735479593277,7.171850070357323,0.5124579,0.0,-1.3148396620438705,-2.6262383636136235,,2.9369935783722108,0.24907447927867743
2026-01-30,Cancabato Bay,26.863948479294777,32.72499768063426,-0.02624591812491417,-0.0476088747382164,7.171850070357323,0.49689218,47.211140087237375,-1.3806042720770881,-2.4189861250353295,,2.785240030803619,0.24693508802351785
2026-01-31,Cancabato Bay,26.907895132899284,32.75856804102659,-0.079348124563694,-0.017700735479593277,7.171850070357323,0.6522076,32.08068083498044,-2.769761895164107,-0.7690011215254021,,2.874533645795504,0.24479569676835827
2026-02-01,Cancabato Bay,27.055116422474384,32.73415323346853,-0.07568590342998505,-0.02685628831386566,7.171850070357323,1.0021309,3.4530140569034864,-2.3532627537609057,-1.0296862551124522,,2.5686765799153983,0.24265630551319867
2026-02-02,Cancabato Bay,27.03314309567213,32.71431620232761,-0.09949034079909325,-0.02685628831386566,7.171850070357323,0.94366765,65.12598017000924,-2.709665569980416,-1.8195996085940398,,3.2639286506804766,0.2405169142580391
2026-02-03,Cancabato Bay,27.01995909959078,32.73567915894091,-0.10620441287755966,-0.025025177747011185,7.171850070357323,0.81977206,8.63719410332628,-2.3686268950037386,-2.6304449202640416,,3.5397222837784823,0.2383775230028795
2026-02-04,Cancabato Bay,27.133487954735756,32.80892358161509,-0.10010071098804474,-0.021973326802253723,7.171850070357323,0.859806,12.198431261812155,-2.2028471597983015,-3.157788526904475,,3.850216096543281,0.23623813174771993
2026-02-05,Cancabato Bay,26.978209778666496,32.731101382523775,-0.11047700420022011,-0.03357036039233208,7.171850070357323,1.0502392,63.18091135360183,-2.876904234954462,-3.2829187370717983,,4.365104055038781,0.23409874049256035
2026-02-06,Cancabato Bay,26.89397869259119,32.587664388120174,-0.13733329251408577,-0.009155552834272385,7.171850070357323,4.394119,93.05569142350757,-3.6160445623624735,1.359540431707113,,3.863175955407361,0.23195934923740077
2026-02-07,Cancabato Bay,27.42573320120573,32.57240513339639,-0.1513718068599701,-0.01342814415693283,7.171850070357323,4.3940387,16.1637939843126,-1.0563455574174876,1.042448230939695,,1.4841038544741276,0.2298199579822412
2026-02-08,Cancabato Bay,27.550248719751835,32.58461253717542,-0.17883846536278725,-0.025025177747011185,7.171850070357323,3.1881642,9.58920724704243,-1.3211774356812962,0.13368983895488415,,1.3279242409087908,0.2276805667270816
2026-02-09,Cancabato Bay,27.28583635389805,32.54799032583833,-0.17822809517383575,-0.03906369209289551,7.171850070357323,3.1538167,39.45618302829731,-3.309316491496896,-1.823940198452871,,3.778668216240429,0.22554117547192204
2026-02-10,Cancabato Bay,26.82439649105072,32.15124970301986,-0.16479995101690292,-0.04028443247079849,7.171850070357323,0.9067553,56.5732758616487,-2.607731546202387,-0.9603364536739657,,2.778940431408018,0.22340178421676243
2026-02-11,Cancabato Bay,26.994323551654816,32.29468669742346,-0.12390514835715294,-0.040894802659749985,7.171850070357323,1.5748209,3.3078759897250336,-2.2665145526061186,-1.1521928741629557,,2.5425649719224888,0.22126239296160286
2026-02-12,Cancabato Bay,27.26972258090973,32.39692370407283,-0.10864589363336563,-0.039674062281847,7.171850070357323,1.7922249,50.62096394060519,-2.8498977952808673,-1.063828920596575,,3.041981166254062,0.21912300170644328
2026-02-13,Cancabato Bay,27.415478982031345,32.45948664844036,-0.10498367249965668,-0.024414807558059692,7.171850070357323,1.7456392,29.509611294292412,-3.005037294989454,-0.639955495350574,,3.0724244791869064,0.2169836104512837
2026-02-14,Cancabato Bay,27.602252259850502,32.52052366733551,-0.10925626382231712,-0.017700735479593277,7.171850070357323,1.1800144,31.617542632471643,-2.988687784464152,-0.164868045938183,,2.993231722666442,0.21484421919612412
2026-02-15,Cancabato Bay,27.85055085271597,32.59681994095445,-0.10986663401126862,-0.02075258642435074,7.171850070357323,1.0726694,0.0,-2.9711466683447014,-0.6939246669656053,,3.05110536826232,0.21270482794096454
2026-02-16,Cancabato Bay,28.028534799814224,32.67311621457338,-0.10803552344441414,-0.02136295661330223,7.171850070357323,1.9435831,0.0,-3.1300907958927984,-0.8209165270814832,,3.2359499895654036,0.21056543668580496
2026-02-17,Cancabato Bay,28.171361424028873,32.7509384136647,-0.10376293212175369,-0.02624591812491417,7.171850070357323,2.7619264,0.0,-2.958962079420683,-2.2244186758251554,,3.7018232038833663,0.20842604543064536
2026-02-18,Cancabato Bay,28.120090328156948,32.8440198674798,-0.09765923023223877,-0.01892147585749626,7.171850070357323,1.0634562,16.17702285626445,-3.442200870650501,-2.8889171562230076,,4.4938390235328525,0.2062866541754858
2026-02-19,Cancabato Bay,27.782433539628983,32.92031614109874,-0.10925626382231712,-0.02075258642435074,7.171850070357323,1.0633318,21.014520800532626,-3.2790632404337097,-2.2526703716894034,,3.9782885187289896,0.2041472629203262
2026-02-20,Cancabato Bay,27.59712515026331,32.982879085466266,-0.08362071588635445,-0.017090365290641785,7.171850070357323,1.0995656,13.400519535564388,-2.522819382457597,-1.9976306647014115,,3.217941253201981,0.20200787166516662
2026-02-21,Cancabato Bay,27.644001580774784,32.9660939052701,-0.08972441777586937,-0.025025177747011185,7.171850070357323,0.65339035,15.171023062623728,-2.6379087355153943,-1.8233571136815634,,3.2067419074383876,0.19986848041000704
2026-02-22,Cancabato Bay,27.279244355857372,32.61665697209537,-0.12512588873505592,-0.02929776906967163,7.171850070357323,0.5508227,47.60425712658574,-2.285439573443495,-1.013248149944966,,2.4999811713747926,0.19772908915484746
2026-02-23,Cancabato Bay,27.342234559357166,32.71126435138285,-0.11719107627868652,-0.02685628831386566,7.171850070357323,0.5590197,19.383138662709978,-2.8121755872705743,-0.5965958439083897,,2.874762274451465,0.1955896978996879
2026-02-24,Cancabato Bay,27.619830921292305,32.74941248819232,-0.13245033100247383,-0.025025177747011185,7.171850070357323,1.0040728,11.885791530243505,-2.5756165818271475,-0.5130743743586305,,2.6262227800029567,0.19345030664452828
2026-02-25,Cancabato Bay,27.886440619826317,32.790612475946546,-0.11841181665658951,-0.039674062281847,7.171850070357323,1.0578828,2.4230549259307668,-1.356545352748537,-1.3332902851488058,,1.9020721012979072,0.19131091538936873
2026-02-26,Cancabato Bay,28.142796099185944,32.863856898620725,-0.09765923023223877,-0.04699850454926491,7.171850070357323,1.9835109,0.0,-0.8196279762468098,-1.518680146010926,,1.7257402485119853,0.18917152413420912
2026-02-27,Cancabato Bay,28.483382664620876,32.93862724676728,-0.08545182645320892,-0.05066072568297386,7.171850070357323,0.86970615,0.0,-0.2963667913847968,-1.1336459175051703,,1.1717449984155508,0.18703213287904955
2026-02-28,Cancabato Bay,28.64818261563778,33.00576796755195,-0.08362071588635445,-0.051881466060876846,7.171850070357323,0.785717,0.0,-1.0063383292314718,-1.1649899739650746,,1.539453952646696,0.18489274162388997
2026-03-01,Cancabato Bay,28.755851916968822,33.06375313550234,-0.09033478796482086,-0.030518509447574615,7.171850070357323,1.7289404,0.0,-2.321295818188747,-0.7905133596384161,0.1827533503687304,2.4522083205362835,0.1827533503687304
2026-03-02,Cancabato Bay,28.8203070089221,33.09732349589467,-0.08362071588635445,-0.03723258152604103,7.171850070357323,1.0900323,0.0,-1.6019210696468233,-1.2678562854062772,,2.042941671664325,0.1842836180690867
2026-03-03,Cancabato Bay,28.895748764276505,33.15836051478982,-0.0714133121073246,-0.036011841148138046,7.171850070357323,0.52088934,0.0,-1.433071688103274,-1.6877496756370582,,2.214089752213347,0.185813885769443
2026-03-04,Cancabato Bay,28.92284920066595,33.22855308651924,-0.056764427572488785,-0.031128879636526108,7.171850070357323,0.716108,0.0,-1.3823142515426146,-1.9564233653455614,,2.395492657990809,0.18734415346979932
2026-03-05,Cancabato Bay,29.003418065607548,33.28959010541439,-0.06103701889514923,-0.02136295661330223,7.171850070357323,2.8906598,0.0,-1.5337725319579283,-0.9036452342577748,,1.7801777689841605,0.18887442117015563
2026-03-06,Cancabato Bay,29.157231353223324,33.33994564600289,-0.0714133121073246,-0.0238044373691082,7.171850070357323,0.9179113,0.0,-1.5858531272226846,-1.4592099113755153,0.19040468887051193,2.155046103121348,0.19040468887051193
2026-03-07,Cancabato Bay,29.1550340205431,33.38267155922949,-0.07751701399683952,-0.025025177747011185,7.171850070357323,0.75421363,0.0,-1.899056952113669,-1.9986842550452633,,2.757019415734517,0.21307327168667511
2026-03-08,Cancabato Bay,29.01220739632845,33.35215304978192,-0.10925626382231712,-0.019531846046447754,7.171850070357323,0.7526567,32.81485466149669,-2.997275464582675,-1.8410905285668067,,3.517566565819003,0.23574185450283827
2026-03-09,Cancabato Bay,28.64012572914362,33.28653825446963,-0.11719107627868652,-0.02075258642435074,7.171850070357323,0.7524943,52.50376681854931,-2.3030524607425087,-2.354494618499326,,3.2935839970273126,0.2584104373190015
2026-03-10,Cancabato Bay,28.40720846503973,33.321634540334344,-0.09826960042119026,-0.02136295661330223,7.171850070357323,1.4515395,9.975004583121107,-1.3924090561015308,-3.02238369514001,,3.3277028383198126,0.2810790201351646
2026-03-11,Cancabato Bay,28.38670002669096,33.38267155922949,-0.08423108607530594,-0.021973326802253723,7.171850070357323,1.4372442,0.0,-1.5284715235219535,-2.564349688016452,0.3037476029513278,2.9853164858432675,0.3037476029513278
2026-03-12,Cancabato Bay,28.3786431401968,33.429975248873234,-0.07690664380788803,-0.023194067180156708,7.171850070357323,0.9301328,0.0,-1.6799440214280916,-2.4443908809486508,,2.966017311816792,0.29363137624505264
2026-03-13,Cancabato Bay,28.127414770424366,33.48033078946173,-0.07446516305208206,-0.0238044373691082,7.171850070357323,0.88252014,0.0,-1.772593536341706,-4.238572434592561,,4.59429908999929,0.2835151495387775
2026-03-14,Cancabato Bay,27.66304513067007,33.548997435718775,-0.07812738418579102,-0.0238044373691082,7.171850070357323,0.8696264,0.0,-1.9967211487387426,-3.532605367352324,,4.057856087550052,0.2733989228325023
2026-03-15,Cancabato Bay,27.365672774612904,33.59477519989014,-0.059205908328294754,-0.020142216235399246,7.171850070357323,1.3618082,0.0,-1.7195069229776303,-2.7056998118265967,,3.205856442494966,0.2632826961262271
2026-03-16,Cancabato Bay,27.379589214920998,33.62987148575485,-0.0476088747382164,-0.01342814415693283,7.171850070357323,2.4816833,0.0,-1.5644194493532786,-1.3950593405162033,0.25316646941995197,2.0960913093365754,0.25316646941995197
2026-03-17,Cancabato Bay,27.563432715833187,33.6405529640615,-0.05249183624982834,-0.009155552834272385,7.171850070357323,1.5289103,0.0,-2.273363152368704,-0.5072657906119666,,2.329269972517775,0.25003853295737677
2026-03-18,Cancabato Bay,27.685018457472324,33.643604815006256,-0.05249183624982834,-0.012817773967981339,7.171850070357323,0.43933165,0.0,-1.9830217876399083,-0.8907439624996102,,2.1738905715293226,0.2469105964948016
2026-03-19,Cancabato Bay,27.915005944669247,33.65428629331291,-0.054322946816682816,-0.01831110566854477,7.171850070357323,1.3117403,0.0,-1.8975371010833866,-1.4573874655318442,,2.3926189154725988,0.24378266003222643
2026-03-20,Cancabato Bay,27.96481215208769,33.65123444236815,-0.05615405738353729,-0.01342814415693283,7.171850070357323,0.8280276,0.0,-2.039577176758697,-1.002130587730487,,2.272474592777668,0.24065472356965123
2026-03-21,Cancabato Bay,28.004364140331745,33.65276036784053,-0.06286812946200371,-0.015259254723787308,7.171850070357323,1.0006425,0.0,-2.260762381867576,-1.1651267868785724,,2.5433377630133087,0.23752678710707606
2026-03-22,Cancabato Bay,28.035859242081642,33.66344184614718,-0.07385479286313057,-0.014038514345884323,7.171850070357323,0.31622046,0.0,-2.5601413426759425,-1.3797752454611854,,2.908281867781397,0.2343988506445009
2026-03-23,Cancabato Bay,28.172826312482357,33.67259739898145,-0.06530961021780968,-0.022583696991205215,7.171850070357323,0.6996968,0.0,-1.0372167290096939,-1.7456955721373375,,2.0305840473906698,0.2312709141819257
2026-03-24,Cancabato Bay,28.418195128440857,33.680227026343346,-0.06408886983990669,-0.02868739888072014,7.171850070357323,0.64202625,0.0,-0.6214926907305189,-0.9568413528786929,,1.1409638641123512,0.22814297771935052
2026-03-25,Cancabato Bay,28.61156040430069,33.681752951815724,-0.0952177494764328,-0.005493331700563431,7.171850070357323,1.2155977,0.0,-1.933522888627717,-0.10526217305101243,,1.9363860374219528,0.22501504125677532
2026-03-26,Cancabato Bay,28.736808367073536,33.67870110087097,-0.119022186845541,-0.011597033590078354,7.171850070357323,0.5904326,7.21557851073841,-2.140496977208861,-0.5724938247902728,,2.215733848832767,0.22188710479420015
2026-03-27,Cancabato Bay,28.856196776032448,33.69090850465,-0.1110873743891716,-0.0158696249127388,7.171850070357323,0.35737485,0.0,-1.5460801960607413,-0.7836463599536567,,1.733339433036656,0.21875916833162495
2026-03-28,Cancabato Bay,29.02465894818306,33.71074553579092,-0.09887997061014175,-0.01037629321217537,7.171850070357323,1.1896447,0.0,-1.6466544550708222,-0.361140287068403,,1.685791565214524,0.21563123186904978
2026-03-29,Cancabato Bay,29.01220739632845,33.71990108862519,-0.09033478796482086,-0.0079348124563694,7.171850070357323,0.6270956,0.0,-2.3846319277475443,-0.28103600817262014,,2.401135287467695,0.2125032954064746
2026-03-30,Cancabato Bay,29.051759384572506,33.7336344178766,-0.09338663890957832,-0.01037629321217537,7.171850070357323,0.4197734,0.0,-2.6362532128580565,-0.3826376606724669,,2.6638773586014284,0.20937535894389941
2026-03-31,Cancabato Bay,29.052491828799248,33.7549973744899,-0.08972441777586937,-0.007324442267417908,7.171850070357323,0.42542568,0.0,-2.4425836674581642,-0.20370512918501812,0.20624742248132424,2.4510631881266667,0.20624742248132424
2026-04-01,Cancabato Bay,29.234870441257954,33.78093810752034,-0.09460737928748131,-0.0079348124563694,7.171850070357323,1.9651138,0.0,-1.823273302969577,-0.24715826593444426,,1.839949114986964,0.20884176615966699
2026-04-02,Cancabato Bay,29.32349619269371,33.802301064133644,-0.10132145136594772,-0.007324442267417908,7.171850070357323,0.76511544,0.0,-2.320944884986023,-0.24976972799483999,0.21143610983800973,2.3343457490623365,0.21143610983800973
2026-04-03,Cancabato Bay,29.432630382478237,33.83129364810884,-0.10681478306651115,-0.01037629321217537,7.171850070357323,0.33135283,0.0,-2.0560265530282007,-0.08258970691414788,,2.0576846810056173,0.19932585447079157
2026-04-04,Cancabato Bay,29.721945852041245,33.86486400850117,-0.11841181665658951,-0.0048829615116119385,7.171850070357323,1.317655,0.0,-1.8923797554550117,0.32497239134883904,,1.9200802571754527,0.1872155991035734
2026-04-05,Cancabato Bay,29.771752059459686,33.886226965114474,-0.1355021819472313,-0.003662221133708954,7.171850070357323,1.1840373,0.0,-2.9377872478496556,0.3122983694517136,0.17510534373635525,2.9543398899230016,0.17510534373635525
2026-04-06,Cancabato Bay,29.865504920482635,33.91827140003443,-0.13733329251408577,-0.008545182645320892,7.171850070357323,0.7924386,0.0,-2.6366658399110032,0.22672886368197914,,2.6463961776310283,0.18312956269574515
2026-04-07,Cancabato Bay,30.08011107891798,33.944212133064866,-0.13000885024666786,-0.008545182645320892,7.171850070357323,1.5974059,0.0,-1.9506455269661753,-0.1969379250241582,,1.9605617863729694,0.19115378165513505
2026-04-08,Cancabato Bay,30.136509284377098,33.96099731326103,-0.11474959552288055,-0.0158696249127388,7.171850070357323,0.67808986,0.0,-2.1504515570563236,-0.5401843558505546,,2.217259803800999,0.19917800061452495
2026-04-09,Cancabato Bay,30.162877276539803,33.98388619534671,-0.10681478306651115,-0.008545182645320892,7.171850070357323,0.46077934,0.0,-2.5374259657935814,-0.1887939660866945,,2.544439760244725,0.20720221957391483
2026-04-10,Cancabato Bay,30.332071892917156,34.00982692837715,-0.09887997061014175,-0.011597033590078354,7.171850070357323,1.4840713,0.0,-1.516722357721961,-0.3091062353069829,0.21522643853330473,1.5478996657145838,0.21522643853330473
2026-04-11,Cancabato Bay,30.42728964239359,34.03729358687997,-0.08789330720901489,-0.008545182645320892,7.171850070357323,1.6683432,0.0,-1.2135223737625471,-0.5023205392105693,,1.3133782683351678,0.21095653596325203
2026-04-12,Cancabato Bay,30.466109186410904,34.064760245382786,-0.079348124563694,-0.009765923023223877,7.171850070357323,1.9476879,0.0,-1.2493181755152276,-0.3891575314701774,,1.3085256925153053,0.20668663339319934
2026-04-13,Cancabato Bay,30.53862116485834,34.076967649161816,-0.07995849475264549,-0.0238044373691082,7.171850070357323,0.8816308,0.0,-0.8792180030278176,-1.1322027242990533,,1.4334947874891006,0.20241673082314662
2026-04-14,Cancabato Bay,30.540818497538567,34.102908382192254,-0.06958220154047012,-0.022583696991205215,7.171850070357323,1.2273202,0.0,-0.8963137049684903,-1.1508440738132961,,1.4587050215672546,0.19814682825309393
2026-04-15,Cancabato Bay,30.571581155061722,34.12274541333318,-0.06469924002885818,-0.01892147585749626,7.171850070357323,0.4390241,0.0,-0.9078573397440127,-0.8924396750171899,0.19387692568304124,1.2730489082795928,0.19387692568304124
2026-04-16,Cancabato Bay,30.653614908456802,34.1425824444741,-0.06286812946200371,-0.0158696249127388,7.171850070357323,0.49758434,0.0,-1.19807144565102,-0.8168655106034945,,1.4500498099368286,0.17140087121445263
2026-04-17,Cancabato Bay,30.68877223134041,34.1639454010874,-0.06042664870619774,-0.015259254723787308,7.171850070357323,1.2148374,0.0,-0.972099366323533,-0.8407605879850382,,1.2852453245647546,0.14892481674586402
2026-04-18,Cancabato Bay,30.739310882985592,34.18836020864546,-0.05005035549402237,-0.009155552834272385,7.171850070357323,0.58968693,0.0,-0.8538810992576862,-0.33357944728651284,,0.916726883712641,0.12644876227727542
2026-04-19,Cancabato Bay,30.77593309432268,34.20667131431401,-0.046388134360313416,-0.001831110566854477,7.171850070357323,1.2414771,0.0,-1.2751256022339854,-0.19664646445204084,,1.2901996486800296,0.10397270780868682
2026-04-20,Cancabato Bay,30.78691975772381,34.21582686714828,-0.05859553813934326,-0.009765923023223877,7.171850070357323,1.240644,0.0,-2.0303423310515782,-0.36236322358453704,0.08149665334009822,2.062425050048252,0.08149665334009822
2026-04-21,Cancabato Bay,30.633838914334774,34.234137972816825,-0.06958220154047012,-0.010986663401126862,7.171850070357323,0.55195355,0.0,-3.179461084769211,-0.7493648279013385,,3.266576255784856,0.1410015465969566
2026-04-22,Cancabato Bay,30.499801620841026,34.26007870584726,-0.06591998040676117,-0.004272591322660446,7.171850070357323,0.74627554,0.0,-2.862149152449522,0.26484260712740576,0.200506439853815,2.8743763458213953,0.200506439853815
2026-04-23,Cancabato Bay,30.462446965277195,34.27228610962629,-0.06164738908410072,0.0030518509447574615,7.171850070357323,0.7704537,0.0,-2.7519386050937413,0.9495950538805324,,2.911167609836242,0.2050034607739385
2026-04-24,Cancabato Bay,30.5466780513525,34.282967587932944,-0.07019257172942162,0.001831110566854477,7.171850070357323,0.8503699,0.0,-2.7858343606844445,0.5651443965387114,,2.842580038294298,0.20950048169406202
2026-04-25,Cancabato Bay,30.592822037637234,34.295174991711974,-0.08301034569740295,-0.005493331700563431,7.171850070357323,0.52573943,0.0,-3.2617098402277542,0.05617063016312093,0.21399750261418551,3.262193467826745,0.21399750261418551
2026-04-26,Cancabato Bay,30.54594560712576,34.27991573698819,-0.07873775437474251,-0.005493331700563431,7.171850070357323,0.8907569,13.158720280034856,-3.064175450022543,0.11510752315305349,,3.0663367281509193,0.23765082811945504
2026-04-27,Cancabato Bay,30.41996520012617,34.23871574923396,-0.07812738418579102,-0.0012207403779029846,7.171850070357323,0.5161747,0.0,-3.090798718352658,0.4703897655519666,,3.126388211484055,0.26130415362472453
2026-04-28,Cancabato Bay,30.41557053476572,34.2432935256511,-0.08423108607530594,-0.003662221133708954,7.171850070357323,0.8174582,0.0,-3.0295588557399107,0.19659538119239653,,3.0359309287759335,0.28495747912999403
2026-04-29,Cancabato Bay,30.469771407544613,34.257026854902506,-0.08056886494159698,-0.009765923023223877,7.171850070357323,1.5980846,0.0,-2.6503681517495497,-0.4102779158435593,,2.681935738983553,0.3086108046352636
2026-04-30,Cancabato Bay,30.428754530847073,34.25550092943013,-0.07446516305208206,-0.006714072078466415,7.171850070357323,1.5720309,25.821389088615444,-2.7468650678366764,-0.19631850859892505,,2.7538715761124184,0.3322641301405331
2026-05-01,Cancabato Bay,30.50199895352125,34.26007870584726,-0.07446516305208206,-0.005493331700563431,7.171850070357323,0.4300621,5.777507739326063,-2.837604627567396,-0.01775042920939834,,2.8376601452832615,0.35591745564580257
2026-05-02,Cancabato Bay,30.511520728468895,34.22650834545493,-0.07080294191837311,-0.009155552834272385,7.171850070357323,0.38354537,15.043715071754335,-2.468036981178613,0.014542478533643696,,2.468079825319097,0.3795707811510721
2026-05-03,Cancabato Bay,30.413373202085495,34.21277501620352,-0.06775109097361565,-0.001831110566854477,7.171850070357323,1.1987133,7.572128449766018,-2.4881099697402953,0.4436000996138268,,2.527344905211485,0.40322410665634156
2026-05-04,Cancabato Bay,30.58256781846285,34.22956019639969,-0.07873775437474251,-0.009155552834272385,7.171850070357323,1.7339457,1.56161856479919,-2.3666701207785494,-0.22277468339651724,,2.3771318895148354,0.4268774321616111
2026-05-05,Cancabato Bay,30.64409313350916,34.23718982376158,-0.07385479286313057,-0.007324442267417908,7.171850070357323,1.1268977,3.9335295209488557,-2.478484033244013,-0.34232830494594074,0.4505307576668806,2.5020135434111204,0.4505307576668806
2026-05-06,Cancabato Bay,30.772270873188972,34.24939722754061,-0.08545182645320892,-0.0158696249127388,7.171850070357323,1.9210044,1.0455878017047726,-2.443812904965936,-0.584003143978053,,2.512624362425529,0.40449133099721174
2026-05-07,Cancabato Bay,30.71367533504963,34.23871574923396,-0.09704886004328728,-0.006103701889514923,7.171850070357323,1.5012441,23.738625307052665,-3.1910689643195442,0.12204063117683113,,3.193401799132306,0.35845190432754287
2026-05-08,Cancabato Bay,30.846980184316635,34.24939722754061,-0.11047700420022011,-0.0048829615116119385,7.171850070357323,1.2991949,0.0,-2.6159454560714934,0.17510357771054189,,2.6217993615202757,0.31241247765787405
2026-05-09,Cancabato Bay,30.945860154926777,34.25550092943013,-0.11291848495602608,-0.01831110566854477,7.171850070357323,1.2817518,0.0,-2.5425415435600676,-0.8381035804032563,,2.6771132049679127,0.2663730509882052
2026-05-10,Cancabato Bay,31.084292113780975,34.26770833320916,-0.10193182155489922,-0.021973326802253723,7.171850070357323,0.513096,0.0,-1.7238398909045571,-0.9141700471568311,,1.9512382849340975,0.2203336243185363
2026-05-11,Cancabato Bay,31.224188961088657,34.27381203509867,-0.07202368229627609,-0.04455702379345894,7.171850070357323,0.36945945,0.0,-0.21432336149438197,-1.3427715733299683,,1.3597683631506103,0.17429419764886744
2026-05-12,Cancabato Bay,31.553788863122463,34.2860194388777,-0.040894802659749985,-0.04028443247079849,7.171850070357323,1.283338,0.0,0.4373207925015328,-0.30286796650894254,0.12825477097919857,0.5319572169746648,0.12825477097919857
2026-05-13,Cancabato Bay,31.87606432288885,34.28907128982246,-0.07629627361893654,-0.02075258642435074,7.171850070357323,0.85405827,0.0,-0.2346599109179981,0.26933077403870653,,0.3572174962628953,0.19712466247502342
2026-05-14,Cancabato Bay,32.08114870637655,34.30280461907387,-0.08117923513054848,0.004272591322660446,7.171850070357323,1.9022096,0.0,-0.29265384052829124,0.24391282373059567,,0.38097209340867894,0.26599455397084826
2026-05-15,Cancabato Bay,32.12436291575432,34.318063873797655,-0.09887997061014175,0.0,7.171850070357323,0.9507618,0.0,-1.321846854689491,0.27578343475462525,0.33486444546667316,1.3503094497697774,0.33486444546667316
2026-05-16,Cancabato Bay,32.23496199399233,34.33942683041096,-0.09216589853167534,-0.014038514345884323,7.171850070357323,1.3494035,0.0,-1.078569736070957,-0.14800418152988687,,1.0886771391549037,0.3021276892206356
2026-05-17,Cancabato Bay,32.23203221708536,34.3577379360795,-0.08667256683111191,-0.008545182645320892,7.171850070357323,0.9284869,0.0,-1.0419779438486716,0.2600947782882617,,1.0739494071695954,0.26939093297459804
2026-05-18,Cancabato Bay,32.417340606451035,34.36994533985853,-0.08484145626425743,-0.01037629321217537,7.171850070357323,1.67899,0.0,-0.7559903840816001,0.10700875307291531,,0.7635262497505017,0.23665417672856054
2026-05-19,Cancabato Bay,32.42320016026497,34.36841941438615,-0.11047700420022011,-0.01037629321217537,7.171850070357323,2.1365144,14.475836472008556,-0.7599932219145562,0.3812619723081865,,0.8502648933622958,0.20391742048252298
2026-05-20,Cancabato Bay,32.35068818181753,34.38062681816518,-0.12146366760134697,-0.006714072078466415,7.171850070357323,0.8982268,0.0,-2.3891458400652303,0.9053836544051845,0.17118066423648542,2.5549437189036244,0.17118066423648542
2026-05-21,Cancabato Bay,32.295022420585155,34.391308296471834,-0.12085329741239548,-0.009765923023223877,7.171850070357323,1.816188,0.0,-2.2530021953869155,0.045592379503917625,,2.2534634582098487,0.19812555827106296
2026-05-22,Cancabato Bay,32.2554704323411,34.38520459458232,-0.11780144646763802,-0.016479995101690292,7.171850070357323,0.34410632,9.262830092884101,-2.0713622757842725,0.06587505494785463,,2.07240951561379,0.2250704523056405
2026-05-23,Cancabato Bay,32.073824264109135,34.3577379360795,-0.09887997061014175,-0.010986663401126862,7.171850070357323,0.2639209,22.301132902931485,-1.7125867397302181,0.18470275096404248,,1.722518054277941,0.25201534634021805
2026-05-24,Cancabato Bay,32.077486485242844,34.353160159662366,-0.10559404268860817,-0.0048829615116119385,7.171850070357323,1.1085879,0.0,-1.975689332626741,0.30996730361201796,,1.9998570119795072,0.2789602403747956
2026-05-25,Cancabato Bay,32.1836908981204,34.36078978702426,-0.09826960042119026,-0.0012207403779029846,7.171850070357323,1.1167786,0.0,-1.3729153093605457,0.41810927266583325,0.3059051344093731,1.43516961038259,0.3059051344093731
2026-05-26,Cancabato Bay,32.25180821120739,34.36841941438615,-0.08606219664216042,0.0012207403779029846,7.171850070357323,1.3115466,4.308338872921734,-1.2523388874726313,0.5474289247030804,,1.3667593484874208,0.29527100856484767
2026-05-27,Cancabato Bay,32.34922329336405,34.331797203049064,-0.079348124563694,-0.009155552834272385,7.171850070357323,0.5482205,3.3948692879356903,-0.3140758589636401,0.3014165096950465,,0.4353108745488589,0.2846368827203222
2026-05-28,Cancabato Bay,32.47666858881712,34.342478681355715,-0.03234962001442909,-0.043336283415555954,7.171850070357323,1.2943715,2.804556142027005,1.2272606208820658,-0.509226744322007,,1.3287138550871758,0.2740027568757968
2026-05-29,Cancabato Bay,32.33896907418966,34.34705645777285,0.030518509447574615,-0.016479995101690292,7.171850070357323,1.294369,2.6576300082496185,2.751037376007931,-0.05067902383476077,,2.7515041354956105,0.2633686310312713
2026-05-30,Cancabato Bay,32.10385447740555,34.35621201060712,0.04028443247079849,0.005493331700563431,7.171850070357323,0.73918724,1.5969305824928772,2.8655698872736086,0.9567638741929638,,3.0210739629823715,0.25273450518674584
2026-05-31,Cancabato Bay,32.04013182967901,34.36078978702426,0.0317392498254776,0.009155552834272385,7.171850070357323,0.75794595,4.08712167290453,1.3894728345335647,1.4393556542362398,,2.0005947758825555,0.2421003793422204
2026-06-01,Cancabato Bay,32.24375132471323,34.33790090493858,-0.019531846046447754,0.02624591812491417,7.171850070357323,1.9668767,25.16363948297958,0.1299303468531069,1.2340034993533644,,1.2408249398886684,0.23146625349769495
2026-06-02,Cancabato Bay,32.28476820141077,34.29975276812911,-0.0048829615116119385,-0.005493331700563431,7.171850070357323,0.50599957,7.585998010330689,-0.43257124678976794,0.6851075911637567,,0.8102408870326525,0.2208321276531695
2026-06-03,Cancabato Bay,32.14047668874264,34.2432935256511,-0.05493331700563431,0.006103701889514923,7.171850070357323,2.1028426,8.888280990405587,-0.5829671655744348,0.7564050737664285,,0.9549865715063677,0.21019800180864404
2026-06-04,Cancabato Bay,32.180761121213436,34.28449351340532,-0.027466658502817154,0.0,7.171850070357323,2.3344004,5.983759911677328,-0.1924576692147188,0.589413178327811,0.1995638759641186,0.6200385868847632,0.1995638759641186
2026-06-05,Cancabato Bay,32.30161441862583,34.295174991711974,-0.06408886983990669,0.01342814415693283,7.171850070357323,2.3344026,1.2441709650972022,-0.6377741416460594,1.0463043320782057,,1.2253606045070928,0.22630490622382593
2026-06-06,Cancabato Bay,32.34995573759079,34.29975276812911,-0.09338663890957832,0.006714072078466415,7.171850070357323,2.1618438,8.05025695992735,-1.399838216036565,0.9640906319438682,,1.6997110865315788,0.2530459364835333
2026-06-07,Cancabato Bay,32.27524642646313,34.32569350115955,-0.11474959552288055,0.0079348124563694,7.171850070357323,0.47717652,0.0,-2.2774493194777468,1.8191316756179963,,2.914792523667232,0.27978696674324066
2026-06-08,Cancabato Bay,32.196874894201756,34.35621201060712,-0.10864589363336563,0.0079348124563694,7.171850070357323,2.0645082,0.0,-1.4944690476115956,1.760236385623697,,2.3090842053815805,0.30652799700294797
2026-06-09,Cancabato Bay,32.27744375914335,34.37452311627567,-0.08606219664216042,0.012817773967981339,7.171850070357323,2.0643923,0.0,-0.3741524877931538,1.0982447225961052,0.33326902726265534,1.1602290958392667,0.33326902726265534
2026-06-10,Cancabato Bay,32.49351480603218,34.379100892692804,-0.07385479286313057,0.01037629321217537,7.171850070357323,2.8176382,0.0,-0.3032539906967703,0.578195944067016,,0.6528962648147596,0.30001967032144417
2026-06-11,Cancabato Bay,32.662709422409534,34.28907128982246,-0.08789330720901489,-0.004272591322660446,7.171850070357323,0.27110988,9.614142617478539,-0.5319196322576145,0.33936227169288014,,0.6309558198714298,0.26677031338023294
2026-06-12,Cancabato Bay,32.532334350049496,34.35163423418999,-0.09033478796482086,0.005493331700563431,7.171850070357323,0.5241361,6.106434790090251,-1.6333310658068714,0.7769891324619357,,1.8087239929004542,0.23352095643902177
2026-06-13,Cancabato Bay,32.450300596654415,34.3363749794662,-0.08545182645320892,0.006714072078466415,7.171850070357323,0.49491942,0.0,-1.8592220732895322,1.1580641773893146,,2.19039251203053,0.2002715994978106
2026-06-14,Cancabato Bay,32.368999287486076,34.3363749794662,-0.07263405248522758,0.004272591322660446,7.171850070357323,2.4159625,0.0,-0.9477566296136193,0.6903225822354,0.16702224255659942,1.1725134952403395,0.16702224255659942
2026-06-15,Cancabato Bay,32.45908992737532,34.342478681355715,-0.08484145626425743,0.0079348124563694,7.171850070357323,3.0838,0.0,-1.4508041012614836,0.5575745147049468,,1.5542592704197065,0.18416584555365256
2026-06-16,Cancabato Bay,32.426129937171936,34.36231571249664,-0.09582811966538429,0.0030518509447574615,7.171850070357323,1.7767555,0.0,-2.1601273225399664,0.7928240997572643,,2.3010258805019124,0.2013094485507057
2026-06-17,Cancabato Bay,32.31772819161415,34.35163423418999,-0.10071108117699623,-0.004272591322660446,7.171850070357323,1.8660413,16.8518667023022,-1.9629878583640639,0.45033244553546375,,2.0139812917668043,0.21845305154775888
2026-06-18,Cancabato Bay,32.176366455852985,34.34705645777285,-0.09460737928748131,-0.007324442267417908,7.171850070357323,0.5137697,0.0,-1.9078982219488965,0.3085002097281609,,1.9326789709411336,0.23559665454481202
2026-06-19,Cancabato Bay,32.098727367818356,34.244819451123476,-0.08911404758691788,-0.036011841148138046,7.171850070357323,0.37511063,14.02745840877009,-0.2720507866076714,-0.6056371276828593,,0.6639337022036137,0.25274025754186513
2026-06-20,Cancabato Bay,32.30234686285257,34.258552780374885,-0.07019257172942162,-0.035401470959186554,7.171850070357323,0.30692843,10.506697196168261,-0.123307680802798,0.05286539999820203,,0.13416234442620112,0.26988386053891833
2026-06-21,Cancabato Bay,32.35508284717798,34.20514538884163,-0.009155552834272385,-0.04150517284870148,7.171850070357323,0.3177821,0.22956137459118145,1.3370502627895513,-0.0385651737141758,0.28702746353597147,1.3376063239418439,0.28702746353597147
2026-06-22,Cancabato Bay,32.07309181988239,34.22498241998255,0.032959990203380585,0.008545182645320892,7.171850070357323,0.33896163,0.8005489830772717,2.013349833128275,1.4879561358936726,,2.5035157305080555,0.2786370054261447
2026-06-23,Cancabato Bay,31.897305205464363,34.24024167470634,0.017090365290641785,0.014038514345884323,7.171850070357323,0.37685865,10.514273678532804,2.3301010488720304,2.162239727563081,,3.178781454804121,0.27024654731631803
2026-06-24,Cancabato Bay,31.766197688877583,34.257026854902506,0.01831110566854477,0.007324442267417908,7.171850070357323,1.9730715,0.0,1.5864639440841837,1.2288396636617462,,2.0067174103165244,0.2618560892064913
2026-06-25,Cancabato Bay,32.073824264109135,34.27533796057105,0.023194067180156708,0.0024414807558059692,7.171850070357323,1.969646,0.0,1.3846572356952147,0.4524990195461388,,1.4567192670701277,0.2534656310966646
2026-06-26,Cancabato Bay,32.14633624255657,34.23108612187207,0.014648884534835815,-0.008545182645320892,7.171850070357323,0.4639707,1.566099734352039,1.0904155302939937,0.3176219290689058,,1.1357331194130884,0.24507517298683787
2026-06-27,Cancabato Bay,32.15805535018444,34.1715750284493,-0.03662221133708954,-0.0158696249127388,7.171850070357323,0.2581219,8.102696237472681,0.3030737812785084,0.053270154942208284,,0.307719720372322,0.23668471487701115
2026-06-28,Cancabato Bay,32.196874894201756,34.15173799730837,-0.02075258642435074,-0.04028443247079849,7.171850070357323,0.9886994,25.40721607817629,0.9215889809780954,-0.7759719552000226,,1.204765008255631,0.2282942567671844
2026-06-29,Cancabato Bay,31.783776350319386,34.150212071835995,-0.03234962001442909,-0.010986663401126862,7.171850070357323,0.98870647,12.488369100771775,1.270141481279253,-0.5973255420067097,,1.4035872561404454,0.2199037986573577
2026-06-30,Cancabato Bay,31.74495680630207,34.11053800955415,-0.02624591812491417,0.01831110566854477,7.171850070357323,0.25324124,11.363511173869856,-0.5493206073516895,1.3201728202531673,,1.4298983897453799,0.21151334054753096
2026-07-01,Cancabato Bay,31.636555060744286,34.07544172368944,-0.029908139258623123,0.0012207403779029846,7.171850070357323,0.36909467,9.489240190091607,-0.6787052595138992,0.9256113039535748,,1.1477792101699988,0.20312288243770427
2026-07-02,Cancabato Bay,31.59700307250023,34.066286170855165,-0.07263405248522758,-0.005493331700563431,7.171850070357323,0.91910946,7.028420461252475,-1.1323467205291697,0.1336771041863949,,1.1402099208816006,0.19473242432787752
2026-07-03,Cancabato Bay,31.67171238362789,34.08307135105133,-0.08423108607530594,-0.01037629321217537,7.171850070357323,2.1039941,2.135026550140625,-1.2218064538709397,0.08058666334771263,,1.2244611962125211,0.1863419662180508
2026-07-04,Cancabato Bay,31.81014434248209,34.08764912746847,-0.06775109097361565,-0.0079348124563694,7.171850070357323,0.9178215,0.0,-0.6858321331092023,0.24745443366256267,0.17795150810822408,0.7291086417978999,0.17795150810822408
2026-07-05,Cancabato Bay,32.20273444801569,34.06781209632754,-0.024414807558059692,-0.03723258152604103,7.171850070357323,1.9082539,0.0,0.4428175994280883,0.058436952140651255,,0.4466568075589396,0.18396004731072346
2026-07-06,Cancabato Bay,32.089938037097454,34.09680468030274,0.004272591322660446,-0.06103701889514923,7.171850070357323,0.5588281,0.5237680654556226,1.4031278253785735,-0.6927047170153061,,1.564802709394018,0.18996858651322285
2026-07-07,Cancabato Bay,32.004242062568665,34.113589860498905,0.036011841148138046,-0.03662221133708954,7.171850070357323,1.9140254,4.397971368826236,2.930289722089267,-0.6433006970869749,,3.0000722728385365,0.19597712571572223
2026-07-08,Cancabato Bay,31.570635080337524,34.136478742584586,0.04577776417136192,0.004272591322660446,7.171850070357323,0.9043017,11.51980792523954,3.996454426586341,0.29135392868207666,,4.007060655335783,0.20198566491822162
2026-07-09,Cancabato Bay,30.970763258635998,34.162419475615025,0.062257759273052216,0.019531846046447754,7.171850070357323,0.9043017,11.793977690200077,3.9355516206807866,1.9811859173542306,,4.406093984263827,0.20799420412072103
2026-07-10,Cancabato Bay,30.614795364439487,34.18225650675595,0.05615405738353729,0.021973326802253723,7.171850070357323,0.9224663,8.255945542369027,2.860952082999889,3.2640839566752664,,4.340425197771097,0.21400274332322042
2026-07-11,Cancabato Bay,30.33719900250435,34.19446391053498,0.01342814415693283,0.014648884534835815,7.171850070357323,1.560531,3.884506400781699,0.7581346255853398,2.546821534674943,,2.6572670245941516,0.2200112825257198
2026-07-12,Cancabato Bay,30.519577614963055,34.20514538884163,-0.01892147585749626,0.023194067180156708,7.171850070357323,1.5739272,12.879749681241217,0.18789861383435913,1.347261355693744,,1.3603010878576178,0.2260198217282192
2026-07-13,Cancabato Bay,30.87334817647934,34.20819723978639,-0.012207403779029846,-0.0006103701889514923,7.171850070357323,1.5739301,0.0,0.32288344690116233,0.35424084260243976,,0.47931231451994033,0.23202836093071857
2026-07-14,Cancabato Bay,31.071108117699623,34.20514538884163,-0.032959990203380585,-0.0030518509447574615,7.171850070357323,1.5998979,0.0,-0.12722022210127987,0.5659463055884487,,0.5800691387418511,0.23803690013321796
2026-07-15,Cancabato Bay,31.23297829180956,34.22956019639969,-0.025635547935962677,-0.011597033590078354,7.171850070357323,1.2481986,0.22970716793316243,0.540222955757929,0.14951083205208324,,0.5605304013421034,0.24404543933571737
2026-07-16,Cancabato Bay,31.46589555591345,34.232612047344446,-0.008545182645320892,-0.027466658502817154,7.171850070357323,0.45334923,6.282252440437342,1.260862212997299,-0.2352285026319861,,1.282616844039923,0.25005397853821676
2026-07-17,Cancabato Bay,31.402172908186913,34.246345376595855,0.014038514345884323,-0.03784295171499252,7.171850070357323,0.5090194,0.0,1.8076670865424376,-0.08583624573881837,,1.8097038865105417,0.25606251774071614
2026-07-18,Cancabato Bay,31.56917019188404,34.2646564822644,-0.016479995101690292,-0.04211554303765297,7.171850070357323,0.3537061,6.125076740313643,1.4292102561698663,-0.1275975180432273,,1.4348947985660574,0.26207105694321553
2026-07-19,Cancabato Bay,31.726645700633526,34.2646564822644,-0.04577776417136192,-0.05005035549402237,7.171850070357323,0.502916,3.9847658636470955,1.3678827309999488,-0.18095551012955194,0.2680795961457149,1.3798000081222368,0.2680795961457149
2026-07-20,Cancabato Bay,31.63801994919777,34.21735279262066,-0.06408886983990669,-0.06958220154047012,7.171850070357323,0.81842244,3.141126220218671,1.0517072582883744,-0.43096136410700653,,1.1365807734118245,0.18991762984481855
2026-07-21,Cancabato Bay,31.610919512808323,34.22956019639969,-0.04577776417136192,-0.08667256683111191,7.171850070357323,1.9204322,9.61048582948435,1.2324019172335365,-0.8390952974082857,0.11175566354392218,1.4909377598456603,0.11175566354392218
2026-07-22,Cancabato Bay,31.455641336739063,34.20667131431401,-0.04150517284870148,-0.07202368229627609,7.171850070357323,0.6008909,3.8140540534315024,1.478241640471179,-0.8056717212218337,,1.6835395065158032,0.1304291608223758
2026-07-23,Cancabato Bay,31.081362336874008,34.029663959518075,0.009765923023223877,-0.04028443247079849,7.171850070357323,0.5920982,4.805242914742175,1.6118668741044229,0.817714935528761,,1.8074215157571765,0.1491026581008294
2026-07-24,Cancabato Bay,30.892391726374626,34.11053800955415,-0.005493331700563431,0.003662221133708954,7.171850070357323,0.87416846,1.623962892891881,0.9059531797187435,1.8259108378832656,,2.038308502592792,0.16777615537928303
2026-07-25,Cancabato Bay,31.032288573682308,34.13342689163983,-0.03479110077023506,0.01831110566854477,7.171850070357323,0.9275657,0.0,-0.16464381307177633,1.2288597109797483,,1.2398402213398485,0.18644965265773666
2026-07-26,Cancabato Bay,31.305490270256996,34.01287877932191,-0.02136295661330223,-0.028077028691768646,7.171850070357323,0.9047436,7.098830507967039,0.49449986127155926,-0.18215721246688962,,0.5269832661966591,0.20512314993619027
2026-07-27,Cancabato Bay,31.297433383762836,34.113589860498905,-0.005493331700563431,-0.06286812946200371,7.171850070357323,1.1649145,4.3865767454567814,0.5917071450194467,-0.4254868402578011,,0.7288047726926821,0.22379664721464387
2026-07-28,Cancabato Bay,30.90997038781643,33.935056580230594,0.0030518509447574615,-0.07568590342998505,7.171850070357323,1.1653538,16.471617678864696,1.4423527205395188,-0.7976040200455745,,1.6481970583763983,0.2424701444930975
2026-07-29,Cancabato Bay,30.99566636234522,34.00067137554288,-0.017700735479593277,-0.04943998530507088,7.171850070357323,0.84963477,5.917386780150783,0.8595039722797752,0.16060079366732866,0.26114364177155114,0.87437960480062,0.26114364177155114
2026-07-30,Cancabato Bay,30.95977659523487,33.919797325506806,-0.017090365290641785,-0.06958220154047012,7.171850070357323,1.0691822,20.378771711843083,0.9934067332901563,-0.32904881713957074,,1.0464846209128782,0.2431406735063178
2026-07-31,Cancabato Bay,30.77080598473549,33.87096771039069,0.05615405738353729,-0.06286812946200371,7.171850070357323,1.0723052,9.118075028014259,2.4117656790596094,-0.6563347592368142,,2.4994777468247853,0.22513770524108445
2026-08-01,Cancabato Bay,30.55400249361992,33.919797325506806,0.03662221133708954,-0.025025177747011185,7.171850070357323,0.8952807,0.0,2.117148575812516,-0.08907194494457603,,2.119021449500022,0.2071347369758511
2026-08-02,Cancabato Bay,30.830133967101574,33.98693804629147,0.03784295171499252,-0.009155552834272385,7.171850070357323,0.98330754,0.0,1.8793528202803256,0.8071753266612773,,2.0453603670420413,0.18913176871061776
2026-08-03,Cancabato Bay,31.02423168718815,34.031189884990454,0.02685628831386566,-0.004272591322660446,7.171850070357323,1.5228642,0.0,2.0356987582863444,1.2800697718296683,0.17112880044538442,2.4047137158590464,0.17112880044538442
2026-08-04,Cancabato Bay,31.167058311402798,34.078493574634194,0.014648884534835815,-0.0006103701889514923,7.171850070357323,0.98240656,0.0,2.308512139799524,1.2675429688063966,,2.6336084517961873,0.13204656394990189
2026-08-05,Cancabato Bay,31.254951618611813,34.1212194878608,0.02136295661330223,0.005493331700563431,7.171850070357323,0.28757447,0.0,2.881777517292731,1.6969935600739425,,3.3443129043357005,0.09296432745441936
2026-08-06,Cancabato Bay,31.243964955210686,34.16547132655978,0.05005035549402237,0.014038514345884323,7.171850070357323,0.23600072,0.0,3.68781069735507,2.1014366889005442,,4.244523989446139,0.05388209095893684
2026-08-07,Cancabato Bay,31.083559669554234,34.2143009416759,0.07019257172942162,0.015259254723787308,7.171850070357323,0.2353614,17.692901020232867,3.811873766202304,2.2185490203526097,,4.410480854189128,0.014799854463454304
2026-08-08,Cancabato Bay,30.879940174520016,34.25550092943013,0.08545182645320892,0.01831110566854477,7.171850070357323,0.25914648,0.0,3.4100220222675817,2.8648875635087174,,4.453743475313414,-0.024282382032028232
2026-08-09,Cancabato Bay,30.830133967101574,34.28907128982246,0.08056886494159698,0.02075258642435074,7.171850070357323,0.33349207,21.05964542425479,2.647151984912911,3.336905701299771,,4.259384144520811,-0.06336461852751074
2026-08-10,Cancabato Bay,30.88506728410721,34.318063873797655,0.06103701889514923,0.017090365290641785,7.171850070357323,0.3486882,0.0,2.176201320955731,2.6115165410512153,-0.10244685502299325,3.399392715399851,-0.10244685502299325
2026-08-11,Cancabato Bay,31.072573006153107,34.340952755883336,0.04211554303765297,0.014038514345884323,7.171850070357323,0.77700526,0.0,1.979873776628614,1.81499333625634,,2.685907850622685,-0.07933741632872611
2026-08-12,Cancabato Bay,31.292306274175644,34.35926386155188,0.028077028691768646,0.01342814415693283,7.171850070357323,0.31664807,0.0,1.6528415107154273,1.7300999347980206,,2.392724564995347,-0.05622797763445896
2026-08-13,Cancabato Bay,31.5684377476573,34.37604904174805,0.003662221133708954,0.017090365290641785,7.171850070357323,0.90670055,0.0,1.1628524743263209,1.3801696964708041,-0.03311853894019181,1.8047421611142014,-0.03311853894019181
2026-08-14,Cancabato Bay,31.869472324848175,34.38825644552708,-0.0012207403779029846,-0.01037629321217537,7.171850070357323,0.9313399,0.0,1.42862286460843,0.8854796827238738,,1.6807848041313227,-0.017495944287214044
2026-08-15,Cancabato Bay,31.87899409979582,34.401989774778485,0.017700735479593277,-0.04516739398241043,7.171850070357323,1.3119498,0.0,2.1456625720980433,0.8022972026744762,,2.2907528619913764,-0.0018733496342362814
2026-08-16,Cancabato Bay,31.696615487337112,34.42182680591941,0.012207403779029846,-0.012817773967981339,7.171850070357323,1.2187455,0.05326795542892367,2.6786712572463913,1.4478286898254553,,3.0449117588987136,0.01374924501874148
2026-08-17,Cancabato Bay,31.510574653744698,34.44776753894985,0.025025177747011185,0.006714072078466415,7.171850070357323,1.5932581,13.722538367627912,3.330753408807837,2.1218312792316487,,3.949188049183128,0.029371839671719246
2026-08-18,Cancabato Bay,31.117984548211098,34.47065642103553,-0.010986663401126862,0.009155552834272385,7.171850070357323,0.8995507,0.8607599546258061,1.7423848614568216,2.2407625800992137,,2.8384717623761544,0.04499443432469701
2026-08-19,Cancabato Bay,31.383861802518368,34.49659715406597,-0.04028443247079849,0.023194067180156708,7.171850070357323,0.8144602,0.8359368245441693,0.28808829249617524,1.4545162948952943,,1.4827719030212627,0.06061702897767477
2026-08-20,Cancabato Bay,31.77718435227871,34.510330483317375,-0.0158696249127388,-0.015259254723787308,7.171850070357323,2.3485057,0.0,1.2768161691730415,0.1584609382338159,,1.286611595940151,0.07623962363065254
2026-08-21,Cancabato Bay,31.742759473621845,34.524063812568784,0.012817773967981339,-0.025025177747011185,7.171850070357323,2.271849,0.5993537883789014,1.9027671395396768,0.14084932340929043,,1.9079730918482207,0.09186221828363031
2026-08-22,Cancabato Bay,31.82186345010996,34.53932306729257,-0.01037629321217537,-0.004272591322660446,7.171850070357323,2.267335,5.0160662244303165,1.9396371162634414,0.4789799350765842,,1.9979023802460238,0.10748481293660805
2026-08-23,Cancabato Bay,31.865810103714466,34.55458232201636,-0.006103701889514923,-0.010986663401126862,7.171850070357323,2.2745967,0.0804390741070322,1.7832121766998696,0.6725967514732468,,1.905841561416649,0.12310740758958583
2026-08-24,Cancabato Bay,31.906826980412006,34.571367502212524,0.0012207403779029846,-0.0048829615116119385,7.171850070357323,2.2707126,0.0,1.8460456366130351,0.7220630407829047,,1.982235991834141,0.1387300022425636
2026-08-25,Cancabato Bay,32.02255316823721,34.58815268240869,0.006103701889514923,-0.0024414807558059692,7.171850070357323,0.6844854,1.9449636513432758,1.7100187699495721,0.8101051416042415,,1.8922036185446522,0.15435259689554134
2026-08-26,Cancabato Bay,32.28678894042969,34.42471694946289,0.034800171852111816,-0.015134882181882858,7.266899108886719,0.572013,1.7687380767097107,2.0420771653560212,1.1230442618134122,,2.3305165872099076,0.16997519154851912
2026-08-27,Cancabato Bay,32.08632278442383,34.432952880859375,0.061129409819841385,0.006528384983539581,7.257707595825195,0.5680754,12.724211605973899,2.10493859387788,1.3704910820255822,,2.511774729132419,0.1855977862014969
2026-08-28,Cancabato Bay,31.777164459228516,34.44023513793945,0.03542855381965637,0.006368226837366819,7.195297718048096,0.29736695,5.008227420310244,1.8695686919277774,1.584280893471644,,2.4505577004542967,0.20122038085447463
2026-08-29,Cancabato Bay,31.80811309814453,34.458213806152344,0.0673004761338234,0.010452507063746452,7.204392910003662,0.3397866,2.2537098372706215,2.215337337812009,1.7825195416481125,,2.843430223631555,0.2168429755074524
2026-08-30,Cancabato Bay,31.78547477722168,34.48025131225586,0.05873261019587517,0.009943922981619835,7.201303958892822,0.36040682,0.7753338619542962,2.2909160903927144,1.3979489771646234,,2.6837581627217935,0.23246557016043015
2026-08-31,Cancabato Bay,31.849050521850586,34.50041198730469,0.06252522766590118,0.009906727820634842,7.208204746246338,0.43140635,0.0,2.2855460875633,1.6423422647255015,,2.814428722295094,0.24808816481340792
2026-09-01,Cancabato Bay,31.957395553588867,34.5196418762207,0.07217217981815338,0.015048347413539886,7.207268714904785,1.5054867,,2.0599170340266837,1.6838367659160576,,2.660557167460218,0.2637107594663857
2026-09-02,Cancabato Bay,31.96919059753418,34.541744232177734,0.07473941892385483,0.018136227503418922,7.206681728363037,0.5820111,,2.269816198368826,2.370068005806141,0.2793333541193635,3.281659325177342,0.2793333541193635
2026-09-03,Cancabato Bay,31.949674606323242,34.563804626464844,0.06838133931159973,0.01415981538593769,7.204799652099609,0.9489928,,2.2143333291423652,2.034983660283114,,3.0073959816043465,
2026-09-04,Cancabato Bay,32.005043029785156,34.58123779296875,0.0642385482788086,0.01229880005121231,7.212310791015625,1.0366023,,2.379772744957529,1.3086797093430849,,2.7158720329369337,
2026-09-05,Cancabato Bay,32.12480163574219,34.57427215576172,0.05803757160902023,0.005705549381673336,7.22547721862793,2.910989,,2.2884142794821662,1.3916662618893072,,2.67835301986479,
2026-09-06,Cancabato Bay,32.1451530456543,34.577232360839844,0.05425912141799927,-0.0023032627068459988,7.233814239501953,2.8983603,,2.3079671156987436,0.7726272332748163,,2.433858058462875,
2026-09-07,Cancabato Bay,32.17967987060547,34.58913040161133,0.05120578780770302,-0.007933036424219608,7.25356388092041,1.3568559,,2.556787411537092,0.7714202270190583,,2.670627460813035,
