Date,Location_Name,thetao,so,uo,vo,mlotst,CHL,precip_mm_day,wind_u_ms,wind_v_ms,NDVI_raw,wind_speed_ms,NDVI_daily
2026-07-01,Gigantes Islands,29.66701253503561,33.3246863912791,0.005493331700563431,0.06530961021780968,10.528886273503304,0.62976015,1.6760247984658116,-0.3689735355089657,2.637908198925319,,2.6635880191695196,
2026-07-02,Gigantes Islands,29.63771476596594,33.30637528561056,-0.0476088747382164,0.0079348124563694,10.528886273503304,0.7079869,0.01416149036669583,-1.6852972743099857,0.10109565685342504,,1.68832675588326,
2026-07-03,Gigantes Islands,29.754905842244625,33.42387154698372,-0.10559404268860817,0.0024414807558059692,10.528886273503304,0.8121921,0.0,-2.2069049588399916,-1.0788624670038274,,2.456496228383453,
2026-07-04,Gigantes Islands,29.837672039866447,33.5688344668597,-0.09399700909852982,0.021973326802253723,10.528886273503304,0.60515696,4.394068295170802,-1.5469414600774871,-0.9706115992224996,,1.8262296562732536,
2026-07-05,Gigantes Islands,30.094027519226074,33.61308630555868,-0.056764427572488785,0.01831110566854477,10.528886273503304,0.6647055,0.20298136383445461,0.028682328548463337,-0.45234690599106064,,0.45325533568910964,
2026-07-06,Gigantes Islands,30.347453221678734,33.524582628160715,-0.008545182645320892,-0.003662221133708954,10.528886273503304,0.5503567,2.9331365209188522,1.7679345436032292,-0.8033247497213547,,1.9418865064623203,
2026-07-07,Gigantes Islands,30.46098207682371,33.48490856587887,0.06408886983990669,-0.006714072078466415,10.528886273503304,0.44610938,0.08711179486990715,3.913550119703539,-0.43648561800344904,-0.061600755234497706,3.937815921822075,-0.061600755234497706
2026-07-08,Gigantes Islands,30.273476354777813,33.45744190737605,0.15381328761577606,0.009765923023223877,10.528886273503304,0.43245232,6.671583399269151,7.320981187037687,1.649627105674552,,7.504534304587857,-0.06114215218504976
2026-07-09,Gigantes Islands,30.011261321604252,33.46201968379319,0.21912289783358574,0.03723258152604103,10.528886273503304,0.4334112,8.350092883435837,8.408507863081478,4.647726081124502,,9.607515922894324,-0.06068354913560181
2026-07-10,Gigantes Islands,29.86330758780241,33.547471510246396,0.1904354989528656,0.07995849475264549,12.817774593830109,0.434603,7.396956113554676,6.77588446216168,7.434622224451508,,10.059136039684143,-0.06022494608615386
2026-07-11,Gigantes Islands,29.443617045879364,33.73516034334898,0.10498367249965668,0.13977477326989174,12.970367148518562,0.76006407,5.669471878442705,5.09839638433664,8.278952793659677,,9.722895918987424,-0.05976634303670591
2026-07-12,Gigantes Islands,29.206305116415024,34.01135285384953,0.04821924492716789,0.11230811476707458,12.512589484453201,0.63454163,2.8973600931049135,2.656035696441804,5.966651210433475,,6.531114168940882,-0.05930773998725796
2026-07-13,Gigantes Islands,29.341074854135513,34.10443430766463,0.0476088747382164,0.09033478796482086,10.528886273503304,0.6352788,3.2041925406604084,1.3392959639455007,3.7157607961140284,,3.9497584702078514,-0.058849136937810013
2026-07-14,Gigantes Islands,29.710226744413376,34.02508618310094,0.03418073058128357,0.046388134360313416,10.528886273503304,0.5910443,0.00763975120415645,0.32785812774095907,1.6817549780585257,-0.058390533888362066,1.7134149404480046,-0.058390533888362066
2026-07-15,Gigantes Islands,30.15335550159216,33.89996029436588,0.046388134360313416,-0.014648884534835815,10.528886273503304,0.45777297,0.48819873102518346,1.2628136895210103,0.574871414869874,,1.3875069578478363,-0.0717791409650455
2026-07-16,Gigantes Islands,30.3415936678648,33.79161958582699,0.06103701889514923,0.0158696249127388,10.528886273503304,0.39469415,0.2737888119975973,2.480376797904521,1.318734906027265,,2.809151261850779,-0.08516774804172891
2026-07-17,Gigantes Islands,30.363566994667053,33.75652329996228,0.09277626872062683,0.0238044373691082,10.528886273503304,0.5221505,0.0,2.98348401259737,2.133972701515185,-0.09855635511841233,3.668108006075628,-0.09855635511841233
2026-07-18,Gigantes Islands,30.424359865486622,33.730582566931844,0.0872829370200634,0.03723258152604103,10.528886273503304,0.5244986,0.0,2.8268126387092933,1.8366018643530968,,3.3710497033582683,-0.12161533319097943
2026-07-19,Gigantes Islands,30.409710980951786,33.72447886504233,0.08911404758691788,0.036011841148138046,10.528886273503304,0.50569624,1.7621118244917495,3.2232367932496957,1.5384876692115361,,3.571582245122535,-0.14467431126354655
2026-07-20,Gigantes Islands,30.543015830218792,33.62681963481009,0.06042664870619774,-0.0030518509447574615,10.528886273503304,0.4660695,1.7521738191569072,2.0715435162261504,0.19725571545324533,,2.0809138273598875,-0.16773328933611364
2026-07-21,Gigantes Islands,30.409710980951786,33.523056702688336,0.04699850454926491,-0.04272591322660446,10.528886273503304,0.48926365,24.19049556210915,1.8440941374505586,-1.354671868047922,,2.288191219688592,-0.19079226740868074
2026-07-22,Gigantes Islands,30.356974996626377,33.439130801707506,0.014038514345884323,-0.017700735479593277,10.528886273503304,0.4217547,38.18090036048652,1.9799618776918855,-1.3602093430220383,-0.21385124548124784,2.4021695389704747,-0.21385124548124784
2026-07-23,Gigantes Islands,29.968779556453228,33.46049375832081,0.06958220154047012,0.030518509447574615,10.528886273503304,0.45990396,9.329440848427529,3.675635665305695,1.2077578959153525,,3.8689761797164275,-0.1732547988796917
2026-07-24,Gigantes Islands,29.55714590102434,33.66649369709194,0.0872829370200634,0.14526810497045517,10.528886273503304,0.51973504,0.16639751455058222,3.7437507591055867,7.315954745115346,,8.218203184326814,-0.13265835227813555
2026-07-25,Gigantes Islands,29.374034844338894,33.89996029436588,0.04272591322660446,0.10498367249965668,10.528886273503304,0.6173228,0.0,1.3856099670256803,4.035774356356418,,4.267011792360664,-0.09206190567657938
2026-07-26,Gigantes Islands,29.72780540585518,33.8770714122802,0.051881466060876846,0.06408886983990669,10.528886273503304,0.64676493,0.45341613148310167,0.993555992292599,1.6781831897882562,,1.9502441714586454,-0.05146545907502323
2026-07-27,Gigantes Islands,30.03982664644718,33.69853813201189,0.04150517284870148,-0.015259254723787308,10.528886273503304,0.47337654,0.729813665660642,0.40343171507868936,0.7756439675038783,-0.010869012473467084,0.8742886897681396,-0.010869012473467084
2026-07-28,Gigantes Islands,29.92849512398243,33.405560441315174,0.04699850454926491,-0.06714072078466415,10.528886273503304,0.46920997,28.5646567551986,2.5261745165340863,-0.8548507428848164,,2.6668947261931706,-0.01846572330921708
2026-07-29,Gigantes Islands,29.669942311942577,33.19498272612691,0.06591998040676117,-0.03906369209289551,10.528886273503304,0.5170243,0.2598757651281653,1.9868952720808224,0.3417933320679657,,2.016079240521872,-0.026062434144967072
2026-07-30,Gigantes Islands,29.939481787383556,33.18430124782026,0.05310220643877983,-0.021973326802253723,10.528886273503304,0.5117028,16.74192516848167,1.6844343124721914,-0.5403501212696734,,1.7689819689838036,-0.033659144980717065
2026-07-31,Gigantes Islands,29.500747695565224,33.056123508140445,0.0952177494764328,-0.023194067180156708,10.528886273503304,0.4741207,13.985310116169618,3.5833232406795124,-1.329738174251576,,3.822094852205507,-0.04125585581646706
2026-08-01,Gigantes Islands,29.230475775897503,33.019501296803355,0.09399700909852982,0.016479995101690292,10.528886273503304,0.5053036,3.310776229970944,4.122957750381137,0.7936191486952892,,4.198644062623518,-0.04885256665221705
2026-08-02,Gigantes Islands,29.387218840420246,33.07290868833661,0.12817773967981339,0.06408886983990669,10.528886273503304,0.70540243,0.31627328462482246,5.03195708960145,3.0673355369312274,,5.893143426704587,-0.05644927748796705
2026-08-03,Gigantes Islands,29.509537026286125,33.199560502544045,0.14893032610416412,0.07995849475264549,10.528886273503304,0.7934358,12.923726315824142,5.062950875491553,4.657005335418024,-0.06404598832371704,6.879038469274076,-0.06404598832371704
2026-08-04,Gigantes Islands,29.582781448960304,33.39793081395328,0.13183996081352234,0.08178960531949997,10.528886273503304,0.773863,0.15838509552782368,5.0412839892721255,4.6246170734041305,,6.841171488576533,-0.06340804005710687
2026-08-05,Gigantes Islands,29.69557785987854,33.57951594516635,0.13611255213618279,0.06103701889514923,11.749626711010933,0.5795262,1.0905589107771099,5.884781174523946,4.834055798536967,,7.615690706390348,-0.0627700917904967
2026-08-06,Gigantes Islands,29.67140720039606,33.669545548036695,0.15198217704892159,0.035401470959186554,12.970367148518562,0.662022,22.187452532489846,6.798581492361711,4.553799585281704,,8.182774649909101,-0.062132143523886525
2026-08-07,Gigantes Islands,29.579119227826595,33.704641833901405,0.15991698950529099,0.032959990203380585,12.970367148518562,0.66185427,50.242917137856814,7.431931120267065,4.6239903895699195,,8.752993048050996,-0.061494195257276354
2026-08-08,Gigantes Islands,29.4494765996933,33.73516034334898,0.16113772988319397,0.05798516795039177,12.970367148518562,0.61873126,17.100620705148447,6.278884743925315,6.500390835742855,,9.037669757460037,-0.060856246990666184
2026-08-09,Gigantes Islands,29.33594774454832,33.79619736224413,0.14893032610416412,0.08667256683111191,12.970367148518562,0.61883223,0.11052794701286725,5.124228127637701,7.347288236546157,,8.957698272154678,-0.06021829872405601
2026-08-10,Gigantes Islands,29.2707602083683,33.85876030661166,0.1269569993019104,0.10010071098804474,12.970367148518562,0.53521305,0.16791925160503535,4.294784440467106,7.265084203164182,,8.43958659349758,-0.05958035045744584
2026-08-11,Gigantes Islands,29.271492652595043,33.89385659247637,0.1263466291129589,0.07446516305208206,12.359996929764748,0.6778547,0.0,4.224974394243966,6.071689360704854,-0.05894240219083567,7.3970142844876055,-0.05894240219083567
2026-08-12,Gigantes Islands,29.382091730833054,33.87859733775258,0.13977477326989174,0.046388134360313416,12.05481182038784,0.3850404,0.0,3.8405586862484213,5.483046489344969,,6.694302788702972,-0.057100061156487344
2026-08-13,Gigantes Islands,29.481704145669937,33.85723438113928,0.13672292232513428,0.05371257662773132,12.05481182038784,0.51508254,2.825496832036084,3.8869589097935147,4.9526594332115135,,6.295814881951515,-0.05525772012213902
2026-08-14,Gigantes Islands,29.639179654419422,33.826715871691704,0.14526810497045517,0.043946653604507446,11.291849046945572,0.4402263,0.0,3.1809872382849305,4.235064607768802,,5.2966453574038255,-0.05341537908779069
2026-08-15,Gigantes Islands,29.8596453666687,33.79619736224413,0.1660206913948059,0.023194067180156708,11.139256492257118,0.46986783,3.280062053514563,4.149455714265705,3.2455103984430207,,5.267952208501335,-0.05157303805344236
2026-08-16,Gigantes Islands,29.83474226295948,33.79619736224413,0.16479995101690292,0.028077028691768646,11.749626711010933,0.40981853,0.06335403585100767,4.785463381053216,4.44970995776817,-0.049730697019094036,6.534567964269901,-0.049730697019094036
2026-08-17,Gigantes Islands,29.669942311942577,33.79772328771651,0.15381328761577606,0.043946653604507446,12.970367148518562,0.40981835,2.9866147707708133,5.4473544461044225,5.300091327734329,,7.600305161229927,-0.05589769464346842
2026-08-18,Gigantes Islands,29.47950681298971,33.79924921318889,0.13367107138037682,0.09277626872062683,12.970367148518562,0.45493817,1.4115527477693854,4.201802328803033,7.42618503083336,,8.53248890550161,-0.06206469226784281
2026-08-19,Gigantes Islands,29.442884601652622,33.790093660354614,0.10864589363336563,0.08606219664216042,12.05481182038784,0.4891888,0.16521739200775667,2.986961828004975,5.356209845598818,,6.1327746470947835,-0.0682316898922172
2026-08-20,Gigantes Islands,29.697775192558765,33.765678852796555,0.12878810986876488,0.07080294191837311,11.139256492257118,0.44602716,0.49363354163140244,2.9038587535046654,3.5392668680529695,,4.578078813607641,-0.07439868751659158
2026-08-21,Gigantes Islands,29.946806229650974,33.74584182165563,0.13977477326989174,0.039674062281847,10.681478828191757,0.44843006,0.0,3.4176974751841485,2.925104003855132,,4.498543038056813,-0.08056568514096597
2026-08-22,Gigantes Islands,29.94167912006378,33.76110107637942,0.13611255213618279,0.054322946816682816,11.291849046945572,0.37845242,0.0,4.1091939382617,3.2723692378007385,,5.2529872692356,-0.08673268276534035
2026-08-23,Gigantes Islands,30.077181302011013,33.742789970710874,0.1263466291129589,0.06469924002885818,11.291849046945572,0.34584683,1.1086956332929387,3.4715169322750277,3.7572010685650747,,5.1154657344858405,-0.09289968038971474
2026-08-24,Gigantes Islands,30.023712873458862,33.73821219429374,0.12268440797924995,0.0714133121073246,11.749626711010933,0.2821661,0.03916148887657971,3.8282176485812447,4.351000349725311,,5.795382162396082,-0.09906667801408914
2026-08-25,Gigantes Islands,29.93728445470333,33.730582566931844,0.119022186845541,0.07202368229627609,12.359996929764748,0.28141353,0.16527950194496546,3.7663215848069695,4.610219073655019,,5.953091481514074,-0.10523367563846352
2026-08-26,Gigantes Islands,30.233234405517578,34.148616790771484,0.145913228392601,-0.030904268845915794,13.021256446838379,0.3848217,1.5060248267576561,4.035575029238984,4.794937264779504,,6.267159579090705,-0.1114006732628379
2026-08-27,Gigantes Islands,30.08646011352539,34.16560745239258,0.14944958686828613,-0.07025906443595886,13.055390357971191,0.37514457,16.27794963824823,4.6206512291427435,4.933566922518476,,6.7594748583264055,-0.11756767088721229
2026-08-28,Gigantes Islands,29.870304107666016,34.17170333862305,0.14493392407894135,-0.06436828523874283,13.054858207702637,0.39725757,19.70543394918027,4.8374127558927045,5.512915079318099,,7.334357152651235,-0.12373466851158668
2026-08-29,Gigantes Islands,29.826385498046875,34.17580032348633,0.1449466347694397,-0.07596106082201004,13.055351257324219,0.42322776,1.9543166945439687,4.399170318041215,5.685157373322913,,7.188443075282904,-0.12990166613596105
2026-08-30,Gigantes Islands,29.9028377532959,34.17464828491211,0.14923804998397827,-0.06610167771577835,13.03687858581543,0.41374278,0.0,4.521103787062755,5.094397616546158,,6.811260274638194,-0.13606866376033544
2026-08-31,Gigantes Islands,29.98140525817871,34.18291473388672,0.1486547291278839,-0.07423946261405945,13.022224426269531,0.3869577,0.32068322386060444,4.323291797733786,5.852142189215974,,7.2758793400628745,-0.14223566138470983
2026-09-01,Gigantes Islands,30.067447662353516,34.18582534790039,0.15378804504871368,-0.08256908506155014,13.044856071472168,0.36690727,1.3243167389253652,3.7286221489834435,6.074422580912285,,7.127498356463295,-0.14840265900908423
2026-09-02,Gigantes Islands,30.069385528564453,34.18984603881836,0.1617710143327713,-0.06474453210830688,13.046540260314941,0.35670117,2.2594409248103267,4.300309936804588,6.390672503603962,,7.702815108835212,-0.15456965663345862
2026-09-03,Gigantes Islands,30.05060386657715,34.19173812866211,0.15980984270572662,-0.07678236067295074,13.030963897705078,0.35230723,4.7351862999223036,4.403209523339966,5.572770720949923,,7.102395906643652,-0.160736654257833
2026-09-04,Gigantes Islands,30.077674865722656,34.18023681640625,0.15292507410049438,-0.09165002405643463,13.037330627441406,0.41890544,2.513323023452522,4.60225147777666,4.291784663495905,,6.292863756869054,-0.1669036518822074
2026-09-05,Gigantes Islands,30.07610321044922,34.193355560302734,0.14245176315307617,-0.13315169513225555,13.058676719665527,0.4214029,14.243851235194235,4.745732059830198,4.6688159402690745,,6.6573129014498615,-0.17307064950658177
2026-09-06,Gigantes Islands,30.099210739135742,34.176307678222656,0.1178232878446579,-0.11257147043943405,13.06299114227295,0.45113266,2.940124045247617,4.634648628170965,3.5220334613742543,,5.821055540848835,-0.17923764713095613
2026-09-07,Gigantes Islands,30.0900936126709,34.18558883666992,0.11854065954685211,-0.10209743678569794,13.06354808807373,0.437343,0.2808384991580655,5.146102358947447,2.8670609664278013,,5.890874983733604,-0.18540464475533053
2026-09-08,Gigantes Islands,30.044660568237305,34.162353515625,0.09293552488088608,-0.08318677544593811,13.062786102294922,0.4253294,1.643509254322289,4.588779820069996,2.83744160254397,,5.395180727735533,-0.19157164237970492
2026-09-09,Gigantes Islands,29.96047592163086,34.124778747558594,0.11820854246616364,-0.057508718222379684,13.045513153076172,0.46191832,7.331708006236864,4.537822497549968,3.7674439312824655,,5.897920548348181,-0.1977386400040793
2026-09-10,Gigantes Islands,29.84734344482422,34.061161041259766,0.094641774892807,0.00838410947471857,13.008150100708008,0.44935086,0.9309937528201512,2.6914139996022235,3.9363044919680106,,4.768459119122483,-0.2039056376284537
2026-09-11,Gigantes Islands,30.11564826965332,33.9227180480957,0.06281435489654541,-0.010125832632184029,12.587889671325684,0.43924415,0.32909936795693745,0.745983654130843,-0.19154307430912704,,0.7701820314355542,-0.2100726352528281
2026-09-12,Gigantes Islands,30.255237579345703,33.90805435180664,0.09496738761663437,-0.08159679174423218,12.879398345947266,0.3819881,0.522981358749896,1.8696258715049703,-3.2768462610803857,-0.21623963287720246,3.7726943048910315,-0.21623963287720246
2026-09-13,Gigantes Islands,30.049882888793945,34.00282669067383,0.14148403704166412,-0.12421809881925583,13.001738548278809,0.41745293,3.218322827579072,3.825184028152645,-4.006400001308626,,5.539248488713957,-0.19720519287524085
2026-09-14,Gigantes Islands,30.013042449951172,34.04232406616211,0.12031334638595581,-0.12195608764886856,13.044149398803711,0.40750274,29.661178736953264,2.297813661533784,-2.692580048962055,,3.539764814673398,-0.17817075287327921
2026-09-15,Gigantes Islands,30.086050033569336,33.99155044555664,0.1378030925989151,-0.09568077325820923,13.035935401916504,0.32184967,10.260310449955627,2.114339425935218,-0.6958216790178513,,2.22589285839532,-0.15913631287131758
2026-09-16,Gigantes Islands,29.93007469177246,33.80215072631836,0.14633797109127045,0.01368316262960434,11.902546882629395,0.42033562,2.6432919424513113,2.049554467001552,0.6239337218267035,,2.142420780901487,-0.14010187286935596
2026-09-17,Gigantes Islands,30.022708892822266,33.538143157958984,0.12880419194698334,0.13616512715816498,11.844388008117676,0.45313212,0.7722360072483927,1.7288990020751953,2.3827864239163934,,2.943936633383416,-0.12106743286739434
2026-09-18,Gigantes Islands,30.12424087524414,33.37002944946289,0.16501130163669586,0.0998048335313797,11.115036964416504,0.4388902,17.74788727301248,2.3745041340839124,2.9511421146105286,,3.7878106688969413,-0.10203299286543271
2026-09-19,Gigantes Islands,30.334999084472656,33.23857498168945,0.15532134473323822,0.009582125581800938,12.057259559631348,0.37599513,0.6170186232659758,2.2761366634912026,0.9803351940621483,,2.4782766600211796,-0.0829985528634711
2026-09-20,Gigantes Islands,30.503692626953125,33.338687896728516,0.16141512989997864,-0.08214782923460007,12.176352500915527,0.35304224,0.21950310727824335,2.825143587249807,0.11033762819203896,-0.06396411286150946,2.827297416398521,-0.06396411286150946
2026-09-21,Gigantes Islands,30.47502326965332,33.51364517211914,0.14942258596420288,-0.08421331644058228,12.988506317138672,0.3441416,0.14968943325166378,2.758648832439378,-0.046807446471810135,,2.7590459071505777,-0.06385027947682616
2026-09-22,Gigantes Islands,30.506927490234375,33.59665298461914,0.12939785420894623,-0.1036515012383461,12.988507270812988,0.3112008,1.0365838308512052,1.9970074594520044,-0.5205693780077961,,2.0637420552061183,-0.06373644609214285
2026-09-23,Gigantes Islands,30.534629821777344,33.65199279785156,0.10418752580881119,-0.10600551962852478,12.98851490020752,0.24394178,1.081024849451847,0.7880700812667258,-1.0932501236997059,,1.3476833032864828,-0.06362261270745956
2026-09-24,Gigantes Islands,30.55771255493164,33.69242477416992,0.07967744022607803,-0.08954524248838425,12.988541603088379,0.20928574,0.0,0.6534793317018442,-1.6548009102468315,,1.779157466194387,-0.06350877932277625
2026-09-25,Gigantes Islands,30.691869735717773,33.5662841796875,0.038181185722351074,0.017827292904257774,12.152910232543945,0.27412397,1.2249688731957666,0.41078411274818916,0.19786553566579643,-0.06339494593809294,0.45595433706746286,-0.06339494593809294
2026-09-26,Gigantes Islands,30.858699798583984,33.3206901550293,0.08681530505418777,0.12119700014591217,11.815363883972168,0.31620273,0.0,0.8187673079907596,1.0834728447436488,,1.3580476095967071,-0.15809146664927864
2026-09-27,Gigantes Islands,30.906864166259766,33.14963150024414,0.06923801451921463,0.117578886449337,11.874926567077637,0.3409344,7.276148635408153,0.08645484195881752,0.7822732140670469,,0.7870360990100211,-0.2527879873604643
2026-09-28,Gigantes Islands,30.962139129638672,33.08475112915039,0.09070031344890594,0.06422445178031921,12.138428688049316,0.29406014,9.978757634666396,0.1719285782857157,0.24279331581876104,,0.29750299198094815,-0.34748450807165
2026-09-29,Gigantes Islands,30.959636688232422,33.009281158447266,0.1051562950015068,-0.019474191591143608,11.57575798034668,0.38541725,5.408540370301431,0.6202826124539527,0.21094823482647612,,0.6551714867796877,-0.4421810287828357
2026-09-30,Gigantes Islands,31.151695251464844,33.064395904541016,0.018132882192730904,-0.015384461730718613,11.944067001342773,0.42394584,0.19689439938212774,-1.5319252161923764,-1.159415930359807,-0.5368775494940213,1.9212079969587248,-0.5368775494940213
2026-10-01,Gigantes Islands,31.162704467773438,33.12531661987305,0.04932696744799614,-0.059318795800209045,11.746729850769043,0.45305434,3.6948447531054476,-0.06339786919317453,-1.5380507078602086,,1.5393567714365386,
2026-07-01,Dumanquillas Bay,29.939481787383556,29.013946931809187,0.04272591322660446,0.024414807558059692,10.528886273503304,0.44759455,11.920758786024871,-0.3469027492012413,1.2837935063038246,,1.3298373149491811,
2026-07-02,Dumanquillas Bay,29.755638286471367,29.029206186532974,0.0024414807558059692,-0.06775109097361565,10.528886273503304,0.296326,3.890673247384436,-0.0581309544924248,-0.866732220292353,,0.8686794285368523,
2026-07-03,Dumanquillas Bay,30.042023979127407,29.132969118654728,0.02075258642435074,-0.06653035059571266,10.528886273503304,0.31086802,5.0404219840779705,0.25739144948479065,-0.3635983298885743,,0.44548187815627477,
2026-07-04,Dumanquillas Bay,29.97390666604042,28.942228434607387,0.05249183624982834,-0.02136295661330223,10.528886273503304,0.5357486,0.0,0.45146015725863986,0.28536781459514077,,0.534089003068592,
2026-07-05,Dumanquillas Bay,29.90066224336624,28.801843291148543,0.039674062281847,0.0024414807558059692,10.528886273503304,0.46043077,0.0,0.1804537288968411,0.5027432365901942,,0.5341482099660716,
2026-07-06,Dumanquillas Bay,30.216345705091953,29.038361739367247,0.059205908328294754,-0.02685628831386566,10.528886273503304,0.4968094,10.901437676983114,0.5770194467835832,0.4700774227499999,,0.7442608583996034,
2026-07-07,Dumanquillas Bay,30.114535957574844,29.21536909416318,0.11658070608973503,-0.005493331700563431,10.528886273503304,1.8839233,21.80287535396623,1.30594452337323,0.9727688238216288,0.4241873043299826,1.6284257068493633,0.4241873043299826
2026-07-08,Dumanquillas Bay,29.94094667583704,29.457991244271398,0.12939848005771637,-0.035401470959186554,10.528886273503304,1.6056134,2.708176886593854,2.0164630246334365,0.567205229251128,,2.0947183347179763,0.44233610631943193
2026-07-09,Dumanquillas Bay,29.886745803058147,29.82573928311467,0.1672414317727089,0.0079348124563694,10.528886273503304,1.6037738,20.305637759926878,2.026130842661625,1.742769567979171,,2.67253661502682,0.46048490830888134
2026-07-10,Dumanquillas Bay,29.768089838325977,30.05615402944386,0.1745658740401268,0.07690664380788803,10.528886273503304,1.6037956,11.340703528604388,1.0272388771657621,3.446377846760299,,3.5962118921722244,0.4786337102983307
2026-07-11,Dumanquillas Bay,29.603289887309074,30.11719104833901,-0.0079348124563694,0.06469924002885818,10.528886273503304,1.0373819,8.057871379970033,-0.6059003208527635,3.284008654467025,,3.3394352878029845,0.49678251228778003
2026-07-12,Dumanquillas Bay,29.67873164266348,30.35523542203009,-0.06591998040676117,0.029908139258623123,10.528886273503304,0.9753351,17.101929228982808,-0.6232820576057421,2.1260612465065076,,2.2155398771473402,0.5149313142772294
2026-07-13,Dumanquillas Bay,29.95266578346491,30.521561298519373,-0.11352885514497757,0.003662221133708954,10.528886273503304,0.9753351,14.156951549612446,-0.7801067694409508,1.4908923093036783,,1.6826545841819265,0.5330801162666787
2026-07-14,Dumanquillas Bay,29.923368014395237,30.663472367450595,-0.1110873743891716,-0.023194067180156708,10.528886273503304,0.99223864,0.0,-0.5172257506836166,0.7418690150641616,,0.9043738788147854,0.5512289182561281
2026-07-15,Dumanquillas Bay,30.020783096551895,30.819116765633225,-0.0872829370200634,0.04516739398241043,10.528886273503304,2.6290486,11.101101556677877,-0.6392517209464234,1.5373355302439842,,1.6649454331249165,0.5693777202455775
2026-07-16,Dumanquillas Bay,30.028107538819313,30.928983399644494,-0.09460737928748131,0.05493331700563431,10.528886273503304,0.5183077,7.944158245751885,-0.2761246317268053,1.645173881860615,,1.6681852156767811,0.5875265222350269
2026-07-17,Dumanquillas Bay,30.20242926478386,31.008331524208188,-0.11841181665658951,0.05371257662773132,10.528886273503304,0.40213934,0.0,-0.09158162643035475,1.3705860925042244,0.6056753242244762,1.3736423957004338,0.6056753242244762
2026-07-18,Dumanquillas Bay,30.310098566114902,31.081575946882367,-0.04821924492716789,0.08606219664216042,10.528886273503304,0.9333769,11.563948173581817,-0.002793598264764201,1.534199850968187,,1.5342023943737253,0.5982220825131981
2026-07-19,Dumanquillas Bay,30.326944783329964,31.044953735545278,0.004272591322660446,0.1110873743891716,10.528886273503304,0.99387443,17.646800447393346,0.25457914178369184,1.04514574784775,,1.0757045010947726,0.5907688408019198
2026-07-20,Dumanquillas Bay,30.132114619016647,30.857264902442694,0.0030518509447574615,0.059205908328294754,10.528886273503304,2.548247,10.386278789720416,0.27936469072381986,0.7171819713280917,,0.7696717549847228,0.5833155990906417
2026-07-21,Dumanquillas Bay,30.017120875418186,30.68330939859152,0.01892147585749626,0.02868739888072014,10.528886273503304,1.4912268,26.64088047580954,0.8893251730678746,0.17925219052859928,,0.9072103456539208,0.5758623573793634
2026-07-22,Dumanquillas Bay,29.86770225316286,30.5841242428869,0.08911404758691788,-0.003662221133708954,10.528886273503304,1.3101076,0.667636141364957,1.628523578446425,0.37150258834775457,,1.6703602062743923,0.5684091156680853
2026-07-23,Dumanquillas Bay,29.349864184856415,30.419324291869998,0.13061922043561935,-0.0048829615116119385,10.528886273503304,1.3161441,32.83912013783866,1.810005371246864,1.7091192213335393,,2.489419200671968,0.5609558739568071
2026-07-24,Dumanquillas Bay,29.349131740629673,30.53682055324316,0.08301034569740295,0.043336283415555954,10.528886273503304,0.5606142,8.174765439681064,0.37844525801047657,2.9932289737188236,,3.0170582530704406,0.5535026322455289
2026-07-25,Dumanquillas Bay,29.484633922576904,30.590227944776416,-0.06530961021780968,0.035401470959186554,10.528886273503304,0.61901194,0.0,-0.828653509738715,2.1660379586529297,,2.319134984757817,0.5460493905342507
2026-07-26,Dumanquillas Bay,29.64210943132639,30.661946441978216,-0.02929776906967163,0.04150517284870148,10.528886273503304,0.67389613,11.116816287423356,-0.42282900949300495,1.4116051960679266,,1.4735717155384074,0.5385961488229725
2026-07-27,Dumanquillas Bay,29.522721022367477,30.700094578787684,-0.0634784996509552,0.0024414807558059692,10.528886273503304,0.6015357,5.63690608298337,-0.2751378591399313,1.2856277507612714,,1.3147393487150183,0.5311429071116943
2026-07-28,Dumanquillas Bay,29.790795609354973,30.768761225044727,-0.043336283415555954,0.011597033590078354,10.528886273503304,1.147044,1.7863375095673548,0.1357057738281709,0.7887989237899874,,0.8003872807725927,0.5236896654004162
2026-07-29,Dumanquillas Bay,29.88747824728489,30.846583424136043,-0.02624591812491417,0.025635547935962677,10.528886273503304,0.8904535,5.63690608298337,0.0224696957530479,1.184027988785821,,1.1842411770646344,0.5162364236891379
2026-07-30,Dumanquillas Bay,30.0068666562438,30.915250070393085,-0.048829615116119385,0.014038514345884323,10.528886273503304,0.78329307,11.27381216596674,-0.018801795669991087,0.5885967185408315,,0.5888969388589577,0.5087831819778598
2026-07-31,Dumanquillas Bay,29.997344881296158,30.967131536453962,-0.02624591812491417,-0.01892147585749626,10.528886273503304,0.58978814,5.63690608298337,0.4099305114315459,0.3794674299846587,,0.5586041126072119,0.5013299402665815
2026-08-01,Dumanquillas Bay,30.145298615098,31.09073149971664,0.02075258642435074,-0.008545182645320892,10.528886273503304,2.5239403,5.068086270932798,0.5597536485970449,0.5878099502833817,0.49387669855530336,0.8116924816516756,0.49387669855530336
2026-08-02,Dumanquillas Bay,30.083040855824947,31.19907220825553,0.017090365290641785,0.04455702379345894,10.528886273503304,1.9059273,0.24851385310844135,0.2834884230864014,1.8811946671223632,,1.9024350347997783,0.4901870899074542
2026-08-03,Dumanquillas Bay,30.124057732522488,31.325724022462964,-0.005493331700563431,0.05066072568297386,10.528886273503304,1.238886,0.0,0.16319547780594054,2.2611346213635923,0.48649748125960496,2.267016219594687,0.48649748125960496
2026-08-04,Dumanquillas Bay,30.205359041690826,31.467635091394186,-0.003662221133708954,0.048829615116119385,11.902219265699387,0.3888476,0.0,0.3058076403364562,2.718061661623084,,2.7352106882785816,0.5417670833595777
2026-08-05,Dumanquillas Bay,30.575975820422173,31.694997986778617,0.020142216235399246,0.03723258152604103,13.73332992196083,0.37058535,0.0,1.0618673989076752,2.682711335976469,,2.88522139272528,0.5970366854595504
2026-08-06,Dumanquillas Bay,30.53862116485834,31.71483501791954,0.030518509447574615,0.02929776906967163,13.885922476649284,0.31476235,3.4515985276228114,1.2059304817226022,2.7915768735197197,0.6523062875595231,3.0409159421986396,0.6523062875595231
2026-08-07,Dumanquillas Bay,30.455122523009777,31.733146123588085,0.06164738908410072,0.03418073058128357,15.411848023533821,0.34805542,0.1331342179098247,1.1266900978554897,3.304482103971598,,3.491279500709471,0.6304160669163079
2026-08-08,Dumanquillas Bay,30.40678120404482,31.756035005673766,0.07385479286313057,0.031128879636526108,14.801477804780006,0.31745133,0.0,1.2728319532335195,3.4802459836193074,,3.705700107627515,0.6085258462730927
2026-08-09,Dumanquillas Bay,30.368694104254246,31.778923887759447,0.06164738908410072,0.032959990203380585,14.801477804780006,0.545066,0.0,0.7651524153500373,3.9771386139143887,,4.050072810827586,0.5866356256298775
2026-08-10,Dumanquillas Bay,30.30863367766142,31.801812769845128,0.040894802659749985,0.03662221133708954,15.411848023533821,0.51680696,0.0,0.12236607402946252,3.7755637370295263,,3.777546159671083,0.5647454049866623
2026-08-11,Dumanquillas Bay,30.35843988507986,31.832331279292703,-0.017700735479593277,0.02685628831386566,13.580737367272377,0.41995877,0.0,-0.17996503974098743,2.797132692736269,0.542855184343447,2.8029161093944692,0.542855184343447
2026-08-12,Dumanquillas Bay,30.421430088579655,31.8613238632679,-0.04455702379345894,0.036011841148138046,13.428144812583923,0.5165807,2.098646835412508,-0.18823484933350138,3.076600697362785,,3.082353680147166,0.5205085231876989
2026-08-13,Dumanquillas Bay,30.408978536725044,31.888790521770716,-0.031128879636526108,0.03723258152604103,13.885922476649284,0.38089818,0.0,-0.34397627482708804,3.248663108077457,,3.2668228705314593,0.49816186203195073
2026-08-14,Dumanquillas Bay,30.486617624759674,31.922360882163048,-0.036011841148138046,0.025025177747011185,13.27555225789547,0.63076097,0.0,-0.24894643899003097,2.5463733262722674,,2.5585135227777687,0.47581520087620255
2026-08-15,Dumanquillas Bay,30.572313599288464,31.95593124255538,-0.038453321903944016,0.023194067180156708,13.27555225789547,1.5412573,0.7144860551681046,0.3529877332207101,2.2187917062801863,,2.24669467789062,0.4534685397204544
2026-08-16,Dumanquillas Bay,30.598681591451168,31.987975677475333,-0.011597033590078354,0.027466658502817154,13.428144812583923,0.365342,0.03448850950111209,0.8499695556296117,2.5771404645554346,,2.713687752772268,0.4311218785647063
2026-08-17,Dumanquillas Bay,30.528366945683956,32.01239048503339,0.003662221133708954,0.02868739888072014,14.343700140714645,0.27991924,14.162431141476569,0.8311297781828542,3.109645418359703,,3.21879967318685,0.4087752174089581
2026-08-18,Dumanquillas Bay,30.46391185373068,32.02917566522956,-0.021973326802253723,0.036011841148138046,14.343700140714645,0.42792568,0.6808425782271372,-0.40981686802335043,3.533560297518322,,3.5572458786980468,0.38642855625320993
2026-08-19,Dumanquillas Bay,30.47636340558529,32.068849727511406,-0.040894802659749985,0.027466658502817154,13.885922476649284,0.7198513,0.0,-0.531829311362476,2.708548952890959,,2.7602680751388977,0.3640818950974618
2026-08-20,Dumanquillas Bay,30.54228338599205,32.10089416243136,-0.03479110077023506,0.01892147585749626,13.580737367272377,2.743175,2.1536781208382707,-0.07143600956703584,1.8841618958593118,,1.885515620001865,0.3417352339417137
2026-08-21,Dumanquillas Bay,30.731986440718174,32.131412671878934,-0.0317392498254776,0.01831110566854477,12.970367148518562,2.7485929,5.872075508406132,0.05082724539229546,1.5772689324107125,,1.578087669941755,0.3193885727859655
2026-08-22,Dumanquillas Bay,30.6938993409276,32.15124970301986,0.006714072078466415,0.022583696991205215,13.428144812583923,1.8337097,0.27233403569294345,0.4442391564458019,1.9308135146592316,,1.981259512661179,0.2970419116302173
2026-08-23,Dumanquillas Bay,30.71001311391592,32.17261265963316,0.021973326802253723,0.01831110566854477,13.580737367272377,0.53375125,0.4827183244037039,0.3204199627523101,2.1523539672641023,0.2746952504744692,2.176073655216595,0.2746952504744692
2026-08-24,Dumanquillas Bay,30.772270873188972,32.19702746719122,0.004272591322660446,0.03357036039233208,13.580737367272377,0.82563007,0.08278227253115654,0.19303844795215083,2.7387136918095134,,2.7455084279769877,0.3016585675449208
2026-08-25,Dumanquillas Bay,30.80816064029932,32.2199163492769,0.016479995101690292,0.032959990203380585,13.580737367272377,0.41086578,4.344911676866036,0.09021992233338566,2.290639865357287,,2.292415893146331,0.3286218846153725
2026-08-26,Dumanquillas Bay,30.768978118896484,33.167911529541016,0.019672971218824387,0.0211822260171175,15.409626007080078,0.37990427,10.297922038737637,-0.11300393414370277,2.1518472069219645,,2.154812356347952,0.3555852016858242
2026-08-27,Dumanquillas Bay,30.790584564208984,33.16508102416992,0.022661205381155014,0.021618559956550598,15.41251277923584,0.35768396,15.65109876497292,0.12322863294398684,2.4040889649078663,,2.4072451157223314,0.3825485187562758
2026-08-28,Dumanquillas Bay,30.713804244995117,33.1798095703125,0.04116864874958992,0.041913725435733795,15.39155101776123,0.44484806,3.8454270579932643,0.24564422279661746,2.7728347925453503,,2.7836942847488424,0.40951183582672745
2026-08-29,Dumanquillas Bay,30.69961929321289,33.197227478027344,-0.005375276319682598,0.05446525290608406,15.391575813293457,0.32889408,0.07551685015004082,-0.06451565924016765,2.7795254857759186,,2.780274122521923,0.43647515289717914
2026-08-30,Dumanquillas Bay,30.70290756225586,33.215423583984375,-0.009497175924479961,0.04419326037168503,15.391581535339355,0.3881471,2.7066888053108142,0.14394428998409448,2.894859206986748,,2.8984357482778482,0.46343846996763083
2026-08-31,Dumanquillas Bay,30.70608901977539,33.23414611816406,0.004149650223553181,0.042151372879743576,15.39156723022461,0.7532836,0.05559585111238705,-0.15896441560436014,2.865318584404757,0.49040178703808246,2.869724773486774,0.49040178703808246
2026-09-01,Dumanquillas Bay,30.697938919067383,33.25389862060547,0.03244952857494354,0.030069774016737938,15.39157772064209,0.5125843,0.41709373486228296,0.04714769523096669,2.487161279442393,,2.4876081152631566,0.5002754365332762
2026-09-02,Dumanquillas Bay,30.73246955871582,33.27299499511719,0.07149004936218262,0.018350286409258842,15.391575813293457,0.21609059,0.09356250101700425,0.3383931797251278,3.0576240885403503,,3.076292413101637,0.51014908602847
2026-09-03,Dumanquillas Bay,30.743515014648438,33.28057861328125,0.07868954539299011,0.0183425210416317,15.391551971435547,0.23062977,0.1613749938143883,0.08654329150999251,3.1130906662173916,,3.114293376898719,0.5200227355236636
2026-09-04,Dumanquillas Bay,30.75446891784668,33.286678314208984,0.009798608720302582,0.03161798417568207,15.391557693481445,0.36730742,0.08384374903980642,-0.07738240631668124,2.6534918302127504,,2.654619921912207,0.5298963850188574
2026-09-05,Dumanquillas Bay,30.80231475830078,33.29400634765625,-0.047626130282878876,0.022056855261325836,15.391551971435547,0.25641128,5.074406090006232,0.29638804354687104,2.2422973724322173,0.5397700345140511,2.2618009149290677,0.5397700345140511
2026-09-06,Dumanquillas Bay,30.78569984436035,33.30540084838867,-0.05406276509165764,0.011155901476740837,15.391547203063965,0.3252275,1.5951874841004612,0.397544699112948,1.7475320657542892,,1.7921802667790585,0.5280179723228899
2026-09-07,Dumanquillas Bay,30.87286376953125,33.318260192871094,-0.022234605625271797,0.012474588118493557,15.441083908081055,0.41929007,0.8226874689571559,0.4885287056674999,1.5694328615530115,,1.6437091601568803,0.5162659101317286
2026-09-08,Dumanquillas Bay,30.909027099609375,33.330108642578125,-0.029857808724045753,0.03771092742681503,15.412078857421875,0.60710776,4.715124895423651,0.5010788167222011,1.7510538086243728,,1.8213372618122219,0.5045138479405674
2026-09-09,Dumanquillas Bay,30.92203140258789,33.342403411865234,-0.07550285011529922,0.057879488915205,15.391559600830078,0.30911365,5.086968570202588,0.3007046257301944,2.180649227511363,,2.201284698847798,0.49276178574940616
2026-09-10,Dumanquillas Bay,30.8657169342041,33.34387969970703,-0.08033585548400879,0.03663397207856178,15.391583442687988,0.45969814,1.0383124463260174,-0.23710619164470143,1.1902713148001032,,1.2136577561043393,0.4810097235582449
2026-09-11,Dumanquillas Bay,30.98623275756836,33.346588134765625,-0.06965335458517075,0.03636647015810013,15.409628868103027,2.114676,7.075530946254729,-0.0446128842822434,0.9894784977010664,,0.9904837236707831,0.4692576613670837
2026-09-12,Dumanquillas Bay,30.994033813476562,33.318843841552734,-0.02648565173149109,0.033828385174274445,15.442839622497559,0.67675936,10.305406071245672,0.4691437320972392,0.01820555765003051,0.45750559917592243,0.46949684098561806,0.45750559917592243
2026-09-13,Dumanquillas Bay,30.94790267944336,33.293792724609375,0.038512248545885086,-0.018225278705358505,15.391549110412598,0.6770696,11.027280977368356,1.1132760752178201,-0.693845451405221,,1.3117946219161398,0.5423119885780747
2026-09-14,Dumanquillas Bay,31.003021240234375,33.27571105957031,0.028591347858309746,-0.04095088317990303,15.543100357055664,0.461204,8.946468530595302,1.6299353513720638,0.5114786014694448,,1.708303137447658,0.6271183779802271
2026-09-15,Dumanquillas Bay,31.00530242919922,33.26786422729492,0.02347816340625286,-0.01024165004491806,15.622377395629883,0.31672907,17.189780706167223,1.0800256772787453,1.4831837521035975,0.7119247673823794,1.834745079319064,0.7119247673823794
2026-09-16,Dumanquillas Bay,30.891115188598633,33.2515983581543,0.1136951744556427,0.00621184753254056,15.840958595275879,0.29156896,9.517749828100206,0.8102295138388077,2.2573404999353466,,2.39834484545985,0.6928961498248423
2026-09-17,Dumanquillas Bay,30.642446517944336,33.19781494140625,0.10767973959445953,0.0315563902258873,15.711041450500488,0.27494532,15.387905654311181,0.5560329473142004,2.4031919603102554,,2.466678786668172,0.6738675322673051
2026-09-18,Dumanquillas Bay,30.622316360473633,33.226654052734375,0.05235636979341507,0.00042051912168972194,15.611351013183594,0.5587872,1.0445312191732228,-0.025179139571191368,1.581732774999456,,1.5819331719693552,0.654838914709768
2026-09-19,Dumanquillas Bay,30.71820068359375,33.255184173583984,0.008375488221645355,0.009715544991195202,15.617183685302734,0.4935062,0.0,0.13014512754376306,0.8798024783728078,,0.8893762731118462,0.6358102971522308
2026-09-20,Dumanquillas Bay,30.701250076293945,33.27241134643555,-0.007813503965735435,0.018853815272450447,15.773734092712402,1.3846533,0.4971874982351438,0.44945611651693623,1.0878055053132571,0.6167816795946937,1.1770011121763295,0.6167816795946937
2026-09-21,Dumanquillas Bay,30.63768196105957,33.2921028137207,-0.07017235457897186,0.004269982688128948,15.808991432189941,1.4427425,5.154843610525131,0.22872696808043144,0.5223163978251291,,0.57020210922469,0.6155626906157096
2026-09-22,Dumanquillas Bay,30.624034881591797,33.30128860473633,-0.06442660093307495,0.006811807863414288,15.477203369140625,0.5468513,6.957374979928137,0.24446211546033328,-0.10632326108753656,,0.26658274839837215,0.6143437016367255
2026-09-23,Dumanquillas Bay,30.578399658203125,33.336185455322266,-0.05097593739628792,0.056561119854450226,15.487915992736816,0.63969624,6.79553090929985,0.33837339234374536,-0.2006909343507754,,0.39341251095612284,0.6131247126577413
2026-09-24,Dumanquillas Bay,30.607458114624023,33.32467269897461,-0.0405956506729126,0.027229132130742073,15.549640655517578,2.9269733,18.005874690413474,0.6574317816097034,0.042440952003170405,,0.6588002594697759,0.6119057236787572
2026-09-25,Dumanquillas Bay,30.570693969726562,33.314857482910156,-0.04819372296333313,0.06506028771400452,15.653160095214844,0.49486345,26.580874049663542,0.3080673486919528,0.7408657544083114,0.6106867346997731,0.8023637313494956,0.6106867346997731
2026-09-26,Dumanquillas Bay,30.622528076171875,33.30752944946289,-0.02582569606602192,0.08526627719402313,15.63974380493164,0.3417059,2.209874949976802,-0.14462586896626622,0.9005480418873639,,0.9120873958790424,0.610815204920624
2026-09-27,Dumanquillas Bay,30.684659957885742,33.30015182495117,-0.005149033386260271,0.0058870199136435986,15.61109733581543,2.062207,6.042874896526337,-0.13613373405621615,0.9388450299209469,,0.9486634723416688,0.610943675141475
2026-09-28,Dumanquillas Bay,30.6469669342041,33.29765319824219,-0.0011091968044638634,0.041813142597675323,15.768433570861816,1.9722971,1.8668750043958426,0.28213474875372674,0.7916612559405565,,0.8404329602125965,0.611072145362326
2026-09-29,Dumanquillas Bay,30.7067928314209,33.29370880126953,-0.04003070294857025,-0.012550915591418743,15.557907104492188,1.8195406,1.045468734484166,0.11964783236389062,-0.10167965151815811,,0.15701705424007847,0.611200615583177
2026-09-30,Dumanquillas Bay,30.80914878845215,33.31037139892578,-0.01686629094183445,0.020486269146203995,15.615921974182129,2.9549031,5.418749890476465,0.22893546070937415,0.38339186985689333,0.6113290858040279,0.44654313458229145,0.6113290858040279
2026-10-01,Dumanquillas Bay,30.81841468811035,33.29482650756836,0.030136950314044952,0.03988268971443176,15.7723388671875,0.3860417,7.496968719363212,0.38165595783414263,0.47707295151630047,,0.6109499743995176,
2026-07-01,Matarinao Bay,30.078646190464497,33.823664020746946,0.05798516795039177,0.032959990203380585,10.528886273503304,0.4415071,9.38362001125629,-0.8569038897380787,1.3555229977071865,,1.6036604608087484,
2026-07-02,Matarinao Bay,30.054475530982018,33.86638993397355,-0.048829615116119385,0.04150517284870148,10.528886273503304,0.17446525,0.0,-1.536639281595803,-0.33194311945814864,,1.5720834953331428,
2026-07-03,Matarinao Bay,30.148228392004967,33.93810843117535,-0.025025177747011185,0.017700735479593277,10.528886273503304,0.38195625,0.0,-1.5296961287104576,-0.6916693081960062,,1.6788021557325041,
2026-07-04,Matarinao Bay,30.24784080684185,33.97167879156768,-0.059205908328294754,-0.08423108607530594,10.986663937568665,0.07939781,0.0,-1.0048518830062076,-0.4226593437656755,0.5208824650179956,1.0901230332643892,0.5208824650179956
2026-07-05,Matarinao Bay,30.54155094176531,33.96099731326103,-0.07690664380788803,-0.16357921063899994,10.528886273503304,1.4135214,0.0,0.3001541927018335,-0.2782095123453947,,0.40925917479752577,0.5113869101385583
2026-07-06,Matarinao Bay,30.577440708875656,33.585619647055864,-0.13367107138037682,-0.3326517529785633,10.528886273503304,0.39655918,0.0,1.3765363342694015,-0.6712147164942677,,1.5314638341150344,0.5018913552591209
2026-07-07,Matarinao Bay,30.465376742184162,32.815027283504605,-0.0476088747382164,-0.4132206179201603,10.528886273503304,1.0968659,0.0,3.5533228616158636,-0.819394094597552,,3.646575111134185,0.4923958003796835
2026-07-08,Matarinao Bay,30.116000846028328,32.99966426566243,0.05859553813934326,-0.43092135339975357,10.528886273503304,0.34783778,19.055996507497934,5.310755919143395,0.5938349652506021,,5.343853328701189,0.48290024550024613
2026-07-09,Matarinao Bay,29.853053368628025,33.48185671493411,0.2227851189672947,-0.2465895563364029,10.528886273503304,0.34783778,16.847187356215258,5.254036941056561,2.8275315940796433,,5.966560072060412,0.4734046906208088
2026-07-10,Matarinao Bay,29.498550362885,34.1929379850626,0.11047700420022011,-0.19653920084238052,10.528886273503304,0.40278956,2.272679921663725,3.8814595372191167,4.59380194285775,,6.014045595875781,0.46390913574137144
2026-07-11,Matarinao Bay,29.235602885484695,34.508804557845,0.06408886983990669,-0.2795495465397835,10.681478828191757,2.385479,8.079888842656063,1.1377292158239747,3.8239583732281086,,3.989622213784257,0.45441358086193406
2026-07-12,Matarinao Bay,29.69118319451809,34.391308296471834,-0.10986663401126862,-0.3265480510890484,10.528886273503304,2.385479,19.625845405872056,0.0812617135623961,1.666473685487035,,1.6684537783564273,0.4449180259824967
2026-07-13,Matarinao Bay,30.1540879458189,34.27838981151581,-0.06408886983990669,-0.3888058103621006,10.528886273503304,2.4166741,0.0,0.2107972213114358,0.2506892267240496,,0.3275371076811365,0.4354224711030593
2026-07-14,Matarinao Bay,30.254432804882526,34.10596023313701,0.0012207403779029846,-0.3344828635454178,10.528886273503304,2.4166753,0.0,-0.22560262794717403,0.8610069802792145,,0.8900727868136419,0.42592691622362194
2026-07-15,Matarinao Bay,30.273476354777813,34.13037504069507,0.032959990203380585,-0.33631397411227226,10.528886273503304,2.5593507,0.0,0.13871730977858546,0.7986822864464109,,0.8106391840489052,0.41643136134418457
2026-07-16,Matarinao Bay,30.401654094457626,34.19141205959022,-0.0024414807558059692,-0.3344828635454178,10.528886273503304,0.3703017,6.263650352404668,1.3114776617880335,0.13216473196812217,,1.318120318387215,0.40693580646474725
2026-07-17,Matarinao Bay,30.323282562196255,34.160893550142646,0.027466658502817154,-0.317392498254776,10.528886273503304,0.27043948,0.6848912235406729,1.8350910751131355,0.018456093104423747,,1.8351838821580149,0.3974402515853098
2026-07-18,Matarinao Bay,30.51298561692238,34.150212071835995,-0.003662221133708954,-0.2923673205077648,10.528886273503304,0.11330723,8.832315392127404,1.2125310411871497,0.0956399638696756,,1.2162970560399242,0.3879446967058725
2026-07-19,Matarinao Bay,30.710745558142662,34.02661210857332,-0.017700735479593277,-0.3711050748825073,10.528886273503304,2.188824,0.0,1.36671863382493,0.01775998598546707,0.37844914182643513,1.3668340210671108,0.37844914182643513
2026-07-20,Matarinao Bay,30.651417575776577,33.58714557252824,-0.07690664380788803,-0.4113895073533058,10.528886273503304,0.3986494,0.0,0.9278664667008738,0.008324426609831239,,0.9279038075718551,0.42073928493389784
2026-07-21,Matarinao Bay,30.47709584981203,33.46659746021032,-0.12939848005771637,-0.5426190979778767,10.528886273503304,2.0884466,0.5137072790586031,0.9935714377033387,-1.100836113148179,0.46302942804136055,1.482910769342198,0.46302942804136055
2026-07-22,Matarinao Bay,30.122592844069004,33.43302709981799,-0.1110873743891716,-0.5432294681668282,10.528886273503304,0.3908203,13.514321434314436,1.4995624059993595,-0.7504592265212412,,1.6768650691565639,0.48250715101866787
2026-07-23,Matarinao Bay,29.9577928930521,33.50474559701979,0.21668141707777977,-0.3949095122516155,10.528886273503304,0.26468512,17.278448973435623,2.0492168965105417,1.4410460786995274,,2.5051753810620885,0.5019848739959752
2026-07-24,Matarinao Bay,29.934354677796364,33.86638993397355,0.06836146116256714,-0.34607989713549614,10.528886273503304,0.13237959,0.0,1.5375085854931658,2.7348581126475264,,3.1374163808425535,0.5214625969732826
2026-07-25,Matarinao Bay,30.06326486170292,34.14410836994648,0.07751701399683952,-0.2630695514380932,10.528886273503304,0.11456887,7.480261217997626,-0.13913284685280566,1.8406931465875784,,1.84594398857816,0.5409403199505899
2026-07-26,Matarinao Bay,30.402386538684368,34.09833060577512,-0.04455702379345894,-0.3869746997952461,10.528886273503304,0.09671099,0.0,0.6016405398911467,-0.013577504159658077,,0.6017937253409311,0.5604180429278972
2026-07-27,Matarinao Bay,30.291055016219616,34.06170839443803,-0.0714133121073246,-0.3473006375133991,10.528886273503304,2.270182,11.855089425307055,0.5111432310834069,-0.6015526665099282,,0.789387745830647,0.5798957659052045
2026-07-28,Matarinao Bay,29.573992118239403,33.50627152249217,-0.10742515325546265,-0.3802606277167797,10.528886273503304,1.8118346,17.209623925135688,1.5293061350214512,-1.0029099724020565,,1.8288263086902876,0.5993734888825119
2026-07-29,Matarinao Bay,29.730002738535404,33.249916043132544,-0.016479995101690292,-0.24964140728116035,10.528886273503304,0.68049437,0.0,1.063856804997435,0.15289390805140812,0.6188512118598192,1.074787350436626,0.6188512118598192
2026-07-30,Matarinao Bay,29.809106715023518,32.853175420314074,-0.056764427572488785,-0.26490066200494766,10.528886273503304,0.45014825,8.848999635256254,0.8900096145921674,-0.10685700634753567,,0.8964014356704566,0.5907935830324585
2026-07-31,Matarinao Bay,29.416516609489918,32.80587173067033,0.07873775437474251,-0.27344584465026855,10.528886273503304,0.4499981,25.469395690331098,2.920898650883673,-0.803994977800458,,3.029530797510139,0.5627359542050979
2026-08-01,Matarinao Bay,29.194586008787155,33.080538315698504,-0.014038514345884323,-0.3314310126006603,10.528886273503304,1.4866709,20.46440589611347,2.9545521606738854,-0.03201187957838804,,2.954725576187553,0.5346783253777372
2026-08-02,Matarinao Bay,29.530777908861637,33.28959010541439,0.11780144646763802,-0.15625476837158203,10.528886273503304,1.4800689,0.0,2.202484155102556,1.3010187651930045,,2.558043447805793,0.5066206965503766
2026-08-03,Matarinao Bay,29.864040032029152,33.718375163152814,0.11413922533392906,-0.10681478306651115,10.528886273503304,2.4270465,0.0,2.321088024066456,1.5968254561633382,0.47856306772301593,2.817321627524266,0.47856306772301593
2026-08-04,Matarinao Bay,30.172399051487446,34.2143009416759,0.09094515815377235,-0.16052735969424248,10.528886273503304,1.1574402,0.0,2.7194632750039083,1.578870704517214,,3.144568842572486,0.4813945051774207
2026-08-05,Matarinao Bay,30.222205258905888,34.44624161347747,0.1501510664820671,-0.10681478306651115,10.528886273503304,1.6784757,0.0,3.5559866887849045,2.203554156295325,,4.183382871617399,0.48422594263182545
2026-08-06,Matarinao Bay,30.10061951726675,34.61561934091151,0.05249183624982834,-0.1825006864964962,10.83407138288021,0.16143437,0.0,4.548330944100156,2.7709570077909,,5.325928756196849,0.48705738008623023
2026-08-07,Matarinao Bay,29.86257514357567,34.68123413622379,0.08423108607530594,-0.17334513366222382,10.83407138288021,0.14101103,10.327628635993372,4.596949601247113,2.8915398406720327,,5.430741043964408,0.489888817540635
2026-08-08,Matarinao Bay,29.6633503139019,34.70717486925423,0.05249183624982834,-0.20386364310979843,14.95407035946846,0.13150911,0.0,4.24692157621743,3.61188823640599,,5.5751304475168215,0.4927202549950398
2026-08-09,Matarinao Bay,29.632587656378746,34.727011900395155,0.04699850454926491,-0.1825006864964962,15.259255468845367,0.1341526,4.188896822562584,3.1785290769513463,4.205364607828228,,5.271445587104115,0.4955516924494445
2026-08-10,Matarinao Bay,29.65016631782055,34.73616745322943,0.02685628831386566,-0.15564439818263054,16.63258846104145,0.13471325,0.0,2.531156671834841,3.135877621620228,0.4983831299038493,4.029948207502494,0.4983831299038493
2026-08-11,Matarinao Bay,29.79812005162239,34.74074522964656,0.007324442267417908,-0.1422162540256977,12.970367148518562,0.13772085,0.0,2.166142378614542,2.4195749908600366,,3.2475399829448155,0.5126578170172184
2026-08-12,Matarinao Bay,29.9490035623312,34.691915614530444,0.024414807558059692,-0.13794366270303726,12.359996929764748,0.45674518,0.0,1.8187563217042524,2.4738396933763203,,3.0704653370887334,0.5269325041305875
2026-08-13,Matarinao Bay,29.996612437069416,34.69801931641996,0.01342814415693283,-0.11169774457812309,12.817774593830109,1.717829,0.12995277844942532,0.7919940714790801,2.3964781387420397,0.5412071912439564,2.523957622212885,0.5412071912439564
2026-08-14,Matarinao Bay,30.206091485917568,34.68428598716855,0.029908139258623123,-0.10498367249965668,11.59703415632248,0.1475885,0.0,1.4256177317109233,1.4467207113929075,,2.031104806193368,0.5380779118101379
2026-08-15,Matarinao Bay,30.22293770313263,34.679708210751414,0.011597033590078354,-0.13672292232513428,12.05481182038784,2.2358804,4.913440864269551,2.488392065579602,1.111193738933228,,2.725224137109446,0.5349486323763193
2026-08-16,Matarinao Bay,30.033234648406506,34.65834525413811,0.04943998530507088,-0.0952177494764328,13.73332992196083,1.2494476,0.023958005244628742,3.1687942455959632,1.863054816943734,,3.6758985597890677,0.5318193529425007
2026-08-17,Matarinao Bay,29.962920002639294,34.66444895602763,0.05798516795039177,-0.14526810497045517,14.038515031337738,0.56094766,8.139726858139039,4.00908690701232,2.6802518998963665,,4.822502262817063,0.5286900735086821
2026-08-18,Matarinao Bay,29.76076539605856,34.67207858338952,0.062257759273052216,-0.1428266242146492,15.869625687599182,0.16027924,4.700981236237746,2.36300241323349,2.9244519108610985,,3.759813743243996,0.5255607940748636
2026-08-19,Matarinao Bay,29.950468450784683,34.679708210751414,-0.016479995101690292,-0.09460737928748131,11.59703415632248,0.17634185,2.5181891701771666,-0.2825866883991101,2.5795309817164425,,2.5949634529402084,0.522431514641045
2026-08-20,Matarinao Bay,30.16141238808632,34.68276006169617,0.01037629321217537,-0.12878810986876488,11.749626711010933,2.0103266,0.0,1.215773022135249,0.7982110968846082,,1.4543881863318355,0.5193022352072264
2026-08-21,Matarinao Bay,30.15335550159216,34.6522415522486,-0.003662221133708954,-0.19714957103133202,10.986663937568665,1.4001278,6.436935325035682,2.1748816530469437,0.11472001900777203,,2.177905160359686,0.5161729557734078
2026-08-22,Matarinao Bay,30.2434461414814,34.53169343993068,-0.027466658502817154,-0.11535996571183205,10.528886273503304,1.4126991,3.065554566383362,1.9430918305733489,0.5979162386762418,,2.0330050886590603,0.5130436763395892
2026-08-23,Matarinao Bay,30.27274391055107,34.50727863237262,0.025025177747011185,-0.11780144646763802,10.528886273503304,1.8671601,1.8070008767568149,1.9071100036071142,0.8370579031888911,,2.082722857018982,0.5099143969057707
2026-08-24,Matarinao Bay,30.2522354722023,34.46760457009077,0.04455702379345894,-0.07629627361893654,10.528886273503304,1.9190977,0.0,2.133800028061984,1.002931254570473,,2.357747582153702,0.5067851174719521
2026-08-25,Matarinao Bay,30.353312775492668,34.487441601231694,0.01037629321217537,-0.03906369209289551,10.528886273503304,0.12708859,0.8859533636845075,1.625624401031812,1.2376310319462605,,2.043131240147437,0.5036558380381335
2026-08-26,Matarinao Bay,30.487159729003906,34.16053771972656,0.04530993103981018,-0.10466912388801575,10.52987003326416,0.12254153,0.05183474532400187,2.2245347254139496,1.4222724643289242,,2.6403434828371832,0.5005265586043149
2026-08-27,Matarinao Bay,30.249853134155273,34.19816970825195,0.0786057859659195,-0.10111788660287857,10.532746315002441,0.12552322,44.75189757127028,2.5110894815490155,1.8220179852758995,,3.102469971331705,0.4973972791704964
2026-08-28,Matarinao Bay,30.05318832397461,34.2719612121582,0.07376131415367126,-0.04635174572467804,10.532742500305176,0.098985635,5.512144191081708,2.324194481265541,2.094220636364085,,3.1285204267382354,0.49426799973667784
2026-08-29,Matarinao Bay,30.02471351623535,34.355255126953125,0.04882674664258957,-0.14932195842266083,10.533909797668457,0.10178677,0.0016953548337691107,2.640685195599609,2.372793003467982,,3.5501218203838514,0.49113872030285927
2026-08-30,Matarinao Bay,30.025785446166992,34.40277862548828,0.0295054130256176,-0.14852610230445862,10.685555458068848,0.10504977,0.0,2.6410742851107933,1.981530006693822,,3.30177748294786,0.4880094408690407
2026-08-31,Matarinao Bay,30.083669662475586,34.38693618774414,0.04851984977722168,-0.11801702529191971,10.964204788208008,0.11473553,0.0007159405860763331,2.7301079293481134,2.0518889000062805,,3.415221422376363,0.4848801614352221
2026-09-01,Matarinao Bay,30.172792434692383,34.362735748291016,-0.028517616912722588,-0.15481646358966827,11.690691947937012,0.7001366,0.0,2.4375363669553245,2.244695517242289,,3.3136447464019723,0.48175088200140354
2026-09-02,Matarinao Bay,30.170814514160156,34.33523941040039,0.09999819844961166,-0.06282584369182587,11.336316108703613,0.15083374,0.0,2.6112888796583666,3.059966512825513,0.47862160256758496,4.022713595651694,0.47862160256758496
2026-09-03,Matarinao Bay,30.093496322631836,34.3813362121582,0.05643264576792717,-0.12328646332025528,10.52956771850586,1.2580806,0.0,2.36473414317229,2.647478698141643,,3.5498043643274984,0.4575791291142355
2026-09-04,Matarinao Bay,30.110565185546875,34.41060256958008,0.03621651977300644,-0.11601114273071289,10.527984619140625,0.11316137,0.0,2.515768034330119,1.8286929310193987,,3.1101779110715757,0.436536655660886
2026-09-05,Matarinao Bay,30.155406951904297,34.353668212890625,-0.0059525067918002605,-0.15008367598056793,10.528388023376465,1.5951312,0.3946036308458666,2.4635529397457554,1.9551270740569746,,3.1450937923439644,0.41549418220753653
2026-09-06,Matarinao Bay,30.228578567504883,34.30057144165039,0.01838056370615959,-0.14670240879058838,10.524094581604004,1.59523,0.34423780061940595,2.560869101381624,1.1331365024676292,,2.8003658488911225,0.394451708754187
2026-09-07,Matarinao Bay,30.300567626953125,34.234886169433594,0.02413562312722206,-0.1400497555732727,10.514817237854004,0.17056037,2.4569512194976575,2.8280951824164204,1.1807579956526446,,3.0646878805360616,0.3734092353008376
2026-09-08,Matarinao Bay,30.245683670043945,34.21097183227539,-0.014601023867726326,-0.16170576214790344,10.532751083374023,0.17472126,0.39216462881645053,2.385743507988931,0.7948367766303104,,2.514664507920568,0.35236676184748805
2026-09-09,Matarinao Bay,30.23650550842285,34.13091278076172,-0.01913459040224552,-0.17569264769554138,10.532751083374023,0.17317645,0.7645731243963648,2.1439062118339165,0.6260066547031243,,2.233431927969297,0.3313242883941386
2026-09-10,Matarinao Bay,30.247745513916016,34.032108306884766,-0.019865933805704117,-0.23991858959197998,10.521895408630371,1.0370067,0.6207316826869983,0.9396062009484445,0.1259748870040848,,0.9480134413690876,0.3102818149407891
2026-09-11,Matarinao Bay,30.274776458740234,33.955440521240234,-0.08414604514837265,-0.22519800066947937,10.530563354492188,0.9790507,2.9050913936481244,-0.5638623558122187,-0.19474259261534574,,0.5965445781168843,0.2892393414874396
2026-09-12,Matarinao Bay,30.448312759399414,33.94254684448242,-0.09865321964025497,-0.23253284394741058,10.818809509277344,2.0430999,6.622530572298097,0.6429932274715223,-0.8922865389412544,0.26819686803409015,1.0998252398222217,0.26819686803409015
2026-09-13,Matarinao Bay,30.345836639404297,33.84862518310547,-0.04077068343758583,-0.20909430086612701,10.61267375946045,0.23868318,42.896677441713294,2.3312945132756253,-0.9049509638816128,,2.500773951131788,0.27724988039957604
2026-09-14,Matarinao Bay,30.346622467041016,33.804222106933594,-0.028351392596960068,-0.23421931266784668,11.983988761901855,0.09147283,3.239146304203243,1.2692490788132933,-0.18110322466314854,,1.2821043647269066,0.286302892765062
2026-09-15,Matarinao Bay,30.32864761352539,33.77858352661133,-0.001251619658432901,-0.25999584794044495,10.5309476852417,1.9455378,5.858506158357714,0.6438464760220668,0.21692622329011266,,0.6794080298590426,0.2953559051305479
2026-09-16,Matarinao Bay,30.095048904418945,33.68584442138672,-0.008993049152195454,-0.2107606828212738,10.546929359436035,0.81951123,78.03012029136099,0.849789788165235,0.503843748677327,,0.9879277337695993,0.3044089174960338
2026-09-17,Matarinao Bay,30.087196350097656,33.659217834472656,-0.021060198545455933,-0.17022249102592468,10.526651382446289,0.4913258,14.94289681678865,1.2911898065757248,0.15676616346059383,,1.3006716521133268,0.3134619298615197
2026-09-18,Matarinao Bay,30.178739547729492,33.62919616699219,0.03028246760368347,-0.20535114407539368,10.528252601623535,1.7075903,0.0,1.2405174327008601,-0.14609952324050732,,1.2490910981693195,0.32251494222700566
2026-09-19,Matarinao Bay,30.376564025878906,33.5815315246582,-0.036789823323488235,-0.1447167694568634,10.519498825073242,0.094970286,4.631341219652534,1.2551607708334171,0.10467504769765018,0.33156795459249155,1.2595179340722558,0.33156795459249155
2026-09-20,Matarinao Bay,30.386173248291016,33.492218017578125,-0.03885362297296524,-0.17665931582450867,10.523299217224121,1.537524,4.216493852254821,1.9543473844223522,-0.25417002867986205,,1.9708059525172972,0.3864134506220602
2026-09-21,Matarinao Bay,30.33100700378418,33.392417907714844,-0.054599322378635406,-0.20348767936229706,10.53274917602539,1.5292963,19.046432175287386,2.12100470545201,-0.7503585364965178,,2.2498219693661903,0.44125894665162885
2026-09-22,Matarinao Bay,30.29568862915039,33.27272033691406,-0.057866886258125305,-0.20554398000240326,10.527700424194336,0.22291005,24.62515082010409,1.1982104151734614,-0.4759860010910427,0.49610444268119747,1.2892908408364658,0.49610444268119747
2026-09-23,Matarinao Bay,30.400522232055664,33.26683807373047,-0.08922507613897324,-0.13317197561264038,10.523662567138672,1.116639,1.033719451507417,0.14018402855297712,0.21573826817047634,,0.2572830391116722,0.46001025712910093
2026-09-24,Matarinao Bay,30.498058319091797,33.2381706237793,-0.06026412546634674,-0.1973090022802353,10.522101402282715,1.2690259,2.228658501331399,-0.10174912335085566,-0.5793914102571576,,0.5882578434517006,0.4239160715770044
2026-09-25,Matarinao Bay,30.618431091308594,33.18855667114258,-0.10575079917907715,-0.17283399403095245,10.525315284729004,2.0359397,2.9833842325137883,0.11296117034111865,0.5259717545749041,,0.5379651592951336,0.3878218860249078
2026-09-26,Matarinao Bay,30.63800048828125,33.15465545654297,0.05931072682142258,-0.11050084233283997,10.52440071105957,0.10639654,3.0211583495866963,0.22051225363232213,0.423665103709781,,0.4776167648894091,0.35172770047281127
2026-09-27,Matarinao Bay,30.603092193603516,33.09324264526367,-0.020871751010417938,-0.09737388789653778,10.529318809509277,0.08666992,3.0187803837584286,-0.3294796390548736,0.9488662688794667,0.31563351492071473,1.0044421480448589,0.31563351492071473
2026-09-28,Matarinao Bay,30.723628997802734,33.11720657348633,-0.00027960925945080817,-0.10341856628656387,10.526390075683594,0.80346406,12.523658198554342,-0.22752199136936474,0.45104357240181747,,0.5051797311469205,
2026-09-29,Matarinao Bay,30.69650650024414,33.15204620361328,-0.022998273372650146,-0.1597503274679184,10.530048370361328,0.13250342,0.7660975016017513,0.16207672620603175,-0.5160780216183407,,0.5409301152414844,
2026-09-30,Matarinao Bay,30.63995361328125,33.21315002441406,-0.08417770266532898,-0.23078720271587372,10.780468940734863,0.104731075,2.704816997051239,-0.8584165756855036,-0.9129157460023896,,1.2531137924030384,
2026-10-01,Matarinao Bay,30.628705978393555,33.23013687133789,-0.006435705348849297,-0.18102578818798065,11.692617416381836,0.08989392,0.5064329246922237,0.38181638548385916,-0.5697141158598525,,0.6858264547492554,
2026-07-01,Pilar,30.220007926225662,33.573412243276834,0.009155552834272385,0.036011841148138046,10.37629371881485,0.60460156,26.08643242205728,0.16487210841864558,1.8169134334231332,,1.8243785891880686,
2026-07-02,Pilar,30.28519546240568,33.54289373382926,-0.022583696991205215,0.008545182645320892,10.37629371881485,1.0414099,0.0,-0.7162430620185252,0.09839822857898073,,0.722970494057091,
2026-07-03,Pilar,30.40751364827156,33.463545609265566,-0.0634784996509552,0.006714072078466415,10.37629371881485,4.5790563,0.0,-1.2743199835493635,-0.9485670190883922,,1.5886065624236505,
2026-07-04,Pilar,30.55107271671295,33.4253974724561,-0.043946653604507446,0.0024414807558059692,10.37629371881485,1.4638157,6.322336235487391,-0.9873072984571309,-0.8324845690153514,,1.2914357356196218,
2026-07-05,Pilar,30.75908687710762,33.42387154698372,-0.005493331700563431,-0.017090365290641785,10.37629371881485,2.5371165,0.2602271519185031,0.05562631293279857,-0.12882744918189765,,0.14032390513811982,
2026-07-06,Pilar,30.929746381938457,33.49864189513028,0.051271095871925354,-0.036011841148138046,10.37629371881485,0.7689176,0.0,1.1687419077449979,-0.07898585009858866,,1.171407875778208,
2026-07-07,Pilar,30.866756178438663,33.61308630555868,0.08117923513054848,-0.039674062281847,10.37629371881485,2.4362376,0.0,1.8711252227340684,0.3400112593624643,0.10528347660562189,1.901766877313007,0.10528347660562189
2026-07-08,Pilar,30.5957518145442,33.73668626882136,0.09399700909852982,-0.017090365290641785,12.665182039141655,1.5988317,16.342989221473648,3.481105412305914,1.5465310307625726,,3.8091801113490384,0.08697741446123504
2026-07-09,Pilar,30.36649677157402,33.8053529150784,0.06530961021780968,-0.007324442267417908,16.937773570418358,1.6000721,35.812177191350266,3.7105760707687305,3.382973075571526,,5.02124303405077,0.06867135231684818
2026-07-10,Pilar,30.140171505510807,33.802301064133644,0.04455702379345894,0.0006103701889514923,16.937773570418358,1.5971342,10.53884569436369,3.908038299194421,5.370302270015616,,6.641755025541465,0.05036529017246133
2026-07-11,Pilar,29.893337801098824,33.79467143677175,0.025635547935962677,0.010986663401126862,16.937773570418358,2.0926986,49.930057121379754,3.018713082712425,5.5231631283477745,,6.294279912593618,0.03205922802807448
2026-07-12,Pilar,29.814966268837452,33.79619736224413,0.022583696991205215,0.02624591812491417,14.496292695403099,2.317274,0.0,1.7153374306303262,4.120869631432261,,4.463625098524977,0.013753165883687635
2026-07-13,Pilar,29.943876452744007,33.777886256575584,0.03784295171499252,0.039674062281847,11.902219265699387,2.3098886,11.976081524740524,0.9443485922461942,2.566435748835662,,2.7346639129112438,-0.004552896260699227
2026-07-14,Pilar,30.297647014260292,33.80840476602316,0.022583696991205215,0.017090365290641785,10.528886273503304,2.330036,0.0,0.43249204099929417,1.2818213625314752,-0.022858958405086064,1.352817567512258,-0.022858958405086064
2026-07-15,Pilar,30.449995413422585,33.81756031885743,0.05005035549402237,-0.01342814415693283,10.37629371881485,1.8013246,0.0,0.6578151400628822,0.677516752813798,,0.9443250017019047,0.027138462423807883
2026-07-16,Pilar,30.507126063108444,33.84655290283263,0.0555436871945858,-0.004272591322660446,10.37629371881485,1.9451895,0.0,1.1141304554108735,1.1355328916083465,,1.590824195063192,0.07713588325270183
2026-07-17,Pilar,30.48149051517248,33.87554548680782,0.06103701889514923,-0.0024414807558059692,11.749626711010933,1.636627,0.0,1.35982532952294,1.8184829977290033,0.1271333040815958,2.270683892540226,0.1271333040815958
2026-07-18,Pilar,30.565721601247787,33.88317511416972,0.05493331700563431,0.0030518509447574615,11.749626711010933,3.5128093,26.208560561398777,1.3056545441948686,1.657515808479497,,2.1099982095101764,0.18664831875835933
2026-07-19,Pilar,30.529099389910698,33.89080474153161,0.056764427572488785,0.003662221133708954,12.207404375076294,1.2963773,1.5859776314972451,1.4921290534118412,1.4539141550431205,,2.0833423823919266,0.24616333343512287
2026-07-20,Pilar,30.66899623721838,33.89080474153161,0.043946653604507446,-0.0079348124563694,10.528886273503304,4.1705265,0.0,0.8702298320267827,0.43738822965409585,,0.9739653094383324,0.3056783481118864
2026-07-21,Pilar,30.625782027840614,33.86486400850117,0.03906369209289551,-0.02136295661330223,10.37629371881485,1.9667056,15.664757177319828,0.8642071312868634,-0.615879311043838,,1.0612074686595936,0.3651933627886499
2026-07-22,Pilar,30.727591775357723,33.8343454990536,0.01037629321217537,-0.02075258642435074,10.37629371881485,0.8063631,31.329514354639656,1.0261026652761018,-0.5992913354190134,0.42470837746541346,1.1882915401512477,0.42470837746541346
2026-07-23,Pilar,30.458784744143486,33.837397349998355,0.04272591322660446,-0.0006103701889514923,13.580737367272377,0.7237775,0.0,1.803499079236255,1.0626438020445739,,2.0932799093360086,0.3840798299224236
2026-07-24,Pilar,30.225135035812855,33.85113067924976,0.025025177747011185,0.017090365290641785,16.937773570418358,0.6500792,0.0,2.0649106318564194,4.822831955430176,,5.2462904978539004,0.3434512823794338
2026-07-25,Pilar,30.08377330005169,33.84044920094311,0.015259254723787308,0.021973326802253723,14.191107586026192,0.7409037,0.0,1.1081257531541258,2.8772489099784067,,3.08326190499207,0.3028227348364439
2026-07-26,Pilar,30.36649677157402,33.74584182165563,0.032959990203380585,0.032959990203380585,10.528886273503304,0.72291255,7.90605017123654,0.8159335653501617,1.423242017804249,,1.64053815082385,0.26219418729345406
2026-07-27,Pilar,30.54155094176531,33.764152927324176,0.02624591812491417,0.001831110566854477,10.37629371881485,0.48002675,2.333338838551545,0.3483585286547889,1.003686307132213,,1.0624216995201239,0.22156563975046423
2026-07-28,Pilar,30.38261054456234,33.70311590842903,0.043336283415555954,-0.017700735479593277,10.37629371881485,0.5990474,35.54779317337653,1.0665294759820496,0.08471013858448792,,1.0698882795495746,0.18093709220747436
2026-07-29,Pilar,30.14163639396429,33.70769368484616,0.03784295171499252,-0.015259254723787308,10.37629371881485,0.9218907,0.0,0.9278263942824526,0.5913156478820267,,1.1002345265248306,0.1403085446644845
2026-07-30,Pilar,30.404583871364594,33.72295293956995,0.02685628831386566,-0.005493331700563431,10.37629371881485,3.2364724,10.64053952579094,0.8124787883603798,0.14889056201469253,,0.826008584091353,0.09967999712149467
2026-07-31,Pilar,30.02224798500538,33.67259739898145,0.05493331700563431,-0.011597033590078354,10.37629371881485,3.1087406,35.28668819273138,1.6647774231942147,-0.17236546078597492,,1.6736767073868033,0.05905144957850483
2026-08-01,Pilar,29.844996482133865,33.69090850465,0.0476088747382164,0.0006103701889514923,12.05481182038784,1.905023,24.563313109337244,1.868943309076047,1.255771015913977,,2.2516460505482976,0.018422902035515
2026-08-02,Pilar,29.939481787383556,33.78704180940986,0.05066072568297386,0.010986663401126862,13.73332992196083,2.5529025,0.0,2.312506662385566,2.431564586470828,,3.3556211648153433,-0.02220564550747489
2026-08-03,Pilar,29.943144008517265,33.79161958582699,0.056764427572488785,0.017700735479593277,13.122959703207016,5.1640353,8.190794775711089,2.6281560077663952,3.3777987939920866,-0.06283419305046474,4.279804749501196,-0.06283419305046474
2026-08-04,Pilar,29.93288978934288,33.81145661696792,0.056764427572488785,0.020142216235399246,12.817774593830109,5.033246,12.911847908372822,2.703217118386878,3.6299974917953914,,4.525954548996343,-0.02740497664765887
2026-08-05,Pilar,29.88747824728489,33.837397349998355,0.06164738908410072,0.010986663401126862,13.428144812583923,1.8183565,0.0,2.98313741520981,3.8119455971043696,,4.8404584569344316,0.008024239755147003
2026-08-06,Pilar,29.7527085095644,33.85723438113928,0.05615405738353729,0.0024414807558059692,15.717033132910728,1.6088514,9.604987877641797,3.3353373591566093,3.360751925859759,,4.734884244261507,0.043453456157952874
2026-08-07,Pilar,29.667744979262352,33.87096771039069,0.05798516795039177,0.001831110566854477,15.717033132910728,1.5925233,43.31911101736314,3.626952490534125,3.3232327235212145,,4.91921336224339,0.07888267256075875
2026-08-08,Pilar,29.56813256442547,33.88012326322496,0.04211554303765297,0.01037629321217537,15.411848023533821,1.4079403,31.287439923295622,3.373889350528938,4.746795306381899,,5.823675388472627,0.11431188896356463
2026-08-09,Pilar,29.510269470512867,33.898434368893504,0.04272591322660446,0.01037629321217537,15.259255468845367,1.332861,0.0,3.148626596512376,5.380843857605183,,6.234366853513879,0.14974110536637047
2026-08-10,Pilar,29.48683125525713,33.91674547456205,0.04516739398241043,0.01342814415693283,14.343700140714645,1.0542829,0.0,2.630879370717214,5.1816529903760875,,5.811286774539599,0.18517032176917636
2026-08-11,Pilar,29.51173435896635,33.932004729285836,0.05371257662773132,0.0158696249127388,13.27555225789547,0.57763267,0.0,2.5272127342783848,4.473695091585534,,5.138166207585672,0.22059953817198225
2026-08-12,Pilar,29.567400120198727,33.95489361137152,0.059205908328294754,0.012817773967981339,12.817774593830109,2.4738712,0.0,2.525784936487088,4.233438434614,,4.929664342026962,0.25602875457478813
2026-08-13,Pilar,29.59743033349514,33.97167879156768,0.054322946816682816,0.01342814415693283,12.817774593830109,1.3243102,0.0,2.450294770540895,3.9078389169349586,,4.612499264309042,0.291457970977594
2026-08-14,Pilar,29.78200627863407,33.97320471704006,0.06530961021780968,0.017090365290641785,11.749626711010933,0.9161182,0.0,1.964450248798599,3.253424195681091,,3.800504410870751,0.32688718738039985
2026-08-15,Pilar,29.90432446449995,34.00219730101526,0.07385479286313057,0.0048829615116119385,12.05481182038784,0.7469926,0.0,2.2528774265425615,2.8546303644218165,,3.636532856513752,0.36231640378320573
2026-08-16,Pilar,29.85891292244196,34.015930630266666,0.06897183135151863,0.006103701889514923,12.970367148518562,2.3928323,25.850888768602196,2.605377008934291,3.573651787079453,0.3977456201860116,4.4225531601078085,0.3977456201860116
2026-08-17,Pilar,29.730735182762146,34.02508618310094,0.05615405738353729,0.0048829615116119385,14.648885250091553,2.4001474,23.10120127609929,2.9511392413283724,4.110513240628841,,5.060191885995354,0.35006227809261603
2026-08-18,Pilar,29.65016631782055,34.03729358687997,0.039674062281847,0.010986663401126862,15.717033132910728,1.5898367,29.8545713700311,2.7494203359089266,5.131991743444677,,5.822083084111209,0.3023789359992204
2026-08-19,Pilar,29.697775192558765,34.04644913971424,0.03723258152604103,0.023194067180156708,13.428144812583923,1.9791769,3.9291747172214158,1.914099573945003,3.9401207751773417,,4.380448481829291,0.2546955939058248
2026-08-20,Pilar,30.029572427272797,34.05560469254851,0.059816278517246246,0.020142216235399246,11.749626711010933,3.0688245,1.364957176766184,1.655947459540424,2.8343859844703285,,3.282667497283302,0.2070122518124292
2026-08-21,Pilar,30.077181302011013,34.07544172368944,0.06591998040676117,0.001831110566854477,11.902219265699387,2.565129,0.0030645581396558604,1.682316312719128,2.418927906338628,,2.946421624972343,0.15932890971903357
2026-08-22,Pilar,30.049348421394825,34.08612320199609,0.06653035059571266,0.01342814415693283,12.359996929764748,2.2421856,0.09742435828741344,2.145494254928127,2.7227074952193866,,3.466450879855854,0.11164556762563799
2026-08-23,Pilar,30.130649730563164,34.0998565312475,0.06042664870619774,0.015259254723787308,12.207404375076294,0.63735545,11.751261623838273,1.9118193444575178,3.0261202410015238,0.06396222553224232,3.579449247976718,0.06396222553224232
2026-08-24,Pilar,30.07937863469124,34.113589860498905,0.05737479776144028,0.012817773967981339,12.970367148518562,2.5558937,0.9366347653098648,2.2191997125073457,3.6317762888179588,,4.2561304463107135,0.06000039405711893
2026-08-25,Pilar,30.036164425313473,34.125797264277935,0.04943998530507088,0.0158696249127388,13.27555225789547,2.709116,6.476796879704057,2.212197782666947,3.6564539111423997,,4.273578621476983,0.05603856258199555
2026-08-26,Pilar,30.422101974487305,34.23191452026367,0.050795022398233414,0.0031667868606746197,16.95559310913086,0.80373186,15.780745491586437,2.4148178411316175,3.728935099792217,,4.442555816679174,0.052076731106872165
2026-08-27,Pilar,30.32554817199707,34.216514587402344,0.0467875637114048,0.0010037407046183944,16.955734252929688,0.7189941,57.900342224650295,2.588273748552246,3.6164750145771096,,4.4472522447580145,0.04811489963174878
2026-08-28,Pilar,30.161100387573242,34.229949951171875,0.04285474866628647,-0.007814070209860802,16.95623016357422,0.40885976,20.71399198837133,2.5623204606443246,3.896468436308482,,4.663469997564562,0.0441530681566254
2026-08-29,Pilar,30.16216278076172,34.23885726928711,0.04671680927276611,-0.011300512589514256,16.95602798461914,0.57089895,10.389404426420354,2.6404249460281903,4.276215399688293,,5.0257200519069185,0.04019123668150201
2026-08-30,Pilar,30.14325714111328,34.249427795410156,0.054079145193099976,-0.007266172673553228,16.955936431884766,0.5780473,0.5780537614243567,2.6288402194538905,3.9284956965774906,,4.726931281227414,0.03622940520637863
2026-08-31,Pilar,30.15546989440918,34.25886154174805,0.05502628907561302,-0.009261207655072212,16.955928802490234,1.097213,6.615315203951503,2.6662760990879684,4.435886386987069,,5.1755305307596196,0.032267573731255245
2026-09-01,Pilar,30.227699279785156,34.270999908447266,0.05603264644742012,-0.007606714032590389,16.724624633789062,1.789605,5.24401837221684,2.323289148510789,4.4830732053576945,,5.049318551268488,0.02830574225613186
2026-09-02,Pilar,30.21312141418457,34.283843994140625,0.06394920498132706,-0.006168399006128311,16.773639678955078,1.0286324,0.21214723152799841,2.744936285046908,4.7696413955560075,,5.503104056000447,0.024343910781008476
2026-09-03,Pilar,30.18950843811035,34.295867919921875,0.0658138245344162,-0.020191626623272896,16.9559383392334,2.8086398,1.8970244667647074,2.8006227036615576,4.258541050875885,,5.096926467024971,0.020382079305885092
2026-09-04,Pilar,30.26945686340332,34.284786224365234,0.05504705011844635,-0.028648478910326958,16.141687393188477,1.5131582,3.8121777889918698,2.555935573726044,3.420837882061852,,4.270238690329581,0.01642024783076171
2026-09-05,Pilar,30.336036682128906,34.27701950073242,0.03601555526256561,-0.013331146910786629,16.178922653198242,1.627335,21.22653374350144,2.555761018565709,3.5789591446660376,,4.397824796784051,0.012458416355638324
2026-09-06,Pilar,30.393871307373047,34.27180099487305,0.013281670399010181,-0.0006110236863605678,15.949174880981445,0.6163735,7.699509069232121,2.464129978195077,2.9142536628890405,,3.8163871607977433,0.00849658488051494
2026-09-07,Pilar,30.472562789916992,34.26769256591797,0.01450374349951744,0.0010845997603610158,16.100263595581055,0.6214349,3.885245418987391,2.5093189797910944,2.5068630568828483,,3.546976758917915,0.004534753405391556
2026-09-08,Pilar,30.43293571472168,34.252437591552734,0.008549828082323074,0.00753057561814785,16.815427780151367,0.5385053,0.5975153132176108,2.3236698412059726,2.6628261614232698,,3.534131392137306,0.0005729219302681721
2026-09-09,Pilar,30.415138244628906,34.21947479248047,0.02224881760776043,0.0062135085463523865,16.329795837402344,0.4939057,5.025950826750211,2.4112117128135133,3.09333002503499,,3.922069934077164,-0.003388909544855212
2026-09-10,Pilar,30.26479148864746,34.22908401489258,0.013369283638894558,0.006820144131779671,16.954792022705078,1.0642842,0.8902453972152407,1.3801126897016092,2.6280469981043244,,2.9683904831609604,-0.007350741019978596
2026-09-11,Pilar,30.390153884887695,34.21596145629883,-0.010964281857013702,0.006038395222276449,15.413172721862793,1.047298,0.07067484497963995,0.09083319936785574,-0.22583704309185287,,0.24341947362499994,-0.01131257249510198
2026-09-12,Pilar,30.509065628051758,34.204185485839844,0.01717221550643444,-0.016714133322238922,15.77315902709961,1.146789,4.747515206688021,0.9143179054810101,-2.037072985566961,-0.015274403970225357,2.2328554769196045,-0.015274403970225357
2026-09-13,Pilar,30.36243438720703,34.18687438964844,0.06729250401258469,-0.030656971037387848,16.95484161376953,0.4821118,10.277975259383032,2.224891372857142,-2.3571174262040393,,3.2413182784060086,0.02290776952390687
2026-09-14,Pilar,30.532028198242188,34.15888977050781,0.02969832718372345,-0.008668210357427597,14.711409568786621,1.101552,1.2108895116788478,1.2093519045860885,-1.5585180207194391,,1.9726911694518323,0.0610899430180391
2026-09-15,Pilar,30.54102325439453,34.14896011352539,0.03520865738391876,-0.016702843829989433,15.825104713439941,0.24601488,4.579263677626299,1.233153023662992,-0.0020640880440505357,0.09927211651217134,1.2331547511276244,0.09927211651217134
2026-09-16,Pilar,30.38435935974121,34.04207992553711,0.024892538785934448,0.006494618486613035,15.18528938293457,0.9860452,16.240950239216623,1.2439942102285735,0.6874574934203619,,1.4213090446282326,0.0982084068638169
2026-09-17,Pilar,30.446741104125977,34.0209846496582,0.011966449208557606,0.02210095152258873,14.817707061767578,0.8011237,0.4251533584909205,1.0261736227279497,1.9157181706182413,,2.1732483551631887,0.09714469721546247
2026-09-18,Pilar,30.393470764160156,34.02450180053711,0.03745075315237045,0.025038357824087143,16.332340240478516,1.1405656,0.9891103983291086,1.4515168617863576,2.2610012500907146,,2.6868248645868027,0.09608098756710802
2026-09-19,Pilar,30.500871658325195,34.00147247314453,0.004772615153342485,0.011531960219144821,14.486024856567383,0.5898221,5.1802757188586375,1.2234244673399857,1.081191782504397,,1.6327103533208709,0.09501727791875358
2026-09-20,Pilar,30.615066528320312,33.99466323852539,0.027186432853341103,-0.000600782863330096,13.854551315307617,2.7132168,1.8135275860414184,1.0366472632449135,0.6737479664142239,0.09395356827039915,1.2363550746611878,0.09395356827039915
2026-09-21,Pilar,30.649587631225586,33.96169662475586,0.01004965603351593,0.007815792225301266,13.692045211791992,0.65201545,2.1689876882942176,1.021182169059017,0.5197750637614827,,1.1458530181975053,0.06266234405874202
2026-09-22,Pilar,30.736759185791016,33.914493560791016,-0.0005058520473539829,0.007700985763221979,12.926467895507812,2.5632544,2.15552139561052,0.6262794766589889,0.08365652109702881,,0.6318420660309937,0.031371119847084905
2026-09-23,Pilar,30.81287384033203,33.90005111694336,0.0068114097230136395,-0.002294550882652402,12.495616912841797,2.871143,1.8317790945614776,0.5816106867053524,-0.7230687034412016,,0.9279543850782817,7.989563542777633e-05
2026-09-24,Pilar,30.920209884643555,33.870826721191406,0.0003420670109335333,0.00011946666927542537,12.546886444091797,0.49179578,0.7879141269285987,0.6187127865844495,-1.1349276449321035,,1.292619925389604,-0.03121132857622934
2026-09-25,Pilar,31.042865753173828,33.82474136352539,-0.013340597972273827,0.02837635762989521,12.036334037780762,0.6324134,1.5952760735355274,0.46222611994770507,0.39685092704110503,-0.06250255278788644,0.6092155975147835,-0.06250255278788644
2026-09-26,Pilar,31.061161041259766,33.80316925048828,-0.00987771712243557,0.035981446504592896,10.474791526794434,2.3530643,1.9623925777300735,0.6804758230268945,0.9193135861306737,,1.1437590722562898,-0.08781964785645074
2026-09-27,Pilar,31.049331665039062,33.794673919677734,-0.006914609111845493,0.044975485652685165,11.07127571105957,3.1166074,5.733864762300364,0.30860120159921595,0.5274843690351317,,0.6111255690976045,-0.11313674292501506
2026-09-28,Pilar,31.07633399963379,33.74123001098633,-0.0044349911622703075,0.0367523655295372,10.447677612304688,1.2328836,1.438251515564743,0.16377953217063734,0.3412095858152308,,0.37848080084759145,-0.13845383799357938
2026-09-29,Pilar,31.088090896606445,33.72645950317383,0.0013822930632159114,0.022021375596523285,10.447677612304688,1.1062182,2.300736075530023,0.31864286567929,0.5826347320783164,,0.6640756785730687,-0.1637709330621437
2026-09-30,Pilar,31.196918487548828,33.67342758178711,-0.04060472175478935,0.022703243419528008,10.447677612304688,4.364772,1.356687115562474,-0.8943739604521929,-0.8114208561880651,-0.189088028130708,1.2076044828468937,-0.189088028130708
2026-10-01,Pilar,31.241531372070312,33.616485595703125,-0.01877475157380104,0.01662909798324108,10.447677612304688,0.7180378,13.635245309285592,-0.05547602782075771,-1.0301553908354175,,1.031648059625976,
2026-07-01,Sapian Bay,30.392864763736725,33.50321967154741,0.0317392498254776,0.02685628831386566,10.986663937568665,0.26736656,53.37700483468862,0.07978976577190235,1.166014214536815,,1.1687410128954323,
2026-07-02,Sapian Bay,30.5957518145442,33.57799001969397,-0.01831110566854477,0.0030518509447574615,10.83407138288021,0.5347025,0.0,-0.5492116979962031,-0.04670770338774928,,0.5511942477671828,
2026-07-03,Sapian Bay,30.694631785154343,33.60545667819679,-0.04699850454926491,0.003662221133708954,10.83407138288021,1.3225377,0.0,-1.0019132903695467,-0.576618218830105,,1.1559925655928478,
2026-07-04,Sapian Bay,30.842585518956184,33.620715932920575,-0.036011841148138046,0.0079348124563694,10.681478828191757,0.32046598,0.0,-0.710951133797176,-0.49598105448370394,,0.8668614197518869,
2026-07-05,Sapian Bay,31.06158634275198,33.61308630555868,-0.015259254723787308,0.0012207403779029846,10.528886273503304,0.32095206,3.1013508723332333,-0.12095825141530264,-0.19367641000469174,,0.22834502485877162,
2026-07-06,Sapian Bay,31.19708852469921,33.620715932920575,0.03418073058128357,-0.017090365290641785,10.528886273503304,0.37935203,4.0702805519104,0.788944607414868,-0.05405275098986978,,0.7907940904297232,
2026-07-07,Sapian Bay,31.11505477130413,33.65428629331291,0.06286812946200371,-0.017700735479593277,11.139256492257118,0.67296106,2.4102820821908804,1.4611200388344636,0.09896994165303365,-0.1299918212815404,1.4644681004495896,-0.1299918212815404
2026-07-08,Sapian Bay,30.86089662462473,33.66038999520242,0.08972441777586937,0.0012207403779029846,11.902219265699387,0.61455417,18.275828000582184,2.8286535314922983,0.797819801207636,,2.9390129697609098,-0.016163248887365797
2026-07-09,Sapian Bay,30.49687184393406,33.67412332445383,0.0872829370200634,0.0048829615116119385,12.05481182038784,0.63840514,36.44325343205379,3.0282945565706787,1.6788960102221517,,3.462551044316237,0.09766532350680882
2026-07-10,Sapian Bay,30.154820390045643,33.67870110087097,0.054322946816682816,0.011597033590078354,12.05481182038784,0.6401965,22.780471233954795,2.7270383863650793,2.9873030369375413,,4.044838413979589,0.21149389590098344
2026-07-11,Sapian Bay,29.84279914945364,33.669545548036695,0.025025177747011185,0.015259254723787308,12.05481182038784,1.7764916,74.89923758873572,1.6218442311819952,3.189794508352021,,3.578430901349225,0.32532246829515804
2026-07-12,Sapian Bay,29.810571603477,33.68785665370524,0.021973326802253723,0.02136295661330223,11.444441601634026,1.9387224,0.0,0.8311172496876331,2.5262302713691898,,2.6594351405346184,0.43915104068933264
2026-07-13,Sapian Bay,30.05081330984831,33.70769368484616,0.029908139258623123,0.031128879636526108,10.986663937568665,1.9192069,7.77354233961839,0.33525912735277325,1.5272013228705525,,1.5635672556851876,0.5529796130835073
2026-07-14,Sapian Bay,30.397259429097176,33.74736774712801,0.02868739888072014,0.005493331700563431,10.681478828191757,2.4016693,0.0,0.2044573877033031,0.5254150008386957,0.6668081854776818,0.563794063903466,0.6668081854776818
2026-07-15,Sapian Bay,30.531296722590923,33.76873070374131,0.05371257662773132,-0.009155552834272385,10.83407138288021,1.1743766,0.0,0.5524500052614395,0.4775157091240631,,0.7302206931973522,0.6141533246821111
2026-07-16,Sapian Bay,30.606738477945328,33.78704180940986,0.0634784996509552,0.001831110566854477,10.986663937568665,1.696649,21.190315950833835,0.9346621860070053,0.5958530515102224,,1.1084377569107964,0.5614984638865403
2026-07-17,Sapian Bay,30.59941403567791,33.80687884055078,0.05737479776144028,0.006714072078466415,11.291849046945572,0.65601355,0.0,0.9287774834147879,1.0314345172524817,0.5088436030909697,1.3879786659304842,0.5088436030909697
2026-07-18,Sapian Bay,30.711478002369404,33.83129364810884,0.05615405738353729,0.007324442267417908,11.139256492257118,1.8967468,20.136243735093334,0.9645295291988992,0.8856523289061025,,1.3094644937505764,0.4957973850875088
2026-07-19,Sapian Bay,30.65727712959051,33.85113067924976,0.0476088747382164,0.006103701889514923,11.291849046945572,0.48804775,20.136243735093334,1.1337114047908117,0.7632896331141726,,1.3667159958719748,0.4827511670840479
2026-07-20,Sapian Bay,30.761284209787846,33.86638993397355,0.04699850454926491,-0.004272591322660446,11.139256492257118,1.6761098,0.0,0.8309215149970696,0.12812463094340595,,0.8407416280519296,0.4697049490805871
2026-07-21,Sapian Bay,30.78765220195055,33.861812157556415,0.04516739398241043,-0.017090365290641785,11.139256492257118,0.32310688,17.868259581052342,0.7779331553018347,-0.5447081290222968,,0.9496772819968052,0.45665873107712623
2026-07-22,Sapian Bay,30.923886828124523,33.84655290283263,0.0238044373691082,-0.021973326802253723,10.83407138288021,0.426997,22.340338985736558,0.8284210961871038,-0.6101376207213389,,1.0288583132906781,0.44361251307366534
2026-07-23,Sapian Bay,30.62871180474758,33.85113067924976,0.046388134360313416,0.0024414807558059692,11.749626711010933,0.40141302,9.62839330966656,1.1446042094465954,0.35659777673949905,,1.1988664523867616,0.4305662950702045
2026-07-24,Sapian Bay,30.318155452609062,33.838923275470734,0.028077028691768646,0.016479995101690292,12.05481182038784,0.4843096,0.0,0.8827076861025224,2.7167488224916956,,2.8565533468875537,0.41752007706674366
2026-07-25,Sapian Bay,30.135776840150356,33.82213809527457,0.019531846046447754,0.014038514345884323,11.902219265699387,0.528044,0.0,0.6229696187367975,1.8627199291102479,,1.964132551579337,0.40447385906328276
2026-07-26,Sapian Bay,30.32474745064974,33.79772328771651,0.022583696991205215,0.0238044373691082,10.986663937568665,0.5439491,0.0,0.38959872350471875,0.9301224888151386,,1.0084220394042238,0.3914276410598219
2026-07-27,Sapian Bay,30.422162532806396,33.823664020746946,0.0317392498254776,0.0079348124563694,10.83407138288021,0.3515257,0.0,0.13908603856450721,0.6917690984672172,,0.7056127916341327,0.378381423056361
2026-07-28,Sapian Bay,30.416302978992462,33.81756031885743,0.038453321903944016,-0.007324442267417908,10.83407138288021,0.5214231,32.34920345599836,0.7711552008161136,0.07012592449649224,,0.7743371287961259,0.3653352050529002
2026-07-29,Sapian Bay,30.21927548199892,33.777886256575584,0.029908139258623123,-0.009155552834272385,11.291849046945572,0.9908247,0.0,0.7237928549928849,0.36989806101761574,,0.8128349601753995,0.35228898704943934
2026-07-30,Sapian Bay,30.508590951561928,33.814508467912674,0.03357036039233208,-0.006714072078466415,10.986663937568665,1.0914876,0.0,0.7256494927382304,0.024642391387309445,,0.7260677886840432,0.3392427690459785
2026-07-31,Sapian Bay,30.199499487876892,33.7626270018518,0.040894802659749985,-0.006103701889514923,11.291849046945572,1.0908414,41.76340099041279,1.0566096714015938,-0.02482553827318421,,1.0569012749779128,0.3261965510425176
2026-08-01,Sapian Bay,30.033234648406506,33.74584182165563,0.040894802659749985,0.0006103701889514923,11.444441601634026,0.6851139,20.181814239208514,1.23930501025489,0.696869280163015,,1.421795942488862,0.31315033303905676
2026-08-02,Sapian Bay,29.974639110267162,33.76720477826893,0.051271095871925354,0.007324442267417908,11.59703415632248,0.9688271,0.4836340684157152,1.778122545609182,1.2340304628239662,,2.164382353093189,0.30010411503559586
2026-08-03,Sapian Bay,30.00613421201706,33.78551588393748,0.048829615116119385,0.012817773967981339,11.444441601634026,1.7774721,0.0,1.759910214703608,1.8140205087258379,0.287057897032135,2.5274402801838955,0.287057897032135
2026-08-04,Sapian Bay,30.05520797520876,33.80840476602316,0.04516739398241043,0.017090365290641785,11.291849046945572,2.2287133,2.020828227996826,1.782575605379011,1.9934862718841473,,2.67424069692369,0.2974189005672121
2026-08-05,Sapian Bay,30.02664265036583,33.83281957358122,0.05066072568297386,0.010986663401126862,11.444441601634026,0.6154843,0.0,2.1975321678476636,2.035596809718544,,2.995463570211056,0.30777990410228917
2026-08-06,Sapian Bay,29.89553513377905,33.849604753777385,0.051271095871925354,0.007324442267417908,12.05481182038784,0.58747923,19.46857917785644,2.494223618675455,1.734604319296815,,3.0380920994073977,0.31814090763736624
2026-08-07,Sapian Bay,29.755638286471367,33.85876030661166,0.06286812946200371,0.005493331700563431,12.05481182038784,0.57465607,34.10182251856877,2.715692435626658,1.6989629539958424,,3.203351451834489,0.32850191117244326
2026-08-08,Sapian Bay,29.63771476596594,33.85876030661166,0.05249183624982834,0.012207403779029846,11.902219265699387,0.5545135,31.65741798400879,2.174481001025121,2.5846185277235842,,3.377664956396836,0.33886291470752034
2026-08-09,Sapian Bay,29.627460546791553,33.87859733775258,0.051881466060876846,0.014038514345884323,11.749626711010933,0.5573842,0.0,2.059156819292667,3.1344164833201393,,3.7502924549091476,0.3492239182425974
2026-08-10,Sapian Bay,29.659688092768192,33.89233066700399,0.05249183624982834,0.0158696249127388,11.444441601634026,0.39583564,0.0,1.591533117303916,2.9552062230047755,,3.356519251242464,0.3595849217776745
2026-08-11,Sapian Bay,29.725608073174953,33.9060639962554,0.054322946816682816,0.016479995101690292,11.291849046945572,0.33062485,0.0,1.6192182385309233,2.577950772562056,,3.0442893899471004,0.36994592531275156
2026-08-12,Sapian Bay,29.82229071110487,33.922849176451564,0.05249183624982834,0.016479995101690292,11.291849046945572,0.6570542,0.0,1.6533632979532271,2.4495781714102294,,2.955341505286361,0.3803069288478286
2026-08-13,Sapian Bay,29.90066224336624,33.93047880381346,0.051271095871925354,0.019531846046447754,11.291849046945572,0.512428,18.182105698218713,1.4062997754606963,2.2867261825611473,,2.6845475768686766,0.39066793238290565
2026-08-14,Sapian Bay,30.02664265036583,33.92895287834108,0.05737479776144028,0.019531846046447754,11.139256492257118,1.2216641,18.88313172560472,1.121137217572569,1.937595433578991,,2.2385764951979015,0.4010289359179827
2026-08-15,Sapian Bay,30.070589303970337,33.945738058537245,0.06408886983990669,0.011597033590078354,11.291849046945572,1.3521204,4.285458509005033,1.6431219729051856,1.593350857046076,,2.2888024754209995,0.4113899394530598
2026-08-16,Sapian Bay,30.074983969330788,33.956419536843896,0.06591998040676117,0.012817773967981339,11.444441601634026,2.0743413,1.9236563578018775,1.9115064300199054,1.970227920516861,0.42175094298813687,2.745114731808424,0.42175094298813687
2026-08-17,Sapian Bay,29.93288978934288,33.96557508967817,0.06164738908410072,0.012207403779029846,11.749626711010933,2.0743413,39.635745925903315,2.213874695884498,2.2415509274358847,,3.150522453398222,0.4033606500961026
2026-08-18,Sapian Bay,29.828882709145546,33.97473064251244,0.0476088747382164,0.017090365290641785,11.749626711010933,1.7804514,26.037435487600476,1.7042850559691776,3.025515034599727,,3.472510442977652,0.3849703572040684
2026-08-19,Sapian Bay,29.89187291264534,33.98998989723623,0.04699850454926491,0.0238044373691082,11.291849046945572,1.7695367,1.684231231579414,1.0739253467663537,2.421872048459625,,2.6492979956088845,0.36658006431203416
2026-08-20,Sapian Bay,30.13797417283058,34.00982692837715,0.062257759273052216,0.016479995101690292,10.986663937568665,2.111114,2.922393323824956,1.0929714867475655,1.4989209524454306,,1.8550877856648995,0.3481897714199999
2026-08-21,Sapian Bay,30.180455937981606,34.02508618310094,0.062257759273052216,0.008545182645320892,11.139256492257118,1.9945216,0.36650708900048184,1.229970870541422,1.219058129962718,,1.731742205586219,0.32979947852796565
2026-08-22,Sapian Bay,30.225867480039597,34.041871363297105,0.0634784996509552,0.01342814415693283,11.139256492257118,1.6150144,0.3998355840834288,1.4961364433724595,1.383354144754247,,2.037668507632178,0.31140918563593145
2026-08-23,Sapian Bay,30.269814133644104,34.06018246896565,0.054322946816682816,0.014648884534835815,11.291849046945572,0.42368767,2.9463116990602933,1.3610894838488719,1.6296564545876313,0.2930188927438972,2.1232863073601536,0.2930188927438972
2026-08-24,Sapian Bay,30.28519546240568,34.08001950010657,0.051881466060876846,0.016479995101690292,11.291849046945572,0.9515065,0.3666905747697904,1.4517347041933921,2.017747560176485,,2.48572703005733,0.29169216869342723
2026-08-25,Sapian Bay,30.28006835281849,34.0922269038856,0.043946653604507446,0.02136295661330223,11.291849046945572,0.9515107,4.782715767346895,1.2133896684598593,2.0460437628677854,,2.3787832114539764,0.2903654446429572
2026-08-26,Sapian Bay,31.169958114624023,34.193424224853516,0.02901938557624817,-0.00806241761893034,11.988004684448242,0.40910012,8.264080052742592,1.3579770582320112,2.136278782486316,,2.5313610424405453,0.28903872059248725
2026-08-27,Sapian Bay,31.063709259033203,34.165958404541016,0.02188013307750225,0.007584365084767342,11.988004684448242,0.40599808,56.22559193537785,1.5920838089988074,2.0317099130405767,,2.58119662668761,0.2877119965420173
2026-08-28,Sapian Bay,30.885618209838867,34.190452575683594,0.038157109171152115,0.0014596892287954688,11.988004684448242,0.23935787,15.53082023033729,1.4934666010308248,2.1697762154140268,,2.6340788358306555,0.2863852724915473
2026-08-29,Sapian Bay,30.855361938476562,34.202213287353516,0.0414196215569973,0.0039790039882063866,11.988004684448242,0.3052324,0.8625091539896451,1.7497620289659455,2.46490614123695,,3.022818129348614,0.2850585484410773
2026-08-30,Sapian Bay,30.903526306152344,34.213932037353516,0.04899390786886215,0.0057990094646811485,11.988004684448242,0.2912951,0.0,1.707297402926443,2.332173538952316,,2.8903110278703132,0.28373182439060735
2026-08-31,Sapian Bay,30.920921325683594,34.22559356689453,0.042235322296619415,0.007270988076925278,11.988004684448242,0.42925483,0.6883247885795739,1.635950232560541,2.6334101549928413,,3.100190672819062,0.2824051003401374
2026-09-01,Sapian Bay,30.990646362304688,34.237213134765625,0.04317840561270714,0.0028073876164853573,11.988004684448242,0.2827521,1.6531402799414425,1.5233629078783422,2.599458409820319,,3.012941847013503,0.28107837628966736
2026-09-02,Sapian Bay,31.043399810791016,34.24863815307617,0.039028190076351166,0.013283624313771725,11.988004684448242,0.39134112,0.0014634145673636985,1.907649127618304,2.761157432711737,,3.356056549333182,0.2797516522391974
2026-09-03,Sapian Bay,31.00646209716797,34.25867462158203,0.03845064342021942,0.008854435756802559,11.988004684448242,1.2241187,0.9024390311139387,1.9586660744320354,2.491931825005876,,3.1695578574318715,0.27842492818872744
2026-09-04,Sapian Bay,31.075225830078125,34.24806213378906,0.02935500256717205,-0.009192331694066525,11.988004684448242,0.85272,6.53149359836811,1.8404447165620779,1.944947335895335,,2.6776961915287605,0.2770982041382574
2026-09-05,Sapian Bay,31.0900821685791,34.25799560546875,0.025889955461025238,0.00159277836792171,11.988004684448242,0.85272,19.430122009137783,1.8413929223774184,2.018785544872765,,2.73243901501367,0.27577148008778746
2026-09-06,Sapian Bay,31.08427619934082,34.256927490234375,0.02272537723183632,-0.005807666108012199,11.988004684448242,0.25885022,7.383109461970448,1.9219818115234375,1.6882213965163377,,2.5581449465349864,0.2744447560373175
2026-09-07,Sapian Bay,31.1051082611084,34.254844665527344,0.021987229585647583,0.0005447310395538807,11.988004684448242,0.2643413,4.546341434484575,2.0976119199908396,1.31896196463317,,2.4778289753404388,0.2731180319868475
2026-09-08,Sapian Bay,31.021503448486328,34.25969314575195,0.00945553369820118,0.005671195685863495,11.988004684448242,0.2590816,0.5003353455444662,1.9954992757222922,1.3612883491938692,,2.4155999935956207,0.2717913079363775
2026-09-09,Sapian Bay,30.98021125793457,34.25006866455078,-0.016079474240541458,-0.0006395551026798785,11.988004684448242,0.297177,2.7918597038199264,1.6862381612666306,1.6334822730115293,,2.347693223731495,0.27046458388590755
2026-09-10,Sapian Bay,30.82630157470703,34.221927642822266,0.005212839227169752,0.010226855985820293,11.988004684448242,0.60454917,3.596859776755659,0.6267431574645721,1.3737587824328796,,1.5099735685567908,0.2691378598354376
2026-09-11,Sapian Bay,30.85873794555664,34.218971252441406,-0.0032403322402387857,-0.00298711727373302,11.988004684448242,0.60161483,0.21103657109708324,-0.2240535663093806,0.04767668187198084,,0.22907000364577215,0.26781113578496757
2026-09-12,Sapian Bay,30.911752700805664,34.219642639160156,0.010952425189316273,-0.01755708083510399,11.988004684448242,0.7564428,2.377255944580567,0.736636922678799,-1.3820069688564587,0.2664844117344976,1.56607062989557,0.2664844117344976
2026-09-13,Sapian Bay,30.777645111083984,34.195674896240234,0.03900691121816635,-0.007346236612647772,11.988004684448242,0.38269293,0.3228963429062833,1.401916288777301,-1.5902776266753025,,2.11998872889531,0.2446115720799009
2026-09-14,Sapian Bay,30.844327926635742,34.17354202270508,0.029710154980421066,-0.02098490111529827,11.988004684448242,1.5942761,0.014603658000052705,0.6354751375626703,-1.27755202363505,,1.4268734434259773,0.22273873242530415
2026-09-15,Sapian Bay,30.903608322143555,34.1525764465332,0.01511983759701252,-0.0064729126170277596,11.988004684448242,0.28501105,2.1572255957417372,0.8075410798717244,-0.2173008779504629,0.20086589277070743,0.8362668636496562,0.20086589277070743
2026-09-16,Sapian Bay,30.758968353271484,34.019287109375,0.010863808915019035,0.0050726342014968395,11.988004684448242,0.34767118,23.467408043582267,0.6284214665162242,0.03279974093249918,,0.6292768568632101,0.25880941785563943
2026-09-17,Sapian Bay,30.744054794311523,34.02125930786133,0.003970204386860132,0.010840867646038532,11.988004684448242,0.31840456,7.961249617905152,0.2217871616974338,0.742308923845205,,0.7747335564657245,0.3167529429405715
2026-09-18,Sapian Bay,30.69341468811035,33.962039947509766,0.0084943026304245,0.008902588859200478,11.988004684448242,0.9598773,15.83445029723935,0.2743914163364745,1.1141494432124728,,1.1474404695537803,0.3746964680255035
2026-09-19,Sapian Bay,30.783708572387695,33.975738525390625,0.007599226664751768,0.0032264175824820995,11.988004684448242,0.46031868,22.153292368098008,0.7744230863911149,0.6506895024970941,,1.0114978721655603,0.43263999311043555
2026-09-20,Sapian Bay,30.876405715942383,33.98550033569336,0.0135367251932621,-0.00818776898086071,11.988004684448242,0.37353814,1.1652133809175433,0.899854281637724,0.3619300141435377,0.49058351819536755,0.969912915327807,0.49058351819536755
2026-09-21,Sapian Bay,30.936416625976562,33.973602294921875,0.004849915858358145,-0.002932540373876691,11.988004684448242,0.34606436,4.943292508764965,0.995331778627148,0.2483622986984638,,1.025850467153896,0.4188566930910874
2026-09-22,Sapian Bay,30.988985061645508,33.9652099609375,-0.0053575728088617325,-0.000675136165227741,11.988004684448242,0.8969126,4.199054655868833,0.6451978251292991,0.06909349869865428,,0.648886850779085,0.34712986798680734
2026-09-23,Sapian Bay,31.103391647338867,33.968326568603516,0.002331767464056611,-0.012750706635415554,11.988004684448242,1.8616831,2.6885975046855646,0.5107348904028641,-0.6185727532416554,,0.8021735344224388,0.27540304288252726
2026-09-24,Sapian Bay,31.156803131103516,33.96901321411133,0.010178451426327229,-0.0195787213742733,11.988004684448242,0.5223267,0.5020731798395879,0.45129391650058726,-0.7683263953478797,,0.8910620903498844,0.20367621777824713
2026-09-25,Sapian Bay,31.25402069091797,33.975868225097656,-0.0013335018884390593,-0.003567252540960908,11.988004684448242,0.34586272,1.9971035919720082,0.31423023796273636,0.23690894243100144,0.131949392673967,0.39353079860907136,0.131949392673967
2026-09-26,Sapian Bay,31.302621841430664,33.98226547241211,-0.0005439824890345335,-0.0030435125809162855,11.988004684448242,1.5566275,10.848566987165592,0.4018319178924101,0.45840850709548286,,0.6095959724396167,0.13420496363786974
2026-09-27,Sapian Bay,31.325790405273438,33.99201583862305,-0.007065869402140379,-0.0017010869923979044,11.988004684448242,1.9807801,0.8555487631706569,0.3226257585446761,0.3443107032343702,,0.47184450875078987,0.1364605346017725
2026-09-28,Sapian Bay,31.321308135986328,33.985721588134766,0.00560871371999383,-0.00223187985830009,11.988004684448242,0.28939602,0.6000304890841973,0.23419837529085444,0.15039913231752675,,0.27833213610853635,0.1387161055656752
2026-09-29,Sapian Bay,31.30776596069336,33.98161697387695,-0.0010925013339146972,-0.006974857300519943,11.988004684448242,0.27683148,1.0803963087680866,0.35271373568224657,0.4544788141625167,,0.5752894678868136,0.14097167652957796
2026-09-30,Sapian Bay,31.371843338012695,33.990238189697266,-0.01741204410791397,-0.004026865120977163,11.988004684448242,1.1828556,10.411005674338924,-0.5599070510115147,-0.4406310328303988,0.1432272474934807,0.7124967458631618,0.1432272474934807
2026-10-01,Sapian Bay,31.443811416625977,33.99298858642578,-0.00164648552890867,-0.009801410138607025,11.988004684448242,0.20439635,19.25329206338743,-0.01933840418390155,-0.6118360840662008,,0.6121416238435703,
2026-07-01,President Roxas,30.58330026268959,33.30179750919342,0.011597033590078354,0.02868739888072014,7.019257515668869,0.6205723,26.45616843241342,0.17290447308613618,1.7814883710841072,,1.789859428313045,
2026-07-02,President Roxas,30.6448255777359,33.31247898750007,-0.022583696991205215,0.007324442267417908,7.019257515668869,1.1057057,0.0,-0.6784988195001913,0.08985899412976071,,0.6844233243316343,
2026-07-03,President Roxas,30.86529128998518,33.31400491297245,-0.06530961021780968,-0.001831110566854477,7.019257515668869,5.9519253,0.0,-1.2333173713133545,-0.9405427520639404,,1.5510294667875573,
2026-07-04,President Roxas,31.047669902443886,33.31247898750007,-0.04455702379345894,-0.001831110566854477,7.019257515668869,1.6448357,4.491540048433386,-0.9483324637885399,-0.8203804588550436,,1.2539372229686996,
2026-07-05,President Roxas,31.248359620571136,33.309427136555314,-0.004272591322660446,-0.007324442267417908,7.019257515668869,3.0370152,1.516416845854765,0.050879054268916035,-0.12036185965336337,,0.1306738513342101,
2026-07-06,President Roxas,31.440260007977486,33.320108614861965,0.05371257662773132,-0.014648884534835815,7.019257515668869,0.815399,0.0,1.1388942225617815,-0.061741766278059586,,1.1405665679335597,
2026-07-07,President Roxas,31.46223333477974,33.32926416769624,0.08545182645320892,-0.009155552834272385,7.019257515668869,3.089858,0.0,1.8172096146604675,0.3497326718137696,0.04535817057849263,1.850557679551881,0.04535817057849263
2026-07-08,President Roxas,31.133365876972675,33.35062712430954,0.10010071098804474,0.001831110566854477,7.019257515668869,2.0261025,16.956481159103582,3.387824409669696,1.516307229874488,,3.7116764199110177,0.03701343924337664
2026-07-09,President Roxas,30.59062470495701,33.41319006867707,0.07202368229627609,0.0048829615116119385,7.019257515668869,2.023081,34.35600942410297,3.598337664214924,3.2935600221381063,,4.8780704756219,0.028668707908260645
2026-07-10,President Roxas,30.195837266743183,33.45591598190367,0.05249183624982834,0.008545182645320892,7.019257515668869,2.0310497,10.843683071758436,3.794269877600233,5.245538278679067,,6.473959818932446,0.02032397657314465
2026-07-11,President Roxas,29.76882228255272,33.46964931115508,0.03357036039233208,0.01342814415693283,7.019257515668869,2.5258284,45.858962829068574,2.9042877763964867,5.392242275544795,,6.124635846015546,0.011979245238028659
2026-07-12,President Roxas,29.705832079052925,33.49253819324076,0.029908139258623123,0.020142216235399246,7.019257515668869,2.7979407,0.0,1.6455470613031407,4.030193049320358,,4.353192063963355,0.003634513902912667
2026-07-13,President Roxas,29.925565347075462,33.489486342296004,0.043336283415555954,0.03357036039233208,7.019257515668869,2.7896657,18.937112517978832,0.8988951857431029,2.509741624558563,,2.6658611323536685,-0.004710217432203331
2026-07-14,President Roxas,30.32987456023693,33.5184789262712,0.025635547935962677,0.022583696991205215,7.019257515668869,2.830814,0.0,0.4191629828104366,1.2428379572008765,-0.013054948767319318,1.3116187685519716,-0.013054948767319318
2026-07-15,President Roxas,30.634571358561516,33.54441965930164,0.051881466060876846,0.0006103701889514923,7.019257515668869,1.9943626,0.0,0.6447349256145072,0.6749500423405318,,0.9334027447798886,0.011936075776152933
2026-07-16,President Roxas,30.81621752679348,33.57036039233208,0.05798516795039177,0.008545182645320892,7.019257515668869,2.3377528,0.0,1.0831068678993376,1.1122670034963067,,1.552500684172914,0.036927100319625185
2026-07-17,President Roxas,30.887264616787434,33.596301125362515,0.06408886983990669,0.010986663401126862,7.019257515668869,1.9873173,0.0,1.3084213000326752,1.7829303103994667,0.06191812486309743,2.211516852777825,0.06191812486309743
2026-07-18,President Roxas,31.00079347193241,33.619190007448196,0.05798516795039177,0.010986663401126862,7.019257515668869,4.4356413,29.57035408256957,1.2600595084294295,1.6291170142352118,,2.05955631407691,0.08898863002450863
2026-07-19,President Roxas,31.04107790440321,33.63597518764436,0.06042664870619774,0.010986663401126862,7.019257515668869,1.6443352,0.23476047397400276,1.4426774939749558,1.4250742316846507,,2.027844894816528,0.11605913518591984
2026-07-20,President Roxas,31.193426303565502,33.6405529640615,0.04577776417136192,0.0012207403779029846,7.019257515668869,5.83029,0.0,0.8464258702870533,0.43169854189019563,,0.9501580841951073,0.14312964034733106
2026-07-21,President Roxas,31.20001830160618,33.620715932920575,0.04028443247079849,-0.011597033590078354,7.019257515668869,2.2480335,15.699522113207703,0.8406614093287935,-0.5947072398246044,,1.0297515750094646,0.17020014550874224
2026-07-22,President Roxas,31.273262724280357,33.60698260366917,0.011597033590078354,-0.012817773967981339,7.019257515668869,0.852698,31.399044226415405,0.9989478809042227,-0.5828597639508125,0.19727065067015345,1.1565562559581068,0.19727065067015345
2026-07-23,President Roxas,30.957579262554646,33.59172334894538,0.04699850454926491,0.0048829615116119385,7.019257515668869,0.7619005,0.0,1.733249516989236,1.0374072108173804,,2.0199919824591674,0.16987176471578896
2026-07-24,President Roxas,30.405316315591335,33.56425669044256,0.03234962001442909,0.017700735479593277,7.019257515668869,0.6970328,0.0,1.9700679503023222,4.706809180907764,,5.102471988584162,0.14247287876142445
2026-07-25,President Roxas,30.18192082643509,33.54441965930164,0.02075258642435074,0.0158696249127388,7.019257515668869,0.81271726,0.0,1.072319851377613,2.8210196407367207,,3.017949912950982,0.11507399280705995
2026-07-26,President Roxas,30.44413585960865,33.451338205486536,0.03418073058128357,0.028077028691768646,7.019257515668869,0.78928256,6.501332401488877,0.7915271326841147,1.3981998036726875,,1.6066978224810906,0.08767510685269544
2026-07-27,President Roxas,30.73052155226469,33.47117523662746,0.02685628831386566,0.011597033590078354,7.019257515668869,0.49673805,0.3453867953756581,0.3374504215322524,0.9919003056061586,,1.0477304058076609,0.06027622089833093
2026-07-28,President Roxas,30.66972868144512,33.4253974724561,0.04516739398241043,-0.006714072078466415,7.019257515668869,0.65529287,37.67682272454966,1.0294349498387347,0.10541527787110416,,1.0348181950266049,0.03287733494396644
2026-07-29,President Roxas,30.540818497538567,33.41471599414945,0.04028443247079849,-0.003662221133708954,7.019257515668869,1.0025301,0.0,0.9033624866058891,0.591962243199701,,1.0800384620840118,0.005478448989601953
2026-07-30,President Roxas,30.809625528752804,33.43607895076275,0.02868739888072014,-0.001831110566854477,7.019257515668869,4.5546937,10.270795469698697,0.7941001976881226,0.16027180897090573,,0.8101124469597549,-0.021920436964762563
2026-07-31,President Roxas,30.466109186410904,33.35825675167143,0.05859553813934326,-0.0024414807558059692,7.019257515668869,4.373967,36.155290523671205,1.5993112032005725,-0.1400644504986784,,1.6054327687500214,-0.04931932291912708
2026-08-01,President Roxas,30.14603105932474,33.307901211082935,0.051271095871925354,0.005493331700563431,7.019257515668869,2.5465167,20.91978047649312,1.801490900203308,1.2348252601300231,,2.1840702567844525,-0.0767182088734916
2026-08-02,President Roxas,30.10061951726675,33.32773824222386,0.056764427572488785,0.012207403779029846,7.019257515668869,3.1948113,0.0,2.2367150386079206,2.375453847598579,,3.2627710839109945,-0.10411709482785605
2026-08-03,President Roxas,30.144566170871258,33.344523422420025,0.06408886983990669,0.019531846046447754,7.019257515668869,6.7735147,8.019192710426282,2.536582032982428,3.2941930383155507,-0.13151598078222057,4.157638294000082,-0.13151598078222057
2026-08-04,President Roxas,30.175328828394413,33.38419748470187,0.06286812946200371,0.01892147585749626,7.019257515668869,6.690055,15.239152434449755,2.608720142416047,3.5431724225644574,,4.399942226605764,-0.09256486755533602
2026-08-05,President Roxas,30.176793716847897,33.43302709981799,0.06897183135151863,0.014038514345884323,7.019257515668869,2.0127585,0.0,2.8857427555717714,3.7189182449304066,,4.707214055448426,-0.05361375432845149
2026-08-06,President Roxas,30.020783096551895,33.47880486398935,0.06286812946200371,0.009155552834272385,7.019257515668869,1.7913252,12.81428177756552,3.231540924850638,3.271838398129188,,4.598671900935866,-0.014662641101566953
2026-08-07,President Roxas,29.878688916563988,33.52000485174358,0.06530961021780968,0.007324442267417908,7.019257515668869,1.7677943,45.16279744805755,3.514296925819929,3.237124003770778,,4.777996933717764,0.024288472125317595
2026-08-08,President Roxas,29.716818742454052,33.55204928666353,0.05066072568297386,0.012817773967981339,7.019257515668869,1.5660043,26.667466613816913,3.249876649429103,4.62700475920702,,5.654279023733172,0.06323958535220214
2026-08-09,President Roxas,29.653096094727516,33.59935297630727,0.05249183624982834,0.01342814415693283,7.019257515668869,1.4752245,0.0,3.0413470110790692,5.254848603017707,,6.0715093249073355,0.10219069857908666
2026-08-10,President Roxas,29.65529342740774,33.634449262171984,0.054322946816682816,0.0158696249127388,7.019257515668869,1.3012199,0.0,2.53344743536027,5.056992961165715,,5.656105879225841,0.1411418118059712
2026-08-11,President Roxas,29.701437413692474,33.657338144257665,0.062257759273052216,0.01831110566854477,7.019257515668869,0.58827156,0.0,2.438166092594836,4.366669704895601,,5.001245665504966,0.18009292503285576
2026-08-12,President Roxas,29.8017822727561,33.68480480276048,0.06653035059571266,0.017700735479593277,7.019257515668869,3.1855454,0.0,2.445703831300028,4.139611326286125,,4.808102449319482,0.2190440382597403
2026-08-13,President Roxas,29.890408024191856,33.71074553579092,0.06103701889514923,0.016479995101690292,7.019257515668869,1.6676639,0.0,2.3624685505096634,3.826676912060685,,4.497189549201315,0.2579951514866249
2026-08-14,President Roxas,30.06765952706337,33.71379738673568,0.07202368229627609,0.025025177747011185,7.019257515668869,1.0091107,0.0,1.8896529073479593,3.183812060029785,,3.702356998432174,0.2969462647135094
2026-08-15,President Roxas,30.252967916429043,33.739738119766116,0.08178960531949997,0.01831110566854477,7.019257515668869,0.7539528,0.0,2.1848507028141877,2.7966656758457935,,3.5489310356840775,0.33589737794039387
2026-08-16,President Roxas,30.25663013756275,33.7626270018518,0.07751701399683952,0.015259254723787308,7.019257515668869,2.8805382,23.79845796016432,2.5208356166006016,3.487199235688756,0.3748484911672785,4.302925831955552,0.3748484911672785
2026-08-17,President Roxas,30.077913746237755,33.788567734882236,0.06286812946200371,0.012207403779029846,7.019257515668869,2.8929753,22.080027974170186,2.8589977343095576,4.010505809194513,,4.925243637666072,0.38151385666829857
2026-08-18,President Roxas,29.882351137697697,33.82061216980219,0.04699850454926491,0.014648884534835815,7.019257515668869,1.8245051,30.544399365134858,2.659286118987234,5.014436868146959,,5.675947477493926,0.3881792221693186
2026-08-19,President Roxas,29.907254241406918,33.84044920094311,0.043336283415555954,0.02075258642435074,7.019257515668869,2.4023356,4.185187431596081,1.8392014880541407,3.8576190557050563,,4.273626901426859,0.3948445876703387
2026-08-20,President Roxas,30.22293770313263,33.85265660472214,0.06530961021780968,0.028077028691768646,7.019257515668869,3.9248328,0.7560143921501147,1.587844924884057,2.7631483165405917,,3.1868856466276227,0.40150995317135874
2026-08-21,President Roxas,30.393597207963467,33.86944178491831,0.07263405248522758,0.014038514345884323,7.019257515668869,3.2051005,0.04163257976681549,1.6184769141890403,2.3628312740202397,,2.8639900752710346,0.40817531867237883
2026-08-22,President Roxas,30.458052299916744,33.88012326322496,0.07507553324103355,0.020142216235399246,7.019257515668869,2.9827554,0.05534311324959586,2.0700217200438824,2.6569651363278552,,3.3681528553667412,0.4148406841733989
2026-08-23,President Roxas,30.58256781846285,33.89385659247637,0.06836146116256714,0.02075258642435074,7.019257515668869,0.7054199,11.171037416280425,1.843341320836497,2.9533172534830685,0.42150604967441896,3.4813776044583293,0.42150604967441896
2026-08-24,President Roxas,30.556932270526886,33.910641772672534,0.06469924002885818,0.017090365290641785,7.019257515668869,3.344973,0.7113342229623971,2.140214303628883,3.5479649122626573,,4.143497590696129,0.402564768591757
2026-08-25,President Roxas,30.491744734346867,33.93047880381346,0.0555436871945858,0.017700735479593277,7.019257515668869,3.6056266,6.938544215622896,2.1214193734675084,3.570200875040494,,4.152921194323724,0.38362348750909503
2026-08-26,President Roxas,30.75123405456543,34.15929412841797,0.057873696088790894,0.00793022383004427,6.999643325805664,0.885321,13.76556268686093,2.3233076995383866,3.6433622999672424,,4.3210933240971485,0.36468220642643306
2026-08-27,President Roxas,30.626358032226562,34.139305114746094,0.053552307188510895,0.007689985912293196,6.999643325805664,0.79766446,60.19642029637875,2.492180291664841,3.524567525907415,,4.316658296743416,0.3457409253437711
2026-08-28,President Roxas,30.34700584411621,34.15886306762695,0.049656979739665985,0.003607339458540082,6.999642848968506,0.4034052,20.30287004849925,2.4600320434631313,3.7970657179355047,,4.524319365516371,0.3267996442611091
2026-08-29,President Roxas,30.2446346282959,34.186279296875,0.0533696673810482,0.0024124851915985346,6.999643325805664,0.47315493,8.719446103765355,2.5509750678536034,4.174136530478966,,4.891920846854503,0.3078583631784471
2026-08-30,President Roxas,30.25458526611328,34.203163146972656,0.06016174331307411,0.00317958602681756,6.999643325805664,0.45609492,0.68103679422266,2.541293216741008,3.8397536163108175,,4.604549820278401,0.28891708209578515
2026-08-31,President Roxas,30.264116287231445,34.21451187133789,0.06172170862555504,0.004448798950761557,6.999643325805664,1.1703503,7.169717978986894,2.573891046551041,4.333996166845129,,5.040678316828389,0.2699758010131232
2026-09-01,President Roxas,30.331432342529297,34.23748016357422,0.062802255153656,0.0073805078864097595,6.9996514320373535,2.0805187,3.864660454017145,2.244209400267588,4.379458811649689,,4.920989261844158,0.2510345199304612
2026-09-02,President Roxas,30.334217071533203,34.26217269897461,0.07172311842441559,0.007229621522128582,6.999649524688721,1.1013458,0.25675924619038903,2.6574080845354042,4.657570718127188,,5.3623486199714705,0.23209323884779925
2026-09-03,President Roxas,30.299579620361328,34.29295349121094,0.07264479994773865,-0.0005367075791582465,6.999643325805664,3.38144,1.4011727963332778,2.7189023568493536,4.159430836071887,,4.96923484111454,0.21315195776513726
2026-09-04,President Roxas,30.40104103088379,34.28892135620117,0.060711223632097244,-0.004870069678872824,6.9996724128723145,1.8518648,4.0380863459021965,2.4754992669803153,3.341144063541946,,4.158285737435761,0.1942106766824753
2026-09-05,President Roxas,30.54022216796875,34.266632080078125,0.04122372716665268,0.0017628174973651767,6.99967098236084,2.0464222,22.402438084284466,2.4714337523782093,3.4939257266510584,,4.279661409007535,0.17526939559981333
2026-09-06,President Roxas,30.640352249145508,34.23311996459961,0.016799043864011765,0.003543202066794038,6.9996795654296875,0.634744,8.520431964485734,2.3960412558371607,2.852200722917432,,3.725058746313196,0.15632811451715134
2026-09-07,President Roxas,30.796466827392578,34.20151901245117,0.019375361502170563,0.0035191422794014215,6.999674320220947,0.6334325,3.858364169244413,2.446789925052859,2.4543385204102597,,3.4656252697182652,0.13738683343448937
2026-09-08,President Roxas,30.81819725036621,34.168121337890625,0.013912091962993145,0.0045897033996880054,6.999648571014404,0.55388516,0.6067283698530108,2.2626950468406637,2.6093872489999344,,3.453793666425474,0.11844555235182741
2026-09-09,President Roxas,30.79396629333496,34.12520980834961,0.02857399918138981,0.0053536295890808105,6.9996657371521,0.5507161,5.045030732949575,2.334598383524534,3.018281263442332,,3.8158054716668155,0.09950427126916545
2026-09-10,President Roxas,30.572086334228516,34.1179313659668,0.01803610473871231,0.006774722598493099,6.999642848968506,1.3733397,1.2287962894748758,1.3117830279043674,2.5519700070465263,,2.8693772197400254,0.08056299018650348
2026-09-11,President Roxas,30.68519401550293,34.09522247314453,-0.008548563346266747,-1.8362778064329177e-05,6.999698162078857,1.3547205,0.06870370141566835,0.06716980617319143,-0.21835232566393678,,0.228450259321792,0.061621709103841515
2026-09-12,President Roxas,30.91497039794922,34.06975173950195,0.02049233764410019,-0.010042207315564156,6.999686241149902,1.4906504,5.17493814892239,0.8824706900517238,-1.9899673519865007,0.042680428021179495,2.1768611762748056,0.042680428021179495
2026-09-13,President Roxas,30.775602340698242,34.00435256958008,0.07079494744539261,-0.00873817689716816,6.9996442794799805,0.5403915,8.596018332022208,2.1477471267213404,-2.2928324396150654,,3.141639431330551,0.06536914759276621
2026-09-14,President Roxas,30.909391403198242,33.95811080932617,0.034413810819387436,-0.0027309260331094265,6.999724388122559,1.3036641,1.377808584659188,1.1608474265092696,-1.5208834580039958,,1.9132833664837485,0.08805786716435293
2026-09-15,President Roxas,31.01308250427246,33.91386032104492,0.041889362037181854,-0.004320645704865456,6.999684810638428,0.24839874,4.659135619799296,1.1892603775613682,0.010003260021311862,0.11074658673593966,1.1893024471716442,0.11074658673593966
2026-09-16,President Roxas,30.784746170043945,33.690513610839844,0.034340936690568924,0.007633970119059086,6.999707221984863,1.1064689,17.956419167695223,1.1962102246606645,0.6716528784469075,,1.3718733508267933,0.10203027709306832
2026-09-17,President Roxas,30.790287017822266,33.60819625854492,0.021183129400014877,0.0158311128616333,6.999720573425293,0.89725477,1.3618209825621712,0.9723986871734153,1.8705307923699963,,2.1081851560100002,0.09331396745019699
2026-09-18,President Roxas,30.744564056396484,33.60159683227539,0.045534439384937286,0.017387598752975464,6.999666213989258,1.3999021,1.0999999846573232,1.3773932554190549,2.2059450057272123,,2.6006548306852895,0.08459765780732564
2026-09-19,President Roxas,30.878976821899414,33.59022903442383,0.011209149844944477,0.008206868544220924,6.99973201751709,0.6744846,5.201728112167783,1.1870698200633623,1.0655634106802045,,1.595167746629079,0.0758813481644543
2026-09-20,President Roxas,31.07190704345703,33.585960388183594,0.032862260937690735,0.002069837646558881,6.999754905700684,3.5799103,2.9297221192607172,1.0036125030602978,0.6732382905791111,0.06716503852158295,1.2085064551754947,0.06716503852158295
2026-09-21,President Roxas,31.160717010498047,33.5578498840332,0.013562270440161228,0.006906530354171991,6.999760627746582,0.731402,3.399382642021886,0.989499101328451,0.5175328677131601,,1.116668590358491,0.05120970073676402
2026-09-22,President Roxas,31.247966766357422,33.520103454589844,0.004876971710473299,0.004805650562047958,6.9997878074646,3.5958152,2.2582098048318318,0.6028880432487591,0.09708903437658895,,0.6106556093973886,0.03525436295194508
2026-09-23,President Roxas,31.3856143951416,33.499149322509766,0.011629881337285042,-0.002040866296738386,6.99980354309082,4.0753336,1.7366357313262093,0.570141124260209,-0.7075308971461454,,0.9086588314593792,0.019299025167126144
2026-09-24,President Roxas,31.518661499023438,33.47858810424805,0.003330612787976861,-0.0039696772582829,6.9998016357421875,0.5589092,0.5989814908416183,0.6107345516088628,-1.1117051912171858,,1.2684183555547115,0.0033436873823072116
2026-09-25,President Roxas,31.637828826904297,33.46036911010742,-0.010066257789731026,0.004359945189207792,6.999819755554199,0.45091993,1.6198456624039899,0.4611387165118685,0.39276228029588584,-0.01261165040251172,0.605731891755286,-0.01261165040251172
2026-09-26,President Roxas,31.6927547454834,33.440608978271484,-0.005103150848299265,0.008530547842383385,6.999875545501709,2.9945445,2.0475616775177143,0.6696842463837924,0.9011463303355143,,1.12273848180767,-0.04527802582254802
2026-09-27,President Roxas,31.681669235229492,33.4020881652832,-0.0034539406187832355,0.015368064865469933,6.99985408782959,4.07276,5.548178800830135,0.3229869776343216,0.5154539701453861,,0.6082872537378984,-0.07794440124258432
2026-09-28,President Roxas,31.703020095825195,33.366947174072266,-0.0019724674057215452,0.010558859445154667,6.999876499176025,1.5497172,1.5838888591086424,0.17363944617527854,0.33876047215797606,,0.38066956112191624,-0.11061077666262062
2026-09-29,President Roxas,31.68779754638672,33.30540466308594,0.004569251090288162,0.0038496283814311028,6.999876499176025,1.2053478,2.5883641198829372,0.3246395736039185,0.5800319643265395,,0.6647013858795827,-0.14327715208265693
2026-09-30,President Roxas,31.811199188232422,33.29077911376953,-0.045123957097530365,-0.0005448576412163675,6.999876499176025,5.5372777,2.042993805474705,-0.855868763933939,-0.793356966436686,-0.17594352750269324,1.1670161169715823,-0.17594352750269324
2026-10-01,President Roxas,31.907608032226562,33.27376174926758,-0.018155230209231377,-0.0036734016612172127,6.999876499176025,0.6955939,17.33287001980676,-0.04293673286489838,-0.999295426432993,,1.0002174325210538,
2026-07-01,Roxas City,30.39872431755066,33.44828635454178,0.059205908328294754,0.0238044373691082,7.934812843799591,0.42058158,27.694344717172473,0.1495628112247439,1.4923922911051326,,1.4998679225356728,
2026-07-02,Roxas City,30.523972280323505,33.49559004418552,-0.012817773967981339,0.0,7.934812843799591,0.9179374,3.342046966552734,-0.4602271837140233,0.04192577093641172,,0.462132914752838,
2026-07-03,Roxas City,30.666798904538155,33.52763447910547,-0.05798516795039177,-0.001831110566854477,7.934812843799591,7.7161226,0.4227246225797213,-0.9412005628571776,-0.8056193635040027,,1.2389031674732542,
2026-07-04,Roxas City,30.831598855555058,33.56273076497018,-0.03906369209289551,0.003662221133708954,7.934812843799591,0.41873682,0.0,-0.6986903404880315,-0.6939947959543571,,0.9847827012610503,
2026-07-05,Roxas City,31.04986723512411,33.584093721583486,-0.017090365290641785,0.001831110566854477,7.934812843799591,1.430078,3.6177457471994248,-0.02493175382243095,-0.11941029817398664,,0.12198529279656092,
2026-07-06,Roxas City,31.232245847582817,33.61308630555868,0.0555436871945858,-0.014648884534835815,7.934812843799591,0.4992268,0.0,0.9038017932131048,-0.008558254763405672,,0.9038423120986422,
2026-07-07,Roxas City,31.21759696304798,33.634449262171984,0.10254219174385071,-0.008545182645320892,7.934812843799591,1.9341636,0.0,1.4258997600620937,0.25108913143517636,0.5621890704771564,1.4478383465256084,0.5621890704771564
2026-07-08,Roxas City,30.908505499362946,33.645130740478635,0.1501510664820671,0.028077028691768646,7.934812843799591,1.5145295,20.55017256516676,2.7414328909739263,1.089878849560363,,2.9501339295755167,0.5712320969686673
2026-07-09,Roxas City,30.475630961358547,33.66649369709194,0.12024292722344398,0.051881466060876846,7.934812843799591,1.5301585,32.269864141024065,2.713913204943219,2.371916384409488,,3.6043462955986003,0.5802751234601782
2026-07-10,Roxas City,30.140171505510807,33.66344184614718,0.054322946816682816,0.05737479776144028,7.934812843799591,1.5306535,13.394838905334472,2.7819181786559573,4.0393734612299435,,4.90465153828743,0.5893181499516891
2026-07-11,Roxas City,29.787865832448006,33.634449262171984,0.023194067180156708,0.04577776417136192,7.934812843799591,2.7941432,59.647720190194924,1.9604707925811888,4.297697703553384,,4.723732769716333,0.5983611764432001
2026-07-12,Roxas City,29.76882228255272,33.64970851689577,0.029908139258623123,0.03418073058128357,7.934812843799591,2.8886485,0.0,1.0463163206713517,3.2906936280484214,,3.4530337960381616,0.607404202934711
2026-07-13,Roxas City,30.05154575407505,33.66649369709194,0.04455702379345894,0.036011841148138046,7.934812843799591,2.8493507,15.847472091087925,0.5038122192500477,2.009409324369889,,2.0716062813986427,0.6164472294262219
2026-07-14,Roxas City,30.45292519032955,33.70769368484616,0.04577776417136192,0.0079348124563694,7.934812843799591,3.3289313,0.0,0.2504624414560965,0.8706148083403032,0.6254902559177328,0.9059258132328339,0.6254902559177328
2026-07-15,Roxas City,30.65288246423006,33.73516034334898,0.08789330720901489,-0.004272591322660446,7.934812843799591,2.8433058,0.0,0.5114813070902271,0.578985658988926,,0.7725526006800884,0.6227691203945998
2026-07-16,Roxas City,30.785454869270325,33.7626270018518,0.10742515325546265,0.006103701889514923,7.934812843799591,2.612264,16.061664242377645,0.8245242658014094,0.8399230337878341,,1.1769923396448732,0.6200479848714668
2026-07-17,Roxas City,30.80816064029932,33.790093660354614,0.09887997061014175,0.010986663401126862,7.934812843799591,1.2812102,0.0,0.871472282021914,1.3842840980238305,0.6173268493483338,1.6357586626315423,0.6173268493483338
2026-07-18,Roxas City,30.912900164723396,33.81908624432981,0.08789330720901489,0.012817773967981339,7.934812843799591,4.4148397,27.971088909736043,0.8723343867567018,1.256927537567107,,1.5299784694605025,0.6211892555411145
2026-07-19,Roxas City,30.871150843799114,33.84044920094311,0.07812738418579102,0.012817773967981339,7.934812843799591,1.0786477,5.442980468456561,1.0283987797397167,1.0628245974439428,,1.4789185829862364,0.6250516617338953
2026-07-20,Roxas City,30.966368593275547,33.8557084556669,0.0714133121073246,0.0006103701889514923,7.934812843799591,4.0426173,2.935694065093994,0.6502436459043592,0.27204879035541896,,0.7048598040552748,0.6289140679266759
2026-07-21,Roxas City,30.958311706781387,33.848078828305006,0.06897183135151863,-0.010986663401126862,7.934812843799591,0.44625008,12.313549992487978,0.6773913628504312,-0.5295365294447457,,0.8598069518681217,0.6327764741194566
2026-07-22,Roxas City,31.04986723512411,33.835871424525976,0.03479110077023506,-0.017700735479593277,7.934812843799591,0.38483036,24.259155759077803,0.8006642682235615,-0.5654202000366945,,0.9801853258539973,0.6366388803122374
2026-07-23,Roxas City,30.72685933113098,33.826715871691704,0.07995849475264549,0.012207403779029846,7.934812843799591,0.36895293,0.0,1.2215937890214252,0.70220794231483,,1.4090377495389363,0.640501286505018
2026-07-24,Roxas City,30.310831010341644,33.80840476602316,0.05310220643877983,0.032959990203380585,7.934812843799591,0.659984,12.313549992487978,1.1710530732666615,3.7028394337415786,,3.883604662227986,0.6443636926977987
2026-07-25,Roxas City,30.123325288295746,33.788567734882236,0.04150517284870148,0.01892147585749626,7.934812843799591,0.76010025,0.0,0.7592566653631716,2.3677323040526,,2.486488879434742,0.6482260988905795
2026-07-26,Roxas City,30.372356325387955,33.765678852796555,0.03784295171499252,0.02075258642435074,7.934812843799591,0.7650739,4.052582680628849,0.5325454206496761,1.1314213320534565,,1.2504874472303025,0.6520885050833601
2026-07-27,Roxas City,30.536423832178116,33.79619736224413,0.048829615116119385,0.003662221133708954,7.934812843799591,0.44656438,0.0,0.15996802631194998,0.8086817439464031,,0.8243518256389906,0.6559509112761408
2026-07-28,Roxas City,30.545213162899017,33.78704180940986,0.059205908328294754,-0.0079348124563694,7.934812843799591,0.5230987,41.73676565903883,0.7353899258126554,0.13279653254868987,,0.7472839233140895,0.6598133174689216
2026-07-29,Roxas City,30.326212339103222,33.74584182165563,0.05066072568297386,-0.007324442267417908,7.934812843799591,0.8079796,0.0,0.6951318698726618,0.5007723210027583,,0.8567270475449884,0.6636757236617022
2026-07-30,Roxas City,30.602343812584877,33.78551588393748,0.05310220643877983,-0.007324442267417908,7.934812843799591,3.1339316,8.076355047959547,0.6550813971090601,0.1435265653224481,,0.6706202440961777,0.667538129854483
2026-07-31,Roxas City,30.26761680096388,33.72447886504233,0.06653035059571266,-0.0012207403779029846,7.934812843799591,3.0681014,36.63147891704852,1.1357053606292047,-0.032264583277109,,1.136163575149264,0.6714005360472637
2026-08-01,Roxas City,30.03030487149954,33.69548628106713,0.0634784996509552,0.009765923023223877,7.934812843799591,1.5836792,20.242997131347654,1.2950607230276387,0.9525163702993199,,1.6076285989049404,0.6752629422400444
2026-08-02,Roxas City,29.982695996761322,33.72600479051471,0.07812738418579102,0.025025177747011185,7.934812843799591,1.8133626,0.42869889039259684,1.6610128840604585,1.7637020387525855,,2.4227275295655657,0.6791253484328251
2026-08-03,Roxas City,30.05154575407505,33.74736774712801,0.07324442267417908,0.030518509447574615,7.934812843799591,3.7737865,10.144926555340104,1.7718226232572147,2.4695197733753083,0.6829877546256058,3.0393886423716383,0.6829877546256058
2026-08-04,Roxas City,30.126987509429455,33.77178255468607,0.06164738908410072,0.03418073058128357,7.934812843799591,4.1035767,3.5577262673011183,1.8033899592718161,2.686932437226851,,3.236019355230161,0.6852591708998583
2026-08-05,Roxas City,30.126987509429455,33.79772328771651,0.06653035059571266,0.036011841148138046,7.934812843799591,1.5809311,0.0,2.0757900639161955,2.773859696040604,,3.4645637536018405,0.6875305871741109
2026-08-06,Roxas City,29.968047112226486,33.814508467912674,0.05493331700563431,0.040894802659749985,7.934812843799591,1.4629197,22.87038457430326,2.377984258128266,2.3695126861762135,,3.3569926276141646,0.6898020034483634
2026-08-07,Roxas City,29.814966268837452,33.82213809527457,0.06408886983990669,0.04699850454926491,7.934812843799591,1.4558728,45.74076914860652,2.5944521354784937,2.3376765280909764,,3.4922647999938947,0.6920734197226159
2026-08-08,Roxas City,29.693380527198315,33.82061216980219,0.059816278517246246,0.04699850454926491,7.934812843799591,0.9583496,22.87038457430326,2.192156427131383,3.496647456157763,,4.126995666785705,0.6943448359968685
2026-08-09,Roxas City,29.696310304105282,33.838923275470734,0.06530961021780968,0.04943998530507088,7.934812843799591,0.8402661,0.0,2.1217102312849483,4.101067236511907,,4.617402601455784,0.696616252271121
2026-08-10,Roxas City,29.742454290390015,33.8557084556669,0.07629627361893654,0.04577776417136192,7.934812843799591,0.593663,0.0,1.6891877369257262,3.9453134529556344,,4.291719172156185,0.6988876685453735
2026-08-11,Roxas City,29.825220488011837,33.86944178491831,0.08606219664216042,0.039674062281847,7.934812843799591,0.40451342,0.0,1.666433304934764,3.3992626838085744,,3.785761053385339,0.7011590848196261
2026-08-12,Roxas City,29.950468450784683,33.88927881605923,0.0872829370200634,0.035401470959186554,7.934812843799591,2.0560765,0.0,1.7517283082969393,3.2716501055121463,,3.7110977458141003,0.7034305010938786
2026-08-13,Roxas City,30.044221311807632,33.90301214531064,0.09094515815377235,0.035401470959186554,7.934812843799591,0.6932597,0.0,1.6247283317814618,3.0769001227865878,,3.479519581450504,0.7057019173681311
2026-08-14,Roxas City,30.207556374371052,33.90301214531064,0.10132145136594772,0.030518509447574615,7.934812843799591,1.0699385,0.0,1.2444667632981767,2.507549359286162,,2.7993751649627607,0.7079733336423837
2026-08-15,Roxas City,30.281533241271973,33.922849176451564,0.10925626382231712,0.025635547935962677,7.934812843799591,1.2130517,0.0,1.5880917459214483,2.131670327358734,,2.6582049917200754,0.7102447499166362
2026-08-16,Roxas City,30.286660350859165,33.93963435664773,0.10620441287755966,0.03418073058128357,7.934812843799591,3.29071,12.31124366026658,1.8052136586667615,2.6109170356801306,0.7125161661908888,3.1742218133964353,0.7125161661908888
2026-08-17,Roxas City,30.101351961493492,33.95031583495438,0.09338663890957832,0.04028443247079849,7.934812843799591,3.2907095,29.838932844308705,2.0566310682005944,3.009002186798273,,3.644698274321855,0.7043017160652089
2026-08-18,Roxas City,29.958525337278843,33.96099731326103,0.08239997550845146,0.04211554303765297,7.934812843799591,2.012103,31.382061752906214,1.879890818417052,3.9903938337413636,,4.411035302231193,0.6960872659395291
2026-08-19,Roxas City,30.01052887737751,33.9777824934572,0.08484145626425743,0.035401470959186554,7.934812843799591,1.9193513,6.053369222604311,1.2246706135265462,3.168150789596473,,3.3966156004552888,0.6878728158138492
2026-08-20,Roxas City,30.326212339103222,34.00067137554288,0.10071108117699623,0.025025177747011185,7.934812843799591,3.1906161,3.0508381461867913,1.0156863437549635,2.0787716863784635,,2.313635769298851,0.6796583656881693
2026-08-21,Roxas City,30.417767867445946,34.0205084066838,0.10254219174385071,0.017700735479593277,7.934812843799591,2.6879795,0.24333441789333635,1.1017231316471203,1.7345507052502132,,2.0548625277352133,0.6714439155624894
2026-08-22,Roxas City,30.469771407544613,34.040345437824726,0.10681478306651115,0.02624591812491417,7.934812843799591,3.9890985,0.33046400766533146,1.4410633553048002,1.954025489173352,,2.4279372327845476,0.6632294654368096
2026-08-23,Roxas City,30.53349405527115,34.06170839443803,0.0952177494764328,0.0238044373691082,7.934812843799591,1.1332855,7.673542811320377,1.2864003908663435,2.211138529598692,0.6550150153111297,2.5581164091371895,0.6550150153111297
2026-08-24,Roxas City,30.5378887206316,34.08307135105133,0.09216589853167534,0.028077028691768646,7.934812843799591,3.175487,0.07417962533780015,1.476437420047796,2.752071536385382,,3.123101854999287,0.6527490371544984
2026-08-25,Roxas City,30.50492873042822,34.09680468030274,0.07751701399683952,0.030518509447574615,7.934812843799591,3.1754806,8.999108195671665,1.3587074035099003,2.7838534990612187,,3.097729186450618,0.650483058997867
2026-08-26,Roxas City,31.583276748657227,34.18531799316406,0.09399314969778061,0.019579734653234482,8.00800895690918,1.0336459,7.714483919877272,1.530316969088993,2.837033955640555,,3.2234502774727605,0.6482170808412356
2026-08-27,Roxas City,31.484355926513672,34.164554595947266,0.08027727901935577,0.02731872722506523,8.008068084716797,0.951988,77.42189984835112,1.6606573735292944,2.662926905806175,,3.1383056922364436,0.6459511026846043
2026-08-28,Roxas City,31.270729064941406,34.177833557128906,0.09103239327669144,0.018787063658237457,8.0081787109375,0.30545682,19.348439521789548,1.5915062540337117,2.8889268212597536,,3.2983011286452304,0.6436851245279729
2026-08-29,Roxas City,31.208192825317383,34.192527770996094,0.09455161541700363,0.019678371027112007,8.008227348327637,0.38851076,1.3791596874823935,1.7770325257909374,3.236167409517789,,3.6919675107107857,0.6414191463713416
2026-08-30,Roxas City,31.24712371826172,34.20648956298828,0.1043015792965889,0.022767869755625725,8.008302688598633,0.3919127,0.6642444259845293,1.7830238526802584,2.997679922073464,,3.487873130495019,0.6391531682147102
2026-08-31,Roxas City,31.26780128479004,34.221412658691406,0.09349267929792404,0.01915702037513256,8.008264541625977,1.7678921,10.089784338290873,1.7755475931739209,3.4234678459551895,,3.856514144653792,0.6368871900580788
2026-09-01,Roxas City,31.355323791503906,34.236717224121094,0.09918854385614395,0.013600674457848072,8.008151054382324,1.207124,3.386728379461501,1.569433707936872,3.4322933610597914,,3.7740906030438115,0.6346212119014475
2026-09-02,Roxas City,31.401538848876953,34.25400161743164,0.08883006870746613,0.02746547944843769,8.008162498474121,0.64900005,0.20827159934021808,1.908839411021867,3.6255262085566637,,4.097329396814658,0.6323552337448162
2026-09-03,Roxas City,31.39943504333496,34.27045822143555,0.08417198061943054,0.022418033331632614,8.008122444152832,3.127966,0.3057407298021847,1.9915270590422824,3.222567518376653,,3.788287401635977,0.6300892555881847
2026-09-04,Roxas City,31.463571548461914,34.25559616088867,0.07197354733943939,-0.005379459820687771,8.008094787597656,1.6400607,4.9469134498525555,1.7726889660096865,2.5480074568627136,,3.10399229548665,0.6278232774315534
2026-09-05,Roxas City,31.44032859802246,34.2608642578125,0.05764947831630707,0.0006255267071537673,8.008254051208496,1.6400783,22.679135181285716,1.7580678960544125,2.659488338158919,,3.188052845851285,0.625557299274922
2026-09-06,Roxas City,31.379491806030273,34.26543426513672,0.048765167593955994,-0.0029886767733842134,8.008381843566895,0.28735006,9.24117257859972,1.8286555892243708,2.185405575297316,,2.8495576485732173,0.6232913211182907
2026-09-07,Roxas City,31.36292266845703,34.25846862792969,0.04587846249341965,-0.0012095824349671602,8.00836181640625,0.29208866,3.456604860447072,1.9268652563299002,1.8098486791023072,,2.6435510128044926,0.6210253429616593
2026-09-08,Roxas City,31.23762321472168,34.26385498046875,0.020620549097657204,0.0038464099634438753,8.008437156677246,0.28318432,0.4417283855102681,1.7663822218196001,1.9400580940019276,,2.6237247495998393,0.6187593648050279
2026-09-09,Roxas City,31.154090881347656,34.25153732299805,-0.011652366258203983,-0.0038407871033996344,8.008439064025879,0.3427584,6.608579856378062,1.6649529636679226,2.253476436824244,,2.8018251948593598,0.6164933866483966
2026-09-10,Roxas City,30.991125106811523,34.2237434387207,0.012451342307031155,0.02093508653342724,8.008479118347168,2.0480103,3.2472839465847727,0.774346530475075,1.91747035015018,,2.0679228933796927,0.6142274084917653
2026-09-11,Roxas City,31.08336067199707,34.22099304199219,0.006799990311264992,0.002218077192083001,8.008209228515625,2.0005984,0.13148147819770709,-0.08797385519611349,-0.0982315189162347,,0.13186671493086238,0.6119614303351338
2026-09-12,Roxas City,31.171689987182617,34.22323989868164,0.03611097112298012,-0.012562167830765247,8.008097648620605,2.6069696,4.448827138653508,0.7153493957606444,-1.6520717154207714,0.6096954521785025,1.800296006469061,0.6096954521785025
2026-09-13,Roxas City,30.98158836364746,34.18497085571289,0.07403583079576492,0.0008437258657068014,8.008601188659668,0.52314615,2.2429012634136063,1.641650083095953,-1.8883987421409483,,2.5022119823565037,0.5793335898390221
2026-09-14,Roxas City,31.05099868774414,34.1631965637207,0.05980132892727852,-0.004204302094876766,8.008258819580078,0.60770094,1.5426542284312073,0.8306622522235796,-1.3459382102316488,,1.5816287310967527,0.5489717274995416
2026-09-15,Roxas City,31.12531852722168,34.14186477661133,0.05083496496081352,-0.006816426292061806,8.008099555969238,0.22623393,3.50086408632773,0.8705362481064771,-0.023293371163791755,0.5186098651600611,0.870847828502475,0.5186098651600611
2026-09-16,Roxas City,30.94618797302246,34.00812911987305,0.036384765058755875,0.006830920465290546,8.00808048248291,0.7800702,22.994814201637553,0.7863419585924922,0.3948175690360459,,0.8798946463427366,0.5335701059346218
2026-09-17,Roxas City,30.911840438842773,33.97909927368164,0.02522868663072586,0.009295177645981312,8.008020401000977,0.71309286,8.454567405912611,0.4936091635965107,1.4052500992459749,,1.4894219844682262,0.5485303467091825
2026-09-18,Roxas City,30.88201141357422,33.94637680053711,0.040040113031864166,0.018690738826990128,8.008057594299316,3.6687245,2.0075307974108942,0.7398899855214256,1.6749071659391654,,1.8310519395116192,0.5634905874837431
2026-09-19,Roxas City,31.003433227539062,33.9366569519043,0.03424093499779701,0.009949038736522198,8.007997512817383,0.4256178,2.226234566282343,0.8753017269098423,0.870776490332827,,1.2346678943131664,0.5784508282583039
2026-09-20,Roxas City,31.12711524963379,33.95785140991211,0.05670029670000076,-0.008500245399773121,8.007980346679688,1.4800493,2.6845678135200783,0.7560856193063807,0.5300798308251826,0.5934110690328646,0.9233905407624488,0.5934110690328646
2026-09-21,Roxas City,31.1558780670166,33.96304702758789,0.04159202054142952,-0.00797579437494278,8.008041381835938,0.6492953,6.804135410873979,0.7618377049095457,0.37246867937662287,,0.848015097588722,0.6099038359506538
2026-09-22,Roxas City,31.19776153564453,33.958518981933594,0.017654309049248695,-0.007525687105953693,8.008009910583496,2.3071845,2.1952469260604297,0.4432232518134266,0.10767745704263125,,0.45611543024023626,0.6263966028684429
2026-09-23,Roxas City,31.299596786499023,33.96559143066406,0.016817543655633926,-0.008239081129431725,8.007996559143066,3.7537785,1.3464197356391838,0.5179473867593547,-0.6359354068971376,,0.8201727483867484,0.6428893697862321
2026-09-24,Roxas City,31.381275177001953,33.9698486328125,0.023520519956946373,-0.011243130080401897,8.008027076721191,0.44992632,0.7974073732340777,0.5661620303534057,-0.9311086670039541,,1.0897260180356212,0.6593821367040212
2026-09-25,Roxas City,31.49137306213379,33.97667694091797,0.011318011209368706,-8.881232133717276e-06,8.008000373840332,0.3130464,0.42746910728790144,0.4121646078853829,0.32172770000448403,0.6758749036218105,0.522865543848021,0.6758749036218105
2026-09-26,Roxas City,31.557735443115234,33.98680877685547,0.017257090657949448,0.003161134896799922,8.007979393005371,2.8704767,4.29425914420022,0.5195238392185086,0.6938705658687027,,0.8668110415167152,0.6631077281793144
2026-09-27,Roxas City,31.6015567779541,33.99723434448242,0.009580709971487522,0.0013303469168022275,8.00799560546875,3.688167,3.6924072305361433,0.3629462529933541,0.40134257938500006,,0.5411153745637994,0.6503405527368185
2026-09-28,Roxas City,31.613052368164062,33.98549270629883,0.03548479080200195,0.0018891798099502921,8.007957458496094,0.61214,1.022160479316005,0.19429209535680989,0.26145058768780827,,0.3257388956210787,0.6375733772943224
2026-09-29,Roxas City,31.564186096191406,33.97329330444336,0.02949404902756214,-0.0070035336539149284,8.00799560546875,0.7830166,3.521604771967288,0.32484365463925385,0.5197824889302378,,0.61294146193409,0.6248062018518264
2026-09-30,Roxas City,31.61231803894043,33.98169708251953,-0.010151490569114685,-0.005819604732096195,8.007969856262207,3.3821578,7.942592488394843,-0.5867129581750924,-0.6430188264255141,0.6120390264093304,0.8704626967470881,0.6120390264093304
2026-10-01,Roxas City,31.681453704833984,33.97969436645508,0.010561835020780563,-0.007396762724965811,8.00784683227539,0.39519078,23.125369195584902,0.027754202734742967,-0.7943847800153537,,0.7948694700952371,
2026-07-01,Milagros (Masbate),30.510788284242153,33.92437510192394,-0.031128879636526108,0.048829615116119385,8.69777561724186,1.8357209,28.48855538203798,-0.7437296447061338,2.2207156636731624,,2.3419461657557474,
2026-07-02,Milagros (Masbate),30.735648661851883,33.944212133064866,-0.056764427572488785,0.02868739888072014,8.69777561724186,2.3392868,12.391424662684813,-1.9401670636851216,-0.21772087171486923,,1.9523449011352552,
2026-07-03,Milagros (Masbate),30.803033530712128,33.96252323873341,-0.08484145626425743,0.0048829615116119385,8.69777561724186,2.3688028,0.0,-2.250689164520511,-1.0800023390903997,,2.4963987597599004,
2026-07-04,Milagros (Masbate),30.99566636234522,33.97473064251244,-0.08423108607530594,-0.006103701889514923,8.69777561724186,3.0895653,0.0,-1.6015196626429757,-0.8955918436591851,,1.834925061211201,
2026-07-05,Milagros (Masbate),31.28717916458845,33.98541212081909,-0.06469924002885818,-0.025025177747011185,8.69777561724186,0.74444467,0.0,-0.5822682552717678,-0.6306612729310934,,0.8583530522298477,
2026-07-06,Milagros (Masbate),31.35602892190218,33.99609359912574,-0.006103701889514923,-0.0634784996509552,8.69777561724186,2.34043,0.0,1.1744914281935919,-0.9140391305039703,,1.4882532200511704,
2026-07-07,Milagros (Masbate),31.312082268297672,33.994567673653364,0.06653035059571266,-0.08301034569740295,8.69777561724186,2.9294925,2.9576767259872465,3.603041890456371,-0.9529825863228165,0.23494895939912358,3.726940658800183,0.23494895939912358
2026-07-08,Milagros (Masbate),30.952452152967453,33.9777824934572,0.11841181665658951,-0.04455702379345894,8.545183062553406,3.0759103,27.660534257095673,6.572632566214763,0.7117112440204187,,6.611053754533535,0.2649585366976428
2026-07-09,Milagros (Masbate),30.444868303835392,33.97625656798482,0.12146366760134697,-0.01892147585749626,8.545183062553406,2.996011,24.798484554638964,9.191258218528878,3.747998186226707,,9.926062564966701,0.294968113996162
2026-07-10,Milagros (Masbate),30.033967092633247,33.91674547456205,0.02929776906967163,0.01831110566854477,8.545183062553406,3.2086606,6.3167254581412715,6.691269937593465,6.120560644782408,,9.06831605008346,0.32497769129468124
2026-07-11,Milagros (Masbate),29.63771476596594,33.85113067924976,-0.025025177747011185,0.040894802659749985,8.545183062553406,2.3119998,22.517359406662763,4.094587249896722,6.91876537555529,,8.039586996170856,0.35498726859320046
2026-07-12,Milagros (Masbate),29.657490760087967,33.860286232084036,-0.025025177747011185,0.05005035549402237,8.545183062553406,2.7204452,0.0,1.7191706738918413,4.485561231602447,,4.803728486126645,0.3849968458917197
2026-07-13,Milagros (Masbate),29.76076539605856,33.87554548680782,-0.014038514345884323,0.046388134360313416,8.545183062553406,2.6818032,3.2188080329198625,1.0245746849078254,2.6909792775768113,,2.879430978040937,0.4150064231902389
2026-07-14,Milagros (Masbate),30.15775016695261,33.9060639962554,0.012817773967981339,0.03906369209289551,8.69777561724186,3.294941,0.0,1.0639416637196155,1.2528088340961765,0.4450160004887581,1.6436246039129145,0.4450160004887581
2026-07-15,Milagros (Masbate),30.37015899270773,33.91827140003443,0.03723258152604103,-0.007324442267417908,8.69777561724186,2.4088924,0.0,2.011458516570272,0.583612571680433,,2.0944137599114767,0.4336907367489242
2026-07-16,Milagros (Masbate),30.45219274610281,33.935056580230594,0.06103701889514923,-0.009155552834272385,8.69777561724186,1.9965044,13.659811137897732,3.3632443421656775,0.8308157527324778,,3.464342263705749,0.42236547300909033
2026-07-17,Milagros (Masbate),30.426557198166847,33.95184176042676,0.06775109097361565,-0.01892147585749626,8.545183062553406,0.85064465,5.379271331229994,3.9869872631041003,1.3020302070930507,,4.194204346039556,0.41104020926925644
2026-07-18,Milagros (Masbate),30.52616961300373,33.97167879156768,0.06653035059571266,-0.007324442267417908,8.545183062553406,2.3435066,0.0,3.7896140615282925,1.330128484931815,,4.016268980255178,0.3997149455294226
2026-07-19,Milagros (Masbate),30.563524268567562,33.97930841892958,0.06042664870619774,-0.015259254723787308,8.545183062553406,1.9853982,13.659811137897732,3.838229437554486,0.8586703081187472,,3.933105632112437,0.3883896817895887
2026-07-20,Milagros (Masbate),30.687307342886925,33.95184176042676,0.06042664870619774,-0.051881466060876846,8.69777561724186,1.6540899,0.0,2.475222072488336,-0.041062224900798625,,2.4755626460356956,0.3770644180497548
2026-07-21,Milagros (Masbate),30.784722425043583,33.95336768589914,0.04455702379345894,-0.06408886983990669,8.69777561724186,0.5284191,8.479824767393223,1.6087174037390741,-1.0030999440799833,,1.895832583037398,0.36573915430992093
2026-07-22,Milagros (Masbate),30.805230863392353,33.89538251794875,0.0006103701889514923,-0.08056886494159698,8.69777561724186,0.5038466,18.04286274319972,1.3947979787448999,-1.5095894012517932,,2.055315440968273,0.35441389057008704
2026-07-23,Milagros (Masbate),30.57524337619543,33.89080474153161,0.06714072078466415,-0.05005035549402237,8.69777561724186,0.4723474,33.25330894810674,3.4102333104649873,0.49522723375040606,,3.4460036629192756,0.3430886268302532
2026-07-24,Milagros (Masbate),30.160679943859577,33.874019561335444,-0.003662221133708954,0.04150517284870148,8.545183062553406,0.47228357,0.0,2.7010515366932903,5.468133271680501,,6.098865540470005,0.3317633630904193
2026-07-25,Milagros (Masbate),29.996612437069416,33.85113067924976,-0.029908139258623123,0.03479110077023506,8.545183062553406,0.4826526,0.0,0.9413163566398605,3.1885702568747947,,3.3246137770129534,0.3204380993505854
2026-07-26,Milagros (Masbate),30.365031883120537,33.81756031885743,0.01892147585749626,0.012207403779029846,8.69777561724186,1.129391,12.898761273397636,1.0088290820461812,1.047578952213243,,1.4543582013734913,0.30911283561075154
2026-07-27,Milagros (Masbate),30.306436344981194,33.73821219429374,0.03234962001442909,-0.0555436871945858,8.69777561724186,0.8535625,0.0,1.0516636102545656,0.020801935381903655,,1.051869321564851,0.29778757187091764
2026-07-28,Milagros (Masbate),30.144566170871258,33.657338144257665,0.04455702379345894,-0.09643848985433578,8.69777561724186,0.93898106,83.42515166245899,2.3767100728212003,-1.2507292730311759,,2.6857167543631344,0.28646230813108375
2026-07-29,Milagros (Masbate),29.815698713064194,33.46201968379319,0.04821924492716789,-0.079348124563694,8.69777561724186,1.8118808,0.0,1.82020290279968,0.4381267201745499,,1.8721895284108632,0.27513704439124986
2026-07-30,Milagros (Masbate),30.330607004463673,33.70921961031854,0.04150517284870148,-0.08301034569740295,8.69777561724186,2.6739202,0.0,1.6234449921722494,-0.6722162637043682,,1.7571136411165371,0.263811780651416
2026-07-31,Milagros (Masbate),30.066194638609886,33.68480480276048,0.07568590342998505,-0.09155552834272385,8.69777561724186,1.9852266,34.13798822012199,2.8305478177076853,-1.574755476322419,,3.23911342168458,0.2524865169115821
2026-08-01,Milagros (Masbate),29.84279914945364,33.64207888953388,0.0872829370200634,-0.0872829370200634,8.69777561724186,1.9103091,22.07314020238106,3.7039399982296564,-0.7595397044405662,,3.781014688295613,0.24116125317174825
2026-08-02,Milagros (Masbate),29.696310304105282,33.66496777161956,0.09949034079909325,-0.025635547935962677,8.69777561724186,1.729411,23.21591065814964,4.932366386047921,2.408626211910158,,5.4890544171939215,0.22983598943191436
2026-08-03,Milagros (Masbate),29.73659473657608,33.70311590842903,0.05249183624982834,0.017090365290641785,8.545183062553406,1.8549712,0.0,5.380784865883426,4.01462587642435,0.21851072569208047,6.713424364702123,0.21851072569208047
2026-08-04,Milagros (Masbate),29.845728926360607,33.74584182165563,0.027466658502817154,0.032959990203380585,8.545183062553406,2.9457958,0.0,5.287264107795795,3.753402142994623,,6.484071976206178,0.22645939041689603
2026-08-05,Milagros (Masbate),29.864772476255894,33.77330848015845,0.0317392498254776,0.021973326802253723,8.545183062553406,1.8801569,0.0,6.611005111642685,3.9111723031105563,,7.681318726025164,0.2344080551417116
2026-08-06,Milagros (Masbate),29.686056084930897,33.78246403299272,0.043946653604507446,0.010986663401126862,8.545183062553406,1.0188056,0.0,7.704681337205288,3.9387684583352143,,8.653092596075453,0.24235671986652713
2026-08-07,Milagros (Masbate),29.472914814949036,33.776360331103206,0.05737479776144028,0.005493331700563431,8.545183062553406,1.018758,15.68508042186559,8.22483066074921,4.23525958131282,,9.251230357044534,0.25030538459134266
2026-08-08,Milagros (Masbate),29.33521530032158,33.78093810752034,0.025025177747011185,0.023194067180156708,8.545183062553406,1.4723527,36.597589686240916,6.798176774759277,5.3668808512196495,,8.661328854861972,0.25825404931615825
2026-08-09,Milagros (Masbate),29.31177708506584,33.800775138661265,-0.014648884534835815,0.038453321903944016,8.545183062553406,1.4788259,0.0,5.100290285696368,5.984542883646581,,7.863060124695326,0.2662027140409738
2026-08-10,Milagros (Masbate),29.374767288565636,33.82213809527457,-0.024414807558059692,0.043946653604507446,8.545183062553406,0.906065,0.0,4.051930216773032,5.776978622648256,,7.056317771198608,0.2741513787657894
2026-08-11,Milagros (Masbate),29.464125484228134,33.84044920094311,-0.008545182645320892,0.04028443247079849,8.545183062553406,3.5380063,0.0,4.11569730490297,4.921925987708716,0.2821000434906049,6.4159426224108325,0.2821000434906049
2026-08-12,Milagros (Masbate),29.618671216070652,33.85876030661166,0.010986663401126862,0.038453321903944016,8.545183062553406,2.3515651,0.0,3.8571835550237346,4.393861078612575,,5.846698226802201,0.2922046954888791
2026-08-13,Milagros (Masbate),29.751976065337658,33.87096771039069,0.021973326802253723,0.03234962001442909,8.545183062553406,0.8197498,10.79603523463313,3.345100913747328,3.8432265131168535,,5.095104528297485,0.3023093474871533
2026-08-14,Milagros (Masbate),29.948271118104458,33.88927881605923,0.04211554303765297,0.029908139258623123,8.69777561724186,1.3530997,10.79603523463313,3.095503382356691,3.504849782466192,,4.67612159677601,0.3124139994854276
2026-08-15,Milagros (Masbate),30.094027519226074,33.90758992172778,0.06775109097361565,0.008545182645320892,8.69777561724186,2.3816283,0.0,5.004542512832784,2.790331809775115,,5.729868879075118,0.3225186514837018
2026-08-16,Milagros (Masbate),30.10061951726675,33.9274269528687,0.05615405738353729,0.01342814415693283,8.545183062553406,3.1090038,18.426791504478842,5.448205138070829,3.463393625658066,0.332623303481976,6.455852742492684,0.332623303481976
2026-08-17,Milagros (Masbate),29.89187291264534,33.91827140003443,0.03234962001442909,0.017700735479593277,8.545183062553406,3.1090038,17.224419624761925,5.798747062169548,4.1160806811161255,,7.11108906317994,0.34023478886034636
2026-08-18,Milagros (Masbate),29.70802941173315,33.92895287834108,-0.0024414807558059692,0.03479110077023506,8.545183062553406,3.1674855,19.917810289177883,3.7395433422528517,6.12107557496233,,7.172987564675408,0.3478462742387168
2026-08-19,Milagros (Masbate),29.730002738535404,33.948789909482,0.006103701889514923,0.036011841148138046,8.545183062553406,3.7108076,0.3737273851133746,2.3383585446173796,3.931283793602368,,4.574157075246295,0.35545775961708714
2026-08-20,Milagros (Masbate),30.056672863662243,33.97167879156768,0.05249183624982834,0.031128879636526108,8.69777561724186,3.6180139,0.0011398023406221222,3.0801568799077916,2.622059253291246,,4.045066270484768,0.3630692449954575
2026-08-21,Milagros (Masbate),30.16653949767351,33.98693804629147,0.06836146116256714,0.006714072078466415,8.69777561724186,0.9510626,0.026424973054541535,4.308112857066464,2.3440004444569844,,4.904505527862714,0.3706807303738279
2026-08-22,Milagros (Masbate),30.203894153237343,34.00219730101526,0.056764427572488785,0.014038514345884323,8.545183062553406,0.837612,2.756880451409376,4.65286403176821,2.5871423876407524,,5.323762713725117,0.3782922157521983
2026-08-23,Milagros (Masbate),30.310098566114902,34.018982481211424,0.05310220643877983,0.01892147585749626,8.545183062553406,0.6404573,0.0,3.9596521635772315,2.7274088213577463,,4.8080769685334594,0.38590370113056865
2026-08-24,Milagros (Masbate),30.352580331265926,34.03576766140759,0.03479110077023506,0.024414807558059692,8.545183062553406,1.8068691,0.0,3.9349106115802943,2.747107054528956,,4.798970586508107,0.3935151865089391
2026-08-25,Milagros (Masbate),30.35770744085312,34.043397288769484,0.022583696991205215,0.02868739888072014,8.545183062553406,1.8075073,4.636910286201183,3.39153679995108,2.96353536562256,,4.503894284807099,0.40112667188730944
2026-08-26,Milagros (Masbate),30.325834274291992,34.12285614013672,-0.0035640413407236338,0.03977605700492859,8.541186332702637,3.1001453,3.8827917024523444,3.89154690551303,3.485689642722996,,5.224382222157411,0.4087381572656798
2026-08-27,Milagros (Masbate),30.21862030029297,34.11012268066406,0.0051606218330562115,0.02158399485051632,8.541186332702637,2.1846085,22.79123460448538,4.615110663801295,3.9969395582414933,,6.105306894118275,0.41634964264405017
2026-08-28,Milagros (Masbate),30.021028518676758,34.123897552490234,0.009085561148822308,0.020801570266485214,8.541186332702637,2.1883948,3.7440001326206973,4.69411145772317,4.513359231374404,,6.511919373653247,0.4239611280224206
2026-08-29,Milagros (Masbate),29.937191009521484,34.144927978515625,0.018820378929376602,0.017298052087426186,8.541186332702637,1.4454346,7.7120135280229976,4.377615832908308,4.231506784619418,,6.088445618448905,0.43157261340079095
2026-08-30,Milagros (Masbate),29.96030044555664,34.16462326049805,0.002387791872024536,0.020489303395152092,8.541186332702637,1.3959073,1.1807553192664835,4.620863127941369,3.9853393318323147,,6.1020738800032355,0.4391840987791613
2026-08-31,Milagros (Masbate),29.939855575561523,34.18381118774414,-0.016314834356307983,0.024148697033524513,8.541186332702637,1.023407,1.1226914503269698,4.212073732187257,4.4135371457797685,,6.100891349840588,0.44679558415753173
2026-09-01,Milagros (Masbate),30.040908813476562,34.20240020751953,-0.01977655477821827,0.03629861772060394,8.541186332702637,1.5572482,0.07078787521882492,3.627985117847952,4.752744521890403,,5.979201995725304,0.4544070695359021
2026-09-02,Milagros (Masbate),30.12347412109375,34.22382354736328,-0.04627383500337601,0.049227360635995865,8.541186332702637,1.6019408,0.8659090914509514,4.216652326321949,5.1354247812803315,,6.644753157587153,0.46201855491427246
2026-09-03,Milagros (Masbate),30.141963958740234,34.24748992919922,-0.031169455498456955,0.034673891961574554,8.541186332702637,2.9486477,0.0,4.415151886595553,4.4590897586897915,,6.27511335816019,0.4696300402926429
2026-09-04,Milagros (Masbate),30.137779235839844,34.24727249145508,0.0023085258435457945,0.0242532379925251,8.541186332702637,0.6195802,1.1644848129966043,5.0549599053043694,3.648046021938728,,6.233847882521496,0.47724152567101324
2026-09-05,Milagros (Masbate),30.122013092041016,34.2490119934082,0.0528407096862793,-0.002952571026980877,8.541186332702637,0.6219172,2.142999927564101,5.283605290317601,3.760897232758209,,6.485432357155573,0.4848530110493836
2026-09-06,Milagros (Masbate),30.11028289794922,34.2635612487793,0.06865402311086655,-0.011811205185949802,8.541186332702637,0.5428986,0.9133636065504768,5.298122841795185,2.9086390258404036,,6.04402900633292,0.49246449642775403
2026-09-07,Milagros (Masbate),30.153627395629883,34.2740478515625,0.07990619540214539,-0.014449864625930786,8.541186332702637,0.5300144,0.1531212052880702,6.123051272070275,2.7619266647936347,,6.7171419355332596,0.5000759818061244
2026-09-08,Milagros (Masbate),30.11418914794922,34.28841781616211,0.06950973719358444,-0.013089131563901901,8.541186332702637,0.51198393,0.30239393277601767,5.467109886478743,2.5221490332489513,,6.020840992482049,0.5076874671844948
2026-09-09,Milagros (Masbate),29.997533798217773,34.272342681884766,0.03388924151659012,0.0005961511051282287,8.541186332702637,0.5820179,2.0081817648627545,4.652054510673052,2.8894309312510984,,5.476351182744225,0.5152989525628652
2026-09-10,Milagros (Masbate),29.939708709716797,34.25825500488281,-0.0005263756611384451,0.014931918121874332,8.541186332702637,0.75773704,2.329272680390965,2.6897063602510896,2.9207317759160016,,3.97054082099915,0.5229104379412355
2026-09-11,Milagros (Masbate),30.06549644470215,34.259315490722656,0.002459233393892646,0.001799279823899269,8.541186332702637,0.7609895,0.09893939080648124,1.3045887627577044,0.3034247289722594,,1.3394097229994888,0.5305219233196059
2026-09-12,Milagros (Masbate),30.29228973388672,34.25634765625,0.029301470145583153,-0.015975235030055046,8.541186332702637,0.7514463,5.854969412630256,1.7495516674804161,-2.566532880987183,0.5381334086979763,3.1061265374050477,0.5381334086979763
2026-09-13,Milagros (Masbate),30.26789665222168,34.23823928833008,0.07587167620658875,-0.048763152211904526,8.541186332702637,1.0911285,7.742090775749902,2.5032270730701867,-3.2117188946174946,,4.072012283551531,0.5267129238293072
2026-09-14,Milagros (Masbate),30.429248809814453,34.19807815551758,0.04686103016138077,-0.045560646802186966,8.541186332702637,1.1865665,2.495787811279297,1.452501750687506,-1.8479767299100096,,2.3504849138080344,0.515292438960638
2026-09-15,Milagros (Masbate),30.571462631225586,34.19104766845703,0.043193504214286804,-0.03563350439071655,8.541186332702637,0.6828622,14.219635976444591,0.7710746008301249,-0.7678236341795579,,1.0881678056485773,0.5038719540919689
2026-09-16,Milagros (Masbate),30.5449161529541,34.172977447509766,0.01862415112555027,0.005904600024223328,8.541186332702637,1.8382454,16.01696952473034,0.6754964983585257,0.44075528419295656,,0.8065734559472209,0.4924514692232998
2026-09-17,Milagros (Masbate),30.53622817993164,34.137638092041016,-0.011792547069489956,0.035597506910562515,8.541186332702637,1.4715277,2.560484821146185,0.5750664243588807,1.2771636416558276,,1.400659973010039,0.48103098435463065
2026-09-18,Milagros (Masbate),30.5620174407959,34.12746810913086,-0.00258308881893754,0.027699697762727737,8.541186332702637,0.5982208,3.705060514536771,1.6142498394628424,1.778672892622365,,2.40197414706225,0.46961049948596156
2026-09-19,Milagros (Masbate),30.748943328857422,34.13436508178711,0.008940539322793484,0.022132158279418945,8.541186332702637,1.923208,1.4056363425810232,2.537710378367916,0.4014081744397912,,2.5692610780112086,0.4581900146172924
2026-09-20,Milagros (Masbate),30.852935791015625,34.12520980834961,0.06914933770895004,-0.023908650502562523,8.541186332702637,1.0788254,3.6326665152202957,3.8669294924706312,-0.4643915030706643,0.4467695297486233,3.8947147736212218,0.4467695297486233
2026-09-21,Milagros (Masbate),30.871551513671875,34.11238098144531,0.07891979813575745,-0.031426358968019485,8.541186332702637,1.0719798,3.145787891474637,3.1228949333101115,-0.5778717992488985,,3.175910669534193,0.4074639583635505
2026-09-22,Milagros (Masbate),30.900606155395508,34.08033752441406,0.07057926803827286,-0.027541613206267357,8.541186332702637,0.6718392,7.701969441500578,2.368953403596448,-0.3259753081897413,,2.3912758372802987,0.36815838697847764
2026-09-23,Milagros (Masbate),30.95529556274414,34.035614013671875,0.012836635112762451,-0.034055985510349274,8.541186332702637,0.9759913,5.767272559079258,-0.028861421540623693,-0.5509485282827516,,0.5517039627103248,0.32885281559340485
2026-09-24,Milagros (Masbate),31.031490325927734,34.037818908691406,0.009441009722650051,-0.03954259678721428,8.541186332702637,1.7226408,2.301151503216137,-0.15169210512460732,-1.3411637698056944,,1.3497150633361683,0.289547244208332
2026-09-25,Milagros (Masbate),31.177772521972656,34.057796478271484,-0.010702934116125107,-0.007756305858492851,8.541186332702637,1.7698926,1.3845757338133728,0.34057065525167907,-0.10066091967542426,0.2502416728232592,0.3551351742202682,0.2502416728232592
2026-09-26,Milagros (Masbate),31.321949005126953,34.071441650390625,-0.016046125441789627,0.028229767456650734,8.541186332702637,1.9792475,1.1371817946434022,0.8632932233483949,0.908533594123913,,1.2532790914760275,0.23981974741217463
2026-09-27,Milagros (Masbate),31.387229919433594,34.083038330078125,-0.027979370206594467,0.031173722818493843,8.541186332702637,1.497845,6.412121165882459,0.2582621700223184,0.57773669781763,,0.6328341334582518,0.22939782200109002
2026-09-28,Milagros (Masbate),31.4261417388916,34.05838394165039,-0.019733142107725143,0.005799274425953627,8.541186332702637,0.8028537,3.4183635668321095,0.35919700162998947,0.1669261871975141,,0.39608943176039696,0.21897589659000544
2026-09-29,Milagros (Masbate),31.426177978515625,34.04225158691406,-0.00950546097010374,-0.00228758598677814,8.541186332702637,0.66020167,16.60493942607533,0.880257844576442,-0.3538404931764583,,0.9487133221103848,0.20855397117892083
2026-09-30,Milagros (Masbate),31.550718307495117,34.063655853271484,-0.0168569665402174,0.004941050428897142,8.541186332702637,2.8117702,1.5676060145551511,-1.637191443326281,-1.1906896151435478,0.19813204576783625,2.0243857294773346,0.19813204576783625
2026-10-01,Milagros (Masbate),31.57083511352539,34.059505462646484,-0.003878062590956688,-0.024737363681197166,8.541186332702637,1.9001893,3.935060540112582,-0.32809791752756334,-1.5172584693297415,,1.5523277702337073,
2026-07-01,Cancabato Bay,31.636555060744286,34.07544172368944,-0.029908139258623123,0.0012207403779029846,7.171850070357323,0.36909467,9.489240190091607,-0.6787052595138992,0.9256113039535748,,1.1477792101699988,
2026-07-02,Cancabato Bay,31.59700307250023,34.066286170855165,-0.07263405248522758,-0.005493331700563431,7.171850070357323,0.91910946,7.028420461252475,-1.1323467205291697,0.1336771041863949,,1.1402099208816006,
2026-07-03,Cancabato Bay,31.67171238362789,34.08307135105133,-0.08423108607530594,-0.01037629321217537,7.171850070357323,2.1039941,2.135026550140625,-1.2218064538709397,0.08058666334771263,,1.2244611962125211,
2026-07-04,Cancabato Bay,31.81014434248209,34.08764912746847,-0.06775109097361565,-0.0079348124563694,7.171850070357323,0.9178215,0.0,-0.6858321331092023,0.24745443366256267,0.17795150810822408,0.7291086417978999,0.17795150810822408
2026-07-05,Cancabato Bay,32.20273444801569,34.06781209632754,-0.024414807558059692,-0.03723258152604103,7.171850070357323,1.9082539,0.0,0.4428175994280883,0.058436952140651255,,0.4466568075589396,0.18396004731072346
2026-07-06,Cancabato Bay,32.089938037097454,34.09680468030274,0.004272591322660446,-0.06103701889514923,7.171850070357323,0.5588281,0.5237680654556226,1.4031278253785735,-0.6927047170153061,,1.564802709394018,0.18996858651322285
2026-07-07,Cancabato Bay,32.004242062568665,34.113589860498905,0.036011841148138046,-0.03662221133708954,7.171850070357323,1.9140254,4.397971368826236,2.930289722089267,-0.6433006970869749,,3.0000722728385365,0.19597712571572223
2026-07-08,Cancabato Bay,31.570635080337524,34.136478742584586,0.04577776417136192,0.004272591322660446,7.171850070357323,0.9043017,11.51980792523954,3.996454426586341,0.29135392868207666,,4.007060655335783,0.20198566491822162
2026-07-09,Cancabato Bay,30.970763258635998,34.162419475615025,0.062257759273052216,0.019531846046447754,7.171850070357323,0.9043017,11.793977690200077,3.9355516206807866,1.9811859173542306,,4.406093984263827,0.20799420412072103
2026-07-10,Cancabato Bay,30.614795364439487,34.18225650675595,0.05615405738353729,0.021973326802253723,7.171850070357323,0.9224663,8.255945542369027,2.860952082999889,3.2640839566752664,,4.340425197771097,0.21400274332322042
2026-07-11,Cancabato Bay,30.33719900250435,34.19446391053498,0.01342814415693283,0.014648884534835815,7.171850070357323,1.560531,3.884506400781699,0.7581346255853398,2.546821534674943,,2.6572670245941516,0.2200112825257198
2026-07-12,Cancabato Bay,30.519577614963055,34.20514538884163,-0.01892147585749626,0.023194067180156708,7.171850070357323,1.5739272,12.879749681241217,0.18789861383435913,1.347261355693744,,1.3603010878576178,0.2260198217282192
2026-07-13,Cancabato Bay,30.87334817647934,34.20819723978639,-0.012207403779029846,-0.0006103701889514923,7.171850070357323,1.5739301,0.0,0.32288344690116233,0.35424084260243976,,0.47931231451994033,0.23202836093071857
2026-07-14,Cancabato Bay,31.071108117699623,34.20514538884163,-0.032959990203380585,-0.0030518509447574615,7.171850070357323,1.5998979,0.0,-0.12722022210127987,0.5659463055884487,,0.5800691387418511,0.23803690013321796
2026-07-15,Cancabato Bay,31.23297829180956,34.22956019639969,-0.025635547935962677,-0.011597033590078354,7.171850070357323,1.2481986,0.22970716793316243,0.540222955757929,0.14951083205208324,,0.5605304013421034,0.24404543933571737
2026-07-16,Cancabato Bay,31.46589555591345,34.232612047344446,-0.008545182645320892,-0.027466658502817154,7.171850070357323,0.45334923,6.282252440437342,1.260862212997299,-0.2352285026319861,,1.282616844039923,0.25005397853821676
2026-07-17,Cancabato Bay,31.402172908186913,34.246345376595855,0.014038514345884323,-0.03784295171499252,7.171850070357323,0.5090194,0.0,1.8076670865424376,-0.08583624573881837,,1.8097038865105417,0.25606251774071614
2026-07-18,Cancabato Bay,31.56917019188404,34.2646564822644,-0.016479995101690292,-0.04211554303765297,7.171850070357323,0.3537061,6.125076740313643,1.4292102561698663,-0.1275975180432273,,1.4348947985660574,0.26207105694321553
2026-07-19,Cancabato Bay,31.726645700633526,34.2646564822644,-0.04577776417136192,-0.05005035549402237,7.171850070357323,0.502916,3.9847658636470955,1.3678827309999488,-0.18095551012955194,0.2680795961457149,1.3798000081222368,0.2680795961457149
2026-07-20,Cancabato Bay,31.63801994919777,34.21735279262066,-0.06408886983990669,-0.06958220154047012,7.171850070357323,0.81842244,3.141126220218671,1.0517072582883744,-0.43096136410700653,,1.1365807734118245,0.18991762984481855
2026-07-21,Cancabato Bay,31.610919512808323,34.22956019639969,-0.04577776417136192,-0.08667256683111191,7.171850070357323,1.9204322,9.61048582948435,1.2324019172335365,-0.8390952974082857,0.11175566354392218,1.4909377598456603,0.11175566354392218
2026-07-22,Cancabato Bay,31.455641336739063,34.20667131431401,-0.04150517284870148,-0.07202368229627609,7.171850070357323,0.6008909,3.8140540534315024,1.478241640471179,-0.8056717212218337,,1.6835395065158032,0.1304291608223758
2026-07-23,Cancabato Bay,31.081362336874008,34.029663959518075,0.009765923023223877,-0.04028443247079849,7.171850070357323,0.5920982,4.805242914742175,1.6118668741044229,0.817714935528761,,1.8074215157571765,0.1491026581008294
2026-07-24,Cancabato Bay,30.892391726374626,34.11053800955415,-0.005493331700563431,0.003662221133708954,7.171850070357323,0.87416846,1.623962892891881,0.9059531797187435,1.8259108378832656,,2.038308502592792,0.16777615537928303
2026-07-25,Cancabato Bay,31.032288573682308,34.13342689163983,-0.03479110077023506,0.01831110566854477,7.171850070357323,0.9275657,0.0,-0.16464381307177633,1.2288597109797483,,1.2398402213398485,0.18644965265773666
2026-07-26,Cancabato Bay,31.305490270256996,34.01287877932191,-0.02136295661330223,-0.028077028691768646,7.171850070357323,0.9047436,7.098830507967039,0.49449986127155926,-0.18215721246688962,,0.5269832661966591,0.20512314993619027
2026-07-27,Cancabato Bay,31.297433383762836,34.113589860498905,-0.005493331700563431,-0.06286812946200371,7.171850070357323,1.1649145,4.3865767454567814,0.5917071450194467,-0.4254868402578011,,0.7288047726926821,0.22379664721464387
2026-07-28,Cancabato Bay,30.90997038781643,33.935056580230594,0.0030518509447574615,-0.07568590342998505,7.171850070357323,1.1653538,16.471617678864696,1.4423527205395188,-0.7976040200455745,,1.6481970583763983,0.2424701444930975
2026-07-29,Cancabato Bay,30.99566636234522,34.00067137554288,-0.017700735479593277,-0.04943998530507088,7.171850070357323,0.84963477,5.917386780150783,0.8595039722797752,0.16060079366732866,0.26114364177155114,0.87437960480062,0.26114364177155114
2026-07-30,Cancabato Bay,30.95977659523487,33.919797325506806,-0.017090365290641785,-0.06958220154047012,7.171850070357323,1.0691822,20.378771711843083,0.9934067332901563,-0.32904881713957074,,1.0464846209128782,0.2431406735063178
2026-07-31,Cancabato Bay,30.77080598473549,33.87096771039069,0.05615405738353729,-0.06286812946200371,7.171850070357323,1.0723052,9.118075028014259,2.4117656790596094,-0.6563347592368142,,2.4994777468247853,0.22513770524108445
2026-08-01,Cancabato Bay,30.55400249361992,33.919797325506806,0.03662221133708954,-0.025025177747011185,7.171850070357323,0.8952807,0.0,2.117148575812516,-0.08907194494457603,,2.119021449500022,0.2071347369758511
2026-08-02,Cancabato Bay,30.830133967101574,33.98693804629147,0.03784295171499252,-0.009155552834272385,7.171850070357323,0.98330754,0.0,1.8793528202803256,0.8071753266612773,,2.0453603670420413,0.18913176871061776
2026-08-03,Cancabato Bay,31.02423168718815,34.031189884990454,0.02685628831386566,-0.004272591322660446,7.171850070357323,1.5228642,0.0,2.0356987582863444,1.2800697718296683,0.17112880044538442,2.4047137158590464,0.17112880044538442
2026-08-04,Cancabato Bay,31.167058311402798,34.078493574634194,0.014648884534835815,-0.0006103701889514923,7.171850070357323,0.98240656,0.0,2.308512139799524,1.2675429688063966,,2.6336084517961873,0.13204656394990189
2026-08-05,Cancabato Bay,31.254951618611813,34.1212194878608,0.02136295661330223,0.005493331700563431,7.171850070357323,0.28757447,0.0,2.881777517292731,1.6969935600739425,,3.3443129043357005,0.09296432745441936
2026-08-06,Cancabato Bay,31.243964955210686,34.16547132655978,0.05005035549402237,0.014038514345884323,7.171850070357323,0.23600072,0.0,3.68781069735507,2.1014366889005442,,4.244523989446139,0.05388209095893684
2026-08-07,Cancabato Bay,31.083559669554234,34.2143009416759,0.07019257172942162,0.015259254723787308,7.171850070357323,0.2353614,17.692901020232867,3.811873766202304,2.2185490203526097,,4.410480854189128,0.014799854463454304
2026-08-08,Cancabato Bay,30.879940174520016,34.25550092943013,0.08545182645320892,0.01831110566854477,7.171850070357323,0.25914648,0.0,3.4100220222675817,2.8648875635087174,,4.453743475313414,-0.024282382032028232
2026-08-09,Cancabato Bay,30.830133967101574,34.28907128982246,0.08056886494159698,0.02075258642435074,7.171850070357323,0.33349207,21.05964542425479,2.647151984912911,3.336905701299771,,4.259384144520811,-0.06336461852751074
2026-08-10,Cancabato Bay,30.88506728410721,34.318063873797655,0.06103701889514923,0.017090365290641785,7.171850070357323,0.3486882,0.0,2.176201320955731,2.6115165410512153,-0.10244685502299325,3.399392715399851,-0.10244685502299325
2026-08-11,Cancabato Bay,31.072573006153107,34.340952755883336,0.04211554303765297,0.014038514345884323,7.171850070357323,0.77700526,0.0,1.979873776628614,1.81499333625634,,2.685907850622685,-0.07933741632872611
2026-08-12,Cancabato Bay,31.292306274175644,34.35926386155188,0.028077028691768646,0.01342814415693283,7.171850070357323,0.31664807,0.0,1.6528415107154273,1.7300999347980206,,2.392724564995347,-0.05622797763445896
2026-08-13,Cancabato Bay,31.5684377476573,34.37604904174805,0.003662221133708954,0.017090365290641785,7.171850070357323,0.90670055,0.0,1.1628524743263209,1.3801696964708041,-0.03311853894019181,1.8047421611142014,-0.03311853894019181
2026-08-14,Cancabato Bay,31.869472324848175,34.38825644552708,-0.0012207403779029846,-0.01037629321217537,7.171850070357323,0.9313399,0.0,1.42862286460843,0.8854796827238738,,1.6807848041313227,-0.017495944287214044
2026-08-15,Cancabato Bay,31.87899409979582,34.401989774778485,0.017700735479593277,-0.04516739398241043,7.171850070357323,1.3119498,0.0,2.1456625720980433,0.8022972026744762,,2.2907528619913764,-0.0018733496342362814
2026-08-16,Cancabato Bay,31.696615487337112,34.42182680591941,0.012207403779029846,-0.012817773967981339,7.171850070357323,1.2187455,0.05326795542892367,2.6786712572463913,1.4478286898254553,,3.0449117588987136,0.01374924501874148
2026-08-17,Cancabato Bay,31.510574653744698,34.44776753894985,0.025025177747011185,0.006714072078466415,7.171850070357323,1.5932581,13.722538367627912,3.330753408807837,2.1218312792316487,,3.949188049183128,0.029371839671719246
2026-08-18,Cancabato Bay,31.117984548211098,34.47065642103553,-0.010986663401126862,0.009155552834272385,7.171850070357323,0.8995507,0.8607599546258061,1.7423848614568216,2.2407625800992137,,2.8384717623761544,0.04499443432469701
2026-08-19,Cancabato Bay,31.383861802518368,34.49659715406597,-0.04028443247079849,0.023194067180156708,7.171850070357323,0.8144602,0.8359368245441693,0.28808829249617524,1.4545162948952943,,1.4827719030212627,0.06061702897767477
2026-08-20,Cancabato Bay,31.77718435227871,34.510330483317375,-0.0158696249127388,-0.015259254723787308,7.171850070357323,2.3485057,0.0,1.2768161691730415,0.1584609382338159,,1.286611595940151,0.07623962363065254
2026-08-21,Cancabato Bay,31.742759473621845,34.524063812568784,0.012817773967981339,-0.025025177747011185,7.171850070357323,2.271849,0.5993537883789014,1.9027671395396768,0.14084932340929043,,1.9079730918482207,0.09186221828363031
2026-08-22,Cancabato Bay,31.82186345010996,34.53932306729257,-0.01037629321217537,-0.004272591322660446,7.171850070357323,2.267335,5.0160662244303165,1.9396371162634414,0.4789799350765842,,1.9979023802460238,0.10748481293660805
2026-08-23,Cancabato Bay,31.865810103714466,34.55458232201636,-0.006103701889514923,-0.010986663401126862,7.171850070357323,2.2745967,0.0804390741070322,1.7832121766998696,0.6725967514732468,,1.905841561416649,0.12310740758958583
2026-08-24,Cancabato Bay,31.906826980412006,34.571367502212524,0.0012207403779029846,-0.0048829615116119385,7.171850070357323,2.2707126,0.0,1.8460456366130351,0.7220630407829047,,1.982235991834141,0.1387300022425636
2026-08-25,Cancabato Bay,32.02255316823721,34.58815268240869,0.006103701889514923,-0.0024414807558059692,7.171850070357323,0.6844854,1.9449636513432758,1.7100187699495721,0.8101051416042415,,1.8922036185446522,0.15435259689554134
2026-08-26,Cancabato Bay,32.28678894042969,34.42471694946289,0.034800171852111816,-0.015134882181882858,7.266899108886719,0.572013,1.7687380767097107,2.0420771653560212,1.1230442618134122,,2.3305165872099076,0.16997519154851912
2026-08-27,Cancabato Bay,32.08632278442383,34.432952880859375,0.061129409819841385,0.006528384983539581,7.257707595825195,0.5680754,12.724211605973899,2.10493859387788,1.3704910820255822,,2.511774729132419,0.1855977862014969
2026-08-28,Cancabato Bay,31.777164459228516,34.44023513793945,0.03542855381965637,0.006368226837366819,7.195297718048096,0.29736695,5.008227420310244,1.8695686919277774,1.584280893471644,,2.4505577004542967,0.20122038085447463
2026-08-29,Cancabato Bay,31.80811309814453,34.458213806152344,0.0673004761338234,0.010452507063746452,7.204392910003662,0.3397866,2.2537098372706215,2.215337337812009,1.7825195416481125,,2.843430223631555,0.2168429755074524
2026-08-30,Cancabato Bay,31.78547477722168,34.48025131225586,0.05873261019587517,0.009943922981619835,7.201303958892822,0.36040682,0.7753338619542962,2.2909160903927144,1.3979489771646234,,2.6837581627217935,0.23246557016043015
2026-08-31,Cancabato Bay,31.849050521850586,34.50041198730469,0.06252522766590118,0.009906727820634842,7.208204746246338,0.43140635,0.0,2.2855460875633,1.6423422647255015,,2.814428722295094,0.24808816481340792
2026-09-01,Cancabato Bay,31.957395553588867,34.5196418762207,0.07217217981815338,0.015048347413539886,7.207268714904785,1.5054867,0.0,2.0599170340266837,1.6838367659160576,,2.660557167460218,0.2637107594663857
2026-09-02,Cancabato Bay,31.96919059753418,34.541744232177734,0.07473941892385483,0.018136227503418922,7.206681728363037,0.5820111,0.0,2.269816198368826,2.370068005806141,0.2793333541193635,3.281659325177342,0.2793333541193635
2026-09-03,Cancabato Bay,31.949674606323242,34.563804626464844,0.06838133931159973,0.01415981538593769,7.204799652099609,0.9489928,0.02576686962981897,2.2143333291423652,2.034983660283114,,3.0073959816043465,0.26307776839859975
2026-09-04,Cancabato Bay,32.005043029785156,34.58123779296875,0.0642385482788086,0.01229880005121231,7.212310791015625,1.0366023,0.0,2.379772744957529,1.3086797093430849,,2.7158720329369337,0.24682218267783607
2026-09-05,Cancabato Bay,32.12480163574219,34.57427215576172,0.05803757160902023,0.005705549381673336,7.22547721862793,2.910989,1.5373005724392057,2.2884142794821662,1.3916662618893072,,2.67835301986479,0.23056659695707235
2026-09-06,Cancabato Bay,32.1451530456543,34.577232360839844,0.05425912141799927,-0.0023032627068459988,7.233814239501953,2.8983603,0.18760735692422084,2.3079671156987436,0.7726272332748163,,2.433858058462875,0.21431101123630864
2026-09-07,Cancabato Bay,32.17967987060547,34.58913040161133,0.05120578780770302,-0.007933036424219608,7.25356388092041,1.3568559,0.8088956866527629,2.556787411537092,0.7714202270190583,,2.670627460813035,0.19805542551554492
2026-09-08,Cancabato Bay,32.0789680480957,34.604366302490234,0.04582410678267479,-0.007362113334238529,7.26124906539917,1.0349078,0.049877300767079455,2.1676602776647034,0.5018304625238218,,2.2249909870564175,0.1817998397947812
2026-09-09,Cancabato Bay,32.030120849609375,34.59109878540039,0.010036950930953026,-0.017265332862734795,7.264403820037842,1.0498415,1.507331271478735,2.064276022485895,0.5593984417839342,,2.1387290884262273,0.1655442540740175
2026-09-10,Cancabato Bay,31.983932495117188,34.581729888916016,0.0183173306286335,-0.009469023905694485,7.2673659324646,1.2018111,3.8437730538333126,1.0772043547252501,0.23325267813447498,,1.1021687863916068,0.14928866835325377
2026-09-11,Cancabato Bay,31.88698959350586,34.57178497314453,-0.02764572948217392,-0.02308046445250511,7.265838623046875,1.5022125,9.661288278965863,0.020464156290267134,-0.4241095164213756,,0.42460294819024225,0.13303308263249006
2026-09-12,Cancabato Bay,31.97952651977539,34.57241439819336,-0.03519532084465027,-0.009197898209095001,7.265866756439209,3.1393282,9.431687053727227,0.9188861149126788,-1.0999316838740973,0.11677749691172636,1.4332485483576893,0.11677749691172636
2026-09-13,Cancabato Bay,31.8853702545166,34.55256271362305,0.007870655506849289,-0.041840746998786926,7.228088855743408,0.48502284,9.938527001925044,2.3377316731122275,-1.044943524222089,,2.560643736306512,0.1163723862223717
2026-09-14,Cancabato Bay,31.76285743713379,34.5189323425293,0.004054964054375887,-0.01881803572177887,7.21207857131958,0.29421738,3.053864933230394,1.470289067325429,-0.5474011176010841,,1.5688842930718618,0.11596727553301703
2026-09-15,Cancabato Bay,31.735769271850586,34.498111724853516,-0.008968035690486431,-0.02370053343474865,7.223652362823486,2.5282857,8.364325042151236,1.0441194072995679,-0.10079032605392164,,1.0489728435596686,0.11556216484366237
2026-09-16,Cancabato Bay,31.613725662231445,34.47168731689453,0.005233803763985634,-0.003271640744060278,7.262184143066406,2.2315516,12.107054884448374,0.8348409560624986,0.33144242561394976,,0.8982279796444805,0.1151570541543077
2026-09-17,Cancabato Bay,31.481704711914062,34.41767883300781,-0.0012530159438028932,0.009299122728407383,7.264856815338135,1.8275026,25.289662524966374,1.0217356643271407,0.23480228968541217,,1.0483682001088814,0.11475194346495304
2026-09-18,Cancabato Bay,31.518569946289062,34.344520568847656,-0.013088752515614033,-0.019046204164624214,7.2648024559021,2.838295,8.077791212160895,1.3268726310985528,-0.1578432300344685,,1.3362280735062073,0.11434683277559837
2026-09-19,Cancabato Bay,31.67753028869629,34.368736267089844,-0.0412515252828598,-0.014936606399714947,7.252798080444336,0.67715275,0.5919324883654075,1.2525025392190006,-0.15089507399268454,0.11394172208624372,1.2615593264311045,0.11394172208624372
2026-09-20,Cancabato Bay,31.742658615112305,34.37900924682617,-0.010164712555706501,-0.014544163830578327,7.269438743591309,1.0574806,2.452729979907077,1.8530651549869994,-0.5770993562900159,,1.9408488183414345,0.10113889942970183
2026-09-21,Cancabato Bay,31.644079208374023,34.36738586425781,-0.0007172816549427807,-0.028224904090166092,7.2478790283203125,0.94517803,3.321226889918919,1.8414331719461723,-0.9197558183597347,,2.05835538528951,0.08833607677315995
2026-09-22,Cancabato Bay,31.603349685668945,34.34722900390625,-0.002108856802806258,-0.022734927013516426,7.210980415344238,0.6688992,9.530705495846053,1.1995961358239342,-0.7187272360650351,0.07553325411661807,1.3984275915990072,0.07553325411661807
2026-09-23,Cancabato Bay,31.6181640625,34.339454650878906,-0.05110224336385727,-0.012969400733709335,7.20965576171875,1.8808331,7.508190182820421,0.21388102624178984,-0.02408178718956383,,0.21523249257601565,0.10508290757678918
2026-09-24,Cancabato Bay,31.744831085205078,34.342960357666016,-0.056024182587862015,-0.011341201141476631,7.226606845855713,3.1955132,3.704754393570629,0.19927432218196073,-0.2581452461995217,,0.32611228682233295,0.13463256103696025
2026-09-25,Cancabato Bay,31.92524528503418,34.357479095458984,-0.0591595284640789,-8.460508252028376e-05,7.2275710105896,6.3673906,0.7996932401384679,0.1347344857381326,0.23522516199060386,,0.27107980094545014,0.16418221449713136
2026-09-26,Cancabato Bay,32.053611755371094,34.36698532104492,-0.04926497861742973,-0.002502132672816515,7.228543758392334,3.0122743,1.5170245181563442,0.2480322678553422,0.22551834065579857,,0.33522906775756933,0.19373186795730246
2026-09-27,Cancabato Bay,32.09523391723633,34.3439826965332,-0.07373237609863281,0.0028694963548332453,7.233089447021484,1.5375679,2.9973005919368725,-0.1967130129208987,0.4106323908757161,0.22328152141747357,0.45531853672865613,0.22328152141747357
2026-09-28,Cancabato Bay,32.131591796875,34.320919036865234,-0.050885435193777084,-0.004504676442593336,7.2320404052734375,5.1246305,3.6787729073155875,-0.08854823950725442,0.17515117796058327,,0.19626188081442103,
2026-09-29,Cancabato Bay,32.10843276977539,34.30241775512695,-0.04777442663908005,-0.02479615993797779,7.22188138961792,2.5302782,9.494324947427389,0.42242558268482955,-0.5841195434090941,,0.720859912811821,
2026-09-30,Cancabato Bay,32.142459869384766,34.2900276184082,-0.03979143500328064,-0.011053255759179592,7.224796295166016,1.3345351,2.188374086757379,-0.5608112060822692,-0.21683792815689787,,0.6012718985241414,
2026-10-01,Cancabato Bay,32.25248718261719,34.246368408203125,0.0020121776033192873,-0.013735802844166756,7.2279534339904785,3.6980922,3.250490723212073,0.45691433424320693,-0.5993120284795377,,0.753621666565639,
