Date,Location_Name,thetao,so,uo,vo,mlotst,CHL,precip_mm_day,wind_u_ms,wind_v_ms,NDVI_raw,wind_speed_ms,NDVI_daily
2015-01-01,Maqueda Bay,27.126163512468338,34.412671253085136,-0.03723258152604103,0.006714072078466415,16.479995906352997,8.034966,0.0,-2.8700964029827283,-2.1980067176044926,,3.615063885057755,
2015-01-02,Maqueda Bay,27.030945762991905,34.427930507808924,-0.04516739398241043,-0.006714072078466415,19.53184700012207,8.034958,60.83401513282787,-3.76235525850994,-2.6802471391632894,,4.619420073800432,
2015-01-03,Maqueda Bay,26.97967466711998,34.44166383706033,-0.043336283415555954,-0.006103701889514923,19.53184700012207,7.126592,0.0,-3.1971087665037947,-2.1498285345678285,,3.8526960940226616,
2015-01-04,Maqueda Bay,27.001647993922234,34.45692309178412,-0.04211554303765297,-0.001831110566854477,16.63258846104145,17.085228,0.0,-2.9095665620295597,-1.957849971564141,,3.506957953844645,
2015-01-05,Maqueda Bay,27.030213318765163,34.47218234650791,-0.03662221133708954,0.0030518509447574615,16.63258846104145,21.50279,0.0,-2.6547102876954183,-2.080280560870486,,3.3726923849547137,
2015-01-06,Maqueda Bay,27.08221685886383,34.487441601231694,-0.02868739888072014,-0.01831110566854477,15.869625687599182,22.744413,0.0,-1.365273400362584,-2.5218360175976176,,2.8676869350384506,
2015-01-07,Maqueda Bay,27.052186645567417,34.48896752670407,-0.03784295171499252,-0.02075258642435074,16.63258846104145,5.1487403,0.0,-2.312748817390668,-2.671773601386278,,3.5337205986617755,
2015-01-08,Maqueda Bay,26.932065792381763,34.49201937764883,-0.043946653604507446,-0.0238044373691082,19.53184700012207,5.147954,0.0,-3.1553346590026763,-3.2928227646529473,,4.560572175694648,
2015-01-09,Maqueda Bay,26.802423164248466,34.50575270690024,-0.04150517284870148,-0.03723258152604103,19.53184700012207,3.7253883,0.0,-3.32133881598255,-3.732114971001565,,4.995995765343119,
2015-01-10,Maqueda Bay,26.667653426527977,34.521011961624026,-0.03906369209289551,-0.035401470959186554,19.53184700012207,4.283099,0.0,-2.84914853913868,-2.996863545763997,,4.135074184341223,
2015-01-11,Maqueda Bay,26.586352117359638,34.534745290875435,-0.035401470959186554,-0.005493331700563431,19.53184700012207,4.175237,17.992273160755726,-3.1767095910115235,-2.683621934207945,,4.158522635670821,
2015-01-12,Maqueda Bay,26.52922146767378,34.54390084370971,-0.03234962001442909,0.011597033590078354,19.53184700012207,4.2279243,48.797531508813435,-3.2397985515121057,-2.337338026413285,,3.9949272464085612,
2015-01-13,Maqueda Bay,26.528489023447037,34.55000454559922,-0.031128879636526108,0.009765923023223877,17.548143789172173,3.1718864,0.0,-2.5550063742027254,-1.7965708177646085,,3.123415482362209,
2015-01-14,Maqueda Bay,26.6031983345747,34.559160098433495,-0.0317392498254776,-0.009765923023223877,15.869625687599182,5.506681,0.0,-1.8190315596359898,-1.7592230832159257,,2.5305615328364355,
2015-01-15,Maqueda Bay,26.633228547871113,34.56373787485063,-0.028077028691768646,-0.07385479286313057,16.327403351664543,5.5573425,0.0,-0.7448546575686563,-3.77250355267949,,3.8453337327052766,
2015-01-16,Maqueda Bay,26.565843679010868,34.55000454559922,-0.02868739888072014,-0.12146366760134697,19.53184700012207,7.2352257,81.80610000446278,0.48818724038959505,-4.759458247866473,,4.78442991325648,
2015-01-17,Maqueda Bay,26.48893703520298,34.408093476668,-0.051881466060876846,-0.0872829370200634,10.986663937568665,7.753414,130.88976141348047,3.8645552449873297,0.6010945865008941,,3.9110231325677125,
2015-01-18,Maqueda Bay,26.691824086010456,34.366893488913774,-0.03234962001442909,0.03418073058128357,10.528886273503304,7.7533913,16.36122017668506,1.3367329305307025,1.1101800368700416,,1.7376290288292167,
2015-01-19,Maqueda Bay,26.986266665160656,34.401989774778485,0.012207403779029846,0.031128879636526108,10.528886273503304,7.7533913,0.0,-0.4421412039813738,-0.0541361474428779,,0.4454431127742978,
2015-01-20,Maqueda Bay,27.202337712049484,34.414197178557515,-0.0238044373691082,-0.012207403779029846,10.528886273503304,6.046458,4.001892324233751,-0.17068226082341464,-0.04759542803962689,,0.17719412780921226,
2015-01-21,Maqueda Bay,27.424268312752247,34.40504162572324,-0.0030518509447574615,-0.08239997550845146,10.528886273503304,2.7801533,0.0,-0.18532879408235706,-0.6262214822346536,,0.6530697564029337,
2015-01-22,Maqueda Bay,27.260933250188828,34.39436014741659,-0.0317392498254776,-0.10254219174385071,10.528886273503304,2.150421,0.0,0.4766387693008895,-1.3517250593835692,,1.4332986962131027,
2015-01-23,Maqueda Bay,27.077089749276638,34.40961940214038,-0.07080294191837311,-0.054322946816682816,14.038515031337738,1.6250391,0.0,-2.896447302653894,-2.5913168976234764,,3.886428983136059,
2015-01-24,Maqueda Bay,26.9555040076375,34.42030088044703,-0.05737479776144028,-0.012817773967981339,19.53184700012207,0.8449463,0.0,-3.827326304893922,-3.1788216735397112,,4.975272241425466,
2015-01-25,Maqueda Bay,26.86175114661455,34.42335273139179,-0.04150517284870148,-0.01037629321217537,19.53184700012207,0.49297765,0.0,-3.1023879318730194,-2.5513299409999712,,4.016726944624724,
2015-01-26,Maqueda Bay,26.835383154451847,34.42335273139179,-0.036011841148138046,-0.015259254723787308,17.09036612510681,0.5290224,0.0,-2.479827564156922,-2.171874108558256,,3.2964498921382335,
2015-01-27,Maqueda Bay,26.86907558888197,34.42182680591941,-0.0317392498254776,-0.012817773967981339,15.564440578222275,0.77616066,0.0,-1.5749064941302486,-1.3071563961175405,,2.04670181246918,
2015-01-28,Maqueda Bay,26.929136015474796,34.40961940214038,-0.036011841148138046,-0.017090365290641785,14.038515031337738,1.074349,0.0,-1.9238575767878972,-1.1070112794566747,,2.2196175230450184,
2015-01-29,Maqueda Bay,26.915952019393444,34.40656755119562,-0.03784295171499252,-0.017090365290641785,15.564440578222275,1.0622251,0.0,-2.687656824353411,-1.4236496482511014,,3.0414268898756958,
2015-01-30,Maqueda Bay,26.891781359910965,34.40504162572324,-0.035401470959186554,-0.02929776906967163,16.479995906352997,0.76499504,0.0,-2.312561454543799,-2.588604805273061,,3.47114034849133,
2015-01-31,Maqueda Bay,26.80315560847521,34.408093476668,-0.039674062281847,-0.051271095871925354,19.53184700012207,0.7238431,0.0,-2.66973226534919,-3.307615966952525,,4.250622748902307,
2015-02-01,Maqueda Bay,26.67278053611517,34.412671253085136,-0.03906369209289551,-0.04211554303765297,19.53184700012207,1.2522565,13.603856639012395,-3.691081399848967,-3.921698190316611,,5.38551748639289,
2015-02-02,Maqueda Bay,26.512375250458717,34.41724902950227,-0.03906369209289551,-0.04943998530507088,19.53184700012207,1.7135884,51.01190613308626,-3.1180032168496137,-3.7335077004949886,,4.864259841943059,
2015-02-03,Maqueda Bay,26.389324620366096,34.424878656864166,-0.03357036039233208,-0.03418073058128357,19.53184700012207,1.7206312,0.0,-2.987246625833902,-2.8302346201936333,,4.115078420747122,
2015-02-04,Maqueda Bay,26.351969964802265,34.43403420969844,-0.02929776906967163,-0.01831110566854477,17.700736343860626,5.8352847,0.0,-2.749409040031446,-1.4323749071506229,,3.1001528904299853,
2015-02-05,Maqueda Bay,26.355632185935974,34.44166383706033,-0.027466658502817154,-0.014648884534835815,16.937773570418358,7.534393,0.0,-2.1747039215615795,-1.630245318978089,,2.7179104007500476,
2015-02-06,Maqueda Bay,26.351237520575523,34.44776753894985,-0.0317392498254776,-0.005493331700563431,16.937773570418358,4.820686,0.0,-2.3306164016235065,-1.5342228870117296,,2.79027107617649,
2015-02-07,Maqueda Bay,26.39445172995329,34.44776753894985,-0.03234962001442909,0.022583696991205215,16.17481079697609,4.0519643,0.0,-2.342214684779312,-0.40497955316104517,,2.3769682513812365,
2015-02-08,Maqueda Bay,26.461104154586792,34.44624161347747,-0.024414807558059692,0.022583696991205215,15.411848023533821,1.1093545,0.0,-1.3107492355455634,-0.4794678053023067,,1.3956908449956564,
2015-02-09,Maqueda Bay,26.548265017569065,34.44624161347747,-0.02136295661330223,-0.0079348124563694,14.496292695403099,0.68158007,0.0,-0.5144781994330535,-1.4139496062762011,,1.504639925955875,
2015-02-10,Maqueda Bay,26.531418800354004,34.44624161347747,-0.030518509447574615,-0.017700735479593277,15.564440578222275,0.53474146,0.0,-1.3340436573757088,-2.817635178093087,,3.1174894509223314,
2015-02-11,Maqueda Bay,26.543870352208614,34.44318976253271,-0.02868739888072014,0.012817773967981339,15.564440578222275,2.0903022,0.0,-1.4016366471080137,-1.7124284134691543,,2.2129158053962827,
2015-02-12,Maqueda Bay,26.666920982301235,34.414197178557515,-0.031128879636526108,0.016479995101690292,12.207404375076294,2.4193323,0.0,-0.13038720835178036,-0.00846483995756919,,0.13066169146799625,
2015-02-13,Maqueda Bay,26.59587389230728,34.415723104029894,-0.03906369209289551,0.02685628831386566,13.73332992196083,1.2687706,0.0,-1.926886203944865,0.6817016735728685,,2.0439196693375945,
2015-02-14,Maqueda Bay,26.531418800354004,34.427930507808924,-0.04211554303765297,0.04699850454926491,16.785181015729904,0.9039931,0.0,-3.755714420462688,0.279276746897204,,3.7660836832748243,
2015-02-15,Maqueda Bay,26.514572583138943,34.44166383706033,-0.03662221133708954,0.03418073058128357,16.937773570418358,1.0602995,0.0,-3.297825901170282,-0.9881713607340162,,3.44269346770875,
2015-02-16,Maqueda Bay,26.50944547355175,34.45539716631174,-0.036011841148138046,0.0024414807558059692,16.785181015729904,1.056252,0.0,-2.5376190506356733,-1.6575939135663322,,3.031027553230298,
2015-02-17,Maqueda Bay,26.528489023447037,34.47065642103553,-0.036011841148138046,-0.003662221133708954,16.327403351664543,0.86735994,0.0,-2.245648239011007,-1.481141033429861,,2.69011426788583,
2015-02-18,Maqueda Bay,26.499191254377365,34.485915675759315,-0.03906369209289551,-0.0048829615116119385,16.937773570418358,0.6137542,0.0,-2.9553796967235426,-1.9916015195830343,,3.563810568003186,
2015-02-19,Maqueda Bay,26.47721792757511,34.499649005010724,-0.04028443247079849,0.006103701889514923,17.700736343860626,0.5920983,0.0,-3.4953289332606547,-1.7773959053815203,,3.9212830242353154,
2015-02-20,Maqueda Bay,26.445722825825214,34.51490825973451,-0.03906369209289551,0.009155552834272385,19.53184700012207,0.59069574,0.0,-3.6276058029266456,-2.2552940619852517,,4.2715190702433965,
2015-02-21,Maqueda Bay,26.44865260273218,34.534745290875435,-0.035401470959186554,0.0048829615116119385,17.242958679795265,1.5204855,0.0,-2.8350870486331554,-1.8084862198970708,,3.362787680018626,
2015-02-22,Maqueda Bay,26.455244600772858,34.55610824748874,-0.03234962001442909,0.008545182645320892,17.09036612510681,1.4688555,0.0,-2.2354673091400294,-1.451342338393176,,2.6652783482117464,
2015-02-23,Maqueda Bay,26.491134367883205,34.5728934276849,-0.031128879636526108,0.015259254723787308,16.479995906352997,1.4803187,0.0,-2.3654549942526786,-1.3352113007202073,,2.716278068866641,
2015-02-24,Maqueda Bay,26.593676559627056,34.58662675693631,-0.02929776906967163,0.019531846046447754,15.106662914156914,1.0236174,0.0,-2.1389182516740286,-0.43995114508013494,,2.1836960176273634,
2015-02-25,Maqueda Bay,26.675710313022137,34.59730823524296,-0.03357036039233208,0.02075258642435074,14.801477804780006,1.1013238,0.0,-2.625901696634147,-0.7291838715004296,,2.7252649116815135,
2015-02-26,Maqueda Bay,26.724051631987095,34.60493786260486,-0.039674062281847,0.02075258642435074,15.106662914156914,0.4803702,0.0,-2.882047485335133,-1.038347761849623,,3.0633908960928715,
2015-02-27,Maqueda Bay,26.73503829538822,34.61409341543913,-0.051881466060876846,0.012817773967981339,16.022218242287636,0.86271447,0.0,-3.6281309138346356,-1.8135277690712346,,4.056133244497158,
2015-02-28,Maqueda Bay,26.74675740301609,34.62477489374578,-0.05249183624982834,0.014648884534835815,16.327403351664543,1.4715608,0.0,-3.3332849632487154,-2.0673677880491357,,3.9223460093779545,
2015-03-01,Maqueda Bay,26.78704183548689,34.63850822299719,-0.046388134360313416,-0.0048829615116119385,15.717033132910728,3.073947,0.0,-2.5301301412053836,-2.313954101591901,,3.428693937304693,
2015-03-02,Maqueda Bay,26.781914725899696,34.6522415522486,-0.04577776417136192,-0.01037629321217537,16.479995906352997,3.0265095,0.0,-2.578167801742095,-2.028610402435507,,3.2805806465943217,
2015-03-03,Maqueda Bay,26.81267738342285,34.65681932866573,-0.03723258152604103,0.019531846046447754,15.106662914156914,0.93716675,0.0,-2.235193617284724,-0.7041266025308442,,2.3434770703256302,
2015-03-04,Maqueda Bay,26.92693868279457,34.667500806972384,-0.038453321903944016,0.005493331700563431,14.038515031337738,0.7407217,0.0,-2.2829566922274824,-0.8678221782561971,,2.4423362978221443,
2015-03-05,Maqueda Bay,26.923276461660862,34.67665635980666,-0.040894802659749985,-0.0012207403779029846,15.564440578222275,0.89216167,0.0,-2.4943722810629585,-1.8498865953584003,,3.1054747611632463,
2015-03-06,Maqueda Bay,26.99212621897459,34.68428598716855,-0.043946653604507446,-0.0024414807558059692,14.648885250091553,0.7844618,8.749558261279502,-2.6129628163838925,-1.3550683434258426,,2.943430803528376,
2015-03-07,Maqueda Bay,27.05291908979416,34.69344154000282,-0.0476088747382164,-0.0030518509447574615,14.95407035946846,1.7832161,0.0,-2.655935494359032,-1.8409273686301446,,3.2315641610167147,
2015-03-08,Maqueda Bay,26.994323551654816,34.70564894378185,-0.05005035549402237,0.0024414807558059692,17.242958679795265,2.2405531,0.0,-2.9569369053119146,-2.139116092075718,,3.6495607293718098,
2015-03-09,Maqueda Bay,27.066835530102253,34.72243412397802,-0.03662221133708954,-0.009155552834272385,15.717033132910728,2.325063,0.0,-1.7858237980255987,-1.5455420832508047,,2.3617508269700704,
2015-03-10,Maqueda Bay,27.0448622033,34.73464152775705,-0.04272591322660446,-0.01892147585749626,16.479995906352997,2.0640695,0.0,-2.340563848798783,-1.7670291772602666,,2.9326832838874486,
2015-03-11,Maqueda Bay,26.993591107428074,34.74684893153608,-0.04821924492716789,0.0024414807558059692,17.700736343860626,2.0557363,7.345637131762761,-3.424300922202264,-1.9032240158087752,,3.9176649244347783,
2015-03-12,Maqueda Bay,27.002380438148975,34.75753040984273,-0.04272591322660446,-0.004272591322660446,16.479995906352997,1.2463033,0.0,-2.641279339479587,-1.544101850686262,,3.0595109207934628,
2015-03-13,Maqueda Bay,27.043397314846516,34.76821188814938,-0.04028443247079849,-0.003662221133708954,15.869625687599182,1.3253419,0.0,-2.7563293750602527,-1.5887822747081906,,3.1814431851357923,
2015-03-14,Maqueda Bay,27.07782219350338,34.77736744098365,-0.043336283415555954,-0.0030518509447574615,15.717033132910728,1.2533258,0.0,-3.0235043311354173,-1.3815983442658677,,3.3242130535320404,
2015-03-15,Maqueda Bay,27.058778643608093,34.78347114287317,-0.04150517284870148,0.0048829615116119385,16.479995906352997,0.7195687,0.0,-3.2515140366124604,-1.3436962201402636,,3.51821873428971,
2015-03-16,Maqueda Bay,27.08587907999754,34.79262669570744,-0.035401470959186554,-0.01831110566854477,16.17481079697609,0.7954345,0.0,-2.0112182310240128,-1.8076290457910469,,2.7041674393407686,
2015-03-17,Maqueda Bay,27.134220398962498,34.80483409948647,-0.030518509447574615,-0.04272591322660446,15.717033132910728,0.70341974,7.645391343376054,-1.0079071977086367,-1.9079841219026406,,2.15784159025297,
2015-03-18,Maqueda Bay,27.326120786368847,34.82009335421026,-0.01831110566854477,-0.07202368229627609,13.885922476649284,2.5107872,0.0,0.5443351596009498,-1.295279741341276,,1.4050090299734426,
2015-03-19,Maqueda Bay,27.45356608182192,34.82619705609977,-0.0158696249127388,-0.09216589853167534,12.05481182038784,0.8037629,0.0,0.8429442523194051,-0.8473771475048597,,1.195241834371519,
2015-03-20,Maqueda Bay,27.81832330673933,34.810937801375985,-0.025025177747011185,-0.07690664380788803,10.528886273503304,0.7410261,0.0,1.2769384843535967,0.7480787844475767,,1.479930322874636,
2015-03-21,Maqueda Bay,27.902554392814636,34.81856742873788,-0.04455702379345894,0.01831110566854477,10.528886273503304,1.5396084,0.0,-1.1133374029798573,0.9019927986217007,,1.4328681661755702,
2015-03-22,Maqueda Bay,27.81832330673933,34.8170415032655,-0.043946653604507446,-0.012817773967981339,12.207404375076294,2.5796154,0.0,-1.4561274997990485,-0.23641620092511956,,1.475194873815285,
2015-03-23,Maqueda Bay,27.674031794071198,34.80788595043123,-0.048829615116119385,0.004272591322660446,14.801477804780006,0.5013991,2.517688920420985,-2.3906762297024042,-0.6841014121430781,,2.4866297628236205,
2015-03-24,Maqueda Bay,27.620563365519047,34.80178224854171,-0.051271095871925354,0.009155552834272385,16.022218242287636,0.69053584,0.0,-3.1692306817314275,-1.1378807303560412,,3.3673128263562693,
2015-03-25,Maqueda Bay,27.542191833257675,34.79415262117982,-0.051271095871925354,0.0158696249127388,16.63258846104145,0.6941673,7.973792779280841,-4.158031386230912,-1.6093128058803092,,4.458599860500123,
2015-03-26,Maqueda Bay,27.42500075697899,34.78347114287317,-0.0476088747382164,0.01892147585749626,17.85332889854908,0.63905483,9.899748100479993,-4.716228876607861,-1.5937638555566942,,4.97824246535148,
2015-03-27,Maqueda Bay,27.38911098986864,34.77278966456652,-0.04211554303765297,0.015259254723787308,16.937773570418358,1.5346336,0.0,-3.826835147434387,-1.3343129786966235,,4.052784027154349,
2015-03-28,Maqueda Bay,27.438917197287083,34.76973781362176,-0.04272591322660446,0.0006103701889514923,15.717033132910728,2.0212307,0.0,-3.6359829604862144,-1.3972556925436055,,3.8952144432998304,
2015-03-29,Maqueda Bay,27.46675007790327,34.76516003720462,-0.04211554303765297,-0.0012207403779029846,15.717033132910728,3.178088,0.0,-3.2008433027979764,-1.761170876157212,,3.6533711423958857,
2015-03-30,Maqueda Bay,27.51142917573452,34.75295263342559,-0.04577776417136192,-0.003662221133708954,14.801477804780006,3.1702833,10.423493612380254,-3.054000623829036,-1.473889099799031,,3.3910571933918394,
2015-03-31,Maqueda Bay,27.581743821501732,34.749900782480836,-0.043336283415555954,0.0030518509447574615,14.95407035946846,1.5474901,0.0,-3.2378428023674584,-0.9355419035281073,,3.3702914808811046,
2015-04-01,Maqueda Bay,27.710654005408287,34.75295263342559,-0.04699850454926491,-0.028077028691768646,14.038515031337738,2.1664596,0.0,-2.172811530012805,-1.9430287335716947,,2.9148705982327603,
2015-04-02,Maqueda Bay,27.791955314576626,34.76058226078749,-0.039674062281847,-0.04577776417136192,13.885922476649284,1.9983611,0.0,-0.8607442692187348,-2.17600278956785,,2.340057443141078,
2015-04-03,Maqueda Bay,28.02706991136074,34.76821188814938,-0.016479995101690292,-0.08301034569740295,10.528886273503304,0.86378574,0.0,1.0282151365880048,-1.5061180518082342,,1.8236276903719464,
2015-04-04,Maqueda Bay,28.291482277214527,34.76058226078749,0.001831110566854477,0.012207403779029846,10.528886273503304,0.8725553,1.560056515003679,0.6767239370111516,0.9897497311803635,,1.1989828261053095,
2015-04-05,Maqueda Bay,28.252662733197212,34.76821188814938,-0.03784295171499252,0.04028443247079849,12.05481182038784,1.8450412,0.0,-2.170124369576636,0.5826729490118451,,2.246986325045293,
2015-04-06,Maqueda Bay,28.131809435784817,34.77126373909414,-0.054322946816682816,0.008545182645320892,14.648885250091553,1.9460543,0.0,-3.0155935193437657,-1.0250782234171791,,3.1850572425047936,
2015-04-07,Maqueda Bay,28.077608563005924,34.77126373909414,-0.05005035549402237,0.0048829615116119385,15.717033132910728,2.1768548,0.0,-2.903548370247509,-1.454319799863791,,3.24740499763162,
2015-04-08,Maqueda Bay,28.066621899604797,34.77278966456652,-0.04455702379345894,-0.0006103701889514923,15.564440578222275,1.3819851,0.0,-2.189361774609308,-1.3965644377720645,,2.5968629553694242,
2015-04-09,Maqueda Bay,28.057832568883896,34.774315590038896,-0.043946653604507446,-0.011597033590078354,15.411848023533821,0.7605098,0.0,-2.2297909336809956,-1.7130337866690508,,2.811841453957828,
2015-04-10,Maqueda Bay,28.098849445581436,34.77736744098365,-0.0476088747382164,-0.011597033590078354,14.648885250091553,0.9288307,0.0,-2.303934448364978,-1.6442666378581148,,2.830499376211919,
2015-04-11,Maqueda Bay,28.122287660837173,34.78041929192841,-0.04943998530507088,-0.009765923023223877,14.648885250091553,3.825577,0.0,-2.473725594861375,-1.5814701309688344,,2.9360459965434544,
2015-04-12,Maqueda Bay,28.109836108982563,34.763634111732244,-0.051271095871925354,-0.0024414807558059692,13.122959703207016,2.935148,0.0,-2.49346853033507,-1.3975886864063891,,2.8584330406959806,
2015-04-13,Maqueda Bay,28.20725119113922,34.74684893153608,-0.043336283415555954,-0.014648884534835815,10.986663937568665,1.673885,0.0,-1.5144088310164734,-0.3827958585020772,,1.5620393006409998,
2015-04-14,Maqueda Bay,28.315652936697006,34.7453230060637,-0.05005035549402237,-0.029908139258623123,12.359996929764748,1.8509809,0.0,-1.3029110046061585,-0.8022709156560828,,1.5301031690809215,
2015-04-15,Maqueda Bay,28.16110720485449,34.74837485700846,-0.054322946816682816,0.0238044373691082,14.343700140714645,1.5486803,0.0,-2.5887959772235587,-0.3187374881804698,,2.608343957008062,
2015-04-16,Maqueda Bay,28.205786302685738,34.739219304174185,-0.05005035549402237,0.010986663401126862,13.428144812583923,1.4937577,11.538552131887222,-2.7398476082357472,-0.7842238122179547,,2.8498722609978167,
2015-04-17,Maqueda Bay,28.142063654959202,34.72090819850564,-0.04943998530507088,0.017700735479593277,14.038515031337738,2.1042328,28.779006524386308,-2.7197787950574766,-0.4459972125284394,,2.756104172129101,
2015-04-18,Maqueda Bay,28.158909872174263,34.71175264567137,-0.040894802659749985,0.02624591812491417,14.038515031337738,2.3186724,23.077104263774444,-2.1162259898379747,0.5050955855709942,,2.175668630703909,
2015-04-19,Maqueda Bay,28.199926748871803,34.69954524189234,-0.022583696991205215,0.032959990203380585,13.428144812583923,2.6626163,8.548409938079788,-2.1723611951212107,0.8365412972403885,,2.3278647950551354,
2015-04-20,Maqueda Bay,28.42332223802805,34.70107116736472,-0.010986663401126862,0.0317392498254776,12.359996929764748,4.212383,0.0,-1.5989819420420308,0.7208182007685737,,1.753944733888656,
2015-04-21,Maqueda Bay,28.528794206678867,34.70107116736472,-0.0476088747382164,-0.0048829615116119385,12.970367148518562,3.2135708,0.0,-2.4020675491424672,-0.2913408591797816,,2.4196710534431976,
2015-04-22,Maqueda Bay,28.421124905347824,34.69954524189234,-0.06469924002885818,0.0,14.648885250091553,5.9987493,0.0,-3.1430086139971656,-1.0726742806462193,,3.3210138903684623,
2015-04-23,Maqueda Bay,28.36619158834219,34.690389689058065,-0.059205908328294754,-0.0006103701889514923,14.801477804780006,5.9108753,0.0,-2.9709461877557626,-1.5229168708505754,,3.338532169391484,
2015-04-24,Maqueda Bay,28.385235138237476,34.68428598716855,-0.056764427572488785,-0.02136295661330223,13.428144812583923,4.984434,8.063832573810114,-2.389527339561312,-1.673555807557679,,2.9172983987794248,
2015-04-25,Maqueda Bay,28.420392461121082,34.68276006169617,-0.05798516795039177,-0.017700735479593277,13.428144812583923,0.96013385,8.063832573810114,-2.6596200457238615,-1.4978339463610855,,3.052390099330002,
2015-04-26,Maqueda Bay,28.44456312060356,34.678182285279036,-0.05066072568297386,-0.012207403779029846,13.27555225789547,0.8899684,0.0,-2.414970775181834,-1.2875427872932217,,2.736759082216253,
2015-04-27,Maqueda Bay,28.473860889673233,34.67513043433428,-0.043336283415555954,-0.008545182645320892,13.122959703207016,1.0552099,0.0,-2.290243057792289,-1.072855840420542,,2.52907748360746,
2015-04-28,Maqueda Bay,28.777092799544334,34.67513043433428,-0.03906369209289551,-0.03418073058128357,10.528886273503304,1.0362306,0.0,-1.1676797003185586,-0.8805345752997746,,1.4624694939841971,
2015-04-29,Maqueda Bay,28.907467871904373,34.6736045088619,-0.05249183624982834,-0.028077028691768646,10.528886273503304,1.0709922,0.0,-1.1450680803309545,-0.7544052445752057,,1.3712432977540467,
2015-04-30,Maqueda Bay,28.9096652045846,34.66139710508287,-0.05493331700563431,-0.022583696991205215,10.528886273503304,1.2671132,0.0,-1.3226140474200345,-1.058345258040019,,1.6939311094754117,
2015-05-01,Maqueda Bay,28.884762100875378,34.643085999414325,-0.0555436871945858,0.014648884534835815,10.528886273503304,4.8785896,9.829170394053655,-1.6046350613805584,-0.5667945152640708,,1.7017960226611242,
2015-05-02,Maqueda Bay,28.86864832788706,34.632404521107674,-0.04821924492716789,0.027466658502817154,10.528886273503304,4.3046565,13.989046255015008,-1.4691458776344941,-0.4962960419897506,,1.5507093122391187,
2015-05-03,Maqueda Bay,28.961668744683266,34.629352670162916,-0.038453321903944016,0.030518509447574615,10.528886273503304,5.3722878,0.0,-1.262336731821748,0.04787494901706609,,1.2632442500363097,
2015-05-04,Maqueda Bay,28.989501625299454,34.63698229752481,-0.04943998530507088,0.005493331700563431,10.528886273503304,8.480208,0.0,-1.3487441903756048,-0.3355808006478156,,1.3898652326162326,
2015-05-05,Maqueda Bay,29.177007347345352,34.6522415522486,-0.05371257662773132,-0.007324442267417908,10.528886273503304,8.92122,0.0,-1.3142918575165374,-0.5111203481453045,,1.4101798101740244,
2015-05-06,Maqueda Bay,29.238532662391663,34.655293403193355,-0.06164738908410072,0.006103701889514923,10.528886273503304,5.00961,0.0,-1.0916143331102917,-0.2642653194074254,,1.1231464781110856,
2015-05-07,Maqueda Bay,29.22974333167076,34.66139710508287,-0.06164738908410072,-0.017700735479593277,10.528886273503304,5.00961,0.0,-0.9413354491668671,-1.3598698541500072,,1.6538919094318556,
2015-05-08,Maqueda Bay,29.146244689822197,34.65681932866573,-0.03723258152604103,-0.06897183135151863,10.528886273503304,3.2388642,10.914370428398822,2.041902298047998,-1.250231393621471,,2.394252186460395,
2015-05-09,Maqueda Bay,29.415051721036434,34.63698229752481,0.032959990203380585,0.005493331700563431,10.528886273503304,2.0532367,10.914370428398822,1.761537480324584,2.1569025176703405,,2.784823650668196,
2015-05-10,Maqueda Bay,29.403332613408566,34.63698229752481,0.0238044373691082,0.05371257662773132,10.528886273503304,1.2295911,0.0,-0.9266414906072546,1.4799087516145206,,1.7460797133063781,
2015-05-11,Maqueda Bay,29.305185087025166,34.65071562677622,-0.021973326802253723,0.05798516795039177,10.681478828191757,0.7735915,0.0,-2.103725868085878,0.9063931338089629,,2.2906791658959387,
2015-05-12,Maqueda Bay,29.23340555280447,34.66139710508287,-0.054322946816682816,0.021973326802253723,11.444441601634026,0.8793296,0.0,-2.6485171637458893,0.1851200116784559,,2.6549788295540893,
2015-05-13,Maqueda Bay,29.09424114972353,34.665974881500006,-0.07080294191837311,0.02075258642435074,11.139256492257118,0.87952155,0.0,-2.704053444912627,-0.42190971166979746,,2.7367705124370834,
2015-05-14,Maqueda Bay,28.944822527468204,34.66139710508287,-0.06591998040676117,0.014648884534835815,10.528886273503304,0.95196843,0.0,-2.5763648733265287,-0.3684017065092103,,2.602570993819327,
2015-05-15,Maqueda Bay,28.86498610675335,34.655293403193355,-0.05859553813934326,-0.009155552834272385,10.528886273503304,3.5950878,0.0,-1.8371443778874315,-0.6588645929464961,,1.9517177093632034,
2015-05-16,Maqueda Bay,28.990966513752937,34.65681932866573,-0.059816278517246246,-0.035401470959186554,10.528886273503304,7.2120013,0.0,-1.1439253992468512,-1.1686192790923928,,1.6353092485852614,
2015-05-17,Maqueda Bay,28.985839404165745,34.66444895602763,-0.05737479776144028,-0.02624591812491417,10.528886273503304,5.871078,0.0,-1.2160278429699152,-0.8290793727912369,,1.4717663949370414,
2015-05-18,Maqueda Bay,29.242927327752113,34.67055265791714,-0.038453321903944016,-0.003662221133708954,10.528886273503304,12.733134,0.0,-0.48819827676751676,0.0016540969754378619,,0.488201078937334,
2015-05-19,Maqueda Bay,29.404065057635307,34.67055265791714,-0.014648884534835815,0.019531846046447754,10.528886273503304,14.73647,0.0,-0.0596819698952445,0.39116436931452736,,0.3956911691607596,
2015-05-20,Maqueda Bay,29.36085084825754,34.665974881500006,-0.009155552834272385,0.043336283415555954,10.528886273503304,10.88527,0.0,-0.8165698303841793,0.9162829023200371,,1.2273388468461666,
2015-05-21,Maqueda Bay,29.375499732792377,34.65987117961049,-0.02136295661330223,0.032959990203380585,11.59703415632248,2.8377044,0.0,-1.318306180661489,0.8125294241034551,,1.5485913763818315,
2015-05-22,Maqueda Bay,29.4004028365016,34.655293403193355,-0.024414807558059692,0.030518509447574615,12.359996929764748,1.1743208,0.0,-1.6629851986650408,0.8126832748991578,,1.8509386473570175,
2015-05-23,Maqueda Bay,29.478041924536228,34.65987117961049,-0.010986663401126862,0.03234962001442909,11.444441601634026,1.125265,0.0,-0.720314550329522,0.828697678143781,,1.097994942236673,
2015-05-24,Maqueda Bay,29.708761855959892,34.66444895602763,-0.016479995101690292,0.029908139258623123,10.986663937568665,1.8139385,0.0,-0.6662043325352207,1.060712840177974,,1.2525733279960591,
2015-05-25,Maqueda Bay,29.69118319451809,34.665974881500006,-0.008545182645320892,0.038453321903944016,11.139256492257118,16.696932,0.0,-0.9218496752612166,1.2398374930782465,,1.5449931498300442,
2015-05-26,Maqueda Bay,29.86696980893612,34.66902673244476,-0.02868739888072014,0.01831110566854477,10.83407138288021,6.5473347,0.0,-0.8809973993337062,0.4972162626098509,,1.0116226714721561,
2015-05-27,Maqueda Bay,29.988555550575256,34.67055265791714,-0.03784295171499252,0.011597033590078354,10.528886273503304,7.511175,0.0,-0.327811796338491,0.16154555717482527,,0.36545525151732744,
2015-05-28,Maqueda Bay,30.14163639396429,34.67513043433428,-0.032959990203380585,0.014038514345884323,10.528886273503304,5.5140862,0.0,0.002604337867041587,0.37671492474832785,,0.37672392690651335,
2015-05-29,Maqueda Bay,30.228064812719822,34.68428598716855,-0.03357036039233208,0.024414807558059692,10.528886273503304,5.624197,0.0,-1.0735564445349468,0.6615302444895985,,1.261009795353305,
2015-05-30,Maqueda Bay,30.212683483958244,34.68733783811331,-0.032959990203380585,0.030518509447574615,10.528886273503304,5.0242004,0.0,-0.785792318234081,0.3538376449876587,,0.8617834103799537,
2015-05-31,Maqueda Bay,30.119663067162037,34.690389689058065,-0.03723258152604103,0.023194067180156708,10.83407138288021,1.8729587,8.639723180076492,-1.7840814256457318,0.31423286925256083,,1.8115432176607886,
2015-06-01,Maqueda Bay,29.96584977954626,34.68428598716855,-0.039674062281847,0.02075258642435074,10.986663937568665,0.90171695,12.794075810597972,-2.0430152834265676,0.3869366356403153,,2.079334366646015,
2015-06-02,Maqueda Bay,29.991485327482224,34.67665635980666,-0.04516739398241043,0.0079348124563694,10.528886273503304,2.439514,0.0,-1.7189730657521087,0.0747326897829011,,1.7205968080010468,
2015-06-03,Maqueda Bay,30.042023979127407,34.65987117961049,-0.04699850454926491,0.0079348124563694,10.528886273503304,2.7394493,12.794075810597972,-0.8238545895217294,-0.22834171263063416,,0.8549130496156369,
2015-06-04,Maqueda Bay,29.964384891092777,34.65071562677622,-0.05615405738353729,0.004272591322660446,10.528886273503304,0.45656085,0.0,-1.4738525715758442,-0.1918821819755721,,1.4862907435964323,
2015-06-05,Maqueda Bay,29.874294251203537,34.643085999414325,-0.0238044373691082,0.029908139258623123,10.528886273503304,0.7608536,12.794075810597972,-0.9007305697385216,0.171077224925358,,0.916833123392498,
2015-06-06,Maqueda Bay,29.897000022232533,34.641560073941946,-0.012207403779029846,0.031128879636526108,10.528886273503304,0.69125414,0.0,-0.744269622773334,0.5047561643778381,,0.8992864153653095,
2015-06-07,Maqueda Bay,30.03469953685999,34.64003414846957,-0.03357036039233208,0.01892147585749626,10.528886273503304,1.2787433,15.179288474462364,-0.8402183804668212,0.46447780258488275,,0.9600554962961095,
2015-06-08,Maqueda Bay,30.13284706324339,34.61104156449437,-0.05249183624982834,0.02136295661330223,10.528886273503304,0.95244247,0.0,-1.3289049516712663,0.14041739681282375,,1.336302890778921,
2015-06-09,Maqueda Bay,29.995879992842674,34.61409341543913,-0.0158696249127388,0.03723258152604103,10.528886273503304,1.2640249,0.0,-1.0760556544952757,0.4187585888678532,,1.1546664138710592,
2015-06-10,Maqueda Bay,30.155552834272385,34.618671191856265,-0.04150517284870148,0.01037629321217537,10.528886273503304,1.0307733,0.0,-1.2017135922767996,0.09185496306697705,,1.2052190224614139,
2015-06-11,Maqueda Bay,30.098422184586525,34.62630081921816,-0.05798516795039177,0.008545182645320892,10.528886273503304,3.7531765,0.0,-1.3514987712515523,-0.28585285919128495,,1.381398127189366,
2015-06-12,Maqueda Bay,30.008331544697285,34.629352670162916,-0.051271095871925354,0.0317392498254776,10.528886273503304,10.508016,0.0,-2.082535614978696,0.16104429235375145,,2.088753181147647,
2015-06-13,Maqueda Bay,29.93288978934288,34.62782674469054,-0.04150517284870148,0.009155552834272385,10.528886273503304,10.508016,34.73882702711723,-1.9445149662623553,0.00813879160657839,,1.9445319986945713,
2015-06-14,Maqueda Bay,29.839869372546673,34.617145266383886,-0.05066072568297386,0.02868739888072014,10.528886273503304,0.9363942,0.0,-1.990255183823914,0.13841523962551594,,1.9950625241577142,
2015-06-15,Maqueda Bay,29.7614978402853,34.59120453335345,-0.03479110077023506,0.020142216235399246,10.528886273503304,0.9086674,0.0,-2.039051154945276,0.440587130598669,,2.0861080106583247,
2015-06-16,Maqueda Bay,29.641376987099648,34.56068602390587,-0.023194067180156708,0.025635547935962677,10.528886273503304,1.4482452,2.7366189359703004,-1.3539791712479352,0.5877421512688069,,1.4760421513464073,
2015-06-17,Maqueda Bay,30.011993765830994,34.510330483317375,0.010986663401126862,-0.004272591322660446,10.528886273503304,1.370244,0.9827517847861011,0.345168791322039,0.37319126448555084,,0.5083435987509253,
2015-06-18,Maqueda Bay,30.03030487149954,34.485915675759315,0.012207403779029846,0.0,10.528886273503304,1.3695263,10.132882395098285,0.33411506351045944,0.07326406461371325,,0.3420533566979291,
2015-06-19,Maqueda Bay,30.167271941900253,34.47218234650791,0.02929776906967163,-0.048829615116119385,10.528886273503304,1.367967,12.00421545582433,1.1029094212668344,0.010757931368050746,,1.102961887195774,
2015-06-20,Maqueda Bay,30.074251525104046,34.461500868201256,0.032959990203380585,-0.03662221133708954,10.528886273503304,1.312611,11.158112134801627,2.0772726838718154,0.4022374183267177,,2.115858394094973,
2015-06-21,Maqueda Bay,30.11233862489462,34.47218234650791,0.035401470959186554,-0.02929776906967163,10.986663937568665,0.93912226,0.0,1.1640850042494248,0.41044272702796564,,1.234324563997872,
2015-06-22,Maqueda Bay,30.298379458487034,34.47676012292504,0.011597033590078354,0.0238044373691082,10.528886273503304,1.6423591,6.216616828320762,0.28510769400131303,0.7948629877997758,,0.8444486760915272,
2015-06-23,Maqueda Bay,30.458052299916744,34.44776753894985,-0.0030518509447574615,0.004272591322660446,10.528886273503304,1.6118344,0.0,0.5549147609246774,-0.2892792733715706,,0.6257898128720822,
2015-06-24,Maqueda Bay,30.38627276569605,34.449293464422226,-0.0476088747382164,0.02075258642435074,10.528886273503304,1.6418716,51.681528170537284,-0.17510047743113202,-0.29752850310948115,,0.3452294705832324,
2015-06-25,Maqueda Bay,30.478560738265514,34.424878656864166,-0.03723258152604103,-0.029908139258623123,10.528886273503304,5.545243,44.49725301950575,0.16187190544736313,-0.050951276170846674,,0.16970134447492735,
2015-06-26,Maqueda Bay,30.46098207682371,34.426404582336545,-0.05615405738353729,0.020142216235399246,10.528886273503304,5.498918,35.435201067712086,0.36716251639191366,-0.48908906162399884,,0.6115688216738048,
2015-06-27,Maqueda Bay,30.508590951561928,34.43250828422606,-0.046388134360313416,-0.01892147585749626,10.528886273503304,0.8968568,35.435201067712086,0.006703090440736489,-0.7770547133973975,,0.7770836242223665,
2015-06-28,Maqueda Bay,30.454390078783035,34.412671253085136,-0.04577776417136192,-0.03418073058128357,10.528886273503304,0.89160085,28.740600875995128,0.4179524801410571,-0.9568996946651972,,1.044194091779114,
2015-06-29,Maqueda Bay,30.40678120404482,34.415723104029894,-0.0030518509447574615,-0.051881466060876846,10.528886273503304,0.90812063,0.0,1.4597150223684545,-0.4772900570064504,,1.5357648729689577,
2015-06-30,Maqueda Bay,30.339396335184574,34.4294564332813,0.030518509447574615,-0.038453321903944016,10.528886273503304,0.8954924,0.0,2.2945372437884934,0.4062402621561825,,2.3302215160214317,
2015-07-01,Maqueda Bay,30.291055016219616,34.43098235875368,0.05249183624982834,-0.007324442267417908,11.749626711010933,0.89018226,4.476496319250759,2.929399840066752,1.1329166699223245,,3.1408412255271676,
2015-07-02,Maqueda Bay,30.156285278499126,34.449293464422226,0.04455702379345894,-0.0006103701889514923,16.785181015729904,0.8498438,12.867855952448924,4.39914120442065,1.897181732319764,,4.790797622722065,
2015-07-03,Maqueda Bay,29.999542213976383,34.44624161347747,0.043336283415555954,0.011597033590078354,19.53184700012207,0.8566971,13.429488732884373,3.971409906244434,3.1635212369020804,,5.077397291895415,
2015-07-04,Maqueda Bay,29.81789604574442,34.43098235875368,0.04455702379345894,0.046388134360313416,19.53184700012207,0.832392,1.1382790128206877,3.063099710360063,4.147404125187248,,5.155922886664239,
2015-07-05,Maqueda Bay,29.656758315861225,34.4294564332813,0.040894802659749985,0.062257759273052216,19.53184700012207,1.3030987,3.361513720496276,2.6745278802599532,3.611572005426371,,4.494057379770229,
2015-07-06,Maqueda Bay,29.571062341332436,34.43556013517082,0.03784295171499252,0.039674062281847,18.61629167199135,6.531437,0.0,3.1760833281502223,2.4123990623018408,,3.98837993966831,
2015-07-07,Maqueda Bay,29.537369906902313,34.44166383706033,0.03906369209289551,0.0238044373691082,17.242958679795265,6.8772693,0.0,3.5860750284052267,2.217200617650786,,4.216149035347609,
2015-07-08,Maqueda Bay,29.51100191473961,34.440137911587954,0.04150517284870148,0.02624591812491417,16.63258846104145,7.045279,1.897440868405519,3.6228522615855363,2.981360596498772,,4.6918620520674885,
2015-07-09,Maqueda Bay,29.385753951966763,34.43556013517082,0.032959990203380585,0.051881466060876846,19.53184700012207,7.0491157,3.794881736811038,2.6710937361212985,3.6282806581047327,,4.505459164294284,
2015-07-10,Maqueda Bay,29.2619708776474,34.43556013517082,0.029908139258623123,0.07873775437474251,19.53184700012207,12.433324,0.0,1.7515509643347158,3.1900500555123843,,3.6392787935711164,
2015-07-11,Maqueda Bay,29.234870441257954,34.44624161347747,0.027466658502817154,0.07324442267417908,17.09036612510681,14.846976,0.0,1.7920506816865314,2.542729203357565,,3.110774412801507,
2015-07-12,Maqueda Bay,29.29053620249033,34.4584490172565,0.036011841148138046,0.0555436871945858,15.717033132910728,14.878711,0.0,1.9786295939988865,1.525063348602819,,2.4981579788916157,
2015-07-13,Maqueda Bay,29.395275726914406,34.46607864461839,0.03723258152604103,0.04516739398241043,14.343700140714645,14.971829,0.0,1.5852387899662332,0.9803459630536207,,1.8638831048349407,
2015-07-14,Maqueda Bay,29.415051721036434,34.473708271980286,0.03906369209289551,0.04150517284870148,14.95407035946846,8.086148,0.0,2.1407814047496823,1.444183696212107,,2.5823654991745237,
2015-07-15,Maqueda Bay,29.41285438835621,34.48286382481456,0.038453321903944016,0.02624591812491417,15.869625687599182,5.410311,0.0,2.0096280637220314,1.6533477611313685,,2.602338135934158,
2015-07-16,Maqueda Bay,29.436292603611946,34.49049345217645,0.02929776906967163,0.05005035549402237,15.411848023533821,9.2111225,0.0,1.042283847328488,1.7964059728675186,,2.076879880435065,
2015-07-17,Maqueda Bay,29.411389499902725,34.498123079538345,0.025635547935962677,0.0634784996509552,15.717033132910728,9.2111225,0.0,0.6869322121663523,1.7819667043267604,,1.909785642275314,
2015-07-18,Maqueda Bay,29.445081934332848,34.50727863237262,0.01831110566854477,0.059205908328294754,14.801477804780006,3.626866,0.0,0.08024083980286623,1.3099760669274596,,1.3124312889804957,
2015-07-19,Maqueda Bay,29.46998503804207,34.51643418520689,-0.006103701889514923,0.05493331700563431,14.648885250091553,0.6402493,0.0,-1.122200340799338,0.7883143872748856,,1.3714128401304724,
2015-07-20,Maqueda Bay,29.565935231745243,34.508804557845,-0.05615405738353729,0.01892147585749626,13.27555225789547,0.7331287,0.0,-1.0859144609909162,-0.10159387256665985,,1.0906564681568083,
2015-07-21,Maqueda Bay,29.632587656378746,34.46913049556315,-0.05615405738353729,-0.0006103701889514923,10.528886273503304,0.7066219,21.92494047255743,0.5173836763816047,0.3080223025235813,,0.6021325497247875,
2015-07-22,Maqueda Bay,29.561540566384792,34.461500868201256,0.014038514345884323,0.039674062281847,11.291849046945572,5.6317253,12.52090533061694,0.8977101537952423,0.8892329088295586,,1.263573775595456,
2015-07-23,Maqueda Bay,29.52418591082096,34.49201937764883,0.036011841148138046,0.017700735479593277,13.122959703207016,5.9212933,0.0,1.3185947007040149,0.6133114159897614,,1.4542499364648693,
2015-07-24,Maqueda Bay,29.603289887309074,34.49659715406597,0.035401470959186554,0.014038514345884323,13.428144812583923,5.8957753,0.0,1.0089297244355049,0.5003889067486733,,1.1262008021869974,
2015-07-25,Maqueda Bay,29.75344095379114,34.487441601231694,0.01037629321217537,0.017090365290641785,12.359996929764748,2.1003094,2.8793231301959574,-0.03624021159836483,0.23847813422780156,,0.24121603064777347,
2015-07-26,Maqueda Bay,29.74904628843069,34.47676012292504,-0.039674062281847,0.03479110077023506,13.580737367272377,1.606237,4.498507281419135,-0.5406135406459553,0.22671237058627638,,0.5862264914745879,
2015-07-27,Maqueda Bay,29.721945852041245,34.48286382481456,-0.03906369209289551,0.019531846046447754,13.73332992196083,0.70973396,13.78358624717607,-0.6210906912812191,-0.2889209186545741,,0.6850028788497065,
2015-07-28,Maqueda Bay,29.861110255122185,34.49354530312121,-0.054322946816682816,-0.016479995101690292,12.207404375076294,1.4447522,2.7693740519510435,-0.24346569640207058,-0.8743248524125923,,0.9075899365191564,
2015-07-29,Maqueda Bay,29.909451574087143,34.47218234650791,-0.046388134360313416,-0.05859553813934326,10.528886273503304,1.4870197,8.344552101627471,0.2108799725666239,-1.1399980030753747,,1.1593385225401345,
2015-07-30,Maqueda Bay,29.914578683674335,34.46760457009077,-0.09155552834272385,-0.01037629321217537,10.528886273503304,1.5734774,5.439034145548596,-0.6791522901479475,-1.0186697646332046,,1.2243103865405498,
2015-07-31,Maqueda Bay,29.857448033988476,34.46760457009077,-0.06591998040676117,0.0,10.528886273503304,1.3190442,6.891793123588035,-0.8673224554545047,-0.5558501410805881,,1.0301541734492663,
2015-08-01,Maqueda Bay,30.132114619016647,34.450819389894605,-0.004272591322660446,0.0048829615116119385,10.528886273503304,1.4859166,2.6448365781347505,0.33660859682251104,0.04324079689411542,,0.33937459240617573,
2015-08-02,Maqueda Bay,30.221472814679146,34.44624161347747,0.009765923023223877,0.016479995101690292,10.528886273503304,1.4711186,1.103354974093342,0.5640354686133056,0.30088310172521887,,0.6392704050381338,
2015-08-03,Maqueda Bay,30.241981253027916,34.438611986115575,0.029908139258623123,-0.02075258642435074,10.528886273503304,1.4623104,1.103354974093342,0.8848727623054152,0.24832559422301986,,0.9190568024971209,
2015-08-04,Maqueda Bay,30.170934163033962,34.42030088044703,0.03234962001442909,-0.036011841148138046,10.528886273503304,1.4394999,0.0,2.1225019734718895,0.7604964978433068,,2.2546329081746324,
2015-08-05,Maqueda Bay,30.02224798500538,34.41877495497465,0.05493331700563431,-0.02685628831386566,12.207404375076294,1.461825,13.597800607871713,3.564353652218229,1.5780450055000128,,3.898056310196784,
2015-08-06,Maqueda Bay,29.943144008517265,34.42030088044703,0.03906369209289551,0.004272591322660446,19.53184700012207,1.4274935,7.477715501038159,4.078073650750527,3.047981768930958,,5.091255008804924,
2015-08-07,Maqueda Bay,29.852320924401283,34.414197178557515,0.04272591322660446,0.05249183624982834,19.53184700012207,3.2879255,6.619932079461679,2.9438983921992268,4.059657558081007,,5.014714072853749,
2015-08-08,Maqueda Bay,29.75344095379114,34.41114532761276,0.036011841148138046,0.062257759273052216,19.53184700012207,4.493365,0.0,2.2194886796128297,2.7312450207888936,,3.5193507018360113,
2015-08-09,Maqueda Bay,29.717551186680794,34.40961940214038,0.022583696991205215,0.05615405738353729,17.85332889854908,5.2501884,3.544598016138267,0.9529217438242217,1.4635696625420396,,1.7464524061555229,
2015-08-10,Maqueda Bay,29.81862848997116,34.41114532761276,0.016479995101690292,0.051271095871925354,14.648885250091553,5.342268,0.0,0.05343936763219953,0.5664966178024138,,0.569011585114489,
2015-08-11,Maqueda Bay,29.939481787383556,34.408093476668,-0.014648884534835815,0.05737479776144028,13.73332992196083,5.284199,7.0161378848754135,-0.7069541533815068,0.21896306241327412,,0.7400871554653292,
2015-08-12,Maqueda Bay,30.007599100470543,34.41114532761276,-0.020142216235399246,0.054322946816682816,13.27555225789547,5.2048717,0.0,-0.7561965868017186,0.3970197920192333,,0.8540831301141385,
2015-08-13,Maqueda Bay,30.18704793602228,34.40046384930611,-0.03723258152604103,0.039674062281847,12.665182039141655,5.499251,0.0,-0.6817900951549362,0.842248663696372,,1.083614574168187,
2015-08-14,Maqueda Bay,30.326212339103222,34.40504162572324,-0.007324442267417908,0.035401470959186554,11.139256492257118,7.031433,5.015330386418168,0.4517285181499724,-0.1415161803832579,,0.47337668237909303,
2015-08-15,Maqueda Bay,30.37894832342863,34.39283422194421,-0.05310220643877983,0.01342814415693283,10.528886273503304,6.1629486,2.281342626533567,0.46877975727605753,-0.272903225014678,,0.5424303006425908,
2015-08-16,Maqueda Bay,30.48442029207945,34.37452311627567,-0.03662221133708954,-0.03784295171499252,10.528886273503304,1.8864121,19.19250768377301,0.8122269069339149,-0.5206073960735861,,0.9647510607374081,
2015-08-17,Maqueda Bay,30.53056427836418,34.34553053230047,-0.029908139258623123,-0.059816278517246246,10.528886273503304,1.9321378,4.548821506412348,1.4251684071889859,-0.33939649518838916,,1.4650238802817357,
2015-08-18,Maqueda Bay,30.46830651909113,34.328745352104306,0.0048829615116119385,-0.07080294191837311,10.528886273503304,1.4905268,9.596253841886504,2.7425895026383267,-0.2660386938499132,,2.7554625322452333,
2015-08-19,Maqueda Bay,30.351847887039185,34.319589799270034,0.03662221133708954,-0.03723258152604103,12.05481182038784,1.5129238,2.163236371932491,3.9194684509083646,1.5584369764622008,,4.217932994639751,
2015-08-20,Maqueda Bay,30.28006835281849,34.33484905399382,0.05310220643877983,0.006714072078466415,19.53184700012207,1.6276461,13.439770395305299,4.419823663947832,3.1390696782907983,,5.421125313581852,
2015-08-21,Maqueda Bay,30.10061951726675,34.330271277576685,0.046388134360313416,0.0476088747382164,19.53184700012207,5.611341,9.995146248930244,3.3240984774333038,3.9438723261821402,,5.157883249250582,
2015-08-22,Maqueda Bay,29.964384891092777,34.32569350115955,0.03662221133708954,0.07263405248522758,19.53184700012207,7.310719,0.0,2.635193126617504,3.484195507790081,,4.368507886118179,
2015-08-23,Maqueda Bay,29.905056908726692,34.328745352104306,0.029908139258623123,0.07629627361893654,18.158514007925987,7.2761636,0.0,1.688426431852391,2.5739811151378706,,3.0783376352934697,
2015-08-24,Maqueda Bay,29.923368014395237,34.3363749794662,0.022583696991205215,0.07507553324103355,16.327403351664543,7.2761636,0.0,1.1040564180839145,1.4606797729478358,,1.8309904350955044,
2015-08-25,Maqueda Bay,29.991485327482224,34.340952755883336,0.01342814415693283,0.06469924002885818,15.106662914156914,2.794263,1.7033757548178394,0.45822906156360693,0.5896824433881113,,0.7467926465235426,
2015-08-26,Maqueda Bay,30.261024802923203,34.34553053230047,0.0024414807558059692,0.051271095871925354,12.05481182038784,4.2488456,0.0,0.4980155960389117,-0.40225478709183154,,0.6401784498374553,
2015-08-27,Maqueda Bay,30.25589769333601,34.33790090493858,-0.0634784996509552,-0.010986663401126862,12.665182039141655,4.2488456,0.0,0.02832159509089182,-0.8655461375437449,,0.8660093700217035,
2015-08-28,Maqueda Bay,30.136509284377098,34.27686388604343,-0.062257759273052216,-0.001831110566854477,10.528886273503304,1.7736672,22.08291773056288,0.9373192815814148,-0.8390544671719407,,1.2580062935079015,
2015-08-29,Maqueda Bay,30.25589769333601,34.29670091718435,0.0238044373691082,-0.027466658502817154,11.749626711010933,0.74271756,0.0,2.9816320290252576,0.2293605212923162,,2.9904407376232616,
2015-08-30,Maqueda Bay,30.363566994667053,34.33484905399382,0.012207403779029846,-0.04943998530507088,11.749626711010933,1.1225874,11.04145886528144,2.483101916667165,0.10069195136291077,,2.4851426513633816,
2015-08-31,Maqueda Bay,30.48442029207945,34.328745352104306,0.0238044373691082,-0.015259254723787308,12.512589484453201,1.173665,11.04145886528144,2.3527959336989133,0.2723488533941375,,2.3685064077547358,
2015-09-01,Maqueda Bay,30.694631785154343,34.32721942663193,-0.01037629321217537,-0.0079348124563694,10.681478828191757,1.1432201,12.470046424279746,1.2993554146965656,0.1300437786702624,,1.3058468049783343,
2015-09-02,Maqueda Bay,30.66899623721838,34.331797203049064,-0.03784295171499252,0.05371257662773132,11.291849046945572,0.7345415,0.0,0.2315275610999755,0.23094421198859075,,0.3270171870100011,
2015-09-03,Maqueda Bay,30.613330475986004,34.34858238324523,-0.03662221133708954,0.04516739398241043,10.83407138288021,0.7102358,0.0,0.04443625815801308,0.2563279526419857,,0.2601511105967408,
2015-09-04,Maqueda Bay,30.833796188235283,34.33790090493858,-0.027466658502817154,0.01831110566854477,10.528886273503304,1.449892,20.599932143215756,0.7703059130645616,-0.09862264535141466,,0.7765936040673647,
2015-09-05,Maqueda Bay,30.85357218235731,34.32721942663193,-0.014648884534835815,0.025025177747011185,10.528886273503304,1.3843145,0.0,1.3376295354973495,0.20754644343280929,,1.3536352168942942,
2015-09-06,Maqueda Bay,30.809625528752804,34.319589799270034,0.025635547935962677,-0.009155552834272385,10.528886273503304,0.9886407,0.0,2.0214508224828003,0.5000848878096066,,2.0823900505745643,
2015-09-07,Maqueda Bay,30.728324219584465,34.318063873797655,0.03662221133708954,0.004272591322660446,10.528886273503304,0.5144159,3.7353301392539118,2.2711280817673694,1.2763136652042084,,2.6051870059132667,
2015-09-08,Maqueda Bay,30.676320679485798,34.331797203049064,0.028077028691768646,0.007324442267417908,12.512589484453201,0.5079071,10.061899989431351,2.114574748426963,1.1295598682519006,,2.3973593520059113,
2015-09-09,Maqueda Bay,30.760551765561104,34.365367563441396,0.02075258642435074,-0.0048829615116119385,14.496292695403099,0.53930014,10.061899989431351,2.641570663798035,0.43789254823239565,,2.6776193634711882,
2015-09-10,Maqueda Bay,30.82061219215393,34.34400460682809,0.012817773967981339,-0.022583696991205215,13.885922476649284,0.5431153,0.0,2.7633650197229414,0.04648497826683134,,2.7637559742916595,
2015-09-11,Maqueda Bay,30.741508215665817,34.34400460682809,0.006103701889514923,-0.016479995101690292,15.717033132910728,0.5991788,0.0,2.495772305440703,0.5265686680613145,,2.5507163626692537,
2015-09-12,Maqueda Bay,30.81694997102022,34.3363749794662,0.01037629321217537,0.010986663401126862,13.885922476649284,0.8040324,0.0,1.5142859165243965,0.1712234285052611,,1.5239354643334566,
2015-09-13,Maqueda Bay,30.985412143170834,34.307382395491004,0.0006103701889514923,0.001831110566854477,11.139256492257118,1.1070994,23.269101955923613,0.7992998598979253,-0.026538948751720023,,0.7997403215004789,
2015-09-14,Maqueda Bay,30.999328583478928,34.2860194388777,-0.03479110077023506,-0.017700735479593277,10.528886273503304,1.643726,0.0,0.4246785266186177,-0.8159438201011908,,0.9198457308333199,
2015-09-15,Maqueda Bay,30.82061219215393,34.305856470018625,-0.06286812946200371,0.0006103701889514923,10.528886273503304,1.2729944,0.0,0.534171948435084,-0.80016043839319,,0.9620792055046798,
2015-09-16,Maqueda Bay,30.887264616787434,34.27991573698819,-0.05066072568297386,-0.016479995101690292,10.528886273503304,1.2476115,0.0,0.34765152151347106,-0.6816148610257188,,0.7651538402058382,
2015-09-17,Maqueda Bay,30.91802727431059,34.29975276812911,-0.05371257662773132,-0.038453321903944016,10.528886273503304,1.9627749,32.332007494573396,0.2217476920558389,-0.4999613454387015,,0.5469308785074836,
2015-09-18,Maqueda Bay,30.99639880657196,34.31196017190814,-0.07507553324103355,-0.006103701889514923,10.528886273503304,2.0633686,0.0,-0.002626818998808708,-0.8131311378362269,,0.8131353807927002,
2015-09-19,Maqueda Bay,30.903378389775753,34.35163423418999,-0.06164738908410072,-0.010986663401126862,10.528886273503304,2.06336,0.0,0.6002192243783366,-0.3880043786412178,,0.7147100916861951,
2015-09-20,Maqueda Bay,30.961241483688354,34.38062681816518,-0.051881466060876846,-0.027466658502817154,10.528886273503304,4.740794,3.0903101509434103,0.3285478492260357,-0.5847874371816038,,0.6707607888930912,
2015-09-21,Maqueda Bay,31.11871699243784,34.36994533985853,0.012817773967981339,-0.030518509447574615,10.528886273503304,2.6245377,0.0,1.4812644429721893,-0.19283707286716253,,1.493763865771858,
2015-09-22,Maqueda Bay,30.892391726374626,34.36994533985853,0.014038514345884323,-0.05493331700563431,10.528886273503304,2.6787822,4.8212829888691004,2.4200988301719573,-0.2614423974657712,,2.43417963079809,
2015-09-23,Maqueda Bay,30.757621988654137,34.36994533985853,0.03234962001442909,-0.04150517284870148,12.05481182038784,2.678714,0.0,3.6298720169456504,0.18757236878050168,,3.6347151543050815,
2015-09-24,Maqueda Bay,30.695364229381084,34.38825644552708,0.02136295661330223,-0.028077028691768646,16.937773570418358,2.6596797,0.0,3.7725701888213137,0.5267923112954869,,3.809172609481398,
2015-09-25,Maqueda Bay,30.619190029799938,34.3867305200547,0.02624591812491417,-0.004272591322660446,19.53184700012207,2.693888,15.191920284851355,3.2627606202209534,1.3042733342580266,,3.513792224267276,
2015-09-26,Maqueda Bay,30.516647838056087,34.379100892692804,0.03662221133708954,0.01342814415693283,19.53184700012207,2.7201662,3.638396532671059,3.3926858747409447,1.81809657834412,,3.849128812192874,
2015-09-27,Maqueda Bay,30.4397411942482,34.37299719080329,0.03357036039233208,0.03479110077023506,18.005921453237534,4.382593,0.0,2.7622962025548685,2.2433710298232317,,3.5585100657577455,
2015-09-28,Maqueda Bay,30.400189206004143,34.37147126533091,0.024414807558059692,0.05493331700563431,17.39555123448372,3.9902718,0.0,1.1624159844813668,1.5916423445235408,,1.970922696063491,
2015-09-29,Maqueda Bay,30.467574074864388,34.377574967220426,-0.004272591322660446,0.05615405738353729,15.564440578222275,4.359343,0.0,-0.1471068611304992,0.3504372172705323,,0.3800614053544272,
2015-09-30,Maqueda Bay,30.52543716877699,34.365367563441396,-0.04455702379345894,-0.0006103701889514923,14.801477804780006,4.310097,14.553586130684236,0.3022153524264556,-0.5754216429355746,,0.6499570650442402,
2015-10-01,Maqueda Bay,30.461714521050453,34.36231571249664,0.016479995101690292,0.03357036039233208,15.259255468845367,4.3356166,9.785820555210845,1.2318403468196333,1.888074845477566,,2.2543862273749475,
2015-10-02,Maqueda Bay,30.41923275589943,34.37299719080329,0.014038514345884323,0.03662221133708954,16.327403351664543,4.3356194,0.0,0.16611751650218243,0.9755573981772689,,0.9895995485181142,
2015-10-03,Maqueda Bay,30.56718648970127,34.37147126533091,-0.04577776417136192,0.011597033590078354,14.496292695403099,4.3356194,0.0,-0.9587512839398498,-1.107148784960423,,1.4645758623218024,
2015-10-04,Maqueda Bay,30.392864763736725,34.37147126533091,-0.05310220643877983,-0.008545182645320892,16.17481079697609,4.265562,18.820063103179226,-1.3808226997749908,-1.1498466098604454,,1.7968913585471589,
2015-10-05,Maqueda Bay,30.42802208662033,34.377574967220426,-0.046388134360313416,-0.0238044373691082,14.496292695403099,3.0955822,18.820063103179226,-0.679673865364885,-1.1692643874655988,,1.3524554599155367,
2015-10-06,Maqueda Bay,30.515182949602604,34.38825644552708,-0.04272591322660446,-0.040894802659749985,13.428144812583923,1.5687981,4.125362307611515,0.08863536216876788,-0.8824209928593639,,0.8868613398190803,
2015-10-07,Maqueda Bay,30.60820336639881,34.39588607288897,-0.02685628831386566,-0.04821924492716789,13.428144812583923,1.5903391,0.0,0.6900269762264228,-0.4941399790837249,,0.8487116983104713,
2015-10-08,Maqueda Bay,30.826471745967865,34.39436014741659,0.009155552834272385,-0.03662221133708954,11.749626711010933,2.1015055,0.0,1.041239829583867,-0.15285329419875057,,1.0523994071925593,
2015-10-09,Maqueda Bay,30.994933918118477,34.401989774778485,-0.0079348124563694,-0.004272591322660446,11.902219265699387,0.61595637,0.7853768454169348,0.6161435758609506,-0.020142576746641758,,0.6164727321404518,
2015-10-10,Maqueda Bay,31.034485906362534,34.408093476668,-0.017090365290641785,0.021973326802253723,11.902219265699387,5.32287,0.0,0.4102714352227793,-0.18583888274180596,,0.4503984246181173,
2015-10-11,Maqueda Bay,31.089419223368168,34.401989774778485,-0.03479110077023506,-0.001831110566854477,12.665182039141655,9.822698,0.0,0.11042528845319993,-0.5921676747452763,,0.6023755467672968,
2015-10-12,Maqueda Bay,30.96710103750229,34.40504162572324,-0.043946653604507446,-0.017700735479593277,14.038515031337738,9.860648,0.0,-0.2420496263431609,-1.0363889955196144,,1.0642791793730717,
2015-10-13,Maqueda Bay,30.778130427002907,34.39741199836135,-0.04028443247079849,-0.025025177747011185,15.411848023533821,4.2974133,5.277374608176094,0.07074775142382159,-1.338984293055672,,1.3408520356032296,
2015-10-14,Maqueda Bay,30.692434452474117,34.39588607288897,-0.02929776906967163,-0.04211554303765297,16.327403351664543,4.2974133,24.148709530105236,1.2185367617520104,-1.8485700464378367,,2.2140557934090688,
2015-10-15,Maqueda Bay,30.534958943724632,34.39436014741659,-0.0030518509447574615,-0.062257759273052216,19.53184700012207,4.2980638,18.841457041727228,3.362643682023072,-1.5736783185567795,,3.7126588831382525,
2015-10-16,Maqueda Bay,30.287392795085907,34.36231571249664,0.02868739888072014,-0.04455702379345894,19.53184700012207,4.262723,31.812288486463135,5.2259683478220404,1.7623731459023446,,5.515134112407019,
2015-10-17,Maqueda Bay,30.05154575407505,34.31348609738052,0.03784295171499252,0.04455702379345894,19.53184700012207,5.6948104,16.81255722045898,3.5961796411321676,4.69477853944725,,5.913835772639272,
2015-10-18,Maqueda Bay,29.914578683674335,34.30280461907387,0.03662221133708954,0.08850367739796638,19.53184700012207,5.6948047,0.0,3.315644385605783,4.2554594087692585,,5.394667039909132,
2015-10-19,Maqueda Bay,29.837672039866447,34.30890832096338,0.03723258152604103,0.0634784996509552,17.85332889854908,5.6948047,0.0,3.416822507702195,3.4701874051304284,,4.869997605324481,
2015-10-20,Maqueda Bay,29.77321694791317,34.318063873797655,0.03479110077023506,0.04272591322660446,18.005921453237534,5.8877597,0.0,2.7833442640428867,2.76068203911062,,3.9202513456726735,
2015-10-21,Maqueda Bay,29.749778732657433,34.32569350115955,0.03479110077023506,0.03418073058128357,16.785181015729904,5.8880177,0.0,2.8599169978773356,2.5556948550580025,,3.8354532231429515,
2015-10-22,Maqueda Bay,29.747581399977207,34.3363749794662,0.02624591812491417,0.04150517284870148,16.479995906352997,4.7717233,0.0,1.937431109542008,1.6106403213394187,,2.5194843815641175,
2015-10-23,Maqueda Bay,29.79006316512823,34.34400460682809,0.0079348124563694,0.059205908328294754,15.411848023533821,4.3640323,0.0,-0.08131238969156263,1.0493007813885709,,1.052446594626073,
2015-10-24,Maqueda Bay,29.85158848017454,34.35163423418999,-0.021973326802253723,0.05066072568297386,14.648885250091553,5.109796,0.0,-1.4392460744477955,0.8483643244821498,,1.6706739029108715,
2015-10-25,Maqueda Bay,29.85525070130825,34.365367563441396,-0.03784295171499252,0.031128879636526108,14.95407035946846,5.610583,0.0,-1.651990182732395,0.2831976368599409,,1.6760884419884492,
2015-10-26,Maqueda Bay,29.976103998720646,34.377574967220426,-0.04211554303765297,0.0158696249127388,14.496292695403099,5.5356364,0.0,-1.3453836722072934,-0.10383476168474588,,1.3493846312953581,
2015-10-27,Maqueda Bay,29.90066224336624,34.38520459458232,-0.043336283415555954,0.0024414807558059692,15.106662914156914,7.7295213,0.0,-1.5043765297960727,-0.9350027210193873,,1.771264754833374,
2015-10-28,Maqueda Bay,29.776146724820137,34.389782370999455,-0.04699850454926491,-0.005493331700563431,16.479995906352997,2.1524715,0.0,-2.253051014372406,-1.5238451709366838,,2.7199895180591374,
2015-10-29,Maqueda Bay,29.67946408689022,34.39283422194421,-0.04943998530507088,0.014648884534835815,17.548143789172173,2.5956824,12.532589975406864,-2.6619994972860894,-0.8796595705889066,,2.8035766948096947,
2015-10-30,Maqueda Bay,29.619403660297394,34.39436014741659,-0.05005035549402237,0.016479995101690292,17.09036612510681,2.4742815,0.0,-3.0245242083706336,-1.3668892704601476,,3.3190560351881806,
2015-10-31,Maqueda Bay,29.51979124546051,34.39436014741659,-0.051271095871925354,0.014648884534835815,18.005921453237534,2.413876,8.742774345175278,-3.1042786794604327,-1.5197028237163084,,3.456304788667216,
2015-11-01,Maqueda Bay,29.4494765996933,34.39588607288897,-0.04943998530507088,0.020142216235399246,17.09036612510681,3.1916497,23.831336526826775,-3.080771874587012,-1.184621626863563,,3.3006792849471527,
2015-11-02,Maqueda Bay,29.38868372887373,34.39893792383373,-0.03357036039233208,0.0317392498254776,16.63258846104145,3.249362,14.113046276953911,-3.0100013960330623,-0.16156973593442814,,3.014334617074041,
2015-11-03,Maqueda Bay,29.361583292484283,34.412671253085136,-0.02624591812491417,0.01892147585749626,16.479995906352997,0.95118237,0.0,-2.475008536828127,-0.30472470331013674,,2.4936969347095004,
2015-11-04,Maqueda Bay,29.33594774454832,34.4294564332813,-0.038453321903944016,0.01342814415693283,16.785181015729904,0.7942615,0.0,-2.859948036663389,-0.8164886030955715,,2.974215259761763,
2015-11-05,Maqueda Bay,29.313974417746067,34.44471568800509,-0.03723258152604103,0.021973326802253723,16.63258846104145,0.59655863,2.3051839819701585,-2.7898862439462224,-0.19716052269700513,,2.7968442083660143,
2015-11-06,Maqueda Bay,29.276619762182236,34.461500868201256,-0.036011841148138046,0.014648884534835815,16.785181015729904,0.92704946,17.27251091530795,-2.6988869394343236,-0.7747697178825398,,2.8078922393134964,
2015-11-07,Maqueda Bay,29.24512466043234,34.47828604839742,-0.03906369209289551,0.01037629321217537,16.785181015729904,2.8403213,10.680047616797474,-2.7834605206495295,-0.9880344128643832,,2.953618877075852,
2015-11-08,Maqueda Bay,29.201910451054573,34.49507122859359,-0.035401470959186554,0.007324442267417908,17.39555123448372,2.887946,0.0,-2.1473559202635,-0.7409881445659772,,2.2716075538433205,
2015-11-09,Maqueda Bay,29.185064233839512,34.50575270690024,-0.0317392498254776,0.0006103701889514923,16.479995906352997,1.9840924,0.0,-2.0590147664592098,-0.6949747726110108,,2.1731386847283356,
2015-11-10,Maqueda Bay,29.154301576316357,34.521011961624026,-0.04028443247079849,0.006103701889514923,16.785181015729904,0.7892122,0.0,-2.6878308394889396,-1.4499765674259664,,3.053991923334475,
2015-11-11,Maqueda Bay,29.100100703537464,34.536271216347814,-0.03784295171499252,0.014038514345884323,17.09036612510681,1.826025,0.0,-2.8156042871839486,-0.8332642119149427,,2.9363168679260183,
2015-11-12,Maqueda Bay,29.071535378694534,34.55305639654398,-0.035401470959186554,0.014648884534835815,16.937773570418358,8.907964,0.0,-2.864986938723871,-0.7818143086869555,,2.9697447318458265,
2015-11-13,Maqueda Bay,29.084719374775887,34.569841576740146,-0.031128879636526108,0.006714072078466415,16.17481079697609,11.207383,0.0,-2.5024573081720316,-0.7872100701937935,,2.623355155871604,
2015-11-14,Maqueda Bay,29.060548715293407,34.57747120410204,-0.032959990203380585,0.0048829615116119385,16.17481079697609,9.846044,0.0,-2.4902640220246917,-0.6319563743763603,,2.569199049997004,
2015-11-15,Maqueda Bay,29.056154049932957,34.583574905991554,-0.040894802659749985,0.005493331700563431,15.869625687599182,4.0745063,0.0,-3.2316453778445156,-0.8364565216953165,,3.338141902440705,
2015-11-16,Maqueda Bay,29.013672284781933,34.595782309770584,-0.04455702379345894,0.023194067180156708,16.63258846104145,4.6378593,0.0,-3.4627051947406806,-0.7802442234416106,,3.549522265587032,
2015-11-17,Maqueda Bay,29.001953177154064,34.606463788077235,-0.040894802659749985,0.012817773967981339,16.022218242287636,9.260115,0.0,-3.203017479841312,-0.9748329438009891,,3.348077096556872,
2015-11-18,Maqueda Bay,28.93896297365427,34.617145266383886,-0.046388134360313416,0.009155552834272385,16.63258846104145,9.17166,0.0,-3.0747928001112403,-1.2139792446510247,,3.3057671379060256,
2015-11-19,Maqueda Bay,28.87304299324751,34.630878595635295,-0.04821924492716789,0.001831110566854477,17.09036612510681,9.010977,0.0,-2.987669380211335,-1.6421952805902282,,3.409248255120944,
2015-11-20,Maqueda Bay,28.809320345520973,34.6446119248867,-0.051271095871925354,0.003662221133708954,17.09036612510681,8.211844,9.194901251023815,-3.1975902594988224,-1.5877920088281057,,3.570107411681074,
2015-11-21,Maqueda Bay,28.749992363154888,34.6522415522486,-0.04821924492716789,-0.003662221133708954,16.785181015729904,8.308114,53.54507975424489,-2.835418444351046,-1.6651756252735013,,3.2882225620494583,
2015-11-22,Maqueda Bay,28.760246582329273,34.66139710508287,-0.03357036039233208,-0.005493331700563431,15.717033132910728,1.6940819,0.0,-1.8541518955777645,-1.4861132558424641,,2.376217974232437,
2015-11-23,Maqueda Bay,28.837885670363903,34.67055265791714,-0.016479995101690292,-0.043946653604507446,14.038515031337738,1.6538181,0.0,-0.2699161535161673,-1.9303062561754603,,1.9490861891048032,
2015-11-24,Maqueda Bay,28.96313363313675,34.6736045088619,-0.01892147585749626,-0.046388134360313416,12.970367148518562,2.6447067,17.84835990050238,-0.3019978020529784,-1.337985073670257,,1.371643805734285,
2015-11-25,Maqueda Bay,28.964598521590233,34.67513043433428,-0.02868739888072014,-0.03234962001442909,14.343700140714645,1.756349,17.84835990050238,-1.2401557091370632,-1.4545536604811784,,1.9114686851017066,
2015-11-26,Maqueda Bay,28.927976310253143,34.68428598716855,-0.046388134360313416,-0.0012207403779029846,16.327403351664543,6.1621222,0.0,-2.4157897087096303,-1.4195014845956064,,2.8019679479745108,
2015-11-27,Maqueda Bay,28.858394108712673,34.68886376358569,-0.05737479776144028,0.017090365290641785,17.242958679795265,0.8079488,0.0,-3.3887116714195638,-1.5598509208180262,,3.730482768649658,
2015-11-28,Maqueda Bay,28.75145725160837,34.68886376358569,-0.06103701889514923,0.0238044373691082,17.09036612510681,0.861851,67.08517705680038,-3.9064912309212083,-1.659901406561506,,4.244519574318059,
2015-11-29,Maqueda Bay,28.66502883285284,34.69344154000282,-0.04821924492716789,0.012207403779029846,16.937773570418358,6.431658,14.930116961079259,-2.6407543106386075,-1.3883930227457362,,2.9834909945842685,
2015-11-30,Maqueda Bay,28.639393284916878,34.70107116736472,-0.036011841148138046,-0.0048829615116119385,16.17481079697609,7.482025,0.0,-2.3938999608383686,-1.017946035375836,,2.6013402609884246,
2015-12-01,Maqueda Bay,28.584459967911243,34.70717486925423,-0.03662221133708954,-0.003662221133708954,17.09036612510681,7.4333014,0.0,-2.4030359182365353,-1.2361610215442274,,2.702346331527507,
2015-12-02,Maqueda Bay,28.561021752655506,34.713278571143746,-0.036011841148138046,0.0079348124563694,16.63258846104145,13.495015,0.0,-2.252521751392567,-0.6968748507066796,,2.357856823058621,
2015-12-03,Maqueda Bay,28.556627087295055,34.713278571143746,-0.03723258152604103,-0.001831110566854477,16.17481079697609,15.073479,0.0,-2.65433952066075,-1.6687145571474664,,3.1353032651048935,
2015-12-04,Maqueda Bay,28.50169377028942,34.70717486925423,-0.04821924492716789,-0.0006103701889514923,16.63258846104145,1.6789852,17.1727794406967,-3.2887923732090885,-1.6171256989615581,,3.664867091767473,
2015-12-05,Maqueda Bay,28.448957785964012,34.691915614530444,-0.04028443247079849,0.03418073058128357,16.327403351664543,1.4598776,0.0,-2.9386989181036043,-0.3886247347450494,,2.9642841489504606,
2015-12-06,Maqueda Bay,28.45554978400469,34.68276006169617,-0.031128879636526108,0.012207403779029846,15.564440578222275,5.2910056,13.871986494635655,-2.040641221088927,-0.411043163006854,,2.0816275063185508,
2015-12-07,Maqueda Bay,28.426252014935017,34.679708210751414,-0.03784295171499252,0.01342814415693283,16.479995906352997,7.46973,0.0,-3.024139546758934,-0.9878003479712107,,3.181378557437542,
2015-12-08,Maqueda Bay,28.380840472877026,34.68123413622379,-0.04516739398241043,0.025025177747011185,17.39555123448372,7.4697,0.0,-3.6797588927316425,-0.9353134891795798,,3.796766628551047,
2015-12-09,Maqueda Bay,28.336893819272518,34.68123413622379,-0.03906369209289551,0.03357036039233208,17.39555123448372,2.2803712,0.0,-2.91026647778902,-0.3571760426920908,,2.932102606870314,
2015-12-10,Maqueda Bay,28.426252014935017,34.68276006169617,-0.025635547935962677,0.01342814415693283,15.106662914156914,2.1353233,0.0,-1.8474362812303817,-0.13387960674513313,,1.8522809080451523,
2015-12-11,Maqueda Bay,28.43577378988266,34.68581191264093,-0.02929776906967163,-0.014648884534835815,15.717033132910728,4.0918055,0.0,-2.072362350685235,-1.061937533132373,,2.3286040961943066,
2015-12-12,Maqueda Bay,28.421124905347824,34.68276006169617,-0.03357036039233208,-0.046388134360313416,16.479995906352997,9.170635,11.604857689407748,-0.973960777887152,-2.25781530672145,,2.45892853823128,
2015-12-13,Maqueda Bay,28.42332223802805,34.655293403193355,-0.043946653604507446,-0.039674062281847,14.801477804780006,8.615845,37.28582734373125,0.46305668776934894,-3.1885876634230925,,3.2220355031287067,
2015-12-14,Maqueda Bay,28.44383067637682,34.607989713549614,-0.030518509447574615,0.040894802659749985,13.122959703207016,9.181301,46.41943075763099,0.3059682356423563,3.260083713823877,,3.2744102342806376,
2015-12-15,Maqueda Bay,28.410138241946697,34.61561934091151,-0.006103701889514923,0.04455702379345894,16.479995906352997,3.6867275,0.0,-2.482255515849038,2.339241395147428,,3.410812623222545,
2015-12-16,Maqueda Bay,28.451155118644238,34.607989713549614,-0.007324442267417908,0.015259254723787308,15.411848023533821,3.6799157,0.0,-2.0556003028379335,0.8636703158295046,,2.2296679168594684,
2015-12-17,Maqueda Bay,28.407940909266472,34.6018860116601,-0.03662221133708954,-0.0158696249127388,16.327403351664543,3.608371,10.535620100487211,-2.847960885765735,-1.0778364464497059,,3.045096486508577,
2015-12-18,Maqueda Bay,28.283425390720367,34.60036008618772,-0.05493331700563431,0.0012207403779029846,19.53184700012207,3.6083672,46.90192931917955,-3.930150291566525,-2.0596480299850093,,4.4371422471813515,
2015-12-19,Maqueda Bay,28.171361424028873,34.60341193713248,-0.054322946816682816,0.029908139258623123,19.53184700012207,3.95652,23.853086647350118,-4.472354717918309,-1.3631822669991127,,4.675491697773293,
2015-12-20,Maqueda Bay,28.06808678805828,34.61409341543913,-0.04150517284870148,0.03418073058128357,19.53184700012207,4.0074096,0.0,-3.458983229034331,-0.7981688046177055,,3.549878648546401,
2015-12-21,Maqueda Bay,28.040253907442093,34.618671191856265,-0.038453321903944016,0.015259254723787308,17.09036612510681,8.49819,0.0,-3.572351893235074,-1.0745048942877216,,3.730450216387894,
2015-12-22,Maqueda Bay,27.99850458651781,34.629352670162916,-0.038453321903944016,0.007324442267417908,17.85332889854908,6.0994477,0.0,-3.111873608131089,-1.5919242951924821,,3.4954227662196864,
2015-12-23,Maqueda Bay,27.93331705033779,34.63698229752481,-0.03418073058128357,-0.0024414807558059692,18.768884226679802,6.0990624,46.23484339911816,-2.8232399287251377,-1.505507282371439,,3.1995680759160847,
2015-12-24,Maqueda Bay,27.91207616776228,34.641560073941946,-0.030518509447574615,-0.012817773967981339,17.09036612510681,3.9006145,0.0,-2.4459185888609696,-2.257226470753569,,3.3283012308993682,
2015-12-25,Maqueda Bay,27.902554392814636,34.64918970130384,-0.03357036039233208,-0.017700735479593277,17.09036612510681,4.0221534,0.0,-2.3135481814631227,-1.8233518478322648,,2.9456946801976365,
2015-12-26,Maqueda Bay,27.865199737250805,34.65987117961049,-0.03479110077023506,-0.0048829615116119385,17.700736343860626,6.0290093,0.0,-2.8824991418379553,-1.729813733447318,,3.36170445683726,
2015-12-27,Maqueda Bay,27.82638019323349,34.667500806972384,-0.03234962001442909,-0.0048829615116119385,17.548143789172173,1.5389729,0.0,-2.867261523415709,-1.9387497036929682,,3.4612048562935054,
2015-12-28,Maqueda Bay,27.749473549425602,34.6736045088619,-0.0317392498254776,-0.011597033590078354,19.53184700012207,1.4085592,0.0,-2.5559200253141285,-1.7226186331526625,,3.0822300581050928,
2015-12-29,Maqueda Bay,27.689413122832775,34.68428598716855,-0.03357036039233208,-0.021973326802253723,19.53184700012207,0.810276,0.0,-2.6203328045157908,-2.705141861963256,,3.7661567279877803,
2015-12-30,Maqueda Bay,27.628620252013206,34.68276006169617,-0.03357036039233208,-0.01892147585749626,19.07406933605671,1.4850155,0.0,-1.8384758314685894,-1.7947782380610895,,2.569284395840949,
2015-12-31,Maqueda Bay,27.607379369437695,34.667500806972384,-0.03418073058128357,0.008545182645320892,16.785181015729904,1.2512305,0.0,-2.9851980649275154,-0.527303799404169,,3.0314116816613765,
2016-01-01,Maqueda Bay,27.608111813664436,34.66444895602763,-0.036011841148138046,0.025025177747011185,16.785181015729904,6.6150756,0.0,-3.552093630027273,-0.871048456117651,,3.6573343529660063,
2016-01-02,Maqueda Bay,27.599322482943535,34.665974881500006,-0.03357036039233208,0.031128879636526108,17.09036612510681,3.8538086,0.0,-3.4287767747247573,-0.7868395706537995,,3.5179008912757284,
2016-01-03,Maqueda Bay,27.607379369437695,34.665974881500006,-0.03418073058128357,0.025635547935962677,16.479995906352997,2.266311,0.0,-3.130136872599836,-1.03206873600761,,3.2958948279721287,
2016-01-04,Maqueda Bay,27.61030914634466,34.66902673244476,-0.02868739888072014,0.0238044373691082,16.479995906352997,9.393346,0.0,-2.1994770782463786,-0.8754913092443195,,2.3673158746338774,
2016-01-05,Maqueda Bay,27.583941154181957,34.67055265791714,-0.029908139258623123,0.01892147585749626,16.63258846104145,4.661481,15.735705081218946,-2.36781611156669,-0.763021620900996,,2.487720871029783,
2016-01-06,Maqueda Bay,27.61763358861208,34.67207858338952,-0.02685628831386566,0.016479995101690292,15.869625687599182,2.5931587,0.0,-2.335309592312619,-0.4075965757044646,,2.370612971463992,
2016-01-07,Maqueda Bay,27.66231268644333,34.6736045088619,-0.02868739888072014,-0.0024414807558059692,15.717033132910728,3.9241436,0.0,-1.9615409366400567,-1.0944182980861792,,2.2461955073636397,
2016-01-08,Maqueda Bay,27.693807788193226,34.6736045088619,-0.02868739888072014,-0.0030518509447574615,15.717033132910728,3.6998494,0.0,-1.9126485046123844,-1.280932994463351,,2.301958652647966,
2016-01-09,Maqueda Bay,27.69600512087345,34.667500806972384,-0.03479110077023506,-0.005493331700563431,16.022218242287636,3.0896664,2.5407461680574897,-2.538539513362909,-2.0892790390576925,,3.287745392202783,
2016-01-10,Maqueda Bay,27.657918021082878,34.66139710508287,-0.030518509447574615,0.015259254723787308,17.09036612510681,2.8232899,12.809231302522111,-2.5633000749235424,-1.3126987099282719,,2.879875896136913,
2016-01-11,Maqueda Bay,27.794885091483593,34.65681932866573,-0.022583696991205215,0.0317392498254776,14.191107586026192,1.7931131,0.0,-1.847397279471858,0.48179116691441054,,1.9091881616846391,
2016-01-12,Maqueda Bay,27.841761521995068,34.6446119248867,-0.032959990203380585,0.0024414807558059692,13.885922476649284,2.0268881,10.034597121442335,-1.8024261162879038,-0.7370429208972321,,1.9472986858521266,
2016-01-13,Maqueda Bay,27.816858418285847,34.64766377583146,-0.030518509447574615,0.02685628831386566,15.869625687599182,0.7777007,3.0801373758623676,-2.190200988119264,0.039608684672961275,,2.190559110423666,
2016-01-14,Maqueda Bay,27.89596239477396,34.64918970130384,-0.0317392498254776,0.012207403779029846,15.106662914156914,3.3441706,0.0,-2.2399954680181557,-0.788877301552284,,2.374848857010966,
2016-01-15,Maqueda Bay,27.882045954465866,34.6522415522486,-0.031128879636526108,0.0238044373691082,16.327403351664543,5.2652335,0.0,-2.5563901846984156,-0.06649350099899759,,2.5572548097711154,
2016-01-16,Maqueda Bay,27.922330386936665,34.655293403193355,-0.031128879636526108,0.009155552834272385,15.869625687599182,4.3033423,0.0,-2.247379494513241,-0.48775374974494323,,2.299699613590619,
2016-01-17,Maqueda Bay,27.97360148280859,34.65987117961049,-0.020142216235399246,0.02624591812491417,15.411848023533821,4.918679,0.0,-1.7668533364107557,0.7676754575001061,,1.9264205980091202,
2016-01-18,Maqueda Bay,28.15744498372078,34.65987117961049,-0.035401470959186554,-0.01342814415693283,14.038515031337738,5.0766864,0.0,-1.8358213015455487,-0.45306878338240586,,1.8909022115603984,
2016-01-19,Maqueda Bay,28.005096584558487,34.66139710508287,-0.05249183624982834,0.0030518509447574615,16.785181015729904,3.8220875,0.0,-2.834166639964218,-1.818175106919786,,3.3672334731213454,
2016-01-20,Maqueda Bay,27.9369792714715,34.66292303055525,-0.05859553813934326,0.021973326802253723,18.31110656261444,2.2227385,16.84473994323918,-4.305216435900785,-1.6644042234605616,,4.615748041111388,
2016-01-21,Maqueda Bay,27.86666462570429,34.66444895602763,-0.046388134360313416,0.036011841148138046,17.242958679795265,0.789033,0.0,-3.597332756278548,-0.41150677786464657,,3.6207928396448144,
2016-01-22,Maqueda Bay,27.897427283227444,34.66902673244476,-0.03784295171499252,0.0012207403779029846,15.564440578222275,2.5321348,0.0,-2.6071436703644224,-1.5222500665758278,,3.019013644075062,
2016-01-23,Maqueda Bay,27.93331705033779,34.67665635980666,-0.035401470959186554,-0.022583696991205215,15.106662914156914,3.3848114,0.0,-1.884438349318913,-1.924958622538015,,2.6938028121722724,
2016-01-24,Maqueda Bay,27.83077485859394,34.67665635980666,-0.04821924492716789,-0.032959990203380585,17.09036612510681,3.5430262,0.0,-2.8785009524401493,-2.2318364766589047,,3.642370353457221,
2016-01-25,Maqueda Bay,27.649128690361977,34.678182285279036,-0.0476088747382164,-0.03234962001442909,19.53184700012207,3.5430262,15.589203482948689,-4.462170500665056,-3.4159618185232055,,5.619587237743872,
2016-01-26,Maqueda Bay,27.440382085740566,34.679708210751414,-0.04150517284870148,-0.014648884534835815,19.53184700012207,3.5490701,12.540121774336523,-4.6657957491874145,-2.814453894516704,,5.448926563782594,
2016-01-27,Maqueda Bay,27.354686111211777,34.67513043433428,-0.03784295171499252,0.020142216235399246,19.53184700012207,0.6759772,8.72071804392356,-4.933726709472421,-1.7905548955663781,,5.2485946764632425,
2016-01-28,Maqueda Bay,27.32685323059559,34.67055265791714,-0.03357036039233208,0.04516739398241043,17.700736343860626,0.5601082,8.264263955861924,-4.662450670425846,-0.6806674792114521,,4.711873774987027,
2016-01-29,Maqueda Bay,27.38105410337448,34.667500806972384,-0.03479110077023506,0.03662221133708954,15.564440578222275,2.3062308,0.0,-2.546490156149278,-0.3638485418511237,,2.5723525957326228,
2016-01-30,Maqueda Bay,27.392040766775608,34.65987117961049,-0.03662221133708954,0.025635547935962677,15.259255468845367,2.7249012,4.371153957466559,-2.4432781441039024,-0.817785839611314,,2.5765057284866635,
2016-01-31,Maqueda Bay,27.378856770694256,34.66139710508287,-0.039674062281847,0.02624591812491417,16.327403351664543,4.539415,0.0,-3.5666751776857057,-1.2956565678369616,,3.7947197215207367,
2016-02-01,Maqueda Bay,27.34369944781065,34.655293403193355,-0.038453321903944016,0.021973326802253723,16.785181015729904,4.5394197,5.752733423962571,-3.198443497414899,-1.642952840844074,,3.595738428110875,
2016-02-02,Maqueda Bay,27.32685323059559,34.6522415522486,-0.035401470959186554,0.02075258642435074,16.785181015729904,4.211923,13.481208997571155,-2.602859939156672,-1.2506343741732013,,2.8877268223864716,
2016-02-03,Maqueda Bay,27.41328164935112,34.65071562677622,-0.04028443247079849,0.010986663401126862,14.801477804780006,1.1285263,0.0,-2.755540921927769,-0.8892811995494073,,2.8954838670402867,
2016-02-04,Maqueda Bay,27.40522476285696,34.64766377583146,-0.039674062281847,0.021973326802253723,15.564440578222275,0.8130386,0.0,-2.5083010553651612,-0.5711900908350066,,2.5725147821177012,
2016-02-05,Maqueda Bay,27.534867390990257,34.6446119248867,-0.022583696991205215,0.029908139258623123,13.428144812583923,1.1850343,0.0,-2.0867005894949657,0.5555270741237989,,2.1593817819651964,
2016-02-06,Maqueda Bay,27.61397136747837,34.62782674469054,-0.024414807558059692,-0.029908139258623123,12.970367148518562,7.3611946,0.0,-1.2031251204252973,-0.6833851842751621,,1.3836637472613003,
2016-02-07,Maqueda Bay,27.43305764347315,34.63393044658005,-0.051881466060876846,-0.005493331700563431,17.548143789172173,5.6801515,0.0,-2.6735889193126168,-1.4086691507281974,,3.0219904840492973,
2016-02-08,Maqueda Bay,27.31879634410143,34.63698229752481,-0.05066072568297386,0.008545182645320892,19.53184700012207,5.680151,0.0,-4.114328477140269,-1.6494146326995285,,4.432636624896145,
2016-02-09,Maqueda Bay,27.219916373491287,34.64613785035908,-0.043336283415555954,0.010986663401126862,19.53184700012207,0.93148977,0.0,-3.9657307454927104,-1.842268822928966,,4.37275368179849,
2016-02-10,Maqueda Bay,27.16351816803217,34.6522415522486,-0.04211554303765297,0.0079348124563694,17.85332889854908,0.8916562,7.365807043975034,-3.870377026527873,-2.1250921945297345,,4.415408833021687,
2016-02-11,Maqueda Bay,27.129825733602047,34.65834525413811,-0.039674062281847,0.016479995101690292,17.242958679795265,1.1039399,0.0,-3.8258845429699893,-2.075993048054391,,4.352831224812977,
2016-02-12,Maqueda Bay,27.13129062205553,34.667500806972384,-0.031128879636526108,0.017090365290641785,16.479995906352997,0.9986148,0.0,-2.519137978297059,-1.5139828394238382,,2.939081521796982,
2016-02-13,Maqueda Bay,27.186956383287907,34.65987117961049,-0.027466658502817154,0.01831110566854477,14.191107586026192,0.6361098,7.736925981378041,-2.9173438815752775,-0.6837716693309621,,2.9964043484056617,
2016-02-14,Maqueda Bay,27.105655074119568,34.66292303055525,-0.012207403779029846,0.024414807558059692,16.479995906352997,0.6515169,0.0,-2.4064890963007337,0.42868858092795625,,2.444373880983093,
2016-02-15,Maqueda Bay,27.162053279578686,34.66292303055525,-0.022583696991205215,-0.01342814415693283,15.106662914156914,2.3887296,0.0,-2.107789687176458,-1.2220392255681478,,2.436423040893069,
2016-02-16,Maqueda Bay,27.095400854945183,34.665974881500006,-0.04821924492716789,-0.017700735479593277,17.09036612510681,4.0329385,0.0,-2.3586513621323673,-2.155955846761206,,3.1955252872216016,
2016-02-17,Maqueda Bay,27.04559464752674,34.66902673244476,-0.05371257662773132,-0.003662221133708954,17.548143789172173,6.0929704,6.847135019375614,-3.3483407596037735,-2.10218162454473,,3.953549471677001,
2016-02-18,Maqueda Bay,26.993591107428074,34.6736045088619,-0.05066072568297386,0.012207403779029846,17.548143789172173,6.1289635,0.0,-3.883713221233826,-1.6901122224475464,,4.235529212418799,
2016-02-19,Maqueda Bay,26.974547557532787,34.68123413622379,-0.04150517284870148,0.019531846046447754,16.785181015729904,6.1775117,0.0,-3.15819671204554,-1.2710539035673898,,3.4043772554975686,
2016-02-20,Maqueda Bay,27.027283541858196,34.690389689058065,-0.03234962001442909,0.007324442267417908,15.411848023533821,8.178649,0.0,-2.5066946421595877,-0.8875476657486308,,2.659183876306305,
2016-02-21,Maqueda Bay,26.97161778062582,34.69649339094758,-0.039674062281847,0.001831110566854477,16.63258846104145,21.440643,0.0,-2.9462834641085744,-1.4620151757707567,,3.2890841620523514,
2016-02-22,Maqueda Bay,26.977477334439754,34.704123018309474,-0.04028443247079849,0.01342814415693283,16.022218242287636,5.554381,0.0,-2.8748793162605626,-1.4455548147083508,,3.2178501838011813,
2016-02-23,Maqueda Bay,27.017761766910553,34.71022672019899,-0.04211554303765297,0.001831110566854477,15.564440578222275,10.9399,0.0,-2.714233428702581,-1.6140494991372965,,3.157882026161194,
2016-02-24,Maqueda Bay,26.978942222893238,34.713278571143746,-0.04943998530507088,-0.0048829615116119385,16.479995906352997,9.575845,0.0,-3.1897334144537806,-2.3292015684606207,,3.9496302614045264,
2016-02-25,Maqueda Bay,26.933530680835247,34.716330422088504,-0.05493331700563431,0.009155552834272385,17.700736343860626,1.206071,6.844424101980418,-3.4993989460865254,-2.4671266905834224,,4.281647707514082,
2016-02-26,Maqueda Bay,26.87273781001568,34.713278571143746,-0.05005035549402237,0.009155552834272385,18.005921453237534,1.2158624,0.0,-3.9140496623498517,-2.06435690874093,,4.425082395391909,
2016-02-27,Maqueda Bay,26.880794696509838,34.71022672019899,-0.04455702379345894,0.009765923023223877,16.327403351664543,1.0801811,0.0,-2.9904739471110418,-1.0126872822552815,,3.1572883872068895,
2016-02-28,Maqueda Bay,26.956968896090984,34.71022672019899,-0.038453321903944016,0.012207403779029846,14.343700140714645,0.9385298,0.0,-2.347568069011815,-0.7480646345899933,,2.4638742939054583,
2016-02-29,Maqueda Bay,27.047059535980225,34.71022672019899,-0.03784295171499252,-0.016479995101690292,13.73332992196083,0.87702173,0.0,-2.184963025704109,-1.4056830656551442,,2.598077809605343,
2016-03-01,Maqueda Bay,27.017761766910553,34.71022672019899,-0.05249183624982834,0.008545182645320892,15.411848023533821,1.2954553,0.0,-2.7551550162050655,-1.7675466360343792,,3.273392777207829,
2016-03-02,Maqueda Bay,27.02069154381752,34.71022672019899,-0.05493331700563431,0.01892147585749626,15.411848023533821,0.44850042,0.0,-2.7278267202038995,-1.7182643002803324,,3.223890634168012,
2016-03-03,Maqueda Bay,27.09027374535799,34.70564894378185,-0.04028443247079849,0.02624591812491417,13.580737367272377,1.0981188,0.0,-2.538843722161314,0.12043648207659191,,2.541698721676686,
2016-03-04,Maqueda Bay,27.20819726586342,34.71175264567137,-0.019531846046447754,0.025025177747011185,12.665182039141655,1.1522998,0.0,-2.0408760255985245,0.6137602019172184,,2.1311678810737305,
2016-03-05,Maqueda Bay,27.38911098986864,34.70870079472661,-0.025635547935962677,0.02136295661330223,11.139256492257118,3.282171,0.0,-2.279010653549833,0.5055371727868299,,2.334407289241305,
2016-03-06,Maqueda Bay,27.412549205124378,34.71175264567137,-0.019531846046447754,0.031128879636526108,12.665182039141655,2.7268562,0.0,-2.3446745101008224,0.6705578018123839,,2.4386771668033447,
2016-03-07,Maqueda Bay,27.54072694480419,34.70564894378185,-0.03723258152604103,0.004272591322660446,12.207404375076294,1.8571421,7.775775723376765,-2.2964042318552296,-0.7246677333990028,,2.408031503097967,
2016-03-08,Maqueda Bay,27.48725851625204,34.70564894378185,-0.04821924492716789,0.01892147585749626,13.73332992196083,0.5995808,7.8928320997504775,-3.2156928067951536,0.13333382698922935,,3.2184558622255004,
2016-03-09,Maqueda Bay,27.56416516005993,34.71022672019899,-0.032959990203380585,0.01037629321217537,13.580737367272377,5.8098903,0.0,-2.776209100444179,0.22876056918991974,,2.7856181302190675,
2016-03-10,Maqueda Bay,27.653523355722427,34.716330422088504,-0.0317392498254776,-0.012207403779029846,13.580737367272377,1.2420801,0.0,-2.076668467689747,-0.43142964086550983,,2.1210100093385287,
2016-03-11,Maqueda Bay,27.704794451594353,34.716330422088504,-0.04699850454926491,-0.028077028691768646,13.27555225789547,1.2179183,0.0,-2.271219099404305,-1.0215690958247252,,2.49038945047618,
2016-03-12,Maqueda Bay,27.693075343966484,34.72090819850564,-0.05798516795039177,0.0,14.801477804780006,4.2192936,0.0,-3.279406565381167,-1.050216141369126,,3.4434664750302653,
2016-03-13,Maqueda Bay,27.685750901699066,34.727011900395155,-0.030518509447574615,0.009155552834272385,14.648885250091553,4.2195354,0.0,-2.4632327503105764,-0.5367066775483771,,2.5210255135415873,
2016-03-14,Maqueda Bay,28.00582902878523,34.73616745322943,-0.0158696249127388,-0.04577776417136192,12.512589484453201,7.021656,0.0,-1.4261294542952727,-1.098617488735592,,1.8002237658036377,
2016-03-15,Maqueda Bay,27.86739706993103,34.737693378701806,-0.0476088747382164,-0.02136295661330223,14.343700140714645,3.925864,0.0,-2.384525542706167,-1.3444487121144917,,2.7374266023629668,
2016-03-16,Maqueda Bay,27.926725052297115,34.74227115511894,-0.03479110077023506,0.0030518509447574615,14.191107586026192,1.0257885,0.0,-2.410514340600121,-0.17484984108208126,,2.416847503084393,
2016-03-17,Maqueda Bay,27.9281899407506,34.7453230060637,-0.03234962001442909,-0.007324442267417908,14.95407035946846,2.2536237,0.0,-2.4508963462434417,-0.7593918508593218,,2.5658466211332662,
2016-03-18,Maqueda Bay,27.967009484767914,34.74837485700846,-0.03662221133708954,-0.001831110566854477,14.648885250091553,1.2256516,7.864554647659558,-2.24105856427527,-1.0753512508161454,,2.4857038844446824,
2016-03-19,Maqueda Bay,28.040253907442093,34.751426707953215,-0.030518509447574615,-0.007324442267417908,14.038515031337738,2.9905388,0.0,-1.7395872548095876,-0.6370882115963431,,1.85257798930328,
2016-03-20,Maqueda Bay,28.048310793936253,34.75295263342559,-0.040894802659749985,-0.011597033590078354,14.801477804780006,11.151837,0.0,-2.2246429422173817,-1.5057291300351099,,2.6863090725740957,
2016-03-21,Maqueda Bay,28.04245124012232,34.75600448437035,-0.04211554303765297,-0.01037629321217537,15.259255468845367,4.5277166,0.0,-2.2945603495293785,-1.215890578343784,,2.596805171001006,
2016-03-22,Maqueda Bay,28.015350803732872,34.75600448437035,-0.03906369209289551,0.0012207403779029846,15.717033132910728,3.4799633,0.0,-2.653884331034004,-0.6286380745501768,,2.727322472917707,
2016-03-23,Maqueda Bay,28.058565013110638,34.75600448437035,-0.02868739888072014,0.009155552834272385,14.648885250091553,3.5398529,0.0,-2.3725645209499104,-0.013960955270790772,,2.3726055960362125,
2016-03-24,Maqueda Bay,28.196996971964836,34.75447855889797,-0.030518509447574615,-0.006103701889514923,13.122959703207016,12.872009,11.67135784776163,-2.154210623194541,-0.23958669147374723,,2.1674928354704077,
2016-03-25,Maqueda Bay,28.365459144115448,34.751426707953215,-0.03662221133708954,-0.03234962001442909,12.665182039141655,11.536107,0.0,-2.0055673312373434,-0.3384035283660154,,2.0339167308759345,
2016-03-26,Maqueda Bay,28.388164915144444,34.74074522964656,-0.051881466060876846,-0.019531846046447754,12.512589484453201,11.971748,0.0,-1.419392583916872,-0.017255941756550146,,1.4194974726304093,
2016-03-27,Maqueda Bay,28.351542703807354,34.73464152775705,-0.04516739398241043,-0.007324442267417908,13.428144812583923,10.202953,0.0,-2.1108811983888707,0.2514420103272869,,2.125803969859183,
2016-03-28,Maqueda Bay,28.254860065877438,34.73616745322943,-0.054322946816682816,-0.001831110566854477,15.564440578222275,8.27806,3.0993451434895736,-3.1809004645599988,-1.1358401167086025,,3.3776116615387606,
2016-03-29,Maqueda Bay,28.106906332075596,34.727011900395155,-0.059205908328294754,0.021973326802253723,16.785181015729904,8.18018,0.0,-3.2312082242873825,-0.7906830632928464,,3.3265426940414544,
2016-03-30,Maqueda Bay,28.082003228366375,34.71785634756088,-0.04455702379345894,0.010986663401126862,14.496292695403099,7.3542886,7.811719782341459,-3.1070359083147787,-0.898450277025408,,3.2343291477282388,
2016-03-31,Maqueda Bay,28.102511666715145,34.713278571143746,-0.03234962001442909,0.005493331700563431,13.885922476649284,14.475774,0.0,-2.7412050373224828,-0.3685399065425198,,2.765868167385518,
2016-04-01,Maqueda Bay,28.13254188001156,34.713278571143746,-0.036011841148138046,0.0024414807558059692,13.885922476649284,13.084129,0.0,-2.907454332742752,-0.28223074491799843,,2.9211204854236272,
2016-04-02,Maqueda Bay,28.09665211290121,34.714804496616125,-0.04028443247079849,0.009155552834272385,15.106662914156914,14.004654,0.0,-3.2386322546799713,-0.7798399371407976,,3.331199364885452,
2016-04-03,Maqueda Bay,28.12961210310459,34.716330422088504,-0.03784295171499252,0.001831110566854477,14.648885250091553,0.69260246,0.0,-3.0586140693267656,-0.808089592999157,,3.163562677646387,
2016-04-04,Maqueda Bay,28.191869862377644,34.716330422088504,-0.031128879636526108,0.020142216235399246,14.191107586026192,1.1732459,0.0,-2.6197800355799057,0.3012139297161299,,2.637039488949319,
2016-04-05,Maqueda Bay,28.184545420110226,34.716330422088504,-0.03723258152604103,0.008545182645320892,14.801477804780006,2.2911847,1.4870675668555287,-3.4648736369835476,-0.09261974904132678,,3.4661113280124276,
2016-04-06,Maqueda Bay,28.204321414232254,34.72090819850564,-0.04028443247079849,0.025025177747011185,15.259255468845367,4.0599513,0.0,-3.4436385338368307,-0.1672750830069348,,3.4476988419989434,
2016-04-07,Maqueda Bay,28.24387340247631,34.72243412397802,-0.03662221133708954,0.017090365290641785,14.496292695403099,4.109614,0.0,-3.383072484178661,0.24674646704156128,,3.3920588515242875,
2016-04-08,Maqueda Bay,28.2717062830925,34.7239600494504,-0.04028443247079849,0.016479995101690292,14.648885250091553,7.1341934,0.0,-3.235259052740532,-0.356765804979302,,3.2548706545640327,
2016-04-09,Maqueda Bay,28.394024468958378,34.727011900395155,-0.03906369209289551,0.003662221133708954,13.27555225789547,5.905229,0.0,-2.696094495212763,-0.17938985949428418,,2.702055929992187,
2016-04-10,Maqueda Bay,28.563951529562473,34.71175264567137,-0.03479110077023506,0.015259254723787308,10.83407138288021,5.380867,0.0,-1.6173185633651042,0.4521203462761114,,1.6793249068962788,
2016-04-11,Maqueda Bay,28.67674794048071,34.716330422088504,-0.025025177747011185,0.02929776906967163,12.359996929764748,0.62549615,15.44649796551823,-2.3195341461088255,0.8644335691747543,,2.475375537263185,
2016-04-12,Maqueda Bay,28.782219909131527,34.71938227303326,-0.03234962001442909,0.02624591812491417,11.749626711010933,0.6390441,0.0,-2.204372318237125,1.082802689698336,,2.45595581846011,
2016-04-13,Maqueda Bay,28.87377543747425,34.72243412397802,-0.02075258642435074,0.036011841148138046,11.902219265699387,4.7194133,15.44649796551823,-2.083642374181591,1.0479652934856432,,2.332337196855452,
2016-04-14,Maqueda Bay,28.93017364293337,34.72243412397802,-0.030518509447574615,0.031128879636526108,12.207404375076294,4.514966,0.0,-2.213762039907473,0.7946607785796168,,2.352068902551126,
2016-04-15,Maqueda Bay,28.94775230437517,34.73158967681229,-0.04455702379345894,0.017700735479593277,13.27555225789547,3.0540648,0.0,-2.563578582628776,0.19101205985994416,,2.570684880790507,
2016-04-16,Maqueda Bay,28.913327425718307,34.74074522964656,-0.04455702379345894,0.017700735479593277,14.191107586026192,9.26302,0.0,-2.9231482446430146,-0.14976253269562634,,2.9269821448650735,
2016-04-17,Maqueda Bay,28.899410985410213,34.74837485700846,-0.04211554303765297,0.009765923023223877,14.496292695403099,9.305982,0.0,-2.9049921843330835,-0.4271999023188462,,2.936235574264696,
2016-04-18,Maqueda Bay,28.944090083241463,34.75600448437035,-0.04943998530507088,-0.012817773967981339,13.73332992196083,2.6318345,0.0,-2.9114663207205354,-0.9132462423377119,,3.051336565479777,
2016-04-19,Maqueda Bay,28.813715010881424,34.75753040984273,-0.06286812946200371,0.016479995101690292,15.106662914156914,0.6616218,0.0,-3.4439950004991835,-0.7111462633396024,,3.516650476138516,
2016-04-20,Maqueda Bay,28.71044037491083,34.762108186259866,-0.0476088747382164,0.016479995101690292,15.259255468845367,7.0142574,0.0,-3.451918889616104,-0.5024497620064724,,3.4882946813348266,
2016-04-21,Maqueda Bay,28.74706258624792,34.77126373909414,-0.03784295171499252,0.003662221133708954,14.038515031337738,4.2760687,0.0,-2.7304354968909226,-0.1582936432901239,,2.7350200877119786,
2016-04-22,Maqueda Bay,28.75951413810253,34.77736744098365,-0.031128879636526108,0.006103701889514923,13.73332992196083,5.266642,0.0,-2.3234113613034837,-0.16251974382544274,,2.3290884528001925,
2016-04-23,Maqueda Bay,28.851802110671997,34.78041929192841,-0.03418073058128357,0.010986663401126862,13.27555225789547,3.2723114,0.0,-2.328380233641859,-0.1213950479326505,,2.33154268030347,
2016-04-24,Maqueda Bay,28.871578104794025,34.78957484476268,-0.03357036039233208,0.020142216235399246,14.191107586026192,5.3975883,8.584211438848492,-2.495702924039863,0.16126424554496022,,2.5009076836125534,
2016-04-25,Maqueda Bay,28.878902547061443,34.798730397596955,-0.04272591322660446,0.0012207403779029846,14.648885250091553,6.0551744,0.0,-2.6172540939868907,-0.6055956750476521,,2.6864037511378593,
2016-04-26,Maqueda Bay,28.941160306334496,34.78957484476268,-0.05005035549402237,-0.0024414807558059692,12.207404375076294,3.4451907,0.0,-2.8126398151617775,-0.9229758038456499,,2.9602072671213078,
2016-04-27,Maqueda Bay,28.96313363313675,34.78957484476268,-0.01892147585749626,0.036011841148138046,12.817774593830109,7.325994,0.0,-1.6747286181648233,1.1350524147311047,,2.0231312188504162,
2016-04-28,Maqueda Bay,29.207037560641766,34.800256323069334,-0.001831110566854477,0.03479110077023506,12.359996929764748,7.9609866,0.0,-1.1009966973394785,1.2980414545753571,,1.702088524533477,
2016-04-29,Maqueda Bay,29.371105067431927,34.80636002495885,-0.025635547935962677,0.025025177747011185,12.207404375076294,7.522762,2.4963992905506887,-1.30572614439569,0.6563262123241725,,1.4613982554876097,
2016-04-30,Maqueda Bay,29.269295319914818,34.80636002495885,-0.03662221133708954,0.027466658502817154,12.817774593830109,3.705288,0.0,-2.2792314918325234,0.8007973503204452,,2.4158171680906144,
2016-05-01,Maqueda Bay,29.29493086785078,34.809411875903606,-0.04516739398241043,0.017090365290641785,12.512589484453201,1.4018914,2.0688728224114157,-2.583497332240345,0.31983490299911005,,2.6032197046867616,
2016-05-02,Maqueda Bay,29.26563309878111,34.810937801375985,-0.04577776417136192,0.014648884534835815,12.207404375076294,0.7088163,10.569234429050335,-2.3644945546098,0.017246862853801566,,2.364557453955749,
2016-05-03,Maqueda Bay,29.295663312077522,34.81398965232074,-0.04821924492716789,0.008545182645320892,11.444441601634026,1.5000685,0.0,-2.6437472786936347,0.03423727654443364,,2.643968960616818,
2016-05-04,Maqueda Bay,29.297128200531006,34.823145205155015,-0.06408886983990669,0.006103701889514923,11.749626711010933,2.551426,0.0,-2.734638799308285,-0.6856284603623459,,2.8192792959089914,
2016-05-05,Maqueda Bay,29.141117580235004,34.82924890704453,-0.06103701889514923,0.022583696991205215,11.749626711010933,0.9291013,0.0,-3.301380334089068,0.19910999675544497,,3.3073791589592507,
2016-05-06,Maqueda Bay,29.08178959786892,34.83230075798929,-0.051881466060876846,0.01342814415693283,10.986663937568665,0.8452678,0.0,-3.1408595057365014,0.09209843713059306,,3.142209502387967,
2016-05-07,Maqueda Bay,29.075930044054985,34.84298223629594,-0.05249183624982834,0.014038514345884323,11.291849046945572,2.1082914,0.0,-3.0576539172021544,0.09239741435305517,,3.059049649737776,
2016-05-08,Maqueda Bay,29.05322427302599,34.84908593818545,-0.048829615116119385,0.016479995101690292,11.59703415632248,2.6817646,0.0,-2.9728167301590016,-0.17116011964427658,,2.9777399311675796,
2016-05-09,Maqueda Bay,29.056154049932957,34.84450816176832,-0.04455702379345894,0.014648884534835815,11.444441601634026,2.2461455,0.0,-3.067005915827158,-0.04496016675864135,,3.0673354404619246,
2016-05-10,Maqueda Bay,29.197515785694122,34.847560012713075,-0.03418073058128357,0.01831110566854477,10.83407138288021,4.4743786,0.0,-2.1311843679238516,0.3826173062255887,,2.1652581400623605,
2016-05-11,Maqueda Bay,29.313974417746067,34.85366371460259,-0.030518509447574615,0.021973326802253723,11.749626711010933,2.2799108,0.0,-2.083790515483298,0.6149531267511593,,2.172636706980524,
2016-05-12,Maqueda Bay,29.374767288565636,34.85213778913021,-0.05066072568297386,0.0012207403779029846,12.665182039141655,4.2667103,0.0,-2.6673952855180754,-0.06082657681129749,,2.6680887319672553,
2016-05-13,Maqueda Bay,29.30738241970539,34.85061186365783,-0.06164738908410072,0.017090365290641785,11.749626711010933,7.107147,0.0,-2.641536166794133,0.17498265836266694,,2.6473254902276575,
2016-05-14,Maqueda Bay,29.22534866631031,34.85213778913021,-0.06286812946200371,0.014648884534835815,11.139256492257118,6.768229,0.0,-3.3862323197974757,-0.39041102974238917,,3.4086639751940213,
2016-05-15,Maqueda Bay,29.194586008787155,34.84145631082356,-0.04943998530507088,0.01037629321217537,10.528886273503304,1.5097882,0.0,-2.363081938228977,-0.04927355902921607,,2.3635955936672888,
2016-05-16,Maqueda Bay,29.21655933558941,34.82924890704453,-0.04272591322660446,0.0079348124563694,10.528886273503304,1.2730895,0.0,-2.0599306976526317,0.4891595753036658,,2.11721316103101,
2016-05-17,Maqueda Bay,29.341074854135513,34.81551557779312,-0.031128879636526108,0.02075258642435074,10.528886273503304,0.6980212,6.286753329263853,-2.1078526402741193,0.7814647102928832,,2.248050232210952,
2016-05-18,Maqueda Bay,29.23706777393818,34.81856742873788,-0.02868739888072014,0.020142216235399246,11.444441601634026,0.6165277,7.000842195502074,-1.7784592372198629,0.48527108609615577,,1.843476413045092,
2016-05-19,Maqueda Bay,29.352793961763382,34.83077483251691,-0.03234962001442909,0.017090365290641785,12.05481182038784,3.3289192,8.694292595858947,-2.0631404363499684,0.9393515380942388,,2.2669207688453406,
2016-05-20,Maqueda Bay,29.4091921672225,34.83230075798929,-0.023194067180156708,0.021973326802253723,12.359996929764748,3.7657382,12.573506658527705,-1.977363560484284,0.7522270167534628,,2.115611527446591,
2016-05-21,Maqueda Bay,29.366710402071476,34.82772298157215,-0.02868739888072014,0.02685628831386566,12.512589484453201,0.37648332,0.0,-2.1654515500432385,0.9143657980491607,,2.3505840185423588,
2016-05-22,Maqueda Bay,29.35206151753664,34.809411875903606,0.012817773967981339,0.035401470959186554,12.359996929764748,2.8898575,15.951503393287483,-1.226357591566985,1.8252592008291937,,2.198982513028606,
2016-05-23,Maqueda Bay,29.341807298362255,34.810937801375985,0.02868739888072014,0.0238044373691082,14.95407035946846,2.88985,21.6602969631072,0.5653811100995773,1.2190299840737102,,1.343759614562136,
2016-05-24,Maqueda Bay,29.497817918658257,34.80330817401409,0.0317392498254776,0.011597033590078354,12.359996929764748,2.8906841,13.441132240764189,0.014804479717249018,0.6956011628828984,,0.6957586869193507,
2016-05-25,Maqueda Bay,29.501480139791965,34.798730397596955,0.014038514345884323,0.032959990203380585,14.038515031337738,3.2950127,21.6602969631072,-0.32777719606851136,1.2627291709106958,,1.3045776517062326,
2016-05-26,Maqueda Bay,29.721213407814503,34.80330817401409,-0.011597033590078354,0.032959990203380585,13.73332992196083,3.2589064,10.613544131570515,-1.5023267034850365,0.8760025462068749,,1.739070437033861,
2016-05-27,Maqueda Bay,29.745384067296982,34.7956785466522,-0.008545182645320892,0.04211554303765297,13.27555225789547,3.260046,14.6767277021745,-1.2035928679528614,0.7328703534936846,,1.409161008123966,
2016-05-28,Maqueda Bay,29.940214231610298,34.79415262117982,-0.023194067180156708,0.032959990203380585,13.122959703207016,0.6300359,1.4109901568856655,-0.972326828646279,0.6035294602493655,,1.1444069516977868,
2016-05-29,Maqueda Bay,30.028839983046055,34.800256323069334,-0.011597033590078354,0.03784295171499252,13.122959703207016,0.5943522,0.0,-1.0486811065327941,0.7243013462214518,,1.2744977455205846,
2016-05-30,Maqueda Bay,30.003936879336834,34.78499706834555,-0.02136295661330223,0.036011841148138046,12.665182039141655,5.840107,14.6767277021745,-1.258536392094313,0.6585085982842926,,1.420403965159248,
2016-05-31,Maqueda Bay,30.085970632731915,34.77736744098365,-0.009155552834272385,0.032959990203380585,11.749626711010933,8.8562155,11.401547421691237,-0.6594912786542132,0.5960202676752968,,0.8889144537584601,
2016-06-01,Maqueda Bay,30.21854303777218,34.786522993817925,0.03234962001442909,0.02685628831386566,11.59703415632248,8.698058,7.138135995000555,0.5032027305341235,1.1416866412093063,,1.2476623640764295,
2016-06-02,Maqueda Bay,30.24784080684185,34.78957484476268,0.04272591322660446,0.016479995101690292,12.665182039141655,3.3758345,7.138135995000555,0.9532736300827627,1.0784963143597406,,1.4394043608030067,
2016-06-03,Maqueda Bay,30.53862116485834,34.78347114287317,0.030518509447574615,0.014648884534835815,10.528886273503304,2.095589,7.138135995000555,0.3637966280092691,0.6061403831629799,,0.706932918070646,
2016-06-04,Maqueda Bay,30.5378887206316,34.766685962677,0.015259254723787308,0.040894802659749985,10.83407138288021,1.7042214,12.249776403658585,0.3606058057981541,0.7484470180652854,,0.8307884724923388,
2016-06-05,Maqueda Bay,30.597949147224426,34.74074522964656,0.009155552834272385,0.031128879636526108,10.986663937568665,0.9377474,7.138135995000555,0.1638827902463022,-0.15584642588788256,,0.22615410100402944,
2016-06-06,Maqueda Bay,30.622852250933647,34.74227115511894,-0.007324442267417908,0.031128879636526108,12.512589484453201,0.71601725,6.629442223755445,0.4764934557980992,0.3029382856041075,,0.5646393701320968,
2016-06-07,Maqueda Bay,30.76348154246807,34.76516003720462,0.025025177747011185,0.015259254723787308,12.359996929764748,0.87417156,8.13037024115637,1.047698199174767,0.38358723039085546,,1.1157108406182028,
2016-06-08,Maqueda Bay,30.805963307619095,34.75753040984273,0.03234962001442909,-0.0079348124563694,10.681478828191757,1.5171013,6.629442223755445,0.8650883566991389,0.5177618905447593,,1.0081940488799266,
2016-06-09,Maqueda Bay,30.777397982776165,34.749900782480836,0.006103701889514923,0.03357036039233208,13.122959703207016,2.6900532,11.757956430109965,0.289039252648261,0.7435694083623791,,0.7977713673878273,
2016-06-10,Maqueda Bay,30.838923297822475,34.76058226078749,-0.007324442267417908,0.03357036039233208,13.885922476649284,2.5201705,6.629442223755445,-0.7387370901098059,0.868244705753614,,1.1399918233799238,
2016-06-11,Maqueda Bay,30.723197109997272,34.75600448437035,-0.017090365290641785,0.04028443247079849,14.038515031337738,4.4613237,0.0,-1.1466918170526432,1.1004433259393276,,1.5893009900267165,
2016-06-12,Maqueda Bay,30.57524337619543,34.7453230060637,0.009155552834272385,0.0317392498254776,15.717033132910728,3.9652975,5.664253272951656,-0.6254252364923797,0.971660136379353,,1.155543225963569,
2016-06-13,Maqueda Bay,30.666798904538155,34.74227115511894,0.0158696249127388,0.028077028691768646,14.038515031337738,6.840149,5.664253272951656,0.24337993445856346,0.6830253031307049,,0.7250912750915197,
2016-06-14,Maqueda Bay,30.782525092363358,34.74227115511894,-0.01831110566854477,0.03784295171499252,13.580737367272377,7.4839644,1.0597561910954487,-0.5136819186832687,0.6070718955091104,,0.7952392092315046,
2016-06-15,Maqueda Bay,30.68950467556715,34.74074522964656,-0.008545182645320892,0.032959990203380585,13.73332992196083,8.285604,0.0,-1.1107033616788773,0.7827150702246812,,1.3587880036273454,
2016-06-16,Maqueda Bay,30.634571358561516,34.74074522964656,-0.03479110077023506,0.02075258642435074,14.801477804780006,2.569507,5.132309091805313,-1.4675589804339675,0.2561505981195842,,1.4897457803160263,
2016-06-17,Maqueda Bay,30.500534065067768,34.73616745322943,-0.051881466060876846,0.027466658502817154,14.191107586026192,2.0079997,10.90619403352752,-2.627055075086732,0.06796727051584138,,2.6279341539316254,
2016-06-18,Maqueda Bay,30.35770744085312,34.739219304174185,-0.048829615116119385,0.0158696249127388,11.59703415632248,1.8300314,10.310474126935919,-3.4214892105816794,-0.21704057030946394,,3.428366232958069,
2016-06-19,Maqueda Bay,30.146763503551483,34.73616745322943,-0.024414807558059692,0.02685628831386566,10.528886273503304,0.94532996,18.27875306675877,-2.431774277542773,0.48984685218970564,,2.480620098991145,
2016-06-20,Maqueda Bay,30.261757247149944,34.70107116736472,-0.03357036039233208,0.0024414807558059692,10.528886273503304,3.9541063,0.0,-1.4715933673819297,0.13166168926930355,,1.4774714343579485,
2016-06-21,Maqueda Bay,30.282998129725456,34.6949674654752,-0.04028443247079849,-0.016479995101690292,10.528886273503304,5.7421627,33.5585699008174,-0.9198439705200265,-0.43300458864196684,,1.0166641057335735,
2016-06-22,Maqueda Bay,30.287392795085907,34.678182285279036,-0.02136295661330223,0.009765923023223877,10.528886273503304,5.7489066,8.288061440815024,-1.020109153288394,0.24540541598440957,,1.0492123249453589,
2016-06-23,Maqueda Bay,30.099154628813267,34.67665635980666,0.0030518509447574615,0.025025177747011185,10.528886273503304,5.735432,5.593094906316192,-1.0728797869361826,1.268297082413409,,1.6612189881152317,
2016-06-24,Maqueda Bay,30.20242926478386,34.655293403193355,-0.017700735479593277,0.020142216235399246,11.749626711010933,1.4916545,0.0,-0.9699842344264817,0.5792173467687128,,1.1297619881345429,
2016-06-25,Maqueda Bay,30.12112795561552,34.66139710508287,-0.022583696991205215,0.014038514345884323,13.428144812583923,1.4239273,16.7792849504087,-0.899912097753209,0.03891732512208914,,0.9007532080860104,
2016-06-26,Maqueda Bay,30.23978392034769,34.620197117328644,-0.021973326802253723,-0.02136295661330223,11.291849046945572,1.3371558,18.150698417159635,0.0958867748078475,0.6433520199124888,,0.6504583730789621,
2016-06-27,Maqueda Bay,30.1050141826272,34.65834525413811,-0.004272591322660446,0.039674062281847,16.022218242287636,4.457952,22.635768547585478,-1.1004632117323199,0.9948086482954583,,1.4834633554960668,
2016-06-28,Maqueda Bay,30.08816796541214,34.665974881500006,-0.012817773967981339,0.019531846046447754,16.327403351664543,4.2407436,0.0,-1.7333744898223962,0.33381921059012787,,1.765225874307894,
2016-06-29,Maqueda Bay,30.02664265036583,34.65681932866573,-0.031128879636526108,0.022583696991205215,16.327403351664543,4.2411633,12.100465279387254,-1.3029350443760799,-0.030099808271274675,,1.3032826739895167,
2016-06-30,Maqueda Bay,30.017120875418186,34.64766377583146,-0.02929776906967163,0.014648884534835815,13.580737367272377,5.006669,7.561939361091764,-1.2426490766397074,0.2996127812699992,,1.2782584035999378,
2016-07-01,Maqueda Bay,30.01419109851122,34.6446119248867,-0.021973326802253723,0.01831110566854477,13.122959703207016,5.008388,11.307400200956609,-0.41241220826398994,0.3622918912346477,,0.5489437530198867,
2016-07-02,Maqueda Bay,30.078646190464497,34.61256748996675,0.022583696991205215,-0.0006103701889514923,10.83407138288021,2.687404,50.64171899775023,1.2614286490393563,0.19107922973457703,,1.2758187601118016,
2016-07-03,Maqueda Bay,30.14163639396429,34.58967860788107,0.003662221133708954,-0.06408886983990669,10.528886273503304,2.7648776,28.026918080179005,1.6890970016301365,-0.4414747857215197,,1.7458375260440988,
2016-07-04,Maqueda Bay,30.106479071080685,34.54847862012684,-0.0012207403779029846,-0.05249183624982834,10.528886273503304,1.5767413,22.614800401913218,2.3223317332323425,0.1410737258701871,,2.3266126612113225,
2016-07-05,Maqueda Bay,30.074251525104046,34.54390084370971,0.04272591322660446,-0.02075258642435074,10.528886273503304,1.5683442,11.307400200956609,2.798229934595535,0.3739784162465804,,2.8231100975138803,
2016-07-06,Maqueda Bay,29.950468450784683,34.545426769182086,0.043946653604507446,-0.0079348124563694,14.343700140714645,1.4071642,10.849714752349618,3.1135595880046014,1.3150247134792685,,3.3798732676117633,
2016-07-07,Maqueda Bay,29.917508460581303,34.56526380032301,0.038453321903944016,0.017090365290641785,18.61629167199135,1.5267719,8.7285921723795,2.1165137082882164,2.2629580520980954,,3.0984850206072556,
2016-07-08,Maqueda Bay,29.831812486052513,34.559160098433495,0.03357036039233208,0.05066072568297386,19.53184700012207,1.4944557,12.549733892930083,1.0600809347841673,2.233858792727514,,2.472629510084133,
2016-07-09,Maqueda Bay,29.7527085095644,34.557634172961116,0.02624591812491417,0.04577776417136192,18.005921453237534,2.1257708,15.51633723064135,0.4712117366019012,1.6742892403134035,,1.7393346316740244,
2016-07-10,Maqueda Bay,29.770287171006203,34.559160098433495,0.006103701889514923,0.051881466060876846,15.564440578222275,1.9385341,4.0619696940877645,-0.9066868677953196,1.396823304790928,,1.6652916924789893,
2016-07-11,Maqueda Bay,30.01492354273796,34.559160098433495,-0.017700735479593277,0.05615405738353729,12.817774593830109,2.1743271,3.5332720202784387,-0.47028888856744494,0.390423936083462,,0.6112303073121504,
2016-07-12,Maqueda Bay,30.17386393994093,34.56221194937825,-0.02868739888072014,0.032959990203380585,11.59703415632248,2.2175949,15.896365449908323,-0.0747692283691766,0.3274722903355523,,0.33589959578501183,
2016-07-13,Maqueda Bay,30.110141292214394,34.56068602390587,-0.01037629321217537,0.05066072568297386,12.970367148518562,2.1800153,0.0,0.050457786327449836,0.2926933479649564,,0.29701074752271445,
2016-07-14,Maqueda Bay,30.078646190464497,34.5728934276849,-0.009765923023223877,0.04577776417136192,14.191107586026192,1.9972194,7.948182724954162,-0.25828347416349945,0.9052415157707454,,0.9413673857218996,
2016-07-15,Maqueda Bay,30.144566170871258,34.57594527862966,-0.03234962001442909,0.02868739888072014,13.885922476649284,10.181214,0.0,-1.043331958641477,0.9771753925322192,,1.4294800885962553,
2016-07-16,Maqueda Bay,30.22733236849308,34.57899712957442,-0.03906369209289551,0.02136295661330223,13.27555225789547,12.53083,0.0,-0.8597045188505175,0.06277961324540231,,0.8619937004243372,
2016-07-17,Maqueda Bay,30.203894153237343,34.57899712957442,-0.043336283415555954,0.025635547935962677,13.580737367272377,12.43222,8.183801815806445,-0.7979066427854079,0.09356975587846794,,0.8033743273320579,
2016-07-18,Maqueda Bay,30.077913746237755,34.57899712957442,-0.035401470959186554,0.023194067180156708,14.191107586026192,0.87482125,1.7980756254240116,-1.1240866757379588,0.07758906292128993,,1.1267612512225555,
2016-07-19,Maqueda Bay,30.020783096551895,34.57899712957442,-0.039674062281847,0.012207403779029846,14.496292695403099,4.068647,16.36760363161289,-1.5261974916238705,-0.020727593747718025,,1.5263382379346868,
2016-07-20,Maqueda Bay,29.968047112226486,34.58662675693631,-0.03723258152604103,0.017090365290641785,15.411848023533821,3.3463666,0.0,-1.8823918806618878,0.08815289484080471,,1.884454861558274,
2016-07-21,Maqueda Bay,30.13724172860384,34.583574905991554,-0.04699850454926491,-0.012817773967981339,12.359996929764748,7.1395097,0.0,-0.8249084939360012,-0.4950605792468548,,0.9620597697087189,
2016-07-22,Maqueda Bay,30.095492407679558,34.582048980519176,-0.054322946816682816,-0.02685628831386566,12.359996929764748,6.5040717,12.913148201738817,-0.15201948430280654,-0.6903212283131328,,0.7068616002213189,
2016-07-23,Maqueda Bay,30.385540321469307,34.57441935315728,-0.051271095871925354,-0.02075258642435074,10.528886273503304,3.251044,6.456574100869409,0.14945323718833126,0.08405089239191606,,0.17146668078069585,
2016-07-24,Maqueda Bay,30.66460157185793,34.56526380032301,0.0030518509447574615,-0.0030518509447574615,10.528886273503304,7.2137084,1.536809355798771,0.32047658083890956,0.5051264832461082,,0.5982123393434634,
2016-07-25,Maqueda Bay,30.534958943724632,34.56678972579539,-0.006714072078466415,0.02929776906967163,10.528886273503304,3.2613316,0.0,-0.42454940197514546,0.6888512638060262,,0.809171340548226,
2016-07-26,Maqueda Bay,30.38700520992279,34.57441935315728,-0.028077028691768646,0.036011841148138046,12.512589484453201,2.102969,0.0,-1.1766499369427905,0.5556968605519692,,1.3012701775322402,
2016-07-27,Maqueda Bay,30.47709584981203,34.56221194937825,-0.05005035549402237,-0.02075258642435074,12.207404375076294,5.4526963,20.1334047713038,-1.240748673194419,-0.2535992078901107,,1.266400342812731,
2016-07-28,Maqueda Bay,30.381878100335598,34.53779714182019,-0.056764427572488785,-0.011597033590078354,10.681478828191757,5.4526963,50.3335117685813,-0.053662517977912036,-0.9187513815766217,,0.9203172099796249,
2016-07-29,Maqueda Bay,30.24417858570814,34.51338233426213,-0.012817773967981339,-0.01892147585749626,10.681478828191757,5.452476,70.46691524195047,3.060803440521597,-1.527726947470856,,3.4208869211854203,
2016-07-30,Maqueda Bay,30.151890613138676,34.510330483317375,0.03906369209289551,-0.030518509447574615,13.27555225789547,2.01264,27.78936421559886,3.2453625875847223,2.1295276988353855,,3.881657705800672,
2016-07-31,Maqueda Bay,30.122592844069004,34.51948603615165,0.038453321903944016,0.0238044373691082,19.53184700012207,1.5306295,0.0,1.8622548789593225,2.926523512674137,,3.4687941859445006,
2016-08-01,Maqueda Bay,30.094759963452816,34.508804557845,0.017700735479593277,0.043946653604507446,16.785181015729904,1.5233822,1.34997802945326,0.4593621059081783,1.7728564185808673,,1.8314020381248286,
2016-08-02,Maqueda Bay,30.233924366533756,34.45997494272888,0.027466658502817154,0.028077028691768646,10.681478828191757,4.816111,1.34997802945326,0.8874291711068136,0.4816540048787969,,1.009713382176898,
2016-08-03,Maqueda Bay,30.459517188370228,34.426404582336545,-0.039674062281847,-0.01831110566854477,10.528886273503304,4.8159614,1.34997802945326,0.9272056377678517,-0.1885226597175784,,0.9461770912125692,
2016-08-04,Maqueda Bay,30.312295898795128,34.43098235875368,-0.01037629321217537,-0.054322946816682816,11.444441601634026,2.2472935,3.812576277830999,1.8313587257465673,-0.5995989072813301,,1.9270167700310903,
2016-08-05,Maqueda Bay,30.25589769333601,34.437086060643196,0.015259254723787308,-0.04516739398241043,15.106662914156914,2.2574546,15.922289493812757,2.597290195360025,0.19836822060599393,,2.604854374021647,
2016-08-06,Maqueda Bay,30.192175045609474,34.440137911587954,0.03479110077023506,-0.01892147585749626,19.53184700012207,1.6241646,5.915118410840012,3.359077740915371,1.8559611868482728,,3.8377070232888233,
2016-08-07,Maqueda Bay,30.081575967371464,34.4294564332813,0.040894802659749985,-0.006714072078466415,19.53184700012207,1.6060324,5.915118410840012,3.8755939094087744,2.4835595416601155,,4.6030746406741425,
2016-08-08,Maqueda Bay,29.947538673877716,34.42182680591941,0.03906369209289551,-0.0012207403779029846,19.53184700012207,1.6775624,0.0,3.9590062259560352,2.9007605889426413,,4.907967226003196,
2016-08-09,Maqueda Bay,29.83400981873274,34.401989774778485,0.03662221133708954,-0.001831110566854477,19.53184700012207,1.5697622,0.0,3.76723013061468,2.6034786299109176,,4.5793147777166325,
2016-08-10,Maqueda Bay,29.780541390180588,34.3867305200547,0.03479110077023506,0.017700735479593277,18.158514007925987,1.6652708,0.0,2.7207145922229654,2.6332247474222488,,3.78631225109234,
2016-08-11,Maqueda Bay,29.782738722860813,34.3867305200547,0.04211554303765297,0.021973326802253723,16.785181015729904,1.795381,0.0,3.5119068219685206,2.2677260873053706,,4.180439107705596,
2016-08-12,Maqueda Bay,29.772484503686428,34.38520459458232,0.04150517284870148,-0.012817773967981339,16.937773570418358,2.0884473,0.0,3.5656070668154474,1.745750747839772,,3.970037711219804,
2016-08-13,Maqueda Bay,29.723410740494728,34.37604904174805,0.03723258152604103,-0.027466658502817154,17.85332889854908,2.095373,0.0,3.852440347534235,1.8777240287091586,,4.285690628043682,
2016-08-14,Maqueda Bay,29.680196531116962,34.3577379360795,0.04028443247079849,-0.025025177747011185,16.937773570418358,3.2161005,0.0,4.034098810989084,1.8777315465957827,,4.449699875037027,
2016-08-15,Maqueda Bay,29.62233343720436,34.342478681355715,0.03662221133708954,-0.02685628831386566,18.158514007925987,3.4519758,14.140970788243727,3.6226051189617596,1.7682903297874624,,4.031143576994969,
2016-08-16,Maqueda Bay,29.615008994936943,34.32569350115955,0.039674062281847,-0.02624591812491417,16.63258846104145,3.4529293,2.37133188145135,3.2454549782294793,1.4728697654572152,,3.564031896842746,
2016-08-17,Maqueda Bay,29.648701429367065,34.31348609738052,0.04150517284870148,-0.02929776906967163,16.022218242287636,3.3600683,0.0,3.656188500707116,1.4032610470403097,,3.9162298092481262,
2016-08-18,Maqueda Bay,29.67140720039606,34.30433054454625,0.03906369209289551,-0.03479110077023506,16.17481079697609,3.46152,0.0,2.681919070445638,0.7200162706631298,,2.7768891462281378,
2016-08-19,Maqueda Bay,29.73293251544237,34.27686388604343,0.03906369209289551,-0.06042664870619774,14.038515031337738,3.4999077,7.570960758285404,4.0259822857132646,0.12648404953796738,,4.027968666668663,
2016-08-20,Maqueda Bay,29.639912098646164,34.25092315301299,0.02624591812491417,-0.06958220154047012,19.53184700012207,3.9142275,16.57048744576684,4.819157683956073,0.26825623272849664,,4.826618090260565,
2016-08-21,Maqueda Bay,29.496353030204773,34.21887871809304,0.021973326802253723,-0.032959990203380585,19.53184700012207,4.613868,23.245269086869996,3.3442349166377223,1.926005442045476,,3.8591973440662115,
2016-08-22,Maqueda Bay,29.51979124546051,34.20514538884163,0.039674062281847,0.024414807558059692,16.022218242287636,4.612944,0.0,2.8218113731584022,2.8664013073177657,,4.02229733862119,
2016-08-23,Maqueda Bay,29.590838335454464,34.211249090731144,0.046388134360313416,0.035401470959186554,15.717033132910728,6.195553,0.0,3.148656737651738,2.235924623699722,,3.8617869146842407,
2016-08-24,Maqueda Bay,29.745384067296982,34.21582686714828,0.0555436871945858,0.023194067180156708,13.73332992196083,14.6434555,0.0,2.6782773260112034,1.2999981578266784,,2.97710675747083,
2016-08-25,Maqueda Bay,29.80617693811655,34.21735279262066,0.0476088747382164,0.011597033590078354,14.191107586026192,14.6434555,0.0,2.3555922481757796,1.442136301862455,,2.7619869573941407,
2016-08-26,Maqueda Bay,29.832544930279255,34.21277501620352,0.040894802659749985,0.025025177747011185,14.801477804780006,11.410895,0.0,2.133785644491473,1.585713426528787,,2.658482320368439,
2016-08-27,Maqueda Bay,29.83913692831993,34.21887871809304,0.039674062281847,0.01831110566854477,16.17481079697609,11.647693,2.7399317408853223,2.041481343632205,1.492472689586554,,2.528857608794943,
2016-08-28,Maqueda Bay,29.946806229650974,34.22803427092731,0.03723258152604103,0.02868739888072014,14.801477804780006,11.210728,3.843351824126118,1.8403239292202929,1.1753613274072854,,2.1836360535642,
2016-08-29,Maqueda Bay,30.056672863662243,34.23718982376158,0.03784295171499252,0.025635547935962677,13.73332992196083,6.235571,0.0,1.3907832245457592,0.9354558216664821,,1.676113233635369,
2016-08-30,Maqueda Bay,30.18265327066183,34.246345376595855,0.031128879636526108,0.03357036039233208,13.428144812583923,3.6946843,0.0,1.2759355914494115,0.9359302313760417,,1.5823959781075565,
2016-08-31,Maqueda Bay,30.265419468283653,34.25550092943013,0.02868739888072014,0.03662221133708954,13.73332992196083,3.5031564,1.1024284135727656,0.7135656640654746,1.2788151107136523,,1.4644261826130986,
2016-09-01,Maqueda Bay,30.55912960320711,34.2646564822644,0.03479110077023506,0.01892147585749626,11.59703415632248,1.6537355,0.0,1.291539382977806,0.5839350167469793,,1.417411048907827,
2016-09-02,Maqueda Bay,30.54594560712576,34.269234258681536,0.030518509447574615,0.017090365290641785,12.665182039141655,1.8385442,0.0,1.9835046417491853,0.46572265029966875,,2.0374465025719597,
2016-09-03,Maqueda Bay,30.52616961300373,34.27381203509867,0.02868739888072014,-0.009765923023223877,14.496292695403099,1.671151,0.0,2.0597987262405235,0.8039951641165345,,2.211148800181674,
2016-09-04,Maqueda Bay,30.57084871083498,34.27686388604343,0.009765923023223877,0.02868739888072014,14.95407035946846,1.7213116,0.0,0.40583589586908436,1.3767814012013175,,1.4353500622042434,
2016-09-05,Maqueda Bay,30.612598031759262,34.281441662460566,0.006714072078466415,0.03906369209289551,14.648885250091553,2.0960271,11.831360885807628,-0.34877448204651884,0.9697525600693628,,1.0305647321191913,
2016-09-06,Maqueda Bay,30.739310882985592,34.27381203509867,-0.02624591812491417,0.03906369209289551,12.359996929764748,1.9400243,0.0,-0.49162957425913567,0.21885321554542603,,0.5381415875406692,
2016-09-07,Maqueda Bay,30.89385661482811,34.24787130206823,-0.03479110077023506,-0.025635547935962677,10.986663937568665,2.03139,15.14614332729404,-0.2497481383205095,-0.5656042561487291,,0.6182898245710643,
2016-09-08,Maqueda Bay,30.66972868144512,34.26160463131964,-0.06469924002885818,-0.009765923023223877,10.528886273503304,1.9596535,20.194858407461513,-0.7071459433341476,-0.45800145136098075,,0.8425085843020866,
2016-09-09,Maqueda Bay,30.768608652055264,34.25244907848537,-0.046388134360313416,-0.020142216235399246,10.528886273503304,0.5954826,17.31168450444891,-0.6328872249170482,0.15560673414870455,,0.6517359090733209,
2016-09-10,Maqueda Bay,30.859431736171246,34.21277501620352,-0.010986663401126862,-0.001831110566854477,10.528886273503304,0.35013106,5.048714601865378,0.180134993297746,0.4827363992323751,,0.5152504701154751,
2016-09-11,Maqueda Bay,30.81694997102022,34.232612047344446,0.028077028691768646,-0.008545182645320892,10.528886273503304,0.88188976,4.713398143809328,1.1518075383737705,0.04128970924748402,,1.1525473723645316,
2016-09-12,Maqueda Bay,30.75835443288088,34.23718982376158,0.009155552834272385,-0.05615405738353729,10.681478828191757,0.8454922,15.174018374968966,2.3186265955594987,-0.24087189956545274,,2.331104579729554,
2016-09-13,Maqueda Bay,30.66093935072422,34.26007870584726,0.010986663401126862,-0.02136295661330223,15.259255468845367,0.9656167,4.713398143809328,2.293435896927843,0.525381329080408,,2.3528437589996316,
2016-09-14,Maqueda Bay,30.682912677526474,34.27533796057105,0.020142216235399246,-0.010986663401126862,16.327403351664543,1.4932142,0.0,2.6961349607067935,0.3736797247589087,,2.7219074677588355,
2016-09-15,Maqueda Bay,30.655812241137028,34.269234258681536,0.025635547935962677,0.009765923023223877,16.327403351664543,1.3759028,4.713398143809328,2.55177809226598,1.2733509721067449,,2.851840481221521,
2016-09-16,Maqueda Bay,30.59501937031746,34.27381203509867,0.025635547935962677,0.03723258152604103,17.242958679795265,1.5804507,0.0,0.9440585684103451,1.8872211697852006,,2.1101777944700326,
2016-09-17,Maqueda Bay,30.65727712959051,34.27991573698819,0.021973326802253723,0.04516739398241043,15.411848023533821,4.5185976,3.998264646017423,0.33585538370166385,1.5256097939202782,,1.562140864988451,
2016-09-18,Maqueda Bay,30.829401522874832,34.2860194388777,0.021973326802253723,0.03723258152604103,13.27555225789547,4.5113716,16.8825570090392,0.4742060696661209,0.9748428050020337,,1.0840617560694699,
2016-09-19,Maqueda Bay,30.811090417206287,34.27991573698819,0.003662221133708954,0.03906369209289551,13.580737367272377,2.4181106,7.996529292034846,0.20092871669305368,0.1840898756482064,,0.2725095071884457,
2016-09-20,Maqueda Bay,30.80449841916561,34.29822684265673,-0.03479110077023506,0.02868739888072014,14.191107586026192,2.4181106,9.853693151986727,-0.8102238447666438,0.09363742154646823,,0.8156167269878135,
2016-09-21,Maqueda Bay,30.71440777927637,34.30127869360149,-0.04028443247079849,0.023194067180156708,13.122959703207016,6.996878,5.743966449790287,-1.2143827998474668,0.28583931820227504,,1.2475695172597454,
2016-09-22,Maqueda Bay,30.80376597493887,34.30127869360149,-0.039674062281847,0.0,10.986663937568665,6.9993033,11.487932899580574,-0.21774476629447653,0.21619075017222392,,0.3068407139032647,
2016-09-23,Maqueda Bay,30.759819321334362,34.27686388604343,-0.02624591812491417,-0.04821924492716789,10.528886273503304,6.172003,0.0,0.8595541589022035,-0.784190560662664,,1.1635240382211696,
2016-09-24,Maqueda Bay,30.66020690649748,34.26313055679202,-0.009155552834272385,-0.048829615116119385,10.986663937568665,3.0739453,11.487932899580574,1.9134418663086301,-0.41589461714046205,,1.9581185123247942,
2016-09-25,Maqueda Bay,30.59135714918375,34.27686388604343,0.03357036039233208,-0.0238044373691082,14.95407035946846,2.45424,0.0,3.244460501828107,1.003496130618273,,3.3961048912082408,
2016-09-26,Maqueda Bay,30.5378887206316,34.29212314076722,0.03723258152604103,0.0158696249127388,19.53184700012207,2.1590917,20.109514122185065,2.3423924554735978,2.446451098432782,,3.387023087090284,
2016-09-27,Maqueda Bay,30.45585496723652,34.2860194388777,0.03357036039233208,0.04516739398241043,17.85332889854908,1.7219788,33.51585660661969,1.1047036818307936,2.1295070166248964,,2.3989936136857843,
2016-09-28,Maqueda Bay,30.352580331265926,34.281441662460566,0.007324442267417908,0.03662221133708954,19.53184700012207,1.7020668,29.855265047509914,0.3573558097873079,1.47672661798119,,1.5193500844252144,
2016-09-29,Maqueda Bay,30.33426922559738,34.26313055679202,0.0048829615116119385,0.016479995101690292,15.869625687599182,1.851778,0.0,0.6914721098425004,0.5418905711263186,,0.8785095729504867,
2016-09-30,Maqueda Bay,30.475630961358547,34.26160463131964,0.015259254723787308,-0.0079348124563694,14.191107586026192,2.0427713,6.70317121511597,2.5013376491269486,-0.5486536823161589,,2.5608027839056664,
2016-10-01,Maqueda Bay,30.442670971155167,34.25092315301299,0.006714072078466415,-0.0317392498254776,14.801477804780006,1.2070297,0.0,2.292155248189505,-0.3936883438394196,,2.325718425321027,
2016-10-02,Maqueda Bay,30.389934986829758,34.244819451123476,0.012817773967981339,-0.01342814415693283,15.717033132910728,1.2317581,35.33141452888922,2.2937145483922112,0.46225467159758077,,2.3398302953248282,
2016-10-03,Maqueda Bay,30.322550117969513,34.244819451123476,0.0158696249127388,-0.008545182645320892,16.937773570418358,1.2585974,19.4880136938139,1.8286551897398509,0.24646836913092726,,1.8451900877537113,
2016-10-04,Maqueda Bay,30.240516364574432,34.234137972816825,0.006714072078466415,-0.011597033590078354,17.548143789172173,1.607972,18.61678584050473,2.3209994278377817,0.2261752981481862,,2.331993484020856,
2016-10-05,Maqueda Bay,30.203894153237343,34.21735279262066,0.009155552834272385,0.0158696249127388,16.022218242287636,2.3824494,10.535994687937372,1.0765118718376965,1.6247307434652742,,1.949006875043986,
2016-10-06,Maqueda Bay,30.17020171880722,34.2143009416759,0.005493331700563431,0.03723258152604103,16.327403351664543,2.6510806,21.194538547146703,-0.722233494595715,1.2407570339635454,,1.435652896088032,
2016-10-07,Maqueda Bay,30.234656810760498,34.20209353789687,-0.027466658502817154,0.025025177747011185,14.648885250091553,2.6724598,7.496144512281988,-0.9782960879401419,0.2978448746467304,,1.0226313143221815,
2016-10-08,Maqueda Bay,30.389934986829758,34.197515761479735,-0.032959990203380585,-0.025635547935962677,13.428144812583923,2.6350236,1.592974038717384,0.19291036723220234,-0.3698545608960434,,0.4171412302821051,
2016-10-09,Maqueda Bay,30.42362742125988,34.20209353789687,-0.025025177747011185,-0.03723258152604103,13.580737367272377,4.031157,6.55912600794146,0.45757292922926934,-0.3517038266863883,,0.5771209295020437,
2016-10-10,Maqueda Bay,30.46903896331787,34.173100953921676,-0.04516739398241043,-0.017090365290641785,12.05481182038784,4.669464,6.55912600794146,0.5509362245084314,-0.4164745303139617,,0.690638659413039,
2016-10-11,Maqueda Bay,30.414105646312237,34.185308357700706,-0.043336283415555954,0.005493331700563431,12.05481182038784,3.2792122,18.13197196280718,-0.27562578640786145,-0.6197398687643919,,0.6782677045747186,
2016-10-12,Maqueda Bay,30.45658741146326,34.19446391053498,-0.016479995101690292,-0.0317392498254776,12.817774593830109,2.0283945,5.761513811835129,0.7486182894550536,-0.7386790366179814,,1.0517015082453194,
2016-10-13,Maqueda Bay,30.32108522951603,34.20667131431401,-0.0158696249127388,-0.032959990203380585,16.022218242287636,2.076088,28.98557293506628,1.7748628324707336,-0.9365582336553111,,2.0068082616716505,
2016-10-14,Maqueda Bay,30.214148372411728,34.18073058128357,0.011597033590078354,-0.028077028691768646,16.479995906352997,0.6915739,59.03269923923568,4.991299743299972,1.2922973736983825,,5.155880684183266,
2016-10-15,Maqueda Bay,30.10867640376091,34.15478984825313,0.02868739888072014,0.009155552834272385,18.463699117302895,2.2173681,29.51634961961784,0.95065721621876,3.038445850693017,,3.1836931903596515,
2016-10-16,Maqueda Bay,30.12479017674923,34.138004668056965,0.0048829615116119385,0.03357036039233208,15.259255468845367,2.1635845,6.633776552666166,0.10350406136113362,0.9046117731547471,,0.9105138938250338,
2016-10-17,Maqueda Bay,30.328409671783447,34.13037504069507,-0.02868739888072014,-0.006714072078466415,13.122959703207016,2.1992738,4.462903614600865,1.1521711194919215,-0.8412128843229454,,1.4265824215032923,
2016-10-18,Maqueda Bay,30.123325288295746,34.12274541333318,0.009155552834272385,-0.05249183624982834,15.411848023533821,2.027313,16.830570428968393,3.8755200135387646,-0.756636838408726,,3.9486902487504207,
2016-10-19,Maqueda Bay,29.956328004598618,34.10443430766463,0.0238044373691082,-0.0048829615116119385,19.53184700012207,1.4831911,13.267553105332333,1.6949183513663402,2.594715419410646,,3.0992412499716377,
2016-10-20,Maqueda Bay,29.884548470377922,34.09375282935798,0.0079348124563694,0.04821924492716789,17.09036612510681,1.5803801,3.1291565301780873,-0.539625684514846,1.432894532012788,,1.5311376878844902,
2016-10-21,Maqueda Bay,29.87502669543028,34.09375282935798,-0.0158696249127388,0.040894802659749985,16.022218242287636,2.4291775,0.0,-1.481425460768735,0.8140958195625487,,1.690376703354337,
2016-10-22,Maqueda Bay,29.93288978934288,34.09527875483036,-0.03784295171499252,0.02685628831386566,14.95407035946846,3.0553038,0.0,-1.553790990665604,0.31504892877314783,,1.5854091806832415,
2016-10-23,Maqueda Bay,30.053010642528534,34.11053800955415,-0.040894802659749985,0.023194067180156708,14.191107586026192,1.2532853,0.0,-1.5031712370017183,-0.1644281959987668,,1.51213769194101,
2016-10-24,Maqueda Bay,30.044953756034374,34.1212194878608,-0.043336283415555954,0.003662221133708954,14.496292695403099,1.4131533,0.0,-1.9228899954776706,-1.1046253915791284,,2.217589499981784,
2016-10-25,Maqueda Bay,29.939481787383556,34.14105651900172,-0.051881466060876846,-0.0030518509447574615,16.022218242287636,0.8695342,0.0,-2.2785669573442635,-0.7012660856029689,,2.3840389052861544,
2016-10-26,Maqueda Bay,29.913846239447594,34.17004910297692,-0.051881466060876846,-0.004272591322660446,15.717033132910728,1.0751113,6.9382307269423045,-2.404747921337174,-1.1415024218774905,,2.6619241807999785,
2016-10-27,Maqueda Bay,29.85451825708151,34.20514538884163,-0.05371257662773132,-0.016479995101690292,16.327403351664543,1.0469224,10.190714272119664,-2.857569620910043,-1.1263681403312176,,3.0715483596878586,
2016-10-28,Maqueda Bay,29.784203611314297,34.24024167470634,-0.051271095871925354,-0.007324442267417908,16.937773570418358,1.1281542,6.9382307269423045,-2.53200258231009,-0.8666998061627929,,2.6762297417874246,
2016-10-29,Maqueda Bay,29.710226744413376,34.27381203509867,-0.03723258152604103,-0.006103701889514923,16.785181015729904,1.0923151,10.15240580621769,-2.6857349134607547,-0.9014600205013408,,2.832984679440453,
2016-10-30,Maqueda Bay,29.65822320431471,34.30280461907387,-0.038453321903944016,-0.01831110566854477,17.09036612510681,1.1426882,32.705635996641284,-2.3213934716245537,-1.5092628681779947,,2.76888823453782,
2016-10-31,Maqueda Bay,29.582781448960304,34.318063873797655,-0.04699850454926491,-0.0238044373691082,18.158514007925987,2.8250294,41.629384557955454,-2.2071333970259372,-1.871604682866049,,2.893845524763438,
2016-11-01,Maqueda Bay,29.492690809071064,34.32569350115955,-0.04272591322660446,-0.032959990203380585,19.53184700012207,4.2651496,41.00216434554937,-1.9298502591195914,-1.7448048432181649,,2.6016659976910024,
2016-11-02,Maqueda Bay,29.4494765996933,34.31348609738052,-0.025025177747011185,-0.03234962001442909,16.17481079697609,6.409218,35.23649651370656,-1.1584236368116414,-1.203094285050312,,1.6701440599674722,
2016-11-03,Maqueda Bay,29.36085084825754,34.28754536435008,-0.012817773967981339,-0.032959990203380585,15.869625687599182,6.409715,69.66053696967855,-0.0652516283011282,-1.178099131511207,,1.1799048006781772,
2016-11-04,Maqueda Bay,29.37183751165867,34.25092315301299,-0.008545182645320892,-0.03479110077023506,14.191107586026192,6.411467,47.41380335255518,-0.35303560244203447,-1.8823045129396607,,1.9151251698060427,
2016-11-05,Maqueda Bay,29.289803758263588,34.269234258681536,-0.019531846046447754,-0.036011841148138046,16.937773570418358,6.4113975,12.778973930991738,-0.04297977016448542,-1.87030902621455,,1.8708027993839997,
2016-11-06,Maqueda Bay,29.226081110537052,34.26160463131964,-0.04272591322660446,-0.03479110077023506,17.09036612510681,6.4113975,0.0,-1.0049774637301196,-2.4435006214704122,,2.6420967033270593,
2016-11-07,Maqueda Bay,29.113284699618816,34.269234258681536,-0.05615405738353729,-0.025635547935962677,19.53184700012207,4.080976,0.0,-1.9633931414307915,-2.8625493122582046,,3.471181526933933,
2016-11-08,Maqueda Bay,28.97558518499136,34.29059721529484,-0.051881466060876846,-0.025635547935962677,19.53184700012207,3.4520931,0.0,-1.8380385602829776,-2.514128133632638,,3.114358043226606,
2016-11-09,Maqueda Bay,28.846675001084805,34.3150120228529,-0.03662221133708954,-0.0238044373691082,19.53184700012207,7.596752,0.0,-1.3383102164062586,-1.9668356322463947,,2.378973862742389,
2016-11-10,Maqueda Bay,28.875972770154476,34.33484905399382,-0.022583696991205215,-0.023194067180156708,16.17481079697609,3.688118,0.0,-0.7191904194025609,-1.3772254760041336,,1.5537003800975413,
2016-11-11,Maqueda Bay,28.851069666445255,34.35010830871761,-0.032959990203380585,-0.004272591322660446,16.479995906352997,1.4842901,0.0,-2.132215738972069,-1.8598691896963697,,2.829391694393344,
2016-11-12,Maqueda Bay,28.82836389541626,34.37299719080329,-0.03479110077023506,-0.004272591322660446,17.39555123448372,1.6234351,0.0,-2.027335122073979,-1.628550634867316,,2.6004355149708003,
2016-11-13,Maqueda Bay,28.834223449230194,34.391308296471834,-0.039674062281847,-0.0238044373691082,16.937773570418358,17.74219,0.0,-1.8837968367345617,-2.0693737357756885,,2.7983920705307486,
2016-11-14,Maqueda Bay,28.90600298345089,34.39893792383373,-0.036011841148138046,0.01037629321217537,14.648885250091553,7.621746,0.0,-1.5374190276352497,-1.1398137691784886,,1.9138528404618234,
2016-11-15,Maqueda Bay,28.97997985035181,34.41724902950227,-0.019531846046447754,0.019531846046447754,14.648885250091553,6.129761,0.0,-1.4017941945536558,-0.2435611185270359,,1.422796184399745,
2016-11-16,Maqueda Bay,28.931638531386852,34.424878656864166,-0.02624591812491417,0.006103701889514923,15.259255468845367,4.233354,19.0688575343236,-2.085576720239353,-0.9624755043947251,,2.2969521876966046,
2016-11-17,Maqueda Bay,28.870113216340542,34.43556013517082,-0.04699850454926491,0.0079348124563694,17.09036612510681,4.2331567,65.66751343570364,-2.6917521516495544,-1.1766087792431241,,2.9376755888460524,
2016-11-18,Maqueda Bay,28.826166562736034,34.45234531536698,-0.05066072568297386,0.04455702379345894,17.39555123448372,4.0592475,46.45280709098195,-3.573701920577435,-0.34395255648493966,,3.5902157007972897,
2016-11-19,Maqueda Bay,28.758049249649048,34.49049345217645,-0.029908139258623123,0.048829615116119385,19.53184700012207,3.034153,41.1446402823687,-3.0787939750241615,0.13404888151779099,,3.081710798125166,
2016-11-20,Maqueda Bay,28.72582170367241,34.51948603615165,-0.031128879636526108,0.019531846046447754,18.31110656261444,3.147622,0.0,-2.7677517838722916,-0.5542068267427955,,2.822692888703369,
2016-11-21,Maqueda Bay,28.749992363154888,34.53779714182019,-0.043946653604507446,0.003662221133708954,16.479995906352997,2.5568054,0.0,-2.9548288224492776,-1.1440029855516511,,3.1685574321650027,
2016-11-22,Maqueda Bay,28.731681257486343,34.54847862012684,-0.04516739398241043,0.0048829615116119385,16.63258846104145,5.80491,31.791239915721793,-2.7877891553065735,-1.2135587005837896,,3.040475800628506,
2016-11-23,Maqueda Bay,28.69286171346903,34.546952694654465,-0.039674062281847,-0.01831110566854477,16.479995906352997,2.5252686,12.813280432271883,-2.4458445104006454,-2.2437209464059884,,3.3191021458216614,
2016-11-24,Maqueda Bay,28.604235962033272,34.52711566351354,-0.05066072568297386,-0.009155552834272385,17.548143789172173,2.5253215,76.4541782900668,-4.0221211946728035,-1.1774996801067419,,4.190938367631724,
2016-11-25,Maqueda Bay,28.547105312347412,34.48896752670407,-0.031128879636526108,0.04028443247079849,15.106662914156914,2.5986958,15.980782605535971,-3.2790260405736653,1.1623962680782496,,3.4789620375627055,
2016-11-26,Maqueda Bay,28.547837756574154,34.511856408789754,-0.010986663401126862,0.039674062281847,17.09036612510681,10.838093,0.0,-2.4596912068844006,1.0297349875548603,,2.6665398886607803,
2016-11-27,Maqueda Bay,28.7133701518178,34.521011961624026,-0.0158696249127388,0.014648884534835815,14.038515031337738,11.369073,0.0,-2.081714444645243,0.4376549720493936,,2.1272228147526553,
2016-11-28,Maqueda Bay,28.66502883285284,34.521011961624026,-0.03906369209289551,0.0024414807558059692,15.411848023533821,5.0997853,0.0,-2.723888630906458,-0.7232386033361792,,2.8182695667620448,
2016-11-29,Maqueda Bay,28.61156040430069,34.524063812568784,-0.05005035549402237,0.020142216235399246,16.785181015729904,4.609096,0.0,-3.4110734557586624,-0.8670128415153233,,3.5195359620174105,
2016-11-30,Maqueda Bay,28.580065302550793,34.52711566351354,-0.048829615116119385,0.010986663401126862,16.937773570418358,3.520757,10.744840126799364,-3.1784100007756844,-1.226166136827137,,3.406724750861518,
2016-12-01,Maqueda Bay,28.567613750696182,34.534745290875435,-0.05066072568297386,0.009155552834272385,16.937773570418358,4.0158343,0.0,-3.48399825767907,-1.1540849752927687,,3.6701711117749407,
2016-12-02,Maqueda Bay,28.528794206678867,34.54084899276495,-0.05005035549402237,0.010986663401126862,16.937773570418358,0.7630761,12.43362378854356,-3.4528470072335002,-1.4301199304480596,,3.7372978836087043,
2016-12-03,Maqueda Bay,28.461409337818623,34.54390084370971,-0.04211554303765297,0.009765923023223877,17.700736343860626,0.7630077,12.43362378854356,-3.086990691306814,-1.5846372187225424,,3.4699548474260635,
2016-12-04,Maqueda Bay,28.47239600121975,34.54847862012684,-0.030518509447574615,0.004272591322660446,16.17481079697609,8.6406355,7.755826216139552,-2.4526844757505515,-0.5973041997560633,,2.5243679297269623,
2016-12-05,Maqueda Bay,28.435041345655918,34.55000454559922,-0.0317392498254776,-0.005493331700563431,16.785181015729904,5.267213,2.0139486075546333,-2.2057101527917387,-1.0531397161064378,,2.4442300505004235,
2016-12-06,Maqueda Bay,28.448957785964012,34.5301675144583,-0.040894802659749985,-0.008545182645320892,14.343700140714645,4.270673,0.0,-1.7098899661015186,-1.0992957198078044,,2.0327751414660726,
2016-12-07,Maqueda Bay,28.389629803597927,34.52711566351354,-0.028077028691768646,0.020142216235399246,17.39555123448372,4.0599265,22.17895485838437,-2.39372015691163,0.41596115575846837,,2.429592532237651,
2016-12-08,Maqueda Bay,28.39548935741186,34.508804557845,-0.012207403779029846,0.021973326802253723,14.95407035946846,9.777535,22.17895485838437,-1.2474251333769792,-0.08381787854825558,,1.250237937412277,
2016-12-09,Maqueda Bay,28.470198668539524,34.47676012292504,0.006103701889514923,0.0317392498254776,12.207404375076294,10.442153,0.0,0.41943451899675827,0.28126747961097276,,0.5050115947310031,
2016-12-10,Maqueda Bay,28.631336398422718,34.403515700250864,0.0317392498254776,0.01342814415693283,10.528886273503304,10.4100895,0.0,1.2007777200971452,0.3919704915390093,,1.2631341968765752,
2016-12-11,Maqueda Bay,28.54271064698696,34.26618240773678,0.020142216235399246,-0.01831110566854477,10.528886273503304,3.6451175,0.0,1.4385977495044968,0.6395783822552412,,1.5743646311854298,
2016-12-12,Maqueda Bay,28.49363688379526,34.244819451123476,-0.032959990203380585,0.0555436871945858,10.528886273503304,1.9512624,37.22766886182278,-0.3873293042304523,1.1849291789265537,,1.2466279112017358,
2016-12-13,Maqueda Bay,28.43577378988266,34.35926386155188,0.001831110566854477,0.04211554303765297,10.681478828191757,3.2890437,12.409222856278426,-0.7729504388516066,0.6313340507990701,,0.998015563315149,
2016-12-14,Maqueda Bay,28.528061762452126,34.41724902950227,-0.02685628831386566,0.003662221133708954,13.73332992196083,3.127474,8.963117324079052,-1.1171722492500995,0.07960343089325823,,1.1200047056617681,
2016-12-15,Maqueda Bay,28.55003508925438,34.44624161347747,-0.05005035549402237,-0.009765923023223877,15.869625687599182,3.5418751,9.007048104398994,-1.9437373398275284,-1.0502099548758363,,2.2093111586103262,
2016-12-16,Maqueda Bay,28.412335574626923,34.44166383706033,-0.06714072078466415,0.0048829615116119385,19.53184700012207,3.4103596,106.32674712665985,-4.177523349750938,-1.292463487918369,,4.372889571589525,
2016-12-17,Maqueda Bay,28.241676069796085,34.450819389894605,-0.06408886983990669,0.014648884534835815,19.53184700012207,0.85409623,26.350421515844197,-4.112362209785611,-1.959508869040787,,4.555348280024514,
2016-12-18,Maqueda Bay,28.11203344166279,34.47828604839742,-0.048829615116119385,0.0238044373691082,19.53184700012207,2.1267798,33.97980544973628,-3.533861478061669,-1.6995511907414085,,3.921307332520462,
2016-12-19,Maqueda Bay,28.06002990156412,34.511856408789754,-0.03662221133708954,0.025025177747011185,19.53184700012207,2.146677,7.808723777853032,-2.8208386060211454,-0.9755133747932904,,2.9847540578111147,
2016-12-20,Maqueda Bay,28.061494790017605,34.53932306729257,-0.036011841148138046,0.017090365290641785,16.937773570418358,2.093479,0.0,-3.159376282547657,-1.3473673384570353,,3.4346844453989434,
2016-12-21,Maqueda Bay,28.064424566924572,34.557634172961116,-0.03662221133708954,0.011597033590078354,16.63258846104145,4.3795457,3.5441692238029794,-3.1501307253473865,-1.3806281426481741,,3.439397862279064,
2016-12-22,Maqueda Bay,28.062227234244347,34.55610824748874,-0.039674062281847,-0.005493331700563431,15.717033132910728,14.928517,0.0,-2.7489616662537486,-1.7958863074717626,,3.2835952661522017,
2016-12-23,Maqueda Bay,27.99850458651781,34.55000454559922,-0.043336283415555954,-0.019531846046447754,17.39555123448372,14.813571,12.865466693579327,-1.8734771781776762,-2.68713370586055,,3.2757601087876442,
2016-12-24,Maqueda Bay,27.93331705033779,34.524063812568784,-0.04211554303765297,-0.05310220643877983,17.700736343860626,14.812752,16.40963580751199,1.2162760689484753,-3.281927365598989,,3.5000535294426967,
2016-12-25,Maqueda Bay,28.04318368434906,34.414197178557515,-0.051271095871925354,0.014648884534835815,10.681478828191757,15.129329,33.22203143071469,1.8928526825311978,1.7191730157785587,,2.557038743536495,
2016-12-26,Maqueda Bay,27.980925925076008,34.46760457009077,-0.007324442267417908,0.056764427572488785,12.512589484453201,3.8458536,0.0,-1.654970972172922,1.0530285612196255,,1.9615805029310576,
2016-12-27,Maqueda Bay,28.035859242081642,34.487441601231694,-0.005493331700563431,0.025635547935962677,13.580737367272377,3.4297295,4.673485636528003,-1.562539510846908,0.31849354554854814,,1.5946685741914461,
2016-12-28,Maqueda Bay,28.095187224447727,34.487441601231694,-0.036011841148138046,0.0079348124563694,13.580737367272377,2.381444,0.0,-2.335547946254156,-0.5354866346480097,,2.396149023983829,
2016-12-29,Maqueda Bay,28.068819232285023,34.49354530312121,-0.05005035549402237,0.01037629321217537,15.869625687599182,2.9911537,0.9125958565742738,-2.6107209975333303,-1.3912847104505466,,2.9582997266157616,
2016-12-30,Maqueda Bay,28.011688582599163,34.50422678142786,-0.06591998040676117,0.0012207403779029846,19.53184700012207,2.8570216,0.0,-3.6623744003683294,-2.7057475237352953,,4.553466362088663,
2016-12-31,Maqueda Bay,27.94869837909937,34.51948603615165,-0.06653035059571266,0.01342814415693283,19.53184700012207,2.6277828,0.0,-4.1853224053804965,-2.7488195187486415,,5.0072879269753905,
2017-01-01,Maqueda Bay,27.854213073849678,34.536271216347814,-0.05798516795039177,0.008545182645320892,19.53184700012207,5.38055,0.0,-4.073237558888237,-2.6719828792457654,,4.871422453259447,
2017-01-02,Maqueda Bay,27.78902553766966,34.546952694654465,-0.051881466060876846,0.006714072078466415,18.158514007925987,6.2071166,55.13527149721957,-4.0352298678636265,-2.1964970944650077,,4.594309477222004,
2017-01-03,Maqueda Bay,27.767784655094147,34.55610824748874,-0.046388134360313416,0.010986663401126862,16.785181015729904,11.453065,0.0,-3.144087418898642,-2.2265006135302605,,3.852608295652096,
2017-01-04,Maqueda Bay,27.741416662931442,34.56373787485063,-0.046388134360313416,0.012207403779029846,16.937773570418358,3.186568,5.454565889091901,-3.7622344633571747,-1.564707318144592,,4.074643192811818,
2017-01-05,Maqueda Bay,27.673299349844456,34.571367502212524,-0.043336283415555954,0.010986663401126862,17.85332889854908,4.5771775,0.0,-3.058390900214,-2.158668160938452,,3.743474739805412,
2017-01-06,Maqueda Bay,27.58027893304825,34.57441935315728,-0.04211554303765297,-0.005493331700563431,19.53184700012207,4.5862017,0.0,-2.914652606979676,-2.4749724917653384,,3.823700910684379,
2017-01-07,Maqueda Bay,27.483596295118332,34.56831565126777,-0.038453321903944016,-0.003662221133708954,19.53184700012207,4.586216,21.921232490129366,-2.5080398795529852,-2.2514010902895722,,3.370322077604042,
2017-01-08,Maqueda Bay,27.394970543682575,34.546952694654465,-0.035401470959186554,-0.004272591322660446,18.005921453237534,4.633713,47.70553908223563,-2.511468391414134,-2.8685853165265827,,3.8126441217695906,
2017-01-09,Maqueda Bay,27.342967003583908,34.511856408789754,-0.031128879636526108,0.014648884534835815,15.259255468845367,4.629308,37.2922869212067,-4.042282152267781,-0.6213754673440833,,4.0897619087129895,
2017-01-10,Maqueda Bay,27.27411724627018,34.521011961624026,-0.04028443247079849,0.04455702379345894,19.53184700012207,4.6215854,40.890459743329814,-3.7901718831448745,-0.5729564651129104,,3.8332338846849203,
2017-01-11,Maqueda Bay,27.275582134723663,34.52864158898592,-0.03784295171499252,0.03234962001442909,16.63258846104145,4.492218,13.616182075301255,-3.2059933848490743,-0.5905051452832794,,3.259921764444977,
2017-01-12,Maqueda Bay,27.255073696374893,34.52711566351354,-0.04211554303765297,0.007324442267417908,17.09036612510681,4.316471,30.297302978562502,-2.5164067628472004,-2.0479226415556986,,3.244424470056222,
2017-01-13,Maqueda Bay,27.26166569441557,34.48286382481456,-0.025025177747011185,-0.017090365290641785,11.139256492257118,2.6278942,18.178381320701398,-0.5958203638976736,-1.195150042017963,,1.3354345843098026,
2017-01-14,Maqueda Bay,27.35175633430481,34.43556013517082,-0.021973326802253723,-0.036011841148138046,10.528886273503304,2.3969183,27.138944810436612,0.16553382609796596,-1.097399920113676,,1.1098144134260168,
2017-01-15,Maqueda Bay,27.31879634410143,34.43250828422606,-0.038453321903944016,-0.024414807558059692,12.359996929764748,2.0041711,36.356762641402796,-1.1867451931794433,-1.856413435384718,,2.203323625029107,
2017-01-16,Maqueda Bay,27.222846150398254,34.41114532761276,-0.059205908328294754,-0.019531846046447754,16.327403351664543,2.4047964,47.19009479106663,-3.080253233758822,-3.3345182642136306,,4.539490283991801,
2017-01-17,Maqueda Bay,27.088076412677765,34.40961940214038,-0.059205908328294754,0.02136295661330223,19.53184700012207,2.423454,9.044437590099516,-4.579519114337052,-2.8104908520654126,,5.373160536232078,
2017-01-18,Maqueda Bay,26.974547557532787,34.44624161347747,-0.039674062281847,0.023194067180156708,19.53184700012207,2.375046,9.044437590099516,-3.671751707153878,-2.3627325994255295,,4.366264528790661,
2017-01-19,Maqueda Bay,26.965758226811886,34.45997494272888,-0.03479110077023506,0.012817773967981339,17.700736343860626,2.4814565,13.552541574574834,-2.7887611958927323,-1.9799618766405929,,3.4201517569644775,
2017-01-20,Maqueda Bay,26.977477334439754,34.449293464422226,-0.03784295171499252,-0.0012207403779029846,16.479995906352997,2.501807,0.0,-2.58808526276164,-1.9807022200627327,,3.2590438186507136,
2017-01-21,Maqueda Bay,26.97528000175953,34.44166383706033,-0.04211554303765297,0.01831110566854477,17.39555123448372,1.9322675,39.67437970912951,-2.886894518564607,-1.3130691937817665,,3.1714839852941195,
2017-01-22,Maqueda Bay,26.978942222893238,34.44318976253271,-0.046388134360313416,0.02624591812491417,17.700736343860626,1.9382638,0.0,-3.8889545729056825,-0.8319229641752989,,3.9769414741037155,
2017-01-23,Maqueda Bay,26.96722311526537,34.461500868201256,-0.054322946816682816,0.03357036039233208,19.53184700012207,3.369952,0.0,-5.020178091170687,-2.046116910255862,,5.421142174625671,
2017-01-24,Maqueda Bay,26.920346684753895,34.485915675759315,-0.046388134360313416,0.02624591812491417,19.53184700012207,4.589479,0.0,-5.131295852402799,-2.4213784012031927,,5.6739113922143245,
2017-01-25,Maqueda Bay,26.850032038986683,34.50575270690024,-0.03723258152604103,0.010986663401126862,19.53184700012207,4.048081,0.0,-4.2734182945498125,-2.5418933059682005,,4.972255574597808,
2017-01-26,Maqueda Bay,26.79143650084734,34.51643418520689,-0.03662221133708954,-0.006103701889514923,19.53184700012207,11.398575,0.0,-3.8549093520115743,-2.3645930910386106,,4.5223474654667815,
2017-01-27,Maqueda Bay,26.736503183841705,34.51338233426213,-0.036011841148138046,-0.009765923023223877,19.53184700012207,11.398575,0.0,-3.4721243518774014,-2.788790630656522,,4.453425725948247,
2017-01-28,Maqueda Bay,26.674977868795395,34.50727863237262,-0.03418073058128357,-0.0012207403779029846,19.53184700012207,10.802159,16.85327574148339,-3.7985538133320498,-2.3810648372299505,,4.483132925965094,
2017-01-29,Maqueda Bay,26.69328897446394,34.49354530312121,-0.029908139258623123,0.027466658502817154,16.17481079697609,4.1637464,0.0,-1.9016125793699152,-0.3834225910396029,,1.9398822864641618,
2017-01-30,Maqueda Bay,26.82073426991701,34.424878656864166,-0.031128879636526108,0.02929776906967163,10.528886273503304,1.5982996,0.0,-1.4090058952451736,0.08924196015865667,,1.411829217819426,
2017-01-31,Maqueda Bay,26.880794696509838,34.43250828422606,-0.04211554303765297,0.027466658502817154,11.902219265699387,1.5719185,1.055560369096044,-2.61979938188432,-0.1742705014048419,,2.6255892689035276,
2017-02-01,Maqueda Bay,26.874935142695904,34.45539716631174,-0.043946653604507446,0.014648884534835815,15.564440578222275,2.108228,0.0,-2.616371440141633,-1.1743992953752833,,2.8678586467548857,
2017-02-02,Maqueda Bay,26.831720933318138,34.4584490172565,-0.05249183624982834,-0.011597033590078354,17.548143789172173,2.0579197,3.3782218370569463,-3.5202507871248194,-3.2601716433822006,,4.798008414807785,
2017-02-03,Maqueda Bay,26.757011622190475,34.463026793673635,-0.043946653604507446,-0.024414807558059692,19.53184700012207,2.073564,0.0,-3.2465627912111494,-3.355696227292983,,4.669139870162929,
2017-02-04,Maqueda Bay,26.696218751370907,34.46760457009077,-0.04028443247079849,-0.05066072568297386,19.53184700012207,1.9212874,22.201038495369954,-1.8314802638395133,-3.4287097742670207,,3.8872060239956228,
2017-02-05,Maqueda Bay,26.698416084051132,34.461500868201256,-0.025635547935962677,-0.07080294191837311,16.327403351664543,1.8743197,5.436334513299475,0.007733287595640587,-3.1434204509762775,,3.1434299634878045,
2017-02-06,Maqueda Bay,26.718924522399902,34.45234531536698,-0.021973326802253723,-0.08850367739796638,16.022218242287636,1.3759756,0.0,0.23034469250120523,-3.7393596763717847,,3.7464475795930703,
2017-02-07,Maqueda Bay,26.7592089548707,34.449293464422226,-0.02868739888072014,-0.08117923513054848,15.717033132910728,1.3900293,0.0,-0.28189388851480096,-3.1286378147298626,,3.141311627352442,
2017-02-08,Maqueda Bay,26.819269381463528,34.440137911587954,-0.02685628831386566,-0.07629627361893654,14.496292695403099,1.8593167,0.0,0.16692177319518564,-3.3481388297411203,,3.3522971976820406,
2017-02-09,Maqueda Bay,26.83245337754488,34.44318976253271,-0.027466658502817154,-0.09216589853167534,16.479995906352997,2.252372,0.0,-0.7649292611324585,-3.678164346194059,,3.756861686587599,
2017-02-10,Maqueda Bay,26.776055172085762,34.45387124083936,-0.03906369209289551,-0.07995849475264549,18.61629167199135,2.018686,0.0,-2.0459457480906087,-3.3182631109653395,,3.8983027175584266,
2017-02-11,Maqueda Bay,26.630298770964146,34.46913049556315,-0.04211554303765297,-0.06469924002885818,19.53184700012207,2.2460337,0.0,-3.7443948848493696,-3.7668792269714397,,5.311296655645877,
2017-02-12,Maqueda Bay,26.42741172015667,34.48896752670407,-0.04150517284870148,-0.05798516795039177,19.53184700012207,2.2460444,0.0,-3.4685408389718306,-3.686537445219793,,5.06175205700784,
2017-02-13,Maqueda Bay,26.209143340587616,34.510330483317375,-0.04028443247079849,-0.06042664870619774,19.53184700012207,2.1397598,0.0,-2.803081235309503,-3.9548786873856887,,4.847507590884391,
2017-02-14,Maqueda Bay,25.98648029565811,34.53169343993068,-0.04150517284870148,-0.06958220154047012,19.53184700012207,2.013549,0.0,-3.2767808671631555,-4.0785949782261595,,5.231847651434259,
2017-02-15,Maqueda Bay,25.843653671443462,34.54237491823733,-0.04150517284870148,-0.06286812946200371,19.53184700012207,0.6659584,0.0,-3.9289958878573037,-3.8695286739227877,,5.514549922261131,
2017-02-16,Maqueda Bay,25.795312352478504,34.53932306729257,-0.036011841148138046,-0.03234962001442909,19.53184700012207,0.85738295,19.802365746915612,-3.282239682980031,-2.703329271515197,,4.25218608327055,
2017-02-17,Maqueda Bay,25.869289219379425,34.522537887096405,-0.030518509447574615,0.0048829615116119385,15.564440578222275,1.1777681,13.846040006423692,-3.0842268297924393,-0.5597000719940772,,3.1346003426596023,
2017-02-18,Maqueda Bay,26.004791401326656,34.48438975028694,-0.038453321903944016,0.012817773967981339,11.139256492257118,1.7909795,3.034393888464721,-3.2045748696688765,-0.39911358173804456,,3.229333018819996,
2017-02-19,Maqueda Bay,26.017242953181267,34.487441601231694,-0.03418073058128357,0.008545182645320892,15.259255468845367,1.7743765,14.738820037900393,-3.05258095345502,-0.783262891617003,,3.151468107847609,
2017-02-20,Maqueda Bay,26.113925591111183,34.49201937764883,-0.030518509447574615,0.012817773967981339,15.259255468845367,1.2280244,20.079077915478774,-2.752518355299202,-0.38950464706038274,,2.7799408566263883,
2017-02-21,Maqueda Bay,26.220862448215485,34.49354530312121,-0.038453321903944016,0.0048829615116119385,14.801477804780006,1.2371926,0.0,-3.44059069664938,-1.4644323066020515,,3.739281524904226,
2017-02-22,Maqueda Bay,26.289712205529213,34.48286382481456,-0.039674062281847,0.01342814415693283,14.038515031337738,0.8016221,0.0,-3.5157510181761222,-1.002432996016382,,3.6558688616126287,
2017-02-23,Maqueda Bay,26.349040187895298,34.47676012292504,-0.03662221133708954,0.015259254723787308,13.885922476649284,0.86357903,52.57596482073289,-2.38309407528736,-0.22810042134139807,,2.393985625246284,
2017-02-24,Maqueda Bay,26.477950371801853,34.47218234650791,-0.038453321903944016,-0.0024414807558059692,12.665182039141655,2.0175653,0.0,-2.6410638771805104,-1.041300221580126,,2.8389301778681646,
2017-02-25,Maqueda Bay,26.503585919737816,34.47828604839742,-0.04577776417136192,-0.008545182645320892,14.343700140714645,2.486208,0.0,-3.2749690423000426,-1.3565308290801728,,3.5447987415745623,
2017-02-26,Maqueda Bay,26.56218145787716,34.47828604839742,-0.043946653604507446,-0.011597033590078354,14.191107586026192,1.7721263,0.0,-2.927167985413089,-1.8023240820264161,,3.437540474158768,
2017-02-27,Maqueda Bay,26.56218145787716,34.4798119738698,-0.046388134360313416,-0.016479995101690292,15.411848023533821,2.7342682,0.0,-2.85448348045241,-1.976101809802893,,3.4717508987371164,
2017-02-28,Maqueda Bay,26.592944115400314,34.48133789934218,-0.0476088747382164,0.0,15.717033132910728,3.5678833,0.0,-3.294198097048278,-1.8487534876463163,,3.777516454058263,
2017-03-01,Maqueda Bay,26.617114774882793,34.47676012292504,-0.04455702379345894,0.0,14.95407035946846,3.263869,0.0,-2.7511494167534987,-1.46513292848368,,3.116959674334957,
2017-03-02,Maqueda Bay,26.653736986219883,34.473708271980286,-0.0476088747382164,-0.017700735479593277,14.801477804780006,2.406777,0.0,-2.4522271627851797,-1.9078960459504988,,3.107005854525382,
2017-03-03,Maqueda Bay,26.617847219109535,34.47676012292504,-0.05066072568297386,-0.0024414807558059692,16.785181015729904,2.3442116,0.0,-3.49961005886112,-1.4730939472612037,,3.797008867719369,
2017-03-04,Maqueda Bay,26.610522776842117,34.47828604839742,-0.04699850454926491,-0.007324442267417908,16.479995906352997,2.4755871,0.0,-3.187998414647616,-2.08947582761271,,3.8117244294378803,
2017-03-05,Maqueda Bay,26.614917442202568,34.47828604839742,-0.046388134360313416,-0.02136295661330223,16.327403351664543,2.436597,0.0,-2.6306706778413784,-2.8800962567667185,,3.900690024020889,
2017-03-06,Maqueda Bay,26.642017878592014,34.46760457009077,-0.0476088747382164,-0.014648884534835815,14.648885250091553,2.6936867,26.086145635390974,-2.616324324544617,-2.1688645802346214,,3.398400585363672,
2017-03-07,Maqueda Bay,26.642017878592014,34.45539716631174,-0.0476088747382164,-0.021973326802253723,14.95407035946846,2.6946723,29.6628177015829,-2.2441472210581987,-2.2053539575423073,,3.146392033398056,
2017-03-08,Maqueda Bay,26.642750322818756,34.44776753894985,-0.04943998530507088,-0.02868739888072014,16.022218242287636,2.8252287,10.215323975558654,-2.907626079942828,-2.4667790266009093,,3.813041854850511,
2017-03-09,Maqueda Bay,26.637623213231564,34.44776753894985,-0.051881466060876846,-0.014038514345884323,16.937773570418358,4.785559,15.796683951640093,-3.0136005092907507,-2.4088225219304578,,3.8580064763757047,
2017-03-10,Maqueda Bay,26.67717520147562,34.44624161347747,-0.04516739398241043,-0.0012207403779029846,15.411848023533821,4.7876644,20.123116116736156,-2.774920769631153,-2.473224593197882,,3.7171259282043674,
2017-03-11,Maqueda Bay,26.740897849202156,34.43403420969844,-0.04516739398241043,0.0048829615116119385,12.817774593830109,4.816014,64.92816394155474,-2.26135187886489,-1.0509753773626684,,2.49364423362042,
2017-03-12,Maqueda Bay,26.80388805270195,34.42182680591941,-0.04150517284870148,0.01342814415693283,10.83407138288021,4.8414392,10.739979100849952,-1.5106475160571298,-0.09552679085669358,,1.513664852449496,
2017-03-13,Maqueda Bay,26.99139377474785,34.39893792383373,-0.009155552834272385,0.04211554303765297,10.528886273503304,4.8414497,4.67605239235311,-0.5621414819596564,0.5329059945014305,,0.7745914050099946,
2017-03-14,Maqueda Bay,27.29462568461895,34.377574967220426,-0.020142216235399246,-0.024414807558059692,10.528886273503304,4.0770507,0.0,-0.7063608665957037,-0.40926452981740663,,0.8163596812830093,
2017-03-15,Maqueda Bay,27.06903286278248,34.40504162572324,-0.06714072078466415,-0.032959990203380585,10.83407138288021,3.7398176,8.84465720942859,-2.256956265624737,-1.5755024875735772,,2.7524642910114725,
2017-03-16,Maqueda Bay,26.96282844990492,34.427930507808924,-0.07202368229627609,0.001831110566854477,15.411848023533821,1.7984982,0.0,-2.9800659013445725,-1.7260268468455795,,3.443829474928794,
2017-03-17,Maqueda Bay,26.95110934227705,34.437086060643196,-0.062257759273052216,0.006103701889514923,16.327403351664543,2.0870228,0.0,-3.33686209260019,-2.256079289522163,,4.0279700080366725,
2017-03-18,Maqueda Bay,26.86468092352152,34.44776753894985,-0.054322946816682816,0.01892147585749626,17.39555123448372,1.7738425,0.0,-3.6217840290469514,-1.6437408779127645,,3.9773362476387377,
2017-03-19,Maqueda Bay,26.833918265998363,34.45234531536698,-0.046388134360313416,0.0048829615116119385,16.327403351664543,3.7083209,0.0,-2.7877948981056706,-2.113837095570513,,3.4985865232282007,
2017-03-20,Maqueda Bay,26.855159148573875,34.449293464422226,-0.04028443247079849,0.009765923023223877,14.95407035946846,3.7083209,57.252259449292254,-3.015787656434496,-0.5856697781210541,,3.0721302507717727,
2017-03-21,Maqueda Bay,27.123966179788113,34.43250828422606,-0.03357036039233208,0.03234962001442909,10.528886273503304,1.5919737,0.0,-1.5317159696161977,0.6852954490025622,,1.6780296969961266,
2017-03-22,Maqueda Bay,27.244087032973766,34.438611986115575,-0.04272591322660446,0.009155552834272385,10.528886273503304,1.2268997,0.0,-1.600810273088431,0.005646242423080814,,1.60082023053151,
2017-03-23,Maqueda Bay,27.378124326467514,34.44318976253271,-0.043336283415555954,0.03479110077023506,10.528886273503304,3.1125495,0.0,-2.0246918006074623,0.29019673432972004,,2.0453828570863504,
2017-03-24,Maqueda Bay,27.386913657188416,34.43403420969844,-0.051271095871925354,0.005493331700563431,10.528886273503304,3.1416314,0.0,-2.6761131018558952,-0.6079563555311593,,2.74430178080974,
2017-03-25,Maqueda Bay,27.4865260720253,34.426404582336545,-0.06530961021780968,-0.0012207403779029846,10.528886273503304,3.1381073,0.0,-2.334619720385051,-0.6818744100897973,,2.432159935108315,
2017-03-26,Maqueda Bay,27.4462416395545,34.41114532761276,-0.07690664380788803,-0.01831110566854477,10.528886273503304,1.9980112,0.0,-2.4080472351890503,-1.161515385280671,,2.673538755497166,
2017-03-27,Maqueda Bay,27.23383281379938,34.42030088044703,-0.09582811966538429,-0.0030518509447574615,13.580737367272377,1.8928,0.0,-3.882112952488209,-2.610347689123607,,4.6781103058809625,
2017-03-28,Maqueda Bay,27.08221685886383,34.42182680591941,-0.07995849475264549,0.020142216235399246,16.937773570418358,1.8645779,31.107498409195063,-3.914783688774052,-1.6624336182415844,,4.25314199915206,
2017-03-29,Maqueda Bay,27.03241065144539,34.42335273139179,-0.059205908328294754,0.0048829615116119385,15.106662914156914,1.8635241,0.0,-3.6966624912269306,-1.8298637871973016,,4.124768484865562,
2017-03-30,Maqueda Bay,26.95916622877121,34.427930507808924,-0.05249183624982834,0.005493331700563431,15.717033132910728,1.7336007,19.962175430790065,-3.0627617251909487,-1.4895199918968534,,3.405756772224793,
2017-03-31,Maqueda Bay,27.002380438148975,34.42182680591941,-0.038453321903944016,0.0006103701889514923,12.665182039141655,1.6607366,45.20739826372325,-2.0800491906098735,-0.8425096204650251,,2.244198542004007,
2017-04-01,Maqueda Bay,27.08587907999754,34.38367866910994,-0.03662221133708954,-0.05005035549402237,10.528886273503304,0.7189829,28.131793882074074,-1.9311386028898558,-1.4947873405435792,,2.442065825693634,
2017-04-02,Maqueda Bay,26.97161778062582,34.39741199836135,-0.06469924002885818,-0.035401470959186554,14.496292695403099,1.2742518,0.0,-3.1228541144975583,-2.2925943104193682,,3.874042654979626,
2017-04-03,Maqueda Bay,26.917416907846928,34.403515700250864,-0.07202368229627609,-0.029908139258623123,17.39555123448372,1.295283,0.0,-3.8121052972991816,-3.403982367629598,,5.1106988520974,
2017-04-04,Maqueda Bay,26.838312931358814,34.40046384930611,-0.05798516795039177,-0.01892147585749626,18.158514007925987,1.3329579,0.0,-3.5167567938292614,-2.296771895624701,,4.200326116800427,
2017-04-05,Maqueda Bay,26.855891592800617,34.39893792383373,-0.05310220643877983,-0.0079348124563694,15.564440578222275,1.3452169,0.0,-3.477780791214234,-1.5217277177753168,,3.7961315149483923,
2017-04-06,Maqueda Bay,26.896176025271416,34.39741199836135,-0.051881466060876846,0.0006103701889514923,14.496292695403099,1.3406776,33.084074626869864,-3.2985008096635493,-1.2717740802447106,,3.535182725480165,
2017-04-07,Maqueda Bay,26.95037689805031,34.40504162572324,-0.04577776417136192,0.011597033590078354,14.343700140714645,1.3661877,0.0,-2.7625082583029115,-0.5984644971574284,,2.8265901067451713,
2017-04-08,Maqueda Bay,27.104190185666084,34.412671253085136,-0.03784295171499252,0.01037629321217537,12.970367148518562,1.3103496,0.0,-2.5111912856306824,0.04394850365553233,,2.511575828837553,
2017-04-09,Maqueda Bay,27.358348332345486,34.41114532761276,-0.043946653604507446,-0.01892147585749626,10.681478828191757,3.115468,0.0,-2.0207882290671204,-0.7429822269891732,,2.153046134284637,
2017-04-10,Maqueda Bay,27.611774034798145,34.414197178557515,-0.051271095871925354,-0.032959990203380585,10.528886273503304,1.9396592,0.0,-1.215433639341318,-0.42286849043529523,,1.2868942038277686,
2017-04-11,Maqueda Bay,27.69966734200716,34.408093476668,-0.05859553813934326,-0.012817773967981339,10.528886273503304,2.642241,0.0,-1.6884108451195587,-0.32173605680222495,,1.7187918059392728,
2017-04-12,Maqueda Bay,27.615436255931854,34.39741199836135,-0.059205908328294754,-0.0030518509447574615,11.139256492257118,2.8161094,0.0,-2.4834540175916002,-0.8258216784517336,,2.617159777715663,
2017-04-13,Maqueda Bay,27.619098477065563,34.3867305200547,-0.06653035059571266,-0.022583696991205215,12.359996929764748,1.9166023,0.0,-2.675291297685177,-2.0436456044028577,,3.366551779471862,
2017-04-14,Maqueda Bay,27.55610827356577,34.36078978702426,-0.07202368229627609,-0.0012207403779029846,11.444441601634026,0.93789864,0.0,-2.740873027871988,-2.3894491040435066,,3.6361864605284584,
2017-04-15,Maqueda Bay,27.506302066147327,34.33484905399382,-0.038453321903944016,0.04211554303765297,12.970367148518562,0.83711857,1.6839746044528097,-3.1665244266233725,1.3580520605265411,,3.4454582196716395,
2017-04-16,Maqueda Bay,27.48213140666485,34.330271277576685,-0.017090365290641785,0.02868739888072014,13.428144812583923,0.7271552,36.50356410505585,-2.143992686128448,0.9461699788780907,,2.343489335820081,
2017-04-17,Maqueda Bay,27.72017578035593,34.32721942663193,-0.031128879636526108,0.008545182645320892,11.444441601634026,2.9200943,0.0,-2.218169332645005,0.42181436528860133,,2.257919960284379,
2017-04-18,Maqueda Bay,28.09591966867447,34.32111572474241,-0.03723258152604103,0.004272591322660446,10.528886273503304,2.120178,0.0,-1.0599523250524059,0.45506100236835845,,1.1535074543584434,
2017-04-19,Maqueda Bay,28.162572093307972,34.30127869360149,-0.03479110077023506,0.03479110077023506,10.528886273503304,2.2814643,0.0,-1.5862100802891435,0.6874371772853883,,1.7287661182256533,
2017-04-20,Maqueda Bay,28.163304537534714,34.29670091718435,-0.025025177747011185,0.031128879636526108,10.528886273503304,1.9525256,0.0,-1.4661101514515142,0.49306937227656655,,1.5468019854093766,
2017-04-21,Maqueda Bay,28.229224517941475,34.29670091718435,-0.01892147585749626,0.03357036039233208,11.444441601634026,6.5706635,0.0,-1.3136330230239026,0.538358445328595,,1.4196695160619386,
2017-04-22,Maqueda Bay,28.5346537604928,34.2860194388777,-0.016479995101690292,0.012207403779029846,10.528886273503304,3.3574178,26.341025230888214,-0.8061465700372846,0.5274466748925599,,0.9633650851251028,
2017-04-23,Maqueda Bay,28.657704390585423,34.270760184153914,-0.05493331700563431,-0.0158696249127388,10.528886273503304,4.9282126,0.0,-1.0760828731795846,-0.10917084754546943,,1.081606501415476,
2017-04-24,Maqueda Bay,28.55882441997528,34.27228610962629,-0.06530961021780968,-0.0006103701889514923,10.528886273503304,3.565519,0.0,-1.6856919227780822,-0.40435786519098693,,1.7335116214381374,
2017-04-25,Maqueda Bay,28.567613750696182,34.27838981151581,-0.06286812946200371,-0.0238044373691082,10.681478828191757,4.603083,0.0,-1.950937810268962,-1.1116616961286678,,2.2454287043183356,
2017-04-26,Maqueda Bay,28.671620830893517,34.27228610962629,-0.059816278517246246,-0.051271095871925354,10.528886273503304,4.0415854,4.893861576159429,-0.8353416240095053,-1.201317440202876,,1.4632017020692767,
2017-04-27,Maqueda Bay,28.94701986014843,34.26313055679202,-0.036011841148138046,-0.07507553324103355,10.528886273503304,3.7557542,4.893861576159429,-0.03909675423471778,-0.7093001841607041,,0.7103768770463313,
2017-04-28,Maqueda Bay,29.32789085805416,34.26313055679202,-0.04577776417136192,-0.036011841148138046,10.528886273503304,7.1591644,1.9807743037351266,-0.34371905784602613,-0.13493434465162527,,0.36925610095585887,
2017-04-29,Maqueda Bay,29.32276374846697,34.26007870584726,-0.04699850454926491,0.043336283415555954,10.528886273503304,4.501987,4.893861576159429,-0.9456705099652983,0.28342737935911594,,0.9872303646000783,
2017-04-30,Maqueda Bay,29.26270332187414,34.26618240773678,-0.02136295661330223,0.05249183624982834,10.528886273503304,5.6800866,0.0,-1.0186977323782653,0.576239065546764,,1.1703830700308457,
2017-05-01,Maqueda Bay,29.29053620249033,34.26618240773678,-0.0317392498254776,0.024414807558059692,10.528886273503304,4.2752137,0.0,-1.4006219972197351,-0.07644143937383396,,1.4027064100335975,
2017-05-02,Maqueda Bay,29.01220739632845,34.2432935256511,-0.06714072078466415,0.031128879636526108,10.528886273503304,1.1025372,0.0,-1.9146416156210626,-0.10937157312812791,,1.9177629304156847,
2017-05-03,Maqueda Bay,28.929441198706627,34.21887871809304,-0.054322946816682816,0.040894802659749985,10.528886273503304,0.8876503,25.273434212680236,-1.7126748859916132,0.10489313021195823,,1.715883980306375,
2017-05-04,Maqueda Bay,28.854731887578964,34.232612047344446,-0.0634784996509552,0.02929776906967163,10.528886273503304,2.1612647,0.0,-2.2773629480055178,0.19654039294625392,,2.2858281044312694,
2017-05-05,Maqueda Bay,28.784417241811752,34.235663898289204,-0.06408886983990669,0.04455702379345894,10.528886273503304,2.160721,0.0,-2.571839145909872,-0.024882734179915603,,2.5719595142409784,
2017-05-06,Maqueda Bay,28.68480482697487,34.23108612187207,-0.06775109097361565,0.009155552834272385,10.528886273503304,2.156303,0.0,-2.80014488689756,-0.8002187877667135,,2.9122433785508686,
2017-05-07,Maqueda Bay,28.670888386666775,34.22803427092731,-0.07751701399683952,0.016479995101690292,10.528886273503304,0.7174875,0.0,-2.527330445686625,-0.3275327052873345,,2.5484655882957092,
2017-05-08,Maqueda Bay,28.64818261563778,34.22650834545493,-0.051881466060876846,0.028077028691768646,10.528886273503304,0.83954144,0.0,-2.25680537798312,0.16538573874646842,,2.262857255037146,
2017-05-09,Maqueda Bay,28.736808367073536,34.21582686714828,-0.05859553813934326,0.0079348124563694,10.528886273503304,2.9208462,0.0,-2.4742596411156463,0.04602805385645806,,2.4746877284610154,
2017-05-10,Maqueda Bay,28.610095515847206,34.244819451123476,-0.08362071588635445,0.030518509447574615,10.528886273503304,2.8296883,0.0,-3.248212127232651,-0.5102701401421371,,3.2880476942133825,
2017-05-11,Maqueda Bay,28.435041345655918,34.27686388604343,-0.06714072078466415,0.032959990203380585,10.528886273503304,1.6485367,13.84630610353203,-3.5733113540187658,-0.09658710706346127,,3.574616497193834,
2017-05-12,Maqueda Bay,28.35374003648758,34.2860194388777,-0.05737479776144028,0.021973326802253723,10.528886273503304,0.866121,1.6119622554280972,-2.8190494043600336,-0.048356051362859254,,2.8194641072242907,
2017-05-13,Maqueda Bay,28.401348911225796,34.27686388604343,-0.04516739398241043,0.009155552834272385,10.528886273503304,1.3569866,0.0,-2.321810982955039,-0.08359021303078952,,2.3233152098424306,
2017-05-14,Maqueda Bay,28.43137912452221,34.25092315301299,-0.04272591322660446,0.023194067180156708,10.528886273503304,1.4459753,0.0,-2.4304462963797318,0.028415065888278693,,2.430612395170277,
2017-05-15,Maqueda Bay,28.372051142156124,34.23718982376158,-0.006714072078466415,0.04211554303765297,10.528886273503304,4.8241496,16.340830347321916,-1.7563183406279443,0.9298868524262145,,1.9872955673329593,
2017-05-16,Maqueda Bay,28.486312441527843,34.24176760017872,0.02685628831386566,0.038453321903944016,10.528886273503304,4.8241477,14.851008923555478,-1.161346689341196,1.3818148406173694,,1.8050314087555823,
2017-05-17,Maqueda Bay,28.801263459026814,34.23108612187207,0.016479995101690292,0.051881466060876846,10.528886273503304,3.7728164,6.444292967953072,-0.9253717448643027,1.303103888614451,,1.59824673023764,
2017-05-18,Maqueda Bay,28.949217192828655,34.20361946336925,-0.022583696991205215,0.051271095871925354,10.528886273503304,0.73259395,0.0,-1.5972990541653773,0.43858399653831975,,1.6564178791769708,
2017-05-19,Maqueda Bay,28.985106959939003,34.19598983600736,-0.03357036039233208,0.05005035549402237,10.528886273503304,1.4264317,8.493540867865542,-1.2953263226245029,0.5391855812607795,,1.4030649924801923,
2017-05-20,Maqueda Bay,29.168950460851192,34.17767873033881,0.03479110077023506,0.051881466060876846,10.528886273503304,5.206775,12.678861579953617,-0.21602910005166714,1.1142195630178937,,1.1349686368710454,
2017-05-21,Maqueda Bay,29.2531815469265,34.1715750284493,0.04821924492716789,0.048829615116119385,10.528886273503304,1.9536706,10.574342636835006,0.59261333803248,1.1234448091332288,,1.2701648741727962,
2017-05-22,Maqueda Bay,29.5073396936059,34.148686146363616,0.06164738908410072,0.0238044373691082,10.528886273503304,1.1540021,24.45618671938754,1.1684317782826938,0.8397683539682949,,1.438903648208412,
2017-05-23,Maqueda Bay,29.828882709145546,34.12274541333318,0.04150517284870148,0.017090365290641785,10.528886273503304,5.6933236,12.425904262267315,0.6509483912006523,0.621139283800671,,0.8997487526454971,
2017-05-24,Maqueda Bay,29.837672039866447,34.08154542557895,0.054322946816682816,0.017700735479593277,10.528886273503304,1.601271,31.537254972208842,0.5816351996383659,0.8246665742274898,,1.0091454127659034,
2017-05-25,Maqueda Bay,29.935087122023106,34.06018246896565,0.03784295171499252,0.0158696249127388,10.528886273503304,1.7334462,1.6877081881287275,0.5237732601587322,0.562056996716159,,0.7682750130095963,
2017-05-26,Maqueda Bay,30.00173954665661,34.04644913971424,-0.01037629321217537,0.04699850454926491,10.528886273503304,1.7033232,14.994835248557468,-0.6076286695960913,0.9944858671139931,,1.165424703704442,
2017-05-27,Maqueda Bay,30.029572427272797,34.052552841603756,-0.025635547935962677,0.05249183624982834,10.528886273503304,3.090751,0.0,-1.6726204252669994,1.0752706718082723,,1.9884330777452308,
2017-05-28,Maqueda Bay,29.934354677796364,34.06933802179992,-0.020142216235399246,0.04455702379345894,10.528886273503304,3.2090454,0.0,-1.3530623189421802,0.9630740086372702,,1.6608097979762315,
2017-05-29,Maqueda Bay,30.080843523144722,34.08154542557895,-0.05493331700563431,0.02136295661330223,10.528886273503304,3.3376331,0.0,-1.7912662546745193,0.7269684641482567,,1.933162678876704,
2017-05-30,Maqueda Bay,29.995147548615932,34.11664171144366,-0.03418073058128357,0.028077028691768646,10.528886273503304,5.647808,0.0,-1.5045165447073838,0.7956633140721128,,1.7019548004158227,
2017-05-31,Maqueda Bay,30.15335550159216,34.124271338805556,-0.008545182645320892,0.031128879636526108,10.528886273503304,5.0314765,11.246125405834565,-1.0072668069724684,1.1645025824738455,,1.5396923994800933,
2017-06-01,Maqueda Bay,30.11307106912136,34.148686146363616,0.03418073058128357,0.03662221133708954,10.528886273503304,12.023572,0.0,-0.001980248997841922,1.4670234128729789,,1.4670247493834505,
2017-06-02,Maqueda Bay,30.217810593545437,34.11816763691604,0.03357036039233208,0.01892147585749626,10.528886273503304,10.747325,13.547750241562335,0.15944290225986554,1.252673348007215,,1.2627796941227136,
2017-06-03,Maqueda Bay,30.380413211882114,34.08154542557895,0.03723258152604103,0.011597033590078354,10.528886273503304,8.685289,19.48553133084111,0.5595911975675976,1.0201108339461664,,1.1635155443437277,
2017-06-04,Maqueda Bay,30.556932270526886,34.06933802179992,0.01037629321217537,0.007324442267417908,10.528886273503304,2.8717492,0.0,-0.16510930976588806,0.35146146786398025,,0.38831204921360807,
2017-06-05,Maqueda Bay,30.703421115875244,34.01440470479429,-0.030518509447574615,0.017700735479593277,10.528886273503304,2.3564832,0.0,0.252620479248014,0.14522289311035977,,0.2913877060186981,
2017-06-06,Maqueda Bay,30.51811272650957,34.015930630266666,-0.040894802659749985,0.027466658502817154,10.528886273503304,2.3504658,5.7814288703344205,-1.002707587636329,0.5880434160044467,,1.1624188425045616,
2017-06-07,Maqueda Bay,30.471236295998096,34.017456555739045,-0.03479110077023506,0.01831110566854477,10.528886273503304,2.361697,12.59664080805859,-1.5043052579085734,0.04349317255304417,,1.504933873972577,
2017-06-08,Maqueda Bay,30.39139987528324,34.064760245382786,-0.048829615116119385,0.017090365290641785,10.986663937568665,2.3623416,40.2796151414628,-2.0248044277823696,0.11560210339352614,,2.028101776804137,
2017-06-09,Maqueda Bay,30.299844346940517,34.10901208408177,-0.017700735479593277,0.032959990203380585,10.528886273503304,2.5815437,29.48981832688854,-2.051375313544508,0.9908388124008939,,2.2781356915644513,
2017-06-10,Maqueda Bay,30.168736830353737,34.09527875483036,0.017700735479593277,0.025025177747011185,10.528886273503304,2.5599968,18.74953162432083,-0.6737570310279408,1.4932997303728912,,1.6382590215198987,
2017-06-11,Maqueda Bay,30.361369661986828,34.07544172368944,-0.010986663401126862,0.0317392498254776,10.528886273503304,2.5600004,0.0,-0.9172014886933255,0.8403524694482739,,1.2439657727482154,
2017-06-12,Maqueda Bay,30.335001669824123,34.06323431991041,-0.03723258152604103,0.01892147585749626,10.528886273503304,1.9350104,0.0,-1.6027354372611031,0.6862163401158043,,1.7434602798155365,
2017-06-13,Maqueda Bay,30.209021262824535,34.08001950010657,-0.02136295661330223,0.031128879636526108,10.528886273503304,4.6572876,0.0,-2.060561769743375,1.0706326143279257,,2.322104433868253,
2017-06-14,Maqueda Bay,30.37015899270773,34.09833060577512,-0.005493331700563431,0.030518509447574615,10.528886273503304,2.4842691,0.0,-1.137847658269978,0.5429333614732866,,1.2607434030884932,
2017-06-15,Maqueda Bay,30.56645404547453,34.101382456719875,-0.0317392498254776,0.020142216235399246,10.528886273503304,10.608062,0.0,-0.8750302229259447,0.8306848484278401,,1.2065302351957088,
2017-06-16,Maqueda Bay,30.753227323293686,34.0998565312475,-0.04211554303765297,-0.003662221133708954,10.528886273503304,3.55066,0.0,-0.9736098339535219,0.5119430103580871,0.4191101897373205,1.1000007975567585,0.4191101897373205
2017-06-17,Maqueda Bay,30.68071534484625,34.09680468030274,-0.007324442267417908,0.03418073058128357,11.139256492257118,5.4136415,0.0,-1.0200746415437765,1.3917318402700762,,1.7255346387546664,0.4171074017891183
2017-06-18,Maqueda Bay,30.684377565979958,34.09527875483036,-0.017090365290641785,0.032959990203380585,12.817774593830109,4.9315944,0.0,-1.1395741685047776,0.6650599259902166,,1.319444576585719,0.4151046138409161
2017-06-19,Maqueda Bay,30.60014647990465,34.10443430766463,-0.006103701889514923,0.03479110077023506,13.580737367272377,2.557339,0.0,-1.4189568376589778,0.7683801135413705,,1.613643859724015,0.41310182589271394
2017-06-20,Maqueda Bay,30.614062920212746,34.07391579821706,0.001831110566854477,0.02868739888072014,12.512589484453201,4.2255197,0.0,-0.500739054899833,0.9116714724766943,,1.0401367577534226,0.41109903794451175
2017-06-21,Maqueda Bay,30.67265845835209,34.05713061802089,0.005493331700563431,0.031128879636526108,13.27555225789547,3.508302,0.0,-0.36010242878519244,1.068711590283206,,1.1277491841817726,0.4090962499963096
2017-06-22,Maqueda Bay,30.61992247402668,34.06323431991041,0.008545182645320892,0.02136295661330223,15.411848023533821,4.848953,12.41995742903327,0.21013368085359455,0.48664368062309576,,0.5300738021440731,0.4070934620481074
2017-06-23,Maqueda Bay,30.95098726451397,34.049500990659,-0.024414807558059692,0.0030518509447574615,12.05481182038784,6.398012,3.766420902011947,-0.014131257637522867,0.03879761840431623,,0.04129101156747054,0.40509067409990523
2017-06-24,Maqueda Bay,30.91802727431059,34.05865654349327,-0.03784295171499252,0.017090365290641785,12.512589484453201,4.4063506,9.314967939198107,-1.1115298632468604,0.5002191073092206,,1.218900238824662,0.40308788615170305
2017-06-25,Maqueda Bay,30.909237943589687,34.043397288769484,-0.04577776417136192,0.0030518509447574615,10.986663937568665,2.1889,0.0,-0.7570561323930088,0.0050885812719838755,,0.7570732337450734,0.40108509820350086
2017-06-26,Maqueda Bay,31.04547256976366,34.02508618310094,-0.05005035549402237,-0.014648884534835815,10.528886273503304,0.9600563,12.905861992257346,-0.0815468519760559,-0.2804659533146678,,0.29208053690020186,0.39908231025529867
2017-06-27,Maqueda Bay,30.916562385857105,34.01440470479429,-0.05310220643877983,0.005493331700563431,10.681478828191757,5.3851414,0.0,-0.4083672302671535,0.3768523606559012,,0.5556811104293466,0.3970795223070965
2017-06-28,Maqueda Bay,30.822809524834156,34.01440470479429,-0.017700735479593277,0.03234962001442909,10.528886273503304,4.5044346,12.905861992257346,0.20825696545475186,0.7636726033210647,,0.7915597316208006,0.3950767343588943
2017-06-29,Maqueda Bay,30.84038818627596,34.00830100290477,-0.027466658502817154,0.020142216235399246,10.528886273503304,3.6154854,12.194764814069194,-0.17191784951768735,0.023531512191043505,,0.17352083174300262,0.3930739464106921
2017-06-30,Maqueda Bay,30.860164180397987,34.01287877932191,-0.046388134360313416,-0.005493331700563431,10.528886273503304,1.9444069,22.186802761529076,-0.5317468093012543,-0.3225895065063119,,0.6219474727901467,0.39107115846248997
2017-07-01,Maqueda Bay,30.956846818327904,34.00219730101526,0.001831110566854477,-0.03357036039233208,10.528886273503304,1.7983385,18.230180347753194,0.19129795635231603,0.23857810026283616,,0.30580127211899644,0.3890683705142878
2017-07-02,Maqueda Bay,30.814020194113255,33.98693804629147,0.01342814415693283,0.012817773967981339,10.528886273503304,1.5210404,11.46743998988982,0.5111688544498095,1.0447642440416502,,1.1631104519294164,0.3870655825660856
2017-07-03,Maqueda Bay,30.6851100102067,33.98998989723623,-0.006103701889514923,0.02075258642435074,10.986663937568665,1.653677,43.22310194844657,-0.4119448345642194,1.0132430456101615,,1.0937824354968853,0.3850627946178834
2017-07-04,Maqueda Bay,30.5869624838233,34.00830100290477,0.0,0.030518509447574615,13.122959703207016,4.6271534,27.34527146358461,-0.9904069090921783,0.8427883710880661,,1.3004607199061409,0.3830600066696812
2017-07-05,Maqueda Bay,30.659474462270737,34.028138034045696,-0.027466658502817154,0.02136295661330223,13.73332992196083,4.6272063,0.0,-1.1348527616267166,0.14693257123127176,,1.1443251159790289,0.381057218721479
2017-07-06,Maqueda Bay,30.641163356602192,34.03424173593521,-0.035401470959186554,0.0158696249127388,12.665182039141655,3.9525745,7.98468406958514,-1.4809112883905804,0.11956810737756,,1.4857303848223946,0.37905443077327683
2017-07-07,Maqueda Bay,30.50932339578867,34.03271581046283,-0.0238044373691082,0.020142216235399246,12.817774593830109,3.9348805,8.752217443674207,-1.4336471574911522,0.21553153593389138,,1.4497579160551195,0.37705164282507464
2017-07-08,Maqueda Bay,30.48515273630619,34.018982481211424,-0.019531846046447754,0.019531846046447754,11.902219265699387,3.1164668,21.246568111413815,-1.0398800538859776,0.3954816047099257,,1.11254493218649,0.37504885487687245
2017-07-09,Maqueda Bay,30.41923275589943,34.018982481211424,-0.029908139258623123,0.0158696249127388,12.05481182038784,3.1366813,8.752217443674207,-1.0882850438575957,0.33828911091699554,,1.1396507619657612,0.37304606692867026
2017-07-10,Maqueda Bay,30.35843988507986,34.017456555739045,-0.019531846046447754,0.0238044373691082,12.207404375076294,3.1294353,26.256653368198375,-0.8143807335206876,0.42280846045804404,,0.9175963019566908,0.3710432789804681
2017-07-11,Maqueda Bay,30.2434461414814,34.00067137554288,-0.0158696249127388,0.022583696991205215,12.207404375076294,2.988211,5.418612955535794,-1.1145235489896401,0.3545198870883376,,1.1695499525858613,0.36904049103226594
2017-07-12,Maqueda Bay,30.17386393994093,33.96252323873341,0.001831110566854477,0.01892147585749626,11.291849046945572,3.0943596,20.41465077202441,0.6074471846062433,0.2845154275540711,,0.6707764982483564,0.36703770308406375
2017-07-13,Maqueda Bay,30.253700360655785,33.8770714122802,0.011597033590078354,-0.022583696991205215,10.528886273503304,3.0859559,12.43859884962325,0.8547392365992723,-0.19713141610667528,,0.8771772670324568,0.36503491513586156
2017-07-14,Maqueda Bay,30.11746573448181,33.82976772263646,0.015259254723787308,0.01037629321217537,10.528886273503304,3.037199,20.301782672489473,1.0576120041725412,0.16035742451919527,,1.0696997966571222,0.36303212718765937
2017-07-15,Maqueda Bay,30.090365298092365,33.85113067924976,0.0006103701889514923,0.025025177747011185,12.05481182038784,4.2735915,10.634735672887752,0.34817542433130705,0.5411753234687096,,0.6435035795081082,0.3610293392394572
2017-07-16,Maqueda Bay,30.220007926225662,33.89538251794875,-0.03479110077023506,0.0238044373691082,13.580737367272377,5.007822,0.0,-1.1755367513823287,0.050626401686146856,,1.1766264005189608,0.359026551291255
2017-07-17,Maqueda Bay,30.138706617057323,33.91216769814491,-0.03723258152604103,0.024414807558059692,12.817774593830109,4.6049194,22.249444765246224,-2.0251625510255424,-0.22000609815059904,,2.0370778191565817,0.3570237633430528
2017-07-18,Maqueda Bay,30.03909420222044,33.89385659247637,-0.025025177747011185,0.016479995101690292,11.444441601634026,4.2810345,16.974284642303044,-2.3399034098245033,0.31768761192686257,,2.3613710818251605,0.35502097539485067
2017-07-19,Maqueda Bay,29.918973349034786,33.88012326322496,0.0030518509447574615,0.020142216235399246,11.291849046945572,2.7717247,8.487142321151522,-0.4308283415751894,1.5562116612413095,,1.6147469753765957,0.3530181874466485
2017-07-20,Maqueda Bay,29.950468450784683,33.85876030661166,0.039674062281847,-0.004272591322660446,11.139256492257118,2.647863,7.438594229210357,1.52083825551638,0.3412218354367946,,1.558647279027863,0.3510153994984463
2017-07-21,Maqueda Bay,29.878688916563988,33.81756031885743,0.02929776906967163,-0.006714072078466415,11.59703415632248,1.2166214,22.183558386408603,1.2703749139900988,0.41904262294983297,,1.3377029348641,0.3490126115502441
2017-07-22,Maqueda Bay,29.828150264918804,33.79467143677175,0.015259254723787308,-0.035401470959186554,13.27555225789547,1.2113568,5.4140611537224315,1.9789023301531967,-0.2661336819141695,,1.9967176988585402,0.3470098236020419
2017-07-23,Maqueda Bay,29.959990225732327,33.80687884055078,0.006714072078466415,-0.04272591322660446,14.343700140714645,1.7614647,19.232595244494085,2.44251065003984,-0.511306010283784,,2.495454289645547,0.3450070356538397
2017-07-24,Maqueda Bay,29.942411564290524,33.74889367260039,0.0238044373691082,-0.04211554303765297,12.359996929764748,1.8060366,14.868042499055877,2.847427474524204,-0.09336299397947297,,2.8489576815600643,0.34300424770563753
2017-07-25,Maqueda Bay,29.83913692831993,33.75652329996228,0.032959990203380585,-0.025635547935962677,19.53184700012207,1.7223682,66.55067422752556,3.4395294887711776,1.0187599365097535,,3.5872322077562635,0.34100145975743534
2017-07-26,Maqueda Bay,29.721213407814503,33.718375163152814,0.028077028691768646,-0.012207403779029846,19.53184700012207,1.7009968,19.350893375144754,3.015365683382553,1.1664797759010155,,3.2331262381953496,0.33899867180923315
2017-07-27,Maqueda Bay,29.688985861837864,33.693960355594754,0.036011841148138046,0.010986663401126862,16.479995906352997,1.7123271,1.391910040982857,1.953241691342911,1.657655478023718,,2.5618303590640337,0.33699588386103096
2017-07-28,Maqueda Bay,29.66628009080887,33.6832788772881,0.04272591322660446,0.029908139258623123,16.63258846104145,1.729763,0.0,2.153549913563966,2.135981186952476,,3.0331819696856757,0.3349930959128288
2017-07-29,Maqueda Bay,29.660420536994934,33.680227026343346,0.04516739398241043,0.03906369209289551,16.479995906352997,1.7588018,0.0,1.8988557612559536,2.579207718865504,,3.2028059040644847,0.33299030796462664
2017-07-30,Maqueda Bay,29.721213407814503,33.67870110087097,0.05066072568297386,0.03357036039233208,15.106662914156914,1.7434735,0.0,2.1686000108421624,1.6973189785544545,,2.7538550655373575,0.33098752001642445
2017-07-31,Maqueda Bay,29.812036491930485,33.67107147350907,0.051881466060876846,0.020142216235399246,13.580737367272377,0.94487,0.0,2.6000106084729135,0.989721010483326,,2.782014170122759,0.32898473206822226
2017-08-01,Maqueda Bay,29.787133388221264,33.65886406973004,0.04272591322660446,-0.020142216235399246,14.95407035946846,0.75563735,7.615851507758214,3.2679474108697177,0.9181500649784584,,3.3944778423242123,0.3269819441200201
2017-08-02,Maqueda Bay,29.72414318472147,33.63597518764436,0.028077028691768646,-0.03418073058128357,16.327403351664543,0.7995923,11.683983577195034,3.791496537351344,0.4080176622192293,,3.8133875236369668,0.3249791561718179
2017-08-03,Maqueda Bay,29.657490760087967,33.610034454613924,0.027466658502817154,-0.008545182645320892,17.09036612510681,1.2954745,0.0,3.3620993164436057,1.1106330000947533,,3.5407933397093414,0.3229763682236157
2017-08-04,Maqueda Bay,29.639912098646164,33.597827050834894,0.028077028691768646,0.0158696249127388,16.479995906352997,1.3369032,3.155821513104182,2.7368618170582466,1.2091188317562303,,2.992052966606527,0.3209735802754135
2017-08-05,Maqueda Bay,29.792992942035198,33.59477519989014,0.036011841148138046,0.031128879636526108,13.27555225789547,4.8008757,0.0,1.4101367208080253,0.9798895346663049,,1.7171689117613789,0.31897079232721137
2017-08-06,Maqueda Bay,29.988555550575256,33.585619647055864,0.023194067180156708,0.04821924492716789,12.207404375076294,3.0094478,6.438853454296856,0.12511625141834273,0.7484627168059391,,0.7588481500389294,0.3169680043790092
2017-08-07,Maqueda Bay,29.933622233569622,33.590197423473,-0.0048829615116119385,0.06469924002885818,13.73332992196083,3.3438709,0.0,-0.8717560172013439,0.8838685574099737,,1.2414435872421823,0.314965216430807
2017-08-08,Maqueda Bay,29.97756888717413,33.59477519989014,-0.001831110566854477,0.05859553813934326,13.73332992196083,7.1067886,3.219426727148428,-0.4123613903828655,1.2868248549202708,,1.3512809195422935,0.3129624284826048
2017-08-09,Maqueda Bay,30.159215055406094,33.597827050834894,0.008545182645320892,0.05249183624982834,12.512589484453201,11.099785,1.743310546728506,0.6970452811595577,0.6122073348817217,,0.9277229892967983,0.3109596405344026
2017-08-10,Maqueda Bay,30.335001669824123,33.59172334894538,0.012817773967981339,0.024414807558059692,10.528886273503304,4.4574904,1.4761161804199219,0.6051553380093471,0.0401144320227372,,0.6064834299283979,0.3089568525862004
2017-08-11,Maqueda Bay,30.392132319509983,33.590197423473,-0.05249183624982834,0.03784295171499252,10.528886273503304,1.2978538,0.0,-0.932386317464428,-0.05728873084573184,,0.9341446588600675,0.30695406463799824
2017-08-12,Maqueda Bay,30.271279022097588,33.584093721583486,-0.054322946816682816,0.02868739888072014,10.83407138288021,1.2742538,5.3714287885323095,-0.9143861947680605,-0.2974953191101747,,0.9615641310255276,0.30495127668979605
2017-08-13,Maqueda Bay,30.274941243231297,33.597827050834894,-0.02929776906967163,0.04943998530507088,10.83407138288021,3.173641,0.0,-0.2074081088414906,0.3208839241831154,,0.3820793326160929,0.30294848874159386
2017-08-14,Maqueda Bay,30.2522354722023,33.584093721583486,-0.016479995101690292,0.039674062281847,10.528886273503304,3.0547688,0.0,0.2538688626808739,0.41770460500774453,,0.4888011216062789,0.30094570079339167
2017-08-15,Maqueda Bay,30.425824753940105,33.57951594516635,-0.04150517284870148,0.01342814415693283,10.528886273503304,2.4430988,1.7192521117249941,-0.637882492729532,0.2286496243346619,,0.6776243245628241,0.2989429128451895
2017-08-16,Maqueda Bay,30.217810593545437,33.57646409422159,-0.04455702379345894,0.03906369209289551,10.528886273503304,2.0570488,11.952914053393947,-1.4197209492354497,0.26142868785702505,,1.4435901539331208,0.29694012489698735
2017-08-17,Maqueda Bay,30.113803513348103,33.59935297630727,-0.02929776906967163,0.029908139258623123,10.528886273503304,1.767695,20.49070983804682,-0.9651106923369341,0.33066652694770465,,1.0201857676456447,0.29493733694878516
2017-08-18,Maqueda Bay,30.318887896835804,33.548997435718775,-0.0317392498254776,-0.03906369209289551,10.528886273503304,3.2389958,0.0,0.7326712272719275,-0.02551449632801383,,0.7331153502655804,0.29293454900058297
2017-08-19,Maqueda Bay,30.181188382208347,33.51084929890931,0.0238044373691082,-0.03418073058128357,10.528886273503304,3.2147493,6.830237173265027,2.0081033212155233,0.4800441460207884,,2.0646843174697778,0.2909317610523808
2017-08-20,Maqueda Bay,30.11746573448181,33.52763447910547,0.03784295171499252,-0.03479110077023506,10.986663937568665,3.3129957,17.929370355679325,2.8114996216916777,1.330365543055802,,3.1103701710443734,0.2889289731041786
2017-08-21,Maqueda Bay,30.023712873458862,33.52000485174358,0.03723258152604103,0.01342814415693283,12.665182039141655,3.4931552,4.8076946372810045,1.661903725072504,2.4192868107018874,,2.9351103324825756,0.2869261851559764
2017-08-22,Maqueda Bay,29.995147548615932,33.56425669044256,0.02868739888072014,0.04455702379345894,19.53184700012207,3.564433,0.0,0.42883645024927086,1.8533898271104319,,1.9023550016489645,0.28492339720777426
2017-08-23,Maqueda Bay,29.980498664081097,33.55662706308067,0.0079348124563694,0.03662221133708954,15.869625687599182,3.569954,14.4230836730582,-0.4405198177755736,0.4459989894264668,,0.6268754329389964,0.2829206092595721
2017-08-24,Maqueda Bay,30.036164425313473,33.501693746075034,0.011597033590078354,-0.02868739888072014,12.970367148518562,2.200943,14.4230836730582,1.2798283989975596,0.24491168068310004,,1.3030512124301477,0.2809178213113699
2017-08-25,Maqueda Bay,30.01858576387167,33.524582628160715,0.0006103701889514923,0.017090365290641785,14.95407035946846,2.1827626,0.0,0.6128518767034226,1.3275971674911022,,1.4622249012752124,0.2789150333631677
2017-08-26,Maqueda Bay,30.04788353294134,33.52916040457785,0.004272591322660446,0.04211554303765297,14.801477804780006,3.061513,4.970115990499563,-0.5821400435619665,0.8095491195122265,,0.9971242686954066,0.2769122454149655
2017-08-27,Maqueda Bay,30.18997771292925,33.48490856587887,-0.032959990203380585,-0.0012207403779029846,11.902219265699387,3.0575178,0.0,0.2587338006646404,-0.24305345123619176,,0.3549903657343305,0.2749094574667633
2017-08-28,Maqueda Bay,30.077181302011013,33.50932337343693,-0.01831110566854477,-0.051271095871925354,14.191107586026192,4.4780593,11.73228736883301,1.8598661524063471,-0.3599215134679359,,1.8943720861340412,0.27290666951856113
2017-08-29,Maqueda Bay,30.191442601382732,33.48490856587887,0.03234962001442909,-0.005493331700563431,12.512589484453201,4.277423,0.0,2.86570375592317,1.3522073666173613,,3.1687099550205637,0.27090388157035894
2017-08-30,Maqueda Bay,30.102084405720234,33.49253819324076,0.04699850454926491,0.0238044373691082,16.327403351664543,1.1919309,0.0,2.4400055517918475,2.487540851127908,,3.484463599868019,0.26890109362215675
2017-08-31,Maqueda Bay,30.090365298092365,33.49559004418552,0.040894802659749985,0.03906369209289551,16.327403351664543,0.69530946,0.0,2.3644905805885026,2.2565717897109265,,3.268475477621169,0.26689830567395456
2017-09-01,Maqueda Bay,30.136509284377098,33.50474559701979,0.03479110077023506,0.032959990203380585,15.259255468845367,2.1257312,0.0,1.803806600880896,1.5268495493325378,,2.363257878370125,0.26489551772575237
2017-09-02,Maqueda Bay,30.25955991446972,33.50779744796455,0.028077028691768646,0.03479110077023506,13.27555225789547,4.962197,1.5065424226212976,1.3710945187330543,1.1284596161359728,,1.7757593543466335,0.2628927297775502
2017-09-03,Maqueda Bay,30.31302834302187,33.513901149854064,0.012207403779029846,0.04272591322660446,13.428144812583923,3.1892097,0.0,0.4846970364578075,0.3192582426192227,,0.580393868533512,0.260889941829348
2017-09-04,Maqueda Bay,30.445600748062134,33.49406411871314,-0.007324442267417908,0.008545182645320892,11.902219265699387,1.293671,23.491352005122074,0.9700291257562329,0.39726411027593783,,1.0482248223204478,0.25888715388114586
2017-09-05,Maqueda Bay,30.416302978992462,33.52000485174358,0.023194067180156708,0.0,11.902219265699387,1.5121031,14.930954917052189,0.8133378866023383,0.45911842639330336,,0.933974436072327,0.25688436593294367
2017-09-06,Maqueda Bay,30.842585518956184,33.512375224381685,-0.04150517284870148,0.014648884534835815,10.83407138288021,3.5449078,0.0,-0.31727578220326363,0.04863747768927415,,0.3209821275533381,0.2548815779847415
2017-09-07,Maqueda Bay,30.584032706916332,33.52763447910547,-0.06897183135151863,0.02075258642435074,10.528886273503304,0.7051694,0.0,-0.854709976535258,-0.18570285560619154,,0.8746511845125434,0.2528787900365393
2017-09-08,Maqueda Bay,30.57890559732914,33.538315957412124,-0.06653035059571266,0.01037629321217537,10.528886273503304,0.56180763,0.0,-0.698115592990267,-0.42383582184242574,,0.8167020172945556,0.2508760020883371
2017-09-09,Maqueda Bay,30.7832575365901,33.51084929890931,-0.03479110077023506,0.0024414807558059692,10.528886273503304,5.258124,17.387739005726054,0.5575019305057433,-0.5806310861867044,,0.8049477379084823,0.24887321414013494
2017-09-10,Maqueda Bay,30.844050407409668,33.47117523662746,-0.017090365290641785,-0.014648884534835815,10.528886273503304,6.0341125,36.84531720772316,2.501742535595125,0.08063781000677993,,2.503041783672141,0.24687042619193275
2017-09-11,Maqueda Bay,30.450727857649326,33.49406411871314,0.04516739398241043,0.009765923023223877,10.528886273503304,6.0442557,22.756122990504203,2.0299233566210897,2.7009856945990336,,3.3787442276953215,0.24486763824373056
2017-09-12,Maqueda Bay,30.289590127766132,33.55510113760829,0.038453321903944016,0.04821924492716789,15.106662914156914,4.246865,13.43230844606086,0.4137354641831896,2.721773178942496,,2.753039460656825,0.24286485029552837
2017-09-13,Maqueda Bay,30.25589769333601,33.60393075272441,0.001831110566854477,0.051881466060876846,17.700736343860626,4.246556,8.901206820791217,-1.1324366485533446,1.670094082837309,,2.017827298981487,0.24086206234732618
2017-09-14,Maqueda Bay,30.24417858570814,33.61461223103106,-0.006103701889514923,0.038453321903944016,16.17481079697609,4.1884236,0.0,-0.8048080138226265,1.3499244770387075,,1.5716271926959489,0.23885927439912402
2017-09-15,Maqueda Bay,30.59062470495701,33.58256779611111,-0.035401470959186554,0.008545182645320892,10.528886273503304,2.9562292,1.9720648019910771,0.26170107994870806,0.05317629555057238,,0.26704900983677493,0.23685648645092183
2017-09-16,Maqueda Bay,30.58769492805004,33.56578261591494,-0.04028443247079849,-0.03906369209289551,10.528886273503304,1.7211833,7.744241768680226,0.4344719298015872,-0.2050582627435127,,0.4804318358569744,0.23485369850271964
2017-09-17,Maqueda Bay,30.53056427836418,33.52763447910547,0.0048829615116119385,-0.0476088747382164,10.528886273503304,1.9868761,14.008225556709064,1.3161735268767611,0.21682059293321285,,1.3339130115457762,0.23285091055451745
2017-09-18,Maqueda Bay,30.45585496723652,33.50779744796455,0.0158696249127388,-0.005493331700563431,10.528886273503304,1.986878,15.488483537360452,0.8278269829912736,0.4303574398992608,,0.9330085958044975,0.2308481226063153
2017-09-19,Maqueda Bay,30.48149051517248,33.49253819324076,0.02685628831386566,0.006714072078466415,10.528886273503304,1.7868485,13.073134570260931,1.0380121929553934,0.7831618660744475,,1.3003122014336694,0.2288453346581131
2017-09-20,Maqueda Bay,30.633106470108032,33.48338264040649,0.010986663401126862,-0.003662221133708954,10.528886273503304,2.0103846,7.744241768680226,1.3375048037763222,0.3420498299379812,,1.3805495957354592,0.2268425467099109
2017-09-21,Maqueda Bay,30.79644153267145,33.428449323400855,-0.017700735479593277,0.015259254723787308,10.528886273503304,1.7093397,33.375869176721054,0.8288999339370355,0.168193685553126,,0.8457920644820249,0.22483975876170872
2017-09-22,Maqueda Bay,30.389202542603016,33.42081969603896,0.0238044373691082,0.02868739888072014,10.681478828191757,1.7401787,18.234044967159146,1.138495353267237,1.6159521840292355,,1.9767329436420964,0.22283697081350654
2017-09-23,Maqueda Bay,30.46830651909113,33.477278938516974,0.012817773967981339,0.014038514345884323,12.970367148518562,2.045777,0.0,0.8093833583938581,-0.18121432101498194,,0.8294215158686453,0.22083418286530437
2017-09-24,Maqueda Bay,30.60014647990465,33.53221225552261,-0.06469924002885818,-0.009765923023223877,13.73332992196083,1.8637806,6.078015018351799,-0.8556639204270636,-1.2869402401087624,,1.5454371311482753,0.21883139491710218
2017-09-25,Maqueda Bay,30.495406955480576,33.535264106467366,-0.030518509447574615,0.027466658502817154,11.444441601634026,2.2735884,30.390075255831995,-1.051113061430394,0.9083848559476752,,1.389245015979778,0.2168286069689
2017-09-26,Maqueda Bay,30.488082513213158,33.548997435718775,0.011597033590078354,0.03234962001442909,10.986663937568665,3.3456295,0.0,-0.11653964200366262,1.4581659597211805,,1.4628155913333483,0.2148258190206978
2017-09-27,Maqueda Bay,30.474898517131805,33.559678914025426,0.011597033590078354,0.030518509447574615,10.986663937568665,3.3410923,0.0,0.29411938340974936,0.8232706377163883,,0.8742315223230515,0.21282303107249564
2017-09-28,Maqueda Bay,30.58256781846285,33.547471510246396,0.017090365290641785,-0.012207403779029846,10.528886273503304,3.3402605,13.92791618692893,0.8076439355623015,-0.5138079831217284,,0.9572290061266329,0.21082024312429345
2017-09-29,Maqueda Bay,30.655079796910286,33.524582628160715,-0.06286812946200371,0.009155552834272385,11.139256492257118,1.4691191,31.268290474301292,-0.2108446713762868,0.13382353415689702,,0.249728279820321,0.20881745517609127
2017-09-30,Maqueda Bay,30.57963804155588,33.5688344668597,-0.03479110077023506,0.020142216235399246,11.749626711010933,1.0541681,5.988052873567502,-0.45646830998377164,0.5873640703125417,,0.7438816230513811,0.20681466722788908
2017-10-01,Maqueda Bay,30.49247717857361,33.58714557252824,-0.027466658502817154,0.023194067180156708,12.05481182038784,2.9712687,0.0,-1.4912965232575006,0.334289359462703,,1.5283045168191753,0.2048118792796869
2017-10-02,Maqueda Bay,30.52983183413744,33.56425669044256,-0.02929776906967163,0.01831110566854477,10.986663937568665,2.9122908,8.426667187071066,-0.9772367402835186,-0.2001115981378374,,0.9975150616753796,0.20280909133148473
2017-10-03,Maqueda Bay,30.614795364439487,33.57036039233208,-0.03723258152604103,0.0024414807558059692,10.528886273503304,4.5773454,8.426667187071066,0.5233633985436181,0.2667720884905507,,0.5874322038607828,0.20080630338328254
2017-10-04,Maqueda Bay,30.95098726451397,33.54441965930164,-0.020142216235399246,-0.014038514345884323,10.528886273503304,4.3281407,3.6244405799197708,-0.14348854381427678,0.06504580456559571,,0.15754338734941337,0.19880351543508035
2017-10-05,Maqueda Bay,30.622852250933647,33.538315957412124,-0.035401470959186554,0.02685628831386566,10.528886273503304,3.904124,18.354253171226393,-0.3513264985199649,0.021006858201574392,,0.35195396950993457,0.19680072748687816
2017-10-06,Maqueda Bay,30.774468205869198,33.54441965930164,-0.03418073058128357,-0.024414807558059692,10.528886273503304,2.0567434,9.870815890908425,0.12075534315994504,-0.7033963385425998,,0.7136863890931449,0.19479793953867597
2017-10-07,Maqueda Bay,30.907773055136204,33.513901149854064,-0.046388134360313416,0.006103701889514923,10.528886273503304,2.0434816,11.10817619915565,1.0872925256069563,0.25371371433738404,,1.1165015383256869,0.1927951515904738
2017-10-08,Maqueda Bay,30.620654918253422,33.55052336119115,0.003662221133708954,0.038453321903944016,10.83407138288021,1.9796759,18.286737591440225,0.2558570292400527,1.200610266025815,,1.2275698881522483,0.19079236364227162
2017-10-09,Maqueda Bay,30.614795364439487,33.57493816874921,0.017700735479593277,0.0,11.444441601634026,3.8201945,19.74163178181685,-0.14722834797547568,-0.17092668164361435,,0.2255928122642325,0.18878957569406943
2017-10-10,Maqueda Bay,30.686574898660183,33.55662706308067,-0.020142216235399246,-0.040894802659749985,12.359996929764748,3.8201945,2.4533897164047405,1.6269283474106426,-0.49339512131401414,,1.700098406959078,0.18678678774586724
2017-10-11,Maqueda Bay,30.753959767520428,33.535264106467366,0.015259254723787308,-0.030518509447574615,10.83407138288021,1.924379,30.420317021383116,3.958653123041244,0.9743573920169846,,4.07680105915684,0.18478399979766508
2017-10-12,Maqueda Bay,30.68950467556715,33.513901149854064,0.03662221133708954,0.010986663401126862,14.648885250091553,1.924379,10.140105878885622,2.174756604501291,2.0050968452063627,,2.9580364513437782,0.1827812118494629
2017-10-13,Maqueda Bay,30.60307625681162,33.50932337343693,0.03479110077023506,0.04211554303765297,19.53184700012207,1.8857995,6.78730626553068,0.7050344779974315,2.6564291325283476,,2.7483975970209293,0.1807784239012607
2017-10-14,Maqueda Bay,30.474898517131805,33.48338264040649,0.0238044373691082,0.03784295171499252,19.53184700012207,1.6959019,10.140105878885622,-0.14338518606350426,1.6854714753878282,,1.6915594597673733,0.1787756359530585
2017-10-15,Maqueda Bay,30.451460301876068,33.40250859037042,0.0048829615116119385,-0.0048829615116119385,13.428144812583923,1.7763853,0.0,0.4797458692457919,-0.2310693661236755,,0.532493334248606,0.17677284800485632
2017-10-16,Maqueda Bay,30.372356325387955,33.41929377056658,-0.0238044373691082,-0.020142216235399246,15.869625687599182,0.8863165,15.63431592141428,0.7456490682472005,-1.0598548269996049,,1.2958722110193894,0.17477006005665416
2017-10-17,Maqueda Bay,30.274208799004555,33.39793081395328,-0.027466658502817154,-0.03357036039233208,16.785181015729904,1.2442532,14.724428466937509,0.8160276251910404,-1.3971429046800343,,1.6179954824327207,0.17276727210845197
2017-10-18,Maqueda Bay,30.13357950747013,33.33689379505813,0.01037629321217537,-0.0476088747382164,15.717033132910728,1.1566117,29.448856933875017,2.325835603361401,-1.155393811670896,,2.5970071455255748,0.17076448416024978
2017-10-19,Maqueda Bay,29.901394687592983,33.30637528561056,0.03357036039233208,-0.04821924492716789,19.53184700012207,1.6287416,27.483971638247343,4.454657140535304,1.0344709649616177,,4.5731936780624975,0.16876169621204762
2017-10-20,Maqueda Bay,29.657490760087967,33.26975307427347,0.03723258152604103,-0.012817773967981339,19.53184700012207,1.6800213,19.203995216826687,4.543050403026419,2.993731017962856,,5.440747409350247,0.16675890826384543
2017-10-21,Maqueda Bay,29.484633922576904,33.248390117660165,0.02868739888072014,-0.010986663401126862,19.53184700012207,1.709157,3.0503006860407815,4.3993481993607695,2.210916932499572,,4.923659031820965,0.16475612031564324
2017-10-22,Maqueda Bay,29.40113528072834,33.23313086293638,0.021973326802253723,-0.008545182645320892,17.548143789172173,1.6707579,7.665435541976248,3.245655641093162,0.7973192820915975,,3.3421547806998593,0.16275333236744105
2017-10-23,Maqueda Bay,29.546159237623215,33.199560502544045,-0.0030518509447574615,-0.01831110566854477,13.428144812583923,1.1866547,0.0,0.9121557360912522,-0.7145953108687986,,1.1587383419909125,0.16075054441923886
2017-10-24,Maqueda Bay,29.45020904392004,33.22855308651924,-0.04028443247079849,-0.015259254723787308,16.63258846104145,1.6719732,0.0,-0.6984329046365911,-1.9084125109355523,,2.0322024589529573,0.15874775647103667
2017-10-25,Maqueda Bay,29.40552994608879,33.24076049029827,-0.03479110077023506,-0.021973326802253723,17.242958679795265,2.1461315,0.0,0.46525531748477983,-1.7832379140619328,,1.8429324373388778,0.15674496852283448
2017-10-26,Maqueda Bay,29.362315736711025,33.26517529785633,-0.008545182645320892,-0.03479110077023506,17.09036612510681,2.115732,0.0,2.137101695041166,-1.0266030406135829,,2.3708895921035373,0.1547421805746323
2017-10-27,Maqueda Bay,29.4091921672225,33.29264195635915,0.0048829615116119385,-0.02136295661330223,15.717033132910728,2.045433,8.021425872720696,1.3863081417021048,-0.5259483074582543,,1.4827244807676663,0.15273939262643016
2017-10-28,Maqueda Bay,29.57252722978592,33.31095306202769,-0.025025177747011185,-0.0158696249127388,14.496292695403099,4.465751,0.0,-0.18434771842377184,-0.697509110602178,,0.7214589667202783,0.15073660467822797
2017-10-29,Maqueda Bay,29.489761032164097,33.3246863912791,-0.03906369209289551,-0.001831110566854477,15.259255468845367,4.075026,0.0,-0.93766006774323,-1.4912782453104414,,1.7615666912088306,0.14873381673002578
2017-10-30,Maqueda Bay,29.418713942170143,33.330790093168616,-0.05249183624982834,0.007324442267417908,15.717033132910728,1.687858,35.718198257657235,-2.1905964954388755,-1.6333440478718444,,2.732494425346091,0.1467310287818236
2017-10-31,Maqueda Bay,29.34766685217619,33.367412304505706,-0.036011841148138046,0.03906369209289551,18.61629167199135,1.6915503,32.085703490882786,-2.679700636342177,0.3416112856328264,,2.7013873789007716,0.1447282408336214
2017-11-01,Maqueda Bay,29.344737075269222,33.39945673942566,-0.017090365290641785,0.028077028691768646,15.869625687599182,6.342592,0.0,-2.2948966876835994,0.6543379818029877,,2.3863589423159213,0.1427254528854192
2017-11-02,Maqueda Bay,29.418713942170143,33.43302709981799,-0.030518509447574615,0.009155552834272385,14.95407035946846,6.3266487,0.0,-1.5615832276805297,-0.40760147051382645,,1.6139024554594912,0.14072266493721702
2017-11-03,Maqueda Bay,29.434827715158463,33.45896783284843,-0.04272591322660446,0.009765923023223877,15.106662914156914,1.877402,22.23105040636663,-2.155648196377236,-0.9495232154165661,,2.3555070543641863,0.13871987698901483
2017-11-04,Maqueda Bay,29.415784165263176,33.48033078946173,-0.04577776417136192,0.0048829615116119385,15.869625687599182,0.96602744,0.0,-2.5166069572506666,-0.476315815865176,,2.5612862654779076,0.13671708904081264
2017-11-05,Maqueda Bay,29.43336282670498,33.53373818099499,-0.0476088747382164,0.03418073058128357,16.479995906352997,0.8095057,4.429946735341061,-2.7461660137174357,-0.28582712069912103,,2.7610007094935454,0.1347143010926105
2017-11-06,Maqueda Bay,29.43848993629217,33.60393075272441,-0.04699850454926491,0.02136295661330223,17.09036612510681,2.391763,2.2501858522265734,-3.2202887283786956,-0.9865137006397974,,3.36800664721329,0.13271151314440832
2017-11-07,Maqueda Bay,29.431897938251495,33.669545548036695,-0.04577776417136192,0.014648884534835815,17.39555123448372,2.389055,0.0,-2.7654896807159877,-0.7342973711349304,,2.861315397400693,0.13070872519620613
2017-11-08,Maqueda Bay,29.415051721036434,33.71379738673568,-0.04150517284870148,0.006103701889514923,17.242958679795265,1.0565432,37.26407608055665,-2.1663369590917525,-1.486012203169426,,2.6270226661175484,0.12870593724800394
2017-11-09,Maqueda Bay,29.44581437855959,33.73821219429374,-0.02136295661330223,0.025635547935962677,15.564440578222275,0.79401755,15.407256583464308,-1.7357947288910092,1.2343550285054867,,2.1299332565229814,0.12670314929980175
2017-11-10,Maqueda Bay,29.445081934332848,33.77330848015845,-0.0079348124563694,0.014648884534835815,16.479995906352997,1.9053913,0.0,-1.817257632693641,-0.15824548681752693,,1.82413457225102,0.12470036135159956
2017-11-11,Maqueda Bay,29.463393040001392,33.78551588393748,-0.030518509447574615,-0.01037629321217537,16.479995906352997,1.8955933,0.0,-1.9984669888031723,-0.9627633365687093,,2.218283919514572,0.12269757340339738
2017-11-12,Maqueda Bay,29.473647259175777,33.79619736224413,-0.036011841148138046,0.008545182645320892,16.479995906352997,1.0972804,13.950212850731823,-2.274491513436118,-0.7322294981074581,,2.3894500795353775,0.12069478545519519
2017-11-13,Maqueda Bay,29.480971701443195,33.80993069149554,-0.024414807558059692,0.017700735479593277,16.63258846104145,3.5318317,13.950212850731823,-2.435594224165076,-0.24149285526917683,,2.44753713433164,0.118691997506993
2017-11-14,Maqueda Bay,29.559343233704567,33.81908624432981,-0.025635547935962677,-0.0012207403779029846,15.411848023533821,5.742685,0.0,-2.183970373206218,-0.9363533796859301,,2.376233204610139,0.11668920955879086
2017-11-15,Maqueda Bay,29.534440129995346,33.823664020746946,-0.03784295171499252,-0.01037629321217537,16.63258846104145,1.5572786,10.389207130936068,-2.4164032612367916,-1.6466967287374898,,2.924143436521292,0.11468642161058867
2017-11-16,Maqueda Bay,29.428968161344528,33.82976772263646,-0.04577776417136192,0.03418073058128357,19.53184700012207,1.5572786,56.6092535156625,-3.66769329279874,-0.49279688814661066,,3.7006516808540417,0.11268363366238648
2017-11-17,Maqueda Bay,29.34766685217619,33.84044920094311,-0.012207403779029846,0.03906369209289551,19.53184700012207,1.5323339,15.423776113858786,-2.2801727741115636,0.303512175053706,,2.3002842259610996,0.1106808457141843
2017-11-18,Maqueda Bay,29.346934407949448,33.85113067924976,-0.0030518509447574615,0.02075258642435074,16.937773570418358,5.2932935,14.542848258890128,-1.3876367093321558,0.237777057640355,,1.4078613448157025,0.1086780577659821
2017-11-19,Maqueda Bay,29.386486396193504,33.85113067924976,-0.03234962001442909,-0.006714072078466415,15.869625687599182,5.125192,0.0,-2.6007246505804753,-1.389413225735908,,2.9485992979695963,0.10667526981777992
2017-11-20,Maqueda Bay,29.365245513617992,33.849604753777385,-0.043946653604507446,0.010986663401126862,16.17481079697609,4.362524,0.0,-2.803569777920095,-1.0492756018140859,,2.9934900681694674,0.10467248186957773
2017-11-21,Maqueda Bay,29.305185087025166,33.85418253019452,-0.038453321903944016,0.006714072078466415,17.242958679795265,1.6019856,0.0,-2.837314591012709,-1.237594927247657,,3.0954798161711135,0.10266969392137554
2017-11-22,Maqueda Bay,29.264900654554367,33.861812157556415,-0.04028443247079849,0.003662221133708954,17.242958679795265,3.1987112,0.0,-2.4885803507148005,-1.6661664887267986,,2.9948527393045534,0.10066690597317335
2017-11-23,Maqueda Bay,29.231940664350986,33.86486400850117,-0.04211554303765297,-0.0048829615116119385,16.63258846104145,5.305029,0.0,-3.099598465303059,-1.7188520699310479,,3.544285976669395,0.09866411802497121
2017-11-24,Maqueda Bay,29.170415349304676,33.88012326322496,-0.0555436871945858,0.017700735479593277,17.85332889854908,5.8934293,0.0,-3.59722338368073,-1.5455734821913207,,3.915202863320424,0.09666133007676903
2017-11-25,Maqueda Bay,29.119876697659492,33.909115847200155,-0.05005035549402237,0.028077028691768646,18.61629167199135,5.810763,5.704261110308715,-3.753472525881867,-1.4195359873012339,,4.012933892028785,0.09465854212856684
2017-11-26,Maqueda Bay,29.051026940345764,33.93963435664773,-0.043336283415555954,0.0158696249127388,19.53184700012207,3.4987113,0.0,-3.1792057916905403,-1.471170236690642,,3.503097391058815,0.09265575418036465
2017-11-27,Maqueda Bay,28.99169895797968,33.96557508967817,-0.051271095871925354,0.01892147585749626,19.53184700012207,4.107184,0.0,-3.6436140059776267,-1.6247131770989076,,3.9894380471935085,0.09065296623216246
2017-11-28,Maqueda Bay,28.95947141200304,33.98846397176385,-0.0476088747382164,0.0,17.242958679795265,4.1771293,32.46963205645161,-3.432162026489968,-2.3637687266041847,,4.167389922835598,0.08865017828396027
2017-11-29,Maqueda Bay,28.89794609695673,33.99761952459812,-0.03906369209289551,0.01342814415693283,18.005921453237534,5.3908944,0.0,-2.223942695298487,-0.5515033695874241,,2.291304667353903,0.08664739033575808
2017-11-30,Maqueda Bay,28.89428387582302,33.9991454500705,-0.017700735479593277,0.025635547935962677,15.869625687599182,5.707618,9.15216375019876,-2.6171141246893797,0.05428723214530059,,2.6176771086638353,0.08464460238755589
2017-12-01,Maqueda Bay,28.867183439433575,34.006775077432394,-0.0238044373691082,0.007324442267417908,16.63258846104145,3.0976684,24.659764563799268,-2.5083233944537158,-0.6020056219121489,,2.5795536474315948,0.0826418144393537
2017-12-02,Maqueda Bay,28.897213652729988,34.006775077432394,-0.035401470959186554,0.0006103701889514923,15.564440578222275,3.8367262,0.0,-2.3739929152064674,-0.7214845722661758,,2.4812058256961693,0.08063902649115151
2017-12-03,Maqueda Bay,28.899410985410213,34.00982692837715,-0.030518509447574615,0.0030518509447574615,16.022218242287636,1.7960691,0.0,-2.1082521003484054,-0.6380195562414985,,2.202679248726437,0.07863623854294938
2017-12-04,Maqueda Bay,28.940427862107754,34.00372322648764,-0.02685628831386566,-0.03479110077023506,15.106662914156914,13.076539,0.0,-1.3183144579449304,-2.0391129069786063,,2.428154537387062,0.07663345059474719
2017-12-05,Maqueda Bay,28.858394108712673,33.98388619534671,-0.05066072568297386,-0.01342814415693283,15.717033132910728,11.606627,29.098725575272752,-1.9736461291355867,-1.313652826114859,,2.3708569738833765,0.074630662646545
2017-12-06,Maqueda Bay,28.884762100875378,33.97930841892958,-0.028077028691768646,-0.005493331700563431,15.106662914156914,4.9074206,0.0,-1.5068514386258889,-0.6939327112606672,,1.6589586691194242,0.07262787469834281
2017-12-07,Maqueda Bay,28.871578104794025,33.97625656798482,-0.02624591812491417,-0.0006103701889514923,15.411848023533821,5.6246552,0.0,-1.5070114517838833,-0.6032865487244292,,1.6232800669260992,0.07062508675014062
2017-12-08,Maqueda Bay,29.02026428282261,33.944212133064866,-0.01892147585749626,-0.014038514345884323,12.817774593830109,4.3407354,0.0,-0.6657808300157962,-0.5203369373666124,,0.8449938709864045,0.06862229880193843
2017-12-09,Maqueda Bay,29.042970053851604,33.92895287834108,-0.017700735479593277,0.010986663401126862,12.359996929764748,1.9934171,41.519148092665425,-0.14543057363562661,-0.07245808163562574,,0.1624814615342391,0.06661951085373624
2017-12-10,Maqueda Bay,29.103762924671173,33.9060639962554,0.02685628831386566,-0.027466658502817154,10.528886273503304,10.236399,0.0,0.732044521324437,-0.19129162862648652,,0.7566251835510749,0.06461672290553405
2017-12-11,Maqueda Bay,28.952146969735622,33.90148621983826,-0.032959990203380585,-0.02685628831386566,13.73332992196083,2.4536865,32.76677472397296,-0.8232587853027122,-0.8614552845885175,,1.1915788832148633,0.06261393495733186
2017-12-12,Maqueda Bay,28.903805650770664,33.85876030661166,-0.032959990203380585,-0.012817773967981339,13.580737367272377,2.4495454,21.84451596601401,-1.0630826144805914,-1.8600647546368685,,2.142425153104118,0.06061114700912973
2017-12-13,Maqueda Bay,28.780755020678043,33.800775138661265,-0.031128879636526108,-0.03723258152604103,12.207404375076294,2.452111,87.37806386405605,-1.126912565035681,-4.03730159912144,,4.191626907479223,0.05860835906092754
2017-12-14,Maqueda Bay,28.673085719347,33.78246403299272,-0.05005035549402237,-0.08239997550845146,19.53184700012207,2.4495199,87.37806386405605,1.6017634811064132,-6.302172339017952,,6.50253969154277,0.05660557111272535
2017-12-15,Maqueda Bay,28.4365062341094,33.692434430122375,-0.04028443247079849,-0.08850367739796638,19.53184700012207,1.6544851,79.04361174037014,4.892513589254788,-2.1300025396196802,,5.336065970340796,0.05460278316452316
2017-12-16,Maqueda Bay,28.26877650618553,33.61308630555868,-0.028077028691768646,-0.023194067180156708,16.327403351664543,1.6122538,114.95869495022681,0.06062290455821312,0.4525817694151116,,0.4566239093214321,0.05259999521632097
2017-12-17,Maqueda Bay,28.353007592260838,33.59324927441776,-0.030518509447574615,0.059816278517246246,13.428144812583923,1.6210815,57.47934747511341,-2.1757432208449794,2.5429094865264554,,3.3466770414426197,0.05059720726811878
2017-12-18,Maqueda Bay,28.36252936720848,33.62376778386533,-0.014648884534835815,0.04699850454926491,14.496292695403099,2.8795567,0.0,-1.933426437485479,-0.005368683838890238,,1.9334338912758184,0.04859441931991659
2017-12-19,Maqueda Bay,28.293679609894753,33.65428629331291,-0.02624591812491417,0.027466658502817154,17.09036612510681,5.969265,0.0,-2.1181624156472423,-0.6508287374197483,,2.2158948676577475,0.046591631371714404
2017-12-20,Maqueda Bay,28.25925473123789,33.67259739898145,-0.05066072568297386,-0.003662221133708954,17.548143789172173,15.41364,0.0,-2.7566636969250617,-2.342690117732341,,3.6176500280797366,0.044588843423512214
2017-12-21,Maqueda Bay,28.168431647121906,33.681752951815724,-0.06591998040676117,-0.010986663401126862,19.53184700012207,15.411885,63.12379539360831,-3.737252237898659,-3.1818809148258174,,4.908301177170296,0.04258605547531008
2017-12-22,Maqueda Bay,28.085665449500084,33.716849237680435,-0.05798516795039177,0.02929776906967163,19.53184700012207,5.0345683,88.17105332241262,-5.122949383175863,-1.6138613249971034,,5.371141290163885,0.04058326752710789
2017-12-23,Maqueda Bay,28.082003228366375,33.78551588393748,-0.038453321903944016,0.05066072568297386,19.53184700012207,2.3743818,0.0,-3.809757669996434,0.11062935347677588,,3.811363582492144,0.0385804795789057
2017-12-24,Maqueda Bay,28.158909872174263,33.84044920094311,-0.025025177747011185,0.01892147585749626,16.17481079697609,5.416185,0.0,-2.559220952808243,-0.6659430825465743,,2.6444455136161085,0.03657769163070351
2017-12-25,Maqueda Bay,28.16183964908123,33.85265660472214,-0.036011841148138046,0.0030518509447574615,16.17481079697609,7.6561713,0.0,-2.4751228269341174,-1.235226794744611,,2.766228161751193,0.03457490368250132
2017-12-26,Maqueda Bay,28.166966758668423,33.86486400850117,-0.04577776417136192,0.01342814415693283,16.327403351664543,7.3373184,0.0,-2.808592652161214,-0.994612811563724,,2.979504544500756,0.032572115734299134
2017-12-27,Maqueda Bay,28.093722335994244,33.87554548680782,-0.04943998530507088,0.01037629321217537,18.005921453237534,3.8493824,50.83323405744843,-3.506297085461642,-1.3483022090786914,,3.756599273082409,0.030569327786096945
2017-12-28,Maqueda Bay,28.036591686308384,33.886226965114474,-0.0476088747382164,0.012207403779029846,18.463699117302895,4.4763002,37.65066145678636,-2.8165647849790183,-1.939008005646558,,3.419472069478759,0.028566539837894755
2017-12-29,Maqueda Bay,27.988982811570168,33.884701039642096,-0.0476088747382164,-0.0158696249127388,17.242958679795265,9.633448,16.944410977458805,-2.6709327918256642,-2.39233298087139,,3.5856852998854527,0.026563751889692566
2017-12-30,Maqueda Bay,27.91207616776228,33.88012326322496,-0.04943998530507088,-0.02624591812491417,19.53184700012207,9.633434,33.026582375100126,-2.7322460735626515,-3.066934558143559,,4.10746347402308,0.024560963941490432
2017-12-31,Maqueda Bay,27.856410406529903,33.86333808302879,-0.04455702379345894,-0.02075258642435074,16.785181015729904,9.551793,33.88882195491761,-2.2102317165304273,-1.8021606890020034,,2.851825273354105,0.022558175993288243
2018-01-01,Maqueda Bay,27.76119265705347,33.84350105188787,-0.05066072568297386,-0.017090365290641785,19.53184700012207,2.3029435,76.94303012736565,-4.686517129149225,-2.995780075284125,,5.56220649214666,0.020555388045086054
2018-01-02,Maqueda Bay,27.690145567059517,33.860286232084036,-0.04455702379345894,0.04272591322660446,19.53184700012207,1.9647914,86.45232580041373,-4.189598084793169,-0.7321120110766548,,4.253083600032486,0.018552600096883864
2018-01-03,Maqueda Bay,27.67549668252468,33.89080474153161,-0.036011841148138046,0.035401470959186554,18.005921453237534,1.9681622,12.3503323172644,-2.2932536205061296,-0.3293085338901016,,2.3167771318055865,0.016549812148681675
2018-01-04,Maqueda Bay,27.661580242216587,33.91216769814491,-0.03784295171499252,0.02929776906967163,17.548143789172173,2.5460489,23.999296217653242,-2.5809498773631248,-0.8979795629524479,,2.7327037096877147,0.014547024200479486
2018-01-05,Maqueda Bay,27.671834461390972,33.92590102739632,-0.036011841148138046,0.022583696991205215,16.17481079697609,7.764221,27.66262312858336,-3.047216257162136,-0.8801875554770824,,3.171790827077022,0.012544236252277297
2018-01-06,Maqueda Bay,27.665974907577038,33.93658250570297,-0.03723258152604103,0.025635547935962677,16.479995906352997,13.404922,0.0,-2.736993854310417,-0.8179036224427494,,2.856589171396189,0.010541448304075107
2018-01-07,Maqueda Bay,27.660847797989845,33.93810843117535,-0.03479110077023506,0.014648884534835815,15.869625687599182,5.544058,0.0,-1.8498063483611669,-0.473597999793473,,1.9094707622390172,0.008538660355872918
2018-01-08,Maqueda Bay,27.66231268644333,33.94268620759249,-0.02929776906967163,0.016479995101690292,15.564440578222275,5.1839733,9.44157759495045,-2.203158361631011,-0.42506733401946084,,2.243788984034607,0.006535872407670784
2018-01-09,Maqueda Bay,27.64986113458872,33.944212133064866,-0.04516739398241043,-0.0012207403779029846,16.022218242287636,4.737271,0.0,-2.9793935992152156,-1.9795870159970221,,3.57708693952895,0.004533084459468595
2018-01-10,Maqueda Bay,27.630817584693432,33.94116028212011,-0.048829615116119385,0.0006103701889514923,15.564440578222275,4.333837,48.34579251548661,-2.649583696103023,-0.9822258232105459,,2.825785082138518,0.0025302965112664055
2018-01-11,Maqueda Bay,27.565630048513412,33.9274269528687,-0.04821924492716789,-0.015259254723787308,15.869625687599182,4.481712,12.457469740954046,-1.4696093463146485,-1.2227252987146404,,1.9117554202596563,0.0005275085630642162
2018-01-12,Maqueda Bay,27.496047846972942,33.910641772672534,-0.05249183624982834,-0.03479110077023506,16.479995906352997,3.4389536,9.484303985689458,-1.9458005590989016,-2.570477984733327,,3.223894676596663,-0.001475279385137973
2018-01-13,Maqueda Bay,27.34443189203739,33.896908443421125,-0.0555436871945858,-0.02868739888072014,19.53184700012207,3.4364684,68.52213989351569,-4.109170581645117,-2.285383486064075,,4.701942210133176,-0.0034780673333401624
2018-01-14,Maqueda Bay,27.227240815758705,33.89385659247637,-0.04272591322660446,-0.004272591322660446,19.53184700012207,3.1685352,40.730177127820546,-3.6706295607650166,-2.33506037018054,,4.350405533366937,-0.005480855281542352
2018-01-15,Maqueda Bay,27.165715500712395,33.89233066700399,-0.036011841148138046,0.0030518509447574615,19.53184700012207,1.8719705,61.90274568197364,-2.371829577682916,-1.285397033578993,,2.6977437015967984,-0.007483643229744541
2018-01-16,Maqueda Bay,27.150334171950817,33.88927881605923,-0.03662221133708954,0.027466658502817154,16.17481079697609,3.42505,51.73176710067257,-2.8078871267284793,-0.3746062640523365,,2.8327654279016405,-0.00948643117794673
2018-01-17,Maqueda Bay,27.224311038851738,33.91827140003443,-0.030518509447574615,0.046388134360313416,16.17481079697609,3.3746214,23.454878175679806,-2.627129142170629,-0.01529532420342029,,2.627173667001227,-0.011489219126148864
2018-01-18,Maqueda Bay,27.2411572560668,33.94726398400962,-0.036011841148138046,0.032959990203380585,16.785181015729904,3.970466,17.001015972248783,-2.9901611579325174,-0.7259965838724477,,3.0770334398902452,-0.013492007074351053
2018-01-19,Maqueda Bay,27.255073696374893,33.970152866095304,-0.04150517284870148,0.020142216235399246,17.09036612510681,4.0067754,17.243922554402854,-3.167554369808311,-0.8205675872750635,,3.2721142784105424,-0.015494795022553243
2018-01-20,Maqueda Bay,27.304147459566593,33.98693804629147,-0.04211554303765297,0.0158696249127388,16.17481079697609,3.916106,0.0,-2.781508358727639,-1.4219804833322565,,3.123910569246431,-0.017497582970755432
2018-01-21,Maqueda Bay,27.33491011708975,33.99761952459812,-0.040894802659749985,0.01037629321217537,15.869625687599182,5.666443,12.77733860953429,-2.5581078927667993,-0.7568995301771853,,2.66773553595896,-0.01950037091895762
2018-01-22,Maqueda Bay,27.364940330386162,34.00830100290477,-0.035401470959186554,0.006103701889514923,15.869625687599182,7.2199574,0.0,-2.2026714041540307,-0.8188298614633392,,2.3499454582398207,-0.02150315886715981
2018-01-23,Maqueda Bay,27.418408758938313,34.01440470479429,-0.03662221133708954,-0.012207403779029846,15.106662914156914,7.010264,0.0,-1.843289767129884,-1.1331898591746201,,2.1637551669590387,-0.023505946815362
2018-01-24,Maqueda Bay,27.427198089659214,33.9991454500705,-0.038453321903944016,-0.004272591322660446,13.885922476649284,7.0102615,35.02082494803104,-1.7800394967341928,-1.2262738889460525,,2.161547654030462,-0.02550873476356419
2018-01-25,Maqueda Bay,27.517288729548454,34.00067137554288,-0.03479110077023506,-0.0012207403779029846,13.885922476649284,17.605146,1.6440292364258187,-1.6704921913460438,-0.601215921804287,,1.7753886182971563,-0.02751152271176638
2018-01-26,Maqueda Bay,27.529007837176323,33.97320471704006,-0.04699850454926491,-0.0006103701889514923,12.817774593830109,5.5549827,0.0,-2.389565096560295,-0.8888801435055302,,2.5495351066846728,-0.029514310659968568
2018-01-27,Maqueda Bay,27.419873647391796,33.98693804629147,-0.046388134360313416,0.014648884534835815,19.53184700012207,5.554765,135.9426124443839,-3.8155519659930213,-1.1467202870224007,,3.9841441015432597,-0.0315170986081707
2018-01-28,Maqueda Bay,27.362742997705936,34.00067137554288,-0.03479110077023506,0.016479995101690292,19.53184700012207,4.946633,40.92290930447673,-3.269828849782969,-0.9502842157967676,,3.405116855214442,-0.03351988655637289
2018-01-29,Maqueda Bay,27.428662978112698,34.01440470479429,-0.03234962001442909,-0.015259254723787308,16.022218242287636,5.310648,18.199589396768264,-2.0804804915353903,-1.3848285869610064,,2.4992297395245116,-0.03552267450457508
2018-01-30,Maqueda Bay,27.389843434095383,34.018982481211424,-0.03479110077023506,-0.030518509447574615,17.39555123448372,3.2411718,0.0,-2.477414705971397,-1.9225424546091836,,3.1358815531103925,-0.03752546245277727
2018-01-31,Maqueda Bay,27.381786547601223,34.02508618310094,-0.03234962001442909,-0.022583696991205215,17.242958679795265,3.1538856,0.0,-2.5474559630070037,-1.5949922267587817,,3.0055834852622008,-0.03952825040097946
2018-02-01,Maqueda Bay,27.41328164935112,34.015930630266666,-0.03479110077023506,-0.046388134360313416,15.564440578222275,4.5963635,80.58843669510473,-2.1272503680873722,-2.1098684532145415,,2.9961206615217923,-0.04153103834918165
2018-02-02,Maqueda Bay,27.410351872444153,33.9991454500705,-0.03784295171499252,-0.0476088747382164,15.106662914156914,4.6636014,0.0,-2.133717888109297,-2.2587090457335597,,3.107172119358084,-0.04353382629738384
2018-02-03,Maqueda Bay,27.402294985949993,33.98846397176385,-0.03418073058128357,-0.04211554303765297,15.869625687599182,4.6015,32.07217156429261,-1.6866096333150595,-1.4298393806740497,,2.2111292838089565,-0.04553661424558603
2018-02-04,Maqueda Bay,27.402294985949993,33.956419536843896,-0.03479110077023506,-0.04821924492716789,13.73332992196083,1.5279912,26.289883729316482,-1.1835047025657843,-1.467279201825028,,1.8850972487125477,-0.047539402193788216
2018-02-05,Maqueda Bay,27.354686111211777,33.94116028212011,-0.02685628831386566,-0.08423108607530594,16.327403351664543,1.2796159,0.0,-0.388846675946736,-3.211931967538027,,3.235383856899754,-0.04954219014199035
2018-02-06,Maqueda Bay,27.289498575031757,33.91216769814491,-0.036011841148138046,-0.10742515325546265,18.31110656261444,1.0154575,0.0,-1.4442488553369182,-3.8963898814320377,,4.155443281320053,-0.05154497809019254
2018-02-07,Maqueda Bay,27.22943814843893,33.89538251794875,-0.03418073058128357,-0.06775109097361565,17.548143789172173,1.3638998,40.5485362977293,-2.145009649255224,-2.524365153696942,,3.31262521644049,-0.05354776603839473
2018-02-08,Maqueda Bay,27.300485238432884,33.8557084556669,-0.019531846046447754,-0.05005035549402237,12.665182039141655,1.8423204,12.285167946061048,0.6776741727820117,-1.3484330599396916,,1.5091434662066108,-0.05555055398659692
2018-02-09,Maqueda Bay,27.385448768734932,33.80382698960602,-0.003662221133708954,-0.05798516795039177,10.528886273503304,1.7460661,0.0,1.4772395404520373,-0.5350810281951777,,1.5711614705718042,-0.05755334193479911
2018-02-10,Maqueda Bay,27.624225586652756,33.78246403299272,-0.03418073058128357,-0.05005035549402237,10.528886273503304,3.439216,0.0,0.8973687454698361,-1.0431262204318204,,1.376002535280543,-0.059556129883001296
2018-02-11,Maqueda Bay,27.53193761408329,33.81145661696792,-0.04821924492716789,-0.04943998530507088,12.207404375076294,2.639634,0.0,-1.5136567195580817,-2.2182854182539407,,2.685506816506224,-0.061558917831203486
2018-02-12,Maqueda Bay,27.451368749141693,33.823664020746946,-0.05615405738353729,-0.04150517284870148,17.700736343860626,2.7661676,73.04924065140169,-3.529351270213684,-3.464130633787735,,4.945353519871513,-0.06356170577940568
2018-02-13,Maqueda Bay,27.324655897915363,33.812982542440295,-0.043946653604507446,-0.007324442267417908,19.53184700012207,2.0938528,97.39898613667525,-5.468030831636274,-1.8536122426632162,,5.773667770306483,-0.06556449372760786
2018-02-14,Maqueda Bay,27.300485238432884,33.825189946219325,-0.032959990203380585,0.040894802659749985,18.31110656261444,2.4045594,39.39749168946812,-3.540898471466068,0.12872395931046304,,3.5432374804592617,-0.06756728167581
2018-02-15,Maqueda Bay,27.484328739345074,33.838923275470734,-0.03784295171499252,0.03357036039233208,13.428144812583923,2.3973053,0.0,-1.8949132567155687,0.05424772005536233,,1.8956896015982172,-0.06957006962401219
2018-02-16,Maqueda Bay,27.717978447675705,33.85265660472214,-0.038453321903944016,0.02075258642435074,12.665182039141655,3.537361,0.0,-1.4560982941311122,-0.4368356249168402,,1.5202130131557292,-0.07157285757221438
2018-02-17,Maqueda Bay,27.583941154181957,33.86486400850117,-0.04211554303765297,0.0012207403779029846,14.801477804780006,2.6342983,0.0,-2.1674404020119207,-1.122126466776932,,2.440689595936951,-0.07357564552041657
2018-02-18,Maqueda Bay,27.599322482943535,33.87859733775258,-0.0476088747382164,0.012207403779029846,15.717033132910728,15.759709,0.0,-2.924948121865536,-1.33800013569576,,3.216452374702072,-0.07557843346861876
2018-02-19,Maqueda Bay,27.60957670211792,33.89233066700399,-0.04516739398241043,0.02136295661330223,15.869625687599182,8.934826,0.0,-3.2131969908474654,-1.1322697652895466,,3.406856281585716,-0.07758122141682094
2018-02-20,Maqueda Bay,27.60957670211792,33.898434368893504,-0.039674062281847,0.02136295661330223,15.869625687599182,6.111212,37.384785612607324,-3.020921391099404,-0.5179743584113287,,3.0650062784884446,-0.07958400936502313
2018-02-21,Maqueda Bay,27.66231268644333,33.91369362361729,-0.035401470959186554,0.022583696991205215,15.564440578222275,8.329833,0.0,-2.9540523123500657,-0.7117081071113658,-0.08158679731322523,3.0385775444817615,-0.08158679731322523
2018-02-22,Maqueda Bay,27.693075343966484,33.919797325506806,-0.039674062281847,-0.01037629321217537,15.259255468845367,7.654261,0.0,-2.6911993639601293,-1.8602025642641467,,3.2715298556905013,-0.07928037751348681
2018-02-23,Maqueda Bay,27.663777574896812,33.921323250979185,-0.05005035549402237,-0.012817773967981339,16.479995906352997,9.615081,0.0,-2.8109826811395178,-2.6538500440076116,,3.865817337866019,-0.07697395771374839
2018-02-24,Maqueda Bay,27.611774034798145,33.910641772672534,-0.048829615116119385,-0.006714072078466415,17.09036612510681,9.615081,61.64277051231278,-2.7588600241704193,-1.4961892754585988,,3.138453597070209,-0.07466753791400997
2018-02-25,Maqueda Bay,27.575151823461056,33.90453807078302,-0.04211554303765297,0.001831110566854477,17.242958679795265,5.3625474,61.45011876072569,-2.790220797609124,-0.9491834766292175,,2.9472497979839485,-0.07236111811427155
2018-02-26,Maqueda Bay,27.599322482943535,33.89996029436588,-0.04150517284870148,0.0006103701889514923,15.564440578222275,5.317309,22.830945684430052,-2.11720750678576,-1.2671260469343255,,2.46742295636751,-0.07005469831453313
2018-02-27,Maqueda Bay,27.623493142426014,33.89996029436588,-0.04150517284870148,0.017700735479593277,15.411848023533821,1.6224917,6.427247995971351,-2.7586735102050257,-0.8807234917721427,,2.8958510674525777,-0.06774827851479472
2018-02-28,Maqueda Bay,27.72383800148964,33.90148621983826,-0.035401470959186554,0.023194067180156708,13.580737367272377,1.0444087,0.0,-2.2974073660153453,-0.4418023771052321,,2.339502072201989,-0.0654418587150563
2018-03-01,Maqueda Bay,27.741416662931442,33.9060639962554,-0.03479110077023506,0.01892147585749626,14.496292695403099,5.425242,0.0,-2.2707398777900876,-0.5576264726106346,,2.3382059095687704,-0.06313543891531788
2018-03-02,Maqueda Bay,27.76046021282673,33.90453807078302,-0.03906369209289551,0.017090365290641785,14.496292695403099,6.4882407,0.0,-2.5130700901848217,-0.6703041954455591,,2.6009284866396207,-0.06082901911557946
2018-03-03,Maqueda Bay,27.80660419911146,33.90301214531064,-0.035401470959186554,0.029908139258623123,14.496292695403099,6.487805,0.0,-2.7360905177682673,0.027588377946846956,,2.7362296029425535,-0.05852259931584104
2018-03-04,Maqueda Bay,27.819055750966072,33.910641772672534,-0.04516739398241043,0.01037629321217537,15.259255468845367,3.4359624,0.0,-2.9543650131113166,-0.8927556425485023,,3.0863060878659487,-0.056216179516102624
2018-03-05,Maqueda Bay,27.810998864471912,33.91521954908967,-0.04272591322660446,0.01831110566854477,15.564440578222275,1.140245,0.0,-2.3679264530794537,-0.3948212138490181,,2.4006164787609565,-0.053909759716364206
2018-03-06,Maqueda Bay,27.83443707972765,33.91674547456205,-0.048829615116119385,-0.014038514345884323,15.564440578222275,2.9204597,0.0,-3.0304833700580414,-1.9119060411753732,,3.5831849193812526,-0.05160333991662579
2018-03-07,Maqueda Bay,27.853480629622936,33.919797325506806,-0.0555436871945858,-0.014038514345884323,15.564440578222275,6.4978848,0.0,-2.596867954678294,-1.9668101273087788,,3.257616498441675,-0.04929692011688737
2018-03-08,Maqueda Bay,27.935514383018017,33.919797325506806,-0.04455702379345894,-0.03906369209289551,14.648885250091553,1.748397,0.0,-1.9171761700075585,-1.7276694627625862,,2.5807762861990216,-0.04699050031714895
2018-03-09,Maqueda Bay,27.910611279308796,33.922849176451564,-0.05249183624982834,-0.025635547935962677,16.022218242287636,3.4946373,0.0,-2.0014321207121952,-1.6027911963490393,,2.5641119618519976,-0.04468408051741053
2018-03-10,Maqueda Bay,27.849818408489227,33.9274269528687,-0.05493331700563431,-0.009155552834272385,17.242958679795265,1.5824677,0.0,-3.156394370056449,-2.3459139284222323,,3.9327010538419365,-0.042377660717672114
2018-03-11,Maqueda Bay,27.734824664890766,33.92895287834108,-0.05310220643877983,-0.012817773967981339,19.53184700012207,1.5934219,0.0,-3.6037294462831535,-2.372180473449129,,4.314406809820049,-0.040071240917933695
2018-03-12,Maqueda Bay,27.657185576856136,33.9274269528687,-0.04516739398241043,-0.016479995101690292,17.700736343860626,1.4274579,0.0,-2.9717768691070607,-2.291930484215067,,3.7529192776069773,-0.03776482111819528
2018-03-13,Maqueda Bay,27.636677138507366,33.93047880381346,-0.040894802659749985,-0.02075258642435074,17.242958679795265,1.4124765,0.0,-2.5547008071237034,-1.8821256400019382,,3.173151924927517,-0.03545840131845686
2018-03-14,Maqueda Bay,27.676961570978165,33.933530654758215,-0.04211554303765297,-0.0238044373691082,15.869625687599182,1.4152685,0.0,-2.3361924850358373,-2.1104477735302365,,3.1482987678961876,-0.03315198151871844
2018-03-15,Maqueda Bay,27.69600512087345,33.91827140003443,-0.038453321903944016,-0.0024414807558059692,14.343700140714645,1.4176493,64.00330484041602,-2.140343277710818,-0.7121452483733093,,2.255708359079819,-0.030845561718980022
2018-03-16,Maqueda Bay,27.782433539628983,33.90758992172778,-0.03723258152604103,-0.02624591812491417,13.580737367272377,1.4973526,0.0,-2.4376399321146973,-1.5947571327582817,,2.912960478812502,-0.028539141919241603
2018-03-17,Maqueda Bay,27.80660419911146,33.921323250979185,-0.046388134360313416,-0.017700735479593277,15.259255468845367,1.8578724,0.0,-2.8619162235132465,-2.1305964981281442,,3.5679133829514744,-0.026232722119503185
2018-03-18,Maqueda Bay,27.841029077768326,33.9274269528687,-0.039674062281847,-0.0024414807558059692,15.564440578222275,1.028254,0.0,-2.2151647771173604,-1.7636355763455576,,2.831495265038092,-0.023926302319764767
2018-03-19,Maqueda Bay,27.935514383018017,33.932004729285836,-0.032959990203380585,-0.0024414807558059692,14.496292695403099,2.72182,0.0,-2.115456849934495,-0.8668721723648394,,2.2861813242075333,-0.02161988252002635
2018-03-20,Maqueda Bay,28.073213897645473,33.93658250570297,-0.02868739888072014,-0.017700735479593277,13.580737367272377,1.578353,0.0,-1.422539895102103,-0.9796760184389522,,1.7272477686370016,-0.01931346272028793
2018-03-21,Maqueda Bay,28.052705459296703,33.93963435664773,-0.03234962001442909,-0.03662221133708954,15.259255468845367,2.5779297,0.0,-1.745459453137867,-1.8899636791093704,,2.5726623196410694,-0.01700704292054951
2018-03-22,Maqueda Bay,28.078341007232666,33.94116028212011,-0.04516739398241043,-0.02868739888072014,15.411848023533821,2.643448,0.0,-2.2291419796563727,-2.109295232704298,,3.0689086568640995,-0.014700623120811093
2018-03-23,Maqueda Bay,27.99410992115736,33.945738058537245,-0.046388134360313416,-0.02624591812491417,17.548143789172173,2.0369322,0.0,-2.8579658262721273,-2.925765338566086,,4.089996513506343,-0.012394203321072675
2018-03-24,Maqueda Bay,27.872524179518223,33.95336768589914,-0.04272591322660446,-0.03357036039233208,19.53184700012207,1.629599,0.0,-3.1482819977982652,-3.4279024967946774,,4.654266329422051,-0.010087783521334256
2018-03-25,Maqueda Bay,27.77730643004179,33.96099731326103,-0.03784295171499252,-0.04272591322660446,19.53184700012207,1.4215499,57.94616457797048,-2.474073991339912,-3.3589720447682523,,4.17177843517117,-0.007781363721595838
2018-03-26,Maqueda Bay,27.73702199757099,33.968626940622926,-0.030518509447574615,-0.07080294191837311,17.700736343860626,2.1698945,0.0,-0.7448548106505165,-3.4729954009286867,,3.551972092207514,-0.00547494392185742
2018-03-27,Maqueda Bay,27.75240332633257,33.9777824934572,-0.024414807558059692,-0.07995849475264549,16.17481079697609,1.5139732,0.0,0.5574261026426763,-2.773238259568096,,2.828705411356878,-0.0031685241221190014
2018-03-28,Maqueda Bay,27.76558732241392,33.97930841892958,-0.014038514345884323,-0.07873775437474251,15.717033132910728,1.4141239,0.0,0.7188671319160173,-2.2647318848674023,,2.3760851128872083,-0.000862104322380583
2018-03-29,Maqueda Bay,27.873256623744965,33.98693804629147,-0.01037629321217537,-0.08056886494159698,14.95407035946846,1.2860694,0.0,1.2712115195147995,-2.2082950151603016,,2.548047409552845,0.0014443154773578354
2018-03-30,Maqueda Bay,27.896694839000702,33.994567673653364,-0.014038514345884323,-0.06836146116256714,15.411848023533821,1.3975624,22.254262487642958,0.0384443190772558,-2.3505716355468738,,2.3508859988325295,0.0037507352770962538
2018-03-31,Maqueda Bay,27.905484169721603,34.00372322648764,-0.023194067180156708,-0.05371257662773132,16.17481079697609,1.4188662,0.0,-0.48954144090829516,-2.46581575130911,,2.513940759399609,0.006057155076834672
2018-04-01,Maqueda Bay,27.99850458651781,34.00982692837715,-0.02685628831386566,-0.03723258152604103,14.95407035946846,2.353357,0.0,-0.4924958274570651,-1.912789451620631,,1.9751748343611948,0.00836357487657309
2018-04-02,Maqueda Bay,28.04318368434906,34.00982692837715,-0.031128879636526108,0.007324442267417908,14.801477804780006,1.8073479,0.0,-1.5325453208171902,-1.0844329790127034,,1.8774157894108143,0.010669994676311509
2018-04-03,Maqueda Bay,28.08346811681986,34.01440470479429,-0.03234962001442909,0.009155552834272385,15.411848023533821,4.3552375,0.0,-1.96658073541165,-1.0494603405973744,,2.2290820521862766,0.012976414476049927
2018-04-04,Maqueda Bay,28.08786278218031,34.018982481211424,-0.030518509447574615,0.008545182645320892,16.022218242287636,1.2490122,0.0,-2.4346061798905514,-1.052302243365569,,2.652290946060306,0.015282834275788346
2018-04-05,Maqueda Bay,28.154515206813812,34.02508618310094,-0.03234962001442909,0.0012207403779029846,15.411848023533821,6.3101707,0.0,-1.8764628437821127,-1.4818733240030497,,2.3910377145680286,0.017589254075526764
2018-04-06,Maqueda Bay,28.19919430464506,34.02508618310094,-0.036011841148138046,0.005493331700563431,14.95407035946846,5.514404,0.0,-2.16452707893573,-1.5576950143176143,,2.666756688015612,0.019895673875265182
2018-04-07,Maqueda Bay,28.20651874691248,34.017456555739045,-0.04577776417136192,-0.0158696249127388,15.106662914156914,5.39988,18.73323781003234,-2.174035469123488,-1.9910457226798524,,2.9479981836508515,0.0222020936750036
2018-04-08,Maqueda Bay,28.187475197017193,34.01135285384953,-0.06164738908410072,0.017090365290641785,16.022218242287636,11.731365,18.12654792328584,-2.9613341137244973,-0.8798877610028578,,3.0892883007370933,0.02450851347474202
2018-04-09,Maqueda Bay,28.22775962948799,33.994567673653364,-0.043946653604507446,0.04211554303765297,14.038515031337738,3.0005672,0.0,-2.503760981935365,-0.21568938686803635,,2.5130342151012295,0.026814933274480438
2018-04-10,Maqueda Bay,28.269508950412273,33.994567673653364,-0.03906369209289551,0.014648884534835815,14.191107586026192,3.1754398,32.05446412046933,-2.618981566651262,-0.6828461377161046,,2.7065371407488388,0.029121353074218856
2018-04-11,Maqueda Bay,28.269508950412273,33.994567673653364,-0.04821924492716789,0.012817773967981339,14.648885250091553,3.2797778,29.922460166356895,-2.4237374724356022,-0.682079363866389,,2.517883157317055,0.031427772873957274
2018-04-12,Maqueda Bay,28.34641559422016,34.00219730101526,-0.051881466060876846,0.02075258642435074,14.191107586026192,6.697949,0.0,-2.9759704614055806,-0.5222042337453489,,3.0214396318477243,0.03373419267369569
2018-04-13,Maqueda Bay,28.361064478754997,34.005249151960015,-0.05249183624982834,0.023194067180156708,14.496292695403099,1.5371294,0.0,-3.09560814085399,-0.27164850707336785,,3.107504251504201,0.03604061247343411
2018-04-14,Maqueda Bay,28.380840472877026,34.01440470479429,-0.048829615116119385,0.012817773967981339,14.801477804780006,1.2561435,0.0,-2.8975498366353203,-0.573594357345051,,2.9537781810019945,0.03834703227317253
2018-04-15,Maqueda Bay,28.43577378988266,34.02508618310094,-0.0476088747382164,-0.001831110566854477,14.343700140714645,8.054006,0.0,-2.7248648116340797,-1.2504562547143918,,2.9980875715422277,0.04065345207291095
2018-04-16,Maqueda Bay,28.479720443487167,34.03271581046283,-0.04699850454926491,-0.009155552834272385,14.496292695403099,8.147577,0.0,-2.4553493418472505,-1.0322826189828893,,2.6635216905375296,0.042959871872649366
2018-04-17,Maqueda Bay,28.658436834812164,34.03576766140759,-0.04028443247079849,-0.025025177747011185,12.512589484453201,7.50956,0.0,-2.131081093523652,-1.0064397575254547,,2.356783318996861,0.045266291672387785
2018-04-18,Maqueda Bay,28.77929013222456,34.041871363297105,-0.04028443247079849,-0.028077028691768646,12.817774593830109,7.50956,0.0,-2.0557971270354867,-0.959813296815158,,2.2688198236683634,0.0475727114721262
2018-04-19,Maqueda Bay,28.8115176782012,34.028138034045696,-0.04577776417136192,-0.022583696991205215,12.512589484453201,0.8055062,21.203874936667816,-1.7463017143414676,-0.9747912727298885,,1.9999469250213378,0.04987913127186462
2018-04-20,Maqueda Bay,28.74193547666073,34.03271581046283,-0.0476088747382164,-0.0030518509447574615,14.191107586026192,0.97757083,0.0,-1.980928471498339,-1.0728628448276416,,2.2528009883264004,0.05218555107160304
2018-04-21,Maqueda Bay,28.79613634943962,34.028138034045696,-0.04516739398241043,0.006714072078466415,12.817774593830109,0.8941594,0.0,-2.143500425749918,-0.6646567651720986,,2.2441841926809656,0.05449197087134146
2018-04-22,Maqueda Bay,28.84081544727087,34.028138034045696,-0.03784295171499252,0.0079348124563694,13.27555225789547,1.2299143,6.7656712121860965,-2.0374204526882007,-0.38433938584170413,,2.0733544956281285,0.056798390671079876
2018-04-23,Maqueda Bay,28.84447766840458,34.03881951235235,-0.043946653604507446,0.009155552834272385,13.885922476649284,3.9410315,0.0,-2.5480810001325302,-0.23230225161928908,,2.5586482992673663,0.059104810470818295
2018-04-24,Maqueda Bay,28.93456830829382,34.041871363297105,-0.03418073058128357,-0.0012207403779029846,12.970367148518562,4.8211174,0.0,-1.6186677274906107,-0.5215462975716573,,1.7006162860946386,0.06141123027055671
2018-04-25,Maqueda Bay,29.01220739632845,34.04644913971424,-0.04150517284870148,-0.025635547935962677,12.665182039141655,1.2331897,1.2953609046848138,-1.574020863065749,-0.7150511812436855,,1.7288261535400937,0.06371765007029513
2018-04-26,Maqueda Bay,29.030518501996994,34.040345437824726,-0.051271095871925354,-0.001831110566854477,12.359996929764748,6.3594704,0.0,-2.1571346982514714,-0.9154496306831521,,2.343347633774892,0.06602406987003355
2018-04-27,Maqueda Bay,29.03271583467722,34.049500990659,-0.04821924492716789,-0.006714072078466415,13.27555225789547,1.2842886,10.88239075767646,-2.1147331420248174,-0.46412496735392206,,2.1650654140924788,0.06833048966977197
2018-04-28,Maqueda Bay,29.043702498078346,34.05865654349327,-0.051881466060876846,-0.0048829615116119385,13.27555225789547,4.0458984,0.0,-2.2782950459134077,-1.2404578406294904,,2.594101765662395,0.07063690946951039
2018-04-29,Maqueda Bay,29.12280647456646,34.05713061802089,-0.03784295171499252,-0.02868739888072014,11.139256492257118,4.1646304,0.0,-1.3282428048817083,-1.2711155250285144,,1.8384677388218005,0.0729433292692488
2018-04-30,Maqueda Bay,29.215826891362667,34.05560469254851,-0.051271095871925354,-0.029908139258623123,11.749626711010933,3.859438,17.87514421870265,-1.7286810800897605,-1.264885413164348,,2.142025533250303,0.07524974906898722
2018-05-01,Maqueda Bay,29.13452558219433,34.066286170855165,-0.06103701889514923,0.009155552834272385,12.970367148518562,4.583756,0.0,-2.7405292261596648,-0.8051788171078362,,2.8563636615379466,0.07755616886872564
2018-05-02,Maqueda Bay,29.15210424363613,34.064760245382786,-0.04516739398241043,0.01342814415693283,10.83407138288021,2.3556268,14.234219622868363,-2.4007481984995964,-0.45543769611653523,,2.4435661250809226,0.07986258866846406
2018-05-03,Maqueda Bay,29.174077570438385,34.06170839443803,-0.036011841148138046,0.008545182645320892,11.291849046945572,2.226285,41.460047749696606,-2.0910712472032986,-0.27612138255226426,,2.1092230746848313,0.08216900846820248
2018-05-04,Maqueda Bay,29.12720113992691,34.06781209632754,-0.05493331700563431,0.016479995101690292,11.902219265699387,2.1936905,5.1449094031080485,-2.1791078255558376,-0.10356276351200622,,2.1815673634763,0.0844754282679409
2018-05-05,Maqueda Bay,29.18433178961277,34.08459727652371,-0.04516739398241043,0.007324442267417908,12.207404375076294,2.957878,0.0,-1.920386455016626,-0.4217154870265118,,1.966145490193778,0.08678184806767932
2018-05-06,Maqueda Bay,29.27002776414156,34.089175052940845,-0.0476088747382164,-0.0030518509447574615,11.749626711010933,3.1429117,0.0,-1.4777018237813828,-0.3076078747184345,,1.5093791056575605,0.08908826786741773
2018-05-07,Maqueda Bay,29.354258850216866,34.09527875483036,-0.038453321903944016,0.008545182645320892,12.207404375076294,5.3662715,0.0,-1.130159948548532,-0.059007876181189044,,1.1316993588204578,0.09139468766715615
2018-05-08,Maqueda Bay,29.44581437855959,34.10443430766463,-0.028077028691768646,0.009155552834272385,12.817774593830109,1.4006199,1.4728731779458883,-0.6811073521131238,0.18891645708714272,,0.7068215141468949,0.09370110746689457
2018-05-09,Maqueda Bay,29.573992118239403,34.102908382192254,-0.03662221133708954,-0.006714072078466415,12.817774593830109,1.3471173,0.0,-1.0965421688093235,-0.6978669515288932,,1.299778061829513,0.09600752726663299
2018-05-10,Maqueda Bay,29.428235717117786,34.10596023313701,-0.051881466060876846,0.004272591322660446,13.428144812583923,31.445574,0.0,-1.925449333722718,-0.17098604074940987,,1.933026477538375,0.09831394706637141
2018-05-11,Maqueda Bay,29.42970060557127,34.11053800955415,-0.05371257662773132,-0.0030518509447574615,12.05481182038784,4.923121,0.0,-1.9751737964919374,-0.5960269827671391,,2.0631431580321498,0.10062036686610983
2018-05-12,Maqueda Bay,29.50294502824545,34.11206393502653,-0.056764427572488785,-0.017090365290641785,10.83407138288021,10.546256,0.0,-1.4286938258394504,-0.7788815238396624,,1.6272131010321176,0.10292678666584824
2018-05-13,Maqueda Bay,29.612811662256718,34.115115785971284,-0.05615405738353729,0.008545182645320892,10.528886273503304,10.522434,20.724805647327052,-1.0783861777037433,-0.5588483295377982,,1.214589726487787,0.10523320646558666
2018-05-14,Maqueda Bay,29.58571122586727,34.11053800955415,-0.040894802659749985,0.03234962001442909,10.681478828191757,5.5265045,6.188193902808217,-1.3446165130452667,0.41448686526338624,,1.4070511464157514,0.10753962626532508
2018-05-15,Maqueda Bay,29.551286347210407,34.13037504069507,-0.03357036039233208,0.021973326802253723,11.139256492257118,4.3658595,0.0,-1.8459838238970894,0.3458810994026004,,1.8781080940706452,0.1098460460650635
2018-05-16,Maqueda Bay,29.526383243501186,34.14716022089124,-0.04516739398241043,0.008545182645320892,11.59703415632248,11.569618,0.0,-1.6007938980718435,-0.07659205004942736,,1.6026251733436678,0.11215246586480192
2018-05-17,Maqueda Bay,29.633320100605488,34.148686146363616,-0.05249183624982834,-0.015259254723787308,11.139256492257118,15.641917,5.777475272089288,-1.1465587527333345,-0.4938376099158343,,1.2483879839364056,0.11445888566454034
2018-05-18,Maqueda Bay,29.656025871634483,34.148686146363616,-0.051881466060876846,0.009765923023223877,10.83407138288021,2.380856,5.055290388438376,-1.118284455694661,0.03705578594538518,,1.118898232691577,0.11676530546427875
2018-05-19,Maqueda Bay,29.664082758128643,34.15631577372551,-0.04699850454926491,0.005493331700563431,10.83407138288021,0.8993766,0.0,-1.6139085590873166,0.036685878830838056,,1.614325459998971,0.11907172526401717
2018-05-20,Maqueda Bay,29.67873164266348,34.160893550142646,-0.03906369209289551,0.02075258642435074,10.681478828191757,0.88415354,0.0,-1.5024861849504143,0.35196933970083316,,1.5431614147769153,0.12137814506375559
2018-05-21,Maqueda Bay,29.806909382343292,34.162419475615025,-0.01831110566854477,0.02075258642435074,10.528886273503304,3.00928,5.399369258851316,-1.0364974234956175,0.3109995527196117,,1.0821495417477438,0.12368456486349401
2018-05-22,Maqueda Bay,29.734397403895855,34.173100953921676,-0.022583696991205215,0.028077028691768646,11.291849046945572,3.045494,6.33586287168863,-1.1417898020073627,0.6258665377842683,,1.3020725306549092,0.12599098466323244
2018-05-23,Maqueda Bay,29.839869372546673,34.18378243222833,-0.05249183624982834,0.008545182645320892,11.902219265699387,1.5581627,6.33586287168863,-1.5298303063461924,0.2202229091778751,,1.5455998498777268,0.12829740446297083
2018-05-24,Maqueda Bay,29.78566849976778,34.18836020864546,-0.06408886983990669,0.014038514345884323,11.291849046945572,15.292361,0.0,-2.2309976506635847,0.07966356702798295,,2.2324194948929414,0.13060382426270928
2018-05-25,Maqueda Bay,29.730002738535404,34.18225650675595,-0.054322946816682816,0.01342814415693283,10.528886273503304,2.260132,6.33586287168863,-1.5028821406255817,0.20118357119721844,,1.5162880854016485,0.13291024406244767
2018-05-26,Maqueda Bay,29.72414318472147,34.18988613411784,-0.06286812946200371,-0.0006103701889514923,10.528886273503304,5.8637733,0.0,-2.0631721692872698,-0.0399658977478712,,2.0635592245206658,0.13521666386218611
2018-05-27,Maqueda Bay,29.722678296267986,34.17920465581119,-0.07080294191837311,0.005493331700563431,10.528886273503304,0.70620114,10.82508394941573,-2.0928886774161044,-0.061051401869855935,,2.0937789495853676,0.1375230836619245
2018-05-28,Maqueda Bay,29.674336977303028,34.18225650675595,-0.06042664870619774,-0.005493331700563431,10.528886273503304,3.6962173,0.0,-1.882831719623433,-0.350725272163085,,1.915218917240012,0.13982950346166295
2018-05-29,Maqueda Bay,29.526383243501186,34.18225650675595,-0.059816278517246246,-0.007324442267417908,10.528886273503304,3.6833904,12.933720749827204,-2.0805181444711347,-0.4109602170534772,,2.120717814673667,0.14213592326140134
2018-05-30,Maqueda Bay,29.401867724955082,34.20361946336925,-0.039674062281847,0.01892147585749626,10.986663937568665,3.683493,0.0,-1.9466079401480805,0.193121453605919,,1.956164197732495,0.1444423430611398
2018-05-31,Maqueda Bay,29.476577036082745,34.18988613411784,-0.02685628831386566,-0.0024414807558059692,10.528886273503304,3.707298,17.913756940405122,-1.4704366288568294,-0.05708872649075966,,1.4715444275237406,0.14674876286087818
2018-06-01,Maqueda Bay,29.541764572262764,34.1425824444741,-0.03234962001442909,0.004272591322660446,10.528886273503304,3.8669689,11.858108274398312,-0.7905620091574596,-0.002128041805248739,,0.7905648732931435,0.14905518266061663
2018-06-02,Maqueda Bay,29.765892505645752,34.05560469254851,0.021973326802253723,-0.035401470959186554,10.528886273503304,3.9476786,6.776061948726436,0.9294827818046362,-0.3382393509085373,,0.9891127843549053,0.15136160246035502
2018-06-03,Maqueda Bay,29.745384067296982,34.07391579821706,0.006103701889514923,-0.09216589853167534,10.528886273503304,3.8145797,20.46259555142779,2.1499716849415185,-0.8301697687457967,,2.304682210412039,0.15366802226009346
2018-06-04,Maqueda Bay,30.058137752115726,34.06323431991041,-0.038453321903944016,-0.06469924002885818,10.528886273503304,2.967611,13.118074654434134,0.9697972710246364,-1.3853542367765914,,1.691068629075025,0.15597444205983185
2018-06-05,Maqueda Bay,29.901394687592983,34.02661210857332,-0.020142216235399246,-0.048829615116119385,10.528886273503304,3.037669,35.57432526853593,1.3604035215908528,-1.4709225187330826,,2.0035745051464566,0.1582808618595703
2018-06-06,Maqueda Bay,29.857448033988476,33.98541212081909,0.02929776906967163,-0.06469924002885818,10.528886273503304,2.6834848,9.325891266220724,3.8888255846442297,-0.6401707721542882,,3.941165188786706,0.1605872816593087
2018-06-07,Maqueda Bay,29.774681836366653,33.97320471704006,0.04821924492716789,-0.03479110077023506,12.05481182038784,2.6765492,11.81023961314774,4.435897604916272,1.5588599430600028,,4.701832821717394,0.16289370145904714
2018-06-08,Maqueda Bay,29.71169163286686,33.97625656798482,0.043336283415555954,0.022583696991205215,16.937773570418358,2.9787757,5.376945454587218,3.0134907101714723,2.7802839418610357,,4.100134760914585,0.16520012125878553
2018-06-09,Maqueda Bay,29.69924008101225,33.98846397176385,0.04577776417136192,0.0634784996509552,18.158514007925987,2.9832115,10.753890909174435,2.218062850578591,2.8790007563900897,,3.634342879312783,0.16750654105852397
2018-06-10,Maqueda Bay,29.682393863797188,33.98541212081909,0.04272591322660446,0.06408886983990669,16.937773570418358,2.9821813,1.2072556117712625,2.12687053721494,2.592683479519208,,3.353443887564662,0.16981296085826242
2018-06-11,Maqueda Bay,29.694112971425056,33.98693804629147,0.04272591322660446,0.051271095871925354,16.327403351664543,2.997676,0.0,2.084145862121478,2.24181270088642,,3.0609456317376407,0.1721193806580008
2018-06-12,Maqueda Bay,29.80544449388981,33.98388619534671,0.056764427572488785,0.025025177747011185,14.343700140714645,4.5958323,0.0,1.5881060010435954,1.6564272448385056,,2.294740048021554,0.1744258004577392
2018-06-13,Maqueda Bay,29.84719381481409,33.98541212081909,0.04699850454926491,0.021973326802253723,15.106662914156914,4.608845,0.0,1.9362699004321031,1.8727704773113516,,2.6937725197218,0.17673222025747765
2018-06-14,Maqueda Bay,29.91604357212782,33.98541212081909,0.03906369209289551,0.043946653604507446,14.496292695403099,2.170167,0.0,0.7997924779178361,1.8157310541370861,,1.9840734030503324,0.1790386400572161
2018-06-15,Maqueda Bay,29.942411564290524,33.97625656798482,0.036011841148138046,0.05493331700563431,14.191107586026192,6.9708214,0.0,0.7910423538223573,1.7620869935079053,,1.931501638164085,0.18134505985695448
2018-06-16,Maqueda Bay,29.926297791302204,33.97625656798482,0.051271095871925354,0.016479995101690292,14.648885250091553,10.589943,0.0,1.6478073563716802,1.1854715614541513,,2.0299290398260648,0.18365147965669287
2018-06-17,Maqueda Bay,29.89187291264534,33.97320471704006,0.03234962001442909,0.009765923023223877,15.717033132910728,10.586658,3.2917142478368615,0.8581163634873432,1.262694871345913,,1.5266833435287142,0.18595789945643132
2018-06-18,Maqueda Bay,29.97390666604042,33.97320471704006,0.032959990203380585,-0.0079348124563694,13.73332992196083,10.586907,6.085355538926366,0.44115233180826385,0.8298403292870721,,0.9398139986035241,0.18826431925616977
2018-06-19,Maqueda Bay,30.266884356737137,33.95031583495438,0.01892147585749626,-0.0317392498254776,10.528886273503304,6.4227815,18.2560674723026,1.0255467234238278,0.09852727647407603,,1.030268754323234,0.19057073905590816
2018-06-20,Maqueda Bay,30.241981253027916,33.92590102739632,0.025025177747011185,-0.031128879636526108,10.528886273503304,6.462059,4.513401857718893,1.5433800859569111,0.5984731292584093,,1.6553525836427463,0.19287715885564655
2018-06-21,Maqueda Bay,30.283730573952198,33.91216769814491,0.0024414807558059692,0.01342814415693283,11.291849046945572,6.461651,4.131542182737781,0.6768720141076506,0.831734378794809,,1.0723515283484863,0.195183578655385
2018-06-22,Maqueda Bay,30.330607004463673,33.92895287834108,-0.017700735479593277,0.030518509447574615,13.73332992196083,0.63473487,5.708774063444357,-0.4864405362119375,0.7028918912266705,,0.8547990442334168,0.19748999845512344
2018-06-23,Maqueda Bay,30.318887896835804,33.944212133064866,-0.0317392498254776,0.030518509447574615,14.648885250091553,0.55414146,7.220775103971889,-1.1027653841262743,0.5973411280998335,,1.254156256511425,0.19979641825486183
2018-06-24,Maqueda Bay,30.40678120404482,33.94268620759249,-0.029908139258623123,0.02075258642435074,13.73332992196083,2.2616103,3.1918148071535173,-0.5338754389111208,0.28658034623675804,,0.6059300942532249,0.20210283805460022
2018-06-25,Maqueda Bay,30.384807877242565,33.92437510192394,-0.04028443247079849,0.006103701889514923,13.428144812583923,5.037296,10.668693845722531,-0.25189430178880395,0.18319771046083452,,0.31146771966250497,0.20440925785433867
2018-06-26,Maqueda Bay,30.331339448690414,33.92437510192394,-0.023194067180156708,0.028077028691768646,13.885922476649284,8.278459,1.1694556557088402,-0.20944492932851125,0.752619145422664,,0.7812187635215669,0.2067156776540771
2018-06-27,Maqueda Bay,30.59135714918375,33.9274269528687,0.003662221133708954,0.001831110566854477,10.83407138288021,8.267459,7.440751351885349,0.626754620874278,0.3899719605137266,,0.7381730723713643,0.2090220974538155
2018-06-28,Maqueda Bay,30.674123346805573,33.921323250979185,0.004272591322660446,-0.04821924492716789,10.528886273503304,3.4225311,0.0,1.6159604128885472,0.5873307880057671,,1.719385212964913,0.2113285172535539
2018-06-29,Maqueda Bay,30.606006033718586,33.909115847200155,0.027466658502817154,-0.003662221133708954,10.528886273503304,4.151563,18.81388721964143,1.4439798437466795,1.098194763812567,,1.8141415403468455,0.21363493705329234
2018-06-30,Maqueda Bay,30.55912960320711,33.898434368893504,0.039674062281847,0.003662221133708954,13.122959703207016,4.0695643,10.463540059630223,1.8005217126636406,1.2003731732869465,,2.1639718558521466,0.21594135685303079
2018-07-01,Maqueda Bay,30.503463841974735,33.90758992172778,0.022583696991205215,0.0238044373691082,16.327403351664543,4.070042,14.0916443310575,0.5612281674797216,1.2821411702498604,,1.3995938826753738,0.21824777665276918
2018-07-02,Maqueda Bay,30.593554481863976,33.89385659247637,0.02868739888072014,-0.0006103701889514923,13.428144812583923,1.2887458,4.113531823165588,0.2648509826625568,0.6527224897487113,,0.704409463054748,0.22055419645250757
2018-07-03,Maqueda Bay,30.658009573817253,33.88927881605923,0.025635547935962677,0.0024414807558059692,13.885922476649284,0.8544137,0.0,1.3582633408805107,0.2366804018942634,,1.3787301823854863,0.222860616252246
2018-07-04,Maqueda Bay,30.62358469516039,33.874019561335444,0.02624591812491417,0.0030518509447574615,14.496292695403099,0.8381541,6.85995339688068,1.363138162750621,0.3741037746709613,,1.4135413983927743,0.22516703605198446
2018-07-05,Maqueda Bay,30.556932270526886,33.8770714122802,0.019531846046447754,-0.006103701889514923,15.717033132910728,0.94162273,1.4118969341576921,0.7149119402537282,0.5212310820253856,,0.8847490735721086,0.22747345585172285
2018-07-06,Maqueda Bay,30.581835374236107,33.87096771039069,0.019531846046447754,0.011597033590078354,14.801477804780006,0.9014489,18.5673869685277,0.8835840389245657,0.647828697388126,,1.0956289403816626,0.22977987565146124
2018-07-07,Maqueda Bay,30.601611368358135,33.872493635863066,0.031128879636526108,0.0158696249127388,14.95407035946846,4.2232985,10.500724276822467,1.3548553353951358,0.9302961690401822,,1.6434974724591167,0.2320862954511997
2018-07-08,Maqueda Bay,30.63237402588129,33.85876030661166,0.029908139258623123,0.008545182645320892,13.885922476649284,3.4026635,22.8189757533154,1.7710189722055318,0.6627790717382516,,1.8909744307753493,0.23439271525093813
2018-07-09,Maqueda Bay,30.545213162899017,33.86791585944593,0.031128879636526108,-0.0012207403779029846,17.09036612510681,3.2826664,10.500724276822467,2.6608926084297493,1.0167737963463623,,2.8485397007120454,0.23669913505067652
2018-07-10,Maqueda Bay,30.48149051517248,33.86486400850117,0.027466658502817154,0.017090365290641785,17.39555123448372,2.6686828,0.0,1.6707549044892156,1.6833935751877689,,2.3717579724453812,0.23900555485041491
2018-07-11,Maqueda Bay,30.381145656108856,33.85723438113928,0.024414807558059692,0.012817773967981339,19.53184700012207,2.271876,7.7614611158356315,2.0414856343559564,1.1004625225531923,,2.3191984302396116,0.24131197465015336
2018-07-12,Maqueda Bay,30.299844346940517,33.837397349998355,0.01342814415693283,0.0,17.09036612510681,2.2869093,19.11990155162899,2.840485655071108,0.7176642183893788,,2.9297441333708956,0.2436183944498918
2018-07-13,Maqueda Bay,30.246375918388367,33.826715871691704,0.011597033590078354,-0.004272591322660446,16.63258846104145,2.2227798,19.301037288847418,2.205520913293677,0.2955554952484187,,2.225236066071938,0.2459248142496302
2018-07-14,Maqueda Bay,30.170934163033962,33.81908624432981,0.029908139258623123,-0.0048829615116119385,17.242958679795265,1.7484316,0.0,3.1409690828397947,0.8449661648220774,,3.2526380983825405,0.2482312340493686
2018-07-15,Maqueda Bay,30.01931820809841,33.80382698960602,0.03234962001442909,-0.014648884534835815,19.53184700012207,2.070076,12.271877690211234,4.205536461330441,1.4254698880902634,,4.440551917209373,0.25053765384910703
2018-07-16,Maqueda Bay,29.81350138038397,33.777886256575584,0.03418073058128357,0.001831110566854477,19.53184700012207,2.3390882,26.849270233177737,3.9317088234685356,2.7114394896157163,,4.776006530396276,0.2528440736488455
2018-07-17,Maqueda Bay,29.647236540913582,33.76110107637942,0.03357036039233208,0.019531846046447754,19.53184700012207,1.3116902,10.760756063388055,2.6110756904457637,2.421069283895072,,3.5607994521816333,0.25515049344858387
2018-07-18,Maqueda Bay,29.598895221948624,33.74584182165563,0.04028443247079849,0.02685628831386566,16.785181015729904,1.3762611,1.015988327940488,2.95296910802726,1.8216858834322118,,3.469663674026563,0.25745691324832226
2018-07-19,Maqueda Bay,29.623798325657845,33.73210849240422,0.04455702379345894,-0.0012207403779029846,15.869625687599182,2.07489,0.0,3.4561437290973798,1.2619888398513008,,3.6793403359961654,0.2597633330480607
2018-07-20,Maqueda Bay,29.625263214111328,33.71990108862519,0.04028443247079849,0.010986663401126862,15.869625687599182,2.0445802,6.66978168341055,3.0256022799519013,1.6332562582895191,,3.4382837523526217,0.26206975284779915
2018-07-21,Maqueda Bay,29.615008994936943,33.71074553579092,0.04028443247079849,0.0317392498254776,16.63258846104145,1.4674072,0.0,3.0871614544594026,2.6680227213809506,,4.080307719732043,0.26437617264753754
2018-07-22,Maqueda Bay,29.55714590102434,33.69701220653951,0.03723258152604103,0.03234962001442909,17.700736343860626,1.4952167,1.8624421828719693,3.325323280179689,1.9856222795680791,,3.873044119916805,0.26668259244727593
2018-07-23,Maqueda Bay,29.461195707321167,33.681752951815724,0.02685628831386566,-0.01342814415693283,19.53184700012207,3.2168639,18.704278887325348,3.8461949342937123,0.8433375840931269,,3.937566983980164,0.2689890122470144
2018-07-24,Maqueda Bay,29.40552994608879,33.643604815006256,0.012817773967981339,-0.040894802659749985,16.022218242287636,3.228894,17.969017324725968,3.761567091463538,-0.43869539712624617,,3.7870622697601917,0.2712954320467528
2018-07-25,Maqueda Bay,29.41724905371666,33.61613815650344,0.01892147585749626,-0.030518509447574615,14.95407035946846,4.162414,0.0,3.775287641576936,0.03239439157459802,,3.775426621356722,0.2736018518464912
2018-07-26,Maqueda Bay,29.44581437855959,33.610034454613924,0.030518509447574615,-0.009155552834272385,15.106662914156914,4.1275783,0.0,2.8237943205043843,0.8191139799767875,,2.9401976254507503,0.2759082716462296
2018-07-27,Maqueda Bay,29.505142360925674,33.6115603800863,0.04211554303765297,0.020142216235399246,14.95407035946846,4.0621715,0.0,2.70837807571565,1.7777073872571731,,3.2396844531105082,0.27821469144596805
2018-07-28,Maqueda Bay,29.58571122586727,33.60545667819679,0.04699850454926491,0.016479995101690292,13.428144812583923,3.3145611,0.0,3.042863596354458,1.184603605899467,,3.2653184483491353,0.2805211112457065
2018-07-29,Maqueda Bay,29.6457716524601,33.59324927441776,0.043336283415555954,0.005493331700563431,13.27555225789547,3.245303,0.0,2.6704910210872415,0.8940007159948539,,2.816160431137915,0.2828275310454449
2018-07-30,Maqueda Bay,29.693380527198315,33.57799001969397,0.038453321903944016,-0.006714072078466415,12.817774593830109,2.147988,5.407782752393028,2.5645567273439687,0.6175410309630188,,2.637860521841152,0.2851339508451833
2018-07-31,Maqueda Bay,29.75637073069811,33.55510113760829,0.03479110077023506,0.003662221133708954,12.207404375076294,1.1047856,16.223347674133954,2.608431279436336,0.9003498275088411,,2.759446239997634,0.2874403706449217
2018-08-01,Maqueda Bay,29.71974851936102,33.559678914025426,0.038453321903944016,0.01342814415693283,14.801477804780006,1.0275503,0.0,2.6529243142375405,1.3151060074321212,,2.9609983498571526,0.2897467904446602
2018-08-02,Maqueda Bay,29.665547646582127,33.547471510246396,0.04211554303765297,0.015259254723787308,16.17481079697609,1.2477736,7.145266502134261,3.1543842314809107,1.8170168164445737,,3.6402870753633962,0.29205321024439856
2018-08-03,Maqueda Bay,29.574724562466145,33.536790031939745,0.031128879636526108,0.014038514345884323,19.53184700012207,1.2723475,0.0,3.410311577528983,1.7401121379052864,,3.8286048775387527,0.29435963004413696
2018-08-04,Maqueda Bay,29.51100191473961,33.524582628160715,0.0317392498254776,0.010986663401126862,17.700736343860626,1.1789855,0.0,3.4573402035118814,2.117268672946574,,4.0541371358478395,0.2966660498438754
2018-08-05,Maqueda Bay,29.44581437855959,33.512375224381685,0.029908139258623123,0.012207403779029846,17.548143789172173,1.1861812,3.5726332510671304,3.25425527555986,1.8911749501759594,,3.763870360504227,0.29897246964361385
2018-08-06,Maqueda Bay,29.40992461144924,33.500167820602655,0.03234962001442909,0.021973326802253723,16.63258846104145,1.0807846,8.61731541980796,2.7786109102403285,1.8048958586117014,,3.3133559499305623,0.30127888944335224
2018-08-07,Maqueda Bay,29.359385959804058,33.49559004418552,0.02685628831386566,0.035401470959186554,17.700736343860626,0.9856953,0.0,2.432532117762129,2.005707868991438,,3.152788695691242,0.30358530924309063
2018-08-08,Maqueda Bay,29.328623302280903,33.49253819324076,0.028077028691768646,0.03784295171499252,17.39555123448372,1.028169,1.374108685143349,2.6830423280088374,1.8670251607408492,,3.268715203979459,0.3058917290428291
2018-08-09,Maqueda Bay,29.29493086785078,33.49253819324076,0.032959990203380585,0.016479995101690292,18.61629167199135,0.7613449,0.0,3.067336210977,1.5253154693595088,,3.425658872718963,0.3081981488425675
2018-08-10,Maqueda Bay,29.263435766100883,33.487960416823626,0.03234962001442909,0.003662221133708954,17.548143789172173,0.8877349,15.931835215578795,3.283410429562705,1.8793058992715752,,3.783196361808106,0.3105045686423059
2018-08-11,Maqueda Bay,29.20484022796154,33.48338264040649,0.032959990203380585,-0.0012207403779029846,19.53184700012207,0.881646,0.0,3.7368113154472162,2.3194045892827,,4.398112828934702,0.3128109884420443
2018-08-12,Maqueda Bay,29.14770957827568,33.477278938516974,0.03418073058128357,0.014648884534835815,19.53184700012207,0.8682408,0.0,4.0418169005825355,3.140728368654309,,5.118638348575192,0.31511740824178275
2018-08-13,Maqueda Bay,29.13086336106062,33.48033078946173,0.036011841148138046,0.021973326802253723,18.921476781368256,0.8951109,0.0,3.303662517477998,2.659527118873747,,4.241140238828935,0.3174238280415212
2018-08-14,Maqueda Bay,29.190191343426704,33.487960416823626,0.035401470959186554,0.02929776906967163,16.022218242287636,0.8812039,2.1020460055537304,2.5660610099532204,1.9537572714391511,,3.2251878367784252,0.3197302478412596
2018-08-15,Maqueda Bay,29.312509529292583,33.4971159696579,0.03906369209289551,0.009765923023223877,14.191107586026192,0.9749396,0.0,3.092732509166412,1.0366296366230372,,3.2618392628668844,0.322036667640998
2018-08-16,Maqueda Bay,29.300790421664715,33.49559004418552,0.03234962001442909,-0.007324442267417908,15.869625687599182,1.0116056,3.3502086417466264,3.4530892251611482,0.9363605539017521,,3.5777920962273946,0.3243430874407364
2018-08-17,Maqueda Bay,29.316904194653034,33.487960416823626,0.028077028691768646,0.0,15.411848023533821,1.1659834,4.265883534368465,2.8484826661366855,1.2607808374810028,,3.1150315920453293,0.32664950724047487
2018-08-18,Maqueda Bay,29.34327218681574,33.48033078946173,0.02929776906967163,0.023194067180156708,14.801477804780006,1.1682953,3.8811995671824557,2.4910075075161866,1.332225275461222,,2.824879216370097,0.32895592704021326
2018-08-19,Maqueda Bay,29.378429509699345,33.48185671493411,0.03357036039233208,0.03906369209289551,14.95407035946846,1.1682949,2.720517809673022,2.1027194566498615,1.3860775202860653,,2.51845984792616,0.33126234683995165
2018-08-20,Maqueda Bay,29.484633922576904,33.48490856587887,0.04272591322660446,0.02624591812491417,13.73332992196083,2.680186,1.0414970093242215,2.6594718469185015,1.353404713206641,,2.9840400168700913,0.3335687666396901
2018-08-21,Maqueda Bay,29.5073396936059,33.49101226776838,0.038453321903944016,0.03234962001442909,14.801477804780006,2.4200323,1.7176035911806167,2.5334755442356776,1.4715475705993237,,2.9298379794413605,0.33587518643942854
2018-08-22,Maqueda Bay,29.56813256442547,33.49864189513028,0.03479110077023506,0.038453321903944016,14.648885250091553,0.9391148,0.0,2.2293774054513333,1.495824997635584,,2.6847003630737665,0.33818160623916693
2018-08-23,Maqueda Bay,29.6457716524601,33.50779744796455,0.03662221133708954,0.04455702379345894,14.038515031337738,1.0076543,0.0,2.168881336442605,1.1841215001716643,,2.471070613871213,0.3404880260389053
2018-08-24,Maqueda Bay,29.62965787947178,33.513901149854064,0.030518509447574615,0.0238044373691082,15.106662914156914,1.0076798,0.0,2.1463453964515296,1.1197858412871353,,2.420892168440348,0.34279444583864377
2018-08-25,Maqueda Bay,29.579119227826595,33.50321967154741,0.014038514345884323,0.03418073058128357,15.259255468845367,1.0019712,18.536694525207423,0.922739206846104,1.430687404200426,,1.7024435651112582,0.3451008656383822
2018-08-26,Maqueda Bay,29.56886500865221,33.501693746075034,0.001831110566854477,0.05249183624982834,15.106662914156914,0.6316016,15.314819146960561,-0.6312730528256337,1.3842133808119774,,1.5213652917175151,0.3474072854381206
2018-08-27,Maqueda Bay,29.62233343720436,33.50474559701979,-0.01342814415693283,0.056764427572488785,14.191107586026192,1.5622231,15.314819146960561,-0.16738220970606052,0.8483015480974315,,0.8646573428998233,0.349713705237859
2018-08-28,Maqueda Bay,29.693380527198315,33.513901149854064,-0.01342814415693283,0.05066072568297386,12.512589484453201,1.5485696,8.6596710114252,0.04482697148881341,0.15387021906181594,,0.16026697004370588,0.35202012503759744
2018-08-29,Maqueda Bay,29.80251471698284,33.5184789262712,-0.06653035059571266,0.020142216235399246,11.902219265699387,1.4510518,0.0,-0.11793666624717539,-0.1187319668947428,,0.1673509402668295,0.3543265448373359
2018-08-30,Maqueda Bay,29.848658703267574,33.50627152249217,-0.05615405738353729,-0.028077028691768646,10.528886273503304,5.283989,22.972228494107995,0.1731527631790557,-1.1755798429260846,,1.188263374210726,0.3566329646370743
2018-08-31,Maqueda Bay,29.64650409668684,33.500167820602655,-0.07629627361893654,-0.014648884534835815,10.528886273503304,5.286204,32.32976007241807,1.0134904029809009,-1.0827837631327624,,1.483099280101752,0.35893938443681267
2018-09-01,Maqueda Bay,29.89260535687208,33.465071534737945,-0.022583696991205215,0.0012207403779029846,10.528886273503304,5.925194,15.23818289775819,1.684053919529626,0.029742504320054944,,1.6843165440160959,0.3612458042365511
2018-09-02,Maqueda Bay,29.680928975343704,33.48185671493411,0.054322946816682816,-0.032959990203380585,10.83407138288021,5.9498296,5.116228996517106,2.8202048164368976,0.925625042216545,,2.968221171919683,0.36355222403628956
2018-09-03,Maqueda Bay,29.65089876204729,33.51542707532644,0.03723258152604103,-0.02136295661330223,16.17481079697609,6.155931,11.640441566385249,3.658137418212338,1.0763788053565966,,3.8132087148681126,0.36585864383602795
2018-09-04,Maqueda Bay,29.578386783599854,33.51084929890931,0.027466658502817154,-0.021973326802253723,19.53184700012207,3.814642,5.116228996517106,3.6309035112159838,1.3445443835615722,,3.871854840658096,0.36816506363576634
2018-09-05,Maqueda Bay,29.49928280711174,33.487960416823626,0.01892147585749626,-0.010986663401126862,17.09036612510681,3.75052,6.666734628047444,3.0639907193132556,1.3658223499938853,,3.3546251384887373,0.3704714834355048
2018-09-06,Maqueda Bay,29.51173435896635,33.47422708757222,0.017700735479593277,0.028077028691768646,15.411848023533821,3.7344654,0.0,1.8517247949829585,1.9423591734046202,,2.6835878735125775,0.37277790323524324
2018-09-07,Maqueda Bay,29.586443670094013,33.46659746021032,0.030518509447574615,0.04211554303765297,13.580737367272377,3.6710052,0.0,2.2992632032643225,1.0500590552632991,,2.5276936715958613,0.3750843230349816
2018-09-08,Maqueda Bay,29.8596453666687,33.475753013044596,0.024414807558059692,-0.003662221133708954,10.681478828191757,0.8297784,11.797784320403535,1.0937878689662706,0.5011501646252646,,1.203130661982191,0.37739074283472
2018-09-09,Maqueda Bay,30.02664265036583,33.45896783284843,-0.02685628831386566,-0.03357036039233208,10.528886273503304,0.7260074,3.9325947893380016,1.0517894338888605,0.05238851846433155,,1.053093333996155,0.37969716263445846
2018-09-10,Maqueda Bay,30.216345705091953,33.40708636678755,-0.017090365290641785,-0.01831110566854477,10.528886273503304,2.4579875,1.8656343930327945,1.715790443026964,-0.2554240036643067,,1.7346983213315705,0.3820035824341969
2018-09-11,Maqueda Bay,30.07644885778427,33.37656785733998,0.0024414807558059692,-0.06286812946200371,10.528886273503304,1.9961773,5.94084690096924,2.2529986034671317,-0.23375890431430593,,2.2650929191914115,0.3843100022339353
2018-09-12,Maqueda Bay,29.914578683674335,33.37199008092284,0.004272591322660446,-0.0634784996509552,10.986663937568665,1.9961773,11.673577272031345,3.3084264634404885,-0.683953009183534,,3.3783838418339247,0.3866164220336737
2018-09-13,Maqueda Bay,29.799584940075874,33.37809378281236,0.01892147585749626,-0.059816278517246246,16.17481079697609,1.98215,38.92862179898263,5.883743628560586,-0.028852821234117556,,5.883814372660006,0.38892284183341214
2018-09-14,Maqueda Bay,29.61793877184391,33.36436045356095,0.03662221133708954,0.008545182645320892,19.53184700012207,2.0097587,20.79296432588873,3.221986261960344,4.380551360935145,,5.4378695918578215,0.3912292616331506
2018-09-15,Maqueda Bay,29.49562058597803,33.35978267714381,0.017090365290641785,0.10376293212175369,19.53184700012207,3.2728999,0.0,0.31105996086175075,2.953259200881186,,2.9695956301895206,0.393535681432889
2018-09-16,Maqueda Bay,29.58937344700098,33.37199008092284,-0.012817773967981339,0.07507553324103355,14.343700140714645,3.8041089,19.67764274608887,-0.7705038566377501,-0.05411646087248283,,0.7724019578114815,0.39584210123262736
2018-09-17,Maqueda Bay,29.644306764006615,33.38419748470187,-0.06591998040676117,-0.0158696249127388,14.191107586026192,3.592193,0.0,-1.0539812604464682,-1.9552928202549216,,2.2212713725055684,0.3981485210323658
2018-09-18,Maqueda Bay,29.656025871634483,33.39030118659139,-0.08789330720901489,0.014648884534835815,12.05481182038784,1.7147895,0.0,-1.292806834195269,-1.048322190371525,,1.6644305108256534,0.40045494083210426
2018-09-19,Maqueda Bay,29.79372538626194,33.3964048884809,-0.059205908328294754,0.06042664870619774,10.528886273503304,0.83303356,7.537464950491206,-0.8671468351887939,0.3127574295896557,,0.9218247358047351,0.40276136063184265
2018-09-20,Maqueda Bay,29.633320100605488,33.41929377056658,-0.03357036039233208,0.03662221133708954,10.528886273503304,0.85332793,0.0,0.11260924630595838,-0.04522059329388621,,0.12134967825028242,0.40506778043158104
2018-09-21,Maqueda Bay,29.78493605554104,33.417767845094204,-0.04211554303765297,-0.048829615116119385,10.528886273503304,2.3909621,13.41486398049397,0.12445863444667599,-0.8334841904396457,,0.8427252502453946,0.4073742002313195
2018-09-22,Maqueda Bay,29.734397403895855,33.439130801707506,-0.06775109097361565,-0.05493331700563431,10.528886273503304,2.7418356,18.769060583158574,0.3160075739264205,-1.1415079221370927,,1.1844412704227276,0.40968062003105793
2018-09-23,Maqueda Bay,29.78127383440733,33.46049375832081,-0.035401470959186554,-0.06958220154047012,10.528886273503304,2.1143897,0.0,1.8264812005561972,-0.8165926926532974,,2.0007141729092566,0.4119870398307963
2018-09-24,Maqueda Bay,29.8596453666687,33.46964931115508,0.01892147585749626,-0.06408886983990669,11.139256492257118,6.368253,0.0,3.8148096029036678,0.3794975197667859,,3.8336393510494933,0.4142934596305347
2018-09-25,Maqueda Bay,29.840601816773415,33.51084929890931,0.04150517284870148,-0.03357036039233208,16.327403351664543,6.370424,0.0,3.9663402843161872,1.712892654989766,,4.320400039175459,0.41659987943027316
2018-09-26,Maqueda Bay,29.841334261000156,33.5184789262712,0.04028443247079849,-0.005493331700563431,16.785181015729904,3.0677004,0.0,4.006432939140512,1.82017979172775,,4.40051807973154,0.4189062992300116
2018-09-27,Maqueda Bay,29.86770225316286,33.51542707532644,0.04211554303765297,0.0079348124563694,16.17481079697609,2.9174244,0.0,3.4557197438499143,1.453145283657205,,3.7488171685812173,0.42121271902975005
2018-09-28,Maqueda Bay,29.94167912006378,33.51542707532644,0.03723258152604103,0.025025177747011185,15.106662914156914,1.5865803,0.0,2.586942827081405,1.3805826734715572,,2.9322826788830927,0.4235191388294884
2018-09-29,Maqueda Bay,30.094759963452816,33.524582628160715,0.03723258152604103,0.03418073058128357,13.580737367272377,1.2237301,0.0,1.6155851937659025,0.8177712754058577,,1.8107637552133993,0.42582555862922683
2018-09-30,Maqueda Bay,30.28446301817894,33.52916040457785,0.02624591812491417,0.003662221133708954,12.359996929764748,1.1595148,14.817178434673725,1.835473220472391,0.13293798237610033,,1.8402810791369666,0.4281319784289653
2018-10-01,Maqueda Bay,30.30570390075445,33.50779744796455,-0.0006103701889514923,-0.0238044373691082,12.817774593830109,1.1550653,26.0224252692016,2.069874321537522,-0.2555664535635091,,2.0855919829025633,0.4304383982287036
2018-10-02,Maqueda Bay,30.25663013756275,33.51695300079882,-0.003662221133708954,-0.025635547935962677,14.496292695403099,2.9491463,15.179748091280187,2.506099677580386,-0.25787004883511194,,2.5193317677619866,0.43274481802844206
2018-10-03,Maqueda Bay,30.299111902713776,33.524582628160715,0.005493331700563431,-0.0079348124563694,15.106662914156914,2.822649,0.0,1.385854379938639,0.39994699783664606,,1.4424111631132281,0.4350512378281805
2018-10-04,Maqueda Bay,30.412640757858753,33.5184789262712,0.007324442267417908,0.01892147585749626,12.970367148518562,1.6744567,5.768981483125467,0.3433537983129614,0.8203854649755726,,0.8893391602527825,0.43735765762791895
2018-10-05,Maqueda Bay,30.40751364827156,33.50779744796455,-0.014038514345884323,0.03662221133708954,11.902219265699387,1.32879,22.769622925789122,-0.14615314876656268,0.3734124413588333,,0.4009957534138549,0.4396640774276574
2018-10-06,Maqueda Bay,30.355510108172894,33.523056702688336,-0.05615405738353729,-0.0012207403779029846,11.902219265699387,4.562672,13.415088512930454,-0.6668703415814569,-0.5466974013572944,,0.8623190251477626,0.44197049722739573
2018-10-07,Maqueda Bay,30.22293770313263,33.559678914025426,-0.06530961021780968,0.005493331700563431,11.139256492257118,5.216598,6.707544256465227,-1.471037795183462,-0.8482678696693887,,1.6980902725036922,0.4442769170271342
2018-10-08,Maqueda Bay,30.234656810760498,33.59172334894538,-0.062257759273052216,-0.009155552834272385,10.528886273503304,2.1448114,13.415088512930454,-1.3258496880815047,-0.639753001895227,,1.472128152987972,0.4465833368268726
2018-10-09,Maqueda Bay,30.244911029934883,33.620715932920575,-0.06164738908410072,0.008545182645320892,10.528886273503304,1.9351069,6.707544256465227,-1.0397128823202622,-0.5329587374849005,,1.1683526409112133,0.44888975662661096
2018-10-10,Maqueda Bay,30.18192082643509,33.65886406973004,-0.062257759273052216,0.003662221133708954,10.528886273503304,7.0638328,0.0,-1.3365463577645798,-0.20666588172882333,,1.3524300178288398,0.4511961764263494
2018-10-11,Maqueda Bay,30.09256263077259,33.727530715987086,-0.07385479286313057,0.0024414807558059692,10.83407138288021,5.123676,0.0,-2.024942841238544,-0.6610745515707708,,2.1301204362706168,0.45350259622608785
2018-10-12,Maqueda Bay,30.061799973249435,33.776360331103206,-0.0714133121073246,0.005493331700563431,10.83407138288021,3.4093869,0.0,-1.9200297985489803,-1.1400494098285017,,2.2329861361339334,0.4558090160258263
2018-10-13,Maqueda Bay,29.958525337278843,33.79924921318889,-0.06408886983990669,-0.0006103701889514923,10.83407138288021,2.654251,0.0,-2.130180298788915,-0.8095630828207153,,2.278828754078422,0.45811543582556474
2018-10-14,Maqueda Bay,29.839869372546673,33.81756031885743,-0.04821924492716789,-0.0030518509447574615,10.986663937568665,2.1618407,0.0,-1.6333152587676179,-0.3553888361348352,,1.671532219065012,0.4604218556253031
2018-10-15,Maqueda Bay,29.877956472337246,33.81756031885743,-0.032959990203380585,-0.028077028691768646,10.528886273503304,1.9016923,17.88925580494964,-0.7848988582416956,-0.5948325377884439,,0.9848309325366248,0.4627282754250415
2018-10-16,Maqueda Bay,29.97317422181368,33.81756031885743,-0.03234962001442909,-0.02624591812491417,10.528886273503304,4.341004,17.785969161401326,-0.22798693035514425,-0.3577853313827817,,0.42425037862734816,0.46503469522477997
2018-10-17,Maqueda Bay,30.05887019634247,33.80840476602316,-0.04028443247079849,-0.029908139258623123,10.528886273503304,4.340832,0.0,-0.6656617939938335,-0.26958716425052054,,0.7181802441669681,0.4673411150245183
2018-10-18,Maqueda Bay,30.038361757993698,33.8343454990536,-0.04821924492716789,0.0012207403779029846,12.359996929764748,9.392239,0.0,-1.0474755074125859,-0.5321603213174805,,1.174904058301774,0.46964753482425675
2018-10-19,Maqueda Bay,30.05960264056921,33.88012326322496,-0.040894802659749985,-0.012207403779029846,14.038515031337738,2.0236294,0.0,-0.9175645946497064,-1.3864470904178523,,1.6625764102388825,0.4719539546239952
2018-10-20,Maqueda Bay,30.0559404194355,33.874019561335444,-0.05493331700563431,-0.021973326802253723,13.27555225789547,1.7118554,0.0,-1.208418840644825,-1.4322342857622203,,1.8739186598511155,0.47426037442373364
2018-10-21,Maqueda Bay,29.97756888717413,33.87096771039069,-0.06530961021780968,-0.014038514345884323,12.817774593830109,1.0717402,0.0,-1.4440940251280683,-0.81233460068446,,1.656893194167858,0.4765667942234721
2018-10-22,Maqueda Bay,29.92043823748827,33.886226965114474,-0.06042664870619774,-0.016479995101690292,12.817774593830109,1.6872383,0.0,-1.3515918929466353,-1.368162609343759,,1.9231925464407853,0.4788732140232104
2018-10-23,Maqueda Bay,29.89187291264534,33.910641772672534,-0.051881466060876846,-0.0476088747382164,14.648885250091553,2.4164438,20.663271539222258,-1.157475921473481,-1.8253039263090043,,2.1613618235246848,0.48117963382294887
2018-10-24,Maqueda Bay,29.849391147494316,33.921323250979185,-0.06591998040676117,-0.04272591322660446,15.259255468845367,3.1318557,0.0,-0.881108746511872,-2.0964294531631,,2.2740644395595866,0.4834860536226873
2018-10-25,Maqueda Bay,29.78566849976778,33.932004729285836,-0.05615405738353729,-0.04821924492716789,16.327403351664543,1.8453087,0.0,-1.0721796697923334,-2.2268855840349424,,2.4715559165632173,0.48579247342242565
2018-10-26,Maqueda Bay,29.73586229234934,33.94268620759249,-0.04821924492716789,-0.04150517284870148,16.479995906352997,1.4517854,0.0,-0.12322038665429054,-2.322474316203323,,2.3257407880310574,0.4880988932221641
2018-10-27,Maqueda Bay,29.620868548750877,33.95489361137152,-0.024414807558059692,-0.06958220154047012,19.53184700012207,1.0327979,0.0,1.216417577225349,-2.7625942222117894,,3.0185424560175975,0.49040531302190254
2018-10-28,Maqueda Bay,29.480239257216454,33.96710101515055,-0.016479995101690292,-0.06103701889514923,19.53184700012207,1.0338241,1.809144645608881,2.5664171566704317,-2.213338415692699,,3.389006338801008,0.492711732821641
2018-10-29,Maqueda Bay,29.292733535170555,33.9777824934572,0.020142216235399246,-0.0030518509447574615,19.53184700012207,0.93787366,6.657890256831904,2.2101292042157743,2.5408854306750754,,3.3676059554443594,0.49501815262137944
2018-10-30,Maqueda Bay,29.256111323833466,33.97930841892958,0.02075258642435074,0.08117923513054848,16.937773570418358,1.768823,0.0,-0.5188522511810508,2.103459275824054,,2.1665060774449487,0.49732457242111777
2018-10-31,Maqueda Bay,29.328623302280903,33.982360269874334,0.01342814415693283,0.06286812946200371,15.259255468845367,3.84777,0.0,-1.2978612561351817,0.3957916536826227,,1.3568695122603414,0.4996309922208562
2018-11-01,Maqueda Bay,29.4091921672225,33.98693804629147,-0.032959990203380585,0.02075258642435074,14.496292695403099,4.67812,0.0,-2.2509612347497887,-0.25165119644574907,,2.264984504366171,0.5019374120205946
2018-11-02,Maqueda Bay,29.39747305959463,33.99151582270861,-0.06530961021780968,0.029908139258623123,15.106662914156914,5.767414,0.0,-2.727154130069872,-0.5438012556871373,,2.780843299224907,0.5042438318203329
2018-11-03,Maqueda Bay,29.349864184856415,33.993041748180985,-0.062257759273052216,0.014648884534835815,14.95407035946846,1.8384418,6.447651077891641,-2.2394630516871135,-1.0892012402758124,,2.4902919711732854,0.5065502516200714
2018-11-04,Maqueda Bay,29.284676648676395,34.00219730101526,-0.07202368229627609,0.007324442267417908,15.717033132910728,2.0352926,5.03218483448761,-3.0458454069577288,-1.4919413540972126,,3.391616612642254,0.5088566714198098
2018-11-05,Maqueda Bay,29.168950460851192,34.03424173593521,-0.06836146116256714,0.03418073058128357,18.768884226679802,1.9988756,33.436611588649484,-3.5457108432873965,-0.7494083183173567,,3.6240416956443906,0.5111630912195483
2018-11-06,Maqueda Bay,29.067140713334084,34.076967649161816,-0.05066072568297386,0.031128879636526108,19.53184700012207,3.1493552,0.0,-3.320072261624821,-0.8850166868436612,,3.4360055818351465,0.5134695110192867
2018-11-07,Maqueda Bay,29.00488295406103,34.115115785971284,-0.04821924492716789,0.0030518509447574615,17.700736343860626,3.9708586,0.0,-3.2855750856439525,-1.9373307704222957,,3.8142173715494128,0.5157759308190251
2018-11-08,Maqueda Bay,28.956541635096073,34.139530593529344,-0.0555436871945858,0.0024414807558059692,17.39555123448372,1.1992034,0.0,-2.9489389769982073,-1.85442789279454,,3.48355334387657,0.5180823506187635
2018-11-09,Maqueda Bay,28.90673542767763,34.1639454010874,-0.04943998530507088,0.0030518509447574615,17.39555123448372,0.672497,18.891828071137176,-3.4101956270320146,-1.610054997377461,,3.7711684275842696,0.520388770418502
2018-11-10,Maqueda Bay,28.841547891497612,34.18225650675595,-0.04821924492716789,0.0024414807558059692,18.158514007925987,0.5845732,29.518872907084802,-3.307380153737505,-1.9470634922532148,,3.837944726569418,0.5226951902182403
2018-11-11,Maqueda Bay,28.79613634943962,34.19141205959022,-0.04577776417136192,-0.006714072078466415,17.85332889854908,0.44814745,9.504008517287293,-2.719421458057869,-2.089919647310619,,3.4297255281961747,0.5250016100179787
2018-11-12,Maqueda Bay,28.806390568614006,34.19598983600736,-0.038453321903944016,0.010986663401126862,16.327403351664543,0.4997618,0.0,-2.624796027190343,-0.9285332153244218,,2.7841925429673355,0.5273080298177172
2018-11-13,Maqueda Bay,28.84081544727087,34.19446391053498,-0.031128879636526108,0.011597033590078354,15.411848023533821,0.80968064,11.112128666469028,-3.0138491778961187,-0.6483706412341851,,3.082802516464449,0.5296144496174556
2018-11-14,Maqueda Bay,28.81225012242794,34.20056761242449,-0.0238044373691082,0.023194067180156708,16.327403351664543,2.221295,99.88477144959151,-3.043774274935004,-0.3678903120060998,,3.0659264698332307,0.5319208694171941
2018-11-15,Maqueda Bay,28.79174168407917,34.20819723978639,-0.02685628831386566,0.012207403779029846,16.937773570418358,3.1551113,0.0,-2.5662765818416133,-0.4147936405946943,,2.599582516248806,0.5342272892169324
2018-11-16,Maqueda Bay,28.821039453148842,34.2143009416759,-0.029908139258623123,0.0012207403779029846,16.17481079697609,3.1801083,0.0,-2.156076723008176,-0.8335273692251994,,2.3115870545461092,0.5365337090166709
2018-11-17,Maqueda Bay,28.81664478778839,34.221930569037795,-0.035401470959186554,-0.017700735479593277,16.479995906352997,1.2664515,0.0,-2.3426632788747965,-1.6251345487945033,,2.851163541411458,0.5388401288164093
2018-11-18,Maqueda Bay,28.773430578410625,34.23108612187207,-0.04211554303765297,-0.016479995101690292,17.700736343860626,0.97511387,5.084861750976281,-2.332129246602453,-2.079496142478618,,3.1246009392307967,0.5411465486161476
2018-11-19,Maqueda Bay,28.690664380788803,34.235663898289204,-0.03723258152604103,-0.03357036039233208,19.53184700012207,1.1004058,68.99803615165744,-1.6817584156138847,-3.741505770284438,,4.102094196573241,0.5434529684158861
2018-11-20,Maqueda Bay,28.59471418708563,34.22956019639969,-0.038453321903944016,-0.001831110566854477,19.53184700012207,0.92465943,45.99868933213288,-4.056088519018009,-2.100820655713584,,4.567855240874272,0.5457593882156245
2018-11-21,Maqueda Bay,28.582262635231018,34.21887871809304,-0.023194067180156708,0.05005035549402237,16.785181015729904,0.7253402,0.0,-3.372580610299264,1.2405507878815112,,3.5935033366173457,0.548065808015363
2018-11-22,Maqueda Bay,28.613025292754173,34.2143009416759,-0.011597033590078354,0.03723258152604103,15.259255468845367,1.1222588,0.0,-1.831104487177332,0.06490607983425849,,1.8322544698159182,0.5503722278151014
2018-11-23,Maqueda Bay,28.65330972522497,34.22498241998255,-0.012817773967981339,-0.012817773967981339,15.411848023533821,4.3716826,0.0,-1.0548782134615455,-1.231899939952869,,1.621833994985832,0.5526786476148398
2018-11-24,Maqueda Bay,28.662831500172615,34.22498241998255,-0.02624591812491417,-0.04272591322660446,15.106662914156914,4.4668593,0.0,-1.0038928051701779,-1.9412573949558103,,2.185470438542482,0.5549850674145782
2018-11-25,Maqueda Bay,28.573473304510117,34.232612047344446,-0.03723258152604103,-0.027466658502817154,17.39555123448372,3.1101215,0.0,-2.005069315440258,-2.096142425256617,,2.90070957296327,0.5572914872143166
2018-11-26,Maqueda Bay,28.577867969870567,34.24176760017872,-0.03234962001442909,-0.027466658502817154,16.479995906352997,4.451361,0.0,-1.1707534362004344,-2.2587287370058515,,2.5441146035018103,0.559597907014055
2018-11-27,Maqueda Bay,28.560289308428764,34.246345376595855,-0.036011841148138046,-0.0006103701889514923,16.327403351664543,3.416753,0.0,-1.7399935654795096,-1.282335193062888,,2.161471988085372,0.5619043268137934
2018-11-28,Maqueda Bay,28.556627087295055,34.24787130206823,-0.03357036039233208,0.008545182645320892,16.022218242287636,4.9618983,0.0,-2.580749287757151,-1.1171435143392834,,2.812165805547277,0.5642107466135319
2018-11-29,Maqueda Bay,28.48484755307436,34.25092315301299,-0.03662221133708954,0.0024414807558059692,17.548143789172173,4.601925,0.0,-2.893459906319189,-1.8843811417360987,,3.4529701007693787,0.5665171664132703
2018-11-30,Maqueda Bay,28.41087068617344,34.246345376595855,-0.04272591322660446,0.007324442267417908,17.85332889854908,1.894412,20.084397355532317,-3.2832100567844167,-2.040330835930631,,3.865542419508512,0.5688235862130088
2018-12-01,Maqueda Bay,28.344218261539936,34.2432935256511,-0.04150517284870148,0.016479995101690292,18.005921453237534,1.2706305,0.0,-3.020404759251071,-1.533343783436105,,3.387327570210574,0.5711300060127471
2018-12-02,Maqueda Bay,28.311258271336555,34.25092315301299,-0.03662221133708954,0.024414807558059692,17.85332889854908,3.1485274,8.467170185024653,-3.2597952015502893,-1.582849600276452,,3.623765667526753,0.5734364258124856
2018-12-03,Maqueda Bay,28.314188048243523,34.25550092943013,-0.03479110077023506,0.0238044373691082,16.479995906352997,2.1887267,23.7506177846554,-2.3344511989561942,-0.6736808481987109,,2.4297136221245803,0.575742845612224
2018-12-04,Maqueda Bay,28.32883693277836,34.25397500395775,-0.039674062281847,0.02929776906967163,16.022218242287636,3.5626538,21.429873954315884,-3.18143416050947,-0.7348063595505997,,3.2651896887765344,0.5780492654119623
2018-12-05,Maqueda Bay,28.301736496388912,34.25397500395775,-0.04272591322660446,0.024414807558059692,16.63258846104145,4.0488815,23.7506177846554,-3.5062211486442854,-0.7744419787944237,,3.590730722529813,0.5803556852117008
2018-12-06,Maqueda Bay,28.295144498348236,34.26160463131964,-0.04699850454926491,0.021973326802253723,16.937773570418358,2.1006334,0.0,-3.7262900135326076,-1.3182046480166945,,3.952581530975124,0.5826621050114392
2018-12-07,Maqueda Bay,28.25925473123789,34.27381203509867,-0.04455702379345894,0.011597033590078354,17.85332889854908,3.5066948,48.62181162797544,-3.4048578749299647,-1.7077234283969547,,3.809117542997124,0.5849685248111777
2018-12-08,Maqueda Bay,28.26364939659834,34.2860194388777,-0.04211554303765297,0.011597033590078354,16.937773570418358,4.081404,0.0,-3.3028196090070034,-1.5113936205590166,,3.632207048876436,0.5872749446109161
2018-12-09,Maqueda Bay,28.27243872731924,34.29822684265673,-0.03723258152604103,0.009765923023223877,16.785181015729904,3.25547,0.0,-2.954809871468971,-1.6137551682397755,,3.3667650823232473,0.5895813644106545
2018-12-10,Maqueda Bay,28.257057398557663,34.31196017190814,-0.03357036039233208,0.006714072078466415,17.09036612510681,4.3795238,0.0,-2.594648059852321,-1.1250245802448164,,2.828052131883435,0.5918877842103929
2018-12-11,Maqueda Bay,28.25193028897047,34.32721942663193,-0.032959990203380585,0.005493331700563431,17.39555123448372,2.5077941,0.0,-2.450923878387517,-1.6956653795476868,,2.9803202742401207,0.5941942040101313
2018-12-12,Maqueda Bay,28.242408514022827,34.3363749794662,-0.03479110077023506,-0.011597033590078354,16.937773570418358,1.5367619,25.70818143103346,-2.640614795911803,-2.234488237908026,,3.4591594623170594,0.5965006238098697
2018-12-13,Maqueda Bay,28.216772966086864,34.340952755883336,-0.043336283415555954,0.0024414807558059692,18.158514007925987,2.4344254,32.96907688029533,-3.2887688772648387,-2.1972402434871676,,3.955232662646456,0.5988070436096081
2018-12-14,Maqueda Bay,28.197729416191578,34.34400460682809,-0.04577776417136192,0.0030518509447574615,17.85332889854908,3.2036293,59.57891253868373,-4.10875346428762,-2.451827667338581,,4.784695804397858,0.6011134634093466
2018-12-15,Maqueda Bay,28.17868586629629,34.35163423418999,-0.04516739398241043,0.010986663401126862,18.158514007925987,1.5208973,0.0,-3.500554926282193,-2.225724806418619,,4.148220787979556,0.603419883209085
2018-12-16,Maqueda Bay,28.154515206813812,34.35926386155188,-0.038453321903944016,0.007324442267417908,17.85332889854908,1.470367,0.0,-3.229565566323532,-2.0157955103716074,,3.8070362865117224,0.6057263030088235
2018-12-17,Maqueda Bay,28.17868586629629,34.36231571249664,-0.03418073058128357,-0.009765923023223877,16.327403351664543,1.2695743,0.0,-2.4166024320049644,-2.116390977075523,,3.212332187402012,0.6080327228085618
2018-12-18,Maqueda Bay,28.127414770424366,34.36841941438615,-0.04028443247079849,-0.022583696991205215,19.53184700012207,1.3054777,0.0,-2.7717838596489695,-2.825966096878268,0.6103391426083002,3.9583923687926554,0.6103391426083002
2018-12-19,Maqueda Bay,28.06369212269783,34.37604904174805,-0.03906369209289551,-0.011597033590078354,19.53184700012207,1.3892883,31.772885294736984,-2.540067463684255,-3.3140165301308557,,4.175481802384956,0.5902605964129328
2018-12-20,Maqueda Bay,27.979461036622524,34.36841941438615,-0.029908139258623123,-0.0012207403779029846,19.07406933605671,1.3107883,71.04675970355852,-2.350511849230546,-1.1816693034745474,,2.630826542390665,0.5701820502175655
2018-12-21,Maqueda Bay,27.9369792714715,34.36078978702426,-0.02624591812491417,0.005493331700563431,17.548143789172173,1.4576122,41.06545824792162,-1.830175555429261,-1.009338627741962,,2.090049527916224,0.5501035040221981
2018-12-22,Maqueda Bay,27.911343723535538,34.33790090493858,-0.028077028691768646,0.01037629321217537,15.411848023533821,1.2221613,65.65199089929254,-1.660380563970516,-1.4671279831590884,,2.215700371480653,0.5300249578268308
2018-12-23,Maqueda Bay,27.90841394662857,34.33484905399382,-0.02685628831386566,0.025635547935962677,16.17481079697609,1.6169246,37.24141281174807,-2.2854527301100873,-0.3829867895479364,,2.3173202330571163,0.5099464116314634
2018-12-24,Maqueda Bay,27.926725052297115,34.331797203049064,-0.02075258642435074,0.025635547935962677,15.259255468845367,1.9386102,12.360203977370958,-1.8022670794895257,-0.16866868925543177,,1.8101424674723394,0.489867865436096
2018-12-25,Maqueda Bay,27.967741928994656,34.33484905399382,-0.019531846046447754,0.0012207403779029846,15.106662914156914,2.9453993,18.849527868807037,-1.5766508591549344,-1.1117473757349414,,1.9291993570202954,0.46978931924072864
2018-12-26,Maqueda Bay,28.049043238162994,34.340952755883336,0.0012207403779029846,-0.02685628831386566,14.191107586026192,3.8218877,14.633599080614596,-0.1843276751848031,-2.253520416886469,,2.261046430563335,0.4497107730453612
2018-12-27,Maqueda Bay,27.76924954354763,34.269234258681536,0.0012207403779029846,-0.07263405248522758,15.259255468845367,3.882468,117.06879264491677,1.6380992990819339,-3.586140488289279,,3.942559183500026,0.4296322268499939
2018-12-28,Maqueda Bay,27.43818475306034,33.8770714122802,-0.048829615116119385,-0.05798516795039177,10.528886273503304,5.118498,117.06879264491677,-1.4280968633595739,-1.8906250060395047,,2.3693719768325385,0.4095536806546265
2018-12-29,Maqueda Bay,27.628620252013206,34.00067137554288,-0.032959990203380585,0.05798516795039177,11.139256492257118,6.0129952,18.264745677121773,-3.5608001788105943,0.7798911627222862,,3.6452061860901477,0.38947513445925913
2018-12-30,Maqueda Bay,27.825647749006748,34.234137972816825,-0.029908139258623123,0.030518509447574615,16.022218242287636,6.013087,8.275082068142986,-3.7847930143901745,-0.6904891285512043,,3.8472631049129022,0.36939658826389177
2018-12-31,Maqueda Bay,27.89522995054722,34.257026854902506,-0.022583696991205215,0.01831110566854477,15.411848023533821,3.888644,0.0,-3.3037305285867666,-0.1958093356210656,,3.30952816900424,0.3493180420685244
2019-01-01,Maqueda Bay,27.91280861198902,34.27228610962629,-0.03234962001442909,0.009155552834272385,15.717033132910728,4.445249,0.0,-4.038059584288913,-1.1815821318132975,,4.2073817916238605,0.329239495873157
2019-01-02,Maqueda Bay,27.843958854675293,34.28754536435008,-0.030518509447574615,0.012207403779029846,17.700736343860626,3.5707958,0.0,-3.8428206072634037,-1.3465377021157443,0.3091609496777896,4.071907906967866,0.3091609496777896
2019-01-03,Maqueda Bay,27.87618640065193,34.30127869360149,-0.03662221133708954,0.0048829615116119385,15.869625687599182,1.7175757,0.0,-3.9724680126679397,-1.7437542516412634,,4.338338507053933,0.3088236723855597
2019-01-04,Maqueda Bay,27.745811328291893,34.29670091718435,-0.03418073058128357,0.001831110566854477,17.700736343860626,1.0917841,0.0,-3.8568120653445828,-2.2092472680312474,,4.444746651800424,0.30848639509332976
2019-01-05,Maqueda Bay,27.714316226541996,34.31348609738052,-0.029908139258623123,0.006103701889514923,17.39555123448372,1.1133643,0.0,-3.6109263939232195,-1.790682551799469,,4.030550015029016,0.3081491178010998
2019-01-06,Maqueda Bay,27.693807788193226,34.32569350115955,-0.025635547935962677,-0.004272591322660446,17.09036612510681,1.3019646,0.0,-2.9561105022540666,-2.07290833208224,,3.6104761811640254,0.3078118405088699
2019-01-07,Maqueda Bay,27.64986113458872,34.33484905399382,-0.02624591812491417,-0.0024414807558059692,16.63258846104145,1.540876,0.0,-3.200538220622298,-1.7913856297464554,0.30747456321663996,3.6677659925527215,0.30747456321663996
2019-01-08,Maqueda Bay,27.59273048490286,34.340952755883336,-0.0238044373691082,0.006714072078466415,17.39555123448372,6.55549,0.0,-3.4856515240401738,-1.5397768204247047,,3.8106008979898167,0.31035077853947296
2019-01-09,Maqueda Bay,27.583941154181957,34.34400460682809,-0.02868739888072014,0.0030518509447574615,16.327403351664543,16.17437,0.0,-3.8338290855185484,-2.233626315264857,,4.437040902810301,0.31322699386230596
2019-01-10,Maqueda Bay,27.504104733467102,34.340952755883336,-0.02624591812491417,0.006103701889514923,17.548143789172173,12.566243,0.0,-3.77610323211037,-2.084065079864672,,4.313036387125169,0.31610320918513896
2019-01-11,Maqueda Bay,27.488723404705524,34.34858238324523,-0.021973326802253723,0.01342814415693283,17.39555123448372,2.8701203,0.0,-3.159707608872039,-1.4302481802955829,,3.4683370699519225,0.31897942450797195
2019-01-12,Maqueda Bay,27.56416516005993,34.35163423418999,-0.022583696991205215,0.010986663401126862,15.106662914156914,4.8085866,0.0,-2.991934608226863,-1.3482713890659366,0.32185563983080495,3.2816929226360325,0.32185563983080495
2019-01-13,Maqueda Bay,27.550248719751835,34.353160159662366,-0.028077028691768646,0.010986663401126862,15.717033132910728,1.5041238,0.0,-3.5389043670331324,-1.9873529747609822,,4.058745614755561,0.3365398112318533
2019-01-14,Maqueda Bay,27.471877187490463,34.354686085134745,-0.029908139258623123,0.01037629321217537,17.85332889854908,4.5523763,0.0,-3.957375803245623,-2.4081690771623254,,4.632504889615853,0.35122398263290167
2019-01-15,Maqueda Bay,27.414746537804604,34.3577379360795,-0.027466658502817154,0.0158696249127388,18.005921453237534,3.8843648,0.0,-3.7746824828537773,-2.066491693079262,,4.3033261280001485,0.36590815403395
2019-01-16,Maqueda Bay,27.33198034018278,34.36231571249664,-0.022583696991205215,0.001831110566854477,19.53184700012207,1.8358835,0.0,-2.97717681735548,-2.678418583304085,,4.004685744123697,0.3805923254349983
2019-01-17,Maqueda Bay,27.330515451729298,34.37147126533091,-0.023194067180156708,-0.0030518509447574615,16.785181015729904,1.8358842,0.0,-2.6780582671396234,-2.6137555133292536,,3.742153653399864,0.3952764968360467
2019-01-18,Maqueda Bay,27.250679031014442,34.377574967220426,-0.025025177747011185,-0.004272591322660446,19.53184700012207,1.7799374,2.719433243922923,-3.2480382706375073,-2.9918746745844462,,4.416001208779916,0.40996066823709504
2019-01-19,Maqueda Bay,27.194280825555325,34.38367866910994,-0.01831110566854477,-0.0012207403779029846,19.53184700012207,1.7704544,0.0,-3.1321198788681475,-2.9544891639049267,,4.3057149412417735,0.42464483963814337
2019-01-20,Maqueda Bay,27.080751970410347,34.30280461907387,-0.025025177747011185,-0.019531846046447754,11.291849046945572,1.1218085,38.434681618451705,-3.3468286539575187,-2.8425021742282786,,4.391022733879157,0.43932901103919175
2019-01-21,Maqueda Bay,26.965025782585144,34.00067137554288,-0.017090365290641785,-0.03418073058128357,10.528886273503304,1.1282282,65.49909803797755,-0.9003094270306893,-1.1894424236997596,,1.491754116366731,0.4540131824402401
2019-01-22,Maqueda Bay,27.238227479159832,34.13342689163983,0.012817773967981339,-0.030518509447574615,10.528886273503304,0.6219644,13.251800044890372,0.4873103567846748,-0.9530276470304302,,1.070389218851706,0.4686973538412884
2019-01-23,Maqueda Bay,27.488723404705524,34.173100953921676,-0.028077028691768646,0.006103701889514923,10.528886273503304,0.61591625,30.885879112278808,-1.5842545786290896,-0.2657577125958328,,1.606390280010248,0.4833815252423368
2019-01-24,Maqueda Bay,27.385448768734932,34.220404643565416,-0.032959990203380585,0.004272591322660446,11.902219265699387,0.6670995,34.613218925698746,-2.660322884198396,-1.931160320112066,,3.2873542599125227,0.4980656966433851
2019-01-25,Maqueda Bay,27.236030146479607,34.28907128982246,-0.03357036039233208,-0.008545182645320892,19.379254445433617,0.67084295,0.0,-2.653892444129381,-3.7663104592112204,,4.60741137518356,0.5127498680444335
2019-01-26,Maqueda Bay,27.09027374535799,34.30433054454625,-0.03479110077023506,-0.024414807558059692,19.53184700012207,1.3464586,0.0,-3.208346904844137,-4.368790232107022,,5.420315300236388,0.5274340394454818
2019-01-27,Maqueda Bay,26.899838246405125,34.32416757568717,-0.02868739888072014,-0.0158696249127388,19.53184700012207,1.5241184,0.0,-2.8569663801282963,-3.498549294285287,,4.516868833797087,0.5421182108465301
2019-01-28,Maqueda Bay,26.793633833527565,34.340952755883336,-0.021973326802253723,-0.004272591322660446,18.61629167199135,2.3375165,0.0,-2.5883816117320517,-3.096912452467415,,4.03615982168699,0.5568023822475785
2019-01-29,Maqueda Bay,26.73064363002777,34.3577379360795,-0.020142216235399246,0.0048829615116119385,18.005921453237534,1.2902249,0.0,-2.4013533246337486,-2.5850830251879,,3.5283355901677185,0.5714865536486269
2019-01-30,Maqueda Bay,26.72185429930687,34.36994533985853,-0.021973326802253723,0.014038514345884323,16.785181015729904,1.3388156,0.0,-3.1456666636815567,-2.106003353861364,,3.7855605774406476,0.5861707250496753
2019-01-31,Maqueda Bay,26.76360362023115,34.38215274363756,-0.017090365290641785,0.019531846046447754,15.869625687599182,2.1741679,0.0,-2.41874806838796,-1.9487842120484378,,3.1061394243433016,0.6008548964507235
2019-02-01,Maqueda Bay,26.686696976423264,34.39283422194421,-0.017090365290641785,0.0030518509447574615,18.005921453237534,4.0018516,5.130283776882424,-2.668108590887096,-2.375725861486361,,3.5725168749357414,0.6155390678517718
2019-02-02,Maqueda Bay,26.634693436324596,34.401989774778485,-0.024414807558059692,0.019531846046447754,18.005921453237534,4.0016346,5.282395160692627,-3.741648418163207,-1.4800977617329945,,4.0237572329143125,0.6302232392528202
2019-02-03,Maqueda Bay,26.684499643743038,34.414197178557515,-0.019531846046447754,0.017700735479593277,15.411848023533821,1.300948,0.0,-2.872342016196205,-1.3603054464343023,,3.178172362475784,0.6449074106538686
2019-02-04,Maqueda Bay,26.699148528277874,34.42182680591941,-0.0238044373691082,0.006103701889514923,15.106662914156914,1.2232724,0.0,-2.881025802247394,-2.4350098915061182,,3.772211930015051,0.659591582054917
2019-02-05,Maqueda Bay,26.78411205857992,34.426404582336545,-0.025635547935962677,0.006714072078466415,14.191107586026192,1.1657122,0.0,-2.388402247718034,-1.6345419321797354,,2.8941652725714233,0.6742757534559654
2019-02-06,Maqueda Bay,26.809015162289143,34.437086060643196,-0.02075258642435074,0.006103701889514923,14.95407035946846,4.1591125,0.0,-2.0567277945535034,-1.3888637133497477,0.6889599248570136,2.4817476977220245,0.6889599248570136
2019-02-07,Maqueda Bay,26.894711136817932,34.44471568800509,-0.020142216235399246,0.012207403779029846,14.038515031337738,1.5677553,0.0,-2.247540651502137,-0.8574573231110912,,2.4055502574486964,0.58443353633767
2019-02-08,Maqueda Bay,26.92620623856783,34.44471568800509,-0.024414807558059692,0.0079348124563694,13.885922476649284,5.4585094,0.0,-2.5950663208920957,-1.1929240093119868,,2.8561227042655966,0.47990714781832655
2019-02-09,Maqueda Bay,26.936460457742214,34.44471568800509,-0.03234962001442909,0.0024414807558059692,13.885922476649284,1.782135,10.81387756863314,-2.858491325140621,-1.3835116103435068,,3.1757010299868385,0.37538075929898296
2019-02-10,Maqueda Bay,26.962096005678177,34.450819389894605,-0.040894802659749985,0.0158696249127388,14.95407035946846,2.5796316,0.0,-3.8146301755069625,-1.406803482826991,,4.065771687537611,0.2708543707796394
2019-02-11,Maqueda Bay,26.88225958496332,34.45692309178412,-0.036011841148138046,0.012817773967981339,16.17481079697609,3.347894,0.0,-3.6450523316799406,-1.7999244155114196,0.16632798226029588,4.065234852039854,0.16632798226029588
2019-02-12,Maqueda Bay,26.82439649105072,34.463026793673635,-0.02624591812491417,0.014648884534835815,16.479995906352997,2.386175,0.0,-3.3656087704800854,-0.9108986370852377,,3.4866973948101974,0.17996550107033776
2019-02-13,Maqueda Bay,26.831720933318138,34.46607864461839,-0.02929776906967163,0.008545182645320892,15.411848023533821,1.5013989,3.1091435589182392,-3.183081794971378,-1.0018424948880722,,3.3370193433724302,0.19360301988037962
2019-02-14,Maqueda Bay,26.80388805270195,34.46455271914601,-0.03479110077023506,0.005493331700563431,15.564440578222275,1.1559402,0.0,-3.7170350611865164,-1.8835963078749283,,4.167047479586705,0.2072405386904215
2019-02-15,Maqueda Bay,26.751884512603283,34.46607864461839,-0.02868739888072014,0.0158696249127388,16.63258846104145,1.8809776,0.0,-3.187912154411169,-1.2231849245672173,,3.4145226992847726,0.22087805750046335
2019-02-16,Maqueda Bay,26.86468092352152,34.47828604839742,-0.02624591812491417,0.01037629321217537,14.801477804780006,3.208883,0.0,-2.7937173016498544,-0.8533357946453595,0.23451557631050524,2.9211364808856106,0.23451557631050524
2019-02-17,Maqueda Bay,26.871272921562195,34.48286382481456,-0.022583696991205215,0.015259254723787308,14.95407035946846,16.093954,0.0,-2.8270365870567744,-0.5669219293900254,,2.883320366969464,0.24805157462100916
2019-02-18,Maqueda Bay,26.88592180609703,34.48896752670407,-0.025635547935962677,0.014648884534835815,14.801477804780006,1.267815,0.0,-3.1076008389086107,-0.687809966878665,,3.182807805149901,0.2615875729315131
2019-02-19,Maqueda Bay,26.84929959475994,34.49201937764883,-0.0317392498254776,0.011597033590078354,15.411848023533821,9.004482,0.0,-3.2801367281840577,-1.1148069816882495,,3.4644034929555882,0.275123571242017
2019-02-20,Maqueda Bay,26.788506723940372,34.5011749304831,-0.025025177747011185,0.006714072078466415,16.022218242287636,9.118946,0.0,-2.829866193122608,-1.3139366103477872,,3.120027577921464,0.2886595695525209
2019-02-21,Maqueda Bay,26.89397869259119,34.511856408789754,-0.025635547935962677,-0.0024414807558059692,14.496292695403099,8.602349,0.0,-2.1481241213009357,-1.2523002151890055,0.3021955678630248,2.4865021756429946,0.3021955678630248
2019-02-22,Maqueda Bay,26.986999109387398,34.51338233426213,-0.030518509447574615,-0.003662221133708954,14.038515031337738,14.708794,4.409966405818722,-2.3909085202511653,-1.3945238524576065,,2.7678765014506737,0.27860508156410735
2019-02-23,Maqueda Bay,26.89837335795164,34.51643418520689,-0.03234962001442909,0.003662221133708954,15.106662914156914,6.8546333,4.926970685498872,-2.638428462034016,-1.35011930934807,,2.9638027766276376,0.2550145952651898
2019-02-24,Maqueda Bay,26.95916622877121,34.52558973804116,-0.028077028691768646,0.0024414807558059692,14.801477804780006,10.210017,0.0,-2.0856120997946324,-1.24012823222676,,2.426457471948693,0.23142410896627236
2019-02-25,Maqueda Bay,26.90130313485861,34.533219365403056,-0.024414807558059692,-0.001831110566854477,15.411848023533821,7.1451917,0.0,-1.8057626775909983,-1.4211531512310056,,2.2979240907903007,0.2078336226673549
2019-02-26,Maqueda Bay,26.883724473416805,34.54390084370971,-0.0238044373691082,-0.004272591322660446,15.564440578222275,6.444138,0.0,-1.8536891664599906,-1.3113064910094647,0.1842431363684374,2.270614066549992,0.1842431363684374
2019-02-27,Maqueda Bay,26.923276461660862,34.55458232201636,-0.02624591812491417,-0.0048829615116119385,15.259255468845367,5.061215,0.0,-1.9340113883087133,-1.5019052741776975,,2.448697511476373,0.1671875955682681
2019-02-28,Maqueda Bay,26.985534220933914,34.557634172961116,-0.02624591812491417,-0.016479995101690292,14.038515031337738,6.2596927,0.0,-1.9987442066755128,-2.0004984654091826,,2.8278918851015895,0.15013205476809877
2019-03-01,Maqueda Bay,27.002380438148975,34.56526380032301,-0.03784295171499252,-0.014038514345884323,14.496292695403099,29.529762,0.0,-2.186510588027554,-2.2935758873838883,,3.168804017724257,0.13307651396792947
2019-03-02,Maqueda Bay,27.02874843031168,34.5728934276849,-0.036011841148138046,-0.0012207403779029846,14.343700140714645,1.8659092,0.0,-2.0357807532981393,-1.761107196576009,,2.6918212855483086,0.11602097316776015
2019-03-03,Maqueda Bay,27.33564256131649,34.57441935315728,-0.027466658502817154,-0.0079348124563694,11.902219265699387,4.698192,0.0,-1.9404770506221423,-0.8225143709299476,0.09896543236759084,2.1076007862917243,0.09896543236759084
2019-03-04,Maqueda Bay,27.29535812884569,34.57747120410204,-0.04455702379345894,0.014038514345884323,13.27555225789547,5.187288,0.0,-2.965662978450201,-0.8193296131249472,,3.076760945652683,0.1271976786537474
2019-03-05,Maqueda Bay,27.199407935142517,34.5805230550468,-0.048829615116119385,0.012817773967981339,13.73332992196083,3.1683953,3.9482765424819215,-3.2571353843176185,-1.0133789427680626,,3.411138782491794,0.15542992493990393
2019-03-06,Maqueda Bay,27.32685323059559,34.58967860788107,-0.04455702379345894,0.01037629321217537,13.580737367272377,5.8917394,0.0,-2.8229584061044237,-0.9025635580269101,,2.9637333110240913,0.1836621712260605
2019-03-07,Maqueda Bay,27.3480941131711,34.595782309770584,-0.04211554303765297,-0.0024414807558059692,13.885922476649284,5.8274117,0.0,-2.6405347387198623,-0.943605275255718,,2.804071080032885,0.21189441751221705
2019-03-08,Maqueda Bay,27.390575878322124,34.6018860116601,-0.02929776906967163,-0.007324442267417908,13.73332992196083,1.1046857,0.0,-2.266508939895016,-0.7822987986545937,0.24012666379837358,2.397718537485259,0.24012666379837358
2019-03-09,Maqueda Bay,27.40522476285696,34.606463788077235,-0.036011841148138046,0.012817773967981339,13.885922476649284,2.4910047,0.0,-2.174647842204234,-0.04254000625763839,,2.1750638817597823,0.2603069572951349
2019-03-10,Maqueda Bay,27.59273048490286,34.606463788077235,0.0079348124563694,-0.017700735479593277,11.749626711010933,7.152453,4.8945606190671205,-1.2978306300891684,-0.28041600231193137,,1.3277791528527072,0.28048725079189624
2019-03-11,Maqueda Bay,27.743613995611668,34.617145266383886,-0.01037629321217537,-0.0079348124563694,12.207404375076294,1.2854732,0.0,-1.6787473223964118,-0.17265528437097663,,1.687602565675445,0.3006675442886576
2019-03-12,Maqueda Bay,27.79342020303011,34.62477489374578,-0.005493331700563431,-0.012207403779029846,12.817774593830109,12.428294,0.0,-1.561823183077203,-0.3281536741914979,,1.595924963487565,0.3208478377854189
2019-03-13,Maqueda Bay,27.647663801908493,34.62477489374578,-0.04211554303765297,-0.0030518509447574615,14.801477804780006,16.825796,0.0,-2.3796729397560266,-1.1664124384740309,0.34102813128218024,2.6501625000807074,0.34102813128218024
2019-03-14,Maqueda Bay,27.700399786233902,34.632404521107674,-0.040894802659749985,-0.005493331700563431,14.343700140714645,3.8169441,0.0,-2.4105200825615234,-1.052741947755594,,2.6303750069137775,0.30791539091881187
2019-03-15,Maqueda Bay,27.80660419911146,34.63850822299719,-0.025025177747011185,-0.025025177747011185,13.428144812583923,3.467989,5.401961797576528,-2.2659807926157662,-1.2990158650119277,,2.611917144561876,0.2748026505554435
2019-03-16,Maqueda Bay,27.652058467268944,34.64003414846957,-0.04943998530507088,-0.009765923023223877,14.648885250091553,8.228275,0.9672385756321217,-2.8801406960658684,-1.9710864880775956,,3.4900418869430285,0.24168991019207509
2019-03-17,Maqueda Bay,27.611041590571404,34.63850822299719,-0.05798516795039177,-0.005493331700563431,13.885922476649284,2.4139874,0.0,-3.1846824926164268,-2.18673364007931,,3.8631601819536407,0.20857716982870672
2019-03-18,Maqueda Bay,27.553910940885544,34.641560073941946,-0.05615405738353729,-0.006714072078466415,13.580737367272377,2.3416893,0.0,-3.584613075200141,-1.9395423330147896,,4.07569323679448,0.17546442946533836
2019-03-19,Maqueda Bay,27.402294985949993,34.643085999414325,-0.04577776417136192,0.0012207403779029846,16.63258846104145,2.8282,0.0,-3.790293575832933,-1.2907832080945263,,4.00405378101983,0.14235168910196996
2019-03-20,Maqueda Bay,27.4462416395545,34.6522415522486,-0.04028443247079849,0.0048829615116119385,14.496292695403099,5.7685924,0.0,-3.4250890233950946,-0.8879919057663613,,3.538327916246336,0.10923894873860157
2019-03-21,Maqueda Bay,27.529007837176323,34.65834525413811,-0.0317392498254776,0.0006103701889514923,13.885922476649284,5.679136,0.0,-2.6505508816297607,-0.46083464760852205,,2.690313838299311,0.0761262083752332
2019-03-22,Maqueda Bay,27.730429999530315,34.66444895602763,-0.01831110566854477,-0.006103701889514923,12.817774593830109,5.738992,0.0,-2.1280381936517876,-0.2274805997675351,,2.140162137995942,0.04301346801186484
2019-03-23,Maqueda Bay,27.538529612123966,34.66444895602763,-0.03479110077023506,-0.011597033590078354,14.801477804780006,2.1000025,2.1721044048186267,-2.7634083692630003,-1.2655148331599892,0.009900727648496503,3.0394002053465665,0.009900727648496503
2019-03-24,Maqueda Bay,27.47114474326372,34.67055265791714,-0.04211554303765297,-0.003662221133708954,15.411848023533821,0.96171004,0.0,-3.1925741135364736,-1.4443595304276198,,3.5040981612335425,0.03786019903760244
2019-03-25,Maqueda Bay,27.518753618001938,34.679708210751414,-0.032959990203380585,-0.0079348124563694,14.801477804780006,4.1420007,2.3180255911866636,-2.7928017404605567,-0.8752066268140491,,2.9267265333711556,0.06581967042670837
2019-03-26,Maqueda Bay,27.550981163978577,34.66902673244476,-0.04272591322660446,-0.012817773967981339,13.428144812583923,1.8578237,24.6799504006147,-3.1293928941253037,-1.1682507219085425,,3.340345735854565,0.09377914181581432
2019-03-27,Maqueda Bay,27.534134946763515,34.667500806972384,-0.040894802659749985,0.0030518509447574615,13.73332992196083,1.6244106,0.0,-3.2963289913509106,-1.000591624624859,,3.444846646585291,0.12173861320492024
2019-03-28,Maqueda Bay,27.67842645943165,34.6736045088619,-0.03479110077023506,-0.006103701889514923,13.885922476649284,14.488353,0.0,-2.548382802654337,-0.6460107487506991,0.14969808459402617,2.628989310812391,0.14969808459402617
2019-03-29,Maqueda Bay,27.713583782315254,34.68123413622379,-0.017090365290641785,0.008545182645320892,14.191107586026192,4.2535124,0.0,-1.9699875246731318,0.032448795530026726,,1.9702547479194465,0.19302171771757526
2019-03-30,Maqueda Bay,27.630817584693432,34.68428598716855,-0.02136295661330223,0.008545182645320892,14.95407035946846,2.683752,0.0,-2.2989284388537743,-0.04721301171861511,,2.2994131937183875,0.23634535084112435
2019-03-31,Maqueda Bay,27.612506479024887,34.690389689058065,-0.03234962001442909,-0.0079348124563694,14.801477804780006,15.156513,0.0,-2.5069084878709873,-1.2242908727470123,,2.78988858337591,0.27966898396467343
2019-04-01,Maqueda Bay,27.570757158100605,34.69344154000282,-0.038453321903944016,-0.017700735479593277,14.648885250091553,4.7604327,0.0,-2.9910278791583056,-1.605599139007759,,3.3947306769587318,0.3229926170882225
2019-04-02,Maqueda Bay,27.534134946763515,34.691915614530444,-0.039674062281847,-0.003662221133708954,15.259255468845367,1.9799337,0.0,-2.954218702630825,-1.0332875055992778,0.3663162502117716,3.129711042924144,0.3663162502117716
2019-04-03,Maqueda Bay,27.693075343966484,34.69954524189234,-0.03479110077023506,-0.006103701889514923,14.191107586026192,13.893363,0.0,-2.4646624435741296,-0.5851661529074069,,2.533175948739695,0.3142715854138763
2019-04-04,Maqueda Bay,27.64619891345501,34.70107116736472,-0.03723258152604103,0.001831110566854477,14.801477804780006,14.112801,0.0,-2.7051272519278204,-0.44086917430571154,,2.7408172281229484,0.26222692061598096
2019-04-05,Maqueda Bay,27.710654005408287,34.69649339094758,-0.03906369209289551,0.006714072078466415,13.580737367272377,3.0379903,0.0,-2.619955047517491,-0.3581670111003652,,2.644323743200319,0.21018225581808564
2019-04-06,Maqueda Bay,27.878383733332157,34.68886376358569,-0.03784295171499252,-0.010986663401126862,12.665182039141655,0.861394,0.0,-2.3150780809772784,-0.7557773574550016,,2.4353204994544564,0.15813759102019032
2019-04-07,Maqueda Bay,28.040986351668835,34.691915614530444,-0.04150517284870148,-0.009155552834272385,12.817774593830109,4.181902,0.0,-2.4593867557356575,-1.2326719654966998,0.10609292622229498,2.751011339273152,0.10609292622229498
2019-04-08,Maqueda Bay,27.735557109117508,34.667500806972384,-0.04211554303765297,-0.006103701889514923,14.343700140714645,4.181902,29.374921420752173,-2.7958233362150535,-0.9940389335986424,,2.9672784717371234,0.11768428183555997
2019-04-09,Maqueda Bay,27.821253083646297,34.665974881500006,-0.040894802659749985,0.030518509447574615,14.038515031337738,3.2345798,0.0,-3.4757999922566367,0.6085568727393628,,3.528672137437757,0.12927563744882495
2019-04-10,Maqueda Bay,27.882778398692608,34.6446119248867,-0.02868739888072014,0.021973326802253723,13.122959703207016,1.7840635,12.539137900333431,-2.4408774126769064,0.3302992205899224,,2.463124056729303,0.14086699306208994
2019-04-11,Maqueda Bay,28.05490279197693,34.63393044658005,-0.028077028691768646,0.02624591812491417,12.359996929764748,2.4537659,0.0,-2.111837031037903,0.5435211455404496,,2.180658359604408,0.15245834867535493
2019-04-12,Maqueda Bay,28.201391637325287,34.63393044658005,-0.04211554303765297,0.014648884534835815,12.359996929764748,4.782057,0.0,-2.566640530910188,0.19559601939995921,0.16404970428861992,2.5740826361474958,0.16404970428861992
2019-04-13,Maqueda Bay,28.098117001354694,34.63698229752481,-0.035401470959186554,0.025635547935962677,14.038515031337738,8.289841,0.0,-3.0105949820378304,0.20586705484804246,,3.017625455576482,0.16408653230958453
2019-04-14,Maqueda Bay,28.283425390720367,34.63698229752481,-0.03234962001442909,0.0,12.970367148518562,4.2134814,0.0,-2.6117686010414984,-0.31084270420818116,,2.6302012113421513,0.16412336033054914
2019-04-15,Maqueda Bay,28.478255555033684,34.63698229752481,-0.029908139258623123,0.008545182645320892,12.512589484453201,2.157368,0.0,-2.196227065562716,0.33053496599224413,,2.220960757702331,0.16416018835151375
2019-04-16,Maqueda Bay,28.332499153912067,34.629352670162916,-0.039674062281847,0.019531846046447754,13.73332992196083,1.0263816,0.0,-2.4219123321934433,0.6666161557734454,,2.511978591463082,0.16419701637247835
2019-04-17,Maqueda Bay,28.613025292754173,34.63698229752481,0.007324442267417908,0.003662221133708954,11.139256492257118,4.633821,0.0,-1.2189399801818714,0.7641745133558315,0.16423384439344296,1.4386720829113224,0.16423384439344296
2019-04-18,Maqueda Bay,28.686269715428352,34.63545637205243,-0.025025177747011185,0.02624591812491417,12.359996929764748,12.089786,0.0,-2.241562398534154,0.9095824500891027,,2.419078795746903,0.16807512414546003
2019-04-19,Maqueda Bay,28.5837275236845,34.63698229752481,-0.04272591322660446,0.017700735479593277,14.191107586026192,6.9920936,0.0,-2.3008005805233362,0.1985264490024446,,2.3093497054993732,0.1719164038974771
2019-04-20,Maqueda Bay,28.81957456469536,34.63698229752481,-0.036011841148138046,0.006103701889514923,12.359996929764748,1.3006252,0.0,-2.617824731710262,0.6321264761423533,,2.6930633501264047,0.17575768364949412
2019-04-21,Maqueda Bay,28.639393284916878,34.63698229752481,-0.04028443247079849,0.02075258642435074,14.191107586026192,1.697495,1.8906545834556812e-05,-2.7558381382089268,0.32697271118490495,,2.7751675621242136,0.17959896340151119
2019-04-22,Maqueda Bay,28.520004875957966,34.63698229752481,-0.046388134360313416,0.009765923023223877,14.191107586026192,5.712766,1.5796517080608783,-3.355150434417707,-0.26365817326828156,0.18344024315352825,3.3654940305851824,0.18344024315352825
2019-04-23,Maqueda Bay,28.470931112766266,34.63393044658005,-0.04516739398241043,0.014038514345884323,14.343700140714645,2.3339055,0.3326626187004435,-3.2855505616327383,0.08547482260308759,,3.2866622032609665,0.23075649420695468
2019-04-24,Maqueda Bay,28.442365787923336,34.63393044658005,-0.04272591322660446,0.005493331700563431,14.648885250091553,2.385733,0.027106143099280177,-3.2305326778494456,-0.1121237340406348,,3.232477859845033,0.2780727452603811
2019-04-25,Maqueda Bay,28.413068018853664,34.63545637205243,-0.036011841148138046,0.0030518509447574615,14.648885250091553,5.976879,0.11361702145885579,-2.8176837299843704,-0.06274321828314901,,2.8183822156796197,0.3253889963138075
2019-04-26,Maqueda Bay,28.4680013358593,34.641560073941946,-0.04272591322660446,-0.003662221133708954,14.343700140714645,4.609771,0.0,-2.799353750333297,-0.4960661539209412,,2.8429672964300887,0.372705247367234
2019-04-27,Maqueda Bay,28.506820879876614,34.64766377583146,-0.048829615116119385,-0.009765923023223877,13.73332992196083,5.560169,0.0,-2.6555443136489103,-1.1022271429966812,0.4200214984206604,2.8752078666614156,0.4200214984206604
2019-04-28,Maqueda Bay,28.502426214516163,34.64613785035908,-0.04699850454926491,0.0012207403779029846,12.970367148518562,1.2976586,0.0,-2.8065785426719514,-0.47675033337429756,,2.8467830961559257,0.3656042024608639
2019-04-29,Maqueda Bay,28.608630627393723,34.6522415522486,-0.04211554303765297,-0.007324442267417908,12.970367148518562,1.7237991,0.0,-2.4601345565953276,-0.5515592503977326,,2.521205989849659,0.3111869065010674
2019-04-30,Maqueda Bay,28.871578104794025,34.65987117961049,-0.01831110566854477,-0.009765923023223877,11.139256492257118,3.5864666,0.9529235608383623,-1.7466852014518492,0.13465997149421965,,1.7518682886831736,0.25676961054127095
2019-05-01,Maqueda Bay,29.072267822921276,34.67055265791714,0.001831110566854477,-0.0048829615116119385,10.528886273503304,4.3651347,0.0,-0.9707300295760055,0.2344017410364792,,0.9986295441862139,0.20235231458147446
2019-05-02,Maqueda Bay,29.11548203229904,34.68581191264093,0.012817773967981339,0.01037629321217537,10.528886273503304,5.010355,0.0,-1.1226129431337049,0.8092543856973053,0.14793501862167796,1.383890342787911,0.14793501862167796
2019-05-03,Maqueda Bay,29.254646435379982,34.691915614530444,0.01892147585749626,0.012817773967981339,10.528886273503304,3.3197682,0.0,-0.6134915652897139,0.8603882132967652,,1.056711776342832,0.15902696463388308
2019-05-04,Maqueda Bay,29.337412633001804,34.70870079472661,0.03784295171499252,-0.012817773967981339,10.528886273503304,5.3949323,0.0,0.4494405450510706,0.3608820257875421,,0.5763962526529155,0.17011891064608822
2019-05-05,Maqueda Bay,29.628192991018295,34.716330422088504,0.036011841148138046,-0.024414807558059692,10.528886273503304,5.394562,0.0,1.0754796870911623,0.5391395791620269,,1.2030494766071393,0.18121085665829334
2019-05-06,Maqueda Bay,29.84646137058735,34.737693378701806,0.043336283415555954,-0.02136295661330223,10.528886273503304,4.031965,0.0,1.525797227065904,0.3057567867091842,,1.556131225424362,0.19230280267049848
2019-05-07,Maqueda Bay,29.938749343156815,34.73311560228467,0.03418073058128357,-0.019531846046447754,10.528886273503304,3.773098,0.9912200494112873,1.7242157964307574,0.19446843899689362,,1.7351478572234815,0.2033947486827036
2019-05-08,Maqueda Bay,30.044221311807632,34.737693378701806,0.03357036039233208,-0.025635547935962677,10.528886273503304,2.5656483,4.242780466416647,1.639604470984649,0.13939649511813085,,1.6455194329220393,0.21448669469490872
2019-05-09,Maqueda Bay,30.102816849946976,34.606463788077235,0.03418073058128357,-0.008545182645320892,10.528886273503304,5.396029,7.10892227351574,1.3974674974562804,0.4133525599863717,,1.4573179973135604,0.22557864070711386
2019-05-10,Maqueda Bay,30.254432804882526,34.582048980519176,0.024414807558059692,-0.014038514345884323,10.528886273503304,6.586538,0.0,0.22995262314615836,0.31111387052355505,,0.38687213562616074,0.23667058671931898
2019-05-11,Maqueda Bay,30.475630961358547,34.61256748996675,-0.014648884534835815,0.0048829615116119385,10.528886273503304,2.264446,0.6596309248752857,-0.2929067180416933,0.01687620403030812,,0.29339248752554764,0.2477625327315241
2019-05-12,Maqueda Bay,30.564989157021046,34.6446119248867,-0.025025177747011185,0.03357036039233208,10.528886273503304,3.920182,0.0,-1.2296076373260578,0.3643815742251853,0.25885447874372924,1.2824620358534573,0.25885447874372924
2019-05-13,Maqueda Bay,30.555467382073402,34.67513043433428,-0.043946653604507446,0.04577776417136192,10.528886273503304,2.9429038,0.0,-1.910092484068738,0.6653493418250916,,2.022657421404565,0.2541461522319672
2019-05-14,Maqueda Bay,30.26395457983017,34.70717486925423,-0.03234962001442909,0.05371257662773132,10.528886273503304,4.4315534,0.0,-1.9038294783852399,0.9223783334798855,,2.1155019434738755,0.24943782572020512
2019-05-15,Maqueda Bay,30.229529701173306,34.716330422088504,-0.02868739888072014,0.025025177747011185,10.528886273503304,1.936447,0.0,-1.3304160194954715,0.6286527995523866,,1.4714656391894538,0.24472949920844303
2019-05-16,Maqueda Bay,30.35477766394615,34.70870079472661,-0.025635547935962677,0.021973326802253723,10.528886273503304,4.6862926,2.3177403978854643,-0.7712855016402915,0.7800365792344407,,1.0969678162937526,0.24002117269668097
2019-05-17,Maqueda Bay,30.306436344981194,34.714804496616125,0.035401470959186554,-0.012207403779029846,10.528886273503304,2.0525596,11.739434810644287,0.9835078861928778,0.9686857238994577,0.2353128461849189,1.3804491275994921,0.2353128461849189
2019-05-18,Maqueda Bay,30.572313599288464,34.716330422088504,0.028077028691768646,-0.03357036039233208,10.528886273503304,5.3263364,0.0,0.8801234319990188,0.5990798780197434,,1.0646661240980113,0.19249122344552957
2019-05-19,Maqueda Bay,30.893124170601368,34.725485974922776,0.0048829615116119385,-0.017090365290641785,10.528886273503304,4.6512265,0.0,0.21292808798182833,0.42836806427712326,,0.47836969923284944,0.14966960070614022
2019-05-20,Maqueda Bay,30.908505499362946,34.73158967681229,0.03723258152604103,-0.012207403779029846,10.528886273503304,9.177196,0.0,1.4240870034223134,0.6212400896781888,,1.5536933553116936,0.10684797796675088
2019-05-21,Maqueda Bay,31.087221890687943,34.73464152775705,0.027466658502817154,-0.028077028691768646,10.528886273503304,2.6348646,0.0,1.6121382628467553,0.2702674113419217,,1.6346358163725698,0.06402635522736155
2019-05-22,Maqueda Bay,30.932676158845425,34.68581191264093,0.019531846046447754,-0.030518509447574615,10.528886273503304,1.5198027,5.724946487883818,1.5907380868150143,-0.04627921333202736,,1.5914111431149787,0.021204732487972222
2019-05-23,Maqueda Bay,31.054994344711304,34.6232489682734,0.0012207403779029846,-0.0158696249127388,10.528886273503304,4.515102,25.265444335117135,0.598995306885568,-0.1681673220600196,,0.6221540210267664,-0.021616890251417137
2019-05-24,Maqueda Bay,31.025696575641632,34.595782309770584,-0.01342814415693283,0.014648884534835815,10.528886273503304,4.3779473,25.265444335117135,-0.5386449947225308,0.06049371914137765,,0.5420312909742306,-0.06443851299080647
2019-05-25,Maqueda Bay,31.00079347193241,34.618671191856265,-0.017700735479593277,0.035401470959186554,10.528886273503304,4.2663593,19.623464294292962,-1.0425116703189532,0.40366269668510785,,1.1179329834325076,-0.1072601357301958
2019-05-26,Maqueda Bay,30.80742819607258,34.64766377583146,-0.014038514345884323,0.039674062281847,10.528886273503304,3.0654895,4.26698878357121,-1.0055707042806072,0.9076583583947012,,1.3546276746291432,-0.15008175846958513
2019-05-27,Maqueda Bay,30.80742819607258,34.67665635980666,-0.02075258642435074,0.030518509447574615,10.528886273503304,2.6532295,1.4642071438275173,-1.4388014159882998,1.0160088905547193,-0.19290338120897446,1.7613698022664543,-0.19290338120897446
2019-05-28,Maqueda Bay,30.70195622742176,34.6949674654752,-0.02929776906967163,0.032959990203380585,10.528886273503304,5.7996955,0.0,-1.8558368304547814,0.8677431422675345,,2.0486845785100214,-0.10518897234750331
2019-05-29,Maqueda Bay,30.70561844855547,34.70717486925423,-0.040894802659749985,0.009155552834272385,10.528886273503304,7.9286666,5.695190239245624,-2.1365820504121196,0.2928830946193022,,2.156562859101732,-0.017474563486032157
2019-05-30,Maqueda Bay,30.385540321469307,34.69801931641996,-0.048829615116119385,0.003662221133708954,10.528886273503304,6.740303,17.41967359153173,-1.9575570865403247,-0.10396761032481945,,1.9603160487688962,0.07023984537543901
2019-05-31,Maqueda Bay,30.27274391055107,34.68428598716855,-0.038453321903944016,0.01342814415693283,10.528886273503304,1.4566649,2.5134916129749487,-2.1732822588129705,0.48469891893232714,,2.2266766308751196,0.15795425423691015
2019-06-01,Maqueda Bay,30.2434461414814,34.690389689058065,-0.046388134360313416,0.003662221133708954,10.528886273503304,1.3752861,2.194998581471714,-2.5058410198769843,0.0815251791246162,0.2456686630983813,2.507166841622118,0.2456686630983813
2019-06-02,Maqueda Bay,30.0962248519063,34.679708210751414,-0.036011841148138046,0.001831110566854477,10.528886273503304,1.6865834,2.4214732848371043,-2.1513750226970805,0.1822830224596534,,2.1590835066207816,0.22712246918667053
2019-06-03,Maqueda Bay,30.036164425313473,34.65987117961049,-0.04028443247079849,0.0024414807558059692,10.528886273503304,1.8532976,0.0,-2.01338903463226,0.054022562648384495,,2.014113661651825,0.20857627527495973
2019-06-04,Maqueda Bay,30.005401767790318,34.65681932866573,-0.04455702379345894,0.007324442267417908,10.528886273503304,0.746929,26.24543987807407,-2.159838961917203,0.09897287989316664,,2.162105448947837,0.19003008136324895
2019-06-05,Maqueda Bay,29.812768936157227,34.6522415522486,-0.035401470959186554,-0.006103701889514923,10.528886273503304,0.64779705,10.610844568173457,-2.0289726456479253,-0.050101352645928535,,2.0295911268835636,0.17148388745153814
2019-06-06,Maqueda Bay,29.80251471698284,34.66444895602763,-0.043336283415555954,0.0048829615116119385,10.528886273503304,2.4937737,16.667268669550317,-2.594357421348712,0.2466642499091633,0.15293769353982736,2.606057114088329,0.15293769353982736
2019-06-07,Maqueda Bay,29.840601816773415,34.66292303055525,-0.040894802659749985,0.003662221133708954,10.528886273503304,0.80166227,22.92201607055195,-1.8642650685531403,0.07905427547291835,,1.865940466439911,0.21303175661071205
2019-06-08,Maqueda Bay,29.85891292244196,34.66139710508287,-0.046388134360313416,0.010986663401126862,10.528886273503304,4.1632094,22.92201607055195,-2.242144492887713,0.16470797801252854,,2.2481860788216963,0.2731258196815967
2019-06-09,Maqueda Bay,29.772484503686428,34.62477489374578,-0.014038514345884323,0.028077028691768646,10.528886273503304,4.1463456,11.461008035275976,-1.0326556273089318,0.9392717282112447,,1.39592586623708,0.3332198827524814
2019-06-10,Maqueda Bay,29.94460889697075,34.6018860116601,0.051271095871925354,-0.0030518509447574615,10.528886273503304,3.9651108,0.0,0.7143719448438512,1.2067758099070538,,1.4023676875045332,0.3933139458233661
2019-06-11,Maqueda Bay,30.216345705091953,34.617145266383886,0.04150517284870148,-0.012207403779029846,10.528886273503304,0.891702,0.4245277787408521,0.9362066948371962,1.0913635782680449,0.4534080088942507,1.4379003565713508,0.4534080088942507
2019-06-12,Maqueda Bay,30.526902057230473,34.61256748996675,0.007324442267417908,0.020142216235399246,10.528886273503304,6.6976104,1.7550719970931654,-0.262400040101751,1.4689959506930153,,1.4922475948038503,0.3999397699991951
2019-06-13,Maqueda Bay,30.666066460311413,34.594256384298205,0.04211554303765297,-0.009155552834272385,10.528886273503304,4.0521064,2.8018253768827135,0.14456059502242014,0.8158237769005725,,0.8285325585573275,0.34647153110413953
2019-06-14,Maqueda Bay,30.59501937031746,34.59730823524296,0.039674062281847,0.02136295661330223,10.528886273503304,5.0905414,1.4516165583364424,0.9257435187398475,1.4784469343726088,,1.74436418222933,0.2930032922090839
2019-06-15,Maqueda Bay,30.70561844855547,34.594256384298205,0.0317392498254776,-0.006714072078466415,10.528886273503304,4.478354,1.8245856699672525,0.15655917055574683,1.0238306213773647,,1.0357315845116746,0.2395350533140283
2019-06-16,Maqueda Bay,30.75029754638672,34.536271216347814,0.009155552834272385,0.02868739888072014,10.528886273503304,2.6366997,1.2072501644011466,-0.027171372637704947,0.9306299068024407,0.18606681441897271,0.9310264802496955,0.18606681441897271
2019-06-17,Maqueda Bay,30.606738477945328,34.57441935315728,-0.04211554303765297,0.03723258152604103,10.528886273503304,4.32567,0.0,-1.8741284847178454,0.7215007507894284,,2.008213362822914,0.24991962103554172
2019-06-18,Maqueda Bay,30.56645404547453,34.61561934091151,-0.04211554303765297,0.014648884534835815,10.681478828191757,3.2735622,0.0,-1.7770107180221304,0.05723343248960721,,1.777932157805823,0.3137724276521108
2019-06-19,Maqueda Bay,30.547410495579243,34.618671191856265,-0.03784295171499252,0.0238044373691082,10.528886273503304,2.3323896,0.0,-1.7083411950528937,0.6141219334335916,,1.8153719695530615,0.3776252342686798
2019-06-20,Maqueda Bay,30.67265845835209,34.62477489374578,-0.003662221133708954,0.006103701889514923,10.528886273503304,0.52884215,0.0,-0.5907827219724737,0.8153391331890253,,1.0068774139341077,0.4414780408852488
2019-06-21,Maqueda Bay,30.727591775357723,34.606463788077235,0.0024414807558059692,0.0012207403779029846,10.528886273503304,1.4210415,0.0,-0.3235588153716754,0.6495409923171047,0.5053308475018178,0.7256678356555505,0.5053308475018178
2019-06-22,Maqueda Bay,30.88946194946766,34.56526380032301,0.011597033590078354,-0.010986663401126862,10.528886273503304,1.1083957,0.0,0.29814842921947393,0.3871422337118384,,0.4886426045377454,0.41992008123646024
2019-06-23,Maqueda Bay,30.60820336639881,34.521011961624026,0.03479110077023506,-0.032959990203380585,10.528886273503304,1.1165646,12.290956394646757,2.143964499826268,0.2013937265684068,,2.153402704933847,0.3345093149711027
2019-06-24,Maqueda Bay,30.420697644352913,34.50422678142786,0.016479995101690292,-0.014648884534835815,11.444441601634026,1.3311017,10.604656216552545,2.379383302472636,0.6475892227468584,,2.4659352589846044,0.2490985487057451
2019-06-25,Maqueda Bay,30.331339448690414,34.473708271980286,0.01831110566854477,0.0012207403779029846,12.359996929764748,1.7120842,4.514472958495906,1.857906036523955,0.6989615891210268,,1.9850345446915383,0.16368778244038756
2019-06-26,Maqueda Bay,30.348918110132217,34.437086060643196,0.03723258152604103,0.010986663401126862,10.528886273503304,1.7630692,9.14582673378987,1.367062687238814,0.9345721028416681,0.07827701617503002,1.6559847240389947,0.07827701617503002
2019-06-27,Maqueda Bay,30.20682393014431,34.37452311627567,0.03479110077023506,0.017090365290641785,10.528886273503304,1.6086264,29.35726070257559,1.721427586942549,1.441790197139612,,2.2454558356054855,0.08000462369076383
2019-06-28,Maqueda Bay,30.168736830353737,34.39283422194421,0.035401470959186554,0.015259254723787308,15.564440578222275,5.0469317,7.452679285439112,2.502397438437574,1.5891090821452407,,2.9643313942363836,0.08173223120649764
2019-06-29,Maqueda Bay,30.19071015715599,34.39741199836135,0.0317392498254776,0.019531846046447754,14.801477804780006,5.0566096,16.796304052326537,2.033710062942929,1.2656840318375862,,2.395398231727656,0.08345983872223145
2019-06-30,Maqueda Bay,30.061067529022694,34.389782370999455,0.023194067180156708,0.022583696991205215,19.07406933605671,5.0524592,22.358036814746768,1.4521356980627416,1.93571487343745,,2.4198533337446566,0.08518744623796527
2019-07-01,Maqueda Bay,30.053010642528534,34.379100892692804,0.0048829615116119385,0.04211554303765297,15.259255468845367,2.8860219,9.445535980611352,-0.2540320249745788,1.7577532969620384,,1.7760148993444849,0.08691505375369908
2019-07-02,Maqueda Bay,30.175328828394413,34.37604904174805,-0.006103701889514923,0.038453321903944016,13.73332992196083,2.5226488,5.397449368888514,-0.5551787411749098,0.9285963982205184,,1.0819032791523822,0.08864266126943289
2019-07-03,Maqueda Bay,30.200231932103634,34.37452311627567,-0.02929776906967163,0.014038514345884323,12.970367148518562,2.5006921,0.0,-0.892798127061208,0.3483075118991749,,0.9583353372016472,0.0903702687851667
2019-07-04,Maqueda Bay,30.158482611179352,34.27381203509867,-0.024414807558059692,0.036011841148138046,11.139256492257118,4.7617416,14.168303892542873,-0.8357095140104563,0.6693146781668456,,1.070697216871876,0.09209787630090051
2019-07-05,Maqueda Bay,30.2434461414814,34.365367563441396,0.02685628831386566,0.039674062281847,12.359996929764748,4.9728217,0.0,-0.22373459548024946,1.2823061611894768,,1.3016782475862472,0.09382548381663432
2019-07-06,Maqueda Bay,30.200231932103634,34.34553053230047,0.029908139258623123,0.023194067180156708,12.512589484453201,1.5963387,4.217301680745067,0.2471574815535888,1.055679927225706,,1.0842264198197646,0.09555309133236814
2019-07-07,Maqueda Bay,30.397259429097176,34.365367563441396,0.02624591812491417,0.006714072078466415,10.681478828191757,2.593921,2.5864571067411593,0.6868944024331688,0.5665017169821389,,0.8903640353460665,0.09728069884810195
2019-07-08,Maqueda Bay,30.503463841974735,34.33332312852144,0.03479110077023506,-0.007324442267417908,10.528886273503304,3.175048,3.6901388790933396,0.8378349538969776,0.5301125186324377,,0.9914568535152587,0.09900830636383576
2019-07-09,Maqueda Bay,30.514450505375862,34.295174991711974,0.031128879636526108,-0.008545182645320892,10.528886273503304,1.5210438,2.639440238384241,0.6671976296793344,0.5938360194128737,,0.8931930894279517,0.10073591387956957
2019-07-10,Maqueda Bay,30.564989157021046,34.28449351340532,0.022583696991205215,0.006714072078466415,10.528886273503304,1.204603,3.6901388790933396,0.25369605296028047,0.45721105635875525,,0.5228801366893892,0.10246352139530338
2019-07-11,Maqueda Bay,30.785454869270325,34.2646564822644,-0.006714072078466415,0.0006103701889514923,10.528886273503304,3.4677713,5.211274675876131,-0.3457590832024438,0.12385626839332188,0.10419112891103718,0.3672733571024626,0.10419112891103718
2019-07-12,Maqueda Bay,30.439008750021458,34.26770833320916,-0.04516739398241043,0.02929776906967163,10.528886273503304,2.3420026,7.553482603550688,-0.8031894314874125,-0.08558051022463992,,0.807735901507035,0.1184997299062392
2019-07-13,Maqueda Bay,30.07132174819708,33.812982542440295,0.05798516795039177,-0.04821924492716789,10.528886273503304,2.3171413,20.845098703504522,1.3123588418252585,-0.41265708460067924,,1.375707672141166,0.13280833090144123
2019-07-14,Maqueda Bay,29.74831384420395,33.79924921318889,0.030518509447574615,-0.036011841148138046,10.528886273503304,1.0714793,20.845098703504522,2.683206136259351,0.25337431139785477,,2.6951426142852206,0.14711693189664327
2019-07-15,Maqueda Bay,29.530045464634895,33.7626270018518,0.054322946816682816,-0.0158696249127388,11.59703415632248,1.0494876,16.717980963476975,4.400662590340531,0.7649902651589108,,4.466658856439624,0.16142553289184527
2019-07-16,Maqueda Bay,29.334482856094837,33.75804922543466,0.048829615116119385,0.035401470959186554,15.106662914156914,1.4079952,12.370909772893432,4.033183169759456,3.62981615688854,,5.426060432177292,0.17573413388704728
2019-07-17,Maqueda Bay,29.39307839423418,33.88012326322496,0.023194067180156708,0.08117923513054848,18.61629167199135,4.561415,7.474328408775973,1.6565239195324835,3.856428912474187,,4.197155638399666,0.19004273488224932
2019-07-18,Maqueda Bay,29.571794785559177,33.945738058537245,0.005493331700563431,0.08239997550845146,14.343700140714645,4.561587,0.0,-0.14583888719185373,2.261136495065868,,2.2658347756039308,0.20435133587745136
2019-07-19,Maqueda Bay,29.93288978934288,33.98388619534671,0.032959990203380585,0.038453321903944016,10.681478828191757,2.8306568,0.0,0.5131158313148082,0.8133578154960485,,0.961685391577927,0.21865993687265337
2019-07-20,Maqueda Bay,30.036896869540215,33.970152866095304,-0.023194067180156708,0.022583696991205215,10.528886273503304,3.8752167,4.563329354226131,-0.015626551733932487,0.24355415369423156,,0.2440549423814372,0.2329685378678554
2019-07-21,Maqueda Bay,30.011993765830994,33.898434368893504,-0.0317392498254776,0.0012207403779029846,10.528886273503304,1.534469,12.183245616391323,0.22924446827238765,-0.030068183396525432,0.2472771388630574,0.2312079624196728,0.2472771388630574
2019-07-22,Maqueda Bay,29.77394939213991,33.85723438113928,0.030518509447574615,-0.0158696249127388,10.528886273503304,0.47826716,2.321510490733907,1.6428491098870226,0.26991747804581406,,1.664874963116208,0.2968002217883779
2019-07-23,Maqueda Bay,29.81423382461071,33.874019561335444,0.0238044373691082,-0.029908139258623123,10.528886273503304,8.854905,6.861278630621422,1.7602140505973485,0.7185792079469614,,1.9012389597349428,0.34632330471369843
2019-07-24,Maqueda Bay,29.76076539605856,33.85876030661166,0.027466658502817154,0.012817773967981339,10.528886273503304,8.139649,5.321966985769902,1.742779498385097,1.146885306038284,,2.0862948701461015,0.3958463876390189
2019-07-25,Maqueda Bay,29.754905842244625,33.8557084556669,0.04455702379345894,-0.008545182645320892,10.681478828191757,6.4023185,0.0,2.5427725929313008,1.0717020361220557,,2.7593908229155817,0.4453694705643394
2019-07-26,Maqueda Bay,29.819360934197903,33.87554548680782,0.02624591812491417,-0.006714072078466415,10.83407138288021,3.604142,14.79049759379913,2.5432136701670127,0.5607083450433255,0.4948925534896599,2.6042906174859963,0.4948925534896599
2019-07-27,Maqueda Bay,29.673604533076286,33.84197512641549,0.012207403779029846,0.003662221133708954,11.444441601634026,3.5336866,9.193976643997402,1.8225786279797034,0.6709019861347777,,1.9421385970542802,0.48091173183207053
2019-07-28,Maqueda Bay,29.549089014530182,33.82824179716408,0.021973326802253723,0.020142216235399246,13.885922476649284,1.3959575,9.193976643997402,1.582893672935765,1.1484641904505581,,1.9556386109318185,0.46693091017448124
2019-07-29,Maqueda Bay,29.631122767925262,33.86944178491831,0.030518509447574615,0.01037629321217537,14.801477804780006,1.7468165,5.253701366770285,2.0784071998289217,0.48118237684092724,,2.133380643036536,0.4529500885168919
2019-07-30,Maqueda Bay,29.656025871634483,33.886226965114474,0.024414807558059692,-0.01037629321217537,14.648885250091553,1.4533328,0.0,2.585620862832622,-0.05020417978497951,,2.586108216216637,0.4389692668593026
2019-07-31,Maqueda Bay,29.529313020408154,33.88927881605923,0.021973326802253723,0.008545182645320892,17.548143789172173,1.2301458,12.12273398046303,3.0272864906287684,0.8455846327766869,,3.143163512694102,0.42498844520171325
2019-08-01,Maqueda Bay,29.492690809071064,33.886226965114474,0.04028443247079849,0.0024414807558059692,16.17481079697609,1.2628759,9.433423827503866,3.674683564268352,0.5713293345136923,,3.718832680557142,0.4110076235441239
2019-08-02,Maqueda Bay,29.297860644757748,33.860286232084036,0.0317392498254776,0.007324442267417908,19.53184700012207,3.5950623,17.583924356510376,4.0370602565031675,1.0162801076857042,,4.163013424421675,0.3970268018865346
2019-08-03,Maqueda Bay,29.086916707456112,33.82824179716408,0.03784295171499252,0.01831110566854477,19.53184700012207,3.5655098,5.86130780118951,4.670085269253932,2.079602792502719,,5.112185853105077,0.38304598022894526
2019-08-04,Maqueda Bay,28.91405986994505,33.825189946219325,0.030518509447574615,0.04272591322660446,19.53184700012207,3.5758631,0.0,4.002063974533764,2.8353397847843267,,4.904657760888298,0.3690651585713559
2019-08-05,Maqueda Bay,28.84887233376503,33.800775138661265,0.04028443247079849,0.04821924492716789,16.17481079697609,3.5380695,0.6765385926593833,4.553235188155276,2.7926210382148744,,5.341412073762493,0.3550843369137666
2019-08-06,Maqueda Bay,28.748527474701405,33.80382698960602,0.03357036039233208,0.043336283415555954,19.53184700012207,3.540101,4.178026057974351,4.742641839177974,3.523417816064289,,5.908225175235003,0.3411035152561773
2019-08-07,Maqueda Bay,28.758049249649048,33.82213809527457,0.032959990203380585,0.06591998040676117,16.785181015729904,2.0314367,2.9553253441911687,3.7739896637018235,4.210686527411305,,5.654456562203947,0.327122693598588
2019-08-08,Maqueda Bay,28.80346079170704,33.85418253019452,0.029908139258623123,0.079348124563694,16.17481079697609,2.617142,5.910650688382337,2.974087482215893,4.600382800574044,,5.478021382186341,0.31314187194099863
2019-08-09,Maqueda Bay,28.870845660567284,33.89385659247637,0.028077028691768646,0.06530961021780968,15.411848023533821,2.6182039,1.8560946342948759,2.5096857357792577,3.3310693336373536,,4.170676851288419,0.29916105028340934
2019-08-10,Maqueda Bay,29.059816271066666,33.93047880381346,0.03723258152604103,0.04577776417136192,13.428144812583923,5.516641,0.0,2.6532147703805258,2.189005219313504,0.28518022862582,3.439664586547233,0.28518022862582
2019-08-11,Maqueda Bay,29.2216864451766,33.95489361137152,0.04455702379345894,0.02685628831386566,12.665182039141655,2.9327843,0.0,3.275827312285731,1.6777231137957629,,3.6804618496163912,0.324500787595045
2019-08-12,Maqueda Bay,29.317636638879776,33.97473064251244,0.039674062281847,0.011597033590078354,12.512589484453201,3.6679554,0.0,3.4003003909584346,1.7950886155855603,,3.8450469290448153,0.36382134656427
2019-08-13,Maqueda Bay,29.4091921672225,33.994567673653364,0.03662221133708954,0.014038514345884323,13.73332992196083,2.4238615,0.0,3.2414050911824797,1.7771972105857887,,3.696638593432905,0.40314190553349505
2019-08-14,Maqueda Bay,29.620868548750877,34.017456555739045,0.02685628831386566,0.02075258642435074,10.83407138288021,3.2882793,0.0,1.9928734079450892,1.2873545703630687,,2.372514743880289,0.4424624645027201
2019-08-15,Maqueda Bay,29.75710317492485,34.03729358687997,0.028077028691768646,0.015259254723787308,11.59703415632248,1.5944992,2.5375174728956087,1.9296126663448405,1.155024400836119,0.4817830234719451,2.2488855926092106,0.4817830234719451
2019-08-16,Maqueda Bay,29.876491583883762,34.049500990659,0.024414807558059692,0.011597033590078354,12.207404375076294,1.5928074,2.736611976052209,1.7890216510041588,0.8203020684913374,,1.9681193945827609,0.46983591798751834
2019-08-17,Maqueda Bay,29.989287994801998,34.05713061802089,0.02685628831386566,-0.009155552834272385,11.902219265699387,5.0645447,4.1070595128195615,2.0576770250237644,0.5105577097260113,,2.1200716766824934,0.4578888125030916
2019-08-18,Maqueda Bay,30.02737509459257,34.04797506518662,0.02929776906967163,-0.0048829615116119385,12.512589484453201,2.7511978,2.736611976052209,2.558990268173313,0.4736659475752628,,2.6024585726766327,0.4459417070186648
2019-08-19,Maqueda Bay,30.102084405720234,34.05560469254851,0.025635547935962677,-0.009765923023223877,12.207404375076294,1.4539508,4.1070595128195615,2.1853370621106287,0.26870179964033336,,2.2017944345838165,0.4339946015342381
2019-08-20,Maqueda Bay,29.910184018313885,34.018982481211424,0.03479110077023506,0.0030518509447574615,15.869625687599182,1.4624543,15.057790514510897,3.3312930159323964,0.6588984200247261,,3.3958298375965543,0.4220474960498113
2019-08-21,Maqueda Bay,29.573992118239403,33.874019561335444,0.04699850454926491,-0.025635547935962677,15.869625687599182,1.4447893,19.145807450817475,4.69546338461511,0.28927276023158716,,4.704365539163935,0.4101003905653845
2019-08-22,Maqueda Bay,29.338145077228546,33.85723438113928,0.030518509447574615,0.004272591322660446,19.53184700012207,0.6536345,20.490575640981646,4.258628637466682,1.6008144816641066,,4.549563152277024,0.39815328508095776
2019-08-23,Maqueda Bay,29.182134456932545,33.82824179716408,0.022583696991205215,0.051271095871925354,19.53184700012207,0.6774958,6.467412487153083,2.828631742516978,2.4185177268293403,,3.7216106096369614,0.386206179596531
2019-08-24,Maqueda Bay,29.357921071350574,33.85113067924976,0.02075258642435074,0.06530961021780968,13.73332992196083,1.0723695,0.0,1.2258278586136757,1.2329069047534622,,1.7385952302770626,0.37425907411210424
2019-08-25,Maqueda Bay,29.6142765507102,33.83281957358122,0.02136295661330223,0.02075258642435074,10.681478828191757,1.0904756,2.5613219551227058,1.3731990986287588,-0.24974298394754552,0.36231196862767745,1.3957246585576468,0.36231196862767745
2019-08-26,Maqueda Bay,29.1147495880723,33.75041959807277,0.0158696249127388,-0.02136295661330223,12.665182039141655,1.1119294,17.178128692228487,3.3941718054698686,-0.627106569608593,,3.4516177214014947,0.36996102492993127
2019-08-27,Maqueda Bay,28.960203856229782,33.70769368484616,0.02868739888072014,0.021973326802253723,17.700736343860626,1.3758129,27.50524454658848,3.186840590457318,2.4294611461630327,,4.007272689710814,0.3776100812321851
2019-08-28,Maqueda Bay,28.957274079322815,33.7122714612633,0.015259254723787308,0.059816278517246246,15.259255468845367,1.3861295,6.40187931060791,1.058317059712873,2.051412096778025,,2.308316830438689,0.3852591375344389
2019-08-29,Maqueda Bay,29.072267822921276,33.71074553579092,0.03234962001442909,0.038453321903944016,12.512589484453201,1.5105082,8.589064346114244,1.9522836348589732,0.8860395004943048,,2.1439396883714714,0.39290819383669273
2019-08-30,Maqueda Bay,29.154301576316357,33.71074553579092,0.020142216235399246,-0.009155552834272385,10.681478828191757,1.4941183,8.589064346114244,2.141008268120904,-0.19737175030326215,,2.1500865126733495,0.4005572501389465
2019-08-31,Maqueda Bay,29.009277619421482,33.620715932920575,-0.016479995101690292,-0.019531846046447754,11.139256492257118,1.6262646,17.178128692228487,0.9840860869437812,-0.3352551188420834,,1.0396256158955217,0.4082063064412004
2019-09-01,Maqueda Bay,29.13965269178152,33.60698260366917,0.021973326802253723,0.0030518509447574615,10.528886273503304,2.3333352,15.241482090107672,1.571531460504879,0.5589274045738194,,1.6679661192423016,0.41585536274345414
2019-09-02,Maqueda Bay,28.80419323593378,33.54136780835688,0.03418073058128357,0.017090365290641785,12.05481182038784,2.305827,0.0,1.6002506352087056,1.5037895296890833,,2.1959474140079904,0.42350441904570796
2019-09-03,Maqueda Bay,29.03271583467722,33.646656665951014,0.006714072078466415,0.035401470959186554,14.038515031337738,2.1293554,0.0,0.6562271753730761,1.1085783076316043,,1.288246859048947,0.4311534753479618
2019-09-04,Maqueda Bay,29.226081110537052,33.69090850465,0.01831110566854477,0.023194067180156708,12.817774593830109,2.197141,0.0,0.9787643525141867,0.7794411630299736,0.4388025316502156,1.2512026951609532,0.4388025316502156
2019-09-05,Maqueda Bay,29.3513290733099,33.70921961031854,0.031128879636526108,0.010986663401126862,12.359996929764748,2.2004223,0.0,2.1547359002632276,1.060415232626067,,2.401534356503895,0.4331073688188092
2019-09-06,Maqueda Bay,29.459730818867683,33.729056641459465,0.03662221133708954,0.015259254723787308,12.359996929764748,2.0144978,0.0,2.4004076694288337,1.1793338483684825,,2.6744691632846282,0.42741220598740276
2019-09-07,Maqueda Bay,29.50294502824545,33.73821219429374,0.02929776906967163,0.009765923023223877,12.05481182038784,3.1804898,0.0,2.4229931388733053,1.0923649844676884,,2.65784819173673,0.42171704315599634
2019-09-08,Maqueda Bay,29.521256133913994,33.74889367260039,0.028077028691768646,0.009155552834272385,14.496292695403099,1.4741951,0.0,2.8071753203456775,1.1825991339468973,,3.046108007075555,0.4160218803245899
2019-09-09,Maqueda Bay,29.63478498905897,33.76873070374131,0.025635547935962677,-0.0030518509447574615,13.73332992196083,1.4741951,3.032355679528138,2.885223218106526,0.42069775169430496,,2.915733118202285,0.4103267174931835
2019-09-10,Maqueda Bay,29.554216124117374,33.77941218204796,0.028077028691768646,-0.024414807558059692,16.937773570418358,1.4741951,3.032355679528138,4.441700377945833,-0.3389245210206794,,4.4546124498538875,0.4046315546617771
2019-09-11,Maqueda Bay,29.261238433420658,33.608508529141545,0.03357036039233208,-0.0555436871945858,11.444441601634026,1.4741951,26.15690129656579,5.247107092139539,-0.5905083343310651,,5.2802303860054725,0.39893639183037066
2019-09-12,Maqueda Bay,29.08178959786892,33.573412243276834,0.020142216235399246,-0.0030518509447574615,19.07406933605671,1.3504066,24.398273904568953,4.218909295281084,1.1761830889907103,,4.3797947783699716,0.39324122899896424
2019-09-13,Maqueda Bay,29.048097163438797,33.501693746075034,0.03723258152604103,0.06469924002885818,12.817774593830109,1.3492785,6.539225324141447,3.020059581031527,2.29087354168659,,3.7906281085039173,0.3875460661675578
2019-09-14,Maqueda Bay,29.078859820961952,33.55204928666353,0.04272591322660446,0.043946653604507446,16.327403351664543,2.5316198,0.0,3.8721562318219274,2.200659298767082,0.3818509033361514,4.453818051165474,0.3818509033361514
2019-09-15,Maqueda Bay,29.051759384572506,33.55815298855305,0.030518509447574615,0.035401470959186554,16.479995906352997,2.4725044,0.0,3.8393155119255074,1.9338948129729379,,4.298871101551598,0.37651532042485936
2019-09-16,Maqueda Bay,29.1147495880723,33.590197423473,0.027466658502817154,0.04577776417136192,15.717033132910728,2.2272122,0.0,3.370851832345191,2.256852272645046,,4.056602550924608,0.37117973751356736
2019-09-17,Maqueda Bay,29.14331491291523,33.61613815650344,0.022583696991205215,0.04821924492716789,15.869625687599182,3.3621418,0.0,2.4593988598899537,2.3358718943841787,,3.3918933148025068,0.3658441546022753
2019-09-18,Maqueda Bay,29.199713118374348,33.645130740478635,0.025635547935962677,0.04943998530507088,15.564440578222275,3.3604498,0.0,2.5058301839646906,2.4459171085337132,,3.501670374647853,0.3605085716909833
2019-09-19,Maqueda Bay,29.243659771978855,33.67412332445383,0.02929776906967163,0.03723258152604103,15.411848023533821,3.179962,0.0,2.8930636555865066,2.321514291029918,,3.7093457534626917,0.3551729887796913
2019-09-20,Maqueda Bay,29.28614153712988,33.70006405748427,0.021973326802253723,0.039674062281847,14.95407035946846,3.1102924,13.939806352196381,1.9113403626422174,1.7758374704493698,,2.608988444458369,0.3498374058683993
2019-09-21,Maqueda Bay,29.42603838443756,33.729056641459465,0.024414807558059692,0.03662221133708954,13.73332992196083,5.999574,0.0,1.8795446198934824,1.1440240430761652,,2.200336108258661,0.34450182295710724
2019-09-22,Maqueda Bay,29.792992942035198,33.74889367260039,-0.004272591322660446,0.003662221133708954,10.681478828191757,6.2053776,0.38479321856286297,0.28093879303666824,0.13170420253383563,,0.3102782660741379,0.3391662400458152
2019-09-23,Maqueda Bay,29.874294251203537,33.74736774712801,-0.06836146116256714,0.04699850454926491,10.528886273503304,1.9199432,3.1755500418433034,-0.9643444174557172,0.11684726318993645,,0.9713976726310316,0.3338306571345232
2019-09-24,Maqueda Bay,29.87209691852331,33.76720477826893,-0.05310220643877983,0.008545182645320892,10.528886273503304,6.444252,0.0,-0.9713504241732365,-0.9459019917878628,,1.3558216050092182,0.32849507422323115
2019-09-25,Maqueda Bay,29.91238135099411,33.79924921318889,-0.0634784996509552,-0.0158696249127388,10.528886273503304,0.8586375,0.0,-0.7490109157551448,-1.0802621806166444,,1.3145279497945215,0.3231594913119391
2019-09-26,Maqueda Bay,30.02737509459257,33.81145661696792,-0.040894802659749985,-0.014038514345884323,10.528886273503304,4.2161646,0.0,-0.026442623646448723,-0.5011322308218992,,0.5018293784881879,0.3178239084006471
2019-09-27,Maqueda Bay,30.1943723782897,33.826715871691704,-0.02075258642435074,-0.03357036039233208,10.528886273503304,4.6681733,0.9044776028751776,0.21162644154655547,-0.6643786080148666,,0.6972694497462436,0.31248832548935507
2019-09-28,Maqueda Bay,30.17459638416767,33.81756031885743,0.011597033590078354,-0.0238044373691082,10.528886273503304,3.365432,4.80644512542748,1.3869873932885242,0.3295345356117688,,1.4255970816826748,0.3071527425780631
2019-09-29,Maqueda Bay,30.10794395953417,33.83281957358122,0.04699850454926491,0.0048829615116119385,10.528886273503304,3.3609579,4.80644512542748,1.0961122353925707,1.3402860384874846,,1.73142389308389,0.30181715966677103
2019-09-30,Maqueda Bay,30.114535957574844,33.849604753777385,0.0024414807558059692,0.04028443247079849,10.528886273503304,1.9461409,6.241633831264418,-0.3010965274005308,1.1655505711186789,,1.20381362870161,0.29648157675547904
2019-10-01,Maqueda Bay,30.340128779411316,33.83129364810884,-0.02136295661330223,0.014648884534835815,10.528886273503304,4.1950116,1.588825970018331,-0.33743347635780435,0.450921383207244,,0.5631975184608391,0.291145993844187
2019-10-02,Maqueda Bay,30.32914211601019,33.80687884055078,-0.016479995101690292,0.0079348124563694,10.528886273503304,2.134158,13.604374791803082,0.281214004442236,0.07467423733245704,,0.2909597188884091,0.28581041093289494
2019-10-03,Maqueda Bay,30.30570390075445,33.837397349998355,-0.01892147585749626,-0.03662221133708954,10.528886273503304,2.7201412,6.802187395901541,0.703022952416472,-0.724618641519228,,1.0096105423684643,0.28047482802160295
2019-10-04,Maqueda Bay,30.271279022097588,33.86333808302879,-0.011597033590078354,-0.031128879636526108,10.528886273503304,1.562651,6.802187395901541,1.0539481485023745,-0.1406552035103549,0.2751392451103109,1.0632923332772237,0.2751392451103109
2019-10-05,Maqueda Bay,30.363566994667053,33.84044920094311,-0.008545182645320892,0.0030518509447574615,10.528886273503304,2.1796293,6.802187395901541,-0.09797468231903321,-0.22718934042443234,,0.24741470202476668,0.2854014669170629
2019-10-06,Maqueda Bay,30.330607004463673,33.89080474153161,-0.07019257172942162,0.007324442267417908,10.528886273503304,5.222197,0.0,-1.8792789582018274,-1.1005413907598125,,2.1778155926330602,0.2956636887238149
2019-10-07,Maqueda Bay,30.238319031894207,33.95031583495438,-0.06103701889514923,-0.01831110566854477,10.528886273503304,2.0092635,0.0,-0.9304728676074893,-1.6416456904471306,,1.8870030022014643,0.30592591053056684
2019-10-08,Maqueda Bay,30.28080079704523,33.97930841892958,-0.043336283415555954,-0.043336283415555954,10.528886273503304,0.7073906,13.782169306882514,-0.010964654219686922,-1.2457402458567073,,1.2457884988188352,0.31618813233731885
2019-10-09,Maqueda Bay,30.173131495714188,33.945738058537245,-0.0476088747382164,-0.03418073058128357,10.528886273503304,0.6602738,17.52188261533113,-0.04070022221556273,-0.8462705977525377,,0.8472487431143428,0.32645035414407086
2019-10-10,Maqueda Bay,30.168736830353737,33.945738058537245,-0.012207403779029846,-0.03479110077023506,10.528886273503304,3.6621583,0.0,0.777203900681917,-0.9109281434043256,,1.1974289063160446,0.3367125759508228
2019-10-11,Maqueda Bay,30.200964376330376,33.968626940622926,0.0012207403779029846,-0.029908139258623123,10.528886273503304,4.4608216,0.0,0.917312209816675,-0.6805456724888908,,1.1421926731607537,0.3469747977575748
2019-10-12,Maqueda Bay,30.27201146632433,33.98388619534671,-0.007324442267417908,-0.02075258642435074,10.681478828191757,1.4409105,14.416638431461173,0.15455119420405786,-1.1244810200137483,,1.1350522613523397,0.3572370195643268
2019-10-13,Maqueda Bay,30.282998129725456,34.00830100290477,-0.03662221133708954,-0.003662221133708954,11.291849046945572,4.5108457,0.0,-0.7583793074341841,-0.9809947849252283,,1.2399556209779639,0.3674992413710788
2019-10-14,Maqueda Bay,30.32108522951603,34.040345437824726,-0.03479110077023506,-0.006714072078466415,11.59703415632248,3.9408722,14.416638431461173,-1.487913057780598,-1.31949014985533,0.37776146317783077,1.9887029750767835,0.37776146317783077
2019-10-15,Maqueda Bay,30.19510482251644,34.06781209632754,-0.04943998530507088,-0.0012207403779029846,11.902219265699387,2.3538837,0.0,-1.6641173089805759,-1.552645502927608,,2.2759601217530325,0.31261506827604496
2019-10-16,Maqueda Bay,30.087435521185398,34.08001950010657,-0.048829615116119385,-0.006714072078466415,11.291849046945572,0.516745,0.0,-1.32039986945166,-1.194507187244831,,1.7805345364882756,0.24746867337425915
2019-10-17,Maqueda Bay,30.229529701173306,34.066286170855165,-0.025025177747011185,-0.005493331700563431,10.528886273503304,0.74369764,0.0,-0.4420542387847226,-0.40241046210177345,,0.5977843507791948,0.18232227847247334
2019-10-18,Maqueda Bay,30.306436344981194,34.08764912746847,-0.023194067180156708,-0.01892147585749626,10.528886273503304,0.7695511,0.0,-0.7931142041948827,-0.3793248459688325,,0.879157255367298,0.11717588357068753
2019-10-19,Maqueda Bay,30.348185665905476,34.102908382192254,-0.019531846046447754,-0.009155552834272385,10.528886273503304,4.2493615,23.47767258569392,-0.7182983299859809,-0.28521107476165364,0.05202948866890172,0.7728504693841796,0.05202948866890172
2019-10-20,Maqueda Bay,30.418500311672688,34.11206393502653,-0.02685628831386566,-0.0012207403779029846,10.528886273503304,1.7334162,8.010796349169471,-0.7524081006093889,-0.10351565494081216,,0.7594955172220924,0.054973918913285076
2019-10-21,Maqueda Bay,30.40385142713785,34.10901208408177,-0.022583696991205215,-0.0012207403779029846,10.528886273503304,1.9062697,7.787010239749094,-0.8843989250652645,-0.20996804521371076,,0.9089818692732338,0.057918349157668435
2019-10-22,Maqueda Bay,30.408246092498302,34.11816763691604,-0.01892147585749626,0.0012207403779029846,10.528886273503304,4.890244,9.472120129750804,-0.657691396959485,-0.25543482780834853,,0.7055529213971121,0.060862779402051786
2019-10-23,Maqueda Bay,30.43241675198078,34.136478742584586,-0.01892147585749626,-0.0006103701889514923,10.528886273503304,4.5975537,3.402777200104088,-0.6108406265211878,-0.3187769063675902,,0.6890174069224149,0.06380720964643515
2019-10-24,Maqueda Bay,30.43168430775404,34.15631577372551,-0.03906369209289551,-0.01037629321217537,10.528886273503304,5.0431046,0.0,-1.3604107337866487,-0.8119086880512578,0.0667516398908185,1.5842705205661824,0.0667516398908185
2019-10-25,Maqueda Bay,30.304239012300968,34.18378243222833,-0.05798516795039177,-0.01037629321217537,10.83407138288021,2.7852879,0.0,-2.032516444471165,-1.4594664620688402,,2.5022320937413944,0.07610775187596346
2019-10-26,Maqueda Bay,30.168004386126995,34.185308357700706,-0.07080294191837311,-0.009765923023223877,10.528886273503304,1.6688293,29.348590215047196,-2.1288575967206955,-1.7017237505350178,,2.725417103903618,0.08546386386110841
2019-10-27,Maqueda Bay,29.954130671918392,34.186834283173084,-0.06408886983990669,0.014648884534835815,10.528886273503304,1.6967897,27.782127969275965,-2.6421022072787403,-0.4271440557864441,,2.6764073154325527,0.09481997584625335
2019-10-28,Maqueda Bay,29.852320924401283,34.20209353789687,-0.0024414807558059692,0.02624591812491417,10.528886273503304,0.65064234,9.782862844921295,-1.7696692860073802,1.072540161696932,,2.0693167423791725,0.1041760878313983
2019-10-29,Maqueda Bay,29.850123591721058,34.18073058128357,-0.017700735479593277,-0.008545182645320892,10.528886273503304,0.79160863,0.0,-1.18746729879629,-0.23830181398751665,0.11353219981654325,1.2111425763551946,0.11353219981654325
2019-10-30,Maqueda Bay,29.84719381481409,34.20667131431401,-0.040894802659749985,-0.017700735479593277,13.885922476649284,1.2229401,23.746919608519008,-1.4971692594259915,-1.1369256026537038,,1.8799243647922805,0.15385313595234257
2019-10-31,Maqueda Bay,29.737327180802822,34.21735279262066,-0.032959990203380585,-0.006103701889514923,15.869625687599182,1.3953148,26.379159306234655,-1.1305181028404352,-0.6440439400429172,,1.301100986686253,0.19417407208814189
2019-11-01,Maqueda Bay,29.661885425448418,34.20361946336925,-0.025025177747011185,-0.012207403779029846,16.479995906352997,0.9901531,9.656279146396619,-1.2397131236329393,-0.6269191788746146,,1.3892142691998812,0.2344950082239412
2019-11-02,Maqueda Bay,29.75710317492485,34.1639454010874,-0.0158696249127388,0.009765923023223877,12.970367148518562,1.2938925,4.487382458102318,-0.7482364217426775,0.4447733298134915,,0.8704487680131823,0.27481594435974055
2019-11-03,Maqueda Bay,29.787133388221264,34.162419475615025,0.043336283415555954,-0.0012207403779029846,12.665182039141655,2.9322727,0.0,1.0190870872392932,0.4622814002172702,0.31513688049553984,1.1190364535459543,0.31513688049553984
2019-11-04,Maqueda Bay,29.765892505645752,34.15784169919789,0.038453321903944016,-0.014038514345884323,12.817774593830109,1.6253242,19.312558292793238,1.960642859061046,0.3744832845578913,,1.996085707378403,0.2781627584572782
2019-11-05,Maqueda Bay,29.80251471698284,34.11969356238842,0.035401470959186554,0.0,11.59703415632248,1.8101791,0.0,1.8846745368346163,0.6754531836842078,,2.002057719732852,0.24118863641901664
2019-11-06,Maqueda Bay,29.812036491930485,34.115115785971284,0.032959990203380585,0.020142216235399246,15.259255468845367,1.7496363,0.0,2.173763657567399,1.6246190012062023,,2.713786162917232,0.20421451438075505
2019-11-07,Maqueda Bay,29.827417820692062,34.125797264277935,0.025635547935962677,0.017090365290641785,16.17481079697609,4.0280385,0.0,1.7966504653105726,1.4781185690675425,,2.3265397909176144,0.16724039234249344
2019-11-08,Maqueda Bay,29.92117068171501,34.13037504069507,0.016479995101690292,0.02685628831386566,14.95407035946846,3.9081848,0.0,1.256254307066896,1.1796947481490905,0.13026627030423182,1.7233266036461785,0.13026627030423182
2019-11-09,Maqueda Bay,30.011993765830994,34.13037504069507,0.024414807558059692,-0.007324442267417908,14.496292695403099,6.2586174,3.69096136459374,1.9838935612524287,-0.20856231050427562,,1.994826283098788,0.11979932017313441
2019-11-10,Maqueda Bay,29.92410045862198,34.12884911522269,0.012207403779029846,-0.036011841148138046,16.327403351664543,2.5115325,0.0,2.883105417126419,-0.9504772061922242,,3.035737763008307,0.10933237004203698
2019-11-11,Maqueda Bay,29.775414280593395,34.124271338805556,-0.02624591812491417,-0.036011841148138046,19.53184700012207,2.5115235,19.597022131291403,0.36212082518804894,-2.5685237932945615,,2.5939248194107627,0.09886541991093957
2019-11-12,Maqueda Bay,29.582781448960304,34.11969356238842,-0.03357036039233208,-0.03784295171499252,19.226661890745163,2.510954,4.967905758712698,0.3238456667273491,-3.06254999675165,,3.0796247333825617,0.08839846977984214
2019-11-13,Maqueda Bay,29.300057977437973,34.054078767076135,0.0,-0.03906369209289551,17.39555123448372,3.5588577,18.26730639960176,3.1079991816339425,-0.7240730769291333,,3.191228718498704,0.07793151964874473
2019-11-14,Maqueda Bay,29.23267310857773,34.07544172368944,0.02075258642435074,0.009155552834272385,18.158514007925987,3.5427198,12.528407277050105,2.2669442732507354,1.8644741059133256,,2.935183133919517,0.06746456951764732
2019-11-15,Maqueda Bay,29.259773544967175,34.052552841603756,0.04272591322660446,0.012207403779029846,14.648885250091553,1.2616075,20.5697210139027,2.852071874930476,1.2939502035532493,,3.131871821937312,0.05699761938654989
2019-11-16,Maqueda Bay,29.109622478485107,33.994567673653364,0.02624591812491417,-0.02136295661330223,16.63258846104145,1.4380375,16.01164688895558,3.2596301410280084,0.44933267264196997,,3.2904541490502264,0.046530669255452475
2019-11-17,Maqueda Bay,29.026123836636543,33.98541212081909,0.005493331700563431,0.0,18.61629167199135,1.6883291,11.036188018669915,1.2240463577402592,0.7873622668542033,,1.4554136268301818,0.03606371912435506
2019-11-18,Maqueda Bay,29.182866901159286,33.98693804629147,0.009765923023223877,0.03418073058128357,13.73332992196083,1.8064531,0.0,-0.2964456717497528,0.504677862344409,0.025596768993257635,0.5853031531092964,0.025596768993257635
2019-11-19,Maqueda Bay,29.398205503821373,33.97167879156768,0.003662221133708954,0.021973326802253723,12.207404375076294,2.9065619,1.2043517503870245,-0.1358908820041491,0.008403758714626832,,0.13615048649343578,0.04019044801281256
2019-11-20,Maqueda Bay,29.4004028365016,34.005249151960015,0.016479995101690292,0.027466658502817154,13.428144812583923,5.8395615,0.0,-0.16515715641323084,0.2612783109926926,,0.30910069897963444,0.05478412703236748
2019-11-21,Maqueda Bay,29.3110446408391,33.968626940622926,-0.028077028691768646,0.027466658502817154,13.885922476649284,4.6452484,5.068276898285943,-1.561396285531797,0.2080390904882821,,1.5751947891113927,0.0693778060519224
2019-11-22,Maqueda Bay,29.4004028365016,34.0205084066838,-0.03418073058128357,0.01892147585749626,14.191107586026192,3.1798887,0.0,-1.9671198031967974,-0.17206704836779138,,1.974630950143092,0.08397148507147732
2019-11-23,Maqueda Bay,29.333017967641354,34.015930630266666,-0.03662221133708954,-0.0079348124563694,14.496292695403099,1.8474461,0.0,-1.805396361968745,-1.2887125125645271,0.09856516409103225,2.2181604910038306,0.09856516409103225
2019-11-24,Maqueda Bay,29.317636638879776,34.03424173593521,-0.04272591322660446,-0.004272591322660446,15.259255468845367,2.4257617,5.068276898285943,-2.7448373562919706,-1.460289842401734,,3.1091121781495077,0.12944759307760742
2019-11-25,Maqueda Bay,29.23340555280447,34.02203433215618,-0.04211554303765297,0.0024414807558059692,15.564440578222275,7.429397,17.596140142226915,-2.7792827850915978,-1.064893457998457,,2.9763082629987134,0.16033002206418256
2019-11-26,Maqueda Bay,29.179204680025578,34.04492321424186,-0.032959990203380585,-0.0030518509447574615,17.09036612510681,7.429445,25.93342821792157,-2.3400371525139816,-1.1623913296682553,,2.612838969097345,0.19121245105075774
2019-11-27,Maqueda Bay,29.20044556260109,34.05713061802089,-0.03723258152604103,-0.006714072078466415,15.869625687599182,1.7150654,0.0,-2.4708776710039633,-1.7472580318803297,,3.026243066086446,0.2220948800373329
2019-11-28,Maqueda Bay,29.212164670228958,34.06933802179992,-0.035401470959186554,-0.03234962001442909,15.717033132910728,2.602111,11.39235998701573,-1.9915064570045273,-3.132005172117382,0.2529773090239081,3.711543394123361,0.2529773090239081
2019-11-29,Maqueda Bay,29.096438482403755,34.076967649161816,-0.04211554303765297,-0.038453321903944016,18.768884226679802,2.5551999,0.0,-2.040720976710954,-3.620946276313551,,4.156416009104127,0.2336066478441138
2019-11-30,Maqueda Bay,28.98364207148552,34.090700978413224,-0.031128879636526108,-0.04577776417136192,19.226661890745163,2.6873486,12.966714108960785,-0.6820373098474369,-3.3458715352587287,,3.414678787598993,0.21423598666431953
2019-12-01,Maqueda Bay,28.818842120468616,34.0998565312475,-0.0006103701889514923,-0.07568590342998505,19.53184700012207,2.6873753,38.502160483974095,2.715828915349239,-3.36733570873609,,4.326046286481018,0.19486532548452523
2019-12-02,Maqueda Bay,28.491439551115036,34.00067137554288,0.017700735479593277,-0.06836146116256714,17.242958679795265,2.6874027,89.8383761990455,5.341823895664209,3.366241256693222,,6.314005284330439,0.17549466430473096
2019-12-03,Maqueda Bay,28.45188756287098,33.94268620759249,-0.005493331700563431,0.054322946816682816,15.717033132910728,5.318666,0.0,-1.7789036639353104,1.6449036177196674,,2.4228508326246008,0.15612400312493668
2019-12-04,Maqueda Bay,28.733146145939827,33.948789909482,-0.021973326802253723,0.031128879636526108,13.27555225789547,5.318666,0.0,-1.639599045752722,0.016263896938247445,,1.6396797081066945,0.13675334194514238
2019-12-05,Maqueda Bay,28.793939016759396,33.98541212081909,-0.024414807558059692,0.016479995101690292,13.73332992196083,2.2615035,14.667491350305793,-1.2412717448034265,-0.28128286025751936,,1.2727433330888023,0.11738268076534811
2019-12-06,Maqueda Bay,28.925046533346176,33.968626940622926,-0.004272591322660446,0.0030518509447574615,11.749626711010933,5.351587,0.0,-0.22686649341641615,-0.2620465316889198,,0.346607545511134,0.09801201958555383
2019-12-07,Maqueda Bay,28.895016320049763,33.99609359912574,-0.0012207403779029846,-0.02929776906967163,13.428144812583923,5.300027,0.0,-0.09408892704815494,-1.6229047513016228,,1.6256298957605495,0.07864135840575956
2019-12-08,Maqueda Bay,28.778557687997818,34.006775077432394,-0.028077028691768646,-0.030518509447574615,15.564440578222275,2.028939,19.4606146248438,-1.2613212248912327,-2.6099241699718987,0.059270697225965265,2.8987299642023614,0.059270697225965265
2019-12-09,Maqueda Bay,28.75438702851534,34.00982692837715,-0.03234962001442909,-0.01342814415693283,15.869625687599182,1.6651739,0.0,-1.5507954434582152,-1.7071661419113462,,2.306378707744943,0.09949432597739472
2019-12-10,Maqueda Bay,28.846675001084805,34.0205084066838,-0.03479110077023506,0.0012207403779029846,14.648885250091553,1.7568296,0.0,-1.6672725268911641,-0.653882799404732,,1.7909104930965747,0.13971795472882415
2019-12-11,Maqueda Bay,28.818842120468616,34.03881951235235,-0.028077028691768646,-0.0006103701889514923,15.411848023533821,5.21085,0.0,-1.847552855620372,-1.2723937733946482,,2.243309490214059,0.1799415834802536
2019-12-12,Maqueda Bay,28.725089259445667,34.049500990659,-0.031128879636526108,0.001831110566854477,16.327403351664543,3.7692797,0.0,-2.8135605743652055,-1.544486161790494,,3.2096044319486783,0.22016521223168303
2019-12-13,Maqueda Bay,28.671620830893517,34.06323431991041,-0.029908139258623123,0.014038514345884323,16.63258846104145,1.6916838,23.885218847365607,-3.1303140674334022,-1.1740205283339544,0.2603888409831125,3.3432305277561984,0.2603888409831125
2019-12-14,Maqueda Bay,28.625476844608784,34.078493574634194,-0.03234962001442909,0.003662221133708954,17.09036612510681,3.8344738,0.0,-3.336371372376497,-1.8700851030554024,,3.8247342688196215,0.2528066752465255
2019-12-15,Maqueda Bay,28.610095515847206,34.09833060577512,-0.03479110077023506,0.006714072078466415,16.63258846104145,4.3615,0.0,-3.7058268129508076,-1.7995364314829103,,4.119646069241797,0.2452245095099385
2019-12-16,Maqueda Bay,28.532456427812576,34.113589860498905,-0.032959990203380585,0.006714072078466415,17.700736343860626,4.361496,43.442414472729375,-3.9368067013626944,-1.682662349404979,,4.281331520216497,0.23764234377335147
2019-12-17,Maqueda Bay,28.539780870079994,34.13037504069507,-0.03479110077023506,0.0030518509447574615,15.869625687599182,5.480989,21.721207236364688,-3.562136114285429,-1.9756922101428638,,4.073349163270403,0.23006017803676446
2019-12-18,Maqueda Bay,28.48118533194065,34.14410836994648,-0.025025177747011185,0.003662221133708954,16.327403351664543,1.9067408,8.766316708331834,-2.764674675865913,-1.4960592843420746,,3.143504325691379,0.22247801230017744
2019-12-19,Maqueda Bay,28.469466224312782,34.15326392278075,-0.025635547935962677,0.007324442267417908,16.479995906352997,2.2187755,0.0,-2.9940119035441524,-1.1337343269798015,,3.201477909143904,0.21489584656359045
2019-12-20,Maqueda Bay,28.462874226272106,34.15936762467027,-0.02624591812491417,0.014648884534835815,16.785181015729904,2.8217487,21.721207236364688,-3.1182402361416157,-1.0929709455127363,,3.3042408595663124,0.20731368082700344
2019-12-21,Maqueda Bay,28.383770249783993,34.15631577372551,-0.01831110566854477,0.01037629321217537,19.07406933605671,2.8376434,25.076959363875847,-2.4186966253978035,-1.0721264778993496,,2.6456659937194615,0.19973151509041642
2019-12-22,Maqueda Bay,28.489974662661552,34.17004910297692,-0.021973326802253723,-0.0006103701889514923,15.411848023533821,6.565649,0.0,-1.8473175025696955,-1.4254129190746514,,2.3333203691660636,0.19214934935382944
2019-12-23,Maqueda Bay,28.524399541318417,34.17615280486643,-0.019531846046447754,-0.007324442267417908,15.564440578222275,5.8304787,6.749968098055932,-1.3227571623403445,-1.8469423272773737,0.18456718361724242,2.271757573072321,0.18456718361724242
2019-12-24,Maqueda Bay,28.28855250030756,34.1212194878608,-0.02136295661330223,-0.016479995101690292,18.768884226679802,5.8304787,60.85091810328986,-2.294442243077757,-0.9500379582509609,,2.483352034838666,0.17450556164263123
2019-12-25,Maqueda Bay,28.30466627329588,34.13037504069507,-0.014038514345884323,0.06958220154047012,17.242958679795265,7.4761124,0.0,-2.9995600998057106,1.974530094296541,,3.591118194327381,0.16444393966802004
2019-12-26,Maqueda Bay,28.360332034528255,34.13342689163983,-0.010986663401126862,0.043946653604507446,15.106662914156914,15.438634,13.398469084052628,-1.8212263991904885,0.9759525338714116,,2.0662402922889633,0.15438231769340882
2019-12-27,Maqueda Bay,28.388897359371185,34.14716022089124,-0.017090365290641785,0.012817773967981339,14.801477804780006,16.436275,0.0,-1.8669713344025962,-0.282953526581089,,1.888291466295838,0.14432069571879763
2019-12-28,Maqueda Bay,28.35447248071432,34.1639454010874,-0.027466658502817154,0.022583696991205215,15.717033132910728,6.0675673,0.0,-3.379170593296091,-0.6363083776076013,0.13425907374418644,3.438558164407093,0.13425907374418644
2019-12-29,Maqueda Bay,28.261452063918114,34.17615280486643,-0.021973326802253723,0.019531846046447754,18.463699117302895,2.7633674,0.0,-3.1076508825981572,-0.5750099118302012,,3.1604003554638584,0.19800778296548713
2019-12-30,Maqueda Bay,28.283425390720367,34.186834283173084,-0.029908139258623123,0.010986663401126862,15.869625687599182,8.505988,0.0,-3.317263970674469,-1.1245907313642918,,3.5027053207778436,0.2617564921867878
2019-12-31,Maqueda Bay,28.2717062830925,34.19598983600736,-0.032959990203380585,0.0,16.022218242287636,3.0397856,0.0,-3.3395085545012053,-2.0752929148997743,,3.9318135851309037,0.3255052014080885
2020-01-01,Maqueda Bay,28.196996971964836,34.20056761242449,-0.03418073058128357,-0.0012207403779029846,17.39555123448372,1.5899695,0.0,-3.915370005336084,-2.476550742664616,,4.632863678080561,0.3892539106293892
2020-01-02,Maqueda Bay,28.18601030856371,34.211249090731144,-0.03662221133708954,-0.0006103701889514923,16.785181015729904,2.3976593,11.776200506910566,-3.962904587416749,-2.6474986352523846,0.4530026198506899,4.765906187980619,0.4530026198506899
2020-01-03,Maqueda Bay,28.101779222488403,34.21582686714828,-0.031128879636526108,0.004272591322660446,18.61629167199135,2.1379235,35.36243054321101,-3.291065855981757,-1.9119114947673028,,3.8061161348850456,0.41605911734458195
2020-01-04,Maqueda Bay,28.012421026825905,34.221930569037795,-0.02929776906967163,0.0,19.53184700012207,5.2292247,18.162775435205976,-3.304962661103382,-2.3253366891372833,,4.041035623344032,0.37911561483847406
2020-01-05,Maqueda Bay,27.962614819407463,34.22956019639969,-0.03479110077023506,0.006103701889514923,18.005921453237534,5.2078667,3.755492988269999,-4.291306695037726,-2.365265082599597,,4.899978781774518,0.3421721123323661
2020-01-06,Maqueda Bay,27.942838825285435,34.232612047344446,-0.031128879636526108,0.011597033590078354,16.937773570418358,9.127973,0.0,-3.5905334994485685,-1.6577087109637183,,3.9547350076923453,0.3052286098262582
2020-01-07,Maqueda Bay,27.959685042500496,34.2432935256511,-0.0238044373691082,0.01892147585749626,15.869625687599182,5.6765285,14.257424569899033,-2.9713593776110123,-0.7729168041998412,0.26828510732015026,3.070240534083836,0.26828510732015026
2020-01-08,Maqueda Bay,27.95675526559353,34.25092315301299,-0.02685628831386566,0.008545182645320892,15.869625687599182,2.196664,0.0,-3.3047635647954148,-1.6083253356560037,,3.6753465965147143,0.24836583302836657
2020-01-09,Maqueda Bay,27.95382548868656,34.26007870584726,-0.025635547935962677,0.0012207403779029846,15.869625687599182,4.202947,0.0,-2.7911264245963814,-1.6992984481183737,,3.267721214219122,0.22844655873658287
2020-01-10,Maqueda Bay,27.95748770982027,34.26618240773678,-0.028077028691768646,0.0030518509447574615,15.717033132910728,2.8995616,0.0,-2.8240805259167603,-1.7896997628400588,,3.3434198147962286,0.2085272844447992
2020-01-11,Maqueda Bay,27.986785478889942,34.27381203509867,-0.025635547935962677,-0.001831110566854477,15.259255468845367,3.9901288,0.0,-2.494417934640389,-1.8288168305647048,,3.0930069240808944,0.1886080101530155
2020-01-12,Maqueda Bay,27.864467293024063,34.27381203509867,-0.012207403779029846,-0.004272591322660446,19.53184700012207,3.9899178,23.035133769069027,-1.5980144015491295,-1.9253135563145547,,2.502095585241903,0.16868873586123181
2020-01-13,Maqueda Bay,27.901821948587894,34.28449351340532,-0.010986663401126862,-0.01831110566854477,15.717033132910728,1.0289694,0.0,-0.8506539790224736,-2.0289649428065286,,2.200070665038891,0.14876946156944815
2020-01-14,Maqueda Bay,28.01095613837242,34.28907128982246,-0.01342814415693283,-0.025635547935962677,14.191107586026192,0.8388197,0.0,-1.3318597166011032,-2.2221512743152085,,2.5907154592207684,0.12885018727766445
2020-01-15,Maqueda Bay,27.935514383018017,34.28754536435008,-0.02868739888072014,-0.008545182645320892,15.106662914156914,0.87081385,45.35275253319337,-1.9556225596487047,-1.583455893061916,,2.5163052599157085,0.10893091298588076
2020-01-16,Maqueda Bay,28.021942801773548,34.28754536435008,-0.02685628831386566,0.024414807558059692,14.038515031337738,2.7733243,0.0,-2.027971692992138,0.04326953785794805,,2.028433247726885,0.08901163869409706
2020-01-17,Maqueda Bay,28.169164091348648,34.293649066239595,-0.02075258642435074,0.009765923023223877,12.970367148518562,1.0979933,0.0,-1.4461012482305349,-0.4537500682283014,0.06909236440231335,1.5156180074646444,0.06909236440231335
2020-01-18,Maqueda Bay,28.218237854540348,34.293649066239595,-0.020142216235399246,-0.009155552834272385,13.122959703207016,5.6309648,0.0,-1.587984774491826,-0.8719899915424753,,1.8116462649667848,0.07562269738738073
2020-01-19,Maqueda Bay,28.049775682389736,34.29212314076722,-0.03662221133708954,-0.001831110566854477,15.259255468845367,5.6306686,0.0,-3.0445021424287564,-1.436883812154433,,3.3665454675207855,0.0821530303724481
2020-01-20,Maqueda Bay,27.91573838889599,34.305856470018625,-0.04821924492716789,0.01037629321217537,18.31110656261444,1.7372417,0.0,-3.6165918302173914,-2.426871220297815,,4.355392104771393,0.08868336335751548
2020-01-21,Maqueda Bay,27.75679799169302,34.318063873797655,-0.035401470959186554,0.0024414807558059692,19.53184700012207,4.656647,0.0,-3.6557861705033337,-2.5830859194993026,,4.476282541569398,0.09521369634258284
2020-01-22,Maqueda Bay,27.619830921292305,34.328745352104306,-0.031128879636526108,0.0006103701889514923,19.53184700012207,1.8109115,0.0,-3.401413361177441,-2.3422932778168977,0.10174402932765021,4.129885065338096,0.10174402932765021
2020-01-23,Maqueda Bay,27.60591448098421,34.3363749794662,-0.03234962001442909,0.01037629321217537,16.022218242287636,8.270141,0.0,-3.2602699547414944,-1.3407361550381376,,3.5251856142927505,0.12854611358588136
2020-01-24,Maqueda Bay,27.602252259850502,34.330271277576685,-0.030518509447574615,0.025025177747011185,15.259255468845367,2.0695727,0.0,-3.3630131463486768,-0.4034172158844952,,3.387123096757191,0.15534819784411252
2020-01-25,Maqueda Bay,27.652058467268944,34.331797203049064,-0.017700735479593277,0.030518509447574615,14.343700140714645,7.719332,54.91712781141431,-2.482385263331661,0.27208593679936344,,2.4972519601774645,0.18215028210234369
2020-01-26,Maqueda Bay,27.796349979937077,34.328745352104306,0.0,0.04211554303765297,12.970367148518562,4.193243,0.0,-1.2993696952749783,0.8050494552347701,,1.5285503689354794,0.20895236636057482
2020-01-27,Maqueda Bay,28.062227234244347,34.328745352104306,0.0238044373691082,-0.009765923023223877,10.681478828191757,5.737682,0.0,-0.6153235166883246,0.0389421666869633,0.23575445061880598,0.6165545576313276,0.23575445061880598
2020-01-28,Maqueda Bay,28.103244110941887,34.33332312852144,-0.008545182645320892,0.014038514345884323,11.59703415632248,6.667908,0.0,-1.2283308149586591,-0.04949315476820176,,1.229327524846781,0.24963330947016216
2020-01-29,Maqueda Bay,28.21091341227293,34.342478681355715,0.016479995101690292,-0.015259254723787308,11.291849046945572,4.770162,0.0,-0.4251192253516616,-0.6076853908433755,,0.7416251681328397,0.26351216832151836
2020-01-30,Maqueda Bay,28.12082277238369,34.35163423418999,-0.0048829615116119385,-0.03357036039233208,13.73332992196083,7.293241,0.0,-0.12565431156545406,-1.7065144410604096,,1.7111342856604534,0.2773910271728745
2020-01-31,Maqueda Bay,27.9369792714715,34.354686085134745,-0.03784295171499252,-0.0238044373691082,16.327403351664543,3.0596302,0.0,-1.737419137335359,-3.0639831163060927,,3.5223029108507884,0.29126988602423065
2020-02-01,Maqueda Bay,27.75753043591976,34.36384163796902,-0.046388134360313416,-0.004272591322660446,19.53184700012207,2.468361,0.0,-3.182174697749728,-3.102219030887622,,4.444097064939053,0.30514874487558685
2020-02-02,Maqueda Bay,27.571489602327347,34.37604904174805,-0.02929776906967163,-0.003662221133708954,19.53184700012207,2.8861158,0.0,-2.829842710013997,-2.881330727909369,,4.038573575783174,0.31902760372694305
2020-02-03,Maqueda Bay,27.415478982031345,34.3867305200547,-0.02136295661330223,-0.007324442267417908,19.53184700012207,3.1805766,0.0,-2.101629357279583,-2.464250181721922,,3.238730447798322,0.3329064625782992
2020-02-04,Maqueda Bay,27.366405218839645,34.39741199836135,-0.01831110566854477,-0.006714072078466415,16.479995906352997,4.4217415,0.0,-1.5576804503823816,-2.2397135486276354,,2.7281285096948156,0.34678532142965535
2020-02-05,Maqueda Bay,27.247749254107475,34.391308296471834,-0.017700735479593277,-0.005493331700563431,17.85332889854908,4.1243987,0.0,-2.5102108368781173,-2.3426168760879906,,3.4335131095879907,0.36066418028101155
2020-02-06,Maqueda Bay,27.25360880792141,34.38367866910994,-0.030518509447574615,0.017090365290641785,16.022218242287636,4.1243567,104.72937767626503,-3.606489367905514,-1.1937786913047799,,3.7989305237959887,0.37454303913236775
2020-02-07,Maqueda Bay,27.390575878322124,34.38062681816518,-0.02929776906967163,0.03784295171499252,13.73332992196083,1.7983284,16.901504885765814,-3.153867785762824,-0.4624541351669003,,3.187592482925863,0.3884218979837239
2020-02-08,Maqueda Bay,27.45796074718237,34.38520459458232,-0.0238044373691082,0.023194067180156708,14.038515031337738,1.2656356,0.0,-2.7982212541379803,-1.0093052336705672,,2.9746830489691383,0.40230075683508004
2020-02-09,Maqueda Bay,27.39350565522909,34.38367866910994,-0.03357036039233208,-0.0024414807558059692,15.717033132910728,0.90546113,0.0,-3.408830995707235,-2.938222373868148,,4.500364371425247,0.41617961568643624
2020-02-10,Maqueda Bay,27.24628436565399,34.38825644552708,-0.036011841148138046,-0.009765923023223877,19.53184700012207,0.56707466,0.0,-3.713548916234432,-3.299851970419678,,4.967843453647523,0.43005847453779245
2020-02-11,Maqueda Bay,27.140079952776432,34.39741199836135,-0.027466658502817154,-0.0030518509447574615,19.53184700012207,0.63146704,0.0,-3.3251357782755826,-2.463588237924585,0.4439373333891486,4.138332387569747,0.4439373333891486
2020-02-12,Maqueda Bay,27.123966179788113,34.40504162572324,-0.02868739888072014,0.012207403779029846,16.479995906352997,2.168783,0.0,-3.2710534603460886,-1.339041897124557,,3.5345189124825818,0.3896363932722245
2020-02-13,Maqueda Bay,27.161320835351944,34.40504162572324,-0.027466658502817154,0.030518509447574615,15.411848023533821,1.8947979,0.0,-3.3634180293579865,-0.6609861023583057,,3.4277519553960127,0.3353354531553004
2020-02-14,Maqueda Bay,27.169377721846104,34.40656755119562,-0.024414807558059692,0.03234962001442909,16.022218242287636,1.6983767,0.0,-3.8386922250674402,-0.8533700934129818,,3.932403656178355,0.2810345130383763
2020-02-15,Maqueda Bay,27.226508371531963,34.40961940214038,-0.020142216235399246,0.01831110566854477,15.259255468845367,2.048808,0.0,-2.9360071938823955,-0.9716456461206768,,3.0926094975205722,0.2267335729214522
2020-02-16,Maqueda Bay,27.337839893996716,34.412671253085136,-0.02624591812491417,0.009765923023223877,14.038515031337738,16.767754,0.0,-2.89023823238454,-1.2627730600339113,0.1724326328045281,3.154056569100294,0.1724326328045281
2020-02-17,Maqueda Bay,27.296090573072433,34.415723104029894,-0.028077028691768646,-0.009765923023223877,15.411848023533821,3.1068542,0.0,-2.706977655095037,-2.6268099800307882,,3.771983390256799,0.22732070374471536
2020-02-18,Maqueda Bay,27.22943814843893,34.42030088044703,-0.03418073058128357,-0.005493331700563431,17.85332889854908,8.144065,0.0,-3.4526151267765846,-3.102398299392653,,4.64170512007397,0.28220877468490263
2020-02-19,Maqueda Bay,27.16718038916588,34.42182680591941,-0.03723258152604103,-0.006103701889514923,18.005921453237534,8.225796,0.0,-3.7132563292135745,-3.190675364429146,,4.895782046580478,0.3370968456250899
2020-02-20,Maqueda Bay,27.120303958654404,34.42335273139179,-0.03784295171499252,0.0030518509447574615,17.242958679795265,5.161736,0.0,-4.051158107760595,-2.8087169137871704,,4.929581393573752,0.3919849165652771
2020-02-21,Maqueda Bay,27.044129759073257,34.42182680591941,-0.03357036039233208,0.01037629321217537,18.158514007925987,5.2069917,0.0,-4.0088199756859675,-2.6090926753546424,0.4468729875054644,4.783095460687366,0.4468729875054644
2020-02-22,Maqueda Bay,27.033875539898872,34.427930507808924,-0.02624591812491417,0.009155552834272385,16.479995906352997,3.4931562,0.0,-3.065394203449125,-2.197382554504777,,3.7716218942759143,0.4020661200703591
2020-02-23,Maqueda Bay,27.02874843031168,34.43098235875368,-0.0317392498254776,0.01342814415693283,15.869625687599182,7.3433557,0.0,-3.7768590878051365,-1.9414797814730331,,4.24664671370304,0.3572592526352538
2020-02-24,Maqueda Bay,27.06537064164877,34.43556013517082,-0.03234962001442909,0.02624591812491417,15.411848023533821,2.89697,0.0,-4.170809181236726,-1.379090777143902,,4.392896606783723,0.3124523852001485
2020-02-25,Maqueda Bay,27.085146635770798,34.440137911587954,-0.02624591812491417,0.02075258642435074,14.95407035946846,2.7217271,0.0,-3.5108390365559723,-0.8974708821867295,,3.623733533936828,0.2676455177650432
2020-02-26,Maqueda Bay,27.145207062363625,34.44471568800509,-0.027466658502817154,0.014038514345884323,14.801477804780006,7.1705112,0.0,-3.1899361788219953,-1.2193050485044787,0.2228386503299379,3.4150252746159846,0.2228386503299379
2020-02-27,Maqueda Bay,27.153263948857784,34.44318976253271,-0.04028443247079849,0.0012207403779029846,14.801477804780006,2.2682636,0.0,-3.779296165500033,-2.242356201033196,,4.394455693129159,0.22624054278370673
2020-02-28,Maqueda Bay,27.140812397003174,34.44624161347747,-0.0476088747382164,0.010986663401126862,15.869625687599182,1.3851995,0.0,-3.902356465873731,-2.040967381839564,,4.403854429982848,0.22964243523747555
2020-02-29,Maqueda Bay,27.124698624014854,34.45387124083936,-0.03357036039233208,0.015259254723787308,17.09036612510681,4.0525794,0.0,-3.267663224570594,-1.327283407100728,,3.5269397771972244,0.2330443276912444
2020-03-01,Maqueda Bay,27.22504348307848,34.46455271914601,-0.025635547935962677,0.003662221133708954,14.801477804780006,2.6626017,0.0,-2.58187260887702,-1.1236455042481384,,2.8157850393249984,0.2364462201450132
2020-03-02,Maqueda Bay,27.23310036957264,34.46913049556315,-0.02868739888072014,0.0030518509447574615,15.106662914156914,3.642573,0.0,-2.9511190092537953,-1.1781379407892203,0.23984811259878203,3.1775953824088687,0.23984811259878203
2020-03-03,Maqueda Bay,27.309274569153786,34.47218234650791,-0.03662221133708954,0.0048829615116119385,14.648885250091553,3.808714,0.0,-3.2814096253866456,-1.2957697251912323,,3.5279836040296852,0.23638293573952246
2020-03-04,Maqueda Bay,27.43012786656618,34.475234197452664,-0.029908139258623123,-0.011597033590078354,10.681478828191757,3.4226968,0.0,-2.1770777247544646,-1.5844207861303785,,2.692592922657282,0.23291775888026287
2020-03-05,Maqueda Bay,27.679891347885132,34.43556013517082,-0.03479110077023506,-0.027466658502817154,10.528886273503304,3.42294,25.497159615090364,-1.7987419094585935,-0.9140627962059683,,2.017667775489964,0.2294525820210033
2020-03-06,Maqueda Bay,27.377391882240772,34.33942683041096,-0.04943998530507088,-0.004272591322660446,10.528886273503304,2.1595762,114.83368651218677,-1.9124728437049932,-0.6774053663052524,,2.0288988166510955,0.22598740516174373
2020-03-07,Maqueda Bay,27.427930533885956,34.39893792383373,-0.02685628831386566,0.03906369209289551,10.528886273503304,2.6669395,32.80962548790622,-2.0580380930593054,0.7125635115613639,,2.1779043942496292,0.22252222830248414
2020-03-08,Maqueda Bay,27.734824664890766,34.44318976253271,-0.0079348124563694,0.03418073058128357,12.05481182038784,2.6139972,0.0,-2.084592759548422,0.7103602480458711,,2.2023030343632315,0.21905705144322457
2020-03-09,Maqueda Bay,27.672566905617714,34.46607864461839,-0.0048829615116119385,0.03479110077023506,13.885922476649284,5.696308,0.0,-2.0807332814205908,0.9755141833168194,,2.298059814335471,0.215591874583965
2020-03-10,Maqueda Bay,27.856410406529903,34.46913049556315,-0.010986663401126862,0.012207403779029846,13.428144812583923,16.041464,0.0,-2.088657640510982,0.43056697363379487,,2.132575592575576,0.21212669772470544
2020-03-11,Maqueda Bay,27.713583782315254,34.473708271980286,-0.040894802659749985,0.001831110566854477,15.106662914156914,3.9979236,0.0,-3.2513270254350233,-0.6522380079148131,,3.3161034129370637,0.20866152086544584
2020-03-12,Maqueda Bay,27.676961570978165,34.47676012292504,-0.035401470959186554,0.0158696249127388,14.801477804780006,6.0493546,0.0,-3.124136842919845,-0.12554187314196616,0.20519634400618628,3.126658244068445,0.20519634400618628
2020-03-13,Maqueda Bay,27.898159727454185,34.485915675759315,-0.032959990203380585,-0.012207403779029846,13.580737367272377,5.399332,0.0,-2.3958496087724006,-0.5535220878269888,,2.458959546142883,0.2281938982804032
2020-03-14,Maqueda Bay,27.975798815488815,34.49201937764883,-0.035401470959186554,-0.02624591812491417,13.885922476649284,16.257488,0.0,-1.7834263280258686,-1.3557480901300696,,2.2402371194556983,0.25119145255462016
2020-03-15,Maqueda Bay,27.99337747693062,34.49507122859359,-0.031128879636526108,-0.035401470959186554,14.038515031337738,3.8769505,0.0,-1.787624861315022,-1.586181072290017,,2.3898897545457323,0.27418900682883707
2020-03-16,Maqueda Bay,27.93258460611105,34.50270085595548,-0.04272591322660446,0.0006103701889514923,14.95407035946846,10.910314,0.0,-2.7173784356072392,-1.1814810456324902,,2.963113737859566,0.29718656110305397
2020-03-17,Maqueda Bay,27.901821948587894,34.50270085595548,-0.03723258152604103,-0.010986663401126862,15.106662914156914,4.6359153,0.0,-2.7818469415375207,-1.6802851321488357,0.32018411537727093,3.2499277732685212,0.32018411537727093
2020-03-18,Maqueda Bay,27.979461036622524,34.50575270690024,-0.039674062281847,-0.006714072078466415,13.885922476649284,0.71985847,0.0,-2.3088133356055875,-1.0105957014820384,,2.5203021030273676,0.31956351814841494
2020-03-19,Maqueda Bay,28.131809435784817,34.510330483317375,-0.02929776906967163,0.009765923023223877,13.27555225789547,13.425122,0.0,-2.264025137779273,0.005535934769376307,,2.2640319059302647,0.318942920919559
2020-03-20,Maqueda Bay,28.249000512063503,34.51643418520689,-0.036011841148138046,-0.01037629321217537,12.817774593830109,13.544305,0.0,-2.4644887561661903,-0.9898690758791285,,2.6558512037859683,0.318322323690703
2020-03-21,Maqueda Bay,28.20285652577877,34.511856408789754,-0.046388134360313416,0.0048829615116119385,13.122959703207016,10.235072,0.0,-2.8095417212942726,-0.8672842465600339,,2.9403582516462836,0.3177017264618471
2020-03-22,Maqueda Bay,28.286355167627335,34.510330483317375,-0.04272591322660446,0.001831110566854477,12.970367148518562,1.1267235,0.0,-2.6016876572426604,-0.6696072702003584,0.3170811292329911,2.686475862939025,0.3170811292329911
2020-03-23,Maqueda Bay,28.279030725359917,34.51948603615165,-0.04028443247079849,-0.001831110566854477,14.038515031337738,7.985727,0.0,-2.5060206654795194,-1.0358919109007025,,2.7116805908661004,0.32346176624771067
2020-03-24,Maqueda Bay,28.24387340247631,34.522537887096405,-0.043336283415555954,-0.0079348124563694,14.496292695403099,7.296627,0.0,-2.952152011373694,-1.5257386430028912,,3.3231129840873677,0.32984240326243025
2020-03-25,Maqueda Bay,28.172826312482357,34.524063812568784,-0.05249183624982834,0.003662221133708954,15.259255468845367,4.148586,0.0,-3.7286217812844358,-1.3598939191723551,,3.968870350524273,0.3362230402771498
2020-03-26,Maqueda Bay,28.1735587567091,34.524063812568784,-0.048829615116119385,0.0006103701889514923,13.73332992196083,1.9556427,0.0,-3.424556729799764,-0.9447418272150733,,3.552481655928223,0.34260367729186936
2020-03-27,Maqueda Bay,28.152317874133587,34.521011961624026,-0.04150517284870148,0.008545182645320892,13.73332992196083,1.6922764,0.0,-3.6102622565155205,-0.4787258730579988,0.34898431430658894,3.6418638116156514,0.34898431430658894
2020-03-28,Maqueda Bay,28.128147214651108,34.524063812568784,-0.032959990203380585,0.0079348124563694,14.343700140714645,13.820966,0.0,-2.9233477719041154,-0.19348574379167896,,2.9297438332638186,0.3080258520029024
2020-03-29,Maqueda Bay,28.270241394639015,34.5301675144583,-0.03662221133708954,-0.007324442267417908,13.73332992196083,4.3639965,0.0,-2.9231530407530837,-0.5758935379411823,,2.9793417170083747,0.26706738969921584
2020-03-30,Maqueda Bay,28.24314095824957,34.533219365403056,-0.039674062281847,0.007324442267417908,14.343700140714645,11.348015,0.0,-2.6189736750314228,-0.05494770974809181,,2.6195500303132517,0.22610892739552924
2020-03-31,Maqueda Bay,28.41160313040018,34.53779714182019,-0.027466658502817154,0.006103701889514923,12.970367148518562,4.1045957,0.0,-2.3131948112428127,0.1636906824832896,,2.3189792742265976,0.1851504650918427
2020-04-01,Maqueda Bay,28.290017388761044,34.536271216347814,-0.04028443247079849,-0.0006103701889514923,13.73332992196083,2.5148528,0.0,-2.9640066768797992,-0.6707403988683087,0.1441920027881561,3.0389518362853414,0.1441920027881561
2020-04-02,Maqueda Bay,28.376445807516575,34.54390084370971,-0.04516739398241043,-0.008545182645320892,14.038515031337738,4.0605836,0.0,-2.846960513510429,-1.3446784228623543,,3.148546367198545,0.16097655730632005
2020-04-03,Maqueda Bay,28.36619158834219,34.53932306729257,-0.04699850454926491,-0.001831110566854477,13.885922476649284,0.6958664,0.0,-3.002592664638858,-0.9899362114218105,,3.1615718262325223,0.17776111182448395
2020-04-04,Maqueda Bay,28.44749289751053,34.54237491823733,-0.043336283415555954,-0.006714072078466415,14.038515031337738,12.322525,0.0,-2.903794735153286,-1.1053909110898648,,3.1070746579739636,0.1945456663426479
2020-04-05,Maqueda Bay,28.440900899469852,34.54237491823733,-0.039674062281847,-0.005493331700563431,14.496292695403099,6.962542,0.0,-2.573202876186446,-0.6831567743042625,,2.6623441213133967,0.21133022086081182
2020-04-06,Maqueda Bay,28.65623950213194,34.55000454559922,-0.031128879636526108,-0.0048829615116119385,13.580737367272377,8.996432,0.0,-2.4852601236920364,-0.428446091236096,0.22811477537897573,2.5219206838259693,0.22811477537897573
2020-04-07,Maqueda Bay,28.724356815218925,34.534745290875435,-0.019531846046447754,0.0,12.665182039141655,3.534999,0.0,-1.658099704895054,-0.14682092645548506,,1.664587341000259,0.2648193944912492
2020-04-08,Maqueda Bay,28.88549454510212,34.5515304710716,-0.02685628831386566,-0.01831110566854477,12.817774593830109,6.846152,0.0,-1.9400606305640011,-1.137398583702823,,2.2488910130269932,0.3015240136035226
2020-04-09,Maqueda Bay,28.761711470782757,34.54390084370971,-0.04150517284870148,0.015259254723787308,13.27555225789547,3.2236078,11.688263452181252,-2.0325347046915345,-0.20966227083239686,,2.0433197482494267,0.33822863271579606
2020-04-10,Maqueda Bay,28.739738143980503,34.546952694654465,-0.04028443247079849,0.006103701889514923,14.191107586026192,3.275835,0.0,-2.542467067588366,-0.6465466132202374,,2.623387373766586,0.37493325182806947
2020-04-11,Maqueda Bay,28.99975584447384,34.55458232201636,-0.01037629321217537,-0.0048829615116119385,12.359996929764748,5.2433863,0.0,-1.7233650153907105,-0.046541295488797076,0.41163787094034293,1.7239933493080533,0.41163787094034293
2020-04-12,Maqueda Bay,29.055421605706215,34.56068602390587,0.017700735479593277,-0.012207403779029846,12.05481182038784,2.9038002,0.0,-0.8106926554092186,-0.09515567875956918,,0.8162580380827159,0.35792067613516115
2020-04-13,Maqueda Bay,29.21362955868244,34.559160098433495,-0.025025177747011185,0.011597033590078354,12.665182039141655,5.833463,0.0,-1.7048705497810006,-0.04017022249718363,,1.7053437302450332,0.30420348132997943
2020-04-14,Maqueda Bay,29.125003807246685,34.56526380032301,-0.035401470959186554,0.016479995101690292,13.885922476649284,4.677582,0.0,-2.2368308736071976,0.09651219708355024,,2.238912003922493,0.25048628652479765
2020-04-15,Maqueda Bay,29.22461622208357,34.571367502212524,-0.0048829615116119385,0.02075258642435074,12.665182039141655,6.0645776,0.0,-1.7987710346808634,0.5637931325707755,,1.8850570101566775,0.1967690917196159
2020-04-16,Maqueda Bay,29.275887317955494,34.569841576740146,-0.039674062281847,0.011597033590078354,13.27555225789547,5.491677,3.8993268518403927,-2.749688119854798,0.23966495714854535,0.14305189691443418,2.760113049886839,0.14305189691443418
2020-04-17,Maqueda Bay,29.13525802642107,34.56373787485063,-0.04516739398241043,0.02929776906967163,13.885922476649284,3.8934393,4.901742832635038,-3.291493086699765,0.49083321264483815,,3.327888817618101,0.15374019359141067
2020-04-18,Maqueda Bay,29.04589983075857,34.559160098433495,-0.04150517284870148,0.009765923023223877,14.343700140714645,1.5340618,0.0,-3.4932008412748217,-0.4498771376503334,,3.5220507600634576,0.16442849026838713
2020-04-19,Maqueda Bay,29.006347842514515,34.559160098433495,-0.051881466060876846,0.0030518509447574615,14.191107586026192,4.926022,0.0,-3.3952862284397787,-0.6827386621038322,,3.463250013176084,0.1751167869453636
2020-04-20,Maqueda Bay,29.105227813124657,34.546952694654465,-0.05798516795039177,-0.007324442267417908,11.59703415632248,4.5265884,4.287682542053785,-3.0254813638198783,-0.5298458747308189,,3.0715263524493253,0.18580508362234008
2020-04-21,Maqueda Bay,29.100100703537464,34.54237491823733,-0.05066072568297386,0.01037629321217537,12.665182039141655,0.4563755,0.0,-2.6725242311662925,0.07834776758701775,,2.6736724067949784,0.19649338029931657
2020-04-22,Maqueda Bay,29.054689161479473,34.53932306729257,-0.04577776417136192,0.0024414807558059692,12.817774593830109,0.43928388,0.0,-2.989420454450493,-0.4814477684572686,,3.0279409847682763,0.20718167697629303
2020-04-23,Maqueda Bay,29.11035492271185,34.54390084370971,-0.04943998530507088,-0.0238044373691082,13.122959703207016,0.82860446,0.0,-2.8321484439594333,-1.291135057521545,,3.112570408100514,0.2178699736532695
2020-04-24,Maqueda Bay,29.047364719212055,34.54237491823733,-0.06042664870619774,0.004272591322660446,12.817774593830109,1.2423584,0.0,-3.2996972086315286,-0.9430198662948222,,3.4318053757282634,0.22855827033024598
2020-04-25,Maqueda Bay,28.97924740612507,34.53932306729257,-0.05066072568297386,0.005493331700563431,13.73332992196083,2.1259143,0.0,-3.3010986265000684,-0.6747614914471366,,3.3693553110677716,0.23924656700722247
2020-04-26,Maqueda Bay,28.974120296537876,34.53779714182019,-0.05066072568297386,0.0,13.428144812583923,1.761288,0.0,-3.1812875385148236,-0.8070722020268238,0.24993486368419893,3.2820658040316824,0.24993486368419893
2020-04-27,Maqueda Bay,28.882564768195152,34.53779714182019,-0.0476088747382164,-0.007324442267417908,14.191107586026192,1.4232874,12.019244485553324,-2.868552400886668,-1.3959490904310294,,3.190182869320799,0.26879855230422134
2020-04-28,Maqueda Bay,28.90234076231718,34.53932306729257,-0.048829615116119385,-0.003662221133708954,14.038515031337738,1.3758463,0.0,-2.773046157804054,-1.0738430591339188,,2.9737054173138806,0.28766224092424375
2020-04-29,Maqueda Bay,28.933103419840336,34.54084899276495,-0.0476088747382164,-0.006103701889514923,13.580737367272377,1.2576609,3.4647023073539205,-2.7650527443918773,-0.9179111129367726,,2.9134305364161124,0.30652592954426616
2020-04-30,Maqueda Bay,28.91039764881134,34.53932306729257,-0.04516739398241043,-0.0024414807558059692,14.038515031337738,1.2448874,15.940037035905451,-2.632138481300109,-1.007540888274512,,2.8183845774283247,0.32538961816428863
2020-05-01,Maqueda Bay,29.00854517519474,34.546952694654465,-0.04028443247079849,-0.01892147585749626,13.73332992196083,1.0732437,12.582694396445278,-2.260658985766156,-1.4101499717251509,,2.664414005495713,0.34425330678431104
2020-05-02,Maqueda Bay,28.84960477799177,34.53169343993068,-0.04699850454926491,-0.003662221133708954,13.885922476649284,0.8486929,62.91347152077108,-2.605602838143759,-0.7747447524740357,,2.7183442720944795,0.36311699540433345
2020-05-03,Maqueda Bay,28.874507881700993,34.533219365403056,-0.05005035549402237,0.012817773967981339,12.05481182038784,0.9989441,0.0,-2.914759923984009,-0.4531078649110349,,2.94976815219561,0.3819806840243559
2020-05-04,Maqueda Bay,29.17554245889187,34.52864158898592,-0.0317392498254776,0.031128879636526108,10.528886273503304,1.0116695,0.0,-2.445066780402495,0.7971174937992642,,2.5717207973550784,0.40084437264437833
2020-05-05,Maqueda Bay,29.16455579549074,34.534745290875435,-0.022583696991205215,0.04028443247079849,10.528886273503304,0.83727354,0.0,-1.8207688636957051,0.9445568745900725,,2.051191591329078,0.41970806126440074
2020-05-06,Maqueda Bay,29.489761032164097,34.533219365403056,-0.0158696249127388,0.01892147585749626,10.528886273503304,6.793574,7.446728589164862,-1.362563178529278,0.5017130216016773,0.43857174988442316,1.451996684406853,0.43857174988442316
2020-05-07,Maqueda Bay,29.67873164266348,34.536271216347814,-0.022583696991205215,-0.0024414807558059692,10.528886273503304,6.9609013,0.0,-1.2877615308540014,-0.12270607635383904,,1.2935944269830462,0.42569719656323357
2020-05-08,Maqueda Bay,29.706564523279667,34.54847862012684,-0.054322946816682816,0.0079348124563694,10.528886273503304,4.828968,7.446728589164862,-2.066801990793092,-0.50949772888066,,2.128675269946273,0.41282264324204393
2020-05-09,Maqueda Bay,29.67873164266348,34.56221194937825,-0.04821924492716789,-0.008545182645320892,10.528886273503304,4.3184752,0.0,-2.0427912638920525,-0.7577618200411727,,2.1788068119376254,0.3999480899208543
2020-05-10,Maqueda Bay,29.554948568344116,34.545426769182086,-0.06775109097361565,0.025635547935962677,10.528886273503304,1.5011061,8.967716351815264,-1.8420827121241736,-0.22991805612723412,,1.8563757784565271,0.3870735365996647
2020-05-11,Maqueda Bay,29.43775749206543,34.55000454559922,-0.05493331700563431,-0.0006103701889514923,10.528886273503304,0.71076137,0.0,-2.010387662558765,-0.8935218732616167,,2.2000090662916465,0.3741989832784751
2020-05-12,Maqueda Bay,29.500747695565224,34.5301675144583,-0.0476088747382164,-0.031128879636526108,10.528886273503304,4.4050393,1.4736403246995307,-0.9132146749936383,-1.0697750780272484,,1.4065488829727681,0.3613244299572855
2020-05-13,Maqueda Bay,29.591570779681206,34.53169343993068,-0.05371257662773132,-0.06042664870619774,10.528886273503304,4.402352,24.381711420741862,-0.15565543578458216,-1.7432320402496244,,1.7501675807882389,0.34844987663609583
2020-05-14,Maqueda Bay,29.21729177981615,34.43250828422606,-0.010986663401126862,-0.023194067180156708,10.528886273503304,4.7739167,47.163862143427174,0.3726596177252569,1.9082247214861552,,1.9442728148009603,0.33557532331490625
2020-05-15,Maqueda Bay,29.02905361354351,34.39283422194421,-0.008545182645320892,0.07446516305208206,10.528886273503304,2.1930275,6.0954278551854655,-2.6425976217651024,1.9356791150011898,,3.2756947090365984,0.32270076999371666
2020-05-16,Maqueda Bay,29.07373271137476,34.473708271980286,-0.014648884534835815,0.032959990203380585,10.528886273503304,2.0727098,0.0,-2.3840669667276275,1.1900625852153346,0.309826216672527,2.664587070930743,0.309826216672527
2020-05-17,Maqueda Bay,29.177007347345352,34.51948603615165,-0.017700735479593277,0.040894802659749985,12.05481182038784,1.3780102,1.9057699121454708,-2.327993509127118,1.4744026866964939,,2.755615550303749,0.37238492198025186
2020-05-18,Maqueda Bay,29.56447034329176,34.534745290875435,-0.006103701889514923,0.029908139258623123,10.528886273503304,4.4232345,0.0,-1.481794072375686,0.9967127197064148,,1.7858191169746946,0.43494362728797664
2020-05-19,Maqueda Bay,29.76076539605856,34.52864158898592,-0.017700735479593277,0.020142216235399246,10.528886273503304,0.8644653,0.0,-1.1805310182853523,0.6669599307335979,,1.355908932907375,0.4975023325957014
2020-05-20,Maqueda Bay,29.814966268837452,34.51490825973451,-0.028077028691768646,0.025025177747011185,10.528886273503304,3.2201872,4.884159740031955,-1.4717141185692617,0.5647322550309593,,1.5763454464895859,0.5600610379034263
2020-05-21,Maqueda Bay,29.803247161209583,34.461500868201256,-0.029908139258623123,0.03357036039233208,10.528886273503304,0.91606313,6.492318447101318,-1.5420202711170847,0.955850822185424,0.6226197432111511,1.8142429029235745,0.6226197432111511
2020-05-22,Maqueda Bay,29.869899585843086,34.44624161347747,-0.0006103701889514923,0.04699850454926491,10.528886273503304,3.1686544,5.624554591977285,-0.9847536507504575,1.3581562746575018,,1.6775959641874134,0.5209962518183632
2020-05-23,Maqueda Bay,29.989287994801998,34.449293464422226,0.03906369209289551,0.02685628831386566,10.528886273503304,0.90584105,5.286761554155482,-0.3486326131828245,1.4115840865278622,,1.4539994265175569,0.4193727604255752
2020-05-24,Maqueda Bay,30.110873736441135,34.4798119738698,-0.025635547935962677,0.031128879636526108,10.528886273503304,0.6674579,2.4821525315901463,-1.0293016733123943,0.924879987683275,,1.3837864453378308,0.3177492690327872
2020-05-25,Maqueda Bay,30.31669056415558,34.49354530312121,-0.03357036039233208,0.024414807558059692,10.528886273503304,1.2758042,1.5528127229708129,-1.6340001195003748,0.5860809560510073,,1.735928361878134,0.2161257776399993
2020-05-26,Maqueda Bay,30.221472814679146,34.521011961624026,-0.03357036039233208,0.032959990203380585,10.528886273503304,6.060206,0.0,-1.828648020158371,0.5128055111723909,0.1145022862472114,1.899190109998972,0.1145022862472114
2020-05-27,Maqueda Bay,29.976836442947388,34.533219365403056,-0.024414807558059692,0.031128879636526108,10.83407138288021,2.9860337,0.0,-2.154167028723506,1.3335468341038772,,2.5335316746367966,0.1323855438382533
2020-05-28,Maqueda Bay,30.003936879336834,34.54084899276495,-0.01342814415693283,0.01892147585749626,10.986663937568665,2.4555855,0.0,-1.6023262617986085,0.9477401712807374,,1.8616285562669972,0.15026880142929522
2020-05-29,Maqueda Bay,30.122592844069004,34.54390084370971,-0.04150517284870148,0.0079348124563694,10.83407138288021,1.379537,0.0,-1.937574671736978,0.2858611032236707,,1.9585484877564077,0.1681520590203371
2020-05-30,Maqueda Bay,30.26761680096388,34.546952694654465,-0.043336283415555954,-0.005493331700563431,11.139256492257118,2.3147275,1.200918757237963,-1.7447804480497222,0.17456164268710692,,1.7534909691795424,0.186035316611379
2020-05-31,Maqueda Bay,30.129917286336422,34.55305639654398,-0.04455702379345894,0.010986663401126862,11.749626711010933,2.106756,0.0,-2.3679225214292687,0.3178022281931437,0.2039185742024209,2.3891536835742637,0.2039185742024209
2020-06-01,Maqueda Bay,30.217810593545437,34.56373787485063,-0.03357036039233208,-0.0048829615116119385,11.444441601634026,1.0516758,2.3655592058477684,-1.8727441958717432,0.34205473412411375,,1.903725890013586,0.21017063093214028
2020-06-02,Maqueda Bay,30.43607897311449,34.571367502212524,-0.009765923023223877,0.0,10.83407138288021,1.1894647,0.39297893931788785,-0.9999661515335452,0.8214724127646142,,1.2941210256950955,0.21642268766185965
2020-06-03,Maqueda Bay,30.662404239177704,34.582048980519176,-0.019531846046447754,0.004272591322660446,10.528886273503304,4.1740365,3.1136369913953788,-1.2192863871636987,0.6971911460678013,,1.4045407748008027,0.22267474439157903
2020-06-04,Maqueda Bay,30.589892260730267,34.583574905991554,-0.03479110077023506,0.017090365290641785,10.528886273503304,4.051685,6.016251432913971,-1.5749162589424148,0.5607437244905146,,1.671763962776045,0.22892680112129843
2020-06-05,Maqueda Bay,30.53349405527115,34.58510083146393,-0.035401470959186554,0.019531846046447754,10.83407138288021,1.5014662,3.557046176101754,-1.613696060388196,0.40934287908597955,0.2351788578510178,1.6648052642789135,0.2351788578510178
2020-06-06,Maqueda Bay,30.490279845893383,34.569841576740146,-0.05066072568297386,0.008545182645320892,10.986663937568665,5.08075,0.0,-1.8587876568167006,0.28126396270048504,,1.8799470657037394,0.23872914580407736
2020-06-07,Maqueda Bay,30.331339448690414,34.51796011067927,-0.03357036039233208,0.020142216235399246,10.528886273503304,4.7175603,7.655779114882884,-1.5893004382533518,0.42566740587159485,,1.6453171801977116,0.24227943375713692
2020-06-08,Maqueda Bay,30.449995413422585,34.559160098433495,-0.04821924492716789,0.001831110566854477,10.528886273503304,3.2738426,0.0,-1.7171319851080302,-0.2547628265733447,,1.735928095309447,0.2458297217101965
2020-06-09,Maqueda Bay,30.475630961358547,34.55610824748874,-0.04699850454926491,-0.03906369209289551,10.528886273503304,3.2738426,26.705789733042916,-0.37898418279944207,-0.6842245919410165,,0.7821715304388235,0.24938000966325607
2020-06-10,Maqueda Bay,30.003204435110092,34.090700978413224,0.05859553813934326,0.01831110566854477,10.528886273503304,3.3758705,36.04846237698275,0.9320057831450437,1.5805798522958303,,1.8349025721545313,0.25293029761631564
2020-06-11,Maqueda Bay,29.645039208233356,33.99151582270861,0.03723258152604103,0.04699850454926491,10.528886273503304,3.3976185,12.147963961881059,-0.3140158739190489,2.850252231421498,,2.867497820713448,0.2564805855693752
2020-06-12,Maqueda Bay,29.706564523279667,34.10748615860939,-0.009765923023223877,0.03479110077023506,10.528886273503304,3.7630622,15.23856339256884,-1.0860210171392226,1.5843476424422052,,1.9208329187569346,0.26003087352243476
2020-06-13,Maqueda Bay,29.737327180802822,34.197515761479735,-0.036011841148138046,0.01892147585749626,10.528886273503304,3.9054515,17.135015042329893,-2.0580524482195246,0.37414068462599254,,2.091784198122451,0.2635811614754943
2020-06-14,Maqueda Bay,29.85451825708151,34.28754536435008,-0.039674062281847,0.007324442267417908,10.681478828191757,3.9071753,25.186657552528676,-1.971946200721323,0.018231416010713413,,1.9720304772160637,0.26713144942855394
2020-06-15,Maqueda Bay,29.999542213976383,34.354686085134745,-0.048829615116119385,-0.017090365290641785,10.528886273503304,3.6102326,17.403534421906127,-1.3974895617811367,-0.7047061834775253,,1.5651159319100592,0.2706817373816135
2020-06-16,Maqueda Bay,30.095492407679558,34.39741199836135,-0.04821924492716789,0.0012207403779029846,10.528886273503304,0.78252095,0.0,-2.101961683446043,-0.27615690593423314,,2.12002489498838,0.27423202533467306
2020-06-17,Maqueda Bay,30.257362581789494,34.36231571249664,-0.038453321903944016,0.0006103701889514923,10.528886273503304,0.49717677,0.0,-1.0158307482890099,0.10784412800394244,,1.0215392626396405,0.2777823132877326
2020-06-18,Maqueda Bay,29.855983145534992,34.08764912746847,0.012207403779029846,0.062257759273052216,10.528886273503304,0.44593167,29.312909013481548,-0.9321715609902738,1.4620783731373455,,1.7339599154291285,0.2813326012407922
2020-06-19,Maqueda Bay,29.653096094727516,34.12274541333318,0.02075258642435074,0.014648884534835815,10.528886273503304,0.4551653,0.0,-0.9817954364661173,0.9296089987034405,,1.3520706969445448,0.28488288919385174
2020-06-20,Maqueda Bay,30.082308411598206,34.20667131431401,-0.04943998530507088,0.02136295661330223,10.528886273503304,2.5863419,0.0,-1.617777786894773,0.1729965068498707,,1.6270011552400345,0.2884331771469113
2020-06-21,Maqueda Bay,29.980498664081097,34.235663898289204,-0.04272591322660446,0.029908139258623123,10.528886273503304,2.8952162,10.669509602032498,-1.7579342881987106,0.5452611171562872,,1.8405549835599124,0.29198346509997086
2020-06-22,Maqueda Bay,30.121860399842262,34.3150120228529,-0.029908139258623123,0.031128879636526108,10.83407138288021,4.6853676,0.0,-2.2653457907934267,1.0249732260826725,,2.4864355342642237,0.2955337530530304
2020-06-23,Maqueda Bay,30.203894153237343,34.36078978702426,-0.02075258642435074,0.025635547935962677,10.528886273503304,1.6476154,0.0,-1.8005808588464853,0.7088498229357871,,1.9350864323643127,0.29908404100609
2020-06-24,Maqueda Bay,30.158482611179352,34.365367563441396,-0.03662221133708954,0.025025177747011185,10.528886273503304,1.2585006,0.0,-2.217591573980462,0.7457350331018615,,2.3396224329118955,0.3026343289591496
2020-06-25,Maqueda Bay,30.04275642335415,34.3150120228529,-0.05371257662773132,0.006714072078466415,10.528886273503304,1.2562675,12.971562652177708,-1.9512187469631153,-0.06716698392588957,,1.9523744523605122,0.30618461691220916
2020-06-26,Maqueda Bay,29.889675579965115,34.30433054454625,-0.040894802659749985,0.011597033590078354,10.528886273503304,6.981882,8.274355668626072,-1.8968984752396907,0.5290616725181001,,1.9692968488001785,0.3097349048652687
2020-06-27,Maqueda Bay,29.796655163168907,34.30280461907387,-0.021973326802253723,0.014648884534835815,10.528886273503304,6.985798,3.2454812098208663,-1.5492283739930692,0.9337606439781773,,1.8088718846363192,0.3132851928183283
2020-06-28,Maqueda Bay,29.627460546791553,34.15173799730837,0.007324442267417908,0.011597033590078354,10.528886273503304,6.987238,14.03427399138701,-0.4191554051251905,1.0889076503998811,,1.1667952368539445,0.31683548077138785
2020-06-29,Maqueda Bay,29.745384067296982,34.22498241998255,0.009765923023223877,-0.006103701889514923,10.528886273503304,5.520372,5.759918439223469,-0.4381296645753252,0.9759956179975207,,1.0698247750595653,0.3203857687244474
2020-06-30,Maqueda Bay,30.069124415516853,34.209723165258765,-0.0024414807558059692,-0.02136295661330223,10.528886273503304,2.1936512,8.274355668626072,-0.13697292782289436,0.40571067429961605,,0.428208750724486,0.323936056677507
2020-07-01,Maqueda Bay,30.12918484210968,34.18073058128357,-0.039674062281847,0.004272591322660446,10.528886273503304,2.4761157,0.0,-1.2054031507830818,0.4441806890925866,,1.2846373964977613,0.3274863446305666
2020-07-02,Maqueda Bay,30.00613421201706,34.197515761479735,-0.04699850454926491,0.02685628831386566,10.528886273503304,1.6443259,8.290039285170499,-1.951887495863887,0.4130301596315001,,1.9951086961053068,0.33103663258362614
2020-07-03,Maqueda Bay,29.80617693811655,34.21735279262066,-0.02929776906967163,0.025635547935962677,10.528886273503304,1.2170304,16.27914466506325,-1.5644768088039294,0.8153497494768152,,1.7641946885922857,0.3345869205366857
2020-07-04,Maqueda Bay,29.852320924401283,34.21887871809304,0.009765923023223877,0.023194067180156708,10.528886273503304,2.533919,8.290039285170499,-0.46739745313019,1.402207615112591,,1.4780549973097512,0.33813720848974527
2020-07-05,Maqueda Bay,29.94973600655794,34.2432935256511,-0.016479995101690292,0.02075258642435074,10.528886273503304,7.769316,0.0,-1.1604090522749684,0.8112951979323147,0.34168749644280483,1.4158916154811159,0.34168749644280483
2020-07-06,Maqueda Bay,29.962187558412552,34.25550092943013,-0.0476088747382164,0.0238044373691082,10.528886273503304,7.769235,7.88750294862621,-1.901882612460678,0.1526760986355796,,1.9080009074093323,0.3127686338021886
2020-07-07,Maqueda Bay,30.028107538819313,34.27838981151581,-0.05859553813934326,0.015259254723787308,10.528886273503304,2.7162802,5.605144940213672,-1.9671644791580714,0.19980553114453398,,1.9772855985762896,0.2838497711615724
2020-07-08,Maqueda Bay,30.233191922307014,34.27533796057105,-0.03234962001442909,-0.005493331700563431,10.528886273503304,2.1002686,1.583778473638719,-0.7806507879328758,0.37636883567145096,,0.8666424598211787,0.2549309085209562
2020-07-09,Maqueda Bay,30.162877276539803,34.270760184153914,0.0012207403779029846,0.0030518509447574615,10.528886273503304,1.5320454,7.88750294862621,-0.742987519149322,0.7546423752129817,,1.0590163209690182,0.22601204588033996
2020-07-10,Maqueda Bay,30.18997771292925,34.258552780374885,-0.0238044373691082,0.01892147585749626,10.528886273503304,2.8526247,13.452894881756807,-0.9243200192521194,1.0983347575383218,0.19709318323972375,1.4355161920392965,0.19709318323972375
2020-07-11,Maqueda Bay,30.39506209641695,34.22498241998255,0.02136295661330223,0.0030518509447574615,10.528886273503304,2.492477,3.828906277540825,-0.06541120158859923,0.5933936909187357,,0.5969880214170336,0.18274290863838116
2020-07-12,Maqueda Bay,30.433881640434265,34.232612047344446,0.02136295661330223,-0.017700735479593277,10.528886273503304,1.1169969,1.8078815647717077,0.26725059370057974,1.0160751707305526,,1.050633919311781,0.16839263403703858
2020-07-13,Maqueda Bay,30.527634501457214,34.21887871809304,0.017090365290641785,-0.0079348124563694,10.528886273503304,1.2645454,7.65781255508165,0.10314749849905955,0.9429782167875912,,0.9486028272056324,0.154042359435696
2020-07-14,Maqueda Bay,30.56205938011408,34.223456494510174,-0.03723258152604103,0.031128879636526108,10.528886273503304,1.2986284,0.886566102779406,-1.348277544983388,0.78971996144428,,1.5625331855067868,0.13969208483435344
2020-07-15,Maqueda Bay,30.36283455044031,34.209723165258765,-0.04821924492716789,0.04272591322660446,10.528886273503304,4.4297853,3.828906277540825,-1.9350059018118309,0.7139044131711673,0.12534181023301086,2.0625002669555914,0.12534181023301086
2020-07-16,Maqueda Bay,30.07571641355753,34.27533796057105,-0.023194067180156708,0.021973326802253723,10.528886273503304,3.6097724,1.395649913635488,-1.8880025752747553,0.6197493372219672,,1.9871192629611278,0.2359136802923137
2020-07-17,Maqueda Bay,30.208288818597794,34.27381203509867,-0.05310220643877983,0.0012207403779029846,10.528886273503304,1.3500668,4.895826601945492,-1.7387264981962154,-0.5013512368511885,,1.8095642840810853,0.34648555035161654
2020-07-18,Maqueda Bay,29.942411564290524,34.32111572474241,-0.05737479776144028,0.008545182645320892,10.528886273503304,0.9324221,8.520473206281295,-2.5788260292036798,-0.22355076700033522,,2.588497369966764,0.45705742041091935
2020-07-19,Maqueda Bay,29.823755599558353,34.31196017190814,-0.02075258642435074,0.005493331700563431,10.528886273503304,2.0808673,2.619686829878987,-1.0988657757982732,0.33378671613475114,,1.1484422341105196,0.5676292904702221
2020-07-20,Maqueda Bay,30.151158168911934,34.32569350115955,-0.043336283415555954,-0.027466658502817154,10.528886273503304,1.3349286,5.137595081475839,-0.9787032688797619,-0.27228940177717736,0.678201160529525,1.0158747987995886,0.678201160529525
2020-07-21,Maqueda Bay,29.913113795220852,34.24939722754061,-0.05249183624982834,-0.009155552834272385,10.528886273503304,1.3343805,21.81150225743354,-0.8308163192906403,-0.1725695146855537,,0.8485493467079299,0.5631877523974844
2020-07-22,Maqueda Bay,30.18192082643509,34.295174991711974,-0.017090365290641785,0.025635547935962677,10.528886273503304,6.1271834,0.0,-1.2399865424674912,0.886018549735268,,1.524006396303989,0.44817434426544395
2020-07-23,Maqueda Bay,30.065462194383144,34.25092315301299,-0.04272591322660446,0.017700735479593277,10.528886273503304,4.5069966,7.270500588160688,-1.4705291524517634,0.13465808103458285,,1.4766816809991306,0.3331609361334035
2020-07-24,Maqueda Bay,30.04348886758089,34.24939722754061,-0.0317392498254776,0.01831110566854477,10.528886273503304,4.1895275,8.888413548652661,-0.795001444059422,0.5672829961014704,,0.9766459408211489,0.21814752800136294
2020-07-25,Maqueda Bay,30.22659992426634,34.22498241998255,-0.01831110566854477,0.0030518509447574615,10.528886273503304,1.5978521,0.0,-0.5565400500288359,0.4589409417986101,0.10313411986932247,0.72136233291259,0.10313411986932247
2020-07-26,Maqueda Bay,30.330607004463673,34.197515761479735,-0.04028443247079849,0.0158696249127388,10.528886273503304,6.955545,0.0,-0.43685883944988196,0.37607052352414116,,0.5764327231075794,0.10286434443004534
2020-07-27,Maqueda Bay,30.410443425178528,34.115115785971284,0.016479995101690292,-0.006103701889514923,10.528886273503304,2.755172,24.628690857308616,0.4682538295081314,0.3588274625049459,,0.5899311796275635,0.10259456899076823
2020-07-28,Maqueda Bay,29.57325967401266,33.46964931115508,0.04821924492716789,-0.05798516795039177,10.528886273503304,2.7571843,12.36638355694608,1.7928391787033833,0.7005203423364409,,1.924837933624799,0.1023247935514911
2020-07-29,Maqueda Bay,29.436292603611946,33.44828635454178,0.07324442267417908,0.017700735479593277,10.528886273503304,1.3877522,15.94441016588343,1.041576690634916,2.018304304458867,,2.2712186746042695,0.10205501811221397
2020-07-30,Maqueda Bay,29.627460546791553,33.59172334894538,0.02868739888072014,0.039674062281847,10.528886273503304,1.3887686,18.505935654295932,0.0746201577538416,1.826438878664257,,1.8279625667500843,0.10178524267293686
2020-07-31,Maqueda Bay,29.549821458756924,33.513901149854064,0.0012207403779029846,0.040894802659749985,10.528886273503304,1.3692684,14.777213821762714,-0.5509667872679985,0.9655156794229928,,1.1116586381997233,0.10151546723365973
2020-08-01,Maqueda Bay,29.37696462124586,33.54594558477402,-0.01037629321217537,0.02075258642435074,10.528886273503304,1.3685471,8.061137766332669,-0.26429097987242767,0.25723569665813906,,0.36880879284139373,0.1012456917943826
2020-08-02,Maqueda Bay,29.790795609354973,33.620715932920575,-0.059205908328294754,0.016479995101690292,10.528886273503304,1.4813566,8.061137766332669,-1.3173681668625605,-0.502550889207273,,1.4099703129164969,0.10097591635510549
2020-08-03,Maqueda Bay,29.810571603477,33.67107147350907,-0.03662221133708954,0.028077028691768646,10.528886273503304,1.5285975,8.061137766332669,-1.399362325208954,-0.13479226648598103,,1.4058392057126015,0.10070614091582836
2020-08-04,Maqueda Bay,29.869899585843086,33.849604753777385,-0.07263405248522758,0.03479110077023506,10.528886273503304,1.5196018,33.72384920720864,-2.4163895796908013,0.3210675880426076,,2.43762650890775,0.10043636547655123
2020-08-05,Maqueda Bay,29.97830133140087,34.125797264277935,-0.04272591322660446,0.025635547935962677,10.528886273503304,1.2892556,9.540435421851372,-2.585078781510135,0.4838430547773683,,2.629968898726793,0.10016659003727411
2020-08-06,Maqueda Bay,30.12039551138878,34.08001950010657,-0.006714072078466415,0.022583696991205215,10.528886273503304,1.2238133,21.860922976023588,-0.16323455439583456,0.6562797254436776,,0.6762755339188573,0.09989681459799699
2020-08-07,Maqueda Bay,29.640644542872906,33.94726398400962,0.0634784996509552,-0.01342814415693283,10.528886273503304,3.304743,30.35448816185173,2.3032801746038523,1.98886457377789,,3.0431368446969094,0.09962703915871986
2020-08-08,Maqueda Bay,29.67946408689022,33.909115847200155,0.023194067180156708,0.02136295661330223,10.528886273503304,3.6093147,15.630462417954123,0.5285462741879909,2.2173308463752175,,2.2794554714328257,0.09935726371944274
2020-08-09,Maqueda Bay,29.58497878164053,33.86791585944593,0.0,0.012817773967981339,10.83407138288021,4.784809,12.641190893639068,-0.8179027908015627,1.5438102489559202,,1.7470875936776395,0.09908748828016561
2020-08-10,Maqueda Bay,29.92483290284872,33.88012326322496,-0.015259254723787308,0.03723258152604103,10.528886273503304,5.328806,0.0,-1.5288410039765756,1.32938172606996,,2.025983857055344,0.09881771284088849
2020-08-11,Maqueda Bay,29.866237364709377,33.86333808302879,-0.04028443247079849,0.020142216235399246,10.528886273503304,6.1286774,4.7435609316496254,-1.7129366571071212,0.4207803045934552,,1.7638616884537972,0.09854793740161137
2020-08-12,Maqueda Bay,29.80983915925026,33.80687884055078,-0.04455702379345894,0.003662221133708954,10.528886273503304,5.94808,13.53455602994529,-1.333030670850871,0.22318610795890204,,1.3515852944653424,0.09827816196233424
2020-08-13,Maqueda Bay,29.636249877512455,33.729056641459465,0.03234962001442909,-0.020142216235399246,10.528886273503304,5.6632133,7.762503506767401,1.320840734399447,0.4106589755976294,,1.3832067957784784,0.09800838652305711
2020-08-14,Maqueda Bay,29.59743033349514,33.73516034334898,0.017700735479593277,-0.025635547935962677,10.528886273503304,3.0647507,7.762503506767401,1.9022937635168609,0.58129476049813,,1.989126733342479,0.09773861108378
2020-08-15,Maqueda Bay,29.677266754209995,33.65886406973004,0.019531846046447754,-0.031128879636526108,10.528886273503304,1.2348925,7.762503506767401,1.6362609018561227,0.3003849800543952,,1.6636047833500875,0.09746883564450287
2020-08-16,Maqueda Bay,29.7614978402853,33.63750111311674,0.025025177747011185,-0.020142216235399246,10.528886273503304,1.2147843,9.779073904186898,1.4161074185579472,0.42046524714169753,,1.4772106298523517,0.09719906020522574
2020-08-17,Maqueda Bay,29.82229071110487,33.54441965930164,0.03479110077023506,-0.019531846046447754,10.528886273503304,0.63970155,23.393959508330408,0.9678357857284018,0.27658348981720454,,1.006580615239523,0.09692928476594863
2020-08-18,Maqueda Bay,29.582781448960304,33.48643449135125,0.022583696991205215,-0.028077028691768646,10.528886273503304,0.6717027,9.779073904186898,1.6066481220496558,-0.019356120609580484,,1.6067647144155046,0.0966595093266715
2020-08-19,Maqueda Bay,29.305185087025166,33.16751606762409,0.0079348124563694,0.007324442267417908,10.528886273503304,1.893871,13.614885517712196,1.82065404078918,0.7310165102541563,,1.9619292226036429,0.09638973388739437
2020-08-20,Maqueda Bay,29.1550340205431,32.6792199164629,0.10498367249965668,0.0012207403779029846,10.528886273503304,2.106433,9.779073904186898,1.3926166807674267,1.0162998517867754,,1.7240204779217405,0.09611995844811726
2020-08-21,Maqueda Bay,29.68678852915764,32.923367992043495,0.014038514345884323,0.015259254723787308,10.528886273503304,4.4744363,0.0,0.00828195550497678,0.8687670911829797,,0.8688065662214588,0.09585018300884013
2020-08-22,Maqueda Bay,29.81862848997116,32.982879085466266,0.014648884534835815,0.051271095871925354,10.528886273503304,5.2880955,0.0,-0.08084048768715511,0.8790613720236784,,0.8827706838322448,0.095580407569563
2020-08-23,Maqueda Bay,30.17386393994093,33.00271611660719,0.0030518509447574615,-0.020142216235399246,10.528886273503304,3.1707351,0.0,0.3363794121195856,0.4022329382975869,,0.5243495451980753,0.09531063213028589
2020-08-24,Maqueda Bay,30.343058556318283,33.06222721002996,0.035401470959186554,-0.011597033590078354,10.528886273503304,5.1139417,0.0,1.378028890814463,0.5279667600812007,0.09504085669100876,1.4757074654788391,0.09504085669100876
2020-08-25,Maqueda Bay,30.50199895352125,33.12326422892511,0.03357036039233208,-0.02685628831386566,10.528886273503304,6.445553,7.272186024397749,1.4059227838897796,0.4450174703033794,,1.4746726494838125,0.13687627418800627
2020-08-26,Maqueda Bay,30.553270049393177,33.14767903648317,0.031128879636526108,-0.015259254723787308,10.528886273503304,4.9649644,0.0,1.9690310860739453,0.5029384135173101,,2.032247638875944,0.17871169168500378
2020-08-27,Maqueda Bay,30.526902057230473,33.176671620458364,0.038453321903944016,-0.0030518509447574615,10.528886273503304,4.3522525,10.33850921683597,2.393982949946508,0.9165294541667327,,2.56343141218753,0.2205471091820013
2020-08-28,Maqueda Bay,30.41996520012617,33.20719012990594,0.03723258152604103,-0.009765923023223877,11.444441601634026,4.229648,5.169254608417985,3.219485285654233,0.5495683692769778,,3.2660543316138932,0.2623825266789988
2020-08-29,Maqueda Bay,30.33793144673109,33.23313086293638,0.040894802659749985,-0.004272591322660446,12.817774593830109,4.243848,9.964781466716994,4.259405511395401,0.5483738671324091,,4.294560420888181,0.30421794417599635
2020-08-30,Maqueda Bay,30.23099458962679,33.295693807303905,0.021973326802253723,0.023194067180156708,18.31110656261444,2.7766705,10.17663966529014,3.3249127287369094,1.2580869292694061,,3.5549722045770262,0.34605336167299383
2020-08-31,Maqueda Bay,30.331339448690414,33.34910119883716,0.006103701889514923,0.04455702379345894,15.717033132910728,2.3803027,4.52309755685692,1.4202781888236942,1.436081708078818,,2.019782365980773,0.38788877916999137
2020-09-01,Maqueda Bay,30.462446965277195,33.37351600639522,0.02075258642435074,0.03479110077023506,12.665182039141655,2.3803027,0.0,0.9547352346043921,0.9106927943394512,,1.3194243948998752,0.42972419666698886
2020-09-02,Maqueda Bay,30.659474462270737,33.29264195635915,-0.02929776906967163,0.04821924492716789,10.528886273503304,2.3802974,5.958652108129451,-0.18871290597544904,0.6559593653065486,,0.6825651982155762,0.47155961416398634
2020-09-03,Maqueda Bay,30.666798904538155,33.330790093168616,-0.04821924492716789,0.0555436871945858,10.528886273503304,1.2380152,0.0,-0.385369734821927,0.3387249758977759,0.5133950316609839,0.5130735247639184,0.5133950316609839
2020-09-04,Maqueda Bay,30.822077080607414,33.37199008092284,0.006103701889514923,0.019531846046447754,10.528886273503304,6.070656,0.0,0.607807160720903,0.4447418475088911,,0.7531433167394022,0.4719019632696945
2020-09-05,Maqueda Bay,30.659474462270737,33.40098266489804,0.04028443247079849,-0.006103701889514923,10.528886273503304,2.8968933,0.0,2.016717628004275,0.7940860849030498,,2.167423055460065,0.43040889487840517
2020-09-06,Maqueda Bay,30.809625528752804,33.41013821773231,0.006714072078466415,0.02075258642435074,10.528886273503304,2.0956533,4.987482169806134,0.6948326488720996,0.9022705485109269,,1.138808391543032,0.38891582648711587
2020-09-07,Maqueda Bay,30.79937130957842,33.3964048884809,-0.04455702379345894,0.04577776417136192,10.528886273503304,6.744185,0.0,-1.1425483502134313,0.5871334603945305,,1.2845786985974386,0.3474227580958265
2020-09-08,Maqueda Bay,30.499801620841026,33.40708636678755,-0.051271095871925354,0.031128879636526108,10.528886273503304,5.972983,0.0,-1.3336222712501544,0.02150390635376599,0.30592968970453716,1.333795629158715,0.30592968970453716
2020-09-09,Maqueda Bay,30.467574074864388,33.41166414320469,-0.05371257662773132,-0.006103701889514923,10.528886273503304,9.106381,9.974964339612267,-0.10989917260941416,-0.2880289831170145,,0.3082831867871734,0.2135489886566468
2020-09-10,Maqueda Bay,30.479293182492256,33.404034515842795,-0.024414807558059692,-0.028077028691768646,10.528886273503304,3.3969395,9.974964339612267,0.42040940913486063,-0.1855302514989914,,0.4595275242141668,0.12116828760875645
2020-09-11,Maqueda Bay,30.570116266608238,33.451338205486536,-0.020142216235399246,-0.009765923023223877,10.528886273503304,2.0398839,6.747670367016769,0.07108690970259891,0.39562868753096214,,0.4019644351538294,0.028787586560866107
2020-09-12,Maqueda Bay,30.621387362480164,33.475753013044596,0.006103701889514923,-0.004272591322660446,10.528886273503304,4.9236426,6.797614837388655,0.05371798061667879,0.2692415389454744,,0.27454804267242794,-0.06359311448702426
2020-09-13,Maqueda Bay,30.764213986694813,33.50779744796455,-0.0634784996509552,0.014648884534835815,10.528886273503304,3.9291027,0.0,-1.2063557729555692,-0.2324997180040279,-0.15597381553491466,1.228556213534888,-0.15597381553491466
2020-09-14,Maqueda Bay,30.428754530847073,33.571886317804456,-0.06530961021780968,0.01037629321217537,10.528886273503304,3.4910612,5.475040492923578,-0.8380030424811328,0.16768817518974233,,0.8546159507674198,-0.1368651794157605
2020-09-15,Maqueda Bay,30.228797256946564,33.66038999520242,0.0,0.07446516305208206,10.528886273503304,1.1068878,32.850241911576084,-1.22408242686649,2.4806379841174664,,2.766214488431749,-0.1177565432966064
2020-09-16,Maqueda Bay,30.061799973249435,33.823664020746946,0.04150517284870148,0.02868739888072014,10.528886273503304,1.1222068,24.16578390704505,-0.2856210632739283,2.4202841955775325,,2.4370791901676303,-0.09864790717745225
2020-09-17,Maqueda Bay,29.946073785424232,33.87554548680782,-0.01037629321217537,0.014648884534835815,11.139256492257118,1.146377,7.179223972531507,-0.7212505498386951,1.202488427852322,,1.4022056820457436,-0.07953927105829812
2020-09-18,Maqueda Bay,30.136509284377098,33.87859733775258,-0.02136295661330223,-0.024414807558059692,10.986663937568665,5.5948815,4.061813827667001,-0.0735574268530005,-0.4978395581150842,,0.5032443945733095,-0.060430634939143996
2020-09-19,Maqueda Bay,30.301309235394,33.86486400850117,-0.05066072568297386,-0.04516739398241043,10.528886273503304,5.5946364,10.020196995244413,-0.4095103875533883,-1.327359181135187,,1.3890936445243713,-0.04132199881998985
2020-09-20,Maqueda Bay,30.285927906632423,33.812982542440295,-0.048829615116119385,-0.03479110077023506,10.528886273503304,5.604082,14.353252375730172,0.12661054633472504,-0.3673695040359851,,0.38857506731495683,-0.022213362700835737
2020-09-21,Maqueda Bay,29.913846239447594,33.356730826199055,-0.005493331700563431,-0.03784295171499252,10.528886273503304,5.604092,9.266779304832538,0.6331402282386253,0.07339427767866773,,0.6373800033026075,-0.003104726581681594
2020-09-22,Maqueda Bay,29.56813256442547,32.91726429015398,0.04150517284870148,-0.06164738908410072,10.528886273503304,1.7448264,19.531224832373645,1.541723076670021,-0.026075470681283987,,1.541943570727582,0.01600390953747255
2020-09-23,Maqueda Bay,29.91238135099411,33.2102419808507,0.05859553813934326,-0.025025177747011185,10.528886273503304,1.6433035,0.0,1.848878865878112,0.6957127173228234,,1.9754415318443215,0.035112545656626665
2020-09-24,Maqueda Bay,29.812036491930485,33.30637528561056,0.059205908328294754,-0.014648884534835815,11.139256492257118,1.479294,7.549852459112069,2.457630003118791,0.93200442105427,,2.628417294322645,0.05422118177578081
2020-09-25,Maqueda Bay,29.898464910686016,33.342997496947646,0.017090365290641785,0.0238044373691082,11.139256492257118,1.8928204,1.4012031936059532,1.4007833477159912,0.9410853374575887,,1.687553139790295,0.07332981789493495
2020-09-26,Maqueda Bay,30.132114619016647,33.368938229978085,0.0012207403779029846,0.05737479776144028,10.528886273503304,2.5490365,5.935475347961331,-0.39915526146982233,1.325516435019921,,1.3843116492563958,0.09243845401408907
2020-09-27,Maqueda Bay,30.15335550159216,33.391827112063766,-0.025025177747011185,0.05005035549402237,10.528886273503304,2.2945738,0.0,-1.2978512073176578,1.0308460924585676,,1.6574261439572502,0.11154709013324318
2020-09-28,Maqueda Bay,30.162877276539803,33.41471599414945,-0.005493331700563431,0.02929776906967163,10.528886273503304,1.6683627,9.427682551370786,-0.1150543137660281,0.42609899677441787,,0.4413590943532681,0.13065572625239733
2020-09-29,Maqueda Bay,30.347453221678734,33.44828635454178,0.0158696249127388,-0.02075258642435074,10.528886273503304,9.509848,0.0,1.1254228271757625,0.2658251239560865,,1.156390736928723,0.14976436237155147
2020-09-30,Maqueda Bay,30.507126063108444,33.47117523662746,-0.0030518509447574615,-0.020142216235399246,10.528886273503304,4.401648,0.0,0.6374420579782516,0.5640480690473713,,0.8511654371951535,0.1688729984907056
2020-10-01,Maqueda Bay,30.613330475986004,33.487960416823626,0.023194067180156708,-0.01037629321217537,10.528886273503304,5.75409,0.0,0.9375864653904583,0.15981066764704863,,0.9511087369891881,0.18798163460985975
2020-10-02,Maqueda Bay,30.475630961358547,33.48643449135125,0.0,-0.032959990203380585,10.528886273503304,4.3410115,3.445014329549903,1.559184959547382,0.058378596742529036,,1.5602774748859247,0.20709027072901384
2020-10-03,Maqueda Bay,30.39506209641695,33.465071534737945,0.01037629321217537,-0.031128879636526108,10.528886273503304,1.5040218,25.719631581811857,1.8729230495289877,-0.039053961139788346,0.226198906848168,1.8733301794765576,0.226198906848168
2020-10-04,Maqueda Bay,30.32108522951603,33.43150117434561,0.006714072078466415,-0.003662221133708954,10.528886273503304,1.2698518,22.504678515245285,0.8877220227309505,0.38470274837571294,,0.9674950099351197,0.21543385323333508
2020-10-05,Maqueda Bay,30.539353609085083,33.393353037536144,0.004272591322660446,0.021973326802253723,10.528886273503304,1.9044832,8.645692907353883,0.29743321715035737,0.26775280596730827,,0.40019755592429435,0.20466879961850212
2020-10-06,Maqueda Bay,30.449995413422585,33.32316046580672,0.028077028691768646,-0.007324442267417908,10.528886273503304,3.0825377,0.0,0.9921695856662697,0.04908335737180619,,0.9933829385952154,0.1939037460036692
2020-10-07,Maqueda Bay,30.171666607260704,33.297219732776284,0.03234962001442909,-0.004272591322660446,10.528886273503304,3.0875018,16.734524652155862,1.700647772648809,0.615149624855978,,1.8084833169194028,0.18313869238883623
2020-10-08,Maqueda Bay,30.08011107891798,33.332316018640995,-0.009155552834272385,0.02868739888072014,10.528886273503304,3.762371,23.495473932011333,-0.24525655322532655,0.9646211950927313,,0.9953114220795903,0.1723736387740033
2020-10-09,Maqueda Bay,29.95339822769165,33.140049409121275,0.0006103701889514923,0.025635547935962677,10.528886273503304,3.8273869,19.060524004395653,0.33565767079162767,0.8712232998948811,,0.9336466731269312,0.16160858515917037
2020-10-10,Maqueda Bay,29.942411564290524,33.19345680065453,0.011597033590078354,0.02075258642435074,10.528886273503304,1.7773103,21.371204651628954,0.6293905658758675,0.626849575984725,,0.8882977402457884,0.15084353154433744
2020-10-11,Maqueda Bay,29.888943135738373,33.24381234124303,-0.009765923023223877,-0.0012207403779029846,10.528886273503304,1.7329669,12.445320634797971,-0.09275005361761726,0.08606777562179574,,0.12653155514161143,0.14007847792950448
2020-10-12,Maqueda Bay,30.23172703385353,33.237708639353514,-0.03662221133708954,-0.02075258642435074,10.528886273503304,1.9298557,12.445320634797971,-0.5686551638502362,-0.9302015091088519,,1.0902493031054523,0.12931342431467152
2020-10-13,Maqueda Bay,30.062532417476177,33.042390178889036,-0.016479995101690292,-0.014648884534835815,10.528886273503304,1.8961617,30.589498054047333,0.023568310975947387,-0.5243617556444522,,0.5248911468721787,0.11854837069983859
2020-10-14,Maqueda Bay,29.498550362885,32.43812369182706,0.10986663401126862,0.02624591812491417,10.528886273503304,1.330877,0.0,0.49885061351158294,2.3890655549572637,,2.4405913546688107,0.10778331708500566
2020-10-15,Maqueda Bay,29.57765433937311,32.61970882304013,-0.029908139258623123,0.056764427572488785,10.528886273503304,3.0403938,12.445320634797971,-0.48809352133747785,0.9341672877936791,,1.0539942159022588,0.09701826347017273
2020-10-16,Maqueda Bay,29.615008994936943,32.71736805327237,-0.03906369209289551,0.021973326802253723,10.528886273503304,5.3279195,4.8306982030150705,-0.9006223541044881,0.1038241162533043,,0.9065870459191934,0.08625320985533977
2020-10-17,Maqueda Bay,29.83474226295948,32.792138401418924,-0.02624591812491417,-0.04577776417136192,10.528886273503304,2.3513029,9.661396406030141,-0.36850843674928757,-0.9728365040387504,,1.040292906611278,0.07548815624050684
2020-10-18,Maqueda Bay,29.95706044882536,32.89590133354068,-0.09277626872062683,-0.023194067180156708,10.528886273503304,2.3513029,9.452227943320793,-1.2467747521511243,-1.4018903963692562,,1.8760980694073133,0.06472310262567388
2020-10-19,Maqueda Bay,29.62965787947178,32.78145692311227,-0.029908139258623123,-0.02136295661330223,10.528886273503304,2.3513186,29.199913669474842,0.8625331127655748,0.12234378523071592,,0.8711666731467931,0.05395804901084095
2020-10-20,Maqueda Bay,29.67140720039606,32.92184206657112,0.09399700909852982,0.014648884534835815,10.528886273503304,2.1460772,5.808792954399472,0.9594372642644204,2.36571687221473,,2.552868226826571,0.043192995396008016
2020-10-21,Maqueda Bay,29.78127383440733,33.030182775110006,0.008545182645320892,0.043336283415555954,10.528886273503304,7.3990235,0.0,0.2657542584853879,2.2108280257304265,,2.2267433361881235,0.03242794178117506
2020-10-22,Maqueda Bay,29.92922756820917,33.079012390226126,0.025635547935962677,0.010986663401126862,10.528886273503304,7.9096947,0.0,0.779609765350366,1.0257803270582522,,1.2884163401670237,0.021662888166342126
2020-10-23,Maqueda Bay,29.988555550575256,32.94015317223966,-0.009155552834272385,-0.017700735479593277,10.528886273503304,8.653288,9.237891579553278,0.6731171496233594,0.18316570028728552,0.010897834551509172,0.6975932703795298,0.010897834551509172
2020-10-24,Maqueda Bay,29.709494300186634,32.76924951933324,0.05066072568297386,-0.05615405738353729,10.528886273503304,8.02314,33.247120313746954,2.1819478936115932,-0.26589075871555906,,2.198088830326564,0.0064149018755103315
2020-10-25,Maqueda Bay,29.324961081147194,32.58003476075828,0.04028443247079849,0.02685628831386566,10.528886273503304,9.119241,66.49424062749391,0.9031747289489187,3.640195252983718,,3.750566100051717,0.001931969199511491
2020-10-26,Maqueda Bay,29.353526405990124,32.72499768063426,-0.009155552834272385,0.039674062281847,10.528886273503304,2.7540586,8.193307631209882,-0.7770777368010486,1.85050713263387,,2.0070442090199876,-0.0025509634764873494
2020-10-27,Maqueda Bay,29.615741439163685,32.81044950708747,-0.031128879636526108,0.0476088747382164,10.528886273503304,2.9261963,11.241279152314965,-0.7149564100341379,0.6159353208260838,,0.9436837328734841,-0.00703389615248619
2020-10-28,Maqueda Bay,29.73220007121563,32.827234687283635,-0.043336283415555954,-0.0238044373691082,10.528886273503304,6.758144,8.100656736464726,0.02676967351490389,-1.0907489565188122,-0.01151682882848503,1.09107740402181,-0.01151682882848503
2020-10-29,Maqueda Bay,29.677266754209995,32.87911615334451,-0.07385479286313057,-0.035401470959186554,10.528886273503304,3.595169,36.33779103854834,-1.0114766034114715,-2.282367439803983,,2.4964546960692466,0.00073228873881356
2020-10-30,Maqueda Bay,29.65895564854145,32.97524945810437,-0.07568590342998505,-0.02075258642435074,10.528886273503304,3.5951824,38.762124332597914,-0.9512628542516259,-1.909246969625656,,2.133102203107882,0.01298140630611215
2020-10-31,Maqueda Bay,29.766624949872494,33.05307165719569,-0.025635547935962677,-0.06775109097361565,10.528886273503304,2.9556,9.724102152108046,1.5470823503926834,-0.9954014901035054,,1.8396434234374957,0.025230523873410744
2020-11-01,Maqueda Bay,29.559343233704567,33.00576796755195,0.03479110077023506,0.017090365290641785,10.83407138288021,2.2414167,23.31309492577056,1.2037886423169113,1.694030185385138,,2.078183188356406,0.03747964144070933
2020-11-02,Maqueda Bay,29.64284187555313,33.04696795530617,0.027466658502817154,0.029908139258623123,11.139256492257118,2.1962461,0.0,1.1727279240239523,1.6738376323427997,,2.043776700922211,0.04972875900800792
2020-11-03,Maqueda Bay,29.75344095379114,33.05764943361282,0.02685628831386566,0.005493331700563431,10.528886273503304,2.2215445,0.0,1.7271319549937345,0.3258100168296678,,1.7575940819845257,0.06197787657530652
2020-11-04,Maqueda Bay,29.656758315861225,33.00271611660719,-0.012207403779029846,-0.02136295661330223,10.528886273503304,2.7808743,23.31309492577056,1.2397655354704862,-0.8889560247108019,,1.525536429197957,0.07422699414260511
2020-11-05,Maqueda Bay,29.533707685768604,32.94167909771204,-0.02929776906967163,-0.0079348124563694,10.83407138288021,2.433266,7.70821694404848,-0.3027332245621242,-0.8283677592402371,,0.8819526913630192,0.08647611170990369
2020-11-06,Maqueda Bay,29.652363650500774,33.06070128455758,-0.032959990203380585,-0.007324442267417908,12.05481182038784,1.6772909,50.80420498474401,-1.1057781231696544,-1.5620186699905407,,1.9138044788012232,0.09872522927720229
2020-11-07,Maqueda Bay,29.267830431461334,32.81350135803223,-0.0476088747382164,-0.012817773967981339,10.528886273503304,1.7532116,28.882378298382974,-1.5305908135677104,-0.9804147428549107,,1.8176691961369447,0.11097434684450086
2020-11-08,Maqueda Bay,29.542497016489506,32.98593093641102,0.0006103701889514923,0.03784295171499252,10.528886273503304,2.5440836,8.86626031321864,-0.778983675945809,0.30089079300103155,,0.8350753479194766,0.12322346441179946
2020-11-09,Maqueda Bay,29.53663746267557,33.033234626054764,0.0048829615116119385,-0.027466658502817154,10.528886273503304,2.8059547,8.86626031321864,1.0763297912742928,-1.051658469614874,,1.5048160539737945,0.13547258197909806
2020-11-10,Maqueda Bay,29.321298860013485,32.98593093641102,0.040894802659749985,-0.027466658502817154,10.681478828191757,2.8052568,55.590922588576916,4.747948213430484,0.4465687325329627,,4.768903004915682,0.14772169954639663
2020-11-11,Maqueda Bay,29.121341586112976,32.898953184485435,0.01342814415693283,0.051881466060876846,15.411848023533821,2.7350667,41.00265208184261,0.10414242022947892,3.2120245758346537,,3.213712420154772,0.15997081711369524
2020-11-12,Maqueda Bay,29.174810014665127,33.007293893024325,-0.020142216235399246,0.056764427572488785,18.158514007925987,7.423357,15.74851629957442,-2.007410093755203,1.511102972016588,,2.5125937746774025,0.1722199346809938
2020-11-13,Maqueda Bay,29.471449926495552,33.0378124024719,-0.035401470959186554,0.01342814415693283,12.817774593830109,7.523542,3.66590112548453,-2.110641759444186,-0.3242361058619211,,2.1354010604694733,0.1844690522482924
2020-11-14,Maqueda Bay,29.357921071350574,33.066804986447096,-0.06164738908410072,0.014038514345884323,12.970367148518562,7.7399364,0.0,-2.8531129061601517,-0.9973206545751845,,3.0223999972438955,0.196718169815591
2020-11-15,Maqueda Bay,29.43409527093172,33.1095308996737,-0.05798516795039177,-0.007324442267417908,11.139256492257118,7.044802,0.0,-2.653169996003695,-1.3691672922788554,,2.9856205555864697,0.20896728738288958
2020-11-16,Maqueda Bay,29.47877436876297,33.16599014215171,-0.05798516795039177,0.014038514345884323,10.528886273503304,2.4131222,0.0,-2.6321768835803407,-0.48142242165470034,,2.675840558502429,0.22121640495018818
2020-11-17,Maqueda Bay,29.447279267013073,33.237708639353514,-0.039674062281847,0.008545182645320892,10.528886273503304,4.8882656,31.58118264100152,-2.2407272891313004,-0.5799825126779169,0.23346552251748678,2.3145709104000023,0.23346552251748678
2020-11-18,Maqueda Bay,29.56886500865221,33.30484936013818,-0.04699850454926491,-0.006103701889514923,10.528886273503304,7.9453874,0.0,-1.9755622583168997,-0.8551385038012241,,2.1526978648127946,0.23361142092021278
2020-11-19,Maqueda Bay,29.579119227826595,33.36130860261619,-0.051271095871925354,-0.005493331700563431,10.528886273503304,3.9047377,0.0,-1.6453044060797128,-0.8894799948143984,,1.8703478954035098,0.23375731932293878
2020-11-20,Maqueda Bay,29.77321694791317,33.39487896300852,-0.04272591322660446,-0.021973326802253723,10.528886273503304,9.814216,0.0,-1.628884814756467,-1.0478534933851376,,1.9368176691014687,0.2339032177256648
2020-11-21,Maqueda Bay,29.627460546791553,33.46964931115508,-0.06164738908410072,0.001831110566854477,10.83407138288021,3.7347488,0.0,-2.81094737778739,-1.4419239478412298,,3.1592039870903936,0.2340491161283908
2020-11-22,Maqueda Bay,29.59376811236143,33.50474559701979,-0.0555436871945858,-0.019531846046447754,10.83407138288021,8.675534,40.46317520375992,-2.483452304155665,-1.9365558309321582,0.2341950145311168,3.1492513131430817,0.2341950145311168
2020-11-23,Maqueda Bay,29.271492652595043,33.367412304505706,-0.09094515815377235,-0.015259254723787308,10.528886273503304,7.9100814,28.278445104666385,-2.878221173520452,-2.101097141751948,,3.563532842949487,0.22699776194390078
2020-11-24,Maqueda Bay,29.35645618289709,33.596301125362515,-0.06591998040676117,-0.023194067180156708,10.986663937568665,1.1091169,5.445098059517996,-3.198762087544711,-2.3943418354914052,,3.9956165629221414,0.21980050935668474
2020-11-25,Maqueda Bay,29.359385959804058,33.70158998295665,-0.046388134360313416,-0.01831110566854477,11.902219265699387,0.8740275,0.0,-2.0942099810214074,-2.1001389237416515,,2.9658555163096576,0.21260325676946873
2020-11-26,Maqueda Bay,29.41358683258295,33.74431589618325,-0.025635547935962677,-0.01892147585749626,11.749626711010933,0.7443352,0.0,-1.9778029732756586,-1.3191121741918213,,2.3773433763760567,0.2054060041822527
2020-11-27,Maqueda Bay,29.346201963722706,33.788567734882236,-0.024414807558059692,0.008545182645320892,15.869625687599182,1.2844068,54.47389656570832,-2.430567974543256,-0.8218041404526099,,2.565740190303835,0.19820875159503668
2020-11-28,Maqueda Bay,29.398937948048115,33.82213809527457,-0.02685628831386566,-0.0030518509447574615,15.411848023533821,3.780124,0.0,-2.3888687046831003,-1.4539516415574933,,2.7965459166983195,0.19101149900782066
2020-11-29,Maqueda Bay,29.38062684237957,33.838923275470734,-0.03234962001442909,-0.009155552834272385,15.564440578222275,1.6254578,0.0,-2.173433826202899,-2.138195612905356,,3.0488842345898743,0.18381424642060462
2020-11-30,Maqueda Bay,29.317636638879776,33.848078828305006,-0.02929776906967163,-0.03723258152604103,17.242958679795265,1.3583997,0.0,-0.06868952509363292,-3.4747929559277657,,3.4754718150810557,0.17661699383338858
2020-12-01,Maqueda Bay,29.24512466043234,33.82213809527457,-0.02868739888072014,-0.043336283415555954,16.479995906352997,1.3107797,42.12256498087753,0.7989634415412399,-1.4549121938297078,,1.6598530274315841,0.16941974124617257
2020-12-02,Maqueda Bay,29.37696462124586,33.81603439338505,0.014038514345884323,0.006714072078466415,13.885922476649284,1.8885254,14.040855372556342,0.4785495142297356,0.7584874891280912,,0.8968349395141516,0.16222248865895655
2020-12-03,Maqueda Bay,29.506607249379158,33.80840476602316,0.0158696249127388,0.02075258642435074,13.27555225789547,2.5665367,0.0,-1.1454707235080994,0.738263014424054,,1.3627675725818618,0.1550252360717405
2020-12-04,Maqueda Bay,29.37696462124586,33.837397349998355,-0.008545182645320892,0.0238044373691082,14.496292695403099,2.7121112,20.32918533348634,-1.2967365749782407,-0.031855784237526656,,1.2971278024449582,0.1478279834845245
2020-12-05,Maqueda Bay,29.448744155466557,33.84502697736025,-0.012207403779029846,-0.010986663401126862,13.580737367272377,4.118771,0.0,-1.454916756993233,-0.862466888134271,,1.6913402682215426,0.1406307308973085
2020-12-06,Maqueda Bay,29.284676648676395,33.83129364810884,-0.03479110077023506,0.006103701889514923,13.580737367272377,4.241982,46.381478305236534,-2.0152518570619034,-0.6999155190557659,,2.1333358341354867,0.13343347831009245
2020-12-07,Maqueda Bay,29.222418889403343,33.84502697736025,-0.027466658502817154,0.02685628831386566,15.564440578222275,6.3434963,5.6471877383746305,-2.7369770744848614,0.9076168858030818,,2.883541558162565,0.1262362257228764
2020-12-08,Maqueda Bay,29.244392216205597,33.872493635863066,-0.01892147585749626,0.011597033590078354,14.648885250091553,6.856682,0.0,-2.230721722407959,-0.11430393302439291,,2.233648314289333,0.11903897313566039
2020-12-09,Maqueda Bay,29.08545181900263,33.85876030661166,-0.008545182645320892,0.009765923023223877,15.869625687599182,6.8471255,30.920985167660103,-1.533455984130085,0.3548728061832972,,1.5739828346690365,0.11184172054844436
2020-12-10,Maqueda Bay,29.227545998990536,33.9060639962554,-0.014648884534835815,0.014038514345884323,14.343700140714645,2.2671509,0.0,-1.7913911787679673,0.33686545553707853,,1.822789261133028,0.10464446796122834
2020-12-11,Maqueda Bay,29.27808465063572,33.91674547456205,-0.028077028691768646,-0.0006103701889514923,14.191107586026192,2.9134226,0.0,-2.0022195217007615,-0.5574177555739036,,2.0783641565684956,0.09744721537401232
2020-12-12,Maqueda Bay,29.333017967641354,33.91369362361729,-0.03723258152604103,-0.009765923023223877,13.73332992196083,6.378227,0.0,-1.8521129733970563,-0.7538138032027089,0.09024996278679628,1.9996393965224373,0.09024996278679628
2020-12-13,Maqueda Bay,29.402600169181824,33.933530654758215,-0.029908139258623123,-0.015259254723787308,13.73332992196083,8.037827,0.0,-1.719129423482826,-0.8390185673139836,,1.9129448844600838,0.1530059636256325
2020-12-14,Maqueda Bay,29.20484022796154,33.932004729285836,-0.036011841148138046,-0.007324442267417908,15.564440578222275,7.685377,46.29275475778887,-2.3279946513096514,-0.9605039831841599,,2.51835799644113,0.21576196446446871
2020-12-15,Maqueda Bay,29.19605089724064,33.95489361137152,-0.03906369209289551,-0.008545182645320892,15.869625687599182,2.7546453,0.0,-2.87116894874121,-1.4527518276480285,,3.2177785823375715,0.27851796530330497
2020-12-16,Maqueda Bay,29.047364719212055,33.96557508967817,-0.043336283415555954,-0.0158696249127388,19.53184700012207,1.747742,0.0,-2.9464524368654494,-2.134928468105191,,3.6386125826523936,0.3412739661421411
2020-12-17,Maqueda Bay,29.023926503956318,33.98388619534671,-0.04699850454926491,-0.006103701889514923,16.63258846104145,2.3813016,40.35134097801009,-3.765984911909452,-2.0718265985748086,0.4040299669809774,4.298268001333991,0.4040299669809774
2020-12-18,Maqueda Bay,28.81957456469536,33.96404916420579,-0.04821924492716789,0.01037629321217537,19.53184700012207,2.3499029,85.70725818639893,-4.713716605616767,-0.9649923153776412,,4.811479440546864,0.37915194805406277
2020-12-19,Maqueda Bay,28.66502883285284,33.96099731326103,-0.030518509447574615,0.04150517284870148,19.53184700012207,3.5403244,24.682533861854655,-3.6213243612691297,0.5957475208201188,,3.670000713635433,0.35427392912714817
2020-12-20,Maqueda Bay,28.654042169451714,33.9991454500705,-0.0158696249127388,0.019531846046447754,16.479995906352997,1.988184,8.245589128837057,-2.860549013711665,0.20383023367195083,,2.86780184531734,0.3293959102002335
2020-12-21,Maqueda Bay,28.71776481717825,34.018982481211424,-0.0158696249127388,0.012817773967981339,15.106662914156914,1.8691845,0.0,-2.8898209869138745,0.305829588185764,,2.9059588905243916,0.3045178912733189
2020-12-22,Maqueda Bay,28.72142703831196,34.031189884990454,-0.012817773967981339,0.015259254723787308,15.259255468845367,3.4653883,6.853505928578647,-2.28976798292651,0.3758694166825307,0.2796398723464043,2.3204127292429257,0.2796398723464043
2020-12-23,Maqueda Bay,28.774163022637367,34.043397288769484,-0.020142216235399246,-0.0012207403779029846,15.106662914156914,9.953593,0.0,-2.508462373002186,-0.7873141382011603,,2.6291152559329145,0.28016622690195686
2020-12-24,Maqueda Bay,28.875972770154476,34.041871363297105,-0.0238044373691082,-0.02136295661330223,14.038515031337738,2.3295274,0.0,-1.8158454489953852,-1.3012818937248674,,2.2339716340127125,0.2806925814575094
2020-12-25,Maqueda Bay,28.676015496253967,34.043397288769484,-0.02868739888072014,-0.015259254723787308,18.31110656261444,2.3293996,27.414023714314588,-2.425664227767879,-1.858598757530575,,3.0558527921624328,0.28121893601306197
2020-12-26,Maqueda Bay,28.55369731038809,34.00830100290477,-0.02685628831386566,0.015259254723787308,16.937773570418358,2.5081885,39.33374564878402,-2.1196778444534234,0.22040010322779197,,2.131105433752524,0.2817452905686145
2020-12-27,Maqueda Bay,28.44749289751053,33.993041748180985,-0.003662221133708954,0.020142216235399246,16.785181015729904,2.669359,21.809463254867058,-1.3017400944569368,0.9253222355155684,,1.5971062935998606,0.282271645124167
2020-12-28,Maqueda Bay,28.469466224312782,34.018982481211424,-0.001831110566854477,0.02136295661330223,16.479995906352997,1.7192265,26.286425817580447,-1.3634587981243407,0.8425386727808772,,1.602776125762433,0.2827979996797196
2020-12-29,Maqueda Bay,28.78734701871872,33.956419536843896,-0.016479995101690292,-0.005493331700563431,11.444441601634026,2.204774,19.732118899554884,-1.1704515441804604,-0.5303685150354017,,1.2850087855790253,0.28332435423527214
2020-12-30,Maqueda Bay,28.58299507945776,33.99761952459812,-0.03234962001442909,-0.001831110566854477,13.73332992196083,3.8356483,17.52428417821084,-2.1779539729007773,-0.9581364882474691,,2.379392577567954,0.2838507087908247
2020-12-31,Maqueda Bay,28.551499977707863,34.01440470479429,-0.02929776906967163,0.0012207403779029846,15.869625687599182,3.7612903,15.255156336841495,-2.712580214670344,-1.2347262045375942,,2.9803758523368864,0.28437706334637725
2021-01-01,Maqueda Bay,28.614490181207657,34.02661210857332,-0.03234962001442909,-0.0079348124563694,14.95407035946846,22.822058,18.751843298635176,-2.74835827307921,-1.6851990963614718,0.2849034179019298,3.2238748721965713,0.2849034179019298
2021-01-02,Maqueda Bay,28.410138241946697,34.00219730101526,-0.0317392498254776,-0.0024414807558059692,19.53184700012207,22.822058,60.741463703677034,-3.0634076337107428,-1.3236354074145233,,3.337136050873363,0.29309872825671335
2021-01-03,Maqueda Bay,28.388164915144444,34.00219730101526,-0.02929776906967163,0.01037629321217537,17.09036612510681,31.795298,18.49190973026961,-3.023803260163441,-1.1216754431250577,,3.225142160569802,0.3012940386114969
2021-01-04,Maqueda Bay,28.441633343696594,34.01440470479429,-0.032959990203380585,0.005493331700563431,15.106662914156914,12.081581,0.0,-3.0625527444697016,-1.0535443924349694,,3.2387011438985955,0.30948934896628044
2021-01-05,Maqueda Bay,28.474593333899975,34.028138034045696,-0.030518509447574615,0.003662221133708954,14.95407035946846,10.0162325,0.0,-2.830050195302469,-1.426221949773406,,3.1691155166618645,0.317684659321064
2021-01-06,Maqueda Bay,28.486312441527843,34.03271581046283,-0.02868739888072014,-0.006103701889514923,14.95407035946846,4.8485274,0.0,-2.361735025798465,-1.6465658098611247,0.32587996967584754,2.8790573627989593,0.32587996967584754
2021-01-07,Maqueda Bay,28.363261811435223,34.00982692837715,-0.02624591812491417,-0.006714072078466415,15.259255468845367,5.0237446,49.560757562312105,-2.2903793504364325,-1.396251624151786,,2.682416106209496,0.3286855218777275
2021-01-08,Maqueda Bay,28.246070735156536,33.97167879156768,-0.0238044373691082,0.009765923023223877,16.022218242287636,0.9686458,11.997479889982488,-2.0314861812059752,-0.6804709552867363,,2.1424231200721486,0.33149107407960743
2021-01-09,Maqueda Bay,28.347880482673645,33.98693804629147,-0.014648884534835815,-0.009155552834272385,14.496292695403099,1.1349111,48.48792333060879,-1.2849463575296791,-0.43887514480587364,,1.3578286101188053,0.3342966262814874
2021-01-10,Maqueda Bay,28.208716079592705,33.9991454500705,-0.031128879636526108,-0.02075258642435074,18.005921453237534,1.1417496,43.924004087433474,-3.2661539166608433,-2.765098767824809,,4.279431341094894,0.3371021784833673
2021-01-11,Maqueda Bay,28.08786278218031,33.99609359912574,-0.031128879636526108,-0.03418073058128357,18.31110656261444,1.1390872,64.20514058993525,-2.7876747264946373,-3.016161293341947,,4.107110824921957,0.33990773068524727
2021-01-12,Maqueda Bay,27.872524179518223,33.99151582270861,-0.02868739888072014,-0.062257759273052216,19.53184700012207,16.539244,28.495919164607784,-1.444832142742667,-3.8913893330655207,,4.1509578246711305,0.3427132828871272
2021-01-13,Maqueda Bay,27.672566905617714,33.98846397176385,-0.024414807558059692,-0.04028443247079849,19.53184700012207,16.423407,24.438582776328932,-1.5716694249569605,-2.1461335882826567,,2.660081607789418,0.34551883508900716
2021-01-14,Maqueda Bay,28.03073213249445,33.98998989723623,-0.014038514345884323,-0.006714072078466415,12.665182039141655,16.423414,0.0,-1.4366410770046594,-0.7155203120610913,,1.604963208646575,0.3483243872908871
2021-01-15,Maqueda Bay,27.88351084291935,33.78093810752034,-0.020142216235399246,-0.003662221133708954,10.681478828191757,9.148303,16.283383430973174,-1.0481651562973173,-1.023634276273339,,1.465086115706999,0.35112993949276705
2021-01-16,Maqueda Bay,27.71944333612919,33.47880486398935,-0.07019257172942162,0.03723258152604103,10.528886273503304,4.182574,15.749958634559642,-1.9006577517377488,-0.659261700262035,,2.011746971831493,0.353935491694647
2021-01-17,Maqueda Bay,27.823450416326523,33.90301214531064,-0.046388134360313416,0.012207403779029846,12.970367148518562,3.1966317,10.717533060299452,-2.866007720668827,-1.571221179869201,,3.268445540467653,0.35674104389652694
2021-01-18,Maqueda Bay,27.712851338088512,33.91369362361729,-0.04150517284870148,0.007324442267417908,14.801477804780006,3.1190937,85.74026448239562,-3.5855278368373447,-1.6814578545413754,,3.9602159518559557,0.3595465960984069
2021-01-19,Maqueda Bay,27.723105557262897,33.91521954908967,-0.031128879636526108,0.04577776417136192,15.411848023533821,2.3776774,23.780792028306994,-3.0233649438597316,1.481477487077792,,3.3668250813605223,0.36235214830028684
2021-01-20,Maqueda Bay,27.92013305425644,33.95947138778865,-0.012817773967981339,0.03662221133708954,13.73332992196083,3.1927578,21.435066120598904,-1.8188633845801743,1.3723284997435283,,2.278497207146581,0.3651577005021668
2021-01-21,Maqueda Bay,27.91647083312273,33.97473064251244,-0.006103701889514923,0.04150517284870148,13.885922476649284,4.436433,0.0,-1.7736009593238558,1.3081047342948522,0.36796325270404673,2.2038145019032584,0.36796325270404673
2021-01-22,Maqueda Bay,28.19406719505787,33.96557508967817,0.012207403779029846,0.030518509447574615,12.207404375076294,5.141332,3.3084904250278266,-1.2583358471968893,0.8362357153125621,,1.510860442233175,0.3515637546574505
2021-01-23,Maqueda Bay,28.36252936720848,33.982360269874334,0.021973326802253723,-0.0012207403779029846,10.681478828191757,1.7839613,0.0,-0.3643569577703613,0.4507984161701222,,0.5796336814723274,0.33516425661085425
2021-01-24,Maqueda Bay,28.410138241946697,33.98998989723623,-0.027466658502817154,-0.004272591322660446,11.902219265699387,3.2898881,0.0,-1.7085735286888615,-0.7705892823821466,,1.8743082310704768,0.318764758564258
2021-01-25,Maqueda Bay,28.27243872731924,34.01440470479429,-0.03784295171499252,-0.006714072078466415,14.496292695403099,0.906064,0.0,-2.3879996817168445,-1.611887222702076,,2.8810975163277557,0.3023652605176617
2021-01-26,Maqueda Bay,28.25193028897047,34.02508618310094,-0.035401470959186554,-0.01342814415693283,15.106662914156914,1.000723,39.29550098823512,-2.175478060688951,-1.7374140155649127,0.2859657624710655,2.7841178592186706,0.2859657624710655
2021-01-27,Maqueda Bay,28.2226325199008,34.029663959518075,-0.043946653604507446,-0.0012207403779029846,15.564440578222275,0.8500486,0.0,-2.9368618594725966,-1.3741757264148615,,3.2424553210017635,0.2543065775237485
2021-01-28,Maqueda Bay,28.150852985680103,34.03424173593521,-0.03479110077023506,-0.01892147585749626,16.17481079697609,2.2432082,27.64411107076478,-2.4785880886561253,-2.6324213118587214,,3.6156660349589833,0.22264739257643157
2021-01-29,Maqueda Bay,28.01095613837242,34.04492321424186,-0.04028443247079849,-0.03234962001442909,19.53184700012207,2.3164897,0.0,-3.9752466830215,-3.6613433579799732,,5.404444594581158,0.19098820762911461
2021-01-30,Maqueda Bay,27.832239747047424,34.05102691613138,-0.036011841148138046,-0.030518509447574615,19.53184700012207,2.7530346,0.0,-3.9332064782412535,-3.4635484209680025,,5.2408282613408455,0.15932902268179766
2021-01-31,Maqueda Bay,27.72017578035593,34.064760245382786,-0.031128879636526108,-0.0238044373691082,19.379254445433617,2.5630052,0.0,-3.464568911287286,-2.946614328025758,,4.548161577954884,0.1276698377344807
2021-02-01,Maqueda Bay,27.635212250053883,34.07238987274468,-0.02685628831386566,-0.01342814415693283,19.07406933605671,2.9775565,3.7875070000573783,-3.0495748339387876,-2.167874344552062,,3.741602042115091,0.09601065278716375
2021-02-02,Maqueda Bay,27.63887447118759,34.06781209632754,-0.029908139258623123,-0.004272591322660446,16.022218242287636,3.7108088,27.291407179356355,-2.7648133687876824,-1.9072261117394522,,3.358824854845498,0.0643514678398468
2021-02-03,Maqueda Bay,27.641071803867817,34.08001950010657,-0.03234962001442909,-0.009765923023223877,16.17481079697609,3.6902456,0.0,-3.295308202920581,-2.646049022309758,,4.226184044821297,0.032692282892529845
2021-02-04,Maqueda Bay,27.69527267664671,34.089175052940845,-0.031128879636526108,-0.004272591322660446,15.564440578222275,6.594509,0.0,-3.3399547288088955,-1.8259875245555302,,3.8065112675946904,0.0010330979452128908
2021-02-05,Maqueda Bay,27.728965111076832,34.090700978413224,-0.032959990203380585,0.012817773967981339,14.801477804780006,1.9079319,0.0,-2.8384864454324537,-0.8977629117896521,-0.030626087002104053,2.977076342099544,-0.030626087002104053
2021-02-06,Maqueda Bay,27.829309970140457,34.101382456719875,-0.036011841148138046,0.0006103701889514923,14.343700140714645,8.459474,0.0,-3.2864978095915776,-1.6871459949561074,,3.6942562797871332,-0.018945884805824844
2021-02-07,Maqueda Bay,27.71578111499548,34.017456555739045,-0.04272591322660446,-0.0006103701889514923,10.83407138288021,8.474786,55.392080515027956,-3.2610814244679873,-1.71038343624559,,3.682399157613611,-0.007265682609545635
2021-02-08,Maqueda Bay,27.37299721688032,33.82976772263646,-0.048829615116119385,-0.008545182645320892,10.528886273503304,8.481133,71.23939449702905,-3.3145589725806115,-1.7102801869762168,,3.729793493033903,0.004414519586733574
2021-02-09,Maqueda Bay,27.41328164935112,33.932004729285836,-0.028077028691768646,0.022583696991205215,15.259255468845367,2.5584042,71.49044395481936,-3.6142916737210244,-0.04102536200612333,,3.614524503037275,0.016094721783012782
2021-02-10,Maqueda Bay,27.53193761408329,34.00067137554288,-0.012207403779029846,0.03906369209289551,16.022218242287636,2.4342623,2.851407325029739,-1.7809454178466941,1.2438780356464125,,2.172325746501365,0.02777492397929199
2021-02-11,Maqueda Bay,27.78536331653595,34.0205084066838,0.0024414807558059692,0.05066072568297386,12.817774593830109,2.4652736,9.502680462076917,-0.8871922971277327,1.3142096393978218,,1.585640926681995,0.039455126175571203
2021-02-12,Maqueda Bay,27.997039698064327,33.98388619534671,0.016479995101690292,-0.02136295661330223,10.681478828191757,6.22051,19.005360924153834,-0.2558994535333538,-0.15342305012737203,,0.2983674959325416,0.051135328371850405
2021-02-13,Maqueda Bay,28.007293917238712,33.93963435664773,-0.03234962001442909,-0.020142216235399246,10.528886273503304,6.9214234,33.052368902391,-0.9469690265588501,-0.5835275887551254,,1.11231955125323,0.06281553056812962
2021-02-14,Maqueda Bay,27.841761521995068,33.860286232084036,-0.039674062281847,-0.03723258152604103,10.528886273503304,6.9210052,19.005360924153834,-1.061735944616596,-1.3347492900873468,,1.705531847688448,0.07449573276440884
2021-02-15,Maqueda Bay,27.545854054391384,33.79314551129937,-0.06042664870619774,-0.03723258152604103,11.902219265699387,3.91373,16.539314190912904,-2.016263389538762,-2.1811065458189423,,2.9702767245171917,0.08617593496068804
2021-02-16,Maqueda Bay,27.704794451594353,33.96557508967817,-0.03906369209289551,-0.024414807558059692,14.95407035946846,3.9526613,5.990977964093608,-1.9878865096840095,-2.2284907849348694,,2.986279282639737,0.09785613715696724
2021-02-17,Maqueda Bay,27.67036957293749,33.957945462316275,-0.03662221133708954,-0.039674062281847,15.411848023533821,3.993513,5.242105385125507,-2.125116491066441,-3.045884722784022,,3.713964707033663,0.10953633935324646
2021-02-18,Maqueda Bay,27.56050293892622,33.96099731326103,-0.03418073058128357,-0.05615405738353729,18.768884226679802,2.8341782,3.897985926421556,-2.47084005330542,-4.460903121827074,,5.099481074711902,0.12121654154952567
2021-02-19,Maqueda Bay,27.354686111211777,33.96710101515055,-0.03234962001442909,-0.06775109097361565,19.53184700012207,2.6420782,19.60925581268451,-2.814371913073623,-4.8901153286608885,,5.642155367650015,0.13289674374580485
2021-02-20,Maqueda Bay,27.046327091753483,33.96710101515055,-0.0238044373691082,-0.07690664380788803,19.53184700012207,2.227996,41.936843081004056,-2.0239579633940625,-4.494920396864259,,4.92957556101259,0.14457694594208406
2021-02-21,Maqueda Bay,26.853694260120392,33.90758992172778,-0.02685628831386566,-0.05249183624982834,17.09036612510681,2.498625,64.00867886404104,-3.0264171015361025,-1.9374702487769588,,3.5934651017320363,0.15625714813836328
2021-02-22,Maqueda Bay,26.974547557532787,33.88775289058685,-0.023194067180156708,0.016479995101690292,12.970367148518562,2.4174378,9.17429088410877,-2.4514991955247503,1.2319288732350775,,2.743628446850766,0.1679373503346425
2021-02-23,Maqueda Bay,27.260200805962086,33.91521954908967,-0.029908139258623123,0.03479110077023506,12.665182039141655,5.658915,0.0,-2.6486784690607035,0.7375191465792007,,2.74944214778865,0.1796175525309217
2021-02-24,Maqueda Bay,27.32758567482233,33.93047880381346,-0.027466658502817154,0.0238044373691082,13.73332992196083,1.7201082,0.0,-2.4457214195063823,-0.09847026045301073,,2.4477029341866627,0.1912977547272009
2021-02-25,Maqueda Bay,27.622760698199272,33.935056580230594,-0.021973326802253723,0.016479995101690292,10.681478828191757,3.8424358,0.0,-1.6696525922940861,0.24879554538625204,0.2029779569234801,1.6880873799535392,0.2029779569234801
2021-02-26,Maqueda Bay,27.63008514046669,33.88775289058685,-0.036011841148138046,0.007324442267417908,10.528886273503304,0.95912886,0.0,-1.5540172071072107,0.10095368294465654,,1.5572928838485667,0.19857995871825498
2021-02-27,Maqueda Bay,27.795617535710335,33.90453807078302,-0.03906369209289551,0.010986663401126862,10.528886273503304,1.6113194,0.0,-2.083515847119752,-0.15983298255056125,,2.0896374966749964,0.19418196051302986
2021-02-28,Maqueda Bay,27.655720688402653,33.92895287834108,-0.04028443247079849,0.009155552834272385,13.428144812583923,0.78632766,0.0,-2.7088937038441956,-0.7345443214538429,,2.806717025085858,0.18978396230780475
2021-03-01,Maqueda Bay,27.6425366923213,33.93658250570297,-0.0317392498254776,-0.0030518509447574615,13.885922476649284,0.6283033,18.83442416681855,-2.259961279884536,-0.8343911142585958,,2.409073165790332,0.18538596410257963
2021-03-02,Maqueda Bay,27.84615618735552,33.945738058537245,-0.040894802659749985,-0.016479995101690292,13.885922476649284,6.6453605,0.0,-2.3747491256106827,-1.3565209107672993,0.1809879658973545,2.7348825186719896,0.1809879658973545
2021-03-03,Maqueda Bay,27.763389989733696,33.948789909482,-0.04455702379345894,-0.0006103701889514923,14.496292695403099,4.831432,0.0,-3.3612707119253926,-1.1058029746652585,,3.5384941737448106,0.16666820999491166
2021-03-04,Maqueda Bay,27.76851709932089,33.945738058537245,-0.046388134360313416,-0.009765923023223877,14.191107586026192,0.9373434,0.0,-2.8298219544377097,-1.4710790309238013,,3.18935194185925,0.15234845409246883
2021-03-05,Maqueda Bay,27.816125974059105,33.95184176042676,-0.046388134360313416,-0.0079348124563694,14.496292695403099,5.4457536,0.0,-2.956345723003105,-1.69026001972716,,3.4054308050827893,0.138028698190026
2021-03-06,Maqueda Bay,27.81759086251259,33.95947138778865,-0.039674062281847,-0.005493331700563431,15.106662914156914,1.6014519,0.0,-2.95335903143945,-1.571573257419267,,3.345470381279794,0.12370894228758317
2021-03-07,Maqueda Bay,27.805139310657978,33.96404916420579,-0.039674062281847,-0.01037629321217537,15.106662914156914,7.3966827,0.0,-3.262201580725113,-1.602033862218583,0.10938918638514034,3.634346110235019,0.10938918638514034
2021-03-08,Maqueda Bay,27.86666462570429,33.96557508967817,-0.03906369209289551,-0.011597033590078354,14.496292695403099,1.0716518,0.0,-2.6457917406812186,-1.4234365395754898,,3.0043943677978757,0.11188313643769643
2021-03-09,Maqueda Bay,27.808801531791687,33.970152866095304,-0.04272591322660446,-0.010986663401126862,15.564440578222275,0.70659804,0.0,-3.1907704094025635,-2.2613909173603566,,3.9108700677264796,0.11437708649025252
2021-03-10,Maqueda Bay,27.75313577055931,33.96404916420579,-0.04699850454926491,-0.020142216235399246,15.259255468845367,0.88702154,9.343705755957444,-3.353603486907762,-2.687597325730996,,4.297654678156017,0.11687103654280862
2021-03-11,Maqueda Bay,27.381786547601223,33.71379738673568,-0.06958220154047012,-0.0079348124563694,10.528886273503304,0.89546204,80.22275302963139,-3.202540641386034,-1.4844218561685263,,3.5298406205946584,0.11936498659536471
2021-03-12,Maqueda Bay,27.385448768734932,33.73668626882136,-0.04943998530507088,0.028077028691768646,10.528886273503304,1.0211575,11.235491733580323,-2.6933157234576695,-0.13475114178065742,,2.696684530388288,0.1218589366479208
2021-03-13,Maqueda Bay,27.690145567059517,33.645130740478635,-0.02685628831386566,0.009155552834272385,10.528886273503304,1.9069532,18.75053992322696,-0.7391479487431558,0.5133062760656711,,0.8999016741731409,0.1243528867004769
2021-03-14,Maqueda Bay,27.98532059043646,33.6619159206748,0.036011841148138046,0.01892147585749626,10.528886273503304,4.6976867,18.495749990694712,-0.18852820596929493,0.7962138868034878,,0.818229453139349,0.126846836753033
2021-03-15,Maqueda Bay,28.34641559422016,33.68480480276048,0.007324442267417908,0.028077028691768646,10.528886273503304,3.2171066,38.63401282291441,-0.7351798297839275,0.6972724337784812,,1.0132513158286502,0.12934078680558908
2021-03-16,Maqueda Bay,28.524399541318417,33.72295293956995,-0.011597033590078354,0.03784295171499252,10.528886273503304,4.244854,4.73295190696892,-1.0548524568238444,0.16251152110021427,,1.0672973813130087,0.13183473685814517
2021-03-17,Maqueda Bay,28.473860889673233,33.7549973744899,-0.048829615116119385,0.031128879636526108,10.528886273503304,3.8238182,10.264499712649577,-1.7034909883135099,-0.07980810685262084,0.13432868691070127,1.7053594580570801,0.13432868691070127
2021-03-18,Maqueda Bay,28.487777329981327,33.814508467912674,-0.06286812946200371,0.01831110566854477,10.528886273503304,7.8638377,0.0,-2.2482351503931013,-0.62443378349152,,2.3333407041040157,0.1553884850631225
2021-03-19,Maqueda Bay,28.602038629353046,33.8343454990536,-0.05249183624982834,-0.014038514345884323,10.528886273503304,4.0140476,0.0,-1.9882111095941677,-0.9938704945070191,,2.222782485122037,0.17644828321554373
2021-03-20,Maqueda Bay,28.458479560911655,33.85113067924976,-0.06958220154047012,0.012207403779029846,10.528886273503304,4.7706,20.528999425299155,-2.553836550340217,-0.605848452245839,,2.6247158842324816,0.19750808136796494
2021-03-21,Maqueda Bay,28.301736496388912,33.85265660472214,-0.05371257662773132,0.010986663401126862,10.986663937568665,4.819596,31.560261754213208,-2.430360033116779,-0.49290615916725034,,2.4798399892566456,0.21856787952038617
2021-03-22,Maqueda Bay,28.336161375045776,33.8770714122802,-0.05249183624982834,-0.006714072078466415,12.05481182038784,1.9068266,0.0,-3.0875275309334715,-1.102734512230524,,3.2785438320596585,0.2396276776728074
2021-03-23,Maqueda Bay,28.23581651598215,33.896908443421125,-0.06775109097361565,0.004272591322660446,15.564440578222275,1.645979,0.0,-4.041184600783384,-1.508266998069648,,4.313472187817465,0.2606874758252286
2021-03-24,Maqueda Bay,28.17868586629629,33.91521954908967,-0.05005035549402237,0.007324442267417908,15.717033132910728,1.3206087,10.00415184091313,-3.413464122384391,-1.2562868078725349,,3.6373058516489922,0.28174727397764987
2021-03-25,Maqueda Bay,28.30100405216217,33.92437510192394,-0.03906369209289551,-0.02685628831386566,12.970367148518562,0.68185395,13.577589279678742,-2.3449183650720986,-1.3795619608390417,,2.7206310559586107,0.3028070721300711
2021-03-26,Maqueda Bay,28.369121365249157,33.94116028212011,-0.046388134360313416,-0.01037629321217537,13.580737367272377,0.666565,0.0,-2.6277244260464343,-1.0974291102707583,,2.847680865425536,0.3238668702824923
2021-03-27,Maqueda Bay,28.48484755307436,33.94726398400962,-0.04211554303765297,-0.0079348124563694,12.665182039141655,0.41497025,0.0,-2.3750009008185144,-0.841077442249176,0.34492666843491354,2.5195318102276802,0.34492666843491354
2021-03-28,Maqueda Bay,28.62327951192856,33.95947138778865,-0.04455702379345894,-0.01037629321217537,12.512589484453201,0.57085794,0.0,-2.4003386987683775,-0.6244422394200055,,2.480232646179979,0.32744395683761257
2021-03-29,Maqueda Bay,28.642323061823845,33.970152866095304,-0.043336283415555954,-0.0048829615116119385,13.122959703207016,0.5681449,12.812292055050898,-2.3077071238628766,-0.7467927834377743,,2.4255332673295182,0.3099612452403116
2021-03-30,Maqueda Bay,28.64818261563778,33.97320471704006,-0.043946653604507446,0.006103701889514923,13.122959703207016,4.024603,4.972973464637674,-2.402878183985086,-0.5204126714079285,,2.458587585511934,0.2924785336430106
2021-03-31,Maqueda Bay,28.5346537604928,33.97930841892958,-0.04821924492716789,0.012207403779029846,14.191107586026192,6.075039,2.4707623934416176,-2.835904155230963,-0.722208411329041,,2.926420572482817,0.2749958220457096
2021-04-01,Maqueda Bay,28.555894643068314,33.99761952459812,-0.04699850454926491,-0.0030518509447574615,14.801477804780006,7.1423163,0.0,-2.751834895110084,-1.3420113230405526,0.25751311044840863,3.061631865707336,0.25751311044840863
2021-04-02,Maqueda Bay,28.691396825015545,34.00830100290477,-0.04699850454926491,-0.009765923023223877,13.27555225789547,9.200287,0.0,-2.8393254784328206,-1.2565631472063241,,3.1049509038622216,0.2540815190105047
2021-04-03,Maqueda Bay,28.757316805422306,34.02203433215618,-0.04821924492716789,-0.017700735479593277,13.27555225789547,4.144798,0.0,-2.16892882840752,-1.3999786419378282,,2.58150972505999,0.2506499275726008
2021-04-04,Maqueda Bay,28.80419323593378,34.03271581046283,-0.04516739398241043,-0.028077028691768646,13.428144812583923,3.5980155,0.0,-2.128338505402182,-2.0091099021900387,,2.9268323137234327,0.24721833613469688
2021-04-05,Maqueda Bay,28.80858790129423,34.040345437824726,-0.04272591322660446,-0.030518509447574615,13.428144812583923,3.322758,0.0,-1.7130461974599585,-1.9586689888613575,,2.602097515958846,0.24378674469679296
2021-04-06,Maqueda Bay,28.78295235335827,34.043397288769484,-0.0476088747382164,-0.02136295661330223,13.885922476649284,3.3300836,0.0,-1.8424203066845863,-2.132529416430716,0.24035515325888904,2.818189897509757,0.24035515325888904
2021-04-07,Maqueda Bay,28.768303468823433,34.054078767076135,-0.04272591322660446,-0.031128879636526108,14.648885250091553,1.3798491,0.0,-1.4446320077749548,-2.420722411898384,,2.819017316966149,0.2696045713554325
2021-04-08,Maqueda Bay,28.854731887578964,34.06933802179992,-0.02929776906967163,-0.027466658502817154,13.73332992196083,1.1351156,0.0,-1.0426957760486257,-1.7337928213365739,,2.023178694210643,0.29885398945197594
2021-04-09,Maqueda Bay,28.908932760357857,34.078493574634194,-0.0238044373691082,-0.02075258642435074,13.73332992196083,1.0582837,0.0,-1.3022514939051453,-1.5013363273941198,,1.9874279160088917,0.3281034075485194
2021-04-10,Maqueda Bay,28.899410985410213,34.08764912746847,-0.028077028691768646,-0.02075258642435074,14.191107586026192,2.2813656,0.0,-1.3394523771066158,-1.9968528217919677,,2.404486195101795,0.3573528256450629
2021-04-11,Maqueda Bay,29.03637805581093,34.0998565312475,-0.027466658502817154,-0.02685628831386566,13.27555225789547,3.2909844,0.0,-0.932721894951779,-1.9966567691377977,0.38660224374160634,2.203771400818657,0.38660224374160634
2021-04-12,Maqueda Bay,29.044434942305088,34.10596023313701,-0.011597033590078354,-0.04028443247079849,12.512589484453201,3.73466,13.350634854693197,-0.2824598928029124,-2.058875836334869,,2.0781610381502773,0.3763958532771784
2021-04-13,Maqueda Bay,29.20484022796154,34.10748615860939,-0.051271095871925354,-0.001831110566854477,11.291849046945572,3.7346592,0.0,-1.4849886962862957,-1.0092299374866067,,1.7954766762108865,0.36618946281275044
2021-04-14,Maqueda Bay,29.264168210327625,34.090700978413224,-0.02929776906967163,-0.019531846046447754,10.528886273503304,2.0953662,13.350634854693197,-1.2057262687851724,-1.3814748563721082,,1.8336435351580609,0.3559830723483225
2021-04-15,Maqueda Bay,29.301522865891457,34.09527875483036,-0.01831110566854477,-0.019531846046447754,10.528886273503304,1.6256452,4.8046143937587,-0.45179551423008085,-1.3907677482129173,,1.462311224106432,0.34577668188389454
2021-04-16,Maqueda Bay,29.226081110537052,34.113589860498905,-0.043336283415555954,-0.025025177747011185,10.83407138288021,2.0029252,3.673937422522385,-0.7244484317852609,-2.1371911892095934,,2.2566372569713633,0.33557029141946654
2021-04-17,Maqueda Bay,29.058351382613182,34.101382456719875,0.006103701889514923,-0.07385479286313057,13.885922476649284,1.9878311,30.14238123739919,3.166479638843435,-3.940638265222781,,5.055217427623471,0.3253639009550386
2021-04-18,Maqueda Bay,28.55809197574854,33.79467143677175,0.03418073058128357,-0.12939848005771637,12.05481182038784,2.0313845,40.18984289799234,9.074594033327852,0.04378780221014919,,9.074699677748672,0.31515751049061064
2021-04-19,Maqueda Bay,27.896694839000702,33.42234562151134,0.02685628831386566,-0.08667256683111191,15.564440578222275,2.3249383,38.95250892346172,6.791008667274086,1.4092284456802366,,6.935684791792812,0.3049511200261827
2021-04-20,Maqueda Bay,27.706991784274578,33.38724933564663,0.014038514345884323,0.01037629321217537,16.785181015729904,6.4392395,6.26106499600154,3.093871831218361,2.3249135493529596,,3.870047276193332,0.29474472956175474
2021-04-21,Maqueda Bay,28.01388591527939,33.42387154698372,0.02868739888072014,0.07751701399683952,11.902219265699387,8.330501,0.0,1.797167704622316,2.1922633758305174,,2.8347540400439084,0.2845383390973268
2021-04-22,Maqueda Bay,28.213110744953156,33.45439005643129,0.03357036039233208,0.06469924002885818,10.681478828191757,8.330501,0.0,1.6813424395066492,1.7852438985389418,,2.4523474827513105,0.2743319486328988
2021-04-23,Maqueda Bay,28.391827136278152,33.45896783284843,0.04211554303765297,0.027466658502817154,10.528886273503304,13.446716,0.0,2.581203245162748,0.9640707030096901,,2.755366130524272,0.26412555816847083
2021-04-24,Maqueda Bay,28.30027160793543,33.429975248873234,0.024414807558059692,-0.019531846046447754,10.528886273503304,2.4015024,0.0,2.373406218574469,-0.17196701651971708,,2.379628066135263,0.2539191677040429
2021-04-25,Maqueda Bay,28.55882441997528,33.439130801707506,-0.01342814415693283,-0.02685628831386566,10.528886273503304,0.9658239,0.0,0.44334626654493386,-0.8592857356164968,,0.9669166910821819,0.24371277723961493
2021-04-26,Maqueda Bay,28.510483101010323,33.46964931115508,-0.05310220643877983,-0.006103701889514923,12.970367148518562,0.7916468,0.0,-1.3491984869662859,-1.4719392164729288,0.23350638677518698,1.9967327348002923,0.23350638677518698
2021-04-27,Maqueda Bay,28.547837756574154,33.51542707532644,-0.0555436871945858,0.001831110566854477,13.73332992196083,1.038849,0.0,-2.042514692935816,-1.0726052052604764,,2.3070214990785325,0.22904772775209947
2021-04-28,Maqueda Bay,28.66869105398655,33.55204928666353,-0.031128879636526108,-0.02136295661330223,13.122959703207016,4.0111847,0.0,-1.251148910948334,-1.3262536764334054,,1.823272445801868,0.22458906872901196
2021-04-29,Maqueda Bay,28.887691877782345,33.58256779611111,-0.0006103701889514923,-0.0158696249127388,10.681478828191757,18.579887,0.0,0.03226827786080383,-0.2982516556954581,,0.299992153032682,0.22013040970592446
2021-04-30,Maqueda Bay,29.048097163438797,33.59324927441776,-0.01892147585749626,0.008545182645320892,10.528886273503304,8.384673,0.0,-0.7656578045373437,-0.10378071034453183,,0.7726592453912402,0.21567175068283695
2021-05-01,Maqueda Bay,29.09863581508398,33.61461223103106,-0.048829615116119385,0.023194067180156708,10.528886273503304,1.0073305,0.0,-1.9346253709513144,-0.40428344705917385,0.21121309165974944,1.9764160572851452,0.21121309165974944
2021-05-02,Maqueda Bay,28.805658124387264,33.632923336699605,-0.07019257172942162,0.01037629321217537,11.139256492257118,0.52331716,13.82157231695641,-3.0161230856229513,-1.0811671299498247,,3.204047569951429,0.2155746160131998
2021-05-03,Maqueda Bay,28.694326601922512,33.69701220653951,-0.07202368229627609,0.01831110566854477,13.580737367272377,0.46125868,1.1758868046070572,-3.4752701799655785,-0.9547221526312717,,3.604025140378862,0.21993614036665016
2021-05-04,Maqueda Bay,28.678945273160934,33.73668626882136,-0.051881466060876846,0.011597033590078354,14.648885250091553,0.4223442,18.695747267082904,-3.281467945981321,-0.7236174777374779,,3.360305660887119,0.22429766472010054
2021-05-05,Maqueda Bay,28.765373691916466,33.75804922543466,-0.062257759273052216,0.003662221133708954,12.970367148518562,0.6941187,0.0,-3.8910054746539378,-0.955454710793714,,4.006596723924784,0.2286591890735509
2021-05-06,Maqueda Bay,28.77050080150366,33.78246403299272,-0.06103701889514923,-0.003662221133708954,12.817774593830109,0.82439154,0.0,-2.9607949356069154,-1.2223817249226974,0.23302071342700126,3.203205227914775,0.23302071342700126
2021-05-07,Maqueda Bay,28.945554971694946,33.80687884055078,-0.06103701889514923,-0.0024414807558059692,11.291849046945572,0.79452723,0.0,-2.858002836790996,-0.7891413806369213,,2.9649492969929394,0.2329382839530677
2021-05-08,Maqueda Bay,28.867183439433575,33.81145661696792,-0.04516739398241043,0.003662221133708954,12.05481182038784,0.7341938,9.881768269106722,-2.100480130831292,-0.40247112386258804,,2.13869113842094,0.23285585447913415
2021-05-09,Maqueda Bay,28.990966513752937,33.823664020746946,-0.04699850454926491,0.001831110566854477,11.291849046945572,1.1684211,5.439587990076677,-2.0435818645482056,-0.2199437717427799,,2.0553836867696407,0.23277342500520057
2021-05-10,Maqueda Bay,28.888424322009087,33.80687884055078,-0.040894802659749985,0.016479995101690292,11.139256492257118,3.8818443,8.2702153172178,-1.8954612676159375,-0.08433308424923167,,1.897336418806956,0.23269099553126701
2021-05-11,Maqueda Bay,29.02099672704935,33.85418253019452,-0.04211554303765297,0.02685628831386566,11.444441601634026,1.1196221,0.0,-2.6701395578912956,0.20602540019741272,0.23260856605733346,2.6780761236646033,0.23260856605733346
2021-05-12,Maqueda Bay,29.075930044054985,33.872493635863066,-0.05005035549402237,0.025025177747011185,11.902219265699387,1.148049,0.0,-2.6994033477534165,-0.12677573669960637,,2.7023786783643184,0.2979484594000787
2021-05-13,Maqueda Bay,29.048097163438797,33.884701039642096,-0.06653035059571266,0.012207403779029846,12.207404375076294,3.5403793,0.0,-3.157030826332104,-0.3754807376515687,,3.1792812745585333,0.3632883527428239
2021-05-14,Maqueda Bay,29.011474952101707,33.89385659247637,-0.05493331700563431,0.02624591812491417,12.817774593830109,2.281122,30.931587717317033,-2.841226408274336,0.011827092977063565,,2.8412510243207603,0.42862824608556915
2021-05-15,Maqueda Bay,28.999023400247097,33.898434368893504,-0.051271095871925354,0.007324442267417908,12.512589484453201,1.486322,0.0,-2.7362345840659903,-0.19616115657999236,,2.74325698730352,0.4939681394283143
2021-05-16,Maqueda Bay,29.136722914874554,33.919797325506806,-0.059816278517246246,-0.001831110566854477,11.444441601634026,1.4199494,9.733292214881438,-2.7550209591911043,-0.8779535571369307,0.5593080327710596,2.891529514646472,0.5593080327710596
2021-05-17,Maqueda Bay,29.04589983075857,33.91827140003443,-0.07629627361893654,0.010986663401126862,11.749626711010933,1.0902421,22.247527293895242,-3.1828132682574597,-0.21206685554463747,,3.1898703189653843,0.5349488127485309
2021-05-18,Maqueda Bay,28.978514961898327,33.944212133064866,-0.05005035549402237,0.025025177747011185,13.885922476649284,1.0747565,0.0,-3.409581959929905,0.10503806336104672,,3.4111995157472235,0.5105895927260021
2021-05-19,Maqueda Bay,28.994628734886646,33.95031583495438,-0.0317392498254776,0.017090365290641785,12.207404375076294,0.84520644,0.0,-2.442127035167581,0.43505976615708175,,2.480576839371249,0.48623037270347347
2021-05-20,Maqueda Bay,29.09057892858982,33.91369362361729,-0.028077028691768646,-0.0024414807558059692,10.528886273503304,2.8360577,12.002541862874535,-0.8769602113525088,0.26802675569731677,,0.9170046641457533,0.46187115268094475
2021-05-21,Maqueda Bay,29.46192815154791,33.91369362361729,0.024414807558059692,-0.017700735479593277,10.528886273503304,2.8568192,0.0,-0.41196797243473027,0.11975295937116708,,0.4290202577852648,0.43751193265841604
2021-05-22,Maqueda Bay,29.772484503686428,33.89080474153161,0.0,-0.035401470959186554,10.528886273503304,4.0870147,0.0,0.0683791830630769,-0.16321876337370692,,0.17696349169706138,0.4131527126358874
2021-05-23,Maqueda Bay,30.01858576387167,33.88012326322496,-0.06408886983990669,-0.009155552834272385,10.528886273503304,5.3708134,0.0,-1.031304251238371,-0.4332768864930521,,1.1186229565816401,0.38879349261335866
2021-05-24,Maqueda Bay,30.08890040963888,33.88164918869734,-0.039674062281847,0.0,10.528886273503304,1.7022362,1.9869801130162954,-0.6601276961932658,-0.28664451335598706,,0.7196760745769719,0.36443427259082994
2021-05-25,Maqueda Bay,29.938016898930073,33.88927881605923,-0.05615405738353729,-0.003662221133708954,10.528886273503304,2.244037,10.130874156219434,-0.944939155799116,-0.09911411721649908,,0.9501229480409111,0.3400750525683013
2021-05-26,Maqueda Bay,29.968047112226486,33.91216769814491,-0.04516739398241043,0.012817773967981339,10.528886273503304,2.7201204,0.0,-1.5549930218840677,0.16948502363429566,0.31571583254577257,1.5642021836528879,0.31571583254577257
2021-05-27,Maqueda Bay,29.853785812854767,33.944212133064866,-0.051271095871925354,0.02685628831386566,10.528886273503304,1.8511438,15.208262670607795,-2.1046131888066077,0.1600858008903426,,2.110692809990459,0.28980744293001387
2021-05-28,Maqueda Bay,29.844264037907124,33.96099731326103,-0.028077028691768646,0.0317392498254776,10.528886273503304,1.254121,0.0,-0.9567521797966201,0.41012422154580175,,1.040949859812726,0.26389905331425517
2021-05-29,Maqueda Bay,30.148228392004967,33.95489361137152,-0.001831110566854477,-0.021973326802253723,10.528886273503304,7.1514297,15.208262670607795,-0.36147222310308014,0.18209172127455747,,0.4047462946486528,0.23799066369849645
2021-05-30,Maqueda Bay,30.233191922307014,33.945738058537245,0.02624591812491417,-0.059816278517246246,10.528886273503304,7.1048064,15.208262670607795,0.2673897073610183,-0.08319168064878815,,0.2800323397962831,0.21208227408273775
2021-05-31,Maqueda Bay,30.555467382073402,33.90453807078302,-0.011597033590078354,-0.07263405248522758,10.528886273503304,3.6022682,6.111606902607392,-0.06158833231877861,-0.7782080394265387,0.18617388446697905,0.7806413230837229,0.18617388446697905
2021-06-01,Maqueda Bay,30.004669323563576,33.70006405748427,-0.05798516795039177,-0.028077028691768646,10.528886273503304,3.7066867,33.955336534116306,-1.2122794044783876,-0.23368878410771277,,1.234597830202295,0.26656590298651844
2021-06-02,Maqueda Bay,29.800317384302616,33.693960355594754,0.07873775437474251,0.059205908328294754,10.528886273503304,8.760346,8.488834133529076,-0.05397681527622538,2.1468795522140507,,2.147557987180362,0.34695792150605786
2021-06-03,Maqueda Bay,30.21488081663847,33.753471449017525,0.06103701889514923,0.022583696991205215,10.528886273503304,8.760148,0.0,0.8533245576531874,0.9108835420383696,,1.2481472781087872,0.42734994002559723
2021-06-04,Maqueda Bay,29.913846239447594,33.730582566931844,0.029908139258623123,-0.003662221133708954,10.528886273503304,8.488354,16.977668267058153,0.2792592049185468,0.8031993945088365,,0.8503616706267402,0.5077419585451367
2021-06-05,Maqueda Bay,29.947538673877716,33.52763447910547,0.01892147585749626,0.020142216235399246,10.528886273503304,3.8349087,14.85149906234624,0.33758097759358374,0.6036070091146387,0.5881339770646761,0.6915940557041821,0.5881339770646761
2021-06-06,Maqueda Bay,29.624530769884586,33.2102419808507,0.07385479286313057,-0.029908139258623123,10.528886273503304,2.4576774,11.040817382332,0.46788969691697135,0.46859878260411336,,0.6621975441959238,0.5716436686130477
2021-06-07,Maqueda Bay,29.28247931599617,32.14972377754748,0.024414807558059692,-0.010986663401126862,10.528886273503304,2.1609943,13.671459233156547,0.44676518280814465,0.5444940118228687,,0.704324397902385,0.5551533601614193
2021-06-08,Maqueda Bay,29.54396190494299,32.36487926915288,0.022583696991205215,0.03418073058128357,10.528886273503304,2.2644854,12.005903223509428,0.307230913191848,0.45341431190674925,,0.5477000750981943,0.5386630517097909
2021-06-09,Maqueda Bay,29.533707685768604,32.454908872023225,0.051881466060876846,-0.010986663401126862,10.528886273503304,1.0191032,14.524835882465226,0.6901025308795787,0.5137344760769391,,0.8603282019301977,0.5221727432581625
2021-06-10,Maqueda Bay,29.549089014530182,32.537308847531676,-0.0006103701889514923,0.04211554303765297,10.528886273503304,1.233658,13.27537090694117,-0.07254602146245961,0.9533789218532706,,0.9561350813897251,0.5056824348065341
2021-06-11,Maqueda Bay,29.595965445041656,32.49305700883269,0.007324442267417908,0.022583696991205215,10.528886273503304,3.8545163,43.28260953818232,-0.2794735119562496,0.7453395058667458,,0.7960128283456522,0.4891921263549057
2021-06-12,Maqueda Bay,29.447279267013073,32.67464214004576,-0.021973326802253723,0.04455702379345894,10.528886273503304,4.295218,12.582262784837761,-0.43788600581364884,0.8014257742436338,,0.9132510200976722,0.4727018179032773
2021-06-13,Maqueda Bay,29.80251471698284,32.93099761940539,0.0079348124563694,-0.005493331700563431,10.528886273503304,3.623086,25.164525569675522,0.08375488894334067,0.4401195334777478,,0.4480179518396352,0.4562115094516489
2021-06-14,Maqueda Bay,30.19876704365015,33.021027222275734,0.032959990203380585,-0.02136295661330223,10.528886273503304,11.559375,12.582262784837761,0.9052671239879495,0.8691972232683706,,1.254994971587878,0.43972120100002055
2021-06-15,Maqueda Bay,30.31376078724861,33.04696795530617,0.009765923023223877,0.006714072078466415,10.528886273503304,1.6845995,0.0,-0.008492725203262367,1.067553754243588,,1.06758753485649,0.42323089254839213
2021-06-16,Maqueda Bay,30.462446965277195,33.080538315698504,-0.006103701889514923,0.03906369209289551,10.528886273503304,3.840141,0.0,-0.7700369604777197,1.4280197233296057,,1.6224047740068226,0.4067405840967637
2021-06-17,Maqueda Bay,30.573778487741947,33.13241978175938,0.006714072078466415,0.012817773967981339,10.528886273503304,2.2483015,8.204221439801053,-0.5138315764817064,1.0029858107011795,,1.1269442867584796,0.39025027564513537
2021-06-18,Maqueda Bay,30.662404239177704,33.1598864402622,0.014648884534835815,0.006103701889514923,10.528886273503304,1.535829,0.0,0.40303215780023643,1.0987055133451862,,1.1702942900297446,0.37375996719350696
2021-06-19,Maqueda Bay,30.55912960320711,33.16599014215171,0.0634784996509552,-0.012817773967981339,10.528886273503304,6.6042495,0.0,1.9069738622615902,1.092248695474707,,2.1976252010101915,0.35726965874187855
2021-06-20,Maqueda Bay,30.560594491660595,33.17819754593074,0.027466658502817154,-0.0012207403779029846,10.528886273503304,6.6483026,20.817391458561158,1.7843529795162754,1.3118437680881416,,2.214689510378442,0.3407793502902502
2021-06-21,Maqueda Bay,30.539353609085083,33.17361976951361,0.029908139258623123,0.001831110566854477,10.986663937568665,2.457409,0.0,1.6554103139224245,1.0812157190374325,,1.9772229865481465,0.3242890418386218
2021-06-22,Maqueda Bay,30.602343812584877,33.16599014215171,0.019531846046447754,0.012817773967981339,10.528886273503304,1.9163872,1.3513645268805015,0.9929781920999329,1.0614382470801185,,1.453498139782286,0.3077987333869934
2021-06-23,Maqueda Bay,30.687307342886925,33.164464216679335,-0.006103701889514923,0.038453321903944016,10.528886273503304,1.8953327,6.280173747037779,-0.21566400848980136,1.1501174987369043,,1.1701629055215867,0.291308424935365
2021-06-24,Maqueda Bay,30.658009573817253,33.13547163270414,-0.0048829615116119385,0.03418073058128357,10.528886273503304,1.4095459,12.560347494075558,0.09252629436279766,0.6019176231764968,,0.6089876355386489,0.2748181164837366
2021-06-25,Maqueda Bay,30.720999777317047,33.14310126006603,-0.0238044373691082,0.009765923023223877,10.528886273503304,2.492792,6.280173747037779,-0.20072538009863192,0.2641449255642269,0.2583278080321082,0.33175777295652203,0.2583278080321082
2021-06-26,Maqueda Bay,30.72978910803795,33.18277532234788,-0.02929776906967163,0.012207403779029846,10.528886273503304,2.6339679,3.8855226072847566,-0.4708268780509968,0.27641076813556975,,0.5459678212464026,0.2567129964977896
2021-06-27,Maqueda Bay,30.64409313350916,33.246864192187786,-0.03784295171499252,0.03418073058128357,10.528886273503304,4.8913074,0.5244593591001543,-0.9292615775711802,0.6228179732755809,,1.1186730118248052,0.25509818496347103
2021-06-28,Maqueda Bay,30.645558021962643,33.36588637903333,-0.011597033590078354,0.03906369209289551,10.528886273503304,1.8770441,3.1864473317991564,-0.815802515681255,1.05843329232363,,1.3363438101367862,0.2534833734291524
2021-06-29,Maqueda Bay,30.886532172560692,33.405560441315174,0.0048829615116119385,-0.012207403779029846,10.528886273503304,4.8027472,1.8535320454845046,-0.23761597012603394,0.6637543378118943,,0.7050043760311298,0.2518685618948338
2021-06-30,Maqueda Bay,31.167058311402798,33.41319006867707,-0.02685628831386566,-0.003662221133708954,10.528886273503304,4.517526,0.0,-0.1540392139500317,0.36108437945590616,0.2502537503605152,0.39256847621962776,0.2502537503605152
2021-07-01,Maqueda Bay,31.12237921357155,33.344523422420025,-0.02685628831386566,-0.017700735479593277,10.528886273503304,3.1336834,9.80782758328955,-0.038250113241556055,-0.12643580716118094,,0.1320949828551077,0.25378365049951906
2021-07-02,Maqueda Bay,30.83672596514225,33.32621231675148,-0.031128879636526108,-0.036011841148138046,10.528886273503304,3.6475658,17.147815619379326,-0.050171008905045215,-0.6602251979346233,,0.6621287202065491,0.2573135506385229
2021-07-03,Maqueda Bay,30.65654468536377,33.320108614861965,0.0006103701889514923,-0.010986663401126862,10.528886273503304,2.7466393,3.071913131737306,0.8747220878683221,0.7243798869301722,,1.1357222158581233,0.26084345077752674
2021-07-04,Maqueda Bay,30.647022910416126,33.3033234346658,0.03357036039233208,0.03662221133708954,10.528886273503304,1.046762,17.991388713526103,0.96026001054387,1.7065732253998918,,1.9581857576597537,0.2643733509165306
2021-07-05,Maqueda Bay,30.495406955480576,33.32621231675148,0.017090365290641785,0.025635547935962677,10.528886273503304,1.0047432,22.0828436369537,-0.36970914022243984,1.7590589918247717,,1.7974908581363072,0.2679032510555344
2021-07-06,Maqueda Bay,30.527634501457214,33.30637528561056,-0.025635547935962677,0.0030518509447574615,10.528886273503304,1.0018157,12.37712710683796,-0.9014608237690144,-0.015991033251750622,,0.9016026452571935,0.27143315119453826
2021-07-07,Maqueda Bay,30.467574074864388,33.3536789752543,-0.08056886494159698,0.006714072078466415,10.528886273503304,1.7009662,11.024634216238276,-1.8497818595871527,-0.5004780768510451,,1.9162910095980268,0.27496305133354215
2021-07-08,Maqueda Bay,30.520310059189796,33.501693746075034,-0.06836146116256714,0.03234962001442909,10.528886273503304,1.0922511,15.184458669612667,-2.3933655504168097,0.07435222450573266,,2.3945201839222214,0.278492951472546
2021-07-09,Maqueda Bay,30.45585496723652,33.70921961031854,-0.059816278517246246,0.02624591812491417,10.528886273503304,1.9009479,12.117411890337543,-2.2337982214917194,0.15359382741267244,,2.23907247720096,0.28202285161154983
2021-07-10,Maqueda Bay,30.315225675702095,33.80840476602316,-0.04150517284870148,-0.0006103701889514923,10.528886273503304,2.235085,1.3524928905996858,-1.9457970746423088,0.16905390447490978,,1.9531271024448917,0.28555275175055367
2021-07-11,Maqueda Bay,30.37089143693447,33.84350105188787,-0.06286812946200371,0.009155552834272385,10.528886273503304,1.1487318,9.033566530582176,-2.040450343979765,0.14065027201809366,,2.045292180903722,0.2890826518895575
2021-07-12,Maqueda Bay,30.304239012300968,33.87096771039069,-0.05310220643877983,0.006103701889514923,10.528886273503304,1.8513851,0.0,-1.612398629230152,-0.06700025704068341,,1.6137900650291508,0.29261255202856135
2021-07-13,Maqueda Bay,30.30863367766142,33.7839899584651,-0.0317392498254776,-0.017090365290641785,10.528886273503304,1.8627809,17.46791659412296,-0.433351995344269,0.0037961706044545985,,0.43336862228375217,0.2961424521675652
2021-07-14,Maqueda Bay,30.433149196207523,33.77941218204796,-0.03723258152604103,-0.0030518509447574615,10.528886273503304,1.3008051,18.067133061164352,-0.1253441695276334,0.5837686694048029,,0.5970737142206364,0.299672352306569
2021-07-15,Maqueda Bay,30.38700520992279,33.67870110087097,0.06103701889514923,-0.04211554303765297,10.528886273503304,1.1658466,17.688992384575112,1.3850289943279572,0.6461760668099015,0.30320225244557286,1.5283483976001764,0.30320225244557286
2021-07-16,Maqueda Bay,30.245643474161625,33.477278938516974,0.05371257662773132,-0.03662221133708954,10.528886273503304,1.5859734,7.039022086769022,2.1523099890861013,0.8144932005068458,,2.3012686637573845,0.2739441864035818
2021-07-17,Maqueda Bay,30.258095026016235,33.47422708757222,0.05615405738353729,0.020142216235399246,11.139256492257118,1.1648281,1.9541406268897692,1.865332986632132,1.7913287293677238,,2.586179763217579,0.2446861203615908
2021-07-18,Maqueda Bay,30.238319031894207,33.46049375832081,0.04577776417136192,0.015259254723787308,11.444441601634026,0.6670875,8.19816851579282,1.7946568560089555,1.8415399579440843,,2.5713931335998876,0.21542805431959977
2021-07-19,Maqueda Bay,30.250038139522076,33.45896783284843,0.043336283415555954,0.02868739888072014,11.59703415632248,0.7797882,6.163220255422518,2.3573605222765797,2.233202834511971,,3.247205495816427,0.18616998827760872
2021-07-20,Maqueda Bay,30.21927548199892,33.49101226776838,0.043336283415555954,0.012817773967981339,15.411848023533821,1.1854173,5.465445511901433,3.692865128718738,2.446708400449717,,4.429857204892509,0.1569119222356177
2021-07-21,Maqueda Bay,30.20242926478386,33.526108553633094,0.043336283415555954,0.016479995101690292,19.226661890745163,1.2343776,3.078633085740143,4.717755675140212,2.6217338551635114,,5.3972870053044435,0.12765385619362668
2021-07-22,Maqueda Bay,30.09695729613304,33.53373818099499,0.038453321903944016,0.025635547935962677,19.53184700012207,1.5674216,0.0,5.076685943828342,3.4302685015679595,,6.126947214160863,0.09839579015163563
2021-07-23,Maqueda Bay,29.94973600655794,33.54441965930164,0.030518509447574615,0.03723258152604103,19.53184700012207,3.2503588,9.633135159810383,4.541602216528397,3.465197283368011,,5.712595111316459,0.06913772410964461
2021-07-24,Maqueda Bay,29.926297791302204,33.559678914025426,0.035401470959186554,0.03723258152604103,17.39555123448372,3.0158732,0.0,4.064218729082505,3.1097713381636374,,5.117475124852985,0.03987965806765359
2021-07-25,Maqueda Bay,29.968779556453228,33.573412243276834,0.039674062281847,0.02624591812491417,15.869625687599182,1.6293373,0.0,3.6897204916966024,2.1752979176852163,0.01062159202566252,4.2832182220301895,0.01062159202566252
2021-07-26,Maqueda Bay,30.036164425313473,33.58867149800062,0.03906369209289551,0.031128879636526108,15.106662914156914,1.8224277,0.0,3.2640048345578543,2.4110993676400168,,4.057970887112318,0.01791073156317463
2021-07-27,Maqueda Bay,29.975371554493904,33.597827050834894,0.032959990203380585,0.03662221133708954,17.39555123448372,1.8250929,0.0,3.5437012438626567,3.029707782922196,,4.66228996906596,0.025199871100686742
2021-07-28,Maqueda Bay,29.98123110830784,33.60545667819679,0.02868739888072014,0.03784295171499252,16.479995906352997,2.035566,2.172521408069335,2.501463678976745,2.4698533376274128,,3.515323035885769,0.032489010638198854
2021-07-29,Maqueda Bay,30.180455937981606,33.622241858392954,0.038453321903944016,0.03479110077023506,13.122959703207016,2.0398264,0.0,2.2330692433505646,1.6215800859754381,,2.7597319110432394,0.039778150175710965
2021-07-30,Maqueda Bay,30.307901233434677,33.632923336699605,0.043336283415555954,0.017090365290641785,12.970367148518562,1.0193585,0.0,2.469152459424869,1.3862168732162887,,2.8316622481280187,0.047067289713223076
2021-07-31,Maqueda Bay,30.360637217760086,33.6405529640615,0.04211554303765297,0.017700735479593277,13.885922476649284,0.74319935,1.4426999729349865,2.9339534435685124,1.6944706914755374,,3.388113595099361,0.05435642925073519
2021-08-01,Maqueda Bay,30.41190831363201,33.64970851689577,0.04272591322660446,0.017090365290641785,14.191107586026192,1.5999956,0.0,3.4623053915090174,1.8379903402131768,,3.919919274014372,0.0616455687882473
2021-08-02,Maqueda Bay,30.397991873323917,33.65886406973004,0.040894802659749985,0.014038514345884323,15.564440578222275,1.4304638,0.0,3.5290690526580724,2.169093122412582,,4.1423777413614165,0.0689347083257594
2021-08-03,Maqueda Bay,30.359904773533344,33.66496777161956,0.028077028691768646,0.02624591812491417,16.937773570418358,1.4265207,12.716731258984169,2.944983347140782,2.4570821330591377,,3.8353851858105417,0.07622384786327152
2021-08-04,Maqueda Bay,30.402386538684368,33.67412332445383,0.025635547935962677,0.038453321903944016,15.564440578222275,1.5260819,0.0,1.7489600312908424,2.3647139995773396,,2.941212928512644,0.08351298740078364
2021-08-05,Maqueda Bay,30.50566117465496,33.68633072823286,0.030518509447574615,0.04211554303765297,14.496292695403099,2.1726854,0.0,1.928527046220043,2.0083667974575814,,2.7843767275877425,0.09080212693829573
2021-08-06,Maqueda Bay,30.608935810625553,33.69548628106713,0.029908139258623123,0.032959990203380585,13.73332992196083,2.1341188,0.0,1.8467477167002622,1.5459441375694587,,2.408406196143626,0.09809126647580785
2021-08-07,Maqueda Bay,30.739310882985592,33.704641833901405,0.031128879636526108,0.02075258642435074,12.970367148518562,1.2853609,2.545876505920597,1.1896968097031744,1.0706982438315422,,1.6005540379386944,0.10538040601331997
2021-08-08,Maqueda Bay,30.839655742049217,33.68480480276048,0.021973326802253723,0.02075258642435074,13.428144812583923,0.8397953,16.17594882420131,0.7258406527442591,0.7010903728396041,,1.0091443722602764,0.11266954555083208
2021-08-09,Maqueda Bay,30.45585496723652,33.60698260366917,0.012817773967981339,0.003662221133708954,16.17481079697609,0.83622557,45.98197038126065,1.4089446782822594,0.46534656367712124,,1.4838034003148817,0.11995868508834417
2021-08-10,Maqueda Bay,30.519577614963055,33.631397411227226,0.0024414807558059692,0.010986663401126862,16.479995906352997,1.5760955,3.547176844513361,0.7014192315060224,1.2783460417910386,,1.458134952907074,0.1272478246258563
2021-08-11,Maqueda Bay,30.866756178438663,33.63750111311674,-0.009155552834272385,0.022583696991205215,12.207404375076294,2.2865822,5.357065009631319,-0.47658662732247653,0.6756753110566757,,0.8268445678083327,0.1345369641633684
2021-08-12,Maqueda Bay,30.860164180397987,33.63902703858912,-0.0555436871945858,0.011597033590078354,12.970367148518562,1.4231987,0.0,-1.42019116093509,-0.4492290172935762,,1.4895467913351064,0.14182610370088053
2021-08-13,Maqueda Bay,30.774468205869198,33.61461223103106,-0.04699850454926491,-0.0024414807558059692,11.444441601634026,1.0910711,10.714130019262639,-0.747135823861712,-0.21689815936304202,,0.7779824874845157,0.14911524323839262
2021-08-14,Maqueda Bay,30.630909137427807,33.63902703858912,0.0048829615116119385,0.0048829615116119385,11.749626711010933,1.4846932,11.769929011296567,0.31105845344454397,0.5060050484275624,,0.5939684086662281,0.15640438277590474
2021-08-15,Maqueda Bay,30.740043327212334,33.6405529640615,-0.03723258152604103,0.02075258642435074,12.512589484453201,7.289646,0.0,-0.9526076813505091,0.4811601084024203,,1.0672283937779308,0.16369352231341686
2021-08-16,Maqueda Bay,30.753227323293686,33.65428629331291,-0.05249183624982834,-0.0012207403779029846,11.902219265699387,5.8026004,14.700480559271416,-1.7043319898006748,-0.6762889436511892,,1.833606900827647,0.17098266185092895
2021-08-17,Maqueda Bay,30.54594560712576,33.634449262171984,-0.03357036039233208,0.0158696249127388,11.139256492257118,5.8026595,22.050720730501748,-1.0615563663403549,0.2776410854904476,,1.097263182317739,0.17827180138844106
2021-08-18,Maqueda Bay,30.658742018043995,33.64970851689577,0.009765923023223877,-0.009765923023223877,10.528886273503304,2.5719361,0.0,-0.012128068140733137,0.42307215467624004,,0.4232459546164885,0.18556094092595318
2021-08-19,Maqueda Bay,30.78398998081684,33.64970851689577,0.0024414807558059692,-0.0079348124563694,10.528886273503304,2.5821807,7.350240279635708,0.11647910405945565,0.27147632486679973,0.1928500804634653,0.2954095066948213,0.1928500804634653
2021-08-20,Maqueda Bay,30.662404239177704,33.60545667819679,-0.007324442267417908,-0.0024414807558059692,10.528886273503304,1.6988014,14.700480559271416,0.12876773580434198,0.18200875456798216,,0.22295361966912486,0.2085687623743127
2021-08-21,Maqueda Bay,30.78691975772381,33.622241858392954,-0.007324442267417908,0.030518509447574615,10.528886273503304,2.2130902,0.0,-0.19493762969592393,0.9346112844747548,,0.9547245322809172,0.22428744428516012
2021-08-22,Maqueda Bay,30.62871180474758,33.60698260366917,-0.014648884534835815,0.036011841148138046,10.528886273503304,3.2989337,8.321387941386842,-0.8032918997960984,0.9082099521672203,,1.2124863683743456,0.24000612619600753
2021-08-23,Maqueda Bay,30.694631785154343,33.585619647055864,0.003662221133708954,-0.001831110566854477,10.528886273503304,3.0806541,13.54865924114456,-0.242914557781239,0.10798559667949813,,0.2658352336923797,0.25572480810685494
2021-08-24,Maqueda Bay,30.446333192288876,33.571886317804456,-0.015259254723787308,-0.020142216235399246,10.528886273503304,6.174216,6.77432962057228,0.17541312328288036,-0.47423306261886483,,0.505635008183495,0.27144349001770235
2021-08-25,Maqueda Bay,30.429486975073814,33.55510113760829,-0.06286812946200371,0.0030518509447574615,10.528886273503304,6.368889,23.226272837906933,-1.1001117141638892,-0.5117903575731839,,1.213332252000868,0.28716217192854976
2021-08-26,Maqueda Bay,30.266151912510395,33.610034454613924,-0.04516739398241043,0.02136295661330223,10.528886273503304,5.744217,0.0,-1.8495606815113743,0.04028189421429679,,1.849999282592918,0.30288085383939717
2021-08-27,Maqueda Bay,30.393597207963467,33.631397411227226,-0.03906369209289551,0.025635547935962677,10.528886273503304,5.7441993,0.0,-1.6688473945867581,0.29522177534796257,,1.6947588392035646,0.3185995357502446
2021-08-28,Maqueda Bay,30.24417858570814,33.70769368484616,-0.020142216235399246,0.021973326802253723,10.528886273503304,1.5656062,33.63538211758053,-1.3582002178660382,0.6999604436095498,,1.5279569543771288,0.334318217661092
2021-08-29,Maqueda Bay,30.315958119928837,33.71990108862519,-0.01831110566854477,0.017090365290641785,10.528886273503304,1.5539656,0.0,-0.4750602518527209,0.7889469671476375,0.3500368995719394,0.9209340692263621,0.3500368995719394
2021-08-30,Maqueda Bay,30.380413211882114,33.70006405748427,-0.051881466060876846,0.003662221133708954,10.528886273503304,1.6472718,22.423587758054015,-1.120993460601492,-0.08739290235535187,,1.1243948853020458,0.41998191439183685
2021-08-31,Maqueda Bay,30.428754530847073,33.7549973744899,-0.04455702379345894,-0.007324442267417908,10.528886273503304,0.858435,0.0,-1.217876205392453,-0.056447671436066396,,1.2191836577282662,0.4899269292117343
2021-09-01,Maqueda Bay,30.425824753940105,33.776360331103206,-0.03906369209289551,-0.025635547935962677,10.528886273503304,1.0117193,12.660521757767496,0.01146485796594085,0.067039022137083,,0.06801230371980868,0.5598719440316318
2021-09-02,Maqueda Bay,30.711478002369404,33.777886256575584,0.01037629321217537,-0.02685628831386566,10.528886273503304,3.6878376,6.95021971835885,0.5737378155983834,0.49116088790606033,,0.7552576374034718,0.6298169588515292
2021-09-03,Maqueda Bay,30.699758894741535,33.7626270018518,0.02624591812491417,-0.025635547935962677,10.528886273503304,4.1750293,16.945991899926906,0.8296222260894652,0.35315120662000454,0.6997619736714267,0.9016589226302842,0.6997619736714267
2021-09-04,Maqueda Bay,30.768608652055264,33.729056641459465,0.023194067180156708,-0.025635547935962677,10.528886273503304,2.0447042,0.0,1.1145429264238518,0.106545406040199,,1.119623980803249,0.6458425460286272
2021-09-05,Maqueda Bay,30.83599352091551,33.68785665370524,-0.005493331700563431,-0.040894802659749985,10.528886273503304,1.9350715,21.472849867860294,0.579106161927577,-0.5212747400260683,,0.7791606390031096,0.5919231183858277
2021-09-06,Maqueda Bay,30.544480718672276,33.55052336119115,-0.05066072568297386,-0.04943998530507088,10.528886273503304,2.0864222,52.517248549219644,0.4088390680663537,-0.5369018131976198,,0.6748429006755989,0.5380036907430282
2021-09-07,Maqueda Bay,30.196569710969925,33.50474559701979,0.02929776906967163,0.06103701889514923,10.528886273503304,3.0896091,40.27973421158329,0.013899303247338726,2.3909138785215998,,2.390954279181842,0.4840842631002288
2021-09-08,Maqueda Bay,30.2434461414814,33.62681963481009,0.05066072568297386,0.014648884534835815,11.139256492257118,3.1631386,0.0,1.7448619082443408,1.7739289838360048,,2.4882457914232514,0.4301648354574293
2021-09-09,Maqueda Bay,30.24417858570814,33.62987148575485,0.03906369209289551,0.028077028691768646,11.902219265699387,2.413624,0.0,2.47032370767828,2.247760660224365,,3.3398992808720505,0.3762454078146298
2021-09-10,Maqueda Bay,30.315958119928837,33.7122714612633,0.0238044373691082,0.031128879636526108,19.53184700012207,2.398259,0.0,1.6999932775202353,2.565585440753283,,3.0776948837432228,0.32232598017183034
2021-09-11,Maqueda Bay,30.47196874022484,33.72447886504233,-0.0030518509447574615,0.046388134360313416,14.191107586026192,1.8575935,8.300715280934229,-0.3727656527331907,1.524641126701652,,1.5695492337253025,0.26840655252903084
2021-09-12,Maqueda Bay,30.532029166817665,33.67412332445383,-0.001831110566854477,0.03357036039233208,12.05481182038784,2.0737457,2.4872913140855073,-0.6863030692313138,0.9971802942095924,,1.210528992629359,0.21448712488623134
2021-09-13,Maqueda Bay,30.473433628678322,33.70311590842903,-0.03479110077023506,0.04028443247079849,13.122959703207016,2.7768948,0.0,-1.729068759130024,0.8682352242577339,0.1605676972434319,1.9348155411928338,0.1605676972434319
2021-09-14,Maqueda Bay,30.397991873323917,33.716849237680435,-0.025025177747011185,0.020142216235399246,12.359996929764748,2.6301763,5.9537453973714465,-1.1696217947774743,0.3679201076809786,,1.2261241162518837,0.15034984129077172
2021-09-15,Maqueda Bay,30.575975820422173,33.729056641459465,-0.051271095871925354,-0.0012207403779029846,11.444441601634026,2.5353634,5.9537453973714465,-1.3995218695284195,-0.4008219509347421,,1.4557883430085072,0.14013198533811155
2021-09-16,Maqueda Bay,30.311563454568386,33.62376778386533,-0.05310220643877983,-0.0024414807558059692,10.528886273503304,1.6937952,21.776599347866075,-0.9766094759452859,-0.35506809561698194,,1.0391532230769418,0.12991412938545138
2021-09-17,Maqueda Bay,30.446333192288876,33.634449262171984,-0.011597033590078354,0.025635547935962677,10.528886273503304,1.6835743,0.0,-0.7275271077930529,0.006037633191778533,,0.7275521600464689,0.11969627343279124
2021-09-18,Maqueda Bay,30.50126650929451,33.61308630555868,-0.04943998530507088,-0.020142216235399246,10.528886273503304,1.203658,19.956515357607884,-0.6745926244018652,-0.2574578622267601,,0.7220524632738049,0.10947841748013107
2021-09-19,Maqueda Bay,30.318887896835804,33.58714557252824,0.001831110566854477,0.006103701889514923,10.528886273503304,1.2369547,10.959318831219651,-0.1565826757146322,0.5020212045294701,,0.5258739622106934,0.0992605615274709
2021-09-20,Maqueda Bay,30.154820390045643,33.590197423473,-0.02929776906967163,0.03234962001442909,10.528886273503304,0.69191194,23.426045879240956,-1.2850717155217017,0.7879913026994958,,1.5074281432837646,0.08904270557481074
2021-09-21,Maqueda Bay,30.417767867445946,33.67259739898145,0.0012207403779029846,0.03479110077023506,10.528886273503304,0.75642824,9.374912061266452,-1.0436720483686521,1.3536902674874198,,1.7093064923635493,0.07882484962215057
2021-09-22,Maqueda Bay,30.203894153237343,33.622241858392954,-0.0238044373691082,0.023194067180156708,10.528886273503304,1.5466876,16.40609523960705,-1.1047611035525657,0.523597792299321,,1.2225595053098257,0.0686069936694904
2021-09-23,Maqueda Bay,30.37894832342863,33.67259739898145,-0.031128879636526108,-0.03662221133708954,10.528886273503304,1.7709602,8.203047619803526,-0.2867373667862577,-0.9996308581055962,0.05838913771683025,1.0399423878217713,0.05838913771683025
2021-09-24,Maqueda Bay,30.266151912510395,33.70769368484616,-0.06408886983990669,-0.03418073058128357,10.83407138288021,0.7998581,5.8011186522089755,-1.229948568611638,-1.450654389892564,,1.9018863373883266,0.08292576922221895
2021-09-25,Maqueda Bay,30.638233579695225,33.72600479051471,-0.02929776906967163,-0.01037629321217537,10.528886273503304,3.0891588,0.0,-0.28668742183653745,-0.014719233333990172,,0.28706503386727755,0.10746240072760763
2021-09-26,Maqueda Bay,30.63676869124174,33.62529370933771,0.004272591322660446,-0.03723258152604103,10.528886273503304,2.9208062,0.0,0.46460161738204897,0.1317543047133533,,0.48292220872984815,0.13199903223299633
2021-09-27,Maqueda Bay,30.503463841974735,33.62681963481009,0.04211554303765297,-0.030518509447574615,10.528886273503304,2.3715813,8.614584830499464,2.2262051878609954,0.22206033552961668,,2.237252853629812,0.156535663738385
2021-09-28,Maqueda Bay,30.45585496723652,33.59324927441776,0.028077028691768646,-0.027466658502817154,10.83407138288021,0.72514373,3.9657694908880416,2.443341164717015,0.34011110567146735,,2.466899189549862,0.18107229524377372
2021-09-29,Maqueda Bay,30.536423832178116,33.59172334894538,0.021973326802253723,0.0024414807558059692,10.986663937568665,0.41827282,10.118250534831104,1.4374936998910568,0.6336346294257589,,1.5709490700955262,0.2056089267491624
2021-09-30,Maqueda Bay,30.592822037637234,33.57646409422159,0.031128879636526108,0.0030518509447574615,10.83407138288021,0.45450816,3.9657694908880416,1.1200012391648244,0.418833892172215,,1.1957527357120572,0.23014555825455107
2021-10-01,Maqueda Bay,30.696829117834568,33.584093721583486,0.0030518509447574615,0.0,10.528886273503304,1.1637161,5.806874083300706,0.3374417270512101,0.021055448167410274,,0.33809799031173476,0.2546821897599398
2021-10-02,Maqueda Bay,30.67339090257883,33.54441965930164,-0.025635547935962677,0.0024414807558059692,10.528886273503304,1.8753662,18.3181829115579,-0.5057370266811142,-0.2603455482663636,,0.5688143323250281,0.2792188212653285
2021-10-03,Maqueda Bay,30.47709584981203,33.57493816874921,-0.06530961021780968,0.003662221133708954,10.528886273503304,1.9193865,59.75222141365485,-2.2876457318310615,-1.139478124148665,,2.5557256092503815,0.3037554527707172
2021-10-04,Maqueda Bay,30.306436344981194,33.66649369709194,-0.06591998040676117,0.03723258152604103,10.528886273503304,1.9196854,67.80381560435492,-2.4250541835310613,-0.028282952568069772,,2.425219107311228,0.32829208427610584
2021-10-05,Maqueda Bay,30.15701772272587,33.716849237680435,0.05615405738353729,-0.008545182645320892,10.528886273503304,1.9329439,32.75906888900264,1.0601439979170155,0.6132818577606552,,1.2247530091319774,0.35282871578149455
2021-10-06,Maqueda Bay,30.00247199088335,33.67870110087097,0.006714072078466415,-0.030518509447574615,10.681478828191757,3.1058033,5.844735335278254,1.8979283834036065,-0.4168109005032301,,1.9431581189669924,0.37736534728688326
2021-10-07,Maqueda Bay,30.02224798500538,33.67870110087097,0.008545182645320892,-0.03723258152604103,11.291849046945572,3.1396415,11.689470670556508,2.7945765164870466,-1.3816111706341663,,3.1174520579027334,0.4019019787922719
2021-10-08,Maqueda Bay,29.664082758128643,33.50627152249217,0.031128879636526108,-0.05310220643877983,12.665182039141655,3.7332432,40.913148244222,4.605340710332656,-1.1679745045808605,,4.751139600306246,0.4264386102976606
2021-10-09,Maqueda Bay,29.440687268972397,33.500167820602655,0.027466658502817154,-0.05371257662773132,19.53184700012207,2.3316114,42.32545477637131,5.55965155889344,-1.3241975205590175,,5.715174934309614,0.4509752418030493
2021-10-10,Maqueda Bay,29.154301576316357,33.39945673942566,0.02868739888072014,-0.0048829615116119385,19.53184700012207,1.4673241,17.534205977268478,5.080287472888022,1.5524139691139585,,5.312185043716298,0.475511873308438
2021-10-11,Maqueda Bay,29.140385136008263,33.39487896300852,0.02868739888072014,0.08117923513054848,16.63258846104145,2.2592747,0.0,2.763703122615112,3.8740410432109726,,4.758807513908887,0.5000485048138268
2021-10-12,Maqueda Bay,29.133793137967587,33.41166414320469,0.014648884534835815,0.08178960531949997,17.09036612510681,2.32775,0.0,0.5078715054502189,2.553326433739613,,2.603345797868912,0.5245851363192154
2021-10-13,Maqueda Bay,29.326425969600677,33.42234562151134,0.015259254723787308,0.059816278517246246,12.817774593830109,3.4262726,0.0,0.027507002832234832,1.0828257208844367,,1.0831750444936001,0.5491217678246041
2021-10-14,Maqueda Bay,29.37696462124586,33.40098266489804,0.02136295661330223,-0.006714072078466415,10.681478828191757,3.289626,20.692957167618104,0.8681232569561674,-0.26009020338682143,,0.9062477051921191,0.5736583993299929
2021-10-15,Maqueda Bay,29.344737075269222,33.29416788183153,0.012817773967981339,0.015259254723787308,10.528886273503304,1.7100111,10.06190900245936,0.7189583413579035,0.18952478083517904,,0.7435191585687152,0.5981950308353815
2021-10-16,Maqueda Bay,29.40992461144924,33.33994564600289,-0.012817773967981339,0.038453321903944016,10.528886273503304,1.7651392,0.0,-0.5900551347279648,0.780203921135815,,0.9782040792056317,0.6227316623407703
2021-10-17,Maqueda Bay,29.56007567793131,33.39793081395328,-0.040894802659749985,0.02868739888072014,10.528886273503304,4.396736,7.269189685171099,-1.4051483482456826,-0.26365090142055164,,1.4296690800312637,0.6472682938461589
2021-10-18,Maqueda Bay,29.644306764006615,33.48338264040649,-0.05310220643877983,-0.0012207403779029846,11.139256492257118,4.460184,0.0,-1.8206949913892212,-0.9720765614636588,0.6718049253515476,2.063943577963508,0.6718049253515476
2021-10-19,Maqueda Bay,29.680928975343704,33.52916040457785,-0.06164738908410072,0.005493331700563431,10.83407138288021,3.5643482,13.258049720260221,-1.7737293079112044,-0.42259017492683654,,1.8233754724926665,0.6653758361690528
2021-10-20,Maqueda Bay,29.767357394099236,33.524582628160715,-0.03234962001442909,-0.0158696249127388,10.528886273503304,3.556736,2.1869251819616453,-0.9468369774168263,-0.2535066619476574,,0.9801866605171055,0.658946746986558
2021-10-21,Maqueda Bay,29.65822320431471,33.53068633005023,-0.056764427572488785,-0.0238044373691082,10.528886273503304,1.4066757,9.066593987601143,-1.0124932954631045,-1.3708315333122436,,1.7042070784036,0.6525176578040632
2021-10-22,Maqueda Bay,29.627460546791553,33.57493816874921,-0.07507553324103355,-0.009155552834272385,11.139256492257118,1.3868443,37.30188147080476,-2.58566772117645,-1.5367963427280227,,3.007893043869087,0.6460885686215685
2021-10-23,Maqueda Bay,29.513931691646576,33.634449262171984,-0.04516739398241043,0.02624591812491417,12.05481182038784,1.3569356,18.133187975202286,-2.131698394164901,0.38578866436869796,,2.1663265998552945,0.6396594794390738
2021-10-24,Maqueda Bay,29.406994834542274,33.573412243276834,-0.005493331700563431,0.010986663401126862,11.139256492257118,3.3960283,18.133187975202286,-0.9847778236867349,0.19240813099661072,,1.0033983510544509,0.6332303902565789
2021-10-25,Maqueda Bay,29.582781448960304,33.620715932920575,-0.020142216235399246,-0.025635547935962677,11.291849046945572,4.6187477,18.133187975202286,-0.8719951725189855,-0.8051872080474649,,1.1868875350679553,0.6268013010740842
2021-10-26,Maqueda Bay,29.660420536994934,33.680227026343346,-0.04455702379345894,-0.0158696249127388,13.428144812583923,3.8599873,0.0,-1.6381582389623144,-1.3743771205450503,,2.1383346055652317,0.6203722118915894
2021-10-27,Maqueda Bay,29.659688092768192,33.71990108862519,-0.04577776417136192,-0.01037629321217537,14.95407035946846,3.3991783,3.2473634384377945,-1.7452511524216434,-1.1532099571517707,,2.091840048928948,0.6139431227090947
2021-10-28,Maqueda Bay,29.63478498905897,33.730582566931844,-0.03784295171499252,0.004272591322660446,14.801477804780006,1.7492547,0.0,-1.9834257186600834,-0.7969204499366722,,2.137535914311041,0.6075140335265998
2021-10-29,Maqueda Bay,29.563737899065018,33.741264045238495,-0.038453321903944016,-0.01037629321217537,16.022218242287636,0.9053958,10.144126506811277,-2.0419386701898405,-1.425009468265717,,2.4900131560824326,0.6010849443441051
2021-10-30,Maqueda Bay,29.58058411628008,33.765678852796555,-0.05005035549402237,-0.009765923023223877,15.411848023533821,0.7179095,6.852674567021898,-2.6334379350302726,-1.8252528732249649,,3.2041447234593656,0.5946558551616103
2021-10-31,Maqueda Bay,29.550553902983665,33.790093660354614,-0.051271095871925354,-0.0012207403779029846,15.717033132910728,0.7600527,11.644430498923024,-2.6270107250425476,-1.6009528104321,,3.0763997221945996,0.5882267659791156
2021-11-01,Maqueda Bay,29.530045464634895,33.81145661696792,-0.04272591322660446,-0.017090365290641785,15.564440578222275,1.8591942,4.673370625016876,-2.4739145183460547,-1.8344806241810787,,3.0798656146947696,0.5817976767966208
2021-11-02,Maqueda Bay,29.415051721036434,33.81908624432981,-0.03784295171499252,-0.009765923023223877,16.937773570418358,1.8087941,54.86455940211423,-2.5581185471561643,-1.815870538612322,,3.1370936094264974,0.575368587614126
2021-11-03,Maqueda Bay,29.35572373867035,33.82976772263646,-0.032959990203380585,-0.006103701889514923,17.85332889854908,1.8706913,40.114310479933216,-2.0673787651939697,-1.4925185579785034,,2.5498365839177173,0.5689394984316313
2021-11-04,Maqueda Bay,29.44581437855959,33.83129364810884,-0.025635547935962677,-0.007324442267417908,13.428144812583923,2.972687,30.08573246734666,-1.4627214888116882,-0.25080154615776434,,1.4840672388361003,0.5625104092491364
2021-11-05,Maqueda Bay,29.39747305959463,33.861812157556415,-0.010986663401126862,0.02075258642435074,15.717033132910728,3.0118046,0.0,-1.7604041455703487,0.03921840388961597,,1.760840946520985,0.5560813200666417
2021-11-06,Maqueda Bay,29.530045464634895,33.860286232084036,-0.02685628831386566,-0.017700735479593277,12.817774593830109,5.8504643,22.58491557717506,-2.297429713534888,-1.2171693574297284,,2.599939332618916,0.5496522308841469
2021-11-07,Maqueda Bay,29.336680188775063,33.85265660472214,-0.03479110077023506,0.019531846046447754,16.327403351664543,3.1353664,1.6556854438488748,-2.7281635575833323,-0.24062041696961148,,2.7387542025505636,0.5432231417016522
2021-11-08,Maqueda Bay,29.592303223907948,33.88775289058685,-0.036011841148138046,-0.004272591322660446,13.580737367272377,4.1706467,0.0,-2.433010771203498,-1.0765199217006731,,2.660533133529944,0.5367940525191575
2021-11-09,Maqueda Bay,29.420178830623627,33.9060639962554,-0.04516739398241043,0.006103701889514923,16.327403351664543,3.880387,14.42049574229391,-3.0092040626934895,-0.8997690891930404,,3.1408428016693666,0.5303649633366626
2021-11-10,Maqueda Bay,29.435560159385204,33.92590102739632,-0.04150517284870148,0.0030518509447574615,15.717033132910728,3.6836154,35.99370034096244,-2.9826037633801405,-1.0310939353001194,,3.155800993843253,0.5239358741541679
2021-11-11,Maqueda Bay,29.44581437855959,33.95031583495438,-0.038453321903944016,0.0048829615116119385,15.717033132910728,2.453675,12.24334034721972,-2.8988042855416793,-0.7308000080252833,,2.989504129049592,0.517506784971673
2021-11-12,Maqueda Bay,29.453138820827007,33.970152866095304,-0.031128879636526108,0.006103701889514923,15.717033132910728,2.8549128,24.48668069443944,-2.718919727438285,-0.7142703863791594,,2.8111753181029657,0.5110776957891783
2021-11-13,Maqueda Bay,29.456801041960716,33.98388619534671,-0.021973326802253723,0.0,15.717033132910728,2.6755126,24.48668069443944,-1.9918731707612176,-0.4498587100262358,,2.0420410346966134,0.5046486066066835
2021-11-14,Maqueda Bay,29.59303566813469,33.99609359912574,-0.024414807558059692,-0.017700735479593277,14.343700140714645,2.767662,15.41734117077243,-1.6132662852145807,-0.9870896649093134,,1.8912890084756568,0.4982195174241888
2021-11-15,Maqueda Bay,29.42091127485037,33.99761952459812,-0.030518509447574615,-0.0048829615116119385,16.63258846104145,1.797342,33.55601897583945,-2.3014551415865507,-1.005990282932296,,2.5117149953944558,0.491790428241694
2021-11-16,Maqueda Bay,29.496353030204773,34.01135285384953,-0.040894802659749985,0.006103701889514923,14.95407035946846,1.196343,0.0,-3.075733202108785,-0.6236174327370856,,3.1383169745849373,0.4853613390591992
2021-11-17,Maqueda Bay,29.521988578140736,34.02661210857332,-0.028077028691768646,0.008545182645320892,14.95407035946846,3.1598022,0.0,-1.6284597352101502,-0.5804511032095847,0.47893224987670446,1.7288159509959227,0.47893224987670446
2021-11-18,Maqueda Bay,29.6142765507102,34.03576766140759,0.004272591322660446,-0.0317392498254776,14.648885250091553,2.160452,0.0,0.5262487933139309,-0.5847975194663617,,0.786718457415598,0.4369848205026536
2021-11-19,Maqueda Bay,29.541032128036022,34.03729358687997,0.012207403779029846,-0.015259254723787308,15.717033132910728,2.3655257,0.0,0.6109670401024844,0.015155144698709285,,0.6111549742106576,0.39503739112860264
2021-11-20,Maqueda Bay,29.742454290390015,34.02661210857332,-0.022583696991205215,0.019531846046447754,13.885922476649284,5.758368,34.31410110637705,-1.3190717276675108,0.5273459701598616,,1.4205787535281518,0.35308996175455176
2021-11-21,Maqueda Bay,29.63039032369852,34.02203433215618,-0.016479995101690292,0.016479995101690292,14.038515031337738,5.6602554,0.0,-1.5286443258080373,0.31117324889631726,,1.5599943159043235,0.3111425323805008
2021-11-22,Maqueda Bay,29.719016075134277,34.03881951235235,-0.02929776906967163,-0.0012207403779029846,14.801477804780006,4.3272862,0.0,-1.9956827160453603,-0.7294730992594449,0.26919510300644994,2.124824817641531,0.26919510300644994
2021-11-23,Maqueda Bay,29.66701253503561,34.04644913971424,-0.04211554303765297,0.0012207403779029846,15.717033132910728,3.208213,0.0,-3.17147749540123,-1.383111906608297,,3.4599520300197946,0.3597927135903712
2021-11-24,Maqueda Bay,29.533707685768604,34.04644913971424,-0.038453321903944016,0.0048829615116119385,17.548143789172173,3.208112,20.950536139000395,-2.5484717264340797,-0.9361101211529261,,2.714960459999159,0.4503903241742925
2021-11-25,Maqueda Bay,29.4494765996933,33.96252323873341,-0.03784295171499252,0.0030518509447574615,10.83407138288021,2.3377218,22.2088138562743,-2.687333821277559,-0.4628822681896544,,2.726907233696564,0.5409879347582137
2021-11-26,Maqueda Bay,29.40552994608879,34.015930630266666,-0.02685628831386566,0.006714072078466415,16.479995906352997,5.332253,14.175890957704885,-2.4674387773688675,-0.19361364876590295,,2.475023305961384,0.631585545342135
2021-11-27,Maqueda Bay,29.459730818867683,34.041871363297105,-0.0317392498254776,0.0079348124563694,15.411848023533821,4.665703,15.566518119952647,-2.8836650344826364,-0.4662062718351319,0.7221831559260562,2.9211080635601547,0.7221831559260562
2021-11-28,Maqueda Bay,29.407727278769016,34.052552841603756,-0.027466658502817154,0.005493331700563431,15.869625687599182,2.6711543,0.0,-2.362846709900157,-0.7628739153624096,,2.4829460697377965,0.6748838789302916
2021-11-29,Maqueda Bay,29.509537026286125,34.06323431991041,-0.025025177747011185,-0.0030518509447574615,14.191107586026192,2.4351676,2.408729091767342,-1.572619178405117,-0.6550279407021302,,1.7035823089560593,0.6275846019345268
2021-11-30,Maqueda Bay,29.65089876204729,34.06933802179992,-0.0030518509447574615,-0.03906369209289551,13.122959703207016,3.061765,0.0,-0.05642259604642005,-0.6713063358976824,,0.6736732931926198,0.5802853249387622
2021-12-01,Maqueda Bay,29.529313020408154,34.07391579821706,-0.003662221133708954,-0.039674062281847,14.95407035946846,3.0619147,0.0,0.4747911200533645,-1.9522489862053973,,2.0091547257047004,0.5329860479429975
2021-12-02,Maqueda Bay,29.398937948048115,34.07238987274468,-0.03479110077023506,-0.03234962001442909,18.463699117302895,3.064256,53.92140981202484,-1.3010622377124323,-2.9154837266071767,,3.1926177827157063,0.4856867709472329
2021-12-03,Maqueda Bay,29.246589548885822,34.08307135105133,-0.03906369209289551,-0.02929776906967163,19.53184700012207,3.9329727,17.973803509948073,-1.8001324209269243,-3.2022253147777233,,3.67351653044811,0.4383874939514682
2021-12-04,Maqueda Bay,29.07373271137476,34.0998565312475,-0.032959990203380585,-0.02136295661330223,19.53184700012207,3.990905,0.0,-2.2754178745979274,-3.6070436986141514,,4.264773235208621,0.3910882169557035
2021-12-05,Maqueda Bay,28.88915676623583,34.115115785971284,-0.024414807558059692,-0.025025177747011185,19.53184700012207,3.9864624,0.0,-1.8519824074601738,-2.9399452932051466,,3.4746391416348654,0.34378893995993887
2021-12-06,Maqueda Bay,28.76683858036995,34.127323189750314,-0.012207403779029846,-0.025025177747011185,19.226661890745163,3.0608666,0.0,-0.5936530179262943,-2.987128439585152,,3.0455476059768665,0.2964896629641742
2021-12-07,Maqueda Bay,28.551499977707863,34.08459727652371,-0.01892147585749626,-0.03418073058128357,18.005921453237534,2.7452104,48.94380792714483,-1.6527343513500008,-3.0951491745234643,,3.508771757849973,0.24919038596840953
2021-12-08,Maqueda Bay,28.42332223802805,33.99609359912574,-0.030518509447574615,-0.03723258152604103,17.242958679795265,3.0867393,70.97093726889146,-2.9827557511574474,-3.321193499277606,,4.4639845576241255,0.20189110897264484
2021-12-09,Maqueda Bay,28.203588970005512,33.9060639962554,-0.03662221133708954,-0.04150517284870148,15.106662914156914,1.9940739,35.48546863444573,-2.8282293514047203,-3.820072115771452,,4.753086600709243,0.1545918319768802
2021-12-10,Maqueda Bay,28.208716079592705,33.994567673653364,-0.028077028691768646,-0.007324442267417908,18.463699117302895,2.0767062,39.76986506823937,-2.7608772103348436,-2.046302493002549,,3.4365385002084223,0.10729255498111556
2021-12-11,Maqueda Bay,28.25193028897047,34.00830100290477,-0.0238044373691082,0.022583696991205215,16.022218242287636,2.0730193,6.736813452935987,-2.9503887761656586,-1.3305104449129586,,3.2365184959376907,0.05999327798535081
2021-12-12,Maqueda Bay,28.262916952371597,34.0205084066838,-0.01831110566854477,0.0238044373691082,15.717033132910728,4.5821204,4.997654043218141,-3.0092128030326677,-1.1591726444914106,0.012694000989586195,3.2247547059695774,0.012694000989586195
2021-12-13,Maqueda Bay,28.23947873711586,34.029663959518075,-0.02075258642435074,0.014038514345884323,16.63258846104145,2.3560023,11.86247073523643,-3.1826911153645248,-2.109345041704356,,3.8182272379709192,0.03900636217829383
2021-12-14,Maqueda Bay,28.184545420110226,34.049500990659,-0.019531846046447754,-0.008545182645320892,18.61629167199135,2.365635,0.0,-2.4193285427895534,-2.973712233692883,,3.8335512317916063,0.06531872336700145
2021-12-15,Maqueda Bay,28.117892995476723,34.054078767076135,-0.023194067180156708,-0.028077028691768646,18.768884226679802,2.8950794,56.717433407925604,-2.4655067941492055,-4.009471319422461,,4.70686562515515,0.09163108455570909
2021-12-16,Maqueda Bay,27.943571269512177,34.01440470479429,-0.03784295171499252,-0.024414807558059692,19.53184700012207,5.6387763,106.97597541164508,-6.095363742543445,-1.8909239892474277,,6.381931736318138,0.1179434457444167
2021-12-17,Maqueda Bay,28.05929745733738,34.043397288769484,-0.01831110566854477,0.06958220154047012,15.411848023533821,6.1068273,0.0,-3.0102862760510742,1.421734612395836,0.14425580693312434,3.3291369409902294,0.14425580693312434
2021-12-18,Maqueda Bay,28.28415783494711,34.06933802179992,-0.019531846046447754,0.04028443247079849,13.580737367272377,5.4786873,0.0,-1.9707279114527019,-0.09973778454986919,,1.97325014294834,0.15153310346450627
2021-12-19,Maqueda Bay,28.322244934737682,34.07391579821706,-0.01831110566854477,0.012817773967981339,14.191107586026192,2.875061,0.0,-2.3635352721739076,-0.6425823733526389,,2.4493287017780396,0.15881039999588817
2021-12-20,Maqueda Bay,28.34934537112713,34.089175052940845,-0.01831110566854477,0.008545182645320892,14.801477804780006,2.8364801,12.114806519492248,-2.382054741280184,-1.072845281190536,,2.612504887618051,0.1660876965272701
2021-12-21,Maqueda Bay,28.422589793801308,34.101382456719875,-0.01831110566854477,0.0024414807558059692,14.343700140714645,2.798454,6.217604770455309,-2.0588630143171747,-1.055569767316939,,2.3136863325431,0.173364993058652
2021-12-22,Maqueda Bay,28.446760453283787,34.0998565312475,-0.01892147585749626,-0.006714072078466415,14.343700140714645,4.788763,12.569188424152895,-1.5479692249196493,-1.2444024335145005,,1.9861384991573852,0.18064228959003392
2021-12-23,Maqueda Bay,28.43943601101637,34.1212194878608,-0.022583696991205215,-0.006103701889514923,15.259255468845367,4.6153092,0.0,-2.27510848547155,-1.6117596675732717,,2.7881692643526064,0.18791958612141585
2021-12-24,Maqueda Bay,28.49363688379526,34.13190096616745,-0.02685628831386566,0.0030518509447574615,14.95407035946846,4.5158124,9.189563815677952,-2.575638906709545,-0.944540403630476,,2.743368796178589,0.19519688265279775
2021-12-25,Maqueda Bay,28.507553324103355,34.14105651900172,-0.02868739888072014,-0.0079348124563694,15.411848023533821,3.6743395,0.0,-2.8597007018968825,-2.407248368490774,,3.738011879600039,0.20247417918417968
2021-12-26,Maqueda Bay,28.437971122562885,34.148686146363616,-0.031128879636526108,-0.0024414807558059692,17.09036612510681,1.7010508,0.0,-3.3594121486978787,-2.1483003421663684,,3.987586280567611,0.20975147571556157
2021-12-27,Maqueda Bay,28.35374003648758,34.15478984825313,-0.03723258152604103,0.0,18.768884226679802,1.7566385,41.9283706618161,-4.590268439775311,-2.739898562012488,,5.3458028844426515,0.2170287722469435
2021-12-28,Maqueda Bay,28.216772966086864,34.15631577372551,-0.02868739888072014,-0.009765923023223877,19.53184700012207,1.7566385,93.75530602708572,-3.9019383122479723,-2.7966870920844293,,4.8006855014279175,0.22430606877832543
2021-12-29,Maqueda Bay,28.06369212269783,34.15784169919789,-0.028077028691768646,-0.007324442267417908,19.53184700012207,1.7589589,47.16156750047628,-3.603582295271108,-2.1604844958255525,,4.201606670726566,0.23158336530970733
2021-12-30,Maqueda Bay,27.947965934872627,34.15631577372551,-0.025025177747011185,-0.014648884534835815,19.53184700012207,1.7481505,35.977266086045134,-3.4387509087160804,-2.9698558760164926,,4.543682618373048,0.23886066184108923
2021-12-31,Maqueda Bay,27.791222870349884,34.148686146363616,-0.02868739888072014,-0.032959990203380585,19.53184700012207,1.3941507,62.89255707677791,-3.7398598358283355,-3.518510394013686,,5.1348288174411705,0.24613795837247116
2022-01-01,Maqueda Bay,27.627155363559723,34.1425824444741,-0.02868739888072014,-0.02136295661330223,19.53184700012207,1.3010107,29.654956404514575,-3.767555721273879,-3.3113467449857095,,5.015923980527515,0.2534152549038531
2022-01-02,Maqueda Bay,27.469679854810238,34.14716022089124,-0.025025177747011185,-0.0048829615116119385,19.53184700012207,1.8707895,20.338255239155615,-3.204261526423193,-2.4110981676295595,,4.010073104528459,0.260692551435235
2022-01-03,Maqueda Bay,27.397900320589542,34.15784169919789,-0.023194067180156708,-0.0030518509447574615,19.53184700012207,1.883215,0.0,-3.2138013307380526,-2.933526668312948,,4.351332865589226,0.26796984796661694
2022-01-04,Maqueda Bay,27.377391882240772,34.16852317750454,-0.023194067180156708,0.001831110566854477,17.85332889854908,1.9979702,0.0,-3.124158440081559,-2.3102848161500447,,3.885586428129773,0.2752471444979988
2022-01-05,Maqueda Bay,27.356883443892002,34.17615280486643,-0.02075258642435074,0.014648884534835815,17.39555123448372,3.6181557,0.0,-3.046740742587968,-1.8413359644082514,,3.5599364160569986,0.28252444102938074
2022-01-06,Maqueda Bay,27.4374523088336,34.18836020864546,-0.015259254723787308,0.005493331700563431,15.106662914156914,3.8157132,0.0,-2.004152139298137,-1.9819323134154778,0.28980173756076266,2.818631138055089,0.28980173756076266
2022-01-07,Maqueda Bay,27.460158079862595,34.185308357700706,-0.01892147585749626,0.005493331700563431,14.648885250091553,2.0667298,0.0,-2.1206716738306017,-1.4122120964139355,,2.5478601518618187,0.23199141709458618
2022-01-08,Maqueda Bay,27.534867390990257,34.18225650675595,-0.019531846046447754,0.020142216235399246,14.191107586026192,2.4105582,0.0,-1.9862915226273647,-0.892785682019417,,2.1777098720628993,0.1741810966284097
2022-01-09,Maqueda Bay,27.62935269623995,34.17920465581119,-0.015259254723787308,0.016479995101690292,13.73332992196083,2.0476608,0.0,-1.4568783093050035,-0.6967870554361404,,1.6149323851935018,0.11637077616223318
2022-01-10,Maqueda Bay,27.805139310657978,34.18836020864546,0.0048829615116119385,-0.0024414807558059692,12.665182039141655,5.7534885,0.0,-0.9068691131142579,-0.8138483268636622,,1.2185075656143554,0.058560455696056696
2022-01-11,Maqueda Bay,27.857875294983387,34.197515761479735,0.0006103701889514923,-0.022583696991205215,13.122959703207016,7.5121784,0.0,-0.9408246294165582,-1.862861275254066,0.000750135229880225,2.086960256966579,0.000750135229880225
2022-01-12,Maqueda Bay,27.66743979603052,34.20667131431401,-0.02075258642435074,-0.016479995101690292,15.869625687599182,1.9759382,0.0,-2.2723026193216462,-2.8624895172811993,,3.654751076382736,0.021298202732071454
2022-01-13,Maqueda Bay,27.542191833257675,34.21735279262066,-0.028077028691768646,-0.015259254723787308,19.07406933605671,1.605031,0.0,-3.2943504155796832,-3.9286166803644695,,5.12706287087139,0.041846270234262684
2022-01-14,Maqueda Bay,27.36787010729313,34.234137972816825,-0.02136295661330223,-0.019531846046447754,19.53184700012207,3.7494843,0.0,-2.4715808789286635,-3.168013067238998,,4.018086464386105,0.06239433773645391
2022-01-15,Maqueda Bay,27.25360880792141,34.24939722754061,-0.022583696991205215,-0.007324442267417908,19.53184700012207,5.7568994,0.0,-2.9080710440796413,-2.882784516906219,,4.094792274136587,0.08294240523864514
2022-01-16,Maqueda Bay,27.178167052567005,34.258552780374885,-0.0238044373691082,-0.0012207403779029846,19.53184700012207,2.0725472,6.894659352925149,-3.6761986340009662,-2.9932694826944335,,4.740685455992664,0.10349047274083638
2022-01-17,Maqueda Bay,27.128360845148563,34.26770833320916,-0.017700735479593277,-0.004272591322660446,19.07406933605671,2.1668255,0.0,-2.740661089076865,-3.020514578150741,,4.0785697887864,0.1240385402430276
2022-01-18,Maqueda Bay,27.04559464752674,34.269234258681536,-0.016479995101690292,-0.006103701889514923,19.53184700012207,2.5294073,33.81540022467687,-2.443136207994981,-2.502197184557818,,3.4971281476699088,0.1445866077452188
2022-01-19,Maqueda Bay,27.07855463773012,34.23718982376158,-0.017700735479593277,0.014648884534835815,13.885922476649284,1.8418983,0.0,-2.560438117215683,-0.6625553143344661,,2.6447727495276103,0.16513467524741005
2022-01-20,Maqueda Bay,27.25434125214815,34.25092315301299,-0.021973326802253723,0.030518509447574615,13.885922476649284,1.7027727,0.0,-2.740207078275018,-0.4269500290551694,,2.7732690383622574,0.18568274274960128
2022-01-21,Maqueda Bay,27.260933250188828,34.25244907848537,-0.015259254723787308,0.021973326802253723,14.648885250091553,1.3894254,0.0,-2.7298187740965383,-0.9504978547868554,0.20623081025179255,2.8905633899578023,0.20623081025179255
2022-01-22,Maqueda Bay,27.244819477200508,34.25092315301299,-0.017700735479593277,0.025025177747011185,15.106662914156914,1.2973479,0.0,-3.045526728045842,-0.6050283066015536,,3.105043043667955,0.17190546921951577
2022-01-23,Maqueda Bay,27.29535812884569,34.2432935256511,-0.015259254723787308,0.011597033590078354,14.038515031337738,1.4005423,19.397516482070476,-2.3118517137527683,-1.3927197069939634,,2.69894915265756,0.13758012818723903
2022-01-24,Maqueda Bay,27.27777946740389,34.22956019639969,-0.020142216235399246,-0.0079348124563694,14.496292695403099,1.3980767,33.7625864559238,-2.7434171898678756,-2.225886790995342,,3.5328331242771847,0.10325478715496225
2022-01-25,Maqueda Bay,27.15985594689846,34.20667131431401,-0.024414807558059692,0.006714072078466415,16.63258846104145,1.4625942,47.61572127334899,-3.1008046421485336,-0.6198198473887232,,3.162145801823008,0.06892944612268548
2022-01-26,Maqueda Bay,27.209662154316902,34.220404643565416,-0.02136295661330223,0.036011841148138046,16.022218242287636,1.8465842,89.27862469135525,-3.1411660042909437,0.6154441392220407,,3.2008897755180343,0.034604105090408704
2022-01-27,Maqueda Bay,27.341502115130424,34.223456494510174,-0.014038514345884323,0.03723258152604103,14.191107586026192,1.8947767,0.0,-2.435990131970072,0.15019823985211667,,2.440616199714786,0.00027876405813195837
2022-01-28,Maqueda Bay,27.559770494699478,34.220404643565416,-0.01892147585749626,0.027466658502817154,12.207404375076294,3.4584045,0.0,-1.9673005293978327,0.32954535980985566,,1.9947108856025226,-0.034046576974144815
2022-01-29,Maqueda Bay,27.693075343966484,34.22956019639969,0.004272591322660446,0.03662221133708954,12.359996929764748,7.895951,0.0,-1.107205474267238,0.9066978262811918,,1.4310852212326062,-0.06837191800642159
2022-01-30,Maqueda Bay,27.909146390855312,34.235663898289204,0.051271095871925354,-0.008545182645320892,10.681478828191757,4.707638,0.0,0.23462834553317014,0.1388006890210573,,0.27260977935568076,-0.10269725903869834
2022-01-31,Maqueda Bay,27.919400610029697,34.235663898289204,-0.02929776906967163,-0.035401470959186554,11.139256492257118,4.4464974,0.0,-1.4397604851094177,-1.8493493000125854,-0.13702260007097514,2.3437156585088443,-0.13702260007097514
2022-02-01,Maqueda Bay,27.79342020303011,34.24024167470634,-0.0476088747382164,-0.0030518509447574615,14.343700140714645,3.966797,0.0,-2.5909162951910107,-1.6533975510401047,,3.0735274051928885,-0.07716728184607656
2022-02-02,Maqueda Bay,27.80147708952427,34.246345376595855,-0.05005035549402237,0.007324442267417908,14.95407035946846,3.739013,25.408336239476355,-3.34357849038081,-1.5331556522344956,,3.6783261648901933,-0.017311963621177984
2022-02-03,Maqueda Bay,27.706991784274578,34.246345376595855,-0.03784295171499252,0.0079348124563694,16.479995906352997,1.2820879,3.548891221323321,-3.187322177692943,-1.3680570717640477,,3.468515938555985,0.04254335460372058
2022-02-04,Maqueda Bay,27.479934073984623,34.148686146363616,-0.03723258152604103,0.0024414807558059692,13.580737367272377,1.3559014,0.0,-2.698607349536269,-1.5482346843621986,,3.111191454223491,0.10239867282861917
2022-02-05,Maqueda Bay,27.54878383129835,34.209723165258765,-0.039674062281847,-0.0079348124563694,15.869625687599182,1.3801044,0.0,-3.8187146678095734,-2.8994149698849565,0.16225399105351776,4.7947042538343245,0.16225399105351776
2022-02-06,Maqueda Bay,27.483596295118332,34.21887871809304,-0.03479110077023506,0.0,17.242958679795265,1.6655201,0.0,-3.842178805188151,-2.1201622884965032,,4.388328394799069,0.16102201292067153
2022-02-07,Maqueda Bay,27.525345616042614,34.22498241998255,-0.03784295171499252,0.017090365290641785,15.259255468845367,4.8588767,0.0,-4.305324561577272,-0.9846569890542513,,4.416488307084478,0.15979003478782527
2022-02-08,Maqueda Bay,27.501907400786877,34.22803427092731,-0.029908139258623123,0.01342814415693283,15.564440578222275,4.928674,6.834692045290898,-3.3068130929413586,-1.4657599479314707,,3.6171072774536923,0.15855805665497905
2022-02-09,Maqueda Bay,27.485061183571815,34.23871574923396,-0.02685628831386566,-0.009765923023223877,16.022218242287636,2.7086818,0.0,-2.874449511686583,-2.205688980043739,,3.623192497221425,0.1573260785221328
2022-02-10,Maqueda Bay,27.414014093577862,34.244819451123476,-0.025025177747011185,-0.020142216235399246,18.158514007925987,2.9994717,18.063102335424468,-2.700946138570682,-2.5848952879998124,,3.7385550274649577,0.15609410038928656
2022-02-11,Maqueda Bay,27.42133853584528,34.23718982376158,-0.031128879636526108,-0.014648884534835815,15.717033132910728,2.6637514,23.92917442907752,-2.853292338312801,-1.6099850655574852,,3.2761759841609046,0.15486212225644033
2022-02-12,Maqueda Bay,27.30268257111311,34.20209353789687,-0.028077028691768646,0.011597033590078354,15.106662914156914,2.755307,56.17339062434369,-2.9586423339722696,-0.5482222019484372,,3.009005158367475,0.15363014412359408
2022-02-13,Maqueda Bay,27.44990386068821,34.22650834545493,-0.031128879636526108,0.02929776906967163,14.801477804780006,3.5932634,0.0,-3.3680233337651386,-0.32493139659008663,,3.3836609743407244,0.15239816599074785
2022-02-14,Maqueda Bay,27.660115353763103,34.23718982376158,-0.027466658502817154,0.008545182645320892,13.428144812583923,3.8648071,0.0,-2.0699854533742315,-0.8724046369859801,,2.2463146769354383,0.1511661878579016
2022-02-15,Maqueda Bay,27.632282473146915,34.24787130206823,-0.02075258642435074,-0.012207403779029846,14.496292695403099,4.8973966,0.0,-1.9982838987912317,-1.3129210622891887,0.14993420972505536,2.391004026757558,0.14993420972505536
2022-02-16,Maqueda Bay,27.630817584693432,34.25092315301299,-0.028077028691768646,-0.008545182645320892,14.496292695403099,5.8400445,0.0,-2.3742418266485763,-1.2219118015925303,,2.670223343145414,0.23881730384363592
2022-02-17,Maqueda Bay,27.66304513067007,34.258552780374885,-0.0317392498254776,0.007324442267417908,14.496292695403099,5.654967,0.0,-2.8627598207039884,-1.0402207524276816,,3.045891167592556,0.3277003979622165
2022-02-18,Maqueda Bay,27.698202453553677,34.26618240773678,-0.028077028691768646,0.005493331700563431,14.343700140714645,5.654967,5.281046102673226,-2.6813987752254436,-0.9887980945551058,,2.857905013043001,0.41658349208079704
2022-02-19,Maqueda Bay,27.734824664890766,34.26313055679202,-0.025025177747011185,0.016479995101690292,13.428144812583923,2.668998,0.0,-2.1046339435181785,-0.4314796831498917,,2.148408423270587,0.5054665861993777
2022-02-20,Maqueda Bay,27.857142850756645,34.26770833320916,-0.03357036039233208,-0.010986663401126862,13.428144812583923,2.6667092,4.105023885102865,-2.6385542158230377,-1.5404725812479407,0.5943496803179582,3.0553271712558407,0.5943496803179582
2022-02-21,Maqueda Bay,27.74507888406515,34.270760184153914,-0.03479110077023506,0.0006103701889514923,15.259255468845367,2.666705,32.82984202981178,-3.466791655570624,-1.4580488426539684,,3.760924196351036,0.5752050646666822
2022-02-22,Maqueda Bay,27.623493142426014,34.26618240773678,-0.03234962001442909,0.017700735479593277,18.005921453237534,2.7769325,82.7484645814207,-4.441760090301869,-1.1979793411904718,,4.600476845036568,0.5560604490154061
2022-02-23,Maqueda Bay,27.53120516985655,34.26007870584726,-0.022583696991205215,0.005493331700563431,17.242958679795265,2.7548037,39.14497466314406,-3.125668255147595,-1.3318045921746156,,3.3975734742570034,0.53691583336413
2022-02-24,Maqueda Bay,27.57295449078083,34.26007870584726,-0.03357036039233208,-0.0238044373691082,15.259255468845367,4.4781127,12.067485153034168,-2.9731769752005226,-2.258608944748692,,3.733777670290684,0.517771217712854
2022-02-25,Maqueda Bay,27.559770494699478,34.26618240773678,-0.03418073058128357,-0.019531846046447754,15.717033132910728,4.4506507,12.067485153034168,-3.514665278720435,-2.5186596865774504,,4.323947113255828,0.4986266020615779
2022-02-26,Maqueda Bay,27.579546488821507,34.269234258681536,-0.038453321903944016,-0.014648884534835815,15.411848023533821,4.4483056,0.0,-3.6475604510315414,-2.2598273882476243,,4.290864373130838,0.4794819864103018
2022-02-27,Maqueda Bay,27.58101137727499,34.2646564822644,-0.03723258152604103,-0.01831110566854477,15.259255468845367,3.8113337,2.6485463184878206,-3.681032108366117,-2.128080751273578,,4.251908402913146,0.46033737075902575
2022-02-28,Maqueda Bay,27.415478982031345,34.25550092943013,-0.028077028691768646,-0.009155552834272385,19.53184700012207,2.345274,8.265529616454046,-3.71325972994128,-1.84198471483265,,4.145021774572567,0.4411927551077497
2022-03-01,Maqueda Bay,27.532670058310032,34.257026854902506,-0.03723258152604103,-0.0012207403779029846,14.648885250091553,2.5641174,0.0,-3.3433681742263794,-1.3638362960184183,,3.6108392640447278,0.4220481394564736
2022-03-02,Maqueda Bay,27.58980070799589,34.24787130206823,-0.04150517284870148,-0.0079348124563694,13.428144812583923,1.7293634,13.618636651339436,-3.191422122305488,-1.322644278560787,,3.4546436936897633,0.40290352380519756
2022-03-03,Maqueda Bay,27.557573162019253,34.25244907848537,-0.032959990203380585,0.0030518509447574615,15.106662914156914,1.9611028,0.0,-3.0932987826651184,-0.9443582318664935,,3.2342402243697843,0.3837589081539215
2022-03-04,Maqueda Bay,27.655720688402653,34.2432935256511,-0.040894802659749985,-0.003662221133708954,13.122959703207016,2.1712453,13.618636651339436,-2.7790830126428063,-1.0133257066664427,,2.9580620985623107,0.36461429250264543
2022-03-05,Maqueda Bay,27.660847797989845,34.235663898289204,-0.03723258152604103,-0.0079348124563694,12.817774593830109,2.2825062,43.72044164537468,-2.2804824918167372,-1.3894745748653496,,2.670438164361781,0.34546967685136937
2022-03-06,Maqueda Bay,27.34736166894436,33.90453807078302,-0.05005035549402237,-0.06164738908410072,10.83407138288021,2.3475044,48.636696957589656,-2.5486515606799443,-2.3695940337158934,,3.4800288306820497,0.3263250612000933
2022-03-07,Maqueda Bay,27.42939542233944,33.980834344401956,-0.05859553813934326,-0.014038514345884323,10.528886273503304,2.9283304,13.534591822763378,-1.8505549294113857,-0.7878538794248913,,2.0112849828141286,0.30718044554881724
2022-03-08,Maqueda Bay,27.500442512333393,34.076967649161816,-0.046388134360313416,-0.02075258642435074,10.681478828191757,3.1400728,25.137763470182403,-1.996859373317261,-1.2152162678425749,,2.3375623915596866,0.2880358298975412
2022-03-09,Maqueda Bay,27.57295449078083,34.15784169919789,-0.05310220643877983,-0.004272591322660446,14.191107586026192,9.752553,35.280028828095,-3.324582901831104,-1.0504512771597578,,3.486588498351116,0.2688912142462651
2022-03-10,Maqueda Bay,27.52314828336239,34.16699725203216,-0.028077028691768646,0.019531846046447754,17.85332889854908,7.2115197,18.943614707747543,-3.0146823376332716,0.16353369099637433,,3.019114582941314,0.24974659859498904
2022-03-11,Maqueda Bay,27.657185576856136,34.15326392278075,-0.025025177747011185,0.019531846046447754,13.27555225789547,8.081979,0.0,-1.8255179419372134,0.007246350507056331,,1.8255323239894576,0.23060198294371298
2022-03-12,Maqueda Bay,27.774376653134823,34.06933802179992,-0.02685628831386566,0.027466658502817154,10.528886273503304,9.712419,25.181510274860717,-1.5694050976279696,0.40593697926658456,0.2114573672924369,1.6210543456641842,0.2114573672924369
2022-03-13,Maqueda Bay,27.848353520035744,34.09375282935798,-0.030518509447574615,0.019531846046447754,11.291849046945572,2.783261,25.181510274860717,-1.8766545072294185,-0.0035455510633326517,,1.8766578565196252,0.2052763730386373
2022-03-14,Maqueda Bay,27.9860530346632,34.12274541333318,-0.03357036039233208,0.012207403779029846,10.83407138288021,7.8718934,25.181510274860717,-1.623532258584685,0.09699627321674133,,1.626427149208665,0.19909537878483768
2022-03-15,Maqueda Bay,27.958220154047012,34.1425824444741,-0.025635547935962677,0.02685628831386566,12.207404375076294,4.7148623,0.0,-1.8850204790312728,0.3320688098571096,,1.914045950557929,0.1929143845310381
2022-03-16,Maqueda Bay,28.0351267978549,34.06170839443803,-0.04028443247079849,0.020142216235399246,10.681478828191757,2.1277196,19.900302444551762,-1.9045687650291208,-0.023094547506931424,,1.9047087805880194,0.18673339027723848
2022-03-17,Maqueda Bay,28.183812975883484,34.13342689163983,-0.0476088747382164,0.014038514345884323,12.207404375076294,1.617457,0.0,-2.4722987690250795,-0.010330257671943783,0.1805523960234389,2.4723203509146003,0.1805523960234389
2022-03-18,Maqueda Bay,28.569811083376408,34.14716022089124,-0.016479995101690292,0.0,10.681478828191757,11.810435,0.0,-1.4686620181128107,0.10883861348483888,,1.472689365491751,0.15568326389427234
2022-03-19,Maqueda Bay,28.655507057905197,34.150212071835995,-0.06286812946200371,0.001831110566854477,10.528886273503304,2.6986578,0.0,-2.1537510274178886,-0.5528251973866308,,2.2235690200596827,0.13081413176510576
2022-03-20,Maqueda Bay,28.32517471164465,34.13495281711221,-0.06714072078466415,0.008545182645320892,10.681478828191757,2.5645413,19.900302444551762,-2.9023578525278615,-0.5930150872277764,,2.9623213866510003,0.1059449996359392
2022-03-21,Maqueda Bay,28.32883693277836,34.15326392278075,-0.0476088747382164,0.012207403779029846,10.83407138288021,4.3301086,19.949253764936266,-2.833812947312707,-0.2987709957551054,,2.849519245111643,0.08107586750677265
2022-03-22,Maqueda Bay,28.48924221843481,34.162419475615025,-0.043946653604507446,-0.01342814415693283,10.681478828191757,4.6896815,0.0,-2.3023120708291542,-0.9065303356215407,0.056206735377606086,2.4743561022794864,0.056206735377606086
2022-03-23,Maqueda Bay,28.765373691916466,34.17004910297692,-0.035401470959186554,-0.01037629321217537,10.528886273503304,2.8590717,0.0,-1.9523926508017277,-0.5768063873386999,,2.03581498947702,0.18911659328224487
2022-03-24,Maqueda Bay,28.61229284852743,34.1639454010874,-0.0634784996509552,-0.0079348124563694,10.83407138288021,4.2505193,0.0,-2.5415974403878776,-0.8924871348853718,,2.6937429043845498,0.3220264511868836
2022-03-25,Maqueda Bay,28.655507057905197,34.1715750284493,-0.05249183624982834,0.012207403779029846,11.291849046945572,6.664251,0.0,-2.7526046202105214,-0.2818611723812181,,2.7669979970539234,0.4549363090915224
2022-03-26,Maqueda Bay,28.707510598003864,34.18073058128357,-0.0476088747382164,-0.01342814415693283,11.749626711010933,5.0480123,0.0,-2.5210721148772257,-0.7708767857746677,,2.636295815582502,0.5878461669961612
2022-03-27,Maqueda Bay,28.610095515847206,34.18225650675595,-0.04943998530507088,0.004272591322660446,12.817774593830109,5.0473614,0.0,-2.411646852144157,-0.3387786158355579,0.7207560249008,2.4353257461794056,0.7207560249008
2022-03-28,Maqueda Bay,28.522934652864933,34.1715750284493,-0.038453321903944016,0.009765923023223877,14.038515031337738,2.8402393,38.45478028562577,-2.8749505053514484,0.06191286564575874,,2.8756170835410297,0.5818552441432097
2022-03-29,Maqueda Bay,28.593981742858887,34.19141205959022,-0.03784295171499252,0.009155552834272385,13.27555225789547,3.1849158,0.0,-2.986324239179794,-0.29650559671798243,,3.0010078357774845,0.4429544633856193
2022-03-30,Maqueda Bay,28.61961729079485,34.19446391053498,-0.03662221133708954,-0.0024414807558059692,12.05481182038784,1.7795855,2.793692496515089,-2.4827756338023304,-0.7254613276229457,,2.5865940898561974,0.3040536826280289
2022-03-31,Maqueda Bay,28.665761277079582,34.19141205959022,-0.04821924492716789,-0.0158696249127388,12.512589484453201,1.7758659,0.0,-2.5412080441150326,-1.2016373522276511,,2.8109910440525474,0.16515290187043852
2022-04-01,Maqueda Bay,28.691396825015545,34.18988613411784,-0.048829615116119385,-0.02136295661330223,12.817774593830109,1.8653846,11.213153707266951,-2.510958793602954,-1.9030146852826413,0.02625212111284812,3.150615647071758,0.02625212111284812
2022-04-02,Maqueda Bay,28.647450171411037,34.197515761479735,-0.05859553813934326,-0.019531846046447754,13.885922476649284,2.4717815,33.63946163452898,-2.529346519028345,-1.6730750758240152,,3.0326183443790513,0.027944735233746593
2022-04-03,Maqueda Bay,28.785149686038494,34.20361946336925,-0.051271095871925354,-0.02685628831386566,12.817774593830109,2.3100724,27.953766701225128,-2.2159789632834856,-1.860622292944165,,2.8935234719483014,0.029637349354645067
2022-04-04,Maqueda Bay,28.712637707591057,34.20514538884163,-0.059205908328294754,-0.019531846046447754,11.59703415632248,1.6633216,0.0,-2.692475806635874,-1.9921110809410052,,3.3493182184031784,0.031329963475543544
2022-04-05,Maqueda Bay,28.573473304510117,34.20819723978639,-0.05737479776144028,-0.001831110566854477,15.106662914156914,1.6167356,24.978041325113555,-3.16756573953448,-1.8241878453801308,,3.655288498806246,0.03302257759644202
2022-04-06,Maqueda Bay,28.588122189044952,34.20209353789687,-0.05615405738353729,-0.008545182645320892,11.444441601634026,1.6452988,32.98724886752127,-3.029422326354392,-1.4984286956799,,3.3797467638051555,0.03471519171734049
2022-04-07,Maqueda Bay,28.44456312060356,34.15478984825313,-0.051271095871925354,-0.0030518509447574615,10.528886273503304,1.6903644,41.98769015943583,-2.722945788030139,-1.0925582946596621,,2.933959337104164,0.036407805838238966
2022-04-08,Maqueda Bay,28.043916128575802,33.921323250979185,-0.06408886983990669,-0.03662221133708954,10.528886273503304,1.6982746,37.204599506477784,-2.600923144113419,-2.8184974513383034,,3.835196094697811,0.03810041995913744
2022-04-09,Maqueda Bay,27.967009484767914,33.84655290283263,-0.051271095871925354,-0.09949034079909325,10.528886273503304,0.88274115,47.985932234428624,-1.3373501157322858,-4.2294154143530704,,4.435815604735674,0.03979303408003591
2022-04-10,Maqueda Bay,27.805139310657978,33.6115603800863,-0.09643848985433578,-0.09277626872062683,10.528886273503304,2.6205108,46.3916868863201,-3.1934491420946034,-4.377491280752339,,5.418537379792402,0.04148564820093439
2022-04-11,Maqueda Bay,27.845423743128777,33.58867149800062,-0.1263466291129589,0.009765923023223877,10.528886273503304,2.6253743,39.45390671995195,-3.7725650261119417,-1.0590761478533894,,3.9184039050607034,0.04317826232183286
2022-04-12,Maqueda Bay,27.798547312617302,33.619190007448196,-0.04272591322660446,-0.03784295171499252,10.528886273503304,2.6726704,37.451907009939255,-0.9803883849824622,-2.6304639905512124,,2.807223217165876,0.04487087644273134
2022-04-13,Maqueda Bay,27.873989067971706,33.718375163152814,0.051881466060876846,-0.06653035059571266,10.528886273503304,2.6542149,11.604483636659776,3.0414307198124013,-0.9765206510269707,,3.1943533626229774,0.04656349056362981
2022-04-14,Maqueda Bay,27.94503615796566,33.718375163152814,0.03357036039233208,-0.008545182645320892,10.528886273503304,2.6712062,0.0,1.951378055579752,-0.18127581878109986,,1.9597798953640104,0.04825610468452829
2022-04-15,Maqueda Bay,28.437971122562885,33.67717517539859,0.0238044373691082,0.001831110566854477,10.528886273503304,2.7008426,7.890781691180578,0.27808953397576397,-0.2798187828355807,,0.39450264908418986,0.04994871880542676
2022-04-16,Maqueda Bay,28.655507057905197,33.69548628106713,-0.02868739888072014,0.024414807558059692,10.528886273503304,6.080946,0.0,-1.3928836419930146,-0.7261164573859458,0.05164133292632524,1.5707864112661658,0.05164133292632524
2022-04-17,Maqueda Bay,28.4855799973011,33.727530715987086,-0.05371257662773132,0.01831110566854477,10.528886273503304,2.4835837,0.0,-2.17320204899855,-1.056276001965906,,2.4163042312797813,0.08710802275501203
2022-04-18,Maqueda Bay,28.39109469205141,33.83129364810884,-0.0634784996509552,0.016479995101690292,10.528886273503304,1.7780613,0.0,-2.775414595808773,-1.1547360532505098,,3.006050819814086,0.12257471258369884
2022-04-19,Maqueda Bay,28.461409337818623,33.94116028212011,-0.051881466060876846,0.0006103701889514923,10.681478828191757,1.5737332,0.0,-2.5409890236152513,-1.1622272609218671,,2.794172046271155,0.15804140241238562
2022-04-20,Maqueda Bay,28.64012572914362,33.95184176042676,-0.04943998530507088,0.014648884534835815,10.528886273503304,2.1451676,5.576288724275228,-2.0420057838714056,-0.11922593137297276,,2.045483425519754,0.19350809224107246
2022-04-21,Maqueda Bay,28.70970793068409,33.9777824934572,-0.04455702379345894,0.006714072078466415,10.528886273503304,3.4363868,0.0,-2.4443145424657895,-0.5881357933541862,0.22897478206975924,2.5140758329720487,0.22897478206975924
2022-04-22,Maqueda Bay,28.695791490375996,34.0205084066838,-0.05615405738353729,0.014038514345884323,10.528886273503304,3.2580616,0.0,-2.966228493970766,-0.5629725534467622,,3.01918028186103,0.23414060494499783
2022-04-23,Maqueda Bay,28.835688337683678,34.054078767076135,-0.051881466060876846,-0.003662221133708954,10.528886273503304,5.095802,0.0,-2.3587745368095616,-0.5065743399493267,,2.4125577459195164,0.23930642782023642
2022-04-24,Maqueda Bay,28.659169279038906,34.040345437824726,-0.05859553813934326,0.0158696249127388,10.528886273503304,5.4248295,26.315018300819688,-2.610552611270487,0.009506737065804353,,2.610569921350661,0.244472250695475
2022-04-25,Maqueda Bay,28.74706258624792,34.08307135105133,-0.04211554303765297,0.008545182645320892,10.528886273503304,2.0292017,14.175408681233723,-2.6715403572712897,-0.2740409870097983,,2.6855588511686936,0.2496380735707136
2022-04-26,Maqueda Bay,28.728019036352634,34.0922269038856,-0.05371257662773132,0.0006103701889514923,10.528886273503304,1.4535608,25.754520650649766,-2.8040823155515233,-0.6810980809055109,,2.885614705431403,0.2548038964459522
2022-04-27,Maqueda Bay,28.624744400382042,34.115115785971284,-0.05066072568297386,0.0238044373691082,10.528886273503304,1.3280338,35.35110282604961,-3.3454031081179654,0.43712864003996993,,3.373841046010991,0.2599697193211908
2022-04-28,Maqueda Bay,28.61229284852743,34.15326392278075,-0.016479995101690292,0.011597033590078354,10.528886273503304,1.6518965,0.0,-2.5540807119345943,0.30160815355311066,,2.5718273195076766,0.2651355421964294
2022-04-29,Maqueda Bay,28.769768357276917,34.173100953921676,-0.021973326802253723,0.005493331700563431,10.681478828191757,1.3136952,1.851775970693374,-2.2662632332682593,0.17773108777985824,,2.2732218066055316,0.27030136507166797
2022-04-30,Maqueda Bay,28.968993186950684,34.18073058128357,-0.043336283415555954,-0.006714072078466415,12.05481182038784,3.3772306,0.0,-2.2647652598609866,-0.40966376253878417,,2.301518212096232,0.27546718794690656
2022-05-01,Maqueda Bay,29.007080286741257,34.197515761479735,-0.04272591322660446,0.008545182645320892,13.27555225789547,3.2368069,0.0,-2.5691586738403966,-0.22354914596747424,0.28063301082214515,2.578866129141281,0.28063301082214515
2022-05-02,Maqueda Bay,29.021729171276093,34.20056761242449,-0.0317392498254776,0.006714072078466415,13.428144812583923,4.0944486,0.0,-2.526741916760693,-0.027227646448195253,,2.5268886122357292,0.2527146663403166
2022-05-03,Maqueda Bay,29.02099672704935,34.20361946336925,-0.03662221133708954,0.0024414807558059692,13.885922476649284,3.0799415,0.0,-2.7520346621543954,-0.3002985372681689,,2.7683702774709635,0.22479632185848805
2022-05-04,Maqueda Bay,29.055421605706215,34.209723165258765,-0.0476088747382164,0.006714072078466415,13.122959703207016,3.1269104,0.0,-3.0361367813329987,0.035719095451361885,,3.036346885443586,0.19687797737665952
2022-05-05,Maqueda Bay,29.11548203229904,34.2143009416759,-0.025025177747011185,0.017700735479593277,12.207404375076294,1.2892164,0.0,-2.2915904086070937,0.25791802964863914,,2.3060590432245793,0.16895963289483096
2022-05-06,Maqueda Bay,29.205572672188282,34.21582686714828,-0.04577776417136192,-0.0030518509447574615,12.512589484453201,1.56005,0.0,-2.8617096064002365,-0.2553284444277159,0.14104128841300242,2.8730775286958887,0.14104128841300242
2022-05-07,Maqueda Bay,29.13892024755478,34.221930569037795,-0.05310220643877983,0.009765923023223877,12.817774593830109,1.2183923,0.0,-3.412931467337524,-0.5628721837512114,,3.4590354574626034,0.14299231246363073
2022-05-08,Maqueda Bay,29.09863581508398,34.234137972816825,-0.05615405738353729,0.0006103701889514923,12.05481182038784,1.048486,0.0,-3.619452418025004,-0.8542029424196301,,3.7188840359959334,0.144943336514259
2022-05-09,Maqueda Bay,29.117679364979267,34.24787130206823,-0.04943998530507088,-0.004272591322660446,11.59703415632248,1.1076118,0.0,-2.994574015553705,-0.6161604709099928,,3.0573071910656062,0.1468943605648873
2022-05-10,Maqueda Bay,29.189458899199963,34.23108612187207,-0.04150517284870148,-0.006103701889514923,10.83407138288021,2.678075,0.0,-2.1162802300512094,-0.24759965068316037,,2.1307152787559445,0.14884538461551558
2022-05-11,Maqueda Bay,29.211432226002216,34.235663898289204,-0.03906369209289551,0.010986663401126862,11.444441601634026,2.883212,11.466297775186518,-2.412031788519555,0.16633128732101699,0.15079640866614388,2.4177600058671476,0.15079640866614388
2022-05-12,Maqueda Bay,29.295663312077522,34.258552780374885,-0.031128879636526108,0.0158696249127388,12.665182039141655,5.33204,0.0,-2.2189902578313028,0.6429926586653741,,2.3102721319030355,0.20346573600179613
2022-05-13,Maqueda Bay,29.277352206408978,34.25244907848537,-0.02075258642435074,0.027466658502817154,13.73332992196083,1.1308973,11.466297775186518,-2.0609648409552355,1.24979461013602,,2.4103034338395415,0.25613506333744834
2022-05-14,Maqueda Bay,29.234137997031212,34.209723165258765,0.0024414807558059692,0.0238044373691082,13.428144812583923,1.6438748,42.817001876010686,-1.6134795502687844,1.3012067048333202,,2.0727892193464212,0.3088043906731006
2022-05-15,Maqueda Bay,29.24219488352537,34.185308357700706,-0.0006103701889514923,0.03234962001442909,13.27555225789547,1.7441114,19.995682323766374,-1.4415196910894046,1.2639122255451352,,1.9171471340721216,0.36147371800875283
2022-05-16,Maqueda Bay,29.390148617327213,34.22803427092731,-0.0048829615116119385,0.036011841148138046,14.038515031337738,2.7106922,0.0,-1.8476047124584882,1.830987787552057,0.41414304534440505,2.6011842402382017,0.41414304534440505
2022-05-17,Maqueda Bay,29.48243658989668,34.22803427092731,-0.0048829615116119385,0.03234962001442909,14.038515031337738,2.7471046,4.568192659984535,-1.8430094910792099,1.4818803477446723,,2.364879140514356,0.4296606081970646
2022-05-18,Maqueda Bay,29.496353030204773,34.22650834545493,-0.017090365290641785,0.02685628831386566,14.191107586026192,1.080693,0.0,-2.0029549078242552,1.028094393331746,,2.2514009959084236,0.44517817104972407
2022-05-19,Maqueda Bay,29.558610789477825,34.223456494510174,-0.029908139258623123,0.022583696991205215,13.73332992196083,1.0987686,0.0,-2.167173406589494,0.6622094783493278,,2.2660895762181164,0.4606957339023836
2022-05-20,Maqueda Bay,29.5564134567976,34.22650834545493,-0.01892147585749626,0.021973326802253723,13.428144812583923,0.9809405,0.0,-1.4871056042303379,1.0387687298036359,,1.8139800308027476,0.4762132967550431
2022-05-21,Maqueda Bay,29.65016631782055,34.21582686714828,0.015259254723787308,0.01892147585749626,13.27555225789547,0.47702277,6.86510248887374,-0.5011593512662965,1.451552908004148,,1.5356322932580422,0.49173085960770263
2022-05-22,Maqueda Bay,29.739524513483047,34.21277501620352,-0.0012207403779029846,0.028077028691768646,13.73332992196083,0.56260866,13.73020497774748,-0.6614422753299565,1.3548879290362084,,1.5077225155318519,0.5072484224603622
2022-05-23,Maqueda Bay,29.816431157290936,34.221930569037795,-0.014648884534835815,0.02929776906967163,13.580737367272377,0.6683402,0.0,-1.351872530300223,1.2980045719669882,,1.874133188177279,0.5227659853130217
2022-05-24,Maqueda Bay,29.996612437069416,34.20514538884163,-0.01342814415693283,0.017700735479593277,12.512589484453201,1.3009614,0.0,-1.136907123322256,0.5717891780046275,,1.2725960361183337,0.5382835481656811
2022-05-25,Maqueda Bay,29.889675579965115,34.220404643565416,-0.028077028691768646,0.029908139258623123,13.27555225789547,1.2368324,4.874168275138749,-1.8497133450647012,0.9325706812309379,,2.07150368920791,0.5538011110183407
2022-05-26,Maqueda Bay,29.92922756820917,34.209723165258765,-0.027466658502817154,0.022583696991205215,13.122959703207016,0.8804124,9.685560957444245,-1.9281717681106518,0.9828212507914404,0.5693186738710002,2.1642051608722794,0.5693186738710002
2022-05-27,Maqueda Bay,29.842066705226898,34.15326392278075,0.021973326802253723,0.0238044373691082,13.27555225789547,0.86425465,19.37112191488849,-0.7378342094624593,1.527522421823558,,1.6963855899608438,0.546945286455949
2022-05-28,Maqueda Bay,29.890408024191856,34.174626879394054,0.019531846046447754,0.019531846046447754,12.512589484453201,0.7815884,9.685560957444245,-0.10105746940570423,1.1958540343892397,,1.200116445886692,0.5245718990408978
2022-05-29,Maqueda Bay,30.266151912510395,34.06323431991041,-0.0158696249127388,0.010986663401126862,10.681478828191757,3.7831724,7.434216944669615,-0.3470759756586983,0.1106456156208255,,0.36428585634848465,0.5021985116258466
2022-05-30,Maqueda Bay,29.8017822727561,34.06933802179992,-0.06042664870619774,-0.010986663401126862,10.528886273503304,3.7831724,50.679148350260036,-1.6508263848771805,-0.8041048297451884,,1.8362495283120428,0.47982512421079543
2022-05-31,Maqueda Bay,29.65822320431471,34.07544172368944,-0.03906369209289551,0.028077028691768646,11.444441601634026,4.0099797,48.42780455722603,-2.2313961801677014,0.5420519308777444,,2.296290314536753,0.45745173679574425
2022-06-01,Maqueda Bay,29.888943135738373,34.138004668056965,0.0006103701889514923,0.03906369209289551,11.139256492257118,5.5777225,9.291776450548301,-1.4611031760248507,1.6557372476216095,,2.208231945279184,0.435078349380693
2022-06-02,Maqueda Bay,29.975371554493904,34.11816763691604,0.008545182645320892,0.032959990203380585,11.749626711010933,4.9774833,0.0,-0.7449043174051014,1.0541251368172975,,1.2907603364524518,0.4127049619656418
2022-06-03,Maqueda Bay,30.162877276539803,34.11816763691604,-0.012817773967981339,0.008545182645320892,11.749626711010933,8.199611,0.0,-1.0496898650258333,0.4516860827234453,,1.1427463104574012,0.39033157455059064
2022-06-04,Maqueda Bay,30.221472814679146,34.139530593529344,-0.03479110077023506,0.007324442267417908,11.291849046945572,1.6956269,29.850098535212506,-1.3532197146570821,-0.07830043581085228,,1.3554831442643482,0.3679581871355394
2022-06-05,Maqueda Bay,29.877224028110504,34.06323431991041,-0.014038514345884323,0.02075258642435074,10.83407138288021,0.66531456,25.14291706466089,-0.2132132308736864,0.7419334812849593,,0.7719618983286771,0.3455847997204882
2022-06-06,Maqueda Bay,30.105746626853943,34.10443430766463,0.03479110077023506,0.014038514345884323,10.681478828191757,2.020499,0.0,0.17211077189777868,1.2627990562251319,,1.2744738421036084,0.32321141230543704
2022-06-07,Maqueda Bay,30.351847887039185,34.08612320199609,0.0012207403779029846,-0.020142216235399246,10.528886273503304,5.3919625,8.719528934373283,0.0519022603809435,0.38940942002358814,,0.39285307818032755,0.3008380248903858
2022-06-08,Maqueda Bay,30.24784080684185,34.02661210857332,-0.020142216235399246,0.0024414807558059692,10.83407138288021,4.6335063,8.719528934373283,-0.8841555713323677,0.4205673983561051,,0.9790852929536263,0.2784646374753346
2022-06-09,Maqueda Bay,30.200964376330376,34.09833060577512,-0.032959990203380585,0.032959990203380585,12.512589484453201,1.1584024,0.0,-2.1943862860561913,0.8446351362439386,,2.351327217936564,0.25609125006028344
2022-06-10,Maqueda Bay,30.306436344981194,34.113589860498905,-0.028077028691768646,0.014038514345884323,11.444441601634026,2.1053545,10.357950733553979,-1.025525306339344,0.7303592111604169,0.23371786264523217,1.2590181616121634,0.23371786264523217
2022-06-11,Maqueda Bay,30.02298042923212,34.10748615860939,-0.0006103701889514923,-0.006714072078466415,15.564440578222275,2.1053665,17.723085960118635,-0.08922065165015043,0.4478774275569491,,0.45667769246582174,0.22952957256793613
2022-06-12,Maqueda Bay,30.356974996626377,34.11816763691604,-0.038453321903944016,0.02075258642435074,12.665182039141655,0.895137,0.0,-1.3277862126846427,0.49874581569691956,,1.4183665306508797,0.2253412824906401
2022-06-13,Maqueda Bay,30.294717237353325,34.10748615860939,-0.03662221133708954,0.02624591812491417,11.902219265699387,2.0456371,1.3659147505752867,-1.3923202896420819,0.5685612557359421,,1.5039340711856495,0.22115299241334407
2022-06-14,Maqueda Bay,30.07571641355753,34.11816763691604,-0.01342814415693283,0.022583696991205215,12.665182039141655,1.8852053,8.837908254057945,-1.5869716234411444,1.3408798878930341,,2.077603861991852,0.21696470233604803
2022-06-15,Maqueda Bay,30.221472814679146,34.0998565312475,-0.024414807558059692,0.02624591812491417,11.749626711010933,1.8629814,2.6845599202333323,-1.473255888156227,0.7665628600279977,0.212776412258752,1.6607533020774932,0.212776412258752
2022-06-16,Maqueda Bay,30.347453221678734,34.115115785971284,-0.04577776417136192,0.0030518509447574615,11.291849046945572,1.8849583,4.560972608545775,-1.5976636054955489,-0.03621172623935371,,1.5980739299050812,0.18616916579734963
2022-06-17,Maqueda Bay,30.290322571992874,34.12884911522269,-0.051271095871925354,0.008545182645320892,11.444441601634026,3.1809242,8.030632644571282,-2.1884109194851855,0.21826606264031148,,2.199268611748574,0.15956191933594727
2022-06-18,Maqueda Bay,30.30570390075445,34.13037504069507,-0.03418073058128357,0.01831110566854477,10.528886273503304,3.7826996,4.80345051409462,-1.3681762939162578,0.3914487535121502,,1.4230736094315861,0.1329546728745449
2022-06-19,Maqueda Bay,30.282998129725456,34.09833060577512,-0.03906369209289551,0.008545182645320892,10.528886273503304,5.41621,6.229632906466951,-1.0103405383145827,0.04230223863448846,,1.0112257328387615,0.10634742641314254
2022-06-20,Maqueda Bay,30.389934986829758,34.08764912746847,-0.02075258642435074,0.01037629321217537,10.528886273503304,3.1389885,7.187605626388995,-0.9862314321739959,0.44747709548353115,0.07974017995174018,1.0829996254802439,0.07974017995174018
2022-06-21,Maqueda Bay,30.06326486170292,34.054078767076135,-0.017090365290641785,0.017090365290641785,10.528886273503304,3.1390026,18.333537402057793,-0.9594680816830253,1.0670631143980038,,1.4349922264170185,0.07421194360767656
2022-06-22,Maqueda Bay,30.081575967371464,33.98541212081909,-0.03418073058128357,0.004272591322660446,10.528886273503304,3.5171707,6.111179014871014,-0.9897318760797199,0.08073856786550422,,0.9930195883613046,0.06868370726361295
2022-06-23,Maqueda Bay,30.351115442812443,34.054078767076135,-0.024414807558059692,0.004272591322660446,10.528886273503304,3.9305623,0.0,-1.1262543066604787,0.418728554679817,,1.2015749522087766,0.06315547091954932
2022-06-24,Maqueda Bay,30.503463841974735,34.08001950010657,-0.02624591812491417,0.0006103701889514923,10.528886273503304,1.9879385,4.222520347747568,-1.2320123811056187,0.02811600012694386,,1.2323331597667389,0.05762723457548571
2022-06-25,Maqueda Bay,30.441938526928425,34.07238987274468,-0.0555436871945858,-0.021973326802253723,10.528886273503304,2.7026532,13.601259032335879,-1.333491243770789,-0.40908896313710225,0.05209899823142209,1.3948306983193177,0.05209899823142209
2022-06-26,Maqueda Bay,30.26468702405691,34.028138034045696,-0.048829615116119385,0.028077028691768646,10.528886273503304,2.4062798,4.686896425238403,-1.5647285623127782,1.0258165581026655,,1.8710091086349667,0.07161119908854525
2022-06-27,Maqueda Bay,30.24417858570814,34.028138034045696,-0.0006103701889514923,0.038453321903944016,10.528886273503304,2.4341395,17.440965227633942,-1.5500663265300472,2.075389646178644,,2.5903566936057034,0.09112339994566843
2022-06-28,Maqueda Bay,30.111606180667877,34.028138034045696,0.017090365290641785,0.027466658502817154,10.528886273503304,1.9647504,12.846670840742402,-0.538577259755602,1.6450968777715893,,1.7310139231039374,0.11063560080279158
2022-06-29,Maqueda Bay,30.320352785289288,34.03576766140759,0.03723258152604103,0.017700735479593277,10.528886273503304,2.1875954,19.270005965928693,0.48771985047638833,1.5815110658823763,,1.6550069196402537,0.13014780165991477
2022-06-30,Maqueda Bay,30.21048615127802,34.017456555739045,-0.001831110566854477,0.03357036039233208,10.528886273503304,1.531661,6.423335420371201,-0.5762162338805067,1.8211457743796582,,1.9101301211509962,0.14966000251703793
2022-07-01,Maqueda Bay,30.26761680096388,33.980834344401956,0.03723258152604103,0.012207403779029846,10.528886273503304,1.5280911,3.2266361262941143,0.1212129546416991,0.8629239516424155,,0.871395620078006,0.16917220337416108
2022-07-02,Maqueda Bay,30.34525588899851,34.02508618310094,-0.03357036039233208,0.03479110077023506,13.885922476649284,2.1846993,5.182917366379416,-1.8683175777991745,0.915767255356884,,2.0806826373806397,0.18868440423128427
2022-07-03,Maqueda Bay,30.43534652888775,34.05560469254851,-0.029908139258623123,0.010986663401126862,13.580737367272377,2.1393745,0.0,-1.58407253739678,-0.18881181658334392,,1.5952854621716375,0.20819660508840743
2022-07-04,Maqueda Bay,30.42289497703314,34.005249151960015,-0.04577776417136192,0.0079348124563694,12.359996929764748,2.1449997,21.86341878419281,-0.8221793050981089,-0.20905445892902966,,0.8483410732304069,0.22770880594553058
2022-07-05,Maqueda Bay,30.47196874022484,33.93047880381346,-0.01831110566854477,-0.03723258152604103,10.681478828191757,1.4862938,7.287806449397918,0.1194497162179991,0.25462373043692843,0.24722100680265377,0.2812498512109439,0.24722100680265377
2022-07-06,Maqueda Bay,30.306436344981194,33.874019561335444,0.001831110566854477,-0.0317392498254776,10.528886273503304,0.71774054,5.977486652163316,0.44225947899868684,0.50440452504993,,0.6708333411921589,0.23867555788530018
2022-07-07,Maqueda Bay,30.36210210621357,33.90301214531064,0.009155552834272385,0.004272591322660446,10.528886273503304,0.87963504,1.534088228155391,-0.18291257310856715,0.8451942851804733,,0.8647603073123373,0.23013010896794658
2022-07-08,Maqueda Bay,30.376750990748405,33.88775289058685,0.01342814415693283,0.03357036039233208,10.681478828191757,1.2424321,5.224910881845266,-0.40690527942652716,0.9689944791345247,,1.0509625145638493,0.22158466005059296
2022-07-09,Maqueda Bay,30.375286102294922,33.79314551129937,0.040894802659749985,-0.021973326802253723,10.528886273503304,1.0956182,10.420884963004818,0.8713197008790337,0.26205384031412726,,0.9098737474855018,0.21303921113323937
2022-07-10,Maqueda Bay,30.18704793602228,33.78093810752034,0.020142216235399246,-0.012817773967981339,10.528886273503304,1.8875536,9.66830919268677,1.2944908894393283,0.7289477585665323,0.20449376221588578,1.4856215862596354,0.20449376221588578
2022-07-11,Maqueda Bay,30.164342164993286,33.79467143677175,0.02075258642435074,0.0048829615116119385,12.817774593830109,1.8979377,10.577573155111613,1.6638935233113672,1.1236290856714517,,2.007755956057503,0.2016840911426411
2022-07-12,Maqueda Bay,30.482955403625965,33.849604753777385,0.028077028691768646,0.010986663401126862,12.512589484453201,1.9823488,6.023460853301251,0.5531351629276875,0.9234468411875059,,1.0764351243647812,0.19887442006939643
2022-07-13,Maqueda Bay,30.572313599288464,33.84197512641549,0.006103701889514923,0.006714072078466415,12.817774593830109,1.2547925,0.9045814039520403,-0.5114091578949124,0.8065612445839081,,0.9550289880645122,0.19606474899615173
2022-07-14,Maqueda Bay,30.671926014125347,33.82061216980219,-0.017090365290641785,0.006103701889514923,11.59703415632248,1.6155791,2.621276261802826,-0.5201591684963378,0.4968442897954442,,0.7193189896514208,0.19325507792290705
2022-07-15,Maqueda Bay,30.716605111956596,33.837397349998355,-0.02136295661330223,0.03479110077023506,11.291849046945572,3.7412624,0.0,-0.5362364230587762,0.7454225189302373,0.19044540684966238,0.9182615276396865,0.19044540684966238
2022-07-16,Maqueda Bay,30.78398998081684,33.65886406973004,0.0012207403779029846,0.031128879636526108,10.528886273503304,3.1598866,14.232918081561907,-0.16396332164071767,0.750774868813067,,0.7684704773019815,0.15958282233149967
2022-07-17,Maqueda Bay,30.499801620841026,33.62376778386533,0.02624591812491417,-0.0317392498254776,10.528886273503304,3.0974681,22.40203318031885,0.1804750330875375,0.4253581815818182,,0.4620614896380554,0.12872023781333697
2022-07-18,Maqueda Bay,30.311563454568386,33.5398418828845,0.01037629321217537,0.01037629321217537,10.528886273503304,6.1383843,1.3528054628504036,0.5889775457666478,0.804693943151984,,0.9972095524827227,0.09785765329517426
2022-07-19,Maqueda Bay,30.498336732387543,33.62376778386533,-0.035401470959186554,0.017090365290641785,10.528886273503304,6.362695,0.0,-1.2614904946512364,-0.03933245587427301,,1.262103525936174,0.06699506877701156
2022-07-20,Maqueda Bay,30.47709584981203,33.72600479051471,-0.04211554303765297,0.035401470959186554,10.986663937568665,1.21914,0.0,-2.175900396921866,0.10946510919810666,0.03613248425884886,2.1786521400757137,0.03613248425884886
2022-07-21,Maqueda Bay,30.46024963259697,33.790093660354614,-0.02685628831386566,-0.0012207403779029846,10.528886273503304,1.2188421,13.6548857754826,-1.4146828260684416,-0.3917125298243782,,1.4679121923311376,0.04057627100297801
2022-07-22,Maqueda Bay,30.567918933928013,33.81145661696792,-0.05005035549402237,0.0030518509447574615,10.528886273503304,0.91081065,2.1627146351721978,-1.4823476374858655,0.01922846416031086,,1.4824723444954686,0.04502005774710717
2022-07-23,Maqueda Bay,30.46464429795742,33.79161958582699,-0.03906369209289551,-0.02075258642435074,10.528886273503304,3.9643505,6.621069517003776,-0.7321247823733151,-0.293673711840182,,0.7888288445481467,0.04946384449123632
2022-07-24,Maqueda Bay,30.470503851771355,33.69853813201189,-0.03418073058128357,-0.0048829615116119385,10.528886273503304,3.8890188,5.099722416170181,-0.42075573656276066,-0.15920659968280929,,0.4498690156401456,0.053907631235365475
2022-07-25,Maqueda Bay,30.211951039731503,33.632923336699605,0.011597033590078354,-0.020142216235399246,10.528886273503304,1.840079,5.262336121543028,0.40715759508223087,0.40940639605992885,,0.5774001250155087,0.05835141797949463
2022-07-26,Maqueda Bay,30.406048759818077,33.67717517539859,0.028077028691768646,-0.0079348124563694,10.528886273503304,2.3701324,3.431312831316126,1.2882338003629623,0.9309529997682834,,1.5894086359948991,0.06279520472362378
2022-07-27,Maqueda Bay,30.343058556318283,33.657338144257665,0.04272591322660446,-0.025025177747011185,10.528886273503304,3.4598541,1.0973735888432796,2.081876495129584,0.6929410231649827,,2.194168863729037,0.06723899146775295
2022-07-28,Maqueda Bay,30.291055016219616,33.63902703858912,0.03357036039233208,-0.01342814415693283,11.444441601634026,3.4599044,20.29443410354825,2.7846351834526004,0.9781919315155029,,2.9514492304297097,0.0716827782118821
2022-07-29,Maqueda Bay,30.19876704365015,33.60087890177965,0.02136295661330223,0.009765923023223877,12.05481182038784,3.4564846,30.533550830846924,1.8110362371457454,1.4869904252091977,,2.343286746627235,0.07612656495601125
2022-07-30,Maqueda Bay,30.16141238808632,33.60087890177965,0.014648884534835815,0.014038514345884323,15.717033132910728,3.6909258,21.461690472018333,0.9048088110048567,1.5604327381109822,,1.803781947642386,0.0805703517001404
2022-07-31,Maqueda Bay,30.417035423219204,33.645130740478635,-0.004272591322660446,0.04272591322660446,14.496292695403099,4.9731183,10.15417355216593,-0.7898706883431885,1.2725610824908367,,1.4977674762705968,0.08501413844426955
2022-08-01,Maqueda Bay,30.401654094457626,33.596301125362515,-0.009765923023223877,0.032959990203380585,13.27555225789547,4.95086,5.398810016028526,-0.8771268910971491,0.6574612591632245,,1.0961783114011348,0.08945792518839871
2022-08-02,Maqueda Bay,30.629444248974323,33.62529370933771,-0.03906369209289551,0.019531846046447754,13.27555225789547,4.750403,0.0,-1.5466274599578795,0.14037489510036497,,1.552984742703611,0.09390171193252786
2022-08-03,Maqueda Bay,30.473433628678322,33.61613815650344,-0.03723258152604103,0.006103701889514923,12.665182039141655,2.6713092,22.703508857574697,-1.2716548910598207,0.16644975164370865,,1.2825021176507336,0.09834549867665701
2022-08-04,Maqueda Bay,30.080843523144722,33.29874565824866,0.032959990203380585,0.03234962001442909,10.681478828191757,1.3590399,25.339760878485283,0.20357514400540544,1.5870758725931269,,1.6000789557468895,0.10278928542078616
2022-08-05,Maqueda Bay,29.674336977303028,33.14615311101079,0.051271095871925354,0.031128879636526108,10.528886273503304,0.9451099,22.703508857574697,-0.15852302258130604,1.4933963853945667,,1.501786373822146,0.10723307216491532
2022-08-06,Maqueda Bay,29.792992942035198,33.25449381954968,0.005493331700563431,0.024414807558059692,10.528886273503304,1.4184712,24.488373160179123,-0.1651288323373761,1.2537246548803869,,1.264552506432236,0.11167685890904447
2022-08-07,Maqueda Bay,29.787133388221264,33.23313086293638,0.0030518509447574615,0.005493331700563431,10.528886273503304,1.6374773,8.162790817049792,-0.23325877301508938,0.4425618343851565,,0.5002705592405571,0.11612064565317362
2022-08-08,Maqueda Bay,29.995147548615932,33.26364937238395,-0.040894802659749985,-0.017090365290641785,10.528886273503304,3.640279,8.162790817049792,-0.14447540854780797,-0.09506839772518103,,0.17294838513582378,0.12056443239730277
2022-08-09,Maqueda Bay,30.237586587667465,33.17819754593074,-0.0079348124563694,-0.056764427572488785,10.528886273503304,3.6242573,3.3903291236420383,0.46154680828192624,0.08386060785682485,,0.4691034617068492,0.12500821914143193
2022-08-10,Maqueda Bay,30.373088769614697,33.13394570723176,-0.030518509447574615,-0.05310220643877983,10.528886273503304,2.3836317,22.79320835517848,0.30415405179183397,0.0392164687079177,,0.30667184194071145,0.1294520058855611
2022-08-11,Maqueda Bay,30.397259429097176,33.11105682514608,-0.016479995101690292,-0.036011841148138046,10.528886273503304,2.3843813,4.768345086439047,0.49374751424243574,0.09969848308597823,,0.5037126118633812,0.13389579262969026
2022-08-12,Maqueda Bay,30.510788284242153,33.066804986447096,-0.008545182645320892,-0.04455702379345894,10.528886273503304,3.7571554,5.7621016311938495,0.33565027595147334,-0.17563659626246172,,0.3788262420859505,0.1383395793738194
2022-08-13,Maqueda Bay,30.315225675702095,32.89590133354068,0.0030518509447574615,-0.0030518509447574615,10.528886273503304,3.7580035,10.754183190575759,0.24608611260684016,0.3358448105821477,,0.41635334946761876,0.14278336611794856
2022-08-14,Maqueda Bay,29.954863116145134,32.76161989197135,0.05798516795039177,0.017700735479593277,10.528886273503304,1.4561344,14.305035504694173,1.07782149852626,1.3550393672861183,,1.7314245203243936,0.14722715286207771
2022-08-15,Maqueda Bay,29.899197354912758,32.874538376927376,0.02929776906967163,-0.019531846046447754,10.528886273503304,1.5823017,3.774588541684245,1.262255491697503,1.3328213873437023,,1.8356747470293577,0.15167093960620687
2022-08-16,Maqueda Bay,30.244911029934883,32.900479109957814,0.014648884534835815,-0.006714072078466415,10.528886273503304,4.698321,2.9205752964576455,1.0579730786934576,1.000565228961593,,1.4561723155750068,0.15611472635033602
2022-08-17,Maqueda Bay,30.15701772272587,32.874538376927376,0.006714072078466415,-0.016479995101690292,10.528886273503304,4.6989455,5.841150592915291,-0.25554195656117623,0.27195640295578427,,0.37317821033892506,0.16055851309446517
2022-08-18,Maqueda Bay,30.30863367766142,32.87148652598262,-0.027466658502817154,0.025635547935962677,10.528886273503304,3.5528347,4.202079890144219,-0.6153134446855874,0.3759968122846346,,0.7210993260703065,0.16500229983859432
2022-08-19,Maqueda Bay,30.245643474161625,32.863856898620725,-0.039674062281847,0.0079348124563694,10.528886273503304,3.5691202,3.337800514862834,-0.6423213149797857,0.3700883143696401,,0.7413110225204551,0.16944608658272348
2022-08-20,Maqueda Bay,30.29691457003355,32.85927912220359,0.0158696249127388,0.0006103701889514923,10.528886273503304,4.038564,2.9205752964576455,0.9410899429381819,0.3945217266329209,,1.0204399411453922,0.17388987332685263
2022-08-21,Maqueda Bay,30.04275642335415,32.81197543255985,0.040894802659749985,-0.031128879636526108,10.528886273503304,4.029759,18.64664834545504,2.727509542588648,0.8090132844025189,,2.8449623546282448,0.17833366007098178
2022-08-22,Maqueda Bay,29.869167141616344,32.81197543255985,0.04577776417136192,0.014648884534835815,12.207404375076294,3.990508,15.609950234080605,2.4374171804708915,2.6256910003692155,,3.5826325154939576,0.18277744681511093
2022-08-23,Maqueda Bay,29.94460889697075,32.876064302399755,0.0,0.04577776417136192,12.207404375076294,1.6695265,4.610531656789707,-0.4762072381040453,2.365252704195029,,2.4127150035436387,0.18722123355924009
2022-08-24,Maqueda Bay,30.220007926225662,32.9447309486568,-0.019531846046447754,0.039674062281847,12.512589484453201,1.3526835,6.3410547435192095,-1.0581268635680317,0.7431097772404356,,1.292998298697508,0.19166502030336924
2022-08-25,Maqueda Bay,30.41996520012617,33.06222721002996,-0.0476088747382164,0.017700735479593277,13.122959703207016,1.6100659,0.0,-1.8556193544469317,-0.12721505244005488,,1.8599749617038863,0.1961088070474984
2022-08-26,Maqueda Bay,30.238319031894207,33.06222721002996,-0.04028443247079849,-0.022583696991205215,12.359996929764748,1.6120051,21.457874538345454,-0.6177554421855603,-0.9312462824536442,,1.1175157381145062,0.20055259379162754
2022-08-27,Maqueda Bay,30.480025626718998,33.042390178889036,-0.003662221133708954,0.015259254723787308,10.528886273503304,7.330353,0.0,0.022005094363685907,0.9387380242766565,,0.9389959011629365,0.2049963805357567
2022-08-28,Maqueda Bay,30.51005584001541,33.068330911919475,-0.003662221133708954,0.043336283415555954,10.528886273503304,1.6349972,2.29358646140853,-0.6429897065364245,1.1071166963003316,,1.2802902569100327,0.20944016727988585
2022-08-29,Maqueda Bay,30.581102930009365,33.07596053928137,-0.03906369209289551,0.021973326802253723,10.528886273503304,1.8563013,0.0,-0.6220548007813329,0.5468304517600698,0.213883954024015,0.8282365109962406,0.213883954024015
2022-08-30,Maqueda Bay,30.60014647990465,33.08359016664326,0.012207403779029846,-0.001831110566854477,10.528886273503304,4.6109505,0.0,0.2384687910325319,0.5930146435200727,,0.6391664350744306,0.22667775419141076
2022-08-31,Maqueda Bay,30.55839715898037,33.06222721002996,0.02624591812491417,-0.0024414807558059692,10.528886273503304,3.358712,15.6913325226252,1.6347158307676806,1.029909374532037,,1.9320996783580913,0.23947155435880652
2022-09-01,Maqueda Bay,30.51298561692238,33.06527906097472,0.036011841148138046,0.007324442267417908,10.528886273503304,3.358712,0.0,1.9237827088278086,1.842886385052406,,2.6640514520174694,0.25226535452620225
2022-09-02,Maqueda Bay,30.55107271671295,33.080538315698504,0.025635547935962677,0.02075258642435074,11.139256492257118,3.5669575,0.0,1.5155270131256093,2.0809999119461247,,2.5743703620561686,0.26505915469359803
2022-09-03,Maqueda Bay,30.622852250933647,33.09427164494991,0.014648884534835815,0.017700735479593277,10.986663937568665,3.1625814,8.023184742612589,0.9223681543603797,1.60600728089072,,1.8520319647490366,0.27785295486099376
2022-09-04,Maqueda Bay,30.788384646177292,33.10190127231181,0.0012207403779029846,0.029908139258623123,11.59703415632248,3.6043167,8.023184742612589,-0.37781578409797445,1.4717725904758294,,1.5194931144264856,0.29064675502838955
2022-09-05,Maqueda Bay,30.699758894741535,33.10800497420132,-0.0079348124563694,0.02868739888072014,12.512589484453201,3.7473886,0.0,-0.34583554025492425,0.8923226619245079,,0.9569963186384026,0.3034405551957853
2022-09-06,Maqueda Bay,30.74736776947975,33.08206424117088,-0.0006103701889514923,0.0158696249127388,10.83407138288021,3.8024333,35.19206998388521,-0.42598367929053294,0.883440560958397,,0.9807799548157511,0.316234355363181
2022-09-07,Maqueda Bay,30.95904415100813,33.103427197784185,-0.014648884534835815,-0.009765923023223877,10.528886273503304,4.443929,0.0,-0.42198564416357254,-0.037725019060429105,,0.423668574410771,0.3290281555305768
2022-09-08,Maqueda Bay,31.011780135333538,33.00119019113481,-0.032959990203380585,0.0024414807558059692,10.528886273503304,2.2072408,6.847051455677928,0.37381969773146523,0.022708956757248988,,0.37450882917368805,0.3418219556979726
2022-09-09,Maqueda Bay,30.610400699079037,33.00424204207957,0.025635547935962677,-0.014038514345884323,10.528886273503304,1.8220869,4.449704996451803,1.6949513965110772,0.5778891650454658,,1.790758533027777,0.3546157558653683
2022-09-10,Maqueda Bay,30.710745558142662,33.033234626054764,0.019531846046447754,-0.012207403779029846,10.986663937568665,1.8690386,0.0,1.7908968600666906,0.8421079630242663,,1.979004139658533,0.36740955603276404
2022-09-11,Maqueda Bay,30.76348154246807,33.043916104361415,0.027466658502817154,0.0024414807558059692,11.902219265699387,5.026015,0.0,2.2201819194494083,1.0265695467484885,,2.4460279617701546,0.38020335620015977
2022-09-12,Maqueda Bay,30.89385661482811,33.08206424117088,0.025025177747011185,-0.004272591322660446,13.73332992196083,2.6130388,0.0,2.5165162091350846,0.8770312220955955,,2.6649648394247363,0.39299715636755556
2022-09-13,Maqueda Bay,31.005920581519604,33.11258275061846,0.023194067180156708,0.003662221133708954,14.343700140714645,1.0631982,0.0,2.2013495896093085,1.238970488671285,,2.526061734691263,0.40579095653495134
2022-09-14,Maqueda Bay,31.02496413141489,33.08969386853278,0.03234962001442909,0.0030518509447574615,13.122959703207016,3.863086,20.901872362409318,2.69104170601992,1.1981265718645353,,2.945710906682199,0.41858475670234707
2022-09-15,Maqueda Bay,30.90557572245598,33.0591753590852,0.03234962001442909,0.01342814415693283,17.39555123448372,3.0464756,2.026893428210655,3.0027950366419165,2.066933301899501,,3.6454068780566184,0.4313785568697428
2022-09-16,Maqueda Bay,30.77080598473549,33.04849388077855,0.03234962001442909,0.01892147585749626,19.53184700012207,2.3927178,0.0,2.5932252735396055,2.3301432200547154,,3.4863139194988624,0.4441723570371386
2022-09-17,Maqueda Bay,30.74224065989256,33.04849388077855,0.020142216235399246,0.031128879636526108,16.327403351664543,2.5469859,0.0,2.2086157759314395,1.72004704535933,,2.799383054164363,0.4569661572045344
2022-09-18,Maqueda Bay,30.806695751845837,33.05307165719569,0.0238044373691082,0.017700735479593277,15.106662914156914,2.4603035,8.535279908304755,2.1110226305706843,0.9767540863929498,,2.3260406471226807,0.4697599573719301
2022-09-19,Maqueda Bay,30.774468205869198,33.05001980625093,0.017090365290641785,0.020142216235399246,15.564440578222275,6.541746,5.852763475544076,1.9239118258914993,1.1060288229537742,,2.219174727462818,0.48255375753932583
2022-09-20,Maqueda Bay,30.728324219584465,33.05307165719569,0.015259254723787308,0.0024414807558059692,16.022218242287636,5.7642922,2.9584471496385727,2.066656248215225,0.7514731877382199,,2.199040699981806,0.4953475577067216
2022-09-21,Maqueda Bay,30.781060203909874,33.05154573172331,0.0048829615116119385,0.01342814415693283,14.801477804780006,5.750131,9.46404008967902,1.4352603889870885,0.6217248205910002,,1.5641336697144141,0.5081413578741174
2022-09-22,Maqueda Bay,30.690237119793892,33.042390178889036,0.01892147585749626,-0.012817773967981339,15.564440578222275,3.1239455,5.389367910024756,2.159201099828542,-0.09272702898444686,,2.1611912667334807,0.5209351580415131
2022-09-23,Maqueda Bay,30.549607828259468,33.02407907322049,0.01892147585749626,-0.025635547935962677,17.39555123448372,2.859534,6.70406364039525,3.13422430938406,-0.43928185504241885,,3.1648586966408936,0.5337289582089089
2022-09-24,Maqueda Bay,30.363566994667053,32.995086489245296,0.01342814415693283,0.0030518509447574615,19.53184700012207,2.7780228,13.30658620989634,2.738447850839251,0.7569399082132386,,2.8411361559087553,0.5465227583763046
2022-09-25,Maqueda Bay,30.233191922307014,32.94015317223966,0.031128879636526108,0.036011841148138046,16.17481079697609,0.9096516,10.778735820049512,1.9447536995982984,1.823221904923691,,2.665746624624111,0.5593165585437003
2022-09-26,Maqueda Bay,30.245643474161625,32.94015317223966,0.019531846046447754,0.03479110077023506,15.106662914156914,1.1442953,8.828818041424961,1.1350278829509513,1.5211522917378366,,1.8979443062786092,0.5721103587110961
2022-09-27,Maqueda Bay,30.200231932103634,32.84859764389694,0.016479995101690292,0.03357036039233208,10.681478828191757,1.2822323,11.219212631659206,0.8737654181736257,0.6889432312395655,,1.1127033665209,0.5849041588784919
2022-09-28,Maqueda Bay,30.191442601382732,32.84554579295218,0.0024414807558059692,0.02868739888072014,13.73332992196083,1.2777178,10.266898456989528,0.17843206380346688,0.3463112363925559,,0.3895760180566884,0.5976979590458876
2022-09-29,Maqueda Bay,30.381878100335598,32.90810873731971,-0.043336283415555954,0.014038514345884323,13.580737367272377,2.5133274,9.889933695990917,-1.1801056540310955,0.32358820838586655,,1.223666083244336,0.6104917592132835
2022-09-30,Maqueda Bay,30.348918110132217,32.898953184485435,-0.0317392498254776,0.02685628831386566,11.291849046945572,2.8149087,6.362789808147329,-1.144613779632869,-0.0024292523339669468,,1.1446163574719452,0.6232855593806792
2022-10-01,Maqueda Bay,30.302041679620743,32.96151612885296,-0.05737479776144028,0.0,11.139256492257118,1.7085233,25.44283401911159,-1.8766236647340317,-0.8283073487471498,,2.0512945773409337,0.6360793595480749
2022-10-02,Maqueda Bay,30.257362581789494,33.01339759491384,-0.06653035059571266,0.01892147585749626,10.528886273503304,1.9326544,0.0,-2.0725042171709585,-0.21866641154868063,,2.0840078526078027,0.6488731597154707
2022-10-03,Maqueda Bay,30.172399051487446,33.10037534683943,-0.035401470959186554,0.025635547935962677,10.528886273503304,1.2980773,12.180870431176343,-1.7145023810732434,0.2713995674874363,0.6616669598828664,1.7358502642619231,0.6616669598828664
2022-10-04,Maqueda Bay,30.297647014260292,33.150730887427926,-0.05493331700563431,-0.0079348124563694,10.528886273503304,6.6859603,0.0,-1.2788328429975164,-0.5409421260349068,,1.3885358562342838,0.5564003054837285
2022-10-05,Maqueda Bay,30.160679943859577,33.24533826671541,-0.06164738908410072,0.003662221133708954,10.528886273503304,4.0729337,2.8902484524634575,-1.8040028245327737,-0.7639303786352246,,1.9590854535532602,0.4511336510845908
2022-10-06,Maqueda Bay,30.26761680096388,33.355204900726676,-0.05005035549402237,0.0030518509447574615,10.528886273503304,2.0666544,18.995553132392658,-1.822038841615064,-0.46773112970023806,,1.8811161447514677,0.34586699668545295
2022-10-07,Maqueda Bay,30.252967916429043,33.404034515842795,-0.051881466060876846,-0.019531846046447754,10.528886273503304,1.2603306,16.972898541873864,-1.2973001772592927,-1.0429335471306425,,1.6645414184235536,0.24060034228631516
2022-10-08,Maqueda Bay,30.23905147612095,33.45744190737605,-0.05371257662773132,-0.014648884534835815,10.528886273503304,0.65157425,0.0,-1.259657545802032,-1.0497030427392942,0.13533368788717737,1.6396992439566869,0.13533368788717737
2022-10-09,Maqueda Bay,30.42728964239359,33.47880486398935,-0.031128879636526108,-0.04211554303765297,10.528886273503304,1.911807,8.486449270936932,0.09870078326433568,-0.7844913778399091,,0.7906760186841083,0.14138186313708775
2022-10-10,Maqueda Bay,30.328409671783447,33.46201968379319,0.01892147585749626,-0.04516739398241043,10.528886273503304,2.7541993,0.0,2.1580937287035438,-0.37293453226280804,,2.1900796120743293,0.14743003838699814
2022-10-11,Maqueda Bay,30.28446301817894,33.42081969603896,0.028077028691768646,-0.025025177747011185,10.83407138288021,1.7136933,0.0,2.432599261708775,0.5837406971605134,,2.5016579241749897,0.15347821363690853
2022-10-12,Maqueda Bay,30.3503829985857,33.40250859037042,0.028077028691768646,-0.01037629321217537,10.986663937568665,1.2864984,7.197910932901268,1.9638362693419118,0.41548692724756897,,2.0073072210043943,0.15952638888681892
2022-10-13,Maqueda Bay,30.368694104254246,33.40861229225993,0.029908139258623123,-0.014038514345884323,13.428144812583923,1.2985907,0.0,2.9812261816407633,0.027164521528644153,0.1655745641367293,2.9813499387576505,0.1655745641367293
2022-10-14,Maqueda Bay,30.314493231475353,33.405560441315174,0.023194067180156708,-0.024414807558059692,16.937773570418358,1.9713846,0.0,3.6296509346372345,-0.027399073540995515,,3.6297543465837814,0.16099899965954054
2022-10-15,Maqueda Bay,30.28006835281849,33.37809378281236,0.021973326802253723,0.019531846046447754,15.564440578222275,3.7283592,0.0,2.4861349721729353,1.9209659170107305,,3.1418111264330006,0.15642343518235174
2022-10-16,Maqueda Bay,30.287392795085907,33.36588637903333,0.0317392498254776,0.025635547935962677,15.106662914156914,4.482226,12.114888006641015,2.084539889694814,1.6554321723771748,,2.661909508054374,0.15184787070516298
2022-10-17,Maqueda Bay,30.216345705091953,33.32316046580672,0.014038514345884323,0.03479110077023506,14.95407035946846,4.4822254,11.747146455556749,1.162185345108947,1.3560131971870948,,1.7859021718256487,0.14727230622797421
2022-10-18,Maqueda Bay,30.270546577870846,33.31095306202769,0.008545182645320892,0.027466658502817154,12.817774593830109,1.5134605,33.21555178066552,0.48305211223389133,0.9765283361281667,,1.0894709424279612,0.14269674175078542
2022-10-19,Maqueda Bay,30.230262145400047,33.15836051478982,-0.009765923023223877,0.03418073058128357,10.681478828191757,1.2014257,13.21103112855082,-0.13719506643667764,0.8288383618998687,,0.8401163707555175,0.13812117727359666
2022-10-20,Maqueda Bay,30.099154628813267,33.25449381954968,-0.004272591322660446,0.0317392498254776,13.27555225789547,1.0473512,18.172331770444245,-0.775384465839862,0.7459272856103256,,1.0759314965571722,0.13354561279640786
2022-10-21,Maqueda Bay,30.356974996626377,33.320108614861965,-0.03723258152604103,0.025635547935962677,13.580737367272377,1.2182908,0.0,-1.4014401432068915,0.27164569981147096,,1.4275243820046706,0.1289700483192191
2022-10-22,Maqueda Bay,30.249305695295334,33.320108614861965,-0.04455702379345894,-0.0079348124563694,12.970367148518562,2.685723,0.0,-1.7574507354352393,-1.2328395601655435,,2.14674788193468,0.12439448384203033
2022-10-23,Maqueda Bay,30.26761680096388,33.33841972053051,-0.05005035549402237,-0.006103701889514923,11.444441601634026,2.1129124,5.388619630933722,-1.4487429442325168,-1.0427431691926474,0.11981891936484156,1.7849844356076126,0.11981891936484156
2022-10-24,Maqueda Bay,30.242713697254658,33.37046415545046,-0.048829615116119385,-0.017700735479593277,11.139256492257118,1.9869665,21.879931726763324,-1.192028805307827,-1.3352538593148044,,1.7899261273859,0.13297751137068703
2022-10-25,Maqueda Bay,30.221472814679146,33.356730826199055,-0.03906369209289551,-0.029908139258623123,10.83407138288021,1.9948784,32.49356022554975,-0.6904344551149548,-1.7190645781285392,,1.8525341455925008,0.14613610337653252
2022-10-26,Maqueda Bay,30.031769759953022,33.39793081395328,-0.07080294191837311,-0.01831110566854477,11.291849046945572,4.3015294,58.761331467401405,-1.4406818797174095,-1.6344913404084895,,2.178790081769336,0.15929469538237798
2022-10-27,Maqueda Bay,30.073519080877304,33.368938229978085,-0.005493331700563431,-0.05737479776144028,10.528886273503304,4.283178,61.94701705440397,1.1426919822342658,-2.013483970800009,,2.315137720942546,0.17245328738822346
2022-10-28,Maqueda Bay,29.79006316512823,33.3033234346658,0.024414807558059692,-0.012817773967981339,11.291849046945572,4.3495646,94.14412597796883,2.2569885039888895,1.6198899179011343,,2.7781361473577477,0.18561187939406892
2022-10-29,Maqueda Bay,29.6948454156518,33.356730826199055,0.02868739888072014,0.06591998040676117,19.07406933605671,6.505482,29.842028241369945,-0.7071432184500177,4.021942130416534,,4.083634414564964,0.1987704713999144
2022-10-30,Maqueda Bay,29.681661419570446,33.391827112063766,0.0030518509447574615,0.04150517284870148,16.479995906352997,7.5938683,0.0,-1.2659454086288147,2.6149655556876037,,2.905281851225618,0.2119290634057599
2022-10-31,Maqueda Bay,29.798852495849133,33.41319006867707,-0.0012207403779029846,0.04150517284870148,14.343700140714645,9.320304,0.0,-1.1512206727302114,1.6440573263422344,,2.007045970978487,0.22508765541160536
2022-11-01,Maqueda Bay,30.029572427272797,33.42234562151134,0.014038514345884323,0.036011841148138046,12.665182039141655,6.5561805,0.0,-0.3921425242306735,0.8394954183752081,,0.9265680313840803,0.23824624741745082
2022-11-02,Maqueda Bay,29.778344057500362,33.4253974724561,-0.014038514345884323,0.017090365290641785,16.63258846104145,6.556111,19.650511245024365,-1.2921517093908783,0.06362106746575007,,1.2937170016302832,0.25140483942329633
2022-11-03,Maqueda Bay,29.902127131819725,33.43302709981799,-0.03723258152604103,0.005493331700563431,14.496292695403099,2.6465244,2.467342069072108,-1.849949097357733,-0.7194878474582179,,1.984936881982586,0.2645634314291418
2022-11-04,Maqueda Bay,29.929960012435913,33.45591598190367,-0.04028443247079849,0.004272591322660446,14.801477804780006,4.790348,0.0,-2.230207571093761,-1.038152148647129,,2.459997092255311,0.27772202343498725
2022-11-05,Maqueda Bay,29.897000022232533,33.45896783284843,-0.03723258152604103,-0.001831110566854477,15.106662914156914,2.065581,14.123817689957157,-1.7770023203133913,-1.2114485469005498,,2.150661486191314,0.2908806154408327
2022-11-06,Maqueda Bay,29.923368014395237,33.465071534737945,-0.03723258152604103,0.0,14.95407035946846,2.2326117,0.0,-1.8696796469011236,-0.8646132530004657,,2.0599170030125866,0.30403920744667823
2022-11-07,Maqueda Bay,29.829615153372288,33.477278938516974,-0.031128879636526108,-0.004272591322660446,15.259255468845367,2.6632702,0.0,-1.671678317886192,-0.4817496268884079,0.3171977994525237,1.7397100624810815,0.3171977994525237
2022-11-08,Maqueda Bay,29.836207151412964,33.49406411871314,-0.031128879636526108,-0.0012207403779029846,15.411848023533821,2.3579383,11.667129455074187,-2.1801291266415084,-0.7155793597338003,,2.2945624482475306,0.26712736381837837
2022-11-09,Maqueda Bay,29.825220488011837,33.51084929890931,-0.0317392498254776,-0.0006103701889514923,15.869625687599182,2.0175858,46.66851782029675,-2.4063374051212203,-0.4225507843430911,,2.443155515441964,0.21705692818423308
2022-11-10,Maqueda Bay,29.829615153372288,33.526108553633094,-0.03418073058128357,0.0006103701889514923,15.564440578222275,1.3142886,26.097162220335225,-2.5177480243007087,-0.3793753517683329,,2.546169823754784,0.1669864925500878
2022-11-11,Maqueda Bay,29.869167141616344,33.54289373382926,-0.028077028691768646,0.0048829615116119385,14.801477804780006,1.3663421,0.0,-2.134377888456083,-0.27670671802576086,,2.1522396656810403,0.11691605691594248
2022-11-12,Maqueda Bay,29.9490035623312,33.561204839497805,-0.036011841148138046,-0.004272591322660446,14.496292695403099,6.000406,16.668743429462296,-2.2495548553535976,-0.6074455164193052,0.06684562128179715,2.3301259842898756,0.06684562128179715
2022-11-13,Maqueda Bay,29.95339822769165,33.57799001969397,-0.040894802659749985,-0.0012207403779029846,15.106662914156914,2.019071,16.668743429462296,-2.8912849819715585,-1.1407173965086166,,3.1081771226350132,0.05026082829503077
2022-11-14,Maqueda Bay,29.905789352953434,33.59477519989014,-0.04028443247079849,0.0030518509447574615,16.022218242287636,1.3565296,0.0,-2.954067531362164,-1.1691069677683223,,3.1769995407510825,0.033676035308264386
2022-11-15,Maqueda Bay,29.919705793261528,33.60698260366917,-0.03784295171499252,-0.0048829615116119385,15.717033132910728,0.9246147,19.86876771636822,-2.7857694229165757,-1.4348469684957097,,3.1335757690948336,0.017091242321498
2022-11-16,Maqueda Bay,29.885280914604664,33.62529370933771,-0.03234962001442909,0.0012207403779029846,16.022218242287636,0.765279,12.630036450750817,-2.6922664043787967,-0.7408221296532872,,2.792331609950861,0.0005064493347316235
2022-11-17,Maqueda Bay,29.767357394099236,33.6115603800863,-0.03357036039233208,-0.0012207403779029846,16.17481079697609,0.76468486,25.260072901501633,-2.9250880819348994,-0.825506523867982,,3.0393422492417974,-0.016078343652034754
2022-11-18,Maqueda Bay,29.620136104524136,33.60698260366917,-0.03418073058128357,0.0030518509447574615,19.53184700012207,0.7331641,37.89010719732937,-2.9383058293287565,-0.5533957993188413,,2.9899645578787535,-0.032663136638801146
2022-11-19,Maqueda Bay,29.500015251338482,33.60087890177965,-0.011597033590078354,0.007324442267417908,17.700736343860626,3.29776,29.849152071318496,-1.8019166001924434,0.12636123102943225,,1.8063417713036387,-0.049247929625567524
2022-11-20,Maqueda Bay,29.541032128036022,33.619190007448196,-0.01831110566854477,-0.0024414807558059692,15.564440578222275,3.5997746,25.260072901501633,-2.4090452936789246,0.1966541908933884,,2.4170585631698107,-0.0658327226123339
2022-11-21,Maqueda Bay,29.607684552669525,33.62376778386533,-0.022583696991205215,0.009155552834272385,14.801477804780006,3.5981379,12.960008671023694,-2.0164945897069173,0.22604771664552542,,2.0291249346745324,-0.08241751559910028
2022-11-22,Maqueda Bay,29.584246337413788,33.64818259142339,-0.025025177747011185,0.006714072078466415,15.869625687599182,8.329751,0.0,-2.3531563778414313,0.08101969616193964,-0.09900230858586666,2.3545507277911804,-0.09900230858586666
2022-11-23,Maqueda Bay,29.636249877512455,33.645130740478635,-0.031128879636526108,0.0079348124563694,14.801477804780006,2.5691302,31.902247111002602,-2.587740422213927,-0.10301210447110573,,2.589789950252236,-0.056615047230093196
2022-11-24,Maqueda Bay,29.62965787947178,33.67717517539859,-0.0317392498254776,0.017090365290641785,15.869625687599182,3.4303434,0.0,-3.596043444647212,0.13853866089556366,,3.59871107708759,-0.014227785874319734
2022-11-25,Maqueda Bay,29.62599565833807,33.70006405748427,-0.014648884534835815,0.007324442267417908,16.327403351664543,1.0619156,0.0,-1.9277072300598028,-0.19928463541919597,,1.937980786989128,0.028159475481453713
2022-11-26,Maqueda Bay,29.710959188640118,33.718375163152814,-0.0317392498254776,-0.012817773967981339,15.106662914156914,4.3409157,0.0,-2.51114698020047,-1.3814281886037103,,2.8660430904714023,0.07054673683722719
2022-11-27,Maqueda Bay,29.63844721019268,33.730582566931844,-0.039674062281847,-0.0158696249127388,17.242958679795265,5.518926,22.90744995082029,-2.6177723246962126,-1.7702321629263191,0.11293399819300068,3.1601351006886094,0.11293399819300068
2022-11-28,Maqueda Bay,29.69118319451809,33.741264045238495,-0.04028443247079849,-0.004272591322660446,14.95407035946846,5.398821,0.0,-2.933845689004069,-0.8919840381081434,,3.0664451814972122,0.1337631890285433
2022-11-29,Maqueda Bay,29.72414318472147,33.764152927324176,-0.036011841148138046,-0.0079348124563694,15.411848023533821,1.9411048,0.0,-2.9673289836000234,-1.1783557271357499,,3.1927360549513595,0.15459237986408594
2022-11-30,Maqueda Bay,29.677999198436737,33.77941218204796,-0.039674062281847,-0.0079348124563694,16.327403351664543,1.9410595,7.635816713265741,-3.38844515365848,-1.1295787850623902,,3.571765500563365,0.17542157069962855
2022-12-01,Maqueda Bay,29.664815202355385,33.79619736224413,-0.03723258152604103,-0.004272591322660446,16.022218242287636,1.3335108,0.0,-3.3462013303861995,-1.1699739519084893,,3.544841659598174,0.19625076153517118
2022-12-02,Maqueda Bay,29.606952108442783,33.812982542440295,-0.03723258152604103,-0.0048829615116119385,16.937773570418358,1.1395203,14.59359908213813,-2.839192295214979,-1.0992114586745287,,3.0445490175212298,0.2170799523707138
2022-12-03,Maqueda Bay,29.625263214111328,33.83129364810884,-0.02929776906967163,-0.005493331700563431,15.717033132910728,0.871686,7.516108411797729,-2.893685823582366,-0.8834413744810691,,3.0255390111096827,0.23790914320625645
2022-12-04,Maqueda Bay,29.582781448960304,33.83129364810884,-0.0317392498254776,-0.012207403779029846,15.564440578222275,1.5493017,42.24861027824531,-2.388145468949218,-1.0119531091940615,,2.593701578067571,0.2587383340417991
2022-12-05,Maqueda Bay,29.47071748226881,33.84655290283263,-0.024414807558059692,-0.003662221133708954,19.379254445433617,2.225344,9.952943634877007,-2.383494669207772,-0.9318754304688929,,2.559187108449371,0.2795675248773417
2022-12-06,Maqueda Bay,29.47877436876297,33.861812157556415,-0.02868739888072014,-0.011597033590078354,16.022218242287636,2.8480308,0.0,-2.4261237643384668,-1.1828925945206756,,2.699131602953014,0.30039671571288434
2022-12-07,Maqueda Bay,29.508804582059383,33.8770714122802,-0.023194067180156708,-0.023194067180156708,15.564440578222275,3.7684782,2.867246343609741,-1.5711624848657517,-1.8290368635260186,0.321225906548427,2.4112087014579675,0.321225906548427
2022-12-08,Maqueda Bay,29.36817529052496,33.87096771039069,-0.020142216235399246,-0.016479995101690292,18.31110656261444,3.1809661,42.061137350290416,-1.0633275078278774,-1.1393112409254005,,1.5584272496983684,0.25451835270133727
2022-12-09,Maqueda Bay,29.013672284781933,33.64207888953388,-0.001831110566854477,-0.02624591812491417,11.749626711010933,3.353285,38.81321488950292,-0.02214443782256005,-0.46178135393050407,,0.46231201040462566,0.18781079885424762
2022-12-10,Maqueda Bay,29.064210936427116,33.704641833901405,0.040894802659749985,-0.009765923023223877,14.343700140714645,1.8283101,0.0,2.4697645058318978,1.2373993347713388,,2.7624072523723995,0.12110324500715794
2022-12-11,Maqueda Bay,29.227545998990536,33.777886256575584,0.02136295661330223,-0.012817773967981339,15.259255468845367,3.2736275,0.0,1.5792422428107322,0.29912252312923626,,1.607320859480481,0.05439569116006826
2022-12-12,Maqueda Bay,29.461195707321167,33.77178255468607,-0.0006103701889514923,-0.014648884534835815,13.122959703207016,2.668909,9.201554644126128,-0.04217823308624541,-0.2310282268667929,-0.012311862687021426,0.23484685425930654,-0.012311862687021426
2022-12-13,Maqueda Bay,29.447279267013073,33.77330848015845,-0.027466658502817154,-0.010986663401126862,13.73332992196083,2.4886405,0.0,-1.2632218668902122,-0.9048385708480413,,1.5538540228360962,0.03853581886645073
2022-12-14,Maqueda Bay,29.357188627123833,33.78246403299272,-0.0317392498254776,0.0006103701889514923,14.801477804780006,2.346258,1.3823084633471228,-2.26678346104056,-0.6814811386165469,,2.3670073513905963,0.08938350041992288
2022-12-15,Maqueda Bay,29.359385959804058,33.79467143677175,-0.03662221133708954,0.001831110566854477,15.106662914156914,2.1086833,0.0,-3.3971334714866828,-1.2189561677170921,,3.609206278658883,0.14023118197339504
2022-12-16,Maqueda Bay,29.322031304240227,33.80840476602316,-0.03357036039233208,0.0012207403779029846,15.411848023533821,2.3866441,0.0,-3.2336364964110427,-1.1457326745387042,,3.430613407603237,0.1910788635268672
2022-12-17,Maqueda Bay,29.363048180937767,33.82824179716408,-0.035401470959186554,-0.014038514345884323,14.95407035946846,3.5355256,10.757627472533242,-2.6155367673801266,-1.5405680221804925,0.24192654508033934,3.0355201222331565,0.24192654508033934
2022-12-18,Maqueda Bay,29.19312112033367,33.837397349998355,-0.048829615116119385,-0.012817773967981339,18.158514007925987,3.5078442,13.706733451644032,-3.398863476257428,-2.168071171154609,,4.031476842725064,0.2341829138799592
2022-12-19,Maqueda Bay,29.02026428282261,33.8343454990536,-0.0317392498254776,-0.0030518509447574615,19.07406933605671,3.5077705,33.51288720173404,-2.4970947935185865,-1.170400909322008,,2.7577745912890372,0.22643928267957908
2022-12-20,Maqueda Bay,28.884762100875378,33.79619736224413,-0.028077028691768646,-0.0048829615116119385,15.717033132910728,1.608448,75.3033927061957,-2.76166059371499,-0.8586633146234778,,2.892070525204807,0.21869565147919895
2022-12-21,Maqueda Bay,28.82396923005581,33.823664020746946,-0.009155552834272385,-0.014038514345884323,16.17481079697609,1.7912632,23.858542766072965,-0.9631156886798056,-0.7962243672767273,,1.249625973172133,0.21095202027881885
2022-12-22,Maqueda Bay,28.678945273160934,33.751945523545146,-0.009765923023223877,-0.03418073058128357,14.038515031337738,1.6441265,0.0,-0.5799104622887684,-1.53474763318496,,1.6406542724897313,0.20320838907843872
2022-12-23,Maqueda Bay,28.651112392544746,33.73821219429374,-0.029908139258623123,-0.04516739398241043,12.970367148518562,2.4430707,53.386732028193556,-1.9047845851046885,-2.502292042293071,,3.1447845364310205,0.1954647578780586
2022-12-24,Maqueda Bay,28.32517471164465,33.66344184614718,-0.05249183624982834,-0.06042664870619774,16.17481079697609,2.4620697,53.386732028193556,-2.5222000287231188,-4.648108563752291,,5.288327354213077,0.18772112667767846
2022-12-25,Maqueda Bay,28.021210357546806,33.67717517539859,-0.04516739398241043,-0.04516739398241043,19.53184700012207,2.4620643,64.0640746613252,-2.8215227482689906,-4.283530180543157,,5.129290538332128,0.17997749547729833
2022-12-26,Maqueda Bay,27.74874110519886,33.67412332445383,-0.029908139258623123,-0.02868739888072014,19.53184700012207,2.3127716,43.492454212382086,-2.213333149338936,-3.6653861635114735,,4.281810289775105,0.17223386427691822
2022-12-27,Maqueda Bay,27.54805138707161,33.68480480276048,-0.023194067180156708,-0.015259254723787308,19.53184700012207,1.4482241,28.994969715171145,-2.232139669982779,-3.009683324679163,,3.747084362696235,0.1644902330765381
2022-12-28,Maqueda Bay,27.428662978112698,33.668019622564316,-0.016479995101690292,0.009155552834272385,18.768884226679802,1.4236864,43.492454212382086,-2.7735870166334533,-1.2610956887924303,,3.0468257703926085,0.15674660187615796
2022-12-29,Maqueda Bay,27.713583782315254,33.704641833901405,-0.01892147585749626,0.040894802659749985,13.122959703207016,1.4236864,0.0,-2.450385012513695,0.4226058402543002,,2.486560356349466,0.14900297067577783
2022-12-30,Maqueda Bay,27.8300424143672,33.73668626882136,-0.009765923023223877,0.0317392498254776,13.428144812583923,3.9029915,0.0,-1.7978514801627665,-0.022439323989736748,,1.797991509430611,0.1412593394753977
2022-12-31,Maqueda Bay,27.927457496523857,33.739738119766116,-0.017700735479593277,0.0079348124563694,12.512589484453201,4.011747,0.0,-1.9020546907391198,-0.8404614548962576,,2.0794680819211973,0.13351570827501757
2023-01-01,Maqueda Bay,27.87105929106474,33.77941218204796,-0.023194067180156708,0.01037629321217537,15.564440578222275,2.8517525,48.51205921905564,-2.7456531107432443,-1.0593537083426587,,2.942930730396724,0.12577207707463745
2023-01-02,Maqueda Bay,27.85055085271597,33.69853813201189,-0.039674062281847,0.006714072078466415,10.681478828191757,2.4004612,13.415903437155917,-3.0503363001310104,-1.5853359856249374,,3.437708790926645,0.11802844587425733
2023-01-03,Maqueda Bay,27.75313577055931,33.706167759373784,-0.04028443247079849,0.01342814415693283,14.343700140714645,2.404923,45.97776465115642,-3.7937962161998797,-1.2464601907359356,,3.9933135034882987,0.11028481467387721
2023-01-04,Maqueda Bay,27.67476423829794,33.69701220653951,-0.036011841148138046,0.028077028691768646,12.970367148518562,2.3121595,43.5264410672283,-3.420068962063552,-0.31561791523911037,,3.4346013413044525,0.10254118347349708
2023-01-05,Maqueda Bay,27.791222870349884,33.78704180940986,-0.030518509447574615,0.020142216235399246,17.09036612510681,2.3622127,64.97659418952813,-3.676453965963805,-0.7128894064386699,,3.7449332530318173,0.09479755227311695
2023-01-06,Maqueda Bay,27.80660419911146,33.80993069149554,-0.02868739888072014,0.006103701889514923,16.022218242287636,2.2820234,21.082243513584867,-3.2180405473622633,-1.4538132723369765,,3.531197813106873,0.08705392107273682
2023-01-07,Maqueda Bay,27.723105557262897,33.83129364810884,-0.02624591812491417,-0.009155552834272385,18.921476781368256,2.3237667,25.57446469249813,-2.970860208227942,-2.5531732094986404,,3.91723165188552,0.07931028987235669
2023-01-08,Maqueda Bay,27.615436255931854,33.8343454990536,-0.028077028691768646,-0.021973326802253723,18.921476781368256,2.699997,55.49858981013847,-2.830714040395423,-2.54714459875983,,3.808003096832138,0.07156665867197656
2023-01-09,Maqueda Bay,27.412549205124378,33.66496777161956,-0.03479110077023506,-0.029908139258623123,13.885922476649284,3.765022,61.7132953403549,-2.748951274211291,-2.2906013585861005,,3.578210124062639,0.06382302747159646
2023-01-10,Maqueda Bay,26.896176025271416,33.12173830345273,-0.07812738418579102,-0.06591998040676117,10.528886273503304,8.959465,40.31399146459436,-2.606038243730336,-3.1204277586399196,,4.065526377318889,0.05607939627121633
2023-01-11,Maqueda Bay,26.841975152492523,33.260597521439195,-0.06836146116256714,-0.05066072568297386,10.528886273503304,8.911874,44.291025826824786,-2.6006918463133553,-3.6190504973185758,,4.45658216367909,0.0483357650708362
2023-01-12,Maqueda Bay,26.92181157320738,33.39793081395328,-0.05310220643877983,-0.021973326802253723,10.528886273503304,8.569398,45.59110818443943,-2.1597540891185365,-2.2317091184287716,,3.1056502241466863,0.04059213387045607
2023-01-13,Maqueda Bay,26.76653339713812,33.222449384629726,-0.059205908328294754,0.01037629321217537,10.528886273503304,8.63144,35.3823983797463,-2.8057261760929584,-0.7485042331333024,,2.903852262466479,0.03284850267007594
2023-01-14,Maqueda Bay,26.95110934227705,33.367412304505706,-0.010986663401126862,0.043946653604507446,10.528886273503304,8.522852,32.57155764121247,-1.51670691378733,-0.08616164509406722,,1.5191522936873718,0.02510487146969581
2023-01-15,Maqueda Bay,27.09027374535799,33.26822714880109,-0.014038514345884323,-0.003662221133708954,10.528886273503304,8.555925,4.3116434503077725,-1.1577488558640707,-0.37517588230186233,,1.2170206883679282,0.01736124026931571
2023-01-16,Maqueda Bay,27.191351048648357,33.38267155922949,-0.025025177747011185,-0.01831110566854477,10.528886273503304,8.986981,8.991403403919414,-1.0467340395075795,-0.5974819115820649,0.009617609068935567,1.2052538256033927,0.009617609068935567
2023-01-17,Maqueda Bay,27.273384802043438,33.4467604290694,-0.03723258152604103,0.0,10.528886273503304,9.046823,24.72463433167535,-1.0010476098584302,-0.524916780112512,,1.130324706996606,0.02014999490147481
2023-01-18,Maqueda Bay,27.3393047824502,33.5398418828845,-0.04028443247079849,-0.010986663401126862,10.528886273503304,5.635245,37.877523647841585,-1.480465418746868,-1.404516130945897,,2.0406967972221084,0.030682380734014053
2023-01-19,Maqueda Bay,27.416211426258087,33.631397411227226,-0.05371257662773132,-0.007324442267417908,10.681478828191757,1.0916862,0.0,-2.854710402137958,-1.5299806421905313,,3.2388597137808257,0.0412147665665533
2023-01-20,Maqueda Bay,27.60518203675747,33.71379738673568,-0.054322946816682816,0.0024414807558059692,13.580737367272377,2.3244154,0.0,-3.9630526428412898,-1.610681367706823,,4.277859361667849,0.05174715239909254
2023-01-21,Maqueda Bay,27.553910940885544,33.75804922543466,-0.046388134360313416,0.0024414807558059692,16.022218242287636,2.2834203,4.057546518914711,-4.026127519621594,-2.072384636593719,,4.528187373137734,0.062279538231631786
2023-01-22,Maqueda Bay,27.567094936966896,33.790093660354614,-0.03723258152604103,0.009765923023223877,15.411848023533821,1.9854177,32.05542005957912,-3.735047941911549,-1.4383135096334778,,4.00241538078844,0.07281192406417103
2023-01-23,Maqueda Bay,27.517288729548454,33.814508467912674,-0.0238044373691082,0.0,16.327403351664543,1.5041513,37.10073011078959,-3.2983306394903664,-1.5680602999024282,,3.652095030462792,0.08334430989671028
2023-01-24,Maqueda Bay,27.537064723670483,33.83129364810884,-0.03357036039233208,-0.015259254723787308,15.564440578222275,1.4948959,0.0,-3.3013124523229855,-2.9434984147271703,,4.422990710522029,0.09387669572924952
2023-01-25,Maqueda Bay,27.47114474326372,33.848078828305006,-0.03723258152604103,-0.012817773967981339,17.548143789172173,1.1810921,8.400742516173377,-3.816710794970492,-2.897352980754009,,4.791861390684045,0.10440908156178876
2023-01-26,Maqueda Bay,27.150334171950817,33.50474559701979,-0.06164738908410072,-0.01037629321217537,11.291849046945572,1.200139,85.29776923301216,-2.2421656823355525,-0.8628527032643991,,2.4024615989800826,0.114941467394328
2023-01-27,Maqueda Bay,27.373729661107063,33.50474559701979,-0.05066072568297386,-0.0048829615116119385,10.528886273503304,1.8928114,14.216295604149133,-1.534194260136443,-0.46703409616279457,,1.6037059814112455,0.12547385322686727
2023-01-28,Maqueda Bay,27.490188293159008,33.72142701409757,-0.04150517284870148,-0.025025177747011185,12.05481182038784,3.2862332,0.0,-1.9774617959646956,-1.9357440352480413,,2.7672116154169144,0.1360062390594065
2023-01-29,Maqueda Bay,27.32319100946188,33.75652329996228,-0.04699850454926491,-0.020142216235399246,15.411848023533821,3.0461495,70.62835495885798,-3.2905409876808185,-2.13065856856634,,3.920123203091023,0.14653862489194575
2023-01-30,Maqueda Bay,27.18768882751465,33.66344184614718,-0.054322946816682816,0.0012207403779029846,12.359996929764748,6.4316483,53.36608542751422,-3.1172553041037236,-1.1992459360412575,,3.3399807553448975,0.157071010724485
2023-01-31,Maqueda Bay,27.35541855543852,33.7839899584651,-0.04211554303765297,0.011597033590078354,15.869625687599182,6.4328904,0.0,-4.137483983005807,-1.3317690487555416,0.16760339655702425,4.346536840848452,0.16760339655702425
2023-02-01,Maqueda Bay,27.56050293892622,33.8053529150784,-0.03234962001442909,0.015259254723787308,13.27555225789547,13.245273,0.0,-3.163672078078692,-1.0145198757600098,,3.32235934178211,0.1714564728355369
2023-02-02,Maqueda Bay,27.559038050472736,33.82213809527457,-0.03418073058128357,-0.006103701889514923,13.73332992196083,13.891408,0.0,-3.1304035681817837,-1.949633939161087,,3.6878854369969276,0.17530954911404953
2023-02-03,Maqueda Bay,27.55684071779251,33.837397349998355,-0.043336283415555954,-0.0048829615116119385,15.411848023533821,5.4880433,0.0,-3.1337334236076715,-2.3882192721864635,,3.9400350838893172,0.17916262539256217
2023-02-04,Maqueda Bay,27.550248719751835,33.84350105188787,-0.04211554303765297,-0.0024414807558059692,15.717033132910728,1.6962166,9.568139194892849,-3.4752148614507488,-1.5762340321260342,,3.8159706572876635,0.1830157016710748
2023-02-05,Maqueda Bay,27.620563365519047,33.849604753777385,-0.035401470959186554,0.008545182645320892,14.343700140714645,1.4122629,0.0,-2.897181041424715,-0.9015572061887823,,3.034215447660518,0.18686877794958745
2023-02-06,Maqueda Bay,27.702597118914127,33.87096771039069,-0.02136295661330223,0.012817773967981339,14.038515031337738,2.6225083,0.0,-2.487490991717576,-0.28872512909042775,,2.5041912135546625,0.1907218542281001
2023-02-07,Maqueda Bay,27.780236206948757,33.886226965114474,-0.02075258642435074,-0.0030518509447574615,14.496292695403099,2.2897868,0.0,-2.840416206141306,-1.16433609503407,,3.069795231983618,0.19457493050661273
2023-02-08,Maqueda Bay,27.766319766640663,33.89385659247637,-0.0317392498254776,-0.0158696249127388,15.411848023533821,2.2944846,0.0,-3.099035912477198,-2.3888949444271548,,3.9129071854994204,0.19842800678512537
2023-02-09,Maqueda Bay,27.746543772518635,33.89385659247637,-0.04577776417136192,-0.004272591322660446,15.411848023533821,3.0525618,0.0,-3.42676737279318,-1.8003596511541629,,3.8709210145317887,0.202281083063638
2023-02-10,Maqueda Bay,27.81392864137888,33.90301214531064,-0.03906369209289551,-0.0012207403779029846,14.648885250091553,3.0602734,0.0,-3.2174922811678317,-1.7395259879228007,0.20613415934215065,3.6576231684023126,0.20613415934215065
2023-02-11,Maqueda Bay,27.778038874268532,33.910641772672534,-0.03357036039233208,-0.007324442267417908,14.95407035946846,2.6357458,0.0,-2.9173994398327845,-1.7563300648879183,,3.4052774906556214,0.21827618361250617
2023-02-12,Maqueda Bay,27.799279756844044,33.92437510192394,-0.02929776906967163,-0.01342814415693283,15.411848023533821,7.0651894,0.0,-2.8056987547136747,-2.249841339501964,,3.5963497542833425,0.23041820788286171
2023-02-13,Maqueda Bay,27.71578111499548,33.90148621983826,-0.027466658502817154,-0.02868739888072014,14.801477804780006,6.8587303,49.38682669245519,-2.2942298531167484,-2.315587566064542,,3.259668141858126,0.24256023215321723
2023-02-14,Maqueda Bay,27.706991784274578,33.91674547456205,-0.03479110077023506,-0.021973326802253723,16.022218242287636,5.381375,20.24922156736781,-2.531616777461983,-2.014385010708923,,3.235248132569708,0.25470225642357275
2023-02-15,Maqueda Bay,27.663777574896812,33.919797325506806,-0.032959990203380585,-0.02075258642435074,16.63258846104145,5.354813,0.0,-2.963025525977359,-2.6074216192060216,,3.946918768849488,0.2668442806939283
2023-02-16,Maqueda Bay,27.539262056350708,33.9274269528687,-0.031128879636526108,-0.021973326802253723,19.53184700012207,2.5614994,0.0,-3.6008729494767815,-3.248651868102908,,4.849744834360065,0.27898630496428384
2023-02-17,Maqueda Bay,27.439649641513824,33.93658250570297,-0.02685628831386566,-0.030518509447574615,19.53184700012207,1.1152889,21.220271344924665,-3.1047303996280142,-3.8904587384269007,,4.977451159958936,0.2911283292346394
2023-02-18,Maqueda Bay,27.227240815758705,33.83281957358122,-0.022583696991205215,0.001831110566854477,13.122959703207016,2.0813382,85.02559426303283,-1.7228033940672915,-0.8642669545000378,,1.9274358363511221,0.30327035350499487
2023-02-19,Maqueda Bay,27.070497751235962,33.47422708757222,0.036011841148138046,0.059205908328294754,10.528886273503304,1.8892475,24.15282640881985,0.15347850829393267,1.9470349938018543,,1.953074734770054,0.3154123777753504
2023-02-20,Maqueda Bay,27.317331455647945,33.7122714612633,0.05249183624982834,0.02929776906967163,10.528886273503304,2.319631,0.0,0.08323831935460152,1.3068443288422629,,1.3094925420315167,0.32755440204570596
2023-02-21,Maqueda Bay,27.582476265728474,33.72600479051471,0.012817773967981339,-0.03479110077023506,10.528886273503304,1.889959,28.671756436747884,-0.11602985287393609,-0.8826960536285986,,0.890289419149441,0.33969642631606145
2023-02-22,Maqueda Bay,27.38911098986864,33.69701220653951,-0.02136295661330223,-0.019531846046447754,10.528886273503304,1.7967081,0.0,-0.8601187034000765,-1.1967627981494617,,1.473786069608869,0.351838450586417
2023-02-23,Maqueda Bay,27.778038874268532,33.74889367260039,-0.03234962001442909,-0.012207403779029846,10.528886273503304,1.7541665,8.88102858846638,-1.585892289373646,-0.9950718749451771,,1.872223915508424,0.36398047485677254
2023-02-24,Maqueda Bay,27.862269960343838,33.77178255468607,-0.04516739398241043,0.016479995101690292,10.986663937568665,6.0220737,8.88102858846638,-2.3670210932896247,-0.3497531491991589,,2.392721488483927,0.37612249912712803
2023-02-25,Maqueda Bay,27.893032617866993,33.823664020746946,-0.039674062281847,-0.0048829615116119385,12.970367148518562,6.0208344,0.0,-2.7751936081462905,-1.5784085902661864,,3.192659274103974,0.38826452339748363
2023-02-26,Maqueda Bay,27.8300424143672,33.84350105188787,-0.054322946816682816,-0.003662221133708954,14.95407035946846,5.696478,0.0,-4.344015553764215,-2.7581154544324034,,5.145645925568945,0.4004065476678391
2023-02-27,Maqueda Bay,27.67842645943165,33.848078828305006,-0.05493331700563431,-0.0012207403779029846,18.158514007925987,5.696445,52.773353283672655,-4.273431479843056,-3.2320164657701085,,5.3579984180589975,0.4125485719381946
2023-02-28,Maqueda Bay,27.67842645943165,33.85723438113928,-0.05005035549402237,0.005493331700563431,15.717033132910728,5.45357,17.591118494669594,-3.8365779277028023,-2.043886237818409,,4.34704510541124,0.4246905962085502
2023-03-01,Maqueda Bay,27.636677138507366,33.86333808302879,-0.03784295171499252,0.0024414807558059692,15.717033132910728,3.8405697,65.42638347994897,-3.2174601113459813,-1.8452252435478835,,3.7090303001632163,0.4368326204789057
2023-03-02,Maqueda Bay,27.591998040676117,33.88164918869734,-0.024414807558059692,-0.027466658502817154,16.479995906352997,3.5126808,0.0,-1.936955103187297,-3.116019153032905,,3.668974030138564,0.44897464474926124
2023-03-03,Maqueda Bay,27.496047846972942,33.89233066700399,-0.028077028691768646,-0.0079348124563694,18.921476781368256,2.9408865,0.0,-2.390946168282345,-2.154204258623677,,3.2182634397290126,0.4611166690196168
2023-03-04,Maqueda Bay,27.516556285321712,33.9060639962554,-0.024414807558059692,-0.03357036039233208,16.022218242287636,2.9534981,0.0,-1.4951063059063494,-3.0837022106244585,,3.4270340222663536,0.4732586932899723
2023-03-05,Maqueda Bay,27.50263984501362,33.91216769814491,-0.02624591812491417,-0.04150517284870148,16.17481079697609,3.0656755,0.0,-1.144559021886752,-2.981446960068852,,3.193593795442081,0.4854007175603279
2023-03-06,Maqueda Bay,27.550981163978577,33.91674547456205,-0.028077028691768646,-0.032959990203380585,15.106662914156914,0.9467001,0.0,-1.357825554539986,-2.5984714289418456,,2.931849928558571,0.49754274183068337
2023-03-07,Maqueda Bay,27.615436255931854,33.92590102739632,-0.02929776906967163,-0.011597033590078354,14.496292695403099,1.047122,0.0,-1.9553021479933814,-2.544238748956291,0.5096847661010389,3.2087937455745275,0.5096847661010389
2023-03-08,Maqueda Bay,27.671834461390972,33.93658250570297,-0.027466658502817154,-0.0048829615116119385,14.496292695403099,1.72682,0.0,-1.8946990227464182,-2.412202083279483,,3.0673446623055107,0.43645969021609227
2023-03-09,Maqueda Bay,27.795617535710335,33.95184176042676,-0.0079348124563694,-0.023194067180156708,14.343700140714645,3.9785929,0.0,-0.815197928751946,-2.4212781641740833,,2.5548259454114834,0.3632346143311457
2023-03-10,Maqueda Bay,27.720908224582672,33.95947138778865,-0.025635547935962677,-0.029908139258623123,15.411848023533821,3.3147204,0.0,-1.1684481668239899,-3.2372583824126577,,3.441672987524434,0.29000953844619914
2023-03-11,Maqueda Bay,27.6828211247921,33.97320471704006,-0.028077028691768646,-0.02136295661330223,16.479995906352997,1.5790697,0.0,-1.0316505017064939,-3.2764410123821848,,3.4350208828027897,0.21678446256125256
2023-03-12,Maqueda Bay,27.741416662931442,33.98693804629147,-0.023194067180156708,-0.023194067180156708,15.106662914156914,4.692268,0.0,-1.1863219436166454,-2.8591270664172495,0.14355938667630597,3.095475300471009,0.14355938667630597
2023-03-13,Maqueda Bay,27.706259340047836,33.9991454500705,-0.02624591812491417,-0.0238044373691082,15.869625687599182,3.9197311,0.0,-1.435334454773911,-3.050342660459358,,3.37116824606536,0.24155718896219391
2023-03-14,Maqueda Bay,27.819788195192814,34.01440470479429,-0.02075258642435074,-0.014038514345884323,14.191107586026192,2.9975746,0.0,-1.3131634703328872,-1.7606749423409782,,2.1964458910713276,0.33955499124808186
2023-03-15,Maqueda Bay,27.92086549848318,33.94116028212011,-0.030518509447574615,-0.017700735479593277,10.681478828191757,2.5702946,39.84467122888052,-1.8534281625913056,-1.8205382493730444,,2.59799066035982,0.4375527935339698
2023-03-16,Maqueda Bay,27.57295449078083,33.80382698960602,-0.0476088747382164,-0.0030518509447574615,10.986663937568665,2.4359682,0.0,-2.5325282567295644,-1.3747029790502148,,2.88158075572128,0.5355505958198578
2023-03-17,Maqueda Bay,27.76851709932089,33.948789909482,-0.04272591322660446,0.0048829615116119385,13.580737367272377,2.5113716,52.3687978765016,-2.377292563771224,-1.4069987760438107,0.6335483981057457,2.7624564231043975,0.6335483981057457
2023-03-18,Maqueda Bay,27.848353520035744,33.98388619534671,-0.035401470959186554,0.0079348124563694,13.885922476649284,2.3937032,0.0,-2.369939644334268,-1.4445121212366634,,2.7754691830728158,0.5272660875825159
2023-03-19,Maqueda Bay,27.92526016384363,34.00067137554288,-0.03418073058128357,-0.014648884534835815,14.038515031337738,2.7877505,0.0,-2.2445828592265182,-1.9733263919456985,,2.988673495228764,0.42098377705928614
2023-03-20,Maqueda Bay,28.00289925187826,34.017456555739045,-0.027466658502817154,-0.009155552834272385,14.191107586026192,2.0083675,0.0,-1.7479598328435717,-1.0614273469220827,,2.044991831286516,0.31470146653605635
2023-03-21,Maqueda Bay,28.20725119113922,34.03424173593521,-0.012817773967981339,-0.010986663401126862,12.817774593830109,5.0702806,0.0,-1.4513290071925187,-0.6785916999990702,,1.6021368800530278,0.20841915601282657
2023-03-22,Maqueda Bay,28.144260987639427,34.041871363297105,-0.03418073058128357,0.016479995101690292,13.73332992196083,4.6177597,0.0,-2.38473053026075,-0.48332379540658843,0.10213684548959681,2.433216306283506,0.10213684548959681
2023-03-23,Maqueda Bay,28.11276588588953,34.04492321424186,-0.03234962001442909,0.007324442267417908,11.902219265699387,3.7246606,26.327556897235166,-2.3280394680440857,-0.522469698105974,,2.3859468456380033,0.09264503336693153
2023-03-24,Maqueda Bay,28.262916952371597,34.04644913971424,-0.043336283415555954,0.023194067180156708,10.83407138288021,2.080703,26.327556897235166,-2.4249301291263308,-0.25019140693723346,,2.437802672746479,0.08315322124426623
2023-03-25,Maqueda Bay,28.320047602057457,34.066286170855165,-0.05005035549402237,0.009765923023223877,10.83407138288021,2.0395367,0.0,-2.9470865186293294,-0.8658996246494189,,3.071660968963656,0.07366140912160093
2023-03-26,Maqueda Bay,28.52513198554516,34.08459727652371,-0.054322946816682816,-0.004272591322660446,10.528886273503304,3.1662781,0.0,-2.3625417867377547,-0.920474188608552,,2.535522909771591,0.06416959699893565
2023-03-27,Maqueda Bay,28.507553324103355,34.0998565312475,-0.06469924002885818,-0.003662221133708954,10.528886273503304,1.2663325,0.0,-2.3788813876684167,-1.2759341099872132,0.05467778487627036,2.6994600403829048,0.05467778487627036
2023-03-28,Maqueda Bay,28.50462354719639,34.11664171144366,-0.06897183135151863,-0.020142216235399246,10.528886273503304,1.398547,0.0,-2.734487217083061,-1.5621537663127836,,3.149245104782395,0.05431457194638926
2023-03-29,Maqueda Bay,28.523667097091675,34.12884911522269,-0.06775109097361565,-0.004272591322660446,10.528886273503304,1.5326732,0.0,-2.078902932125655,-1.0601736914472462,,2.333625003559382,0.05395135901650816
2023-03-30,Maqueda Bay,28.593249298632145,34.14563429541886,-0.046388134360313416,0.0006103701889514923,10.528886273503304,2.00754,0.0,-2.306664821932163,-0.6726747470067956,,2.4027471602313866,0.053588146086627056
2023-03-31,Maqueda Bay,28.744865253567696,34.162419475615025,-0.04577776417136192,-0.015259254723787308,10.528886273503304,8.352105,0.0,-2.285575910799766,-1.0983719296375938,,2.535799309851628,0.05322493315674596
2023-04-01,Maqueda Bay,28.763908803462982,34.17767873033881,-0.046388134360313416,0.012207403779029846,10.528886273503304,8.352105,0.0,-1.9184160858382582,-0.682524491515706,,2.036212159850185,0.052861720226864854
2023-04-02,Maqueda Bay,28.842280335724354,34.18378243222833,-0.039674062281847,-0.01831110566854477,10.528886273503304,0.9898246,0.0,-1.492859581950894,-1.0292634364767679,,1.8132878847801757,0.05249850729698376
2023-04-03,Maqueda Bay,28.968993186950684,34.199041686952114,-0.04150517284870148,-0.025635547935962677,10.528886273503304,1.4985682,0.0,-1.599344350388298,-1.586005491855314,,2.252402222364865,0.05213529436710265
2023-04-04,Maqueda Bay,28.80053101480007,34.20667131431401,-0.06103701889514923,-0.02136295661330223,11.902219265699387,0.67344666,0.0,-2.077596763222582,-1.9625318443290123,,2.8579607328580257,0.05177208143722155
2023-04-05,Maqueda Bay,28.83642078191042,34.232612047344446,-0.02929776906967163,-0.032959990203380585,14.038515031337738,0.8360899,0.0,-0.7558327583746212,-1.6100388122877674,,1.7786253500119673,0.05140886850734045
2023-04-06,Maqueda Bay,28.927976310253143,34.23718982376158,-0.03784295171499252,-0.02624591812491417,12.359996929764748,1.3845663,0.0,-1.3842647143479283,-0.9847022156778628,,1.6987722781319583,0.051045655577459347
2023-04-07,Maqueda Bay,28.960936300456524,34.25092315301299,-0.01892147585749626,-0.03784295171499252,12.359996929764748,0.8549905,0.0,-0.882329174602949,-2.190229136265825,,2.3612726318032955,0.05068244264757825
2023-04-08,Maqueda Bay,28.80858790129423,34.23871574923396,-0.04821924492716789,-0.02685628831386566,13.885922476649284,0.96687037,17.8927764497045,-1.6853722137049942,-2.107451559923599,,2.698486904943821,0.050319229717697145
2023-04-09,Maqueda Bay,28.76757102459669,34.257026854902506,-0.05066072568297386,-0.017090365290641785,15.106662914156914,0.97633725,12.125733196826939,-1.782660112593918,-2.516424526098727,,3.083872479948638,0.04995601678781605
2023-04-10,Maqueda Bay,28.72582170367241,34.26160463131964,-0.032959990203380585,-0.03906369209289551,15.411848023533821,1.0843315,44.93410057149907,-0.6275037637741052,-2.964836708234441,,3.0305144249854847,0.04959280385793494
2023-04-11,Maqueda Bay,28.35447248071432,34.0922269038856,0.02685628831386566,-0.03784295171499252,14.191107586026192,1.2204505,8.53467022328882,3.6645294160485116,0.24303371771438778,,3.672579642299255,0.049229590928053846
2023-04-12,Maqueda Bay,28.461409337818623,34.18225650675595,0.025635547935962677,0.007324442267417908,16.63258846104145,1.0998268,0.0,1.470724604344079,1.6260032169026857,,2.1924683174907975,0.04886637799817274
2023-04-13,Maqueda Bay,28.925778977572918,34.19446391053498,0.021973326802253723,0.06286812946200371,10.681478828191757,1.7837701,0.0,-0.8264317024487781,1.280318999579606,,1.5238786367348645,0.04850316506829164
2023-04-14,Maqueda Bay,28.931638531386852,34.18836020864546,0.016479995101690292,0.05615405738353729,11.749626711010933,2.3101141,4.129443548058951,-1.082151443215437,0.912596320357437,,1.4155860235193012,0.04813995213841054
2023-04-15,Maqueda Bay,29.04882960766554,34.17767873033881,0.030518509447574615,0.04028443247079849,10.528886273503304,3.1593692,3.6132629653825186,-0.7417386649593424,0.6141325530586472,,0.9629823673473984,0.047776739208529435
2023-04-16,Maqueda Bay,29.206305116415024,34.18988613411784,0.019531846046447754,0.04150517284870148,10.528886273503304,6.7233567,19.395412424559233,-0.850273733086074,0.5952433837077574,,1.037921050477342,0.04741352627864834
2023-04-17,Maqueda Bay,29.1235389187932,34.17767873033881,-0.028077028691768646,0.03662221133708954,10.528886273503304,0.65041727,0.0,-1.521558454838467,0.16441819482172315,,1.5304161114804227,0.047050313348767234
2023-04-18,Maqueda Bay,29.17993712425232,34.20056761242449,-0.05371257662773132,0.017700735479593277,10.681478828191757,4.0788755,0.0,-1.9792166198311945,-0.10407877146731588,,1.9819512655174356,0.04668710041888613
2023-04-19,Maqueda Bay,29.116214476525784,34.20361946336925,-0.05371257662773132,0.025025177747011185,10.528886273503304,1.5151958,0.0,-1.954979894275529,0.22204197454274166,,1.9675489893469993,0.04632388748900503
2023-04-20,Maqueda Bay,29.0744651556015,34.21582686714828,-0.03479110077023506,0.03723258152604103,10.528886273503304,0.7077206,0.0,-1.7677563975676922,0.7938629482847135,,1.9378289557648791,0.045960674559123935
2023-04-21,Maqueda Bay,29.357188627123833,34.223456494510174,-0.01037629321217537,0.01037629321217537,10.528886273503304,4.263164,3.136850976724229,-1.2269340125149533,0.43093037040517623,0.04559746162924283,1.3004107255800321,0.04559746162924283
2023-04-22,Maqueda Bay,29.435560159385204,34.23108612187207,-0.05249183624982834,-0.004272591322660446,10.528886273503304,0.9566962,0.0,-1.8918380514640163,-0.30883511880297226,,1.9168803675694557,0.04986237128135469
2023-04-23,Maqueda Bay,29.498550362885,34.246345376595855,-0.05005035549402237,-0.01037629321217537,10.528886273503304,4.369614,16.761848791037465,-1.8737447609588513,-0.7866411914255809,,2.0321721859301687,0.054127280933466554
2023-04-24,Maqueda Bay,29.49049347639084,34.22650834545493,-0.05737479776144028,-0.04028443247079849,10.528886273503304,8.917438,13.54275496434506,-1.387929127976479,-1.1495839648677504,,1.802190488424186,0.058392190585578416
2023-04-25,Maqueda Bay,29.383556619286537,34.244819451123476,-0.06469924002885818,-0.020142216235399246,10.528886273503304,2.6388958,13.54275496434506,-1.424343846517937,-0.9331742875175817,,1.7028122750313548,0.06265710023769028
2023-04-26,Maqueda Bay,29.38428906351328,34.26160463131964,-0.05859553813934326,-0.0079348124563694,10.528886273503304,3.7997763,0.0,-1.9363585749572876,-0.744468633839161,0.06692200988980214,2.0745404497336186,0.06692200988980214
2023-04-27,Maqueda Bay,29.33960996568203,34.2860194388777,-0.05798516795039177,-0.004272591322660446,10.528886273503304,3.6969624,9.642220212933472,-2.226710482410032,-1.0536567835557573,,2.463418801180137,0.09809728579462412
2023-04-28,Maqueda Bay,29.464125484228134,34.29822684265673,-0.05798516795039177,-0.012817773967981339,10.528886273503304,3.2645671,0.0,-2.5453762210957063,-0.9452984931179013,,2.715240200794477,0.1292725616994461
2023-04-29,Maqueda Bay,29.27002776414156,34.293649066239595,-0.048829615116119385,0.012817773967981339,10.528886273503304,1.8027843,14.384719974617438,-2.0722216295166436,-0.4083523470082953,,2.112073417555317,0.16044783760426806
2023-04-30,Maqueda Bay,29.336680188775063,34.307382395491004,-0.039674062281847,-0.0048829615116119385,10.528886273503304,1.5202087,19.284440425866944,-1.8830965864243565,-0.5597353248953968,,1.964524468602725,0.19162311350909006
2023-05-01,Maqueda Bay,29.423108607530594,34.33484905399382,-0.05310220643877983,-0.009765923023223877,10.528886273503304,3.3029788,9.01557540600567,-2.567147241865009,-1.1927636994075768,0.22279838941391203,2.8307119606274975,0.22279838941391203
2023-05-02,Maqueda Bay,29.19312112033367,34.3363749794662,-0.06103701889514923,-0.005493331700563431,10.986663937568665,3.3029945,45.07787919520599,-3.4229391120288915,-1.2191713725603128,,3.633578263960711,0.2126878250774179
2023-05-03,Maqueda Bay,28.827631451189518,34.054078767076135,-0.06775109097361565,0.04455702379345894,10.528886273503304,2.4474738,28.963353020804263,-3.229993627142449,1.1154101939343495,,3.4171623801208946,0.2025772607409238
2023-05-04,Maqueda Bay,28.80053101480007,34.20056761242449,-0.011597033590078354,0.01342814415693283,10.528886273503304,3.3007157,13.130418484478318,-2.056752085739775,0.2395264881208183,,2.070652573636246,0.19246669640442968
2023-05-05,Maqueda Bay,29.169682905077934,34.281441662460566,-0.028077028691768646,0.014038514345884323,10.528886273503304,10.459716,0.0,-2.1147439217980892,0.15445442185114935,,2.120376858770944,0.18235613206793555
2023-05-06,Maqueda Bay,29.509537026286125,34.28449351340532,0.004272591322660446,-0.03234962001442909,10.528886273503304,4.7752423,0.0,-0.9352399375748638,0.1567813300848629,0.17224556773144145,0.9482901066120082,0.17224556773144145
2023-05-07,Maqueda Bay,29.775414280593395,34.269234258681536,0.005493331700563431,-0.008545182645320892,10.528886273503304,4.136148,0.0,-0.6884164536714041,0.48024700456204417,,0.8393773877561442,0.18104191980910453
2023-05-08,Maqueda Bay,30.017853319644928,34.257026854902506,0.0024414807558059692,-0.011597033590078354,10.528886273503304,1.9283174,0.0,-0.542543626353136,-0.012262326336415018,,0.5426821824452982,0.1898382718867676
2023-05-09,Maqueda Bay,30.306436344981194,34.26007870584726,-0.009765923023223877,-0.03784295171499252,10.528886273503304,3.5331166,0.0,-0.8134285927791656,-0.4559956098459454,,0.9325224242609232,0.19863462396443068
2023-05-10,Maqueda Bay,30.327677227556705,34.258552780374885,-0.035401470959186554,-0.02136295661330223,10.528886273503304,3.6561024,2.1051257085140946,-0.8441589110753955,-0.7243382206015019,,1.1123264471242906,0.20743097604209376
2023-05-11,Maqueda Bay,30.22659992426634,34.24787130206823,-0.056764427572488785,-0.02136295661330223,10.528886273503304,3.0199835,0.0,-1.3702475871951163,-0.9457512122898647,,1.6649395802135845,0.21622732811975684
2023-05-12,Maqueda Bay,30.23172703385353,34.25397500395775,-0.051271095871925354,-0.0030518509447574615,10.528886273503304,1.7686695,0.0,-1.3124078921175701,-0.7952169451356326,,1.5345306986578442,0.22502368019741992
2023-05-13,Maqueda Bay,30.15775016695261,34.27533796057105,-0.04028443247079849,-0.022583696991205215,10.528886273503304,2.182165,0.0,-0.8982065110658959,-0.5878826946976042,,1.0734901020717824,0.233820032275083
2023-05-14,Maqueda Bay,30.32914211601019,34.29670091718435,-0.0024414807558059692,-0.017090365290641785,10.528886273503304,7.1858354,0.0,-0.24086238385922215,-0.03457586590724644,,0.2433314169226472,0.24261638435274607
2023-05-15,Maqueda Bay,30.40751364827156,34.293649066239595,0.0317392498254776,-0.020142216235399246,10.528886273503304,1.906638,6.299945459204701,0.4706404034302077,0.41256645403250974,,0.6258701689119778,0.2514127364304092
2023-05-16,Maqueda Bay,30.715140223503113,34.29212314076722,0.017090365290641785,-0.0079348124563694,10.528886273503304,3.6821086,0.0,0.06926803584543603,0.6870930843527295,0.26020908850807223,0.690575823031209,0.26020908850807223
2023-05-17,Maqueda Bay,30.72173222154379,34.27838981151581,0.046388134360313416,-0.0048829615116119385,10.528886273503304,4.7598567,1.805571759717622,0.0859461032815981,0.42176163911306047,,0.43042956786985087,0.24265195400829082
2023-05-18,Maqueda Bay,30.84551529586315,34.26160463131964,-0.001831110566854477,0.012817773967981339,10.528886273503304,1.2626287,5.7405491929999135,-0.45514906202599703,0.6275211895294474,,0.7752054643587063,0.22509481950850938
2023-05-19,Maqueda Bay,30.716605111956596,34.0998565312475,0.001831110566854477,0.01037629321217537,10.528886273503304,9.926563,6.863288990729781,-0.23369085633348044,0.6852523927905857,,0.7240043219201792,0.20753768500872796
2023-05-20,Maqueda Bay,30.712942890822887,34.09680468030274,0.025025177747011185,0.01892147585749626,10.528886273503304,2.8161347,0.0,-0.0123096114989515,0.44408178799657433,,0.44425236180068817,0.18998055050894652
2023-05-21,Maqueda Bay,30.857966847717762,34.113589860498905,-0.0012207403779029846,-0.02624591812491417,10.528886273503304,1.05644,2.006172578638783,-0.3391488317485084,0.13156481166417183,0.1724234160091651,0.3637735968217142,0.1724234160091651
2023-05-22,Maqueda Bay,30.95464948564768,34.17004910297692,0.031128879636526108,0.0012207403779029846,10.528886273503304,4.3685875,9.26587744535572,0.5678224201498558,0.39228473463040087,,0.6901518773783663,0.1459560379346477
2023-05-23,Maqueda Bay,31.071840561926365,34.18225650675595,0.02075258642435074,-0.043946653604507446,10.528886273503304,3.4994118,3.7080220853861214,0.7768914364206537,-0.009716119691113098,,0.7769521909137,0.11948865986013031
2023-05-24,Maqueda Bay,31.22931607067585,34.16852317750454,0.017090365290641785,-0.004272591322660446,10.528886273503304,1.560708,9.26587744535572,0.7446779562180428,0.10738213911059757,,0.7523803441591553,0.09302128178561292
2023-05-25,Maqueda Bay,31.214667186141014,34.15631577372551,0.0158696249127388,-0.03662221133708954,10.528886273503304,1.021854,10.967726952103058,0.9173188335458048,-0.6431272508037965,,1.1203064326800436,0.06655390371109551
2023-05-26,Maqueda Bay,31.140690319240093,34.11969356238842,0.007324442267417908,-0.04943998530507088,10.528886273503304,4.5892262,13.318261629974788,1.704652753098406,-0.9248376495508761,0.04008652563657811,1.9393724981737686,0.04008652563657811
2023-05-27,Maqueda Bay,30.887264616787434,34.10443430766463,0.02929776906967163,-0.05798516795039177,11.59703415632248,4.5892873,9.22932176985499,3.340857521903686,-0.8259222701767819,,3.441435249722767,0.05698479035439865
2023-05-28,Maqueda Bay,30.786187313497066,34.1425824444741,0.040894802659749985,-0.0079348124563694,17.85332889854908,0.8129198,0.0,5.105248597045747,2.0794631415830516,,5.512506707010887,0.07388305507221919
2023-05-29,Maqueda Bay,30.679250456392765,34.14563429541886,0.039674062281847,0.04943998530507088,19.226661890745163,0.81292313,2.118262220637589,3.669595419408025,3.223100935522423,,4.884087446259114,0.09078131979003973
2023-05-30,Maqueda Bay,30.551805160939693,34.139530593529344,0.039674062281847,0.06653035059571266,17.85332889854908,0.4761152,25.553334677091208,3.5042642647077282,3.5466752129320946,,4.985857308721792,0.10767958450786028
2023-05-31,Maqueda Bay,30.36649677157402,34.12274541333318,0.03234962001442909,0.05737479776144028,19.53184700012207,1.6851486,17.390832537696475,3.2951508696814527,2.9154172649624583,,4.399736024218227,0.12457784922568083
2023-06-01,Maqueda Bay,30.24710836261511,34.115115785971284,0.025025177747011185,0.05005035549402237,18.463699117302895,1.6450018,0.0,2.5103841544035324,2.3620750813693343,,3.4469446315115486,0.14147611394350135
2023-06-02,Maqueda Bay,30.376018546521664,34.113589860498905,0.036011841148138046,0.031128879636526108,14.038515031337738,1.8321031,0.0,1.8998045217797666,1.0386638973867977,,2.1651974304228196,0.1583743786613219
2023-06-03,Maqueda Bay,30.422162532806396,34.05865654349327,0.012207403779029846,-0.008545182645320892,10.681478828191757,2.1735709,11.82178883178992,1.019708903430609,-0.1746864514219562,,1.034563484782858,0.17527264337914245
2023-06-04,Maqueda Bay,30.326212339103222,33.9777824934572,-0.0317392498254776,-0.017090365290641785,10.528886273503304,1.1073843,17.38001965524231,0.1424559616223763,-0.615448363254525,,0.6317201823864975,0.192170908096963
2023-06-05,Maqueda Bay,30.520310059189796,33.968626940622926,-0.01892147585749626,0.02075258642435074,10.528886273503304,3.8713796,4.120769338124359,-0.3510283128915022,0.0816052308715445,0.20906917281478354,0.3603890816285261,0.20906917281478354
2023-06-06,Maqueda Bay,30.487350068986416,33.98388619534671,0.04211554303765297,-0.025635547935962677,10.528886273503304,4.535912,3.9145366343485044,1.3467625811785566,-0.33301174977084314,,1.3873234213939325,0.2046346077677997
2023-06-07,Maqueda Bay,30.53422649949789,33.98998989723623,0.009155552834272385,-0.039674062281847,10.528886273503304,3.4436853,10.216818126848398,1.6325292168973622,-0.3221069983610231,,1.6640025728395564,0.20020004272081587
2023-06-08,Maqueda Bay,30.4888149574399,34.015930630266666,0.0317392498254776,-0.032959990203380585,13.122959703207016,0.9549199,8.560042999490248,3.228910744278039,0.06668581979339333,,3.229599292958134,0.19576547767383204
2023-06-09,Maqueda Bay,30.557664714753628,34.043397288769484,0.038453321903944016,-0.0006103701889514923,15.106662914156914,2.3169367,0.0,3.560767619636586,1.1703084610114627,,3.748157938903778,0.1913309126268482
2023-06-10,Maqueda Bay,30.52616961300373,34.040345437824726,0.038453321903944016,0.023194067180156708,15.717033132910728,2.363261,8.560042999490248,2.4158168078468694,1.8950050398563834,,3.070377004564184,0.18689634757986437
2023-06-11,Maqueda Bay,30.629444248974323,34.05102691613138,0.024414807558059692,0.04272591322660446,14.496292695403099,2.0681994,2.610739035540462,0.7056824486771506,1.5044638995449788,,1.6617458720890699,0.18246178253288053
2023-06-12,Maqueda Bay,30.712942890822887,34.05713061802089,0.03234962001442909,0.02868739888072014,13.122959703207016,2.2984695,0.0,0.4429302072897933,1.191921037853703,,1.271559251080353,0.17802721748589667
2023-06-13,Maqueda Bay,30.916562385857105,34.05865654349327,0.02075258642435074,0.036011841148138046,12.970367148518562,3.8019803,0.0,-0.02366555127564653,0.9658125021635209,,0.9661024001898253,0.17359265243891286
2023-06-14,Maqueda Bay,30.843317963182926,34.03729358687997,0.0024414807558059692,0.0079348124563694,12.665182039141655,4.5518475,0.0,-0.07424768212024527,0.34249351887452717,,0.3504490387649609,0.169158087391929
2023-06-15,Maqueda Bay,30.5957518145442,34.02661210857332,-0.02685628831386566,0.03784295171499252,14.038515031337738,1.1101903,11.75651370984618,-1.4214328215477028,0.9430342107001284,,1.7058091302147136,0.1647235223449452
2023-06-16,Maqueda Bay,30.61626025289297,34.03271581046283,-0.029908139258623123,0.0476088747382164,14.801477804780006,5.8251176,0.0,-2.2045296631499265,1.0659631693375353,,2.4487197704294488,0.16028895729796133
2023-06-17,Maqueda Bay,30.58330026268959,34.049500990659,-0.03418073058128357,0.021973326802253723,14.801477804780006,1.0367135,0.0,-2.0189898879055423,0.16988719598676535,,2.026124830020372,0.1558543922509775
2023-06-18,Maqueda Bay,30.585497595369816,33.99151582270861,-0.03357036039233208,0.014648884534835815,12.970367148518562,3.7859752,2.134546189081101,-1.0471049398166934,0.27057243009604226,,1.0814981252487674,0.15141982720399366
2023-06-19,Maqueda Bay,30.6851100102067,33.96404916420579,-0.03662221133708954,0.007324442267417908,10.83407138288021,2.6337578,11.98393684012183,-0.5619956482082327,0.3328556839089998,,0.6531707394820435,0.14698526215700983
2023-06-20,Maqueda Bay,30.654347352683544,34.00372322648764,-0.016479995101690292,0.021973326802253723,12.05481182038784,5.8685055,0.0,-0.8723804772366315,0.4508319266269661,0.142550697110026,0.9819863151438492,0.142550697110026
2023-06-21,Maqueda Bay,30.73784599453211,33.98388619534671,-0.035401470959186554,0.014648884534835815,10.681478828191757,2.1248598,17.40747014937862,-0.9387411121661114,0.10239033171828744,,0.9443085595822208,0.16944548483402827
2023-06-22,Maqueda Bay,30.60747092217207,33.8557084556669,-0.012817773967981339,-0.0012207403779029846,10.528886273503304,2.1494865,22.969105519823582,-0.36145851669648765,-0.19811807867216838,,0.4121929552881472,0.19634027255803052
2023-06-23,Maqueda Bay,30.58769492805004,33.88317511416972,-0.0555436871945858,0.008545182645320892,10.528886273503304,2.077565,3.5074951037100743,-1.2354724524743457,-0.049819194174780264,,1.2364764991423003,0.2232350602820328
2023-06-24,Maqueda Bay,30.48515273630619,33.97167879156768,-0.04272591322660446,0.005493331700563431,11.291849046945572,2.0771372,19.46161019637288,-1.2001130252039571,-0.20207421814491458,,1.21700668153592,0.25012984800603505
2023-06-25,Maqueda Bay,30.51371806114912,33.910641772672534,-0.0012207403779029846,0.010986663401126862,10.528886273503304,4.261797,16.992882053240468,-0.2372375934907372,0.20329831709305626,,0.312429002331962,0.2770246357300373
2023-06-26,Maqueda Bay,30.48515273630619,33.91827140003443,0.02624591812491417,-0.012817773967981339,10.528886273503304,4.420416,4.067749023437499,1.2012533598390414,0.6674719398340291,,1.3742373976101754,0.3039194234540396
2023-06-27,Maqueda Bay,30.561326935887337,33.85265660472214,0.01342814415693283,0.009155552834272385,10.528886273503304,7.5270333,7.634055295847527,0.13867587280100496,1.204885628884657,,1.2128397983204113,0.3308142111780419
2023-06-28,Maqueda Bay,30.389934986829758,33.84044920094311,0.02868739888072014,-0.009765923023223877,10.528886273503304,2.8517163,11.353311059661724,0.6164925011136858,0.5144028829687862,,0.8029155185547273,0.3577089989020441
2023-06-29,Maqueda Bay,30.529099389910698,33.81145661696792,0.012817773967981339,-0.01892147585749626,10.528886273503304,1.1839247,22.90216624059252,0.8999299382482487,0.27846349594910025,,0.9420275008361971,0.38460378662604644
2023-06-30,Maqueda Bay,30.502731397747993,33.765678852796555,-0.015259254723787308,-0.021973326802253723,10.528886273503304,3.5178394,15.268110591695054,-0.23431931677743398,0.23302267129548504,0.41149857435004866,0.33046196082564044,0.41149857435004866
2023-07-01,Maqueda Bay,30.723929554224014,33.79467143677175,-0.02136295661330223,0.011597033590078354,10.528886273503304,4.2828765,4.204423497166318,-0.7955509338413495,0.7671821808228616,,1.105201242719155,0.3840304487467616
2023-07-02,Maqueda Bay,30.60820336639881,33.87859733775258,-0.03784295171499252,0.030518509447574615,11.444441601634026,2.7914674,6.22531257430163,-2.2961800017622234,0.4025229460850171,,2.3311943982897962,0.3565623231434745
2023-07-03,Maqueda Bay,30.573778487741947,33.94726398400962,-0.040894802659749985,0.014648884534835815,12.207404375076294,2.5376928,19.669540633803685,-2.280856319610378,0.147857083683042,,2.285643731621762,0.3290941975401875
2023-07-04,Maqueda Bay,30.597949147224426,33.970152866095304,-0.036011841148138046,0.0079348124563694,11.139256492257118,1.1716424,12.613270157493204,-1.9055592847035263,0.34714239762103116,,1.936921276600031,0.3016260719369004
2023-07-05,Maqueda Bay,30.508590951561928,33.96404916420579,-0.023194067180156708,0.02136295661330223,10.528886273503304,1.0169966,0.0,-1.9468188507951716,0.7606072685797716,,2.090126085868461,0.27415794633361334
2023-07-06,Maqueda Bay,30.581102930009365,33.96404916420579,-0.038453321903944016,-0.004272591322660446,10.528886273503304,0.9473842,0.0,-1.4586826365888221,0.0510793206211554,,1.4595766959227723,0.2466898207303263
2023-07-07,Maqueda Bay,30.62431713938713,33.956419536843896,-0.043336283415555954,0.0,10.528886273503304,1.9000243,9.213949159543084,-1.222352871045793,-0.2720456549765423,,1.2522601086617384,0.21922169512703923
2023-07-08,Maqueda Bay,30.545213162899017,33.97473064251244,-0.05310220643877983,-0.008545182645320892,10.528886273503304,2.4595366,27.64184720908075,-1.5027551812054443,-0.6224237967548113,,1.6265560295933499,0.19175356952375217
2023-07-09,Maqueda Bay,30.547410495579243,33.93963435664773,-0.032959990203380585,-0.04150517284870148,10.528886273503304,2.0530472,15.636126988494448,-0.3632579355111241,-1.0039075479396116,,1.0676079301512926,0.1642854439204651
2023-07-10,Maqueda Bay,30.60820336639881,33.910641772672534,-0.046388134360313416,-0.03662221133708954,10.528886273503304,2.6027145,11.36233406242687,-0.09139833922668829,-0.6251424345099491,0.13681731831717805,0.6317885087894705,0.13681731831717805
2023-07-11,Maqueda Bay,30.60307625681162,33.80840476602316,0.04211554303765297,-0.0555436871945858,10.528886273503304,0.80695945,15.92415446912821,1.8248786437704656,-0.03355837349284739,,1.8251871764071266,0.14558317175664082
2023-07-12,Maqueda Bay,30.25589769333601,33.61308630555868,0.06653035059571266,-0.020142216235399246,10.681478828191757,0.8140025,51.919736906130744,3.343645833644631,1.5082030550471295,,3.6680572400253784,0.15434902519610355
2023-07-13,Maqueda Bay,30.16653949767351,33.632923336699605,0.03906369209289551,0.02685628831386566,12.05481182038784,0.81450874,15.92415446912821,1.9556171966763727,2.671667857193344,,3.310928534278025,0.1631148786355663
2023-07-14,Maqueda Bay,30.13797417283058,33.66038999520242,0.032959990203380585,0.03357036039233208,14.801477804780006,0.9093216,17.79232862211775,1.933611065085129,2.6268929815151845,,3.2618121477720603,0.17188073207502907
2023-07-15,Maqueda Bay,30.22293770313263,33.74431589618325,0.02929776906967163,0.039674062281847,17.85332889854908,2.7559423,0.0,1.690847383663658,3.007459737337678,,3.4501853495934753,0.1806465855144918
2023-07-16,Maqueda Bay,30.21927548199892,33.74736774712801,0.028077028691768646,0.04211554303765297,16.327403351664543,2.773715,2.774425267806983,1.5755433029940948,2.233825402979704,,2.7335531146489505,0.18941243895395457
2023-07-17,Maqueda Bay,30.335001669824123,33.76110107637942,0.0158696249127388,0.03479110077023506,14.038515031337738,3.2404864,0.0,1.29160617693041,0.5141696299904533,,1.3901859316973788,0.19817829239341733
2023-07-18,Maqueda Bay,30.418500311672688,33.69548628106713,0.012207403779029846,-0.016479995101690292,12.207404375076294,3.2504022,8.959928308946928,0.6282736974874215,-0.6366985766076723,,0.8944903109641557,0.20694414583288007
2023-07-19,Maqueda Bay,29.959257781505585,33.49253819324076,-0.015259254723787308,-0.040894802659749985,10.681478828191757,8.895577,24.69271012641684,0.42297976257227365,-0.8871088700406371,,0.9827889024864256,0.21570999927234283
2023-07-20,Maqueda Bay,29.81423382461071,33.344523422420025,-0.011597033590078354,0.0079348124563694,10.528886273503304,8.890977,6.17317753160421,0.034905598707565516,0.05296210264194908,0.2244758527118056,0.06343015952518131,0.2244758527118056
2023-07-21,Maqueda Bay,29.874294251203537,33.47117523662746,0.02868739888072014,-0.007324442267417908,10.528886273503304,1.8186404,1.8280011399001015,1.6969430276383677,0.00033289981134268797,,1.6969430602918751,0.23053322398787038
2023-07-22,Maqueda Bay,29.946806229650974,33.55052336119115,0.043336283415555954,-0.04455702379345894,14.801477804780006,1.8185339,9.65571386363649,4.523595041419648,-0.4530738616062645,,4.546227889451566,0.23659059526393514
2023-07-23,Maqueda Bay,29.778344057500362,33.535264106467366,0.035401470959186554,-0.06653035059571266,19.53184700012207,1.8180075,19.31142772727298,6.428975085289075,-0.26592381096718526,,6.434472481913881,0.24264796653999993
2023-07-24,Maqueda Bay,29.42603838443756,33.45591598190367,0.030518509447574615,-0.01831110566854477,19.53184700012207,1.7650756,12.069642075745191,5.421696940152592,3.272188023984209,,6.332614955542905,0.24870533781606471
2023-07-25,Maqueda Bay,29.23706777393818,33.43455302529037,0.03234962001442909,0.07019257172942162,19.53184700012207,1.8198758,0.0,3.535396286463854,4.469180872580044,,5.698473881152544,0.2547627090921295
2023-07-26,Maqueda Bay,29.2531815469265,33.44981228001416,0.025025177747011185,0.0714133121073246,16.785181015729904,1.6257247,0.0,1.7074056915262452,3.2973466966207052,,3.7131831941302993,0.26082008036819426
2023-07-27,Maqueda Bay,29.407727278769016,33.477278938516974,0.024414807558059692,0.06714072078466415,14.038515031337738,2.1003363,0.0,1.8076537485283735,2.083085420774005,,2.75805310768482,0.266877451644259
2023-07-28,Maqueda Bay,29.361583292484283,33.47117523662746,0.024414807558059692,0.04821924492716789,14.648885250091553,2.1003363,3.2765871918146505,2.2810085693968136,1.5797910797046075,,2.774660330414508,0.27293482292032384
2023-07-29,Maqueda Bay,29.3022553101182,33.45439005643129,0.029908139258623123,0.024414807558059692,16.63258846104145,2.0753622,17.654730525800527,3.238423956341718,1.0780598391322447,,3.4131514378588284,0.2789921941963886
2023-07-30,Maqueda Bay,29.242927327752113,33.465071534737945,0.01831110566854477,0.01892147585749626,17.548143789172173,3.2103455,4.275828817106794,3.0570675284497986,1.2151658969118415,,3.289724917150326,0.28504956547245336
2023-07-31,Maqueda Bay,29.54835657030344,33.49406411871314,0.031128879636526108,0.03662221133708954,12.512589484453201,3.2119005,0.0,2.4830248611227104,1.3344198393602835,,2.8188807652385335,0.2911069367485182
2023-08-01,Maqueda Bay,29.620868548750877,33.51084929890931,0.030518509447574615,0.046388134360313416,13.122959703207016,2.0285375,0.0,1.9005648191318643,1.7752616123103049,,2.600711522615363,0.29716430802458293
2023-08-02,Maqueda Bay,29.688985861837864,33.53221225552261,0.027466658502817154,0.05310220643877983,14.191107586026192,2.3425944,0.0,1.9569738241708239,2.5050975264544175,,3.178877186293585,0.3032216793006477
2023-08-03,Maqueda Bay,29.795190274715424,33.55815298855305,0.027466658502817154,0.04943998530507088,13.73332992196083,3.0078762,0.0,1.928331528176908,2.1528520152829045,,2.8901962359446727,0.30927905057671246
2023-08-04,Maqueda Bay,30.102084405720234,33.58867149800062,0.03723258152604103,0.03418073058128357,11.902219265699387,2.460748,0.0,1.8741498843593745,1.315313164560646,0.31533642185277727,2.2896476824854077,0.31533642185277727
2023-08-05,Maqueda Bay,30.09695729613304,33.608508529141545,0.04577776417136192,0.0079348124563694,12.665182039141655,4.7136645,0.0,3.0311204063693746,1.2251435867934544,,3.2693527992815294,0.30845540801474
2023-08-06,Maqueda Bay,30.13284706324339,33.62529370933771,0.038453321903944016,-0.0012207403779029846,14.343700140714645,3.3723338,0.0,3.954344683624132,1.2703479575040757,,4.153387269451431,0.3015743941767027
2023-08-07,Maqueda Bay,30.238319031894207,33.64818259142339,0.03357036039233208,0.0024414807558059692,14.648885250091553,2.1140287,0.0,3.808803107197237,1.3680050786384903,,4.047025945626743,0.2946933803386653
2023-08-08,Maqueda Bay,30.31376078724861,33.66649369709194,0.02624591812491417,0.005493331700563431,14.496292695403099,4.7409897,0.0,3.2675384275904857,1.1963284819841953,,3.479656479106395,0.287812366500628
2023-08-09,Maqueda Bay,30.380413211882114,33.65886406973004,0.025025177747011185,0.005493331700563431,13.428144812583923,3.0979207,0.0,2.9432796193779724,0.8221544624118056,,3.05595040501468,0.2809313526625907
2023-08-10,Maqueda Bay,30.389202542603016,33.66649369709194,0.01342814415693283,0.006103701889514923,14.648885250091553,1.7087579,10.68987585908623,2.3939772842287885,0.7757951462064812,,2.5165423394572524,0.27405033882455343
2023-08-11,Maqueda Bay,30.326944783329964,33.64970851689577,0.024414807558059692,0.011597033590078354,14.648885250091553,1.7813206,10.523336803125712,2.3122656071090146,0.703149451429066,,2.416814305829932,0.2671693249865161
2023-08-12,Maqueda Bay,30.24417858570814,33.6619159206748,0.01037629321217537,-0.0006103701889514923,17.548143789172173,1.2589436,10.523336803125712,2.391590116894949,0.4052317085199098,,2.4256784669076734,0.2602883111484788
2023-08-13,Maqueda Bay,30.2031617090106,33.65886406973004,0.005493331700563431,0.003662221133708954,16.327403351664543,1.8825487,15.785004224645379,1.796750722457854,0.3792632218730243,,1.8363424925972627,0.2534072973104415
2023-08-14,Maqueda Bay,30.265419468283653,33.59477519989014,0.021973326802253723,0.016479995101690292,13.27555225789547,2.6205924,5.261668401562856,1.5001066493890756,0.5043533607552302,,1.5826219611917478,0.24652628347240418
2023-08-15,Maqueda Bay,30.422162532806396,33.634449262171984,0.020142216235399246,-0.004272591322660446,12.359996929764748,2.4975169,10.523336803125712,1.3964318002309306,0.41367560404168235,,1.4564165880940276,0.23964526963436686
2023-08-16,Maqueda Bay,30.514450505375862,33.634449262171984,0.031128879636526108,-0.0012207403779029846,12.512589484453201,13.245379,8.564528586860808,1.8635311582846987,0.5927840791347955,,1.955541189127347,0.23276425579632953
2023-08-17,Maqueda Bay,30.408246092498302,33.65276036784053,0.02868739888072014,0.0030518509447574615,14.648885250091553,3.9017665,18.927602890999086,2.1223434846876543,0.8453488962241992,,2.2845035835698764,0.22588324195829224
2023-08-18,Maqueda Bay,30.436811417341232,33.66038999520242,0.020142216235399246,0.016479995101690292,14.496292695403099,1.8713989,15.934233136623867,1.2923044476881462,0.9064813456297002,,1.5785307141418556,0.21900222812025494
2023-08-19,Maqueda Bay,30.531296722590923,33.66344184614718,0.0238044373691082,0.015259254723787308,13.885922476649284,5.0682225,16.58665231625605,1.3613660659539273,0.5764706984515312,0.2121212142822176,1.4783896751885373,0.2121212142822176
2023-08-20,Maqueda Bay,30.642628245055676,33.66344184614718,0.0238044373691082,-0.006103701889514923,12.512589484453201,1.9919529,22.03939189705797,1.4955431410586173,0.052142336324514274,,1.4964518401889364,0.2076776109679162
2023-08-21,Maqueda Bay,30.52543716877699,33.58714557252824,0.017700735479593277,-0.027466658502817154,11.444441601634026,3.4567826,9.388298906305785,1.9013292164971711,-0.030270620374929235,,1.9015701669840188,0.20323400765361477
2023-08-22,Maqueda Bay,30.573046043515205,33.596301125362515,0.017700735479593277,-0.0079348124563694,12.665182039141655,3.3831723,4.6941494531528924,1.7150718164081873,0.4377006222490253,,1.7700432678764841,0.19879040433931336
2023-08-23,Maqueda Bay,30.51298561692238,33.61766408197582,0.0158696249127388,0.016479995101690292,15.564440578222275,0.8065658,4.6941494531528924,1.7061987622557322,0.8933311050797247,,1.9259165816893407,0.19434680102501192
2023-08-24,Maqueda Bay,30.663869127631187,33.62376778386533,0.031128879636526108,0.0024414807558059692,13.73332992196083,0.40984917,6.783820480428716,1.9478277411574916,0.5345543654316557,0.18990319771071051,2.019846845388218,0.18990319771071051
2023-08-25,Maqueda Bay,30.68584245443344,33.62987148575485,0.02929776906967163,0.017090365290641785,14.648885250091553,1.2362105,0.0,2.5907154606405496,1.0528219192595247,,2.796469308194761,0.1430042543522096
2023-08-26,Maqueda Bay,30.596484258770943,33.62987148575485,0.04577776417136192,0.01342814415693283,15.717033132910728,1.2414504,0.0,3.673855174199855,1.9446262053239243,,4.156775543546654,0.0961053109937087
2023-08-27,Maqueda Bay,30.491012290120125,33.619190007448196,0.039674062281847,0.032959990203380585,17.09036612510681,1.0482602,10.61169882890083,3.7099606151768887,3.2175983142301523,,4.91088043815978,0.049206367635207804
2023-08-28,Maqueda Bay,30.285927906632423,33.60240482725203,0.03418073058128357,0.039674062281847,19.53184700012207,2.081246,21.486039769631194,3.5220794638822133,3.2424500270534584,,4.78732972833915,0.002307424276706882
2023-08-29,Maqueda Bay,30.113803513348103,33.58867149800062,0.030518509447574615,0.03723258152604103,19.53184700012207,2.0239158,0.0,3.973958955496924,3.037309313474376,,5.001759455001048,-0.04459151908179404
2023-08-30,Maqueda Bay,30.122592844069004,33.60393075272441,0.035401470959186554,0.035401470959186554,16.022218242287636,2.0260282,0.0,3.3291939170293277,2.3448442326075196,,4.0720789054705,-0.0914904624402949
2023-08-31,Maqueda Bay,30.20682393014431,33.619190007448196,0.035401470959186554,0.03723258152604103,14.801477804780006,1.6127993,0.0,2.9436280679556845,2.165842333821419,,3.6545614261398764,-0.13838940579879583
2023-09-01,Maqueda Bay,30.277138575911522,33.634449262171984,0.038453321903944016,0.036011841148138046,14.648885250091553,1.6190666,4.399732293804303,3.176853359792692,2.0065910539213094,,3.7574998239924304,-0.18528834915729675
2023-09-02,Maqueda Bay,30.21121859550476,33.645130740478635,0.024414807558059692,0.03723258152604103,16.937773570418358,1.612331,1.9452645130421158,2.783129823622649,2.4890980862387586,,3.733821219348255,-0.23218729251579767
2023-09-03,Maqueda Bay,30.232459478080273,33.66038999520242,0.0238044373691082,0.048829615116119385,16.327403351664543,1.6671222,4.399732293804303,2.109922456184672,2.453840284705311,-0.2790862358742986,3.2362176864288656,-0.2790862358742986
2023-09-04,Maqueda Bay,30.24784080684185,33.67564924992621,0.017090365290641785,0.03479110077023506,15.869625687599182,1.3770999,4.648168871479649,1.4371852507251308,1.1960368609733758,,1.86976084505717,-0.20171361256774012
2023-09-05,Maqueda Bay,30.55912960320711,33.67870110087097,0.01342814415693283,0.02868739888072014,12.05481182038784,1.1217955,3.980133002437937,0.23213493003875485,0.5772096229007586,,0.6221395137051926,-0.12434098926118162
2023-09-06,Maqueda Bay,30.703421115875244,33.669545548036695,-0.03906369209289551,0.02868739888072014,10.83407138288021,1.3019174,8.750510949692968,-0.4245627681157573,0.46871821547694903,,0.632416247095226,-0.046968365954623115
2023-09-07,Maqueda Bay,30.593554481863976,33.693960355594754,-0.021973326802253723,0.0634784996509552,12.817774593830109,1.8246275,5.978791950302007,-0.9453863359883866,1.0656143077090257,,1.4245312130900232,0.03040425735193536
2023-09-08,Maqueda Bay,30.627246916294098,33.704641833901405,0.014648884534835815,0.003662221133708954,10.986663937568665,5.6898785,15.142193388462799,0.5459366270599487,0.4547727008289077,0.10777688065849383,0.7105385353271226,0.10777688065849383
2023-09-09,Maqueda Bay,30.94366282224655,33.69853813201189,-0.01342814415693283,0.0012207403779029846,10.528886273503304,4.072239,0.0,0.3386920177516355,0.44983543455769637,,0.5630845416741483,0.0766082856626196
2023-09-10,Maqueda Bay,30.810357972979546,33.7122714612633,0.02868739888072014,-0.009765923023223877,10.528886273503304,1.7701565,0.0,1.426097801560436,-0.02908002843827627,,1.4263942609494331,0.04543969066674537
2023-09-11,Maqueda Bay,30.780327759683132,33.718375163152814,0.027466658502817154,-0.02624591812491417,12.359996929764748,2.27298,0.0,2.207909911448732,0.3127771072967056,,2.229954191440363,0.014271095670871148
2023-09-12,Maqueda Bay,30.66899623721838,33.681752951815724,0.020142216235399246,-0.021973326802253723,14.191107586026192,1.3602009,25.983529555266536,2.2286115052085824,-0.01929352600450462,,2.228695017559323,-0.01689749932500309
2023-09-13,Maqueda Bay,30.651417575776577,33.65428629331291,0.011597033590078354,-0.01037629321217537,14.648885250091553,1.6249138,6.8227413561303845,1.765755380455172,0.23429554478592252,,1.7812317271800773,-0.04806609432087733
2023-09-14,Maqueda Bay,30.752494879066944,33.61766408197582,-0.0024414807558059692,0.039674062281847,12.665182039141655,0.7573107,6.306613308310324,0.10930949317805011,1.1374970697348694,,1.1427371302947396,-0.07923468931675154
2023-09-15,Maqueda Bay,30.73491621762514,33.50627152249217,0.011597033590078354,0.028077028691768646,10.681478828191757,1.1557668,12.854173547478132,0.080544783146787,0.5621209476562392,,0.5678621504257098,-0.11040328431262578
2023-09-16,Maqueda Bay,30.933408603072166,33.57646409422159,-0.02685628831386566,0.006714072078466415,11.139256492257118,4.4156156,0.0,-0.8475523335477279,0.24786906981162846,,0.8830538114245818,-0.14157187930850001
2023-09-17,Maqueda Bay,30.97222814708948,33.62987148575485,-0.04455702379345894,0.012207403779029846,11.291849046945572,7.131518,0.0,-0.9733594712602515,-0.0879446326044699,,0.9773243671862334,-0.17274047430437423
2023-09-18,Maqueda Bay,30.998596139252186,33.646656665951014,-0.04211554303765297,0.025025177747011185,10.83407138288021,1.7555403,0.0,-1.252297143404897,0.2993653301855989,-0.2039090693002485,1.287582127981434,-0.2039090693002485
2023-09-19,Maqueda Bay,30.93121127039194,33.6115603800863,-0.04028443247079849,0.021973326802253723,10.528886273503304,4.3570046,0.0,-1.0435780210991126,0.04742769204366373,,1.0446551929195242,-0.1169564580186553
2023-09-20,Maqueda Bay,30.961973927915096,33.538315957412124,-0.032959990203380585,0.0,10.528886273503304,5.4176784,28.888118899179855,-0.4645213927323351,-0.37126803925069,,0.5946596348122514,-0.030003846737062106
2023-09-21,Maqueda Bay,30.761284209787846,33.50932337343693,-0.004272591322660446,-0.02624591812491417,10.528886273503304,5.4176784,22.902664125972812,0.673826289855203,-0.24328232788382964,,0.716399441624994,0.05694876454453107
2023-09-22,Maqueda Bay,30.537156276404858,33.41013821773231,0.039674062281847,-0.010986663401126862,10.528886273503304,5.417757,12.310758341658866,2.2184923873066054,0.699651369726416,,2.3262030246084304,0.14390137582612428
2023-09-23,Maqueda Bay,30.347453221678734,33.41471599414945,0.031128879636526108,-0.0048829615116119385,11.749626711010933,1.951116,18.253263157084238,2.3853624132665043,1.049067222651854,,2.605857993112264,0.23085398710771748
2023-09-24,Maqueda Bay,30.40751364827156,33.442182652652264,0.014648884534835815,-0.01342814415693283,14.648885250091553,1.9292217,9.079729346818821,2.0838515368040813,-0.19867476323395916,,2.0933009551869985,0.31780659838931063
2023-09-25,Maqueda Bay,30.453657634556293,33.451338205486536,0.006103701889514923,-0.023194067180156708,15.564440578222275,1.9308757,12.423628773374308,2.287127933115236,-0.7125834027858571,,2.3955645030685027,0.4047592096709039
2023-09-26,Maqueda Bay,30.40751364827156,33.43302709981799,0.006714072078466415,-0.024414807558059692,15.717033132910728,2.982358,8.335358235143845,2.1726979773749604,-0.7550838785513074,,2.3001669862288976,0.49171182095249705
2023-09-27,Maqueda Bay,30.37894832342863,33.40250859037042,0.01342814415693283,-0.01342814415693283,14.95407035946846,2.949012,8.335358235143845,2.1763992108523706,-0.04441320036836566,,2.1768523278729273,0.5786644322340901
2023-09-28,Maqueda Bay,30.430219419300556,33.391827112063766,0.02136295661330223,0.0030518509447574615,14.801477804780006,0.8031385,9.664482285167031,1.9830280735448658,0.306210503480365,0.6656170435156834,2.0065306409095176,0.6656170435156834
2023-09-29,Maqueda Bay,30.425824753940105,33.379619708284736,0.028077028691768646,-0.009155552834272385,14.801477804780006,1.2057482,16.722441897414246,2.5920261492146044,0.03220424736679701,,2.592226199960326,0.6064593322672455
2023-09-30,Maqueda Bay,30.32987456023693,33.37199008092284,0.028077028691768646,-0.0024414807558059692,16.63258846104145,1.1944301,0.0,3.53192565495987,0.7468626659283709,,3.610028071071102,0.5473016210188075
2023-10-01,Maqueda Bay,30.22659992426634,33.37046415545046,0.03418073058128357,0.012817773967981339,19.226661890745163,1.162178,11.100923315537507,3.616856042022515,1.9377002940485426,,4.103209726332616,0.48814390977036953
2023-10-02,Maqueda Bay,30.173131495714188,33.37046415545046,0.025635547935962677,0.021973326802253723,17.548143789172173,5.0989532,11.100923315537507,2.5890962967564026,1.870560793923667,,3.194122307871453,0.42898619852193154
2023-10-03,Maqueda Bay,30.269081689417362,33.38267155922949,0.023194067180156708,0.03234962001442909,14.648885250091553,4.7668767,5.5504616577687536,1.9182683790566417,1.5548322420737433,,2.469262415192168,0.3698284872734936
2023-10-04,Maqueda Bay,30.320352785289288,33.391827112063766,0.014648884534835815,0.023194067180156708,14.801477804780006,4.6543326,0.0,1.5679040599893466,0.9748878244044199,,1.8462744680851382,0.31067077602505566
2023-10-05,Maqueda Bay,30.493942067027092,33.40250859037042,0.011597033590078354,0.01831110566854477,13.428144812583923,1.5019398,5.5504616577687536,0.7282936749484796,0.41362796369680366,,0.8375558305700738,0.25151306477661767
2023-10-06,Maqueda Bay,30.66972868144512,33.40708636678755,-0.0024414807558059692,-0.0006103701889514923,12.665182039141655,6.6370826,3.046195475553404,0.5451061582803106,-0.1597668856270903,,0.568037130422034,0.19235535352817973
2023-10-07,Maqueda Bay,30.63237402588129,33.41166414320469,-0.009155552834272385,-0.020142216235399246,12.970367148518562,2.410401,0.0,0.3556467252808283,-0.7418645576975128,,0.8227074906494429,0.13319764227974173
2023-10-08,Maqueda Bay,30.72978910803795,33.4253974724561,-0.04272591322660446,-0.025635547935962677,11.59703415632248,4.585802,0.0,-0.9980145010915212,-1.3541709960864865,0.07403993103130384,1.682204515221269,0.07403993103130384
2023-10-09,Maqueda Bay,30.601611368358135,33.43760487623513,-0.06103701889514923,0.0024414807558059692,10.681478828191757,0.94439584,6.893918110661426,-1.3557304672868993,-1.124591743298889,,1.7614515857740707,0.1005501636647948
2023-10-10,Maqueda Bay,30.2434461414814,33.24381234124303,-0.04821924492716789,-0.0158696249127388,10.528886273503304,0.943182,12.653138314524005,-0.6081579978620332,-1.2026968628157972,,1.3477150641699147,0.12706039629828575
2023-10-11,Maqueda Bay,30.518845170736313,33.30637528561056,-0.02868739888072014,0.010986663401126862,10.528886273503304,3.3471978,6.820585382698868,-0.2387502628511466,-0.3235334285219199,,0.4020890043045692,0.1535706289317767
2023-10-12,Maqueda Bay,30.60820336639881,33.379619708284736,-0.005493331700563431,-0.017700735479593277,10.528886273503304,3.4450471,4.54032487766717,0.13798856446089883,-0.6298811167907542,,0.6448186297026066,0.18008086156526767
2023-10-13,Maqueda Bay,30.676320679485798,33.37199008092284,0.0012207403779029846,-0.009765923023223877,10.528886273503304,4.8022847,0.0,0.7999601453850088,0.0861216857159582,0.20659109419875862,0.8045826116409445,0.20659109419875862
2023-10-14,Maqueda Bay,30.641163356602192,33.393353037536144,0.01342814415693283,-0.016479995101690292,10.528886273503304,14.635307,0.0,0.9864430125440907,-0.0771292972143148,,0.9894537611661472,0.16543532482876994
2023-10-15,Maqueda Bay,30.770073540508747,33.3964048884809,-0.014038514345884323,-0.008545182645320892,10.528886273503304,2.197676,20.21402390065464,0.2788904190712015,-0.1948882624039125,,0.34023712418330637,0.12427955545878122
2023-10-16,Maqueda Bay,30.7832575365901,33.38419748470187,-0.02929776906967163,-0.008545182645320892,10.528886273503304,3.630828,26.056684453000305,-0.2260915409285074,-0.5038345109493597,,0.5522378104612246,0.08312378608879252
2023-10-17,Maqueda Bay,30.748832657933235,33.44523450359702,-0.0476088747382164,-0.011597033590078354,10.528886273503304,6.3177567,0.0,-1.0089362400750597,-0.8281453899768126,,1.3052881381046277,0.04196801671880382
2023-10-18,Maqueda Bay,30.749565102159977,33.535264106467366,-0.05493331700563431,0.012817773967981339,10.528886273503304,5.960216,0.0,-1.8694895630073045,-0.4029566388571734,0.0008122473488151247,1.9124239276353747,0.0008122473488151247
2023-10-19,Maqueda Bay,30.71807000041008,33.620715932920575,-0.040894802659749985,0.025635547935962677,10.528886273503304,3.009744,0.0,-1.0906982607789066,0.2912466168525227,,1.128914207499477,0.018295110881770448
2023-10-20,Maqueda Bay,30.858699291944504,33.6832788772881,0.017090365290641785,-0.0024414807558059692,10.528886273503304,4.3442197,0.0,0.16398856002944243,0.33659082214051084,,0.3744137141849308,0.03577797441472577
2023-10-21,Maqueda Bay,30.912167720496655,33.693960355594754,-0.016479995101690292,-0.01831110566854477,10.528886273503304,13.1331,0.0,-0.3181042719303474,-0.3584226597251231,,0.4792255531842681,0.0532608379476811
2023-10-22,Maqueda Bay,30.772270873188972,33.6832788772881,-0.05371257662773132,0.005493331700563431,10.528886273503304,13.132716,3.8538937195105487,-1.540903129478194,-0.7630904499776208,,1.7195026866169008,0.07074370148063641
2023-10-23,Maqueda Bay,30.653614908456802,33.729056641459465,-0.05493331700563431,0.0006103701889514923,10.528886273503304,1.7856807,0.0,-1.5332792587565633,-0.42252491475178444,,1.59043157316468,0.08822656501359175
2023-10-24,Maqueda Bay,30.762016654014587,33.80687884055078,-0.05005035549402237,0.006103701889514923,10.528886273503304,1.9248267,15.813698295440908,-1.5201071255279757,-0.5720303993193752,,1.6241750062189755,0.10570942854654708
2023-10-25,Maqueda Bay,30.879207730293274,33.81145661696792,-0.031128879636526108,-0.02075258642435074,10.528886273503304,2.2536776,0.0,-0.996184006956555,-0.5807496570857168,,1.1531056933001393,0.12319229207950239
2023-10-26,Maqueda Bay,30.93487349152565,33.84655290283263,-0.03418073058128357,-0.012817773967981339,10.528886273503304,1.4128275,0.0,-0.5622026566055024,-0.5773510175079333,,0.8058573226767443,0.14067515561245772
2023-10-27,Maqueda Bay,30.927549049258232,33.87859733775258,-0.01892147585749626,-0.02868739888072014,10.528886273503304,4.1842093,0.0,-0.1892640408807015,-0.8195694688900547,,0.8411391035418685,0.15815801914541305
2023-10-28,Maqueda Bay,30.860164180397987,33.89233066700399,-0.06164738908410072,-0.01892147585749626,10.528886273503304,5.1582046,0.0,-1.3153064331743003,-0.8721207710508452,0.17564088267836836,1.578171616918775,0.17564088267836836
2023-10-29,Maqueda Bay,30.72173222154379,33.95031583495438,-0.06042664870619774,-0.003662221133708954,10.528886273503304,4.6447883,21.020051247147002,-1.9480922067299136,-1.324063298303119,,2.3554631951773644,0.16891198385725426
2023-10-30,Maqueda Bay,30.540818497538567,34.01287877932191,-0.0714133121073246,-0.0079348124563694,10.528886273503304,4.61784,23.22383966900053,-2.1831893082123335,-1.9174220204204715,,2.905653585664673,0.16218308503614012
2023-10-31,Maqueda Bay,30.408246092498302,34.03881951235235,-0.03784295171499252,-0.0024414807558059692,10.528886273503304,3.5323532,21.7872809602002,-1.1999876067087951,0.04777065749397006,,1.2009380883176735,0.15545418621502602
2023-11-01,Maqueda Bay,30.523239836096764,34.05713061802089,0.0030518509447574615,0.0158696249127388,10.528886273503304,4.299083,16.71307702364826,-1.1109573764621596,0.6221879523829728,,1.2733201248728463,0.1487252873939119
2023-11-02,Maqueda Bay,30.592089593410492,34.06933802179992,-0.019531846046447754,-0.0079348124563694,10.528886273503304,4.7330556,0.0,-1.1507445650820587,-0.5611329837057792,0.14199638857279778,1.2802668782204931,0.14199638857279778
2023-11-03,Maqueda Bay,30.573046043515205,34.09680468030274,-0.043946653604507446,-0.012817773967981339,12.05481182038784,3.191085,0.0,-1.6720406649997144,-1.0138263837234325,,1.9553935465134429,0.13903906144869765
2023-11-04,Maqueda Bay,30.453657634556293,34.089175052940845,-0.046388134360313416,-0.0006103701889514923,12.970367148518562,0.7112619,19.391367670577793,-1.9534433058542306,-0.5068208007710896,,2.0181199353063617,0.13608173432459753
2023-11-05,Maqueda Bay,30.515182949602604,34.127323189750314,-0.032959990203380585,0.0,13.580737367272377,3.2565155,0.0,-1.7068204982445834,-0.5895123847633699,,1.805757753691586,0.13312440720049737
2023-11-06,Maqueda Bay,30.44340341538191,34.136478742584586,-0.036011841148138046,-0.0079348124563694,15.106662914156914,4.853515,13.505969400596324,-2.0518574520639854,-1.0923731249232393,,2.3245210361803728,0.13016708007639724
2023-11-07,Maqueda Bay,30.2925199046731,34.13342689163983,-0.0476088747382164,-0.0024414807558059692,17.39555123448372,4.8535357,30.90162400862405,-2.688904600457974,-1.1946223275293697,,2.942334184927971,0.1272097529522971
2023-11-08,Maqueda Bay,30.254432804882526,34.14563429541886,-0.038453321903944016,0.008545182645320892,14.95407035946846,2.7518864,6.983034579252134,-2.4711032146690357,-0.5551274228390554,,2.532689786202719,0.12425242582819698
2023-11-09,Maqueda Bay,30.23612169921398,34.1715750284493,-0.03357036039233208,-0.007324442267417908,15.411848023533821,3.3084211,0.0,-2.491150173864761,-0.852846742932872,,2.633092621932931,0.12129509870409684
2023-11-10,Maqueda Bay,30.359172329306602,34.185308357700706,-0.021973326802253723,-0.02685628831386566,13.885922476649284,2.102953,0.0,-1.3989764753415392,-0.7583254305775657,,1.5912864723926006,0.11833777157999671
2023-11-11,Maqueda Bay,30.348185665905476,34.18988613411784,-0.03479110077023506,-0.005493331700563431,14.343700140714645,2.1075213,0.0,-1.7473693811121975,-0.6471582472114948,,1.8633608214681017,0.11538044445589657
2023-11-12,Maqueda Bay,30.336466558277607,34.20361946336925,-0.030518509447574615,-0.01037629321217537,14.801477804780006,3.546922,0.0,-1.8815691872787734,-1.2689049879628813,0.11242311733179644,2.269454224035811,0.11242311733179644
2023-11-13,Maqueda Bay,30.209753707051277,34.20667131431401,-0.04699850454926491,-0.010986663401126862,15.564440578222275,7.1625113,3.6717579866517704,-2.6836455839231252,-1.9604250490699218,,3.323434968993811,0.10101012279043384
2023-11-14,Maqueda Bay,30.09183018654585,34.20361946336925,-0.04516739398241043,0.0,16.022218242287636,3.1288872,25.014987813712263,-2.7004837369913415,-1.5118526018599483,,3.0948846026153247,0.08959712824907122
2023-11-15,Maqueda Bay,30.03103731572628,34.221930569037795,-0.04699850454926491,-0.005493331700563431,16.17481079697609,2.0193892,0.0,-3.471170572997842,-2.0693974010422562,,4.041216493865011,0.0781841337077086
2023-11-16,Maqueda Bay,29.866237364709377,34.22803427092731,-0.040894802659749985,-0.0079348124563694,19.53184700012207,2.0260994,31.89090469758814,-2.652271048519787,-2.2286959893171394,,3.464336520549722,0.066771139166346
2023-11-17,Maqueda Bay,29.841334261000156,34.23718982376158,-0.032959990203380585,-0.027466658502817154,16.022218242287636,1.5447384,20.277762599071966,-1.9767659284705603,-3.009439978134224,,3.6006016883230214,0.05535814462498339
2023-11-18,Maqueda Bay,29.615741439163685,34.21277501620352,-0.04516739398241043,-0.0317392498254776,19.53184700012207,1.5351154,57.172743479410805,-2.4462664832364105,-2.905060248284143,,3.797840801451078,0.04394515008362078
2023-11-19,Maqueda Bay,29.414319276809692,34.1639454010874,-0.05249183624982834,-0.011597033590078354,18.31110656261444,1.5433446,65.44624994280883,-2.6636990753820418,-2.389418001768339,,3.5783531339662025,0.03253215554225816
2023-11-20,Maqueda Bay,29.190923787653446,34.09527875483036,-0.036011841148138046,-0.0024414807558059692,17.09036612510681,1.436551,18.28165545368341,-2.2836879045801415,-1.6976241931533729,,2.8455506227627154,0.02111916100089556
2023-11-21,Maqueda Bay,29.083254486322403,34.06018246896565,-0.012207403779029846,0.0012207403779029846,15.717033132910728,8.571897,64.85741641371297,-1.2417404140513268,-0.7158668244707872,,1.4333124454445547,0.009706166459532956
2023-11-22,Maqueda Bay,29.214362002909184,34.09375282935798,0.007324442267417908,-0.020142216235399246,14.648885250091553,8.671542,25.310072821223056,-0.1282565221756234,-0.7046501201174364,,0.7162272874319323,-0.0017068280818296616
2023-11-23,Maqueda Bay,29.363048180937767,34.0922269038856,0.008545182645320892,-0.017090365290641785,12.05481182038784,9.46067,0.0,-0.7880418075532124,-0.23858092207629222,,0.8233655001459,-0.013119822623192279
2023-11-24,Maqueda Bay,29.179204680025578,34.10443430766463,-0.02136295661330223,0.007324442267417908,16.17481079697609,9.52823,22.54676059424053,-2.235824004655034,-1.416576820666674,,2.646809186292389,-0.024532817164554882
2023-11-25,Maqueda Bay,29.186529122292995,34.11969356238842,-0.02136295661330223,-0.006103701889514923,16.022218242287636,2.5519013,11.273380297120266,-2.0817610316842394,-1.7931428239767913,,2.7475607691584347,-0.035945811705917485
2023-11-26,Maqueda Bay,29.185064233839512,34.13037504069507,-0.028077028691768646,-0.0079348124563694,15.717033132910728,1.03765,0.0,-2.2384935304932916,-1.5977820098150162,,2.7502291971668167,-0.047358806247280116
2023-11-27,Maqueda Bay,29.250984214246273,34.138004668056965,-0.02929776906967163,0.001831110566854477,14.648885250091553,0.79650277,11.640467542657104,-2.502579001251916,-0.6706085982242166,-0.05877180078864273,2.5908719670256355,-0.05877180078864273
2023-11-28,Maqueda Bay,29.149174466729164,34.14410836994648,-0.021973326802253723,0.009765923023223877,16.937773570418358,2.4108412,11.640467542657104,-3.119685748827832,-0.5576509814893094,,3.1691345488311886,0.006868372567519064
2023-11-29,Maqueda Bay,29.18359934538603,34.15478984825313,-0.025025177747011185,0.0,15.259255468845367,3.1150072,5.908804856870215,-3.1105927652503635,-1.2193154958887973,,3.341035412823762,0.07250854592368086
2023-11-30,Maqueda Bay,29.18359934538603,34.16852317750454,-0.028077028691768646,-0.0079348124563694,15.106662914156914,1.145933,5.7316626857868895,-3.034880641689514,-1.2936927549263173,,3.299112222015281,0.13814871927984265
2023-12-01,Maqueda Bay,29.177739791572094,34.17767873033881,-0.02929776906967163,0.001831110566854477,15.717033132910728,5.9602456,0.0,-3.190574000268975,-1.0375462146514969,,3.355035707519373,0.20378889263600444
2023-12-02,Maqueda Bay,29.140385136008263,34.185308357700706,-0.027466658502817154,-0.006103701889514923,16.17481079697609,2.5901015,0.0,-2.973927774248811,-1.4611917413120081,0.2694290659921662,3.313506860009031,0.2694290659921662
2023-12-03,Maqueda Bay,29.124271363019943,34.1929379850626,-0.02868739888072014,-0.0048829615116119385,15.869625687599182,1.9288435,55.11672248195759,-3.197094111273406,-1.0684110322912495,,3.3708920021651156,0.2581288549980291
2023-12-04,Maqueda Bay,29.103762924671173,34.20056761242449,-0.01892147585749626,0.01037629321217537,15.869625687599182,1.6853813,24.798094490156746,-2.3536996459874464,-0.18484903491166232,,2.360947095813289,0.24682864400389204
2023-12-05,Maqueda Bay,29.174810014665127,34.1929379850626,-0.02136295661330223,-0.003662221133708954,14.191107586026192,1.7535563,48.00681252779865,-1.9978871540621703,-0.6276530596886473,,2.0941588869288688,0.23552843300975496
2023-12-06,Maqueda Bay,29.117679364979267,34.20209353789687,-0.014038514345884323,-0.0012207403779029846,15.259255468845367,1.7138338,36.83329577819543,-1.8182240079403953,-0.8594997306131095,,2.0111385655828995,0.22422822201561787
2023-12-07,Maqueda Bay,29.06933804601431,34.2143009416759,-0.015259254723787308,-0.0048829615116119385,16.327403351664543,9.403243,0.0,-2.2128345902836486,-1.315407040788516,0.2129280110214808,2.5742829306258863,0.2129280110214808
2023-12-08,Maqueda Bay,29.06640826910734,34.2143009416759,-0.020142216235399246,-0.0006103701889514923,15.564440578222275,3.3117344,0.0,-1.9626024668413695,-0.7133826612818206,,2.088234484982317,0.28372120678097207
2023-12-09,Maqueda Bay,29.11841180920601,34.220404643565416,-0.022583696991205215,-0.006103701889514923,15.106662914156914,11.843086,0.0,-2.314670164974506,-1.4131058148484936,,2.7119303118962574,0.3545144025404634
2023-12-10,Maqueda Bay,29.100833147764206,34.22498241998255,-0.02624591812491417,0.0048829615116119385,15.411848023533821,4.686777,0.0,-2.7100852422266746,-1.2652921617051363,,2.990907266133016,0.4253075982999547
2023-12-11,Maqueda Bay,29.095706038177013,34.221930569037795,-0.023194067180156708,-0.0006103701889514923,15.259255468845367,1.6077899,0.0,-2.263667733223682,-1.4655515597707813,,2.6966707216092614,0.49610079405944596
2023-12-12,Maqueda Bay,29.04516738653183,34.22498241998255,-0.023194067180156708,-0.0006103701889514923,15.869625687599182,4.4485135,0.0,-2.432710490636946,-1.5679209844387538,0.5668939898189372,2.894210867352004,0.5668939898189372
2023-12-13,Maqueda Bay,28.993163846433163,34.22650834545493,-0.030518509447574615,0.0,16.63258846104145,7.309921,0.0,-3.3778545905386355,-2.098695715876457,,3.9767355132899054,0.5247343599424714
2023-12-14,Maqueda Bay,28.98437451571226,34.22803427092731,-0.029908139258623123,0.012207403779029846,16.022218242287636,2.9958994,0.0,-3.25810106738576,-1.3259067487840979,,3.5175632576787366,0.48257473006600554
2023-12-15,Maqueda Bay,28.993896290659904,34.223456494510174,-0.023194067180156708,0.014648884534835815,15.259255468845367,2.1859677,2.2469631860149986,-2.479734501195011,-1.049573824206515,,2.6927102348519343,0.4404151001895397
2023-12-16,Maqueda Bay,28.973387852311134,34.22498241998255,-0.021973326802253723,-0.004272591322660446,15.717033132910728,9.046093,0.0,-2.260266498563836,-2.161380610214154,,3.1273584359231568,0.39825547031307384
2023-12-17,Maqueda Bay,28.82396923005581,34.223456494510174,-0.024414807558059692,-0.009155552834272385,19.53184700012207,7.9433403,58.2470103145195,-3.5616160330015227,-2.3866836765679076,,4.287349733638394,0.356095840436608
2023-12-18,Maqueda Bay,28.716299928724766,34.221930569037795,-0.02868739888072014,0.017700735479593277,19.53184700012207,5.3030066,18.868159089037167,-4.5899104209466675,-0.9029666224156162,,4.6778869581801015,0.3139362105601422
2023-12-19,Maqueda Bay,28.715567484498024,34.21887871809304,-0.01892147585749626,0.036011841148138046,16.022218242287636,4.5736914,0.0,-3.0188598712528565,0.04449844788656502,,3.0191878103432264,0.2717765806836763
2023-12-20,Maqueda Bay,28.815179899334908,34.21582686714828,-0.01892147585749626,0.019531846046447754,14.343700140714645,6.197338,0.0,-1.8915675854474852,-0.4969987082100369,,1.9557698346886512,0.2296169508072105
2023-12-21,Maqueda Bay,28.855464331805706,34.220404643565416,-0.019531846046447754,0.019531846046447754,14.648885250091553,3.8952305,0.0,-2.405752098750841,-0.37627013832428663,,2.4349994615273847,0.1874573209307447
2023-12-22,Maqueda Bay,28.818842120468616,34.223456494510174,-0.025635547935962677,0.014038514345884323,15.869625687599182,5.680561,0.0,-3.294532751018304,-0.9948219996277982,0.14529769105427884,3.4414556307579622,0.14529769105427884
2023-12-23,Maqueda Bay,28.781487464904785,34.22803427092731,-0.02624591812491417,0.01342814415693283,16.479995906352997,0.7068355,0.0,-3.234671080259729,-1.282512122617616,,3.4796457207781635,0.13144515008693522
2023-12-24,Maqueda Bay,28.793206572532654,34.22650834545493,-0.02624591812491417,0.0006103701889514923,15.869625687599182,4.3975577,0.0,-2.5467388974989293,-1.6633282051758747,,3.0417987655608743,0.11759260911959157
2023-12-25,Maqueda Bay,28.756584361195564,34.22803427092731,-0.028077028691768646,-0.006103701889514923,16.63258846104145,2.9416647,0.0,-2.924842239615194,-1.6882854011693018,,3.377130397606615,0.10374006815224796
2023-12-26,Maqueda Bay,28.765373691916466,34.22803427092731,-0.031128879636526108,0.0030518509447574615,16.17481079697609,2.6625593,0.0,-3.123073607673048,-1.5303629069699596,,3.4778728248706123,0.08988752718490432
2023-12-27,Maqueda Bay,28.7800225764513,34.23108612187207,-0.027466658502817154,0.012207403779029846,15.869625687599182,2.6127677,6.910804578602405,-3.1359923827490075,-0.9444731969918766,,3.275130202678338,0.07603498621756069
2023-12-28,Maqueda Bay,28.8203070089221,34.235663898289204,-0.02868739888072014,0.0030518509447574615,15.259255468845367,9.990449,0.0,-2.669742454696672,-1.4101345977126019,,3.0192721570067005,0.06218244525021707
2023-12-29,Maqueda Bay,28.757316805422306,34.234137972816825,-0.02868739888072014,0.007324442267417908,16.17481079697609,1.7447062,0.0,-3.017823950741467,-1.1287745981952522,,3.2220169911407495,0.04832990428287344
2023-12-30,Maqueda Bay,28.777825243771076,34.232612047344446,-0.025635547935962677,0.024414807558059692,15.411848023533821,2.6495676,40.607226018715195,-2.6618244772552977,-0.0005369600384437986,,2.6618245314147817,0.03447736331552981
2023-12-31,Maqueda Bay,28.825434118509293,34.235663898289204,-0.021973326802253723,0.007324442267417908,14.648885250091553,1.0579205,0.0,-2.224234870997981,-0.47231708664101274,,2.27383029087407,0.020624822348186175
2024-01-01,Maqueda Bay,28.86571855098009,34.23718982376158,-0.028077028691768646,-0.001831110566854477,14.191107586026192,2.0446453,0.0,-2.191734063845568,-1.0882625894374647,0.0067722813808425335,2.447041820278138,0.0067722813808425335
2024-01-02,Maqueda Bay,28.88988921046257,34.246345376595855,-0.021973326802253723,0.0079348124563694,14.496292695403099,2.0812557,0.0,-2.0138860017442926,-0.6193360769328489,,2.106967964685791,0.026148927580407804
2024-01-03,Maqueda Bay,29.081057153642178,34.25550092943013,0.004272591322660446,-0.0079348124563694,13.27555225789547,5.076654,0.0,-1.0455776490444204,-0.49652934839135604,,1.1574860750761549,0.04552557377997308
2024-01-04,Maqueda Bay,29.089114040136337,34.26007870584726,-0.017700735479593277,-0.028077028691768646,13.73332992196083,8.610156,0.0,-1.5335945486954845,-1.6114134496265997,,2.2245371530783666,0.06490221997953835
2024-01-05,Maqueda Bay,28.93823052942753,34.25244907848537,-0.0317392498254776,-0.011597033590078354,15.259255468845367,6.731293,39.05098223942582,-2.3215680601887856,-1.5305353074769348,,2.7806863515186744,0.08427886617910361
2024-01-06,Maqueda Bay,29.01293984055519,34.258552780374885,-0.0317392498254776,-0.008545182645320892,14.648885250091553,11.048476,0.0,-2.1455646280149048,-1.3093802675049173,0.1036555123786689,2.5135481411582283,0.1036555123786689
2024-01-07,Maqueda Bay,28.985839404165745,34.26007870584726,-0.032959990203380585,-0.011597033590078354,14.95407035946846,1.6563,0.0,-2.3020194871996074,-1.4303208457549437,,2.7101866063516513,0.1228898178696579
2024-01-08,Maqueda Bay,28.994628734886646,34.26618240773678,-0.03418073058128357,0.0012207403779029846,15.259255468845367,3.6627083,0.0,-3.1536416223796877,-1.087678274653821,,3.335940573745207,0.14212412336064692
2024-01-09,Maqueda Bay,29.04882960766554,34.2646564822644,-0.027466658502817154,0.0158696249127388,14.343700140714645,2.0353565,0.0,-2.3384292699387315,-0.18718731183118328,,2.3459093205443327,0.16135842885163593
2024-01-10,Maqueda Bay,29.219489112496376,34.27228610962629,-0.009155552834272385,-0.024414807558059692,13.73332992196083,5.2910285,0.0,-1.4597378944467017,-1.140081812840098,,1.8521936347078978,0.18059273434262493
2024-01-11,Maqueda Bay,29.044434942305088,34.27533796057105,-0.03357036039233208,-0.016479995101690292,15.564440578222275,0.85253257,0.0,-2.77143664048208,-1.9275427523024646,0.19982703983361394,3.375837986953811,0.19982703983361394
2024-01-12,Maqueda Bay,28.870845660567284,34.27381203509867,-0.036011841148138046,-0.01342814415693283,19.53184700012207,0.7985788,0.0,-3.3404434616571383,-2.7737859358771866,,4.34194091836796,0.19718809565196016
2024-01-13,Maqueda Bay,28.71410259604454,34.269234258681536,-0.031128879636526108,-0.014648884534835815,19.226661890745163,2.2401907,0.0,-3.411746186895543,-2.577775220988249,,4.276088999744661,0.19454915147030635
2024-01-14,Maqueda Bay,28.5749381929636,34.27381203509867,-0.030518509447574615,-0.0158696249127388,19.53184700012207,2.2176068,8.44308750310801,-3.5795650129805723,-3.155802191377943,,4.7720407744758875,0.19191020728865257
2024-01-15,Maqueda Bay,28.44749289751053,34.282967587932944,-0.029908139258623123,-0.0238044373691082,19.53184700012207,1.1863087,28.906102691744145,-3.4939773774641547,-3.8673500697466583,,5.211935770536775,0.1892712631069988
2024-01-16,Maqueda Bay,28.27976316958666,34.295174991711974,-0.0317392498254776,-0.01831110566854477,19.53184700012207,0.9449973,0.0,-3.9793935309026054,-3.3821824362228528,,5.222521508398396,0.186632318925345
2024-01-17,Maqueda Bay,28.160374760627747,34.30280461907387,-0.0238044373691082,-0.0048829615116119385,19.53184700012207,1.1603242,0.0,-3.5627863055303446,-2.660834079424865,,4.4467386090373395,0.1839933747436912
2024-01-18,Maqueda Bay,28.16623431444168,34.305856470018625,-0.025635547935962677,0.011597033590078354,16.327403351664543,1.9850436,0.0,-3.227194682630055,-1.498271650553533,,3.558033650550274,0.18135443056203743
2024-01-19,Maqueda Bay,28.213110744953156,34.307382395491004,-0.024414807558059692,0.019531846046447754,15.411848023533821,2.1709478,0.0,-2.9092068353856377,-1.2234370359066027,,3.155991538626562,0.17871548638038365
2024-01-20,Maqueda Bay,28.23581651598215,34.30890832096338,-0.017090365290641785,0.022583696991205215,15.259255468845367,0.95407945,0.0,-2.485986538461907,-1.0101226027233723,,2.683370407145919,0.17607654219872984
2024-01-21,Maqueda Bay,28.324442267417908,34.31043424643576,-0.01831110566854477,0.010986663401126862,14.496292695403099,0.9179098,0.0,-2.312148578378007,-1.3396422701818012,0.17343759801707606,2.672203671233405,0.17343759801707606
2024-01-22,Maqueda Bay,28.252662733197212,34.305856470018625,-0.01892147585749626,0.017700735479593277,15.564440578222275,0.7573951,25.184100981681578,-2.751536692741249,-0.9144420124540574,,2.8995100216489127,0.26651551364159776
2024-01-23,Maqueda Bay,28.306131161749363,34.31196017190814,-0.014648884534835815,0.009155552834272385,14.95407035946846,1.3958076,9.229506016510054,-2.113621000258355,-1.1170168281425685,,2.3906317840869624,0.3595934292661195
2024-01-24,Maqueda Bay,28.302468940615654,34.316537948325276,-0.024414807558059692,-0.006714072078466415,15.411848023533821,3.6002133,0.0,-2.6547109191006686,-2.352767943038863,,3.547253452712907,0.4526713448906412
2024-01-25,Maqueda Bay,28.17795342206955,34.316537948325276,-0.029908139258623123,-0.009155552834272385,17.85332889854908,2.1690292,0.0,-3.388531348608822,-3.2948137255438086,,4.72630322625798,0.5457492605151629
2024-01-26,Maqueda Bay,27.99410992115736,34.32416757568717,-0.032959990203380585,-0.02624591812491417,19.53184700012207,2.8767755,0.0,-3.0555323335192965,-3.901222446696309,0.6388271761396846,4.955382368676409,0.6388271761396846
2024-01-27,Maqueda Bay,27.784630872309208,34.33790090493858,-0.025635547935962677,-0.021973326802253723,19.53184700012207,2.412205,0.0,-2.886986419347413,-3.3514689865072316,,4.423464134930474,0.6022686178108819
2024-01-28,Maqueda Bay,27.633014917373657,34.34553053230047,-0.02685628831386566,-0.014648884534835815,19.53184700012207,2.3384864,0.0,-3.5043816679420896,-3.1566198993861434,,4.716454183367964,0.5657100594820793
2024-01-29,Maqueda Bay,27.530472725629807,34.35010830871761,-0.028077028691768646,-0.006103701889514923,19.53184700012207,2.9968898,0.0,-4.124773102229271,-3.2429048657538906,,5.246921489140498,0.5291515011532766
2024-01-30,Maqueda Bay,27.45796074718237,34.35010830871761,-0.023194067180156708,0.0048829615116119385,19.53184700012207,2.581352,33.33417771745204,-3.5997192461069356,-2.319146015470319,,4.282104259807851,0.49259294282447386
2024-01-31,Maqueda Bay,27.477004297077656,34.35010830871761,-0.022583696991205215,0.01342814415693283,17.09036612510681,2.4125307,0.0,-3.471113651365997,-2.125193577835272,,4.070021833353191,0.4560343844956712
2024-02-01,Maqueda Bay,27.529740281403065,34.353160159662366,-0.019531846046447754,0.02136295661330223,15.717033132910728,2.4206295,0.0,-2.8918085851921163,-1.2503207282902198,,3.1505331004423702,0.4194758261668685
2024-02-02,Maqueda Bay,27.553910940885544,34.35010830871761,-0.019531846046447754,0.024414807558059692,15.411848023533821,1.9669021,0.0,-2.885351070400594,-1.237506805235845,,3.1395340247347026,0.3829172678380658
2024-02-03,Maqueda Bay,27.616901144385338,34.34705645777285,-0.022583696991205215,0.02868739888072014,14.801477804780006,4.1037064,0.0,-3.322955183521847,-0.7902590876923767,,3.415631797687669,0.3463587095092631
2024-02-04,Maqueda Bay,27.70772422850132,34.340952755883336,-0.019531846046447754,0.01831110566854477,14.343700140714645,3.5522296,0.0,-2.999128526751178,-0.7675089353500654,,3.0957780743804753,0.30980015118046045
2024-02-05,Maqueda Bay,27.681356236338615,34.340952755883336,-0.021973326802253723,0.01831110566854477,14.648885250091553,2.093641,13.984415063110914,-3.1282234640060937,-0.8295941164498153,0.2732415928516577,3.2363572792271302,0.2732415928516577
2024-02-06,Maqueda Bay,27.641071803867817,34.33790090493858,-0.02075258642435074,0.011597033590078354,15.717033132910728,1.6130441,1.1270159554371635,-2.3692871804114684,-1.484378687232635,,2.7958722843457293,0.2341163694395918
2024-02-07,Maqueda Bay,27.749473549425602,34.34400460682809,-0.02136295661330223,0.006714072078466415,14.648885250091553,2.8009346,0.0,-2.258579032999121,-0.6809459520037532,,2.358996955880516,0.19499114602752587
2024-02-08,Maqueda Bay,27.997039698064327,34.342478681355715,-0.0030518509447574615,0.016479995101690292,12.817774593830109,2.0664017,5.472149539836174,-1.7064393367894888,0.13454931669733525,,1.7117355896184054,0.15586592261545992
2024-02-09,Maqueda Bay,27.906216613948345,34.34553053230047,-0.0238044373691082,0.0048829615116119385,14.191107586026192,2.911312,0.0,-2.76794568489539,-0.8081561111612113,,2.883511681012966,0.116740699203394
2024-02-10,Maqueda Bay,27.80147708952427,34.35163423418999,-0.03234962001442909,-0.003662221133708954,15.869625687599182,4.032988,0.0,-3.1922014874827225,-2.4539665813607097,0.07761547579132808,4.026425501499075,0.07761547579132808
2024-02-11,Maqueda Bay,27.718710891902447,34.35621201060712,-0.03723258152604103,-0.010986663401126862,17.548143789172173,2.363749,0.0,-3.735018946964239,-3.067906771713572,,4.833468577958054,0.09128620454269057
2024-02-12,Maqueda Bay,27.62935269623995,34.36078978702426,-0.03723258152604103,-0.0079348124563694,19.07406933605671,1.1027895,0.0,-3.896552869201611,-2.654906316245614,,4.715045260707914,0.10495693329405308
2024-02-13,Maqueda Bay,27.59273048490286,34.36078978702426,-0.03418073058128357,0.016479995101690292,17.242958679795265,1.091034,0.0,-4.017317917724457,-1.4194669103887259,,4.260719371392404,0.11862766204541557
2024-02-14,Maqueda Bay,27.637409582734108,34.36231571249664,-0.028077028691768646,0.025025177747011185,15.411848023533821,6.7311325,0.0,-3.2641964507294827,-0.752384587668054,,3.349785222475522,0.13229839079677808
2024-02-15,Maqueda Bay,27.657185576856136,34.342478681355715,-0.029908139258623123,0.015259254723787308,14.343700140714645,1.6884769,7.509736735699912,-3.0873963508316282,-0.9630119931626235,,3.234100852803373,0.14596911954814057
2024-02-16,Maqueda Bay,27.661580242216587,34.3577379360795,-0.028077028691768646,0.008545182645320892,15.259255468845367,2.769291,0.0,-2.9653001125877867,-1.7460668432622026,,3.441184996313446,0.15963984829950306
2024-02-17,Maqueda Bay,27.71138644963503,34.36231571249664,-0.028077028691768646,0.004272591322660446,14.801477804780006,1.593767,7.901579079723211,-3.0003053714233805,-1.4314808227112543,,3.324299876302088,0.17331057705086556
2024-02-18,Maqueda Bay,27.67036957293749,34.35621201060712,-0.03479110077023506,0.014038514345884323,15.259255468845367,2.98526,0.0,-3.729200357700656,-1.3885677262632319,,3.9793285411353687,0.18698130580222805
2024-02-19,Maqueda Bay,27.676961570978165,34.36231571249664,-0.030518509447574615,0.008545182645320892,15.717033132910728,11.815349,0.0,-3.353190725411496,-1.3611822368660094,,3.618937015609035,0.20065203455359054
2024-02-20,Maqueda Bay,27.643269136548042,34.36231571249664,-0.0317392498254776,-0.001831110566854477,16.327403351664543,7.949167,0.0,-3.4384814987346908,-2.1693062826198983,0.21432276330495306,4.065592793794643,0.21432276330495306
2024-02-21,Maqueda Bay,27.64180424809456,34.366893488913774,-0.029908139258623123,0.006103701889514923,15.869625687599182,8.0498905,0.0,-3.131793484671052,-1.3478427643031743,,3.4095176415311994,0.21543765720989566
2024-02-22,Maqueda Bay,27.824915304780006,34.37452311627567,-0.03418073058128357,0.0079348124563694,14.038515031337738,3.6952207,0.0,-2.800543990789674,-0.9940850422466933,,2.97174220207049,0.21655255111483826
2024-02-23,Maqueda Bay,27.874721512198448,34.377574967220426,-0.0317392498254776,0.004272591322660446,14.038515031337738,4.1733527,0.0,-2.6473505862591744,-1.3236959124319436,,2.9598371568645176,0.21766744501978086
2024-02-24,Maqueda Bay,28.04757834970951,34.37299719080329,-0.024414807558059692,-0.012207403779029846,12.512589484453201,1.5407438,7.093368111301309,-2.5967949700033968,-1.030839342440281,,2.7939172976589077,0.21878233892472346
2024-02-25,Maqueda Bay,27.849085964262486,34.37452311627567,-0.035401470959186554,0.0012207403779029846,15.564440578222275,0.71707743,0.0,-3.1795875535291787,-2.168957657329244,,3.848915994126766,0.21989723282966606
2024-02-26,Maqueda Bay,27.79415264725685,34.38367866910994,-0.038453321903944016,-0.006714072078466415,16.327403351664543,3.7230937,0.0,-3.4653784423191705,-2.8473119823945887,,4.485090107631979,0.22101212673460863
2024-02-27,Maqueda Bay,27.720908224582672,34.39283422194421,-0.035401470959186554,-0.005493331700563431,18.005921453237534,3.8018208,0.0,-3.7386174193723503,-2.765700899634544,,4.650415215297844,0.22212702063955123
2024-02-28,Maqueda Bay,27.61763358861208,34.39893792383373,-0.03357036039233208,0.012817773967981339,19.53184700012207,3.2045305,0.0,-4.5654399255958795,-1.9363668193814976,,4.959108606738365,0.22324191454449382
2024-02-29,Maqueda Bay,27.57734915614128,34.40504162572324,-0.025635547935962677,0.017090365290641785,17.700736343860626,2.0444982,0.0,-3.5887349424996664,-1.5870058988614184,,3.9239783651976246,0.22435680844943642
2024-03-01,Maqueda Bay,27.758995324373245,34.414197178557515,-0.03357036039233208,0.009155552834272385,14.496292695403099,4.157799,0.0,-2.602528121673262,-1.480949761577573,0.22547170235437902,2.99438888930894,0.22547170235437902
2024-03-02,Maqueda Bay,27.756065547466278,34.41724902950227,-0.025025177747011185,0.0048829615116119385,14.648885250091553,2.6748886,0.0,-2.3899696719331645,-1.4775017839865416,,2.8097983120579544,0.16474846462385956
2024-03-03,Maqueda Bay,27.84615618735552,34.42182680591941,-0.02929776906967163,0.01831110566854477,14.191107586026192,2.5605214,6.174672386063957,-2.818655753154597,-0.2656167247567495,,2.8311433201556597,0.10402522689334007
2024-03-04,Maqueda Bay,27.81466108560562,34.42335273139179,-0.023194067180156708,0.029908139258623123,15.106662914156914,6.168783,0.0,-3.0349920917689546,-0.14158019569067948,,3.038292604228879,0.043301989162820576
2024-03-05,Maqueda Bay,27.8879055082798,34.426404582336545,-0.017090365290641785,0.029908139258623123,14.343700140714645,4.1022577,0.0,-2.461572170852061,0.31842111010380136,,2.482081698025483,-0.017421248567698888
2024-03-06,Maqueda Bay,28.188940085470676,34.4294564332813,-0.014038514345884323,0.0079348124563694,12.665182039141655,3.2399247,0.0,-1.984897516028594,-0.009059003755158074,-0.07814448629821835,1.9849181884111795,-0.07814448629821835
2024-03-07,Maqueda Bay,28.07614367455244,34.43556013517082,-0.02624591812491417,0.0,14.191107586026192,1.9779878,0.0,-2.5059849696811685,-1.005011091045305,,2.7000014743314495,-0.03113276806566241
2024-03-08,Maqueda Bay,28.053437903523445,34.44166383706033,-0.03357036039233208,-0.017700735479593277,14.648885250091553,3.8402328,1.904910725565733,-2.452872962783041,-2.0621873425286217,,3.204559627661391,0.01587895016689353
2024-03-09,Maqueda Bay,27.939909048378468,34.44776753894985,-0.04455702379345894,-0.0024414807558059692,16.63258846104145,4.7537093,3.174546629968692,-3.126872694250491,-2.2648361785522897,,3.8609345710240497,0.06289066839944946
2024-03-10,Maqueda Bay,28.101779222488403,34.45997494272888,-0.03723258152604103,-0.0024414807558059692,14.648885250091553,2.2608736,0.0,-2.9709207419566552,-1.2062169176832587,,3.206451201483282,0.10990238663200541
2024-03-11,Maqueda Bay,28.054170347750187,34.45997494272888,-0.032959990203380585,0.0158696249127388,14.95407035946846,3.4418175,0.0,-3.0047004545517266,-0.4746828821799011,0.15691410486456134,3.0419646053525953,0.15691410486456134
2024-03-12,Maqueda Bay,28.213110744953156,34.46455271914601,-0.030518509447574615,0.0048829615116119385,13.73332992196083,3.3637,0.0,-2.866444718387815,-0.9453675485476066,,3.018314948016577,0.1762964184130643
2024-03-13,Maqueda Bay,28.081270784139633,34.46913049556315,-0.038453321903944016,0.0024414807558059692,15.564440578222275,1.6925154,0.0,-3.3842114040698377,-1.7067171529376235,,3.7902203455165835,0.19567873196156726
2024-03-14,Maqueda Bay,28.16550187021494,34.47676012292504,-0.040894802659749985,0.009155552834272385,14.801477804780006,6.430306,0.0,-3.3029064851108227,-1.0169891170345844,,3.4559308606443375,0.21506104551007021
2024-03-15,Maqueda Bay,28.118625439703465,34.475234197452664,-0.03906369209289551,0.012207403779029846,15.411848023533821,0.98400253,0.0,-3.572981681262204,-1.2109945415842498,,3.7726258593163107,0.23444335905857316
2024-03-16,Maqueda Bay,28.1244849935174,34.47828604839742,-0.03662221133708954,-0.001831110566854477,15.259255468845367,7.3380876,0.0,-2.9987742009649843,-1.8225871486808654,0.2538256726070761,3.5091980028077394,0.2538256726070761
2024-03-17,Maqueda Bay,28.25559251010418,34.487441601231694,-0.0317392498254776,-0.014038514345884323,14.496292695403099,9.900854,0.0,-2.2073110960703453,-1.637202679644795,,2.7482093968748753,0.23947461557114072
2024-03-18,Maqueda Bay,28.156712539494038,34.487441601231694,-0.02685628831386566,-0.005493331700563431,15.259255468845367,4.8808737,0.0,-2.21312231111186,-1.3270429386163558,,2.5804947829578406,0.22512355853520533
2024-03-19,Maqueda Bay,28.24753562361002,34.49354530312121,-0.028077028691768646,-0.009155552834272385,14.343700140714645,1.0104146,0.0,-2.216020809797477,-1.3878984089058761,,2.614767718727407,0.2107725014992699
2024-03-20,Maqueda Bay,28.169164091348648,34.49507122859359,-0.035401470959186554,-0.010986663401126862,15.411848023533821,0.83528346,0.0,-2.8177140227767135,-2.599064849947878,,3.833360198101284,0.1964214444633345
2024-03-21,Maqueda Bay,28.1244849935174,34.50270085595548,-0.036011841148138046,0.0048829615116119385,16.785181015729904,0.67413306,0.0,-2.8553689720678466,-1.5288727542892766,0.18207038742739912,3.238917082213725,0.18207038742739912
2024-03-22,Maqueda Bay,28.169164091348648,34.50422678142786,-0.036011841148138046,0.027466658502817154,14.95407035946846,0.5642143,0.0,-3.5114986188798403,-0.020449993954377143,,3.511558165921185,0.1595470682164698
2024-03-23,Maqueda Bay,28.114963218569756,34.498123079538345,-0.032959990203380585,0.02685628831386566,15.411848023533821,1.060142,2.8709261245258757,-4.015490010173011,-0.5558591335657219,,4.053780876930532,0.13702374900554048
2024-03-24,Maqueda Bay,28.05124057084322,34.49049345217645,-0.03479110077023506,0.009765923023223877,15.717033132910728,0.5531245,0.0,-3.6290916656131817,-1.3915881058343695,,3.8867497698877846,0.11450042979461114
2024-03-25,Maqueda Bay,27.96481215208769,34.485915675759315,-0.027466658502817154,0.0006103701889514923,16.63258846104145,0.54761,29.16456112370879,-2.8095072580143183,-1.365101401692114,,3.1235929423881257,0.09197711058368183
2024-03-26,Maqueda Bay,28.290017388761044,34.47676012292504,-0.04272591322660446,0.01892147585749626,10.681478828191757,1.0984004,0.0,-2.358289650747677,-0.4502931591416789,0.0694537913727525,2.400894417918746,0.0694537913727525
2024-03-27,Maqueda Bay,28.3207800462842,34.46913049556315,-0.04516739398241043,0.005493331700563431,11.139256492257118,2.6731732,5.838640872234572,-2.713398044806252,-0.8757745597849733,,2.851229564437938,0.09297597793242356
2024-03-28,Maqueda Bay,28.336161375045776,34.46760457009077,-0.03418073058128357,0.03479110077023506,12.512589484453201,0.43963996,0.9101175631978727,-2.551167979108549,0.2806482415992117,,2.5665582972419556,0.11649816449209463
2024-03-29,Maqueda Bay,28.417462684214115,34.473708271980286,-0.03723258152604103,0.010986663401126862,14.038515031337738,3.184267,0.0,-2.8537786750043317,-0.3123251556958334,,2.870818651324027,0.1400203510517657
2024-03-30,Maqueda Bay,28.40647602081299,34.4798119738698,-0.030518509447574615,0.015259254723787308,14.191107586026192,1.8685579,0.0,-2.6946743259648276,-0.15876167187760457,,2.6993471417124866,0.16354253761143675
2024-03-31,Maqueda Bay,28.41526535153389,34.47676012292504,-0.03357036039233208,0.019531846046447754,13.885922476649284,3.2125244,0.0,-2.82930417532663,0.2108407836104688,0.1870647241711078,2.8371492651170436,0.1870647241711078
2024-04-01,Maqueda Bay,28.506820879876614,34.48133789934218,-0.03723258152604103,0.01831110566854477,14.191107586026192,3.2465293,0.0,-3.0713065876301955,-0.15825042895661126,,3.0753808469010124,0.2663996297432483
2024-04-02,Maqueda Bay,28.39915157854557,34.4798119738698,-0.04028443247079849,0.01037629321217537,14.801477804780006,1.1085874,0.0,-3.2664747973438515,-0.4523395477583737,,3.297645928256823,0.3457345353153889
2024-04-03,Maqueda Bay,28.565416418015957,34.48438975028694,-0.046388134360313416,0.0024414807558059692,13.122959703207016,2.729283,0.0,-2.7600541385301285,-0.4390490419751429,,2.7947563237027624,0.4250694408875294
2024-04-04,Maqueda Bay,28.556627087295055,34.48286382481456,-0.04821924492716789,0.010986663401126862,13.885922476649284,4.2844973,0.0,-3.417082216009239,-0.44349279763624794,,3.445741826156138,0.5044043464596699
2024-04-05,Maqueda Bay,28.51780754327774,34.4798119738698,-0.043336283415555954,0.014648884534835815,14.343700140714645,3.2611248,0.0,-3.294783956594078,-0.34136239095811305,0.5837392520318104,3.3124205050974984,0.5837392520318104
2024-04-06,Maqueda Bay,28.539048425853252,34.4798119738698,-0.040894802659749985,0.012207403779029846,14.496292695403099,3.377507,0.0,-3.2368057719652947,-0.27750070226391094,,3.248679461748236,0.48502796641946166
2024-04-07,Maqueda Bay,28.543443091213703,34.47828604839742,-0.03784295171499252,0.006714072078466415,14.648885250091553,1.3571795,0.0,-2.7886617345549434,-0.4487916238991889,,2.8245438908703573,0.38631668080711284
2024-04-08,Maqueda Bay,28.457014672458172,34.461500868201256,-0.03234962001442909,-0.0079348124563694,14.648885250091553,1.5385996,0.0,-2.430148302502175,-0.7155450548591168,,2.5333032778740763,0.287605395194764
2024-04-09,Maqueda Bay,28.815179899334908,34.4798119738698,-0.043336283415555954,-0.014038514345884323,12.970367148518562,5.800796,0.0,-2.657442403544945,-1.1133813466477747,,2.881252878735559,0.18889410958241526
2024-04-10,Maqueda Bay,28.731681257486343,34.47828604839742,-0.04943998530507088,-0.011597033590078354,13.885922476649284,3.4260166,0.0,-2.744270068534739,-1.2098487259700401,0.09018282397006645,2.999125230594246,0.09018282397006645
2024-04-11,Maqueda Bay,28.782219909131527,34.47676012292504,-0.051881466060876846,-0.011597033590078354,12.970367148518562,1.5262766,5.2681538718087335,-2.581381077589692,-1.1593285002541436,,2.8297651561992985,0.17256531734003222
2024-04-12,Maqueda Bay,28.97924740612507,34.48133789934218,-0.04272591322660446,0.004272591322660446,12.665182039141655,2.0518265,2.2382279812099384,-2.1386550510738984,-0.285177742463451,,2.157584708019699,0.254947810709998
2024-04-13,Maqueda Bay,28.888424322009087,34.48438975028694,-0.04516739398241043,0.0048829615116119385,13.27555225789547,0.7690013,2.3909882477351596,-2.7698988559415487,-0.47694842669208026,,2.8106617501702957,0.3373303040799638
2024-04-14,Maqueda Bay,28.91039764881134,34.48133789934218,-0.04516739398241043,0.014648884534835815,12.817774593830109,0.6996028,4.7090794567688254,-2.6752549891000053,-0.32408610285240474,,2.6948137335939433,0.41971279744992956
2024-04-15,Maqueda Bay,29.055421605706215,34.49049345217645,-0.04211554303765297,-0.001831110566854477,12.817774593830109,6.2819486,0.07433779213216997,-2.415465429825509,-0.8869134989993228,0.5020952908198953,2.5731476439157843,0.5020952908198953
2024-04-16,Maqueda Bay,29.08178959786892,34.49049345217645,-0.04577776417136192,-0.0030518509447574615,12.817774593830109,6.1636887,0.0,-2.5161306665933525,-0.7796313988301783,,2.6341485625175753,0.46288192523893174
2024-04-17,Maqueda Bay,29.108157590031624,34.49507122859359,-0.05005035549402237,0.0006103701889514923,12.359996929764748,4.311357,0.0,-2.5389544726850275,-0.47418767454996275,,2.5828557383373947,0.4236685596579681
2024-04-18,Maqueda Bay,29.174810014665127,34.499649005010724,-0.028077028691768646,0.015259254723787308,12.817774593830109,4.459108,0.0,-2.1087716201745255,0.1596798663856518,,2.114808597907251,0.38445519407700457
2024-04-19,Maqueda Bay,29.034180723130703,34.499649005010724,-0.03906369209289551,0.01892147585749626,13.885922476649284,1.8313227,0.0,-2.722224284877559,0.12993551443645396,,2.7253235211785416,0.34524182849604096
2024-04-20,Maqueda Bay,28.98730429261923,34.50270085595548,-0.04821924492716789,0.01037629321217537,14.496292695403099,2.0359125,0.0,-3.112949785753319,-0.2852874904293383,0.30602846291507735,3.1259950928971567,0.30602846291507735
2024-04-21,Maqueda Bay,28.89794609695673,34.5011749304831,-0.051271095871925354,0.009765923023223877,14.191107586026192,2.5814915,0.0,-3.453694232126544,-0.4288443626763532,,3.4802171392635035,0.3175512016128234
2024-04-22,Maqueda Bay,28.925778977572918,34.498123079538345,-0.0476088747382164,0.007324442267417908,12.665182039141655,2.6775196,21.988453303980204,-2.7138684778733415,0.07879590793597947,,2.7150121381500347,0.3290739403105695
2024-04-23,Maqueda Bay,28.95507674664259,34.49659715406597,-0.03479110077023506,0.025635547935962677,12.512589484453201,1.46816,0.0,-2.7140224173160057,0.9046636813083879,,2.860827512796299,0.3405966790083156
2024-04-24,Maqueda Bay,29.0166020616889,34.499649005010724,-0.040894802659749985,0.016479995101690292,13.580737367272377,4.6525626,0.0,-3.110945329446716,0.3539227243455024,,3.1310129571137963,0.3521194177060617
2024-04-25,Maqueda Bay,29.28687398135662,34.510330483317375,-0.005493331700563431,0.003662221133708954,11.139256492257118,2.0633047,0.0,-2.2840052682040404,0.49571347404172145,0.36364215640380776,2.337180333977317,0.36364215640380776
2024-04-26,Maqueda Bay,29.145512245595455,34.50727863237262,-0.039674062281847,0.028077028691768646,12.207404375076294,0.76986504,0.0,-2.606179398243543,1.2095405125069427,,2.8731793030064505,0.3304141938011457
2024-04-27,Maqueda Bay,29.205572672188282,34.499649005010724,-0.03662221133708954,0.027466658502817154,12.05481182038784,0.8861138,0.0,-3.0125305728145997,0.7936782478056678,,3.115327529038084,0.29718623119848353
2024-04-28,Maqueda Bay,29.182134456932545,34.508804557845,-0.03479110077023506,0.017700735479593277,14.038515031337738,5.723601,0.0,-2.9752123641492183,0.11652735654261732,,2.9774934486257383,0.26395826859582144
2024-04-29,Maqueda Bay,29.321298860013485,34.508804557845,-0.05066072568297386,-0.01037629321217537,12.359996929764748,0.84062845,0.0,-2.947209995403374,-0.40390959286465467,,2.974758766053753,0.23073030599315933
2024-04-30,Maqueda Bay,29.222418889403343,34.51338233426213,-0.03723258152604103,0.02929776906967163,13.428144812583923,1.5150418,0.0,-2.8500980592079332,0.9770337091502347,0.19750234339049721,3.012914505245161,0.19750234339049721
2024-05-01,Maqueda Bay,29.212164670228958,34.51796011067927,-0.0238044373691082,0.014648884534835815,14.801477804780006,1.517704,0.0,-2.575872765854213,0.4539243459269181,,2.615562619723453,0.15584319116359052
2024-05-02,Maqueda Bay,29.29859308898449,34.52558973804116,-0.04028443247079849,0.0024414807558059692,14.191107586026192,1.1032586,0.0,-2.6369802952082972,-0.2190913081939266,,2.646066151599949,0.11418403893668384
2024-05-03,Maqueda Bay,29.285409092903137,34.52864158898592,-0.04943998530507088,-0.0012207403779029846,14.191107586026192,5.178608,0.0,-2.8366574569852605,-0.8411327583319904,,2.958737880483715,0.07252488670977716
2024-05-04,Maqueda Bay,29.489028587937355,34.53169343993068,-0.05371257662773132,-0.017700735479593277,11.59703415632248,1.6551253,0.0,-2.1691054941155965,-0.55213169887819,,2.2382734545869463,0.03086573448287047
2024-05-05,Maqueda Bay,29.571062341332436,34.54237491823733,-0.054322946816682816,0.0030518509447574615,10.83407138288021,2.9380047,0.0,-2.4554101807128323,-0.292128328697138,-0.010793417744036212,2.472726858343963,-0.010793417744036212
2024-05-06,Maqueda Bay,29.72048096358776,34.545426769182086,-0.03906369209289551,-0.010986663401126862,10.528886273503304,5.6941543,0.0,-2.119370033448344,-0.5764952946260486,,2.196377964605548,0.016485326082556026
2024-05-07,Maqueda Bay,29.680196531116962,34.54084899276495,-0.04577776417136192,-0.010986663401126862,10.528886273503304,1.0029614,0.0,-1.7837999065649506,-0.778117156847526,,1.9461265160419565,0.043764069909148266
2024-05-08,Maqueda Bay,29.853785812854767,34.54084899276495,-0.043336283415555954,-0.006103701889514923,10.528886273503304,1.2319275,0.0,-1.5325354455374784,-0.446809965778097,,1.5963408274386086,0.07104281373574052
2024-05-09,Maqueda Bay,29.729270294308662,34.54847862012684,-0.05310220643877983,0.0238044373691082,10.528886273503304,3.4369755,0.0,-2.376028849534622,-0.04755831303867262,,2.376504762662996,0.09832155756233275
2024-05-10,Maqueda Bay,29.69557785987854,34.546952694654465,-0.04150517284870148,0.017700735479593277,10.528886273503304,6.133393,0.0,-2.644933805840769,-0.08443948091137075,0.12560030138892497,2.6462813272998615,0.12560030138892497
2024-05-11,Maqueda Bay,29.677266754209995,34.53932306729257,-0.06103701889514923,0.0079348124563694,10.528886273503304,2.9369328,5.629970620854109,-2.7040599205590397,-0.3075872533353538,,2.7214977443290573,0.12931282718838485
2024-05-12,Maqueda Bay,29.501480139791965,34.53169343993068,-0.03906369209289551,0.030518509447574615,10.528886273503304,1.3019646,0.0,-2.3946349364376585,0.5197370823826986,,2.450388359752688,0.13302535298784474
2024-05-13,Maqueda Bay,29.65016631782055,34.536271216347814,-0.03357036039233208,0.01892147585749626,10.528886273503304,4.995749,0.0,-2.324680410949576,0.37321165798878597,,2.3544481210490558,0.1367378787873046
2024-05-14,Maqueda Bay,29.721213407814503,34.54084899276495,-0.03662221133708954,0.01037629321217537,10.528886273503304,4.334018,5.629970620854109,-2.2480456224580108,0.4419758880569405,,2.29108092530062,0.14045040458676447
2024-05-15,Maqueda Bay,29.729270294308662,34.546952694654465,-0.04150517284870148,0.014038514345884323,10.681478828191757,1.322591,0.0,-2.3464193317093818,0.3380113491244047,0.14416293038622435,2.370640283205447,0.14416293038622435
2024-05-16,Maqueda Bay,29.93288978934288,34.55458232201636,-0.0238044373691082,-0.0024414807558059692,10.528886273503304,4.0257406,0.7665193119356709,-2.1671472272945342,0.38675898765471867,,2.201388111919861,0.1920943773324048
2024-05-17,Maqueda Bay,29.870632030069828,34.56221194937825,-0.021973326802253723,0.020142216235399246,11.139256492257118,4.070847,0.2773476756205024,-2.143419865211851,0.9069475049971455,,2.3274025211392497,0.24002582427858524
2024-05-18,Maqueda Bay,30.081575967371464,34.56373787485063,-0.015259254723787308,0.009765923023223877,11.59703415632248,1.8824992,1.2871588023576868,-1.8337601008064475,0.8274544051589845,,2.011804389081275,0.28795727122476567
2024-05-19,Maqueda Bay,30.086703076958656,34.56373787485063,-0.012817773967981339,0.022583696991205215,12.207404375076294,3.7213094,3.5824441265217533,-1.7564125093462024,0.9453567671259689,,1.9946639617085098,0.3358887181709461
2024-05-20,Maqueda Bay,30.12039551138878,34.56678972579539,-0.02685628831386566,0.02075258642435074,13.122959703207016,1.1964647,3.2392096786821303,-2.407178179660811,0.6786665656757668,0.3838201651171266,2.501018811604838,0.3838201651171266
2024-05-21,Maqueda Bay,30.097689740359783,34.5728934276849,-0.025025177747011185,0.015259254723787308,14.191107586026192,0.73939437,0.0,-2.481526189659453,0.42360875077708626,,2.51742261126349,0.372073729271943
2024-05-22,Maqueda Bay,30.29325234889984,34.582048980519176,-0.03357036039233208,0.0024414807558059692,14.038515031337738,1.4355354,0.0,-2.3842387907929012,-0.010100928655925122,,2.384260187203005,0.3603272934267594
2024-05-23,Maqueda Bay,30.340128779411316,34.583574905991554,-0.04150517284870148,-0.0030518509447574615,12.665182039141655,4.7099495,0.0,-2.2196894553490516,-0.45137343031876637,,2.265117933306233,0.3485808575815758
2024-05-24,Maqueda Bay,29.881618693470955,34.426404582336545,-0.05005035549402237,-0.019531846046447754,10.83407138288021,4.7099495,71.48353329378705,-2.5413199179056054,-1.3198890074248166,,2.8636364847977163,0.3368344217363922
2024-05-25,Maqueda Bay,29.83474226295948,34.37147126533091,-0.0012207403779029846,0.06286812946200371,10.528886273503304,4.2720704,11.480616198889853,-1.5853189035809312,2.6939849911883997,,3.1258264761178616,0.3250879858912086
2024-05-26,Maqueda Bay,30.181188382208347,34.47828604839742,0.04943998530507088,0.03234962001442909,10.528886273503304,1.3496895,5.622998253724175,-0.5950464270058964,2.331841771569934,,2.4065673266981107,0.31334155004602504
2024-05-27,Maqueda Bay,30.263222135603428,34.45539716631174,0.04272591322660446,0.022583696991205215,10.528886273503304,1.5812584,13.115734079832672,0.15737916465844887,1.9394301514931984,,1.945805106887512,0.3015951142008414
2024-05-28,Maqueda Bay,30.28446301817894,34.415723104029894,0.02136295661330223,0.03723258152604103,10.528886273503304,3.5087783,13.115734079832672,-0.066463332590732,1.7302932791140806,,1.731569290073725,0.2898486783556578
2024-05-29,Maqueda Bay,30.496139399707317,34.43250828422606,0.02685628831386566,0.019531846046447754,10.528886273503304,3.4204805,0.0,-0.38295099430717633,1.1568211031570788,,1.2185592019883218,0.2781022425104742
2024-05-30,Maqueda Bay,30.48442029207945,34.45692309178412,-0.03662221133708954,0.03784295171499252,12.665182039141655,3.6608713,0.0,-2.22366487359725,1.1621558225358894,0.26635580666529063,2.5090419737270926,0.26635580666529063
2024-05-31,Maqueda Bay,30.499801620841026,34.47828604839742,-0.03234962001442909,0.024414807558059692,12.970367148518562,1.6270627,0.0,-2.323896652363493,0.7732582138763673,,2.4491680048934,0.2793645914453029
2024-06-01,Maqueda Bay,30.559862047433853,34.48438975028694,-0.04516739398241043,0.01037629321217537,12.817774593830109,6.269819,0.0,-2.351318280469611,0.04268321225692608,,2.351705660298316,0.2923733762253152
2024-06-02,Maqueda Bay,30.90997038781643,34.485915675759315,-0.0317392498254776,0.004272591322660446,10.83407138288021,2.7774057,0.0,-1.182704181664657,0.5819524522677824,,1.318126639601655,0.30538216100532745
2024-06-03,Maqueda Bay,30.825739301741123,34.47218234650791,0.04150517284870148,-0.0158696249127388,10.528886273503304,7.0580297,5.078548073951732,0.82495254893618,0.649049853165242,,1.049672529834959,0.3183909457853397
2024-06-04,Maqueda Bay,31.04107790440321,34.41877495497465,0.023194067180156708,-0.02929776906967163,10.528886273503304,0.8859029,6.052332008672382,0.8224665536019018,0.10668675412832307,0.331399730565352,0.8293571578639851,0.331399730565352
2024-06-05,Maqueda Bay,31.159001424908638,34.30280461907387,-0.027466658502817154,-0.010986663401126862,10.528886273503304,4.0026093,5.818754425429711,0.011351521696401788,0.4149418067434916,,0.4150970489275695,0.2831036150419054
2024-06-06,Maqueda Bay,30.908505499362946,34.21887871809304,0.029908139258623123,0.02624591812491417,10.528886273503304,3.1368349,7.429371285914642,0.46543454148392965,1.130004525036008,,1.222104553222927,0.23480749951845883
2024-06-07,Maqueda Bay,30.70635089278221,34.197515761479735,0.012817773967981339,0.0024414807558059692,10.528886273503304,3.1240623,0.0,-0.3552792905936986,0.9908909952101437,,1.052657750037167,0.18651138399501227
2024-06-08,Maqueda Bay,30.929013937711716,34.26160463131964,-0.01342814415693283,0.0555436871945858,10.528886273503304,5.2358737,5.238235198224561,-1.0779341088391938,1.4087273663543844,,1.7738248886839725,0.13821526847156568
2024-06-09,Maqueda Bay,30.9392681568861,34.29212314076722,-0.0238044373691082,0.02624591812491417,10.528886273503304,3.0009747,6.643655126545287,-1.258091036889419,0.2687702307581672,0.08991915294811907,1.2864798848187606,0.08991915294811907
2024-06-10,Maqueda Bay,30.827204190194607,34.33484905399382,-0.056764427572488785,0.006103701889514923,10.528886273503304,3.0024729,18.45529859809465,-1.224144434612732,-0.17343918458142407,,1.2363699881271764,0.10743332986579451
2024-06-11,Maqueda Bay,30.92681660503149,34.3363749794662,-0.04028443247079849,-0.010986663401126862,10.528886273503304,1.8639206,2.1226572635170133,-0.8587151354137198,-0.01120618414368122,,0.8587882523367825,0.12494750678346996
2024-06-12,Maqueda Bay,31.017639689147472,34.366893488913774,-0.028077028691768646,0.03906369209289551,10.528886273503304,1.8764138,2.0375349358662667,-1.127259689516104,1.077818917657977,,1.5596179105374997,0.1424616837011454
2024-06-13,Maqueda Bay,30.8411206305027,34.365367563441396,-0.017090365290641785,0.03418073058128357,10.528886273503304,7.7676616,3.8366864921493646,-1.1581993161395714,0.9723019035146526,,1.512215807179778,0.15997586061882085
2024-06-14,Maqueda Bay,30.814752638339996,34.328745352104306,0.0012207403779029846,0.02075258642435074,10.528886273503304,1.4540268,2.912672215709305,-0.5659923099490582,0.9889850388521187,0.17749003753649628,1.1394905449343569,0.17749003753649628
2024-06-15,Maqueda Bay,31.117252103984356,34.330271277576685,0.009765923023223877,0.0024414807558059692,10.528886273503304,8.142354,2.4436479369249944,-0.5403057361262519,0.8394032787144435,,0.9982625670671463,0.18205890410289002
2024-06-16,Maqueda Bay,31.112857438623905,34.244819451123476,-0.015259254723787308,0.0048829615116119385,10.528886273503304,8.14037,9.364485091694306,-0.42560576960219837,0.3521347470420241,,0.5523940180641259,0.1866277706692838
2024-06-17,Maqueda Bay,30.85723440349102,34.209723165258765,-0.02136295661330223,0.028077028691768646,10.528886273503304,1.5075134,7.681611176826254,-0.9873028882544528,0.7780606698843947,,1.2570383443541162,0.19119663723567754
2024-06-18,Maqueda Bay,31.046205013990402,34.18988613411784,-0.017090365290641785,0.004272591322660446,10.528886273503304,1.5139529,15.403449150823779,-0.6197402930024609,0.6281347777396795,,0.8824008894923286,0.19576550380207128
2024-06-19,Maqueda Bay,30.868221066892147,34.22650834545493,-0.0238044373691082,0.032959990203380585,10.528886273503304,1.4879179,15.363222353652509,-0.9829099361796262,0.7670181362615154,,1.2467673255241836,0.20033437036846502
2024-06-20,Maqueda Bay,30.781060203909874,34.25244907848537,0.0048829615116119385,0.025025177747011185,10.528886273503304,1.0100652,22.142717683736443,-0.8726273707139387,1.2571873447055466,,1.5303589604425833,0.2049032369348588
2024-06-21,Maqueda Bay,30.751762434840202,34.27381203509867,0.01831110566854477,0.025025177747011185,10.528886273503304,1.2480189,5.690840988481465,-0.2720785088162432,1.5971476591512974,,1.6201565850534756,0.20947210350125253
2024-06-22,Maqueda Bay,31.009582802653313,34.26618240773678,-0.03906369209289551,0.016479995101690292,10.528886273503304,3.9870632,8.753535231870073,-1.1341709404673743,0.5163675520299283,,1.24618584929778,0.21404097006764627
2024-06-23,Maqueda Bay,31.006653025746346,34.244819451123476,-0.024414807558059692,-0.0079348124563694,10.528886273503304,1.1826887,9.764728667732392,-0.8296716357796123,0.2845149091564716,,0.8770996276076812,0.21860983663404004
2024-06-24,Maqueda Bay,30.751762434840202,34.24024167470634,-0.06836146116256714,0.012207403779029846,10.681478828191757,1.2516388,18.56845496510214,-2.2208284284878546,0.11335667478353223,,2.2237195516741344,0.2231787032004338
2024-06-25,Maqueda Bay,30.667531348764896,34.33332312852144,-0.0476088747382164,0.014038514345884323,10.528886273503304,1.5024915,32.528090147378805,-2.563475973844177,-0.16480686442186998,,2.568768259504333,0.22774756976682753
2024-06-26,Maqueda Bay,30.375286102294922,34.33942683041096,-0.056764427572488785,0.023194067180156708,10.528886273503304,1.6691027,35.20112172725929,-3.488078945877194,0.19763542788917482,,3.4936734957675557,0.2323164363332213
2024-06-27,Maqueda Bay,30.167271941900253,34.39588607288897,-0.028077028691768646,0.017090365290641785,10.528886273503304,4.1425877,15.112521477741762,-2.394931851365082,0.6923012120051136,,2.492986069120068,0.23688530289961504
2024-06-28,Maqueda Bay,30.365031883120537,34.39436014741659,-0.05249183624982834,-0.014648884534835815,10.528886273503304,4.1194105,1.8982123757287654,-1.7998898871615394,-0.5058556585156242,,1.869623906875031,0.24145416946600878
2024-06-29,Maqueda Bay,30.328409671783447,34.39283422194421,-0.06836146116256714,-0.015259254723787308,10.528886273503304,3.633854,17.600560863629646,-1.752874208147883,-0.9723670256322953,,2.00451131753529,0.24602303603240255
2024-06-30,Maqueda Bay,30.29325234889984,34.319589799270034,-0.06103701889514923,0.009155552834272385,10.528886273503304,0.8724864,0.0,-1.189198696841651,0.1309745169193934,,1.1963895120955172,0.25059190259879627
2024-07-01,Maqueda Bay,30.506393618881702,34.2646564822644,-0.03357036039233208,0.008545182645320892,10.528886273503304,0.99718547,0.0,-1.2223276972541002,0.6976040991258151,,1.4073863998886913,0.25516076916519004
2024-07-02,Maqueda Bay,30.033234648406506,34.26313055679202,-0.01342814415693283,0.021973326802253723,10.528886273503304,1.0195125,11.686060849788916,-1.0136870548836732,0.683372403399063,,1.222521691818246,0.2597296357315838
2024-07-03,Maqueda Bay,30.30570390075445,34.29059721529484,-0.04455702379345894,-0.02624591812491417,10.528886273503304,1.459219,2.5857028873285386,-0.9470121047940774,-0.6508532384349067,,1.1491048101055508,0.2642985022979776
2024-07-04,Maqueda Bay,30.025177761912346,34.16852317750454,-0.05310220643877983,-0.019531846046447754,10.528886273503304,3.3670242,46.744243399155664,-0.7127266174458219,-0.3163815210509513,,0.7797925993995304,0.2688673688643713
2024-07-05,Maqueda Bay,30.184118159115314,34.20209353789687,-0.02868739888072014,0.046388134360313416,10.528886273503304,2.7064266,14.445185160307288,-1.7374983074902053,0.9956788291037248,,2.00256752676575,0.27343623543076506
2024-07-06,Maqueda Bay,30.089632853865623,34.246345376595855,-0.031128879636526108,0.04150517284870148,10.528886273503304,1.1994848,6.078651051733717,-1.4144517253697169,0.7976941999145526,,1.6238810670670087,0.2780051019971588
2024-07-07,Maqueda Bay,30.220007926225662,34.30280461907387,-0.04028443247079849,0.006714072078466415,10.528886273503304,1.2940903,0.0,-1.2160829455082642,-0.16308010782390772,,1.2269689694217671,0.28257396856355255
2024-07-08,Maqueda Bay,30.23538925498724,34.17767873033881,-0.021973326802253723,-0.02685628831386566,10.528886273503304,4.533006,14.717594539331767,-0.04644810952095034,-0.3364805575605019,,0.33967130066329776,0.2871428351299463
2024-07-09,Maqueda Bay,30.45292519032955,34.11816763691604,-0.012207403779029846,0.003662221133708954,10.528886273503304,3.5661232,0.0,-0.2502770359575863,0.583005140809452,,0.63445534826177,0.2917117016963401
2024-07-10,Maqueda Bay,30.487350068986416,34.10901208408177,-0.010986663401126862,-0.015259254723787308,10.528886273503304,3.6221097,5.953030502741237,-0.31605761961562406,0.5337549212513145,,0.62031180456049,0.2962805682627338
2024-07-11,Maqueda Bay,30.3994567617774,34.11969356238842,-0.0238044373691082,0.030518509447574615,10.528886273503304,4.738455,13.115290725286105,-0.4908916193463697,0.17864518369337223,,0.5223874841545688,0.30084943482912757
2024-07-12,Maqueda Bay,30.381878100335598,34.15173799730837,-0.014648884534835815,0.004272591322660446,10.528886273503304,4.8083186,4.838461955022152,-0.8877419159686122,0.2695784810637045,,0.927770589542607,0.3054183013955213
2024-07-13,Maqueda Bay,30.496139399707317,34.173100953921676,-0.008545182645320892,0.040894802659749985,10.528886273503304,7.272554,4.838461955022152,-1.20009837733717,1.02205889734108,,1.5763376874646413,0.30998716796191506
2024-07-14,Maqueda Bay,30.430951863527298,34.13342689163983,0.004272591322660446,0.031128879636526108,10.528886273503304,7.272554,8.346202689198671,-1.072791182236864,0.3673711483486383,,1.1339499465691445,0.3145560345283088
2024-07-15,Maqueda Bay,30.291055016219616,34.16547132655978,-0.016479995101690292,0.005493331700563431,10.528886273503304,3.8684762,1.077564450452954,-1.2850022928306446,0.2686631879770849,,1.312787416588849,0.3191249010947026
2024-07-16,Maqueda Bay,30.10061951726675,34.16699725203216,-0.05005035549402237,-0.012207403779029846,10.528886273503304,4.082025,50.19147234212052,-1.324676633867482,-0.848805343971006,,1.5732891330801917,0.3236937676610963
2024-07-17,Maqueda Bay,29.958525337278843,34.0205084066838,-0.04577776417136192,-0.036011841148138046,10.528886273503304,2.2053168,25.09573617106026,-0.7239909681700449,-0.6613809498721316,,0.9806057734102742,0.32826263422749
2024-07-18,Maqueda Bay,29.86696980893612,34.05102691613138,0.05371257662773132,0.028077028691768646,10.528886273503304,3.9771316,16.730490703553464,0.5480117270374438,1.8080611394184811,,1.8892860918468166,0.3328315007938838
2024-07-19,Maqueda Bay,29.76442761719227,34.05865654349327,0.04211554303765297,-0.0079348124563694,10.83407138288021,3.416959,10.555189328992055,2.1797308467297305,0.9251108409244297,0.33740036736027756,2.3679224295109442,0.33740036736027756
2024-07-20,Maqueda Bay,29.825220488011837,34.064760245382786,0.04272591322660446,-0.005493331700563431,11.291849046945572,2.078021,2.0694506831249697,3.2535309554308327,1.2492288257291253,,3.485116402213739,0.3138002477495681
2024-07-21,Maqueda Bay,29.823755599558353,34.015930630266666,0.05249183624982834,-0.0024414807558059692,10.83407138288021,1.3469801,3.22487620018228,3.6515026550829095,1.956489510943151,,4.142622701442663,0.29020012813885865
2024-07-22,Maqueda Bay,29.81350138038397,34.054078767076135,0.03662221133708954,0.0158696249127388,16.937773570418358,1.3706871,4.443322753759756,3.3374374540541476,3.1828859658464483,,4.61185991019954,0.26660000852814913
2024-07-23,Maqueda Bay,29.758568063378334,34.066286170855165,0.032959990203380585,0.035401470959186554,19.226661890745163,1.8891191,16.931929885700182,2.3547218906005254,3.348668311926617,,4.093689612730156,0.2429998889174397
2024-07-24,Maqueda Bay,29.710226744413376,34.06781209632754,0.027466658502817154,0.043946653604507446,17.242958679795265,4.0653877,3.495218932537073,1.7495753789696582,2.9879687968854745,,3.4625094278367032,0.21939976930673025
2024-07-25,Maqueda Bay,29.7614978402853,34.07391579821706,0.017090365290641785,0.04943998530507088,15.717033132910728,4.136352,0.0,0.34617113794151455,2.2422250989990467,,2.268789953108266,0.19579964969602076
2024-07-26,Maqueda Bay,30.168736830353737,34.076967649161816,0.03662221133708954,0.03662221133708954,10.681478828191757,4.3064294,12.460316187775078,-0.06544184909039284,0.8729586426422435,,0.8754081490231617,0.1721995300853113
2024-07-27,Maqueda Bay,29.971709333360195,33.84350105188787,0.01037629321217537,-0.011597033590078354,10.528886273503304,3.22342,32.8567148727206,0.6752598734517008,0.015578938681671541,,0.6754395606006908,0.14859941047460185
2024-07-28,Maqueda Bay,29.688253417611122,33.94268620759249,0.02929776906967163,-0.0079348124563694,13.122959703207016,1.7899399,0.0,1.8818871352078894,0.7877166413077284,,2.040097227255134,0.12499929086389239
2024-07-29,Maqueda Bay,30.146763503551483,33.99151582270861,0.019531846046447754,-0.005493331700563431,10.681478828191757,6.034498,0.0,0.35886069337459386,0.5211986416283073,0.10139917125318293,0.6327946122435675,0.10139917125318293
2024-07-30,Maqueda Bay,30.1943723782897,33.948789909482,-0.025635547935962677,0.009155552834272385,10.528886273503304,1.2219257,12.460316187775078,0.08254809824366234,0.02539947152367445,,0.08636736465429103,0.10812801187973474
2024-07-31,Maqueda Bay,30.228797256946564,33.90758992172778,-0.004272591322660446,0.006714072078466415,10.528886273503304,3.0525997,0.0,0.42296845726749055,0.0386803302853526,,0.424733426744617,0.11485685250628656
2024-08-01,Maqueda Bay,30.263222135603428,33.87554548680782,0.036011841148138046,-0.021973326802253723,10.528886273503304,3.571442,7.709809546463317,1.130785819612149,0.25924673624134903,,1.1601230279964756,0.12158569313283837
2024-08-02,Maqueda Bay,30.172399051487446,33.86791585944593,0.02929776906967163,-0.02868739888072014,10.528886273503304,3.0182877,0.0,1.4341583712414714,0.3691141227333911,,1.4808968463074095,0.1283145337593902
2024-08-03,Maqueda Bay,30.142368838191032,33.83129364810884,0.035401470959186554,-0.0158696249127388,10.528886273503304,2.8248556,4.83684455707509,2.2283264967801553,0.6843518097763035,,2.3310461976967813,0.135043374385942
2024-08-04,Maqueda Bay,29.96951200067997,33.78704180940986,0.036011841148138046,-0.0079348124563694,10.681478828191757,5.5041213,28.699673197053357,2.438868911442243,1.20187162446365,,2.718929379165697,0.14177221501249382
2024-08-05,Maqueda Bay,29.938749343156815,33.777886256575584,0.03418073058128357,0.006714072078466415,12.817774593830109,1.4546887,8.061430153941961,2.582675072363982,1.4369212724475326,,2.955495436068636,0.14850105563904564
2024-08-06,Maqueda Bay,30.10794395953417,33.83129364810884,0.029908139258623123,0.009155552834272385,14.343700140714645,1.1815716,1.6524013835713611,1.7488738495274279,1.465007008061068,,2.2814042331925584,0.15522989626559747
2024-08-07,Maqueda Bay,30.224402591586113,33.837397349998355,0.02624591812491417,0.0158696249127388,13.580737367272377,1.0431665,0.0,1.5916181216498806,1.0605939860572546,,1.9126180613036963,0.16195873689214926
2024-08-08,Maqueda Bay,30.39139987528324,33.84044920094311,0.03418073058128357,0.010986663401126862,12.665182039141655,5.107193,0.0,1.6012926225987585,0.8829623380513146,,1.828595240507383,0.1686875775187011
2024-08-09,Maqueda Bay,30.44047363847494,33.84044920094311,0.03418073058128357,0.007324442267417908,12.665182039141655,5.9068527,0.0,1.6380316917958155,1.0412444123791607,,1.9409630984741273,0.17541641814525288
2024-08-10,Maqueda Bay,30.46391185373068,33.838923275470734,0.02685628831386566,0.0,13.122959703207016,3.2773788,22.2166931310557,1.857885970572664,0.7986269046643363,,2.0222623995180418,0.1821452587718047
2024-08-11,Maqueda Bay,30.519577614963055,33.84502697736025,0.024414807558059692,0.009765923023223877,13.27555225789547,3.1387045,7.002078010189917,1.5794659631533048,1.0262407392759945,,1.8835824334786986,0.18887409939835653
2024-08-12,Maqueda Bay,30.593554481863976,33.84502697736025,0.02929776906967163,-0.0012207403779029846,13.27555225789547,1.51638,3.908861130247101,1.8863255557972838,0.5851672843890735,,1.9750050261134058,0.19560294002490836
2024-08-13,Maqueda Bay,30.717337556183338,33.848078828305006,0.023194067180156708,-0.008545182645320892,12.665182039141655,1.0046368,2.811504484871016,1.402656285600382,0.5878882903597679,,1.520873859817569,0.20233178065146018
2024-08-14,Maqueda Bay,30.716605111956596,33.85723438113928,0.02075258642435074,0.0079348124563694,13.122959703207016,1.942213,0.0,0.7733859778072077,0.7987036242663936,,1.1117793621420948,0.20906062127801198
2024-08-15,Maqueda Bay,30.843317963182926,33.85723438113928,0.009155552834272385,0.02075258642435074,12.359996929764748,1.519754,3.53510506508354,-0.019328711538996863,0.709960433694493,,0.7102234975706101,0.21578946190456377
2024-08-16,Maqueda Bay,31.01324502378702,33.84197512641549,-0.008545182645320892,0.0158696249127388,11.139256492257118,3.6126757,1.5910531921503912,-0.4345142594084208,0.6454227457075692,,0.7780573001430845,0.2225183025311156
2024-08-17,Maqueda Bay,30.964903704822063,33.84197512641549,-0.038453321903944016,0.03662221133708954,10.528886273503304,1.993938,0.0,-1.025899559357371,0.2649883508925453,,1.0595700694141934,0.22924714315766742
2024-08-18,Maqueda Bay,30.805963307619095,33.82213809527457,-0.038453321903944016,0.039674062281847,10.528886273503304,1.835831,1.4809011083594115,-0.8982804975149706,0.3515149511394352,,0.9646090467595163,0.23597598378421925
2024-08-19,Maqueda Bay,30.73784599453211,33.85418253019452,-0.028077028691768646,0.025025177747011185,10.528886273503304,1.8678893,6.7899537313552125,-1.0808093931268812,0.3329291383546996,,1.1309247346472266,0.24270482441077104
2024-08-20,Maqueda Bay,30.970030814409256,33.86638993397355,-0.0317392498254776,0.02075258642435074,10.528886273503304,2.0126166,3.7056619564325946,-1.0958002247021852,0.7070803796435705,,1.3041245322952313,0.24943366503732287
2024-08-21,Maqueda Bay,30.991271696984768,33.87554548680782,-0.032959990203380585,0.02868739888072014,10.528886273503304,2.2340727,2.8290901334238123,-0.7139342250729936,0.37243163455955347,,0.8052374805926986,0.25616250566387466
2024-08-22,Maqueda Bay,30.95904415100813,33.85876030661166,-0.05493331700563431,-0.0048829615116119385,10.528886273503304,2.381378,5.336882043360931,-0.7303526723491596,-0.5808813393582134,,0.9331870961506866,0.2628913462904265
2024-08-23,Maqueda Bay,30.776665538549423,33.788567734882236,0.011597033590078354,-0.01342814415693283,10.528886273503304,4.534342,7.219113487618676,0.47254796608037763,0.3448608516093002,0.2696201869169783,0.5850047753817001,0.2696201869169783
2024-08-24,Maqueda Bay,30.75908687710762,33.75957515090704,0.029908139258623123,-0.012817773967981339,10.528886273503304,5.59074,9.221805562255202,1.4512738849683557,0.46895967158927504,,1.525161979190494,0.26956760953150133
2024-08-25,Maqueda Bay,30.62797936052084,33.66496777161956,0.029908139258623123,-0.0238044373691082,10.528886273503304,1.4968109,5.807555903304373,1.7295794025997477,0.6839892291757884,,1.8599156366689833,0.26951503214602435
2024-08-26,Maqueda Bay,30.588427372276783,33.66496777161956,0.029908139258623123,-0.0006103701889514923,10.986663937568665,1.5128964,3.7359125460347817,2.0044556377453695,0.9627227916018191,,2.2236630988436166,0.2694624547605473
2024-08-27,Maqueda Bay,30.500534065067768,33.64970851689577,0.02136295661330223,0.011597033590078354,12.665182039141655,1.5435003,2.848461388442923,2.3335264325479694,1.6511346555872193,,2.8585995281398158,0.26940987737507033
2024-08-28,Maqueda Bay,30.499801620841026,33.67259739898145,0.024414807558059692,0.009155552834272385,15.106662914156914,1.9715334,2.685054722286406,1.8252838313761959,1.3313653721745076,,2.2592465158341466,0.26935729998959335
2024-08-29,Maqueda Bay,30.661671794950962,33.72295293956995,0.006103701889514923,0.04028443247079849,15.106662914156914,1.4854488,3.7635100869356024,0.782651771753807,1.5784372610528632,,1.7618195091749431,0.26930472260411636
2024-08-30,Maqueda Bay,30.76274909824133,33.64970851689577,0.03479110077023506,0.01831110566854477,10.681478828191757,4.195577,5.488557658070976,0.6536695529419347,0.28209694623812037,,0.7119428147823263,0.2692521452186393
2024-08-31,Maqueda Bay,30.70122378319502,33.622241858392954,0.012817773967981339,-0.030518509447574615,10.528886273503304,4.893806,32.21223473146031,0.9622466971405939,-1.207109405545033,,1.5437071688352246,0.26919956783316235
2024-09-01,Maqueda Bay,30.07937863469124,33.27738270163536,0.056764427572488785,0.01831110566854477,10.528886273503304,5.2835746,78.4322043212328,2.8301550664018635,2.390853022956178,,3.7048557161188924,0.26914699044768536
2024-09-02,Maqueda Bay,30.17020171880722,33.3964048884809,0.019531846046447754,0.031128879636526108,15.259255468845367,5.315182,43.124124313096665,1.0813564826717157,2.3319976010669,,2.5705144726295397,0.2690944130622084
2024-09-03,Maqueda Bay,30.46391185373068,33.48643449135125,0.025635547935962677,0.04272591322660446,14.191107586026192,5.3729515,0.0,1.7618075981170407,2.0082804352386217,,2.671545679816305,0.26904183567673134
2024-09-04,Maqueda Bay,30.499801620841026,33.489486342296004,0.03357036039233208,0.029908139258623123,14.648885250091553,2.6661165,3.3294832651516257,2.1610525941329923,2.008936771794699,,2.9505889696258683,0.26898925829125436
2024-09-05,Maqueda Bay,30.49320962280035,33.501693746075034,0.01831110566854477,0.036011841148138046,15.259255468845367,0.98636276,6.458362257059451,1.4069542280065492,1.981399534376357,,2.430116111327265,0.2689366809057774
2024-09-06,Maqueda Bay,30.70195622742176,33.524582628160715,0.011597033590078354,0.03906369209289551,12.970367148518562,3.6503437,1.5745866192467568,0.18113801734160767,1.2975722668217677,,1.3101544828574336,0.2688841035203004
2024-09-07,Maqueda Bay,30.97222814708948,33.50932337343693,-0.05493331700563431,0.01342814415693283,11.291849046945572,3.7139585,6.001816674860941,-0.5151112082322601,0.05035557877135146,,0.5175666538330078,0.2688315261348234
2024-09-08,Maqueda Bay,30.98028503358364,33.523056702688336,0.015259254723787308,-0.009765923023223877,10.528886273503304,1.8673269,0.0,0.8800083219390274,0.0007258837663247792,,0.8800086213152603,0.2687789487493464
2024-09-09,Maqueda Bay,30.73784599453211,33.52763447910547,0.019531846046447754,-0.03357036039233208,12.512589484453201,4.623181,9.157010267407115,2.4063398920461516,0.25545091098308503,,2.4198609141797327,0.2687263713638694
2024-09-10,Maqueda Bay,30.841853074729443,33.548997435718775,0.022583696991205215,-0.021973326802253723,14.191107586026192,5.5784116,9.157010267407115,2.9275166610734855,0.17930332935817056,,2.933002469276454,0.2686737939783924
2024-09-11,Maqueda Bay,30.647755354642868,33.4467604290694,0.02868739888072014,-0.04272591322660446,11.139256492257118,5.2101593,27.919988263037897,3.7015724880387544,-0.7687920496116001,,3.780566108369409,0.26862121659291543
2024-09-12,Maqueda Bay,30.486617624759674,33.381145633757114,0.029908139258623123,-0.01342814415693283,16.022218242287636,5.2101593,21.351234257312775,3.9091227575857923,0.41284375890344627,,3.9308625902135876,0.2685686392074384
2024-09-13,Maqueda Bay,30.297647014260292,33.356730826199055,0.04272591322660446,0.03418073058128357,19.53184700012207,5.0798397,17.120329752861995,3.9382267942993896,3.314475170828028,,5.147365922622281,0.2685160618219614
2024-09-14,Maqueda Bay,29.99880976974964,33.30637528561056,0.04272591322660446,0.05066072568297386,19.53184700012207,5.25886,20.15330788982995,5.044060107087057,3.713069206001293,,6.263339787402737,0.26846348443648443
2024-09-15,Maqueda Bay,29.70729696750641,33.24228641577065,0.032959990203380585,0.035401470959186554,19.53184700012207,4.9918885,12.668231114447574,5.162987379480297,2.4769926162908025,,5.726423936614542,0.26841090705100745
2024-09-16,Maqueda Bay,29.37623217701912,33.10647904872894,0.032959990203380585,0.040894802659749985,16.327403351664543,5.306187,1.4316927943544635,3.9816213729064587,2.3404076452848663,,4.618529712288681,0.2683583296655304
2024-09-17,Maqueda Bay,29.152836687862873,32.995086489245296,0.02685628831386566,0.054322946816682816,14.648885250091553,4.404926,0.0,2.86742565721851,2.6052442116490373,,3.874200214496641,0.26830575228005343
2024-09-18,Maqueda Bay,29.117679364979267,33.02713092416525,-0.001831110566854477,0.04516739398241043,19.53184700012207,4.364477,2.2905921302449683,0.8546442178645995,2.027047139128549,,2.1998492774230303,0.26825317489457645
2024-09-19,Maqueda Bay,29.353526405990124,33.06070128455758,0.0024414807558059692,0.062257759273052216,12.512589484453201,4.421858,14.565958553378666,0.3425550829400879,1.864479560734774,,1.8956866875213916,0.26820059750909947
2024-09-20,Maqueda Bay,29.303720198571682,33.091219794005156,-0.025025177747011185,0.04455702379345894,14.95407035946846,4.3736978,18.413050360027725,-0.9433183063661433,1.120210001274908,,1.4644862150535316,0.26814802012362243
2024-09-21,Maqueda Bay,29.460463263094425,33.09579757042229,-0.046388134360313416,0.059205908328294754,10.681478828191757,4.7522073,0.0,-1.0891344512953287,0.7842138147294674,,1.3420898480395864,0.26809544273814545
2024-09-22,Maqueda Bay,29.527115687727928,33.138523483648896,-0.048829615116119385,0.05066072568297386,10.528886273503304,4.581174,0.0,-1.4609226015815788,0.29563554973811984,0.26804286535266847,1.4905352146396438,0.26804286535266847
2024-09-23,Maqueda Bay,29.567400120198727,33.17819754593074,-0.06958220154047012,0.027466658502817154,10.528886273503304,7.1680923,6.668701772499377,-1.9612787167366352,-0.2572721646754336,,1.9780806786986436,0.3383789985068414
2024-09-24,Maqueda Bay,29.788598276674747,33.20871605537832,-0.06897183135151863,0.021973326802253723,10.528886273503304,4.864019,0.0,-1.458573945049903,0.003965420070640871,,1.458579335427036,0.40871513166101425
2024-09-25,Maqueda Bay,29.876491583883762,33.272804925218225,-0.05371257662773132,0.02685628831386566,10.528886273503304,5.0397773,19.768465631019133,-0.8930334947039776,0.22062838251839603,,0.9198835284077452,0.4790512648151871
2024-09-26,Maqueda Bay,30.11307106912136,33.307901211082935,0.027466658502817154,-0.01892147585749626,10.528886273503304,5.697246,0.0,0.6789765081802329,0.1578821995814182,,0.6970910181642629,0.54938739796936
2024-09-27,Maqueda Bay,30.074983969330788,33.29111603088677,0.019531846046447754,-0.043336283415555954,10.528886273503304,2.9869556,0.0,1.7476856232121807,0.6049262445880673,0.619723531123533,1.8494163400851553,0.619723531123533
2024-09-28,Maqueda Bay,30.12479017674923,33.28806417994201,0.03357036039233208,0.011597033590078354,10.528886273503304,2.2141507,0.0,1.856355249456142,1.6799964102625402,,2.503685833062606,0.5691541405081809
2024-09-29,Maqueda Bay,30.11307106912136,33.30179750919342,0.0238044373691082,0.020142216235399246,10.528886273503304,2.8519192,0.0,1.598650355437952,1.910560255794856,,2.4911690930093036,0.518584749892829
2024-09-30,Maqueda Bay,30.278603464365005,33.32316046580672,0.004272591322660446,0.03357036039233208,10.681478828191757,0.9892315,0.0,0.2268332237426108,1.7468246892913735,,1.7614907909243718,0.46801535927747695
2024-10-01,Maqueda Bay,30.41483809053898,33.333841944113374,-0.03418073058128357,0.04028443247079849,11.291849046945572,4.2996225,6.280293138712049,-0.8600666606478932,0.8705898702083824,,1.2237815911621919,0.41744596866212497
2024-10-02,Maqueda Bay,30.5957518145442,33.34147157147527,-0.040894802659749985,-0.008545182645320892,10.528886273503304,4.276268,7.685079763561899,-1.1263698931117592,-0.4947997407417077,,1.2302584767221305,0.366876578046773
2024-10-03,Maqueda Bay,30.473433628678322,33.381145633757114,-0.04028443247079849,0.014648884534835815,10.528886273503304,3.1078842,8.846984032661682,-0.9230999661778209,-0.17688787149677707,,0.9398951359806871,0.31630718743142094
2024-10-04,Maqueda Bay,30.297647014260292,33.332316018640995,-0.04455702379345894,-0.009765923023223877,10.528886273503304,1.5853301,19.137413262222218,0.021883631298415824,-0.4371939430725381,,0.43774129023673186,0.26573779681606896
2024-10-05,Maqueda Bay,30.294717237353325,33.31553083844483,-0.006103701889514923,-0.020142216235399246,10.528886273503304,2.0781367,14.287075334247172,0.8148312011597905,0.08026296171244343,,0.8187747122416276,0.21516840620071698
2024-10-06,Maqueda Bay,30.058137752115726,33.271278999745846,0.010986663401126862,-0.014038514345884323,10.528886273503304,1.0185069,13.792463935465307,1.4677433158269646,0.31954480630800475,,1.502124936346226,0.164599015585365
2024-10-07,Maqueda Bay,30.24784080684185,33.29416788183153,0.01037629321217537,-0.008545182645320892,10.528886273503304,5.881785,0.0,1.4212269968123419,0.3150529767142042,0.11402962497001307,1.4557281870612762,0.11402962497001307
2024-10-08,Maqueda Bay,30.332071892917156,33.307901211082935,0.0238044373691082,-0.014648884534835815,10.528886273503304,1.941728,0.0,1.7969485940839187,0.16667485304677562,,1.8046619507315869,0.18570248866670683
2024-10-09,Maqueda Bay,30.367229215800762,33.31095306202769,0.011597033590078354,-0.022583696991205215,10.528886273503304,3.0569293,0.0,1.608401057375108,-0.26499709100203356,,1.6300850958170574,0.2573753523634006
2024-10-10,Maqueda Bay,30.548875384032726,33.27585677616298,-0.02136295661330223,-0.02136295661330223,10.528886273503304,3.480772,13.792463935465307,0.15917204167585342,-0.3053648648288506,,0.3443594626595904,0.3290482160600944
2024-10-11,Maqueda Bay,30.57451093196869,33.25754567049444,-0.051881466060876846,0.0,10.528886273503304,5.8062596,21.671804442749956,-0.8098233752708431,-0.7005621648410355,,1.0707946796383605,0.4007210797567881
2024-10-12,Maqueda Bay,30.58330026268959,33.25601974502206,-0.03784295171499252,0.016479995101690292,10.528886273503304,2.3656924,6.203062974545995,-0.6481366268323552,-0.07436505053625157,0.47239394345348185,0.6523888777277574,0.47239394345348185
2024-10-13,Maqueda Bay,30.814020194113255,33.307901211082935,-0.0238044373691082,-0.001831110566854477,10.528886273503304,1.2060367,2.840547895651259,-0.868181675696176,0.03892740201587973,,0.8690539480621016,0.4089782226606885
2024-10-14,Maqueda Bay,30.64043091237545,33.320108614861965,-0.05005035549402237,0.012817773967981339,10.528886273503304,2.0478659,8.024785925166396,-1.2195059140631366,-0.10282838682353897,,1.223833465620097,0.3455625018678952
2024-10-15,Maqueda Bay,30.727591775357723,33.40250859037042,-0.046388134360313416,0.008545182645320892,10.528886273503304,0.9972105,0.0,-1.057896146587297,-0.44891560614061743,,1.1492038454516456,0.28214678107510194
2024-10-16,Maqueda Bay,30.74224065989256,33.48643449135125,-0.0634784996509552,-0.0158696249127388,10.528886273503304,6.1240163,0.0,-1.2558815597366426,-0.5954551820134572,,1.3898940124603825,0.2187310602823086
2024-10-17,Maqueda Bay,30.85283973813057,33.523056702688336,-0.035401470959186554,-0.017700735479593277,10.528886273503304,4.0764065,0.0,-0.14716590095320273,-0.16619870932372696,0.1553153394895153,0.2219905704849658,0.1553153394895153
2024-10-18,Maqueda Bay,30.942197933793068,33.55052336119115,-0.03357036039233208,-0.022583696991205215,10.528886273503304,5.346418,5.476663100188412,-0.39100841058296343,-0.1530881703312024,,0.4199089961431769,0.14864145699631706
2024-10-19,Maqueda Bay,30.925351716578007,33.54594558477402,-0.006103701889514923,-0.04577776417136192,10.528886273503304,2.061688,11.442046295845746,0.6378173123380974,-0.8967618061330711,,1.1004511169775975,0.1419675745031188
2024-10-20,Maqueda Bay,30.76348154246807,33.54441965930164,-0.02075258642435074,-0.06164738908410072,10.528886273503304,4.661554,45.76818518338298,1.149438777181225,-1.2655106903027746,,1.7095984352351505,0.13529369200992053
2024-10-21,Maqueda Bay,30.478560738265514,33.41013821773231,0.04150517284870148,-0.04272591322660446,10.528886273503304,4.661554,65.89561447166993,4.143624191906776,-0.6143473650097753,,4.188919207701377,0.12861980951672228
2024-10-22,Maqueda Bay,29.856715589761734,32.97830130904913,0.051271095871925354,0.0,12.207404375076294,4.661554,75.30927316457627,8.12268949779107,3.495044311955039,,8.842704304682737,0.12194592702352403
2024-10-23,Maqueda Bay,29.584246337413788,32.958464277908206,0.025025177747011185,0.07812738418579102,19.07406933605671,5.1045713,9.413659145572034,3.608792970932545,4.739602430937149,,5.957114898203448,0.11527204453032577
2024-10-24,Maqueda Bay,29.557878345251083,33.02865684963763,0.02136295661330223,0.09216589853167534,19.53184700012207,4.00499,4.869142696421633,2.6825064856165945,4.007415139822412,,4.822366343223312,0.10859816203712752
2024-10-25,Maqueda Bay,29.52418591082096,33.04849388077855,0.02136295661330223,0.07202368229627609,14.801477804780006,3.9570656,0.0,2.388641048069512,2.1948582734783857,,3.243918756254407,0.10192427954392926
2024-10-26,Maqueda Bay,29.483901478350163,33.10190127231181,0.016479995101690292,0.025025177747011185,16.17481079697609,2.4571474,0.0,3.261581545633807,0.6118857249588865,,3.31848132723803,0.09525039705073099
2024-10-27,Maqueda Bay,29.346201963722706,33.079012390226126,0.029908139258623123,-0.0238044373691082,18.463699117302895,2.3113296,0.0,5.135231299315478,-0.2943084167809926,,5.143658031173677,0.08857651455753274
2024-10-28,Maqueda Bay,29.17554245889187,33.054597582668066,0.019531846046447754,-0.0317392498254776,19.53184700012207,2.299463,16.819827749249388,5.222862094704911,0.729729062573488,,5.273593932516017,0.08190263206433449
2024-10-29,Maqueda Bay,29.079592265188694,33.07290868833661,0.017090365290641785,0.0158696249127388,19.53184700012207,1.1239449,6.63717808994463,4.5054933374381765,2.6665307465532417,,5.235442334322248,0.07522874957113623
2024-10-30,Maqueda Bay,29.03711050003767,33.0881679430604,0.005493331700563431,0.062257759273052216,17.700736343860626,1.1875845,0.0,2.1674940212505494,2.44973591127107,,3.270968719986172,0.06855486707793797
2024-10-31,Maqueda Bay,29.2531815469265,33.126316079869866,-0.036011841148138046,0.08911404758691788,13.428144812583923,1.1762176,0.0,-0.5919992472192375,1.5458247087364712,,1.6553057538860727,0.061880984584739715
2024-11-01,Maqueda Bay,29.465590372681618,33.14767903648317,-0.04821924492716789,0.04577776417136192,10.681478828191757,4.0208683,0.0,-1.115173557103795,-0.21666350124726205,0.05520710209154144,1.1360260275346923,0.05520710209154144
2024-11-02,Maqueda Bay,29.43336282670498,33.19040494970977,-0.08178960531949997,0.012207403779029846,10.528886273503304,4.769569,0.0,-1.7929711482914803,-1.3727025158156965,,2.25810932763062,0.04622128906961292
2024-11-03,Maqueda Bay,29.301522865891457,33.24381234124303,-0.08362071588635445,0.01037629321217537,10.528886273503304,2.774703,19.329447970412293,-1.6513713000921337,-1.1955993729735885,,2.0387459457771637,0.0372354760476844
2024-11-04,Maqueda Bay,29.398937948048115,33.321634540334344,-0.04455702379345894,-0.025635547935962677,10.528886273503304,1.4444975,0.0,-0.2215215502906167,-0.9498259440363365,,0.9753159084151535,0.028249663025755878
2024-11-05,Maqueda Bay,29.464857928454876,33.34910119883716,0.001831110566854477,-0.02136295661330223,10.528886273503304,3.0997925,5.653158791420464,1.0418975766953813,0.2911216493746219,,1.081805146529775,0.019263850003827354
2024-11-06,Maqueda Bay,29.595965445041656,33.37656785733998,0.0,-0.010986663401126862,10.528886273503304,5.7029386,0.0,0.00013863389135068693,0.47052288844473794,0.01027803698189883,0.4705229088681391,0.01027803698189883
2024-11-07,Maqueda Bay,29.574724562466145,33.4253974724561,-0.03357036039233208,0.0476088747382164,10.528886273503304,1.5651684,0.0,-1.335864745123538,0.6867943151351427,,1.5020722514466223,0.15441936247614224
2024-11-08,Maqueda Bay,29.73586229234934,33.50932337343693,-0.031128879636526108,0.011597033590078354,10.681478828191757,3.031497,0.0,-1.3968434565653405,-0.3671240436372797,,1.444282418907741,0.29856068797038565
2024-11-09,Maqueda Bay,29.76076539605856,33.535264106467366,-0.0317392498254776,-0.04150517284870148,11.59703415632248,4.1969466,9.034144609571417,0.027570817809141127,-1.3292105317750813,,1.3294964414305361,0.44270201346462906
2024-11-10,Maqueda Bay,29.57325967401266,33.56578261591494,0.008545182645320892,-0.011597033590078354,16.327403351664543,2.8126633,20.649473770422865,1.875344169000697,1.0097406582809099,,2.1299042112711266,0.5868433389588725
2024-11-11,Maqueda Bay,29.79812005162239,33.57646409422159,-0.01037629321217537,0.03662221133708954,13.580737367272377,5.5654087,0.0,-0.8583213179259834,1.0763605201134914,0.7309846644531158,1.3766871300572192,0.7309846644531158
2024-11-12,Maqueda Bay,29.910916462540627,33.57799001969397,-0.0006103701889514923,-0.010986663401126862,12.207404375076294,4.4871097,0.0,0.028686948310595234,-0.2712779350458029,,0.27279050395145654,0.6560847889341702
2024-11-13,Maqueda Bay,29.648701429367065,33.585619647055864,0.007324442267417908,-0.0006103701889514923,16.17481079697609,4.487032,6.503126662264586,0.864285802079155,0.5110971886839006,,1.0040967502966012,0.5811849134152246
2024-11-14,Maqueda Bay,29.897732466459274,33.597827050834894,-0.021973326802253723,0.021973326802253723,13.27555225789547,1.0272546,0.0,-1.260985797621368,0.15696280534664925,,1.2707173187082514,0.506285037896279
2024-11-15,Maqueda Bay,29.85891292244196,33.610034454613924,-0.029908139258623123,-0.019531846046447754,14.038515031337738,1.0271864,17.582964757986698,-0.32276411752615414,-1.9022307004110355,,1.9294191647096013,0.4313851623773334
2024-11-16,Maqueda Bay,29.476577036082745,33.55357521213591,0.024414807558059692,-0.028077028691768646,18.158514007925987,1.0271859,47.28762481033161,3.3399942165111236,1.8551139662923233,,3.820603250045808,0.35648528685838776
2024-11-17,Maqueda Bay,29.45020904392004,33.55815298855305,-0.0238044373691082,0.04211554303765297,16.022218242287636,1.9220577,0.0,-2.2109974943347144,1.5040549999135673,,2.674077665797945,0.28158541133944215
2024-11-18,Maqueda Bay,29.498550362885,33.58104187063873,-0.04211554303765297,0.017090365290641785,15.259255468845367,6.07371,0.0,-3.1131649947174544,-0.8686956606064744,,3.2320935065512333,0.20668553582049654
2024-11-19,Maqueda Bay,29.439954824745655,33.60393075272441,-0.04821924492716789,0.0079348124563694,15.869625687599182,0.859281,0.0,-3.159819716919743,-1.4878736291493229,,3.4925962520384086,0.13178566030155092
2024-11-20,Maqueda Bay,29.45387126505375,33.63750111311674,-0.04455702379345894,0.0030518509447574615,15.717033132910728,2.6882458,0.0,-2.8377653568574357,-1.4075591470140536,,3.167670275284841,0.05688578478260531
2024-11-21,Maqueda Bay,29.444349490106106,33.668019622564316,-0.040894802659749985,-0.001831110566854477,15.411848023533821,0.967433,3.2408564431326723,-2.695280493933855,-1.2113496755967266,-0.018014090736340253,2.954979691562807,-0.018014090736340253
2024-11-22,Maqueda Bay,29.498550362885,33.70158998295665,-0.03784295171499252,-0.0012207403779029846,14.191107586026192,0.5876561,0.0,-2.4299134221272065,-0.9886197344483691,,2.623327699387691,0.04902764838481907
2024-11-23,Maqueda Bay,29.480971701443195,33.73516034334898,-0.03906369209289551,-0.01037629321217537,15.411848023533821,1.8169154,3.835096634661181,-2.8833667035682744,-1.7856021496520809,,3.3914861910508067,0.1160693875059784
2024-11-24,Maqueda Bay,29.43775749206543,33.76720477826893,-0.05005035549402237,-0.004272591322660446,16.327403351664543,3.666647,0.0,-3.497230092238559,-1.8722428357832213,,3.9668515921572514,0.18311112662713772
2024-11-25,Maqueda Bay,29.418713942170143,33.802301064133644,-0.043336283415555954,-0.005493331700563431,16.17481079697609,5.206178,0.0,-3.2683895664070244,-1.6384330722705498,,3.656068009502587,0.25015286574829704
2024-11-26,Maqueda Bay,29.42603838443756,33.83281957358122,-0.039674062281847,-0.008545182645320892,15.564440578222275,2.9306347,0.0,-2.60583588553572,-1.662330433488176,0.31719460486945633,3.0909097580561484,0.31719460486945633
2024-11-27,Maqueda Bay,29.44141971319914,33.861812157556415,-0.04028443247079849,-0.011597033590078354,14.95407035946846,2.6707432,0.0,-2.9288318392425983,-1.6439651872759624,,3.3586719815332473,0.2899931695852921
2024-11-28,Maqueda Bay,29.45387126505375,33.88012326322496,-0.03662221133708954,-0.007324442267417908,14.801477804780006,3.18394,30.973364049205394,-2.8015417959175863,-1.4078483249572862,,3.135390460589904,0.26279173430112784
2024-11-29,Maqueda Bay,29.301522865891457,33.88164918869734,-0.020142216235399246,-0.008545182645320892,19.53184700012207,3.1626222,9.328119587055914,-2.446797182510516,-2.1207053084418326,,3.2379325900325298,0.23559029901696363
2024-11-30,Maqueda Bay,29.2216864451766,33.85265660472214,-0.030518509447574615,0.001831110566854477,16.17481079697609,3.1628463,30.5331669527631,-2.145528072809856,-0.2406198667396321,,2.15897860838985,0.2083888637327994
2024-12-01,Maqueda Bay,29.326425969600677,33.81145661696792,-0.012207403779029846,0.02685628831386566,12.665182039141655,1.049819,34.59656725061653,-1.4030778211057284,0.9592798392302215,,1.6996603137192907,0.18118742844863517
2024-12-02,Maqueda Bay,29.428235717117786,33.886226965114474,-0.016479995101690292,0.01892147585749626,14.038515031337738,1.0481038,0.0,-1.9046844865923689,0.29013990828959324,,1.926656212158238,0.15398599316447092
2024-12-03,Maqueda Bay,29.469252593815327,33.909115847200155,-0.028077028691768646,0.01037629321217537,14.343700140714645,4.8242397,0.0,-2.2181030164483206,-0.22704866495070833,,2.229693272141493,0.1267845578803067
2024-12-04,Maqueda Bay,29.591570779681206,33.92437510192394,-0.025635547935962677,-0.006103701889514923,13.885922476649284,4.0585904,0.0,-1.5461827822584397,-0.8985746595495537,,1.7883281619817561,0.09958312259614246
2024-12-05,Maqueda Bay,29.520523689687252,33.93047880381346,-0.03479110077023506,-0.011597033590078354,14.496292695403099,1.1080946,0.0,-1.7366254796358132,-1.217640427225479,,2.1209705953959297,0.07238168731197822
2024-12-06,Maqueda Bay,29.563737899065018,33.945738058537245,-0.03479110077023506,0.0,14.038515031337738,3.246785,0.0,-1.8969643028714984,-0.6382555360090405,0.045180252027814026,2.0014603907184716,0.045180252027814026
2024-12-07,Maqueda Bay,29.608416996896267,33.96099731326103,-0.03357036039233208,-0.012207403779029846,13.27555225789547,1.9276239,0.0,-1.7839070024180137,-1.0841276674033915,,2.087500177845631,0.04367628254512785
2024-12-08,Maqueda Bay,29.432630382478237,33.96099731326103,-0.04699850454926491,-0.0030518509447574615,15.717033132910728,1.6536593,69.75087294454032,-2.6620574345005537,-1.1264778274291638,,2.8905885352760254,0.04217231306244167
2024-12-09,Maqueda Bay,29.36817529052496,33.98693804629147,-0.040894802659749985,0.010986663401126862,16.785181015729904,2.697282,18.73933493559994,-3.0132290326345132,-0.6567939578655908,,3.0839791676015373,0.040668343579755496
2024-12-10,Maqueda Bay,29.38502150774002,34.01135285384953,-0.0317392498254776,-0.004272591322660446,14.191107586026192,5.236995,0.0,-2.32624524263626,-0.9971081496068683,,2.5309368998258854,0.03916437409706931
2024-12-11,Maqueda Bay,29.28247931599617,34.03271581046283,-0.025635547935962677,-0.006103701889514923,16.63258846104145,5.2692947,28.495887902841403,-2.4945606864202623,-0.9755362693136356,,2.6785264663579293,0.037660404614383136
2024-12-12,Maqueda Bay,29.313974417746067,34.052552841603756,-0.03662221133708954,-0.006714072078466415,15.411848023533821,3.650935,0.0,-2.9863570218019775,-1.010972746710489,,3.152839062853879,0.03615643513169696
2024-12-13,Maqueda Bay,29.30298775434494,34.07391579821706,-0.039674062281847,-0.004272591322660446,15.564440578222275,10.446321,0.0,-2.64536304348493,-1.443130809650337,,3.0133987730796417,0.03465246564901078
2024-12-14,Maqueda Bay,29.2619708776474,34.08612320199609,-0.03479110077023506,-0.023194067180156708,15.717033132910728,0.8457324,0.0,-2.2913450408816862,-2.440706341860855,,3.347731999962496,0.033148496166324606
2024-12-15,Maqueda Bay,29.182866901159286,34.09527875483036,-0.04821924492716789,-0.024414807558059692,17.700736343860626,0.7605727,20.06162565790929,-2.731947145183165,-2.5927800395031255,,3.7664364507210624,0.03164452668363843
2024-12-16,Maqueda Bay,29.046632274985313,34.102908382192254,-0.04211554303765297,-0.005493331700563431,19.53184700012207,0.7669096,57.01862106674827,-2.7932693038034855,-1.9521902275236775,,3.40784390605112,0.030140557200952253
2024-12-17,Maqueda Bay,28.880367435514927,34.10748615860939,-0.03479110077023506,-0.004272591322660446,19.53184700012207,0.7677331,53.656212046399084,-3.186068413466482,-1.9895251803855887,,3.756227146842578,0.028636587718266073
2024-12-18,Maqueda Bay,28.69798882305622,34.10596023313701,-0.030518509447574615,-0.0012207403779029846,19.53184700012207,0.8073675,25.36954812959592,-2.8347295552684675,-1.9040973112586674,,3.4148613767260083,0.027132618235579897
2024-12-19,Maqueda Bay,28.61229284852743,34.10596023313701,-0.03234962001442909,-0.011597033590078354,19.226661890745163,1.3463501,23.667760714224773,-3.193855222222974,-2.4119738843399667,,4.002290494111964,0.02562864875289372
2024-12-20,Maqueda Bay,28.533188872039318,34.09833060577512,-0.035401470959186554,0.014038514345884323,19.53184700012207,1.1595567,69.50366094914449,-3.4389042052149317,-0.7014193442839824,,3.509708140170734,0.02412467927020754
2024-12-21,Maqueda Bay,28.580797746777534,34.1212194878608,-0.027466658502817154,0.022583696991205215,16.17481079697609,1.0716494,27.18029101323422,-3.1501745857187746,-0.49466453311422515,,3.188776085088065,0.022620709787521363
2024-12-22,Maqueda Bay,28.6642963886261,34.13190096616745,-0.022583696991205215,0.005493331700563431,14.648885250091553,0.9903636,70.50853968325848,-2.265501624613977,-1.2890686250038326,,2.6065677683685573,0.021116740304835187
2024-12-23,Maqueda Bay,28.560289308428764,34.139530593529344,-0.032959990203380585,0.009765923023223877,19.53184700012207,1.0488564,15.691695121026807,-2.918347616497249,-1.0384561269985608,,3.0976029342728912,0.01961277082214901
2024-12-24,Maqueda Bay,28.613025292754173,34.09527875483036,-0.025025177747011185,0.0030518509447574615,12.359996929764748,1.037445,47.07508584650979,-2.36446356835528,-0.7247869696298803,,2.4730556236010237,0.018108801339462834
2024-12-25,Maqueda Bay,28.53831598162651,34.1212194878608,-0.02075258642435074,-0.001831110566854477,16.327403351664543,1.1257387,77.4816399265178,-2.39743674748557,-0.5588651521127808,,2.461713471637231,0.016604831856776654
2024-12-26,Maqueda Bay,28.634998619556427,34.15478984825313,-0.03357036039233208,0.004272591322660446,14.95407035946846,2.4535396,16.892517609896565,-3.1839413842308564,-0.9298636652533462,,3.3169457599086978,0.015100862374090477
2024-12-27,Maqueda Bay,28.471663556993008,34.150212071835995,-0.02929776906967163,0.011597033590078354,18.61629167199135,2.4269876,23.286155067830588,-2.6863617687745256,-0.6416017729368905,,2.761918244222511,0.013596892891404297
2024-12-28,Maqueda Bay,28.2717062830925,33.95947138778865,-0.043946653604507446,-0.014038514345884323,10.986663937568665,2.5529468,46.148032579553835,-2.9882446234153006,-0.7961205203530742,,3.092476970374671,0.01209292340871812
2024-12-29,Maqueda Bay,28.217505410313606,33.99761952459812,-0.0476088747382164,0.012207403779029846,12.05481182038784,2.8769684,42.231295607606384,-3.0646118814680667,-0.5128814976569084,,3.107232436538026,0.010588953926031944
2024-12-30,Maqueda Bay,28.404278688132763,34.14410836994648,-0.02075258642435074,0.017700735479593277,16.022218242287636,4.5448003,14.227112566454252,-2.4595014227905283,-0.07098068957775747,,2.460525453435011,0.009084984443345767
2024-12-31,Maqueda Bay,28.580797746777534,34.1212194878608,-0.016479995101690292,0.001831110566854477,10.986663937568665,6.6213183,8.446258804948283,-1.8930989260794042,-0.39332443689875735,,1.9335272577816736,0.007581014960659591
2025-01-01,Maqueda Bay,28.446028009057045,34.124271338805556,-0.021973326802253723,0.005493331700563431,14.038515031337738,6.747599,8.636416029454008,-1.8839974203550751,-0.022990633527208128,,1.8841376937831693,0.006077045477973414
2025-01-02,Maqueda Bay,28.527329318225384,34.14716022089124,-0.01892147585749626,0.01037629321217537,14.191107586026192,6.226555,12.239439775317495,-1.8450467767837588,0.07918870503110947,,1.8467453694336535,0.004573075995287237
2025-01-03,Maqueda Bay,28.65330972522497,34.13190096616745,-0.007324442267417908,0.009155552834272385,12.512589484453201,6.791664,0.0,-1.2420472790699595,0.12572342666060451,,1.248394097813817,0.003069106512601054
2025-01-04,Maqueda Bay,28.634998619556427,34.127323189750314,-0.02624591812491417,0.0,13.27555225789547,2.485078,14.002314223305602,-1.7240830897258062,-0.5693408626284874,,1.8156573239840805,0.0015651370299148773
2025-01-05,Maqueda Bay,28.46067689359188,34.15326392278075,-0.01831110566854477,-0.0012207403779029846,17.548143789172173,1.711203,8.636416029454008,-1.4277763990376067,-0.8399731075900164,,1.656532603700641,6.116754722870071e-05
2025-01-06,Maqueda Bay,28.563951529562473,34.11816763691604,-0.02075258642435074,-0.023194067180156708,13.885922476649284,4.227126,10.902020527653612,-1.1837003642599635,-1.1445115937081973,,1.6465276616205535,-0.0014428019354574759
2025-01-07,Maqueda Bay,28.557359531521797,34.127323189750314,-0.048829615116119385,-0.007324442267417908,12.817774593830109,1.048389,46.30564062935965,-2.130640358283354,-1.231656400197814,,2.461017233684896,-0.0029467714181436525
2025-01-08,Maqueda Bay,28.35374003648758,34.15173799730837,-0.04699850454926491,0.0,19.53184700012207,1.0485567,32.70606208250452,-2.344180455273219,-1.2101212473503655,,2.6381007259340494,-0.004450740900829829
2025-01-09,Maqueda Bay,28.290017388761044,34.14563429541886,-0.03234962001442909,-0.001831110566854477,15.564440578222275,0.6520562,54.51725372923866,-2.118462237468129,-1.2045476335010792,,2.436968865814974,-0.005954710383516006
2025-01-10,Maqueda Bay,28.220435187220573,34.14105651900172,-0.025025177747011185,-0.0158696249127388,14.95407035946846,1.0979513,5.4796350833640854,-2.1517546081251124,-1.010590014457162,,2.3772547341225727,-0.007458679866202182
2025-01-11,Maqueda Bay,28.196264527738094,34.16852317750454,-0.04028443247079849,-0.0006103701889514923,16.022218242287636,1.1346133,11.171959595746157,-3.623388689931363,-1.6137173788949872,,3.9664882928442164,-0.008962649348888359
2025-01-12,Maqueda Bay,28.021942801773548,34.138004668056965,-0.03662221133708954,0.010986663401126862,16.022218242287636,1.1367452,35.59964043167512,-3.2247849007954223,-1.0259797118843161,,3.38406146894473,-0.010466618831574542
2025-01-13,Maqueda Bay,28.019745469093323,34.173100953921676,-0.043946653604507446,0.005493331700563431,17.242958679795265,6.582718,22.343919191492315,-3.8499625836263967,-1.9215645159667656,,4.30286208056287,-0.011970588314260719
2025-01-14,Maqueda Bay,28.024140134453773,34.199041686952114,-0.04028443247079849,0.011597033590078354,16.63258846104145,5.1760316,0.0,-4.131982007805457,-1.8562357012111959,,4.529777730891333,-0.013474557796946895
2025-01-15,Maqueda Bay,28.01901302486658,34.21582686714828,-0.03418073058128357,0.0006103701889514923,16.022218242287636,2.6577399,19.228136752607632,-3.2304111108020037,-1.6802008555992838,,3.641240291432248,-0.014978527279633072
2025-01-16,Maqueda Bay,28.00582902878523,34.22803427092731,-0.035401470959186554,-0.009765923023223877,16.022218242287636,1.1347831,0.0,-2.8300274381234405,-2.064167336637736,,3.502833437971844,-0.01648249676231925
2025-01-17,Maqueda Bay,28.08786278218031,34.24176760017872,-0.03662221133708954,0.0024414807558059692,14.95407035946846,4.8351283,0.0,-3.236216084319124,-1.3357456028360122,,3.5010442527768117,-0.017986466245005432
2025-01-18,Maqueda Bay,28.131076991558075,34.257026854902506,-0.024414807558059692,0.006103701889514923,14.648885250091553,6.0884056,0.0,-2.557163902195379,-0.8283080566257737,,2.6879697653363337,-0.01949043572769161
2025-01-19,Maqueda Bay,28.15305031836033,34.2646564822644,-0.020142216235399246,-0.001831110566854477,14.038515031337738,1.726686,0.0,-2.187417163608918,-0.6877180154694055,,2.292978394240133,-0.020994405210377785
2025-01-20,Maqueda Bay,28.30027160793543,34.258552780374885,-0.023194067180156708,-0.014648884534835815,12.817774593830109,0.6334769,25.75387802944388,-1.5661304228891935,-0.9920358358158567,,1.8538876991452176,-0.022498374693063962
2025-01-21,Maqueda Bay,28.209448523819447,34.26618240773678,-0.038453321903944016,-0.007324442267417908,14.191107586026192,0.98945063,11.750047947404571,-2.6841185045636835,-1.3209244748382198,,2.9915436842486205,-0.02400234417575014
2025-01-22,Maqueda Bay,28.221900075674057,34.27381203509867,-0.043946653604507446,0.006714072078466415,14.191107586026192,0.9862414,17.023383974113404,-2.683629856241488,-1.250671913804049,,2.960751499415139,-0.025506313658436315
2025-01-23,Maqueda Bay,28.35813470184803,34.281441662460566,-0.025635547935962677,0.0024414807558059692,13.580737367272377,2.3080292,2.9949735199800833,-2.1216879021779596,-0.5641606400967673,,2.1954126678332493,-0.02701028314112249
2025-01-24,Maqueda Bay,28.490707106888294,34.29212314076722,-0.022583696991205215,-0.009765923023223877,12.817774593830109,7.2099032,3.259569454486102,-1.8534072388276401,-0.5585040316267726,,1.9357285828033992,-0.028514252623808668
2025-01-25,Maqueda Bay,28.52146976441145,34.30127869360149,-0.023194067180156708,-0.020142216235399246,12.970367148518562,4.310732,2.157554823132704,-1.6570164767520086,-1.326320777333379,-0.030018222106494845,2.1224585764188326,-0.030018222106494845
2025-01-26,Maqueda Bay,28.4277169033885,34.30890832096338,-0.035401470959186554,-0.025635547935962677,14.496292695403099,2.3992758,0.0,-1.7928096427272189,-2.4670897183012395,,3.0497045911372114,-0.031033319765241645
2025-01-27,Maqueda Bay,28.26877650618553,34.3150120228529,-0.05066072568297386,-0.021973326802253723,18.61629167199135,2.3526351,36.472350189396494,-2.243680132755438,-3.018552833331438,,3.761085181930172,-0.03204841742398845
2025-01-28,Maqueda Bay,28.102511666715145,34.318063873797655,-0.043336283415555954,-0.009765923023223877,19.53184700012207,2.3344028,26.452238205940493,-2.8944056270128753,-2.372271161142639,,3.7423594690613085,-0.03306351508273525
2025-01-29,Maqueda Bay,27.824915304780006,34.18378243222833,-0.054322946816682816,0.010986663401126862,13.27555225789547,1.8309137,77.10875655026297,-3.9314391594361133,-1.1190890394126722,,4.087612278883763,-0.03407861274148205
2025-01-30,Maqueda Bay,27.791222870349884,34.209723165258765,-0.032959990203380585,0.03234962001442909,14.496292695403099,2.2194483,0.0,-3.8007586558065363,-0.4648577186319003,,3.829080706678819,-0.03509371040022885
2025-01-31,Maqueda Bay,27.937711715698242,34.26313055679202,-0.019531846046447754,0.02624591812491417,14.343700140714645,1.9830209,0.0,-2.987102851769855,0.018220303970089606,,2.987158420058829,-0.03610880805897565
2025-02-01,Maqueda Bay,28.111300997436047,34.27228610962629,-0.02136295661330223,0.0048829615116119385,12.665182039141655,7.1200995,0.0,-2.335172480011722,-0.3959752471622906,,2.3685073163850126,-0.03712390571772246
2025-02-02,Maqueda Bay,28.187475197017193,34.281441662460566,-0.016479995101690292,0.021973326802253723,13.122959703207016,4.200991,0.0,-1.9702025332121738,-0.1252154603534635,,1.9741775334014913,-0.038139003376469256
2025-02-03,Maqueda Bay,28.144260987639427,34.282967587932944,-0.02685628831386566,-0.015259254723787308,14.191107586026192,2.1706755,0.0,-2.194569542850346,-1.7343958191329576,,2.797188648595632,-0.039154101035216056
2025-02-04,Maqueda Bay,28.134006768465042,34.29059721529484,-0.04028443247079849,-0.0048829615116119385,14.191107586026192,3.2741082,0.0,-2.125973039212227,-1.6378321234201416,,2.683701814278964,-0.04016919869396286
2025-02-05,Maqueda Bay,28.028534799814224,34.28449351340532,-0.040894802659749985,0.006103701889514923,15.259255468845367,1.9913138,6.05189346278318,-2.9944817888132773,-1.008013316769726,,3.1595904845912344,-0.04118429635270966
2025-02-06,Maqueda Bay,27.77291176468134,34.13342689163983,-0.059205908328294754,0.0158696249127388,11.59703415632248,1.9916744,66.6859123124505,-4.130989745686576,-0.7646696520516436,,4.20116602334833,-0.04219939401145646
2025-02-07,Maqueda Bay,27.728965111076832,34.1425824444741,-0.04943998530507088,0.019531846046447754,10.986663937568665,2.3727071,22.41859814867995,-2.8294996484855695,-0.2012972453817899,,2.836650990477725,-0.04321449167020326
2025-02-08,Maqueda Bay,27.929654829204082,34.24024167470634,-0.03784295171499252,0.0079348124563694,13.428144812583923,2.8765419,17.480514297836933,-3.309242621957613,-0.9482136708760791,,3.442411349129733,-0.04422958932895006
2025-02-09,Maqueda Bay,27.7406842187047,34.24176760017872,-0.051271095871925354,0.012207403779029846,17.39555123448372,1.4775573,62.80261001938498,-3.9467927105745915,-1.2032256451077867,,4.1261270767257985,-0.04524468698769687
2025-02-10,Maqueda Bay,27.570024713873863,34.20056761242449,-0.04028443247079849,0.021973326802253723,16.022218242287636,1.6589104,37.68299136183778,-3.38433381070305,-0.8639942458004798,,3.4928786693849196,-0.04625978464644367
2025-02-11,Maqueda Bay,27.66743979603052,34.21887871809304,-0.03357036039233208,0.014648884534835815,14.343700140714645,4.9037642,0.0,-3.2359130716264395,-0.1371734057453151,,3.2388192216248544,-0.04727488230519047
2025-02-12,Maqueda Bay,27.61397136747837,34.223456494510174,-0.020142216235399246,0.015259254723787308,15.106662914156914,5.4049373,50.153139879077266,-2.6472470997872297,0.25582002342307997,,2.65957911928111,-0.048289979963937274
2025-02-13,Maqueda Bay,27.45429852604866,34.18225650675595,-0.006714072078466415,0.006714072078466415,15.564440578222275,4.9320292,33.43542532620525,-1.7020545441939772,0.06906532279274759,,1.7034552210797422,-0.049305077622684074
2025-02-14,Maqueda Bay,27.65938290953636,34.16699725203216,-0.028077028691768646,0.012817773967981339,12.817774593830109,4.8553853,0.0,-2.287835317769722,0.18594566953975325,-0.05032017528143087,2.2953793223027588,-0.05032017528143087
2025-02-15,Maqueda Bay,27.783898428082466,34.197515761479735,-0.014038514345884323,0.022583696991205215,12.665182039141655,4.1458497,3.8217572594567923,-1.915051976177653,0.42672939121108405,,1.9620198889882123,-0.019689944888295598
2025-02-16,Maqueda Bay,27.91280861198902,34.18836020864546,-0.03357036039233208,0.007324442267417908,12.512589484453201,7.2492614,0.0,-2.3571635966910054,0.007828343121302612,,2.3571765959557,0.010940285504839678
2025-02-17,Maqueda Bay,27.923062831163406,34.20056761242449,-0.03418073058128357,0.0158696249127388,13.428144812583923,6.729063,0.0,-2.7684773729729244,-0.5225784129246851,,2.8173667071075337,0.04157051589797495
2025-02-18,Maqueda Bay,27.870326846837997,34.20056761242449,-0.035401470959186554,0.001831110566854477,14.496292695403099,4.1786304,3.125154603644633,-2.4732604607505673,-1.2118904466573903,,2.7542141821963586,0.07220074629111023
2025-02-19,Maqueda Bay,27.783898428082466,34.18988613411784,-0.0476088747382164,-0.009155552834272385,15.411848023533821,4.553844,74.17101256199146,-3.4033059882533996,-1.4529292744248816,,3.7004722842040394,0.10283097668424551
2025-02-20,Maqueda Bay,27.58980070799589,34.15173799730837,-0.05371257662773132,0.014648884534835815,17.09036612510681,4.47873,61.80917890463739,-4.209774674302418,-1.0895866987643892,,4.348494220132103,0.13346120707738077
2025-02-21,Maqueda Bay,27.455030970275402,34.12274541333318,-0.03662221133708954,0.004272591322660446,16.63258846104145,4.664765,82.38286468693371,-3.5640955806845893,-1.0178410503230073,,3.7065857216551814,0.16409143747051605
2025-02-22,Maqueda Bay,27.439649641513824,34.14410836994648,-0.036011841148138046,-0.006714072078466415,16.937773570418358,1.7609082,0.0,-3.5323023332917716,-1.5851361117746154,,3.871668408661883,0.19472166786365133
2025-02-23,Maqueda Bay,27.457228302955627,34.15326392278075,-0.043946653604507446,-0.0079348124563694,15.717033132910728,1.6984602,32.4881037435224,-3.452710759460041,-1.7622568830940628,,3.876436625369172,0.22535189825678661
2025-02-24,Maqueda Bay,27.419141203165054,34.15784169919789,-0.043946653604507446,-0.0238044373691082,16.17481079697609,1.7690779,42.95942686230356,-3.6150999932849563,-3.2053878208575672,,4.831506912294643,0.25598212864992187
2025-02-25,Maqueda Bay,27.340769670903683,34.17004910297692,-0.04699850454926491,-0.01342814415693283,19.226661890745163,1.6780723,17.17326439360869,-4.131470492485227,-2.8957960035178605,,5.045263414755085,0.28661235904305715
2025-02-26,Maqueda Bay,27.32685323059559,34.17920465581119,-0.040894802659749985,-0.017090365290641785,16.63258846104145,1.670475,1.266867467152175,-3.3939902677323066,-3.1611490574983407,,4.638106650475414,0.31724258943619243
2025-02-27,Maqueda Bay,27.34443189203739,34.18836020864546,-0.035401470959186554,-0.017700735479593277,15.869625687599182,1.63944,0.3227997012035821,-2.836733346891744,-2.462165806361855,,3.756237018531333,0.3478728198293277
2025-02-28,Maqueda Bay,27.418408758938313,34.1929379850626,-0.03479110077023506,-0.001831110566854477,14.191107586026192,3.3265324,5.512266084345804,-3.305598268159782,-1.5248157538403515,,3.6403355605796386,0.378503050222463
2025-03-01,Maqueda Bay,27.426465645432472,34.18836020864546,-0.032959990203380585,0.014648884534835815,14.648885250091553,3.3811638,0.0,-3.582441971143411,-0.862726554407982,,3.6848592353427225,0.4091332806155983
2025-03-02,Maqueda Bay,27.455030970275402,34.18988613411784,-0.03784295171499252,0.01831110566854477,14.648885250091553,1.4301329,0.0,-3.7801106545601675,-0.9361321995024048,,3.8943009713765715,0.43976351100873357
2025-03-03,Maqueda Bay,27.267525248229504,34.125797264277935,-0.02685628831386566,0.025025177747011185,14.496292695403099,1.435181,32.74222136349538,-2.7746544296503957,-0.18375186467270704,,2.7807322689804677,0.47039374140186885
2025-03-04,Maqueda Bay,27.67549668252468,34.173100953921676,-0.02624591812491417,0.023194067180156708,12.207404375076294,1.8960708,0.0,-2.32548953794263,0.3070228169810998,,2.345669329046112,0.5010239717950041
2025-03-05,Maqueda Bay,27.764122433960438,34.16547132655978,-0.029908139258623123,0.012207403779029846,11.749626711010933,4.9783454,0.0,-2.2930305248942764,-0.1504635581161705,,2.2979617643507253,0.5316542021881394
2025-03-06,Maqueda Bay,27.722373113036156,34.173100953921676,-0.05066072568297386,0.012207403779029846,12.359996929764748,2.911704,0.0,-1.8179050111776032,-0.18327217854354225,0.5622844325812747,1.8271199525736501,0.5622844325812747
2025-03-07,Maqueda Bay,27.743613995611668,34.17920465581119,-0.05493331700563431,0.006714072078466415,12.359996929764748,3.5508506,0.0,-3.3861158955574147,-0.9696103072444777,,3.522204566185974,0.4997566935297464
2025-03-08,Maqueda Bay,27.7809686511755,34.186834283173084,-0.05615405738353729,0.0048829615116119385,13.122959703207016,2.687812,24.101376716625484,-3.1616253815012882,-1.0707993232972848,,3.3380362855617807,0.437228954478218
2025-03-09,Maqueda Bay,27.835901968181133,34.20209353789687,-0.05005035549402237,-0.0024414807558059692,12.970367148518562,0.8393793,0.0,-3.4489113549236046,-1.1821659911480078,,3.6458889128370227,0.37470121542668966
2025-03-10,Maqueda Bay,27.847621075809002,34.21582686714828,-0.04699850454926491,-0.0024414807558059692,13.73332992196083,1.5333194,0.0,-3.253926326341401,-1.0260393078549033,,3.4118606651680565,0.31217347637516135
2025-03-11,Maqueda Bay,27.865199737250805,34.21887871809304,-0.05371257662773132,0.001831110566854477,13.885922476649284,4.1172447,0.0,-3.2481279331014012,-1.008590932364206,0.249645737323633,3.4011161019055023,0.249645737323633
2025-03-12,Maqueda Bay,27.85567796230316,34.232612047344446,-0.046388134360313416,0.0,13.885922476649284,1.7316446,53.24461378809493,-3.903257033620361,-0.8775614285623082,,4.000691131718011,0.21654033025834282
2025-03-13,Maqueda Bay,27.947965934872627,34.25092315301299,-0.038453321903944016,-0.031128879636526108,13.885922476649284,1.5460192,0.0,-3.305608542073845,-1.2904858376776354,,3.548577395334378,0.18343492319305266
2025-03-14,Maqueda Bay,28.10104677826166,34.24939722754061,-0.04028443247079849,-0.029908139258623123,11.139256492257118,2.189245,0.0,-2.561990419266973,-1.960336436358463,,3.225943869959668,0.15032951612776246
2025-03-15,Maqueda Bay,28.310525827109814,34.257026854902506,-0.03479110077023506,-0.040894802659749985,11.139256492257118,1.5743059,0.0,-2.0538020057769018,-1.087242307217635,,2.3238327206443135,0.1172241090624723
2025-03-16,Maqueda Bay,28.183080531656742,34.26618240773678,-0.04577776417136192,-0.02136295661330223,13.580737367272377,2.5502446,0.0,-1.6350688837045555,-1.529246257084589,0.08411870199718213,2.2387595603963564,0.08411870199718213
2025-03-17,Maqueda Bay,28.226294741034508,34.270760184153914,-0.04699850454926491,-0.010986663401126862,13.885922476649284,1.4491992,0.0,-2.5838670651685427,-2.1318493750607987,,3.349798616097663,0.10799542577586965
2025-03-18,Maqueda Bay,28.07248145341873,34.25244907848537,-0.05310220643877983,-0.015259254723787308,15.869625687599182,0.52036864,0.0,-3.057580557699635,-2.154974661432236,,3.7406837153437325,0.13187214955455717
2025-03-19,Maqueda Bay,27.660847797989845,33.861812157556415,-0.07324442267417908,-0.06714072078466415,10.528886273503304,0.51164937,63.08423825452953,-3.819995577678812,-2.537762984010241,,4.586132049614168,0.15574887333324466
2025-03-20,Maqueda Bay,27.747276216745377,34.101382456719875,-0.06103701889514923,-0.05249183624982834,14.191107586026192,0.66392624,39.052775240896665,-3.167494482468763,-2.822052219577973,,4.242287122118801,0.17962559711193218
2025-03-21,Maqueda Bay,27.694540232419968,34.15173799730837,-0.040894802659749985,-0.04577776417136192,19.53184700012207,0.7489025,0.0,-2.827633583936159,-3.5648572392762548,,4.55013393444896,0.2035023208906197
2025-03-22,Maqueda Bay,27.619830921292305,34.102908382192254,-0.027466658502817154,-0.021973326802253723,14.95407035946846,6.370744,44.873090125814926,-2.2375971411383238,-3.6257969550260625,,4.260662451439525,0.2273790446693072
2025-03-23,Maqueda Bay,27.937711715698242,34.14105651900172,-0.036011841148138046,0.024414807558059692,13.122959703207016,7.9128933,72.36682351576749,-1.3487719696124476,-1.2197658143642875,,1.818519856340319,0.2512557684479947
2025-03-24,Maqueda Bay,28.168431647121906,34.1425824444741,-0.015259254723787308,0.01037629321217537,10.83407138288021,7.912748,0.0,-1.9783818145788923,-0.4368435803905957,,2.0260372449648956,0.27513249222668223
2025-03-25,Maqueda Bay,27.94503615796566,34.0922269038856,-0.03234962001442909,0.019531846046447754,11.749626711010933,5.0205092,0.0,-1.7597194473772897,-0.4993896919705763,,1.8292081887866949,0.2990092160053698
2025-03-26,Maqueda Bay,27.950895711779594,34.090700978413224,-0.029908139258623123,0.020142216235399246,12.05481182038784,4.7243724,17.991675398866153,-2.0112446829343917,-0.24506593347744218,,2.026120057248097,0.3228859397840573
2025-03-27,Maqueda Bay,27.93624682724476,34.1425824444741,-0.0238044373691082,0.01892147585749626,13.122959703207016,3.9402492,0.0,-2.642960760310489,-0.30884799450065065,,2.6609450697539914,0.34676266356274477
2025-03-28,Maqueda Bay,27.91573838889599,34.13495281711221,-0.032959990203380585,0.016479995101690292,14.191107586026192,3.8395321,38.18420216784499,-2.4783200496423685,-0.15042693295014573,,2.482881094739766,0.37063938734143226
2025-03-29,Maqueda Bay,27.906216613948345,34.14105651900172,-0.03662221133708954,0.025025177747011185,14.648885250091553,3.8177269,40.86932362499324,-2.916640556116676,0.2084127065209349,,2.924077288620117,0.3945161111201198
2025-03-30,Maqueda Bay,27.99410992115736,34.13342689163983,-0.03479110077023506,0.01037629321217537,12.817774593830109,2.819701,27.96687077523742,-2.360616181559618,-0.22792794272619413,,2.371594380098862,0.4183928348988073
2025-03-31,Maqueda Bay,28.1244849935174,34.16852317750454,-0.030518509447574615,0.004272591322660446,13.428144812583923,3.015196,0.0,-2.3548619725273716,-0.6744507966122093,,2.449542566828825,0.44226955867749485
2025-04-01,Maqueda Bay,28.34641559422016,34.17004910297692,-0.03723258152604103,-0.030518509447574615,11.291849046945572,2.5731573,0.0,-2.0663410034172123,-1.0206680910854562,,2.304675355568172,0.46614628245618234
2025-04-02,Maqueda Bay,28.511947989463806,34.16852317750454,-0.04577776417136192,-0.027466658502817154,10.528886273503304,2.0392902,22.069620006461662,-2.0162641898609945,-1.4360062906723985,,2.475365700288851,0.49002300623486983
2025-04-03,Maqueda Bay,28.55882441997528,34.174626879394054,-0.05859553813934326,-0.0158696249127388,10.528886273503304,2.935733,0.0,-2.2101173539233563,-1.2278770628692097,,2.5282999821289986,0.5138997300135574
2025-04-04,Maqueda Bay,28.4855799973011,34.18225650675595,-0.048829615116119385,0.008545182645320892,10.986663937568665,3.0122452,0.0,-2.171710706008449,-0.7202150125859155,,2.2880203353436013,0.5377764537922449
2025-04-05,Maqueda Bay,28.699453711509705,34.20361946336925,-0.038453321903944016,0.0,12.05481182038784,20.430449,8.064973473732005,-2.5671627726614856,-0.49978608467891555,0.5616531775709324,2.61536055483325,0.5616531775709324
2025-04-06,Maqueda Bay,28.547105312347412,34.2143009416759,-0.02685628831386566,0.014648884534835815,13.428144812583923,2.6581986,4.856538740354383,-2.3204021289561267,0.08135262175264588,,2.3218277905844253,0.5241711455644517
2025-04-07,Maqueda Bay,28.59984129667282,34.20667131431401,-0.032959990203380585,-0.003662221133708954,12.970367148518562,2.2349036,0.0,-2.0094912962538984,-0.7297424854611264,,2.137891336061577,0.4866891135579709
2025-04-08,Maqueda Bay,28.724356815218925,34.21277501620352,-0.05310220643877983,-0.01037629321217537,12.05481182038784,1.177821,0.0,-2.289081018338273,-1.076446347937594,,2.5295510764767664,0.44920708155149014
2025-04-09,Maqueda Bay,28.84521011263132,34.22803427092731,-0.046388134360313416,0.008545182645320892,12.207404375076294,0.7961667,0.0,-2.326391823881136,-0.2987493998634428,,2.345495709256311,0.41172504954500944
2025-04-10,Maqueda Bay,28.796868793666363,34.22498241998255,-0.030518509447574615,0.001831110566854477,11.59703415632248,0.8192523,25.63017680201845,-1.883752033822082,-0.31027952415203,,1.9091346490064132,0.3742430175385287
2025-04-11,Maqueda Bay,28.77489546686411,34.23108612187207,-0.043336283415555954,0.012207403779029846,11.444441601634026,1.6108322,0.0,-2.7269560941341418,-0.18958210523580052,,2.733538167642986,0.3367609855320479
2025-04-12,Maqueda Bay,28.79174168407917,34.234137972816825,-0.02868739888072014,0.02136295661330223,10.986663937568665,1.266425,0.0,-2.2901271284808784,0.2592414740085007,,2.304753437235787,0.2992789535255672
2025-04-13,Maqueda Bay,28.944090083241463,34.25244907848537,-0.03479110077023506,0.01037629321217537,12.05481182038784,4.983014,0.0,-2.325303576531141,0.07332644756589093,,2.3264594324726895,0.26179692151908646
2025-04-14,Maqueda Bay,29.140385136008263,34.2646564822644,-0.014648884534835815,0.014038514345884323,12.207404375076294,3.9173565,0.0,-1.3154923470263764,0.25344687541515043,,1.339684826271712,0.2243148895126057
2025-04-15,Maqueda Bay,29.234870441257954,34.26618240773678,-0.03418073058128357,0.003662221133708954,12.05481182038784,1.0913523,0.0,-1.9990688772762522,0.03961435303887475,0.186832857506125,1.9994613457281998,0.186832857506125
2025-04-16,Maqueda Bay,29.08984648436308,34.26770833320916,-0.04211554303765297,0.012207403779029846,13.122959703207016,2.8712294,0.0,-2.7078018800263552,-0.17818743812650098,,2.7136583765426976,0.25140093062153424
2025-04-17,Maqueda Bay,29.207770004868507,34.26160463131964,-0.043336283415555954,-0.0006103701889514923,11.59703415632248,5.753755,3.756656340556577,-2.3201149323623524,-0.017737205399010955,0.3159690037369435,2.3201827315593335,0.3159690037369435
2025-04-18,Maqueda Bay,29.28687398135662,34.27991573698819,-0.04211554303765297,0.01037629321217537,11.59703415632248,5.309728,0.0,-2.7586734829664525,-0.06779094773545145,,2.759506296100288,0.32517494941207004
2025-04-19,Maqueda Bay,29.248786881566048,34.27991573698819,-0.048829615116119385,0.001831110566854477,11.444441601634026,1.3005074,0.0,-2.36783533702696,-0.4945059846375219,,2.418921319951499,0.3343808950871966
2025-04-20,Maqueda Bay,29.385753951966763,34.29059721529484,-0.04272591322660446,0.001831110566854477,10.986663937568665,1.0085669,0.0,-2.5087637379773953,-0.3586361330274037,0.34358684076232315,2.5342682117138198,0.34358684076232315
2025-04-21,Maqueda Bay,29.337412633001804,34.29822684265673,-0.043336283415555954,0.005493331700563431,10.83407138288021,1.0782717,0.0,-2.52945343777664,-0.37837685993384373,,2.5575972595413567,0.26541817537509427
2025-04-22,Maqueda Bay,29.558610789477825,34.30280461907387,-0.03723258152604103,-0.003662221133708954,10.528886273503304,1.8271497,0.0,-1.6030924190783682,-0.155123289191073,,1.6105801870617904,0.18724950998786538
2025-04-23,Maqueda Bay,29.72414318472147,34.31196017190814,-0.031128879636526108,-0.02075258642435074,10.528886273503304,4.3504233,0.0,-1.4854900619954758,-0.5366111501576772,,1.579440486615709,0.1090808446006365
2025-04-24,Maqueda Bay,29.717551186680794,34.3150120228529,-0.05249183624982834,-0.012817773967981339,10.528886273503304,1.8368052,0.0,-1.7223044973401733,-0.7583765679714725,,1.8818787953548912,0.03091217921340761
2025-04-25,Maqueda Bay,29.69118319451809,34.318063873797655,-0.05859553813934326,-0.010986663401126862,10.528886273503304,1.1696471,17.073594455162315,-1.9280427623386898,-1.048303569767003,-0.04725648617382128,2.194604581192896,-0.04725648617382128
2025-04-26,Maqueda Bay,29.52784813195467,34.30890832096338,-0.05859553813934326,0.0012207403779029846,10.528886273503304,1.8982521,3.6026935137911322,-2.414761089189623,-0.6988913457598748,,2.5138655952620668,0.04978421667359645
2025-04-27,Maqueda Bay,29.521988578140736,34.307382395491004,-0.04943998530507088,0.003662221133708954,10.528886273503304,6.0393205,0.0,-2.151244418712669,-0.3167154041396427,,2.1744335345698076,0.14682491952101417
2025-04-28,Maqueda Bay,29.58497878164053,34.30127869360149,-0.03784295171499252,0.006714072078466415,10.528886273503304,2.4861329,8.109624730826521,-1.632340604048608,-0.02687304951930334,,1.632561793138698,0.2438656223684319
2025-04-29,Maqueda Bay,29.518326357007027,34.31043424643576,-0.04577776417136192,0.006714072078466415,10.528886273503304,3.1246798,0.0,-2.1413368759924873,-0.25723019984389167,,2.1567315531138767,0.3409063252158496
2025-04-30,Maqueda Bay,29.491958364844322,34.30890832096338,-0.04577776417136192,0.006714072078466415,10.528886273503304,2.5017252,0.0,-2.418503260296326,-0.0839598519886133,0.43794702806326735,2.4199601808314757,0.43794702806326735
2025-05-01,Maqueda Bay,29.546891681849957,34.30890832096338,-0.04821924492716789,-0.009765923023223877,10.528886273503304,1.1929373,7.796257345724032,-2.106695510680938,-0.6984853378083178,,2.2194701488996014,0.41438514302405355
2025-05-02,Maqueda Bay,29.264900654554367,34.25244907848537,-0.06103701889514923,-0.0006103701889514923,10.528886273503304,0.5992473,15.610037482828586,-2.355546258439773,-0.6181494412502707,,2.4353042740831454,0.39082325798483974
2025-05-03,Maqueda Bay,29.19238867610693,34.21887871809304,-0.039674062281847,0.031128879636526108,10.528886273503304,0.6100108,17.92958274524882,-2.463215929005648,0.9646926528807873,,2.645385534743344,0.3672613729456259
2025-05-04,Maqueda Bay,29.124271363019943,34.24939722754061,-0.0048829615116119385,0.017700735479593277,10.528886273503304,5.222568,5.203345749967842,-1.8918618225232555,0.9832178000945512,,2.1321018732564783,0.3436994879064121
2025-05-05,Maqueda Bay,29.408459722995758,34.18073058128357,-0.020142216235399246,0.0158696249127388,10.528886273503304,5.4162574,0.0,-1.1069936225923105,0.47610502326541204,,1.2050356316883768,0.3201376028671983
2025-05-06,Maqueda Bay,29.31910152733326,34.160893550142646,0.019531846046447754,-0.020142216235399246,10.528886273503304,5.404467,12.461613010517828,-0.17653907789714368,-0.19376542191784846,,0.26212799307928863,0.2965757178279844
2025-05-07,Maqueda Bay,29.24219488352537,34.09833060577512,-0.03479110077023506,-0.006103701889514923,10.528886273503304,0.9607261,14.381654691036944,-0.9551911949098051,0.26593238859102053,,0.9915191647844971,0.2730138327887706
2025-05-08,Maqueda Bay,29.42091127485037,34.1715750284493,-0.04150517284870148,0.05066072568297386,10.528886273503304,0.8117297,4.7177594041311615,-2.2111993331589237,1.1145476383456536,,2.476210598698007,0.2494519477495568
2025-05-09,Maqueda Bay,29.41285438835621,34.23871574923396,-0.029908139258623123,0.02685628831386566,10.83407138288021,3.5164156,1.3838339243799493,-2.6150656517138624,0.5456413771443309,,2.6713840748244366,0.225890062710343
2025-05-10,Maqueda Bay,29.5564134567976,34.27533796057105,-0.025635547935962677,0.025635547935962677,10.83407138288021,1.8794292,4.068970056905908,-1.9639455050983268,0.671613803650805,0.20232817767112918,2.075607633501627,0.20232817767112918
2025-05-11,Maqueda Bay,29.697775192558765,34.26618240773678,-0.01342814415693283,0.029908139258623123,10.681478828191757,1.4121062,0.0,-1.3155638513064607,0.8713762251465792,,1.577974896066154,0.16217890656638848
2025-05-12,Maqueda Bay,29.792992942035198,34.27838981151581,-0.021973326802253723,0.025635547935962677,11.139256492257118,1.7285265,0.0,-1.6505080766449785,0.556914309640327,,1.7419329663774288,0.12202963546164779
2025-05-13,Maqueda Bay,29.827417820692062,34.281441662460566,-0.0476088747382164,0.010986663401126862,11.444441601634026,3.1432526,0.0,-2.005295895184436,0.02498621665254602,,2.005451554704366,0.0818803643569071
2025-05-14,Maqueda Bay,29.754173398017883,34.282967587932944,-0.0555436871945858,0.009155552834272385,11.291849046945572,1.0600315,0.0,-2.583680028698145,-0.13731516392528506,,2.587326408657685,0.041731093252166396
2025-05-15,Maqueda Bay,29.735129848122597,34.2646564822644,-0.05249183624982834,0.004272591322660446,10.986663937568665,0.8698333,27.157106540170133,-2.586187340836805,-0.024726225677753125,0.001581822147425705,2.5863055403685022,0.001581822147425705
2025-05-16,Maqueda Bay,29.558610789477825,34.27381203509867,-0.036011841148138046,0.010986663401126862,10.83407138288021,1.2254237,3.8479570771142626,-2.150613852670292,0.3332833982332756,,2.1762853137480107,0.14951874398526344
2025-05-17,Maqueda Bay,29.623065881431103,34.27991573698819,-0.03357036039233208,0.004272591322660446,10.528886273503304,0.5810621,3.903738268692555,-2.198649934666856,0.19119474599518962,,2.2069474316591084,0.2974556658231012
2025-05-18,Maqueda Bay,29.606952108442783,34.28907128982246,-0.04699850454926491,0.0048829615116119385,11.291849046945572,4.596804,4.147966807522166,-2.6975555703116565,0.05992624952343739,,2.698221119608508,0.4453925876609389
2025-05-19,Maqueda Bay,29.591570779681206,34.295174991711974,-0.04150517284870148,0.017090365290641785,11.749626711010933,1.6152147,5.401773469239336,-2.754784344356778,0.4648608054539709,,2.7937309019231824,0.5933295094987767
2025-05-20,Maqueda Bay,29.541032128036022,34.2860194388777,-0.035401470959186554,0.009155552834272385,11.291849046945572,1.0045786,3.091819536850749,-2.386778328108784,0.09494829872331961,0.7412664313366145,2.3886661480751585,0.7412664313366145
2025-05-21,Maqueda Bay,29.739524513483047,34.29975276812911,-0.04943998530507088,-0.016479995101690292,11.291849046945572,2.1135778,0.0,-2.0731290775970526,-0.38547030633422474,,2.108661075053032,0.7467068356164738
2025-05-22,Maqueda Bay,29.737327180802822,34.305856470018625,-0.046388134360313416,0.009765923023223877,11.59703415632248,4.236673,0.0,-2.1917095949600354,0.13997455285301585,,2.1961748163764843,0.7521472398963331
2025-05-23,Maqueda Bay,29.739524513483047,34.31043424643576,-0.038453321903944016,0.014038514345884323,12.207404375076294,1.2051959,8.828963918436873,-2.367647902138391,0.7097355684941685,,2.4717364676854334,0.7575876441761924
2025-05-24,Maqueda Bay,29.422376163303852,34.223456494510174,-0.029908139258623123,0.01037629321217537,11.139256492257118,1.1968789,26.486891293855304,-1.7799209826902966,0.3582083775480223,,1.8156078724126468,0.7630280484560517
2025-05-25,Maqueda Bay,29.476577036082745,34.257026854902506,-0.03418073058128357,0.0024414807558059692,11.749626711010933,0.7722096,0.0,-1.7842072689329214,-0.044458778229049485,,1.7847610936690361,0.7684684527359109
2025-05-26,Maqueda Bay,29.631855212152004,34.25550092943013,-0.04028443247079849,0.004272591322660446,11.139256492257118,0.7671917,7.251735372294296,-1.9789816488771637,0.3469607848152611,,2.0091665318714127,0.7739088570157703
2025-05-27,Maqueda Bay,29.595965445041656,34.25550092943013,-0.03723258152604103,0.022583696991205215,10.986663937568665,0.8888995,0.0,-2.1291364507449266,0.658731811430048,0.7793492612956295,2.228710305374078,0.7793492612956295
2025-05-28,Maqueda Bay,29.451673932373524,34.2432935256511,-0.005493331700563431,0.014648884534835815,11.59703415632248,1.7690896,14.15947256366595,-1.4914025463755813,1.2196441407405259,,1.9266067023080409,0.7323362444396145
2025-05-29,Maqueda Bay,29.698507636785507,34.21277501620352,0.032959990203380585,-0.003662221133708954,10.528886273503304,2.036312,14.503470744588592,0.5429312212997103,1.0479449348142733,,1.1802384917739661,0.6853232275835994
2025-05-30,Maqueda Bay,30.033234648406506,34.220404643565416,0.03906369209289551,-0.03357036039233208,10.528886273503304,2.4866965,14.503470744588592,0.8743426997307867,0.18936548848602353,,0.8946141317920654,0.6383102107275844
2025-05-31,Maqueda Bay,30.205359041690826,34.22650834545493,0.001831110566854477,-0.0476088747382164,10.528886273503304,1.653017,3.2617534397201418,0.42135328945491524,0.4144912373785879,,0.591051250229716,0.5912971938715694
2025-06-01,Maqueda Bay,30.493942067027092,34.234137972816825,0.01892147585749626,0.016479995101690292,10.528886273503304,2.8125994,4.276771366321546,0.11960200945644384,1.0726290407140793,,1.0792764704417608,0.5442841770155544
2025-06-02,Maqueda Bay,30.547410495579243,34.24024167470634,0.059816278517246246,-0.0006103701889514923,10.528886273503304,9.8837385,0.0,0.6421252685948103,1.2754313847678973,,1.4279531077100933,0.49727116015953937
2025-06-03,Maqueda Bay,30.61992247402668,34.24176760017872,0.024414807558059692,0.004272591322660446,10.528886273503304,3.9321766,6.28516937217771,-0.16792618605496862,1.0329725648572383,,1.0465330972839364,0.4502581433035243
2025-06-04,Maqueda Bay,30.73491621762514,34.23108612187207,0.036011841148138046,0.0012207403779029846,10.528886273503304,0.91691893,0.0,0.37765112834412873,0.19055431275279647,0.4032451264475093,0.4230027433105891,0.4032451264475093
2025-06-05,Maqueda Bay,30.60380870103836,34.21887871809304,-0.029908139258623123,-0.0024414807558059692,10.528886273503304,0.9165859,10.339038611557077,-0.5925502701031571,0.012450716263932002,,0.592681063418437,0.41835468584845653
2025-06-06,Maqueda Bay,30.180455937981606,34.041871363297105,0.024414807558059692,-0.048829615116119385,10.528886273503304,0.9123309,23.030414264872324,1.7344865703155816,-0.15143901045517247,,1.7410851318912441,0.43346424524940375
2025-06-07,Maqueda Bay,30.05960264056921,34.01440470479429,0.036011841148138046,-0.008545182645320892,11.291849046945572,0.92576593,9.21216568602578,2.1048460150473,1.5658839978991246,,2.6234270414740037,0.44857380465035096
2025-06-08,Maqueda Bay,29.955595560371876,33.99609359912574,0.03357036039233208,0.007324442267417908,13.27555225789547,0.9123478,0.0,2.333136242370709,1.8368970393648116,,2.9694638335381223,0.4636833640512982
2025-06-09,Maqueda Bay,29.984160885214806,34.02508618310094,0.035401470959186554,0.006714072078466415,16.327403351664543,7.473742,4.60608284301289,2.4255074738078037,1.286256031953301,,2.7454582650686508,0.47879292345224533
2025-06-10,Maqueda Bay,29.87209691852331,33.95489361137152,0.028077028691768646,0.012207403779029846,15.106662914156914,7.8808656,17.25650245619626,1.8366160310072708,1.6683351779813655,,2.4812296772856426,0.4939024828531926
2025-06-11,Maqueda Bay,29.730002738535404,33.89385659247637,0.0158696249127388,0.02685628831386566,15.259255468845367,8.869271,10.387987358046384,0.7438904419516027,1.9653084039228736,,2.101382904697957,0.5090120422541398
2025-06-12,Maqueda Bay,29.62965787947178,33.84197512641549,0.006714072078466415,0.02075258642435074,14.801477804780006,8.910489,4.882766990251438,-0.1773450164639273,0.7324148007265014,,0.753579919575775,0.524121601655087
2025-06-13,Maqueda Bay,29.79372538626194,33.89538251794875,-0.04699850454926491,0.029908139258623123,14.648885250091553,1.2299125,13.676722756545479,-2.0492313429975035,-0.0005457487071734513,,2.049231415669056,0.5392311610560342
2025-06-14,Maqueda Bay,29.801049828529358,33.89385659247637,-0.043336283415555954,0.01831110566854477,14.496292695403099,1.0279169,15.922533061647195,-2.0720160762212267,0.3666133532566805,,2.104199603389687,0.5543407204569815
2025-06-15,Maqueda Bay,29.73586229234934,33.88775289058685,-0.0317392498254776,0.02685628831386566,14.95407035946846,0.67776966,9.9273987783265,-1.618934380796022,0.511231610216441,,1.69773563566531,0.5694502798579286
2025-06-16,Maqueda Bay,29.660420536994934,33.861812157556415,-0.02136295661330223,0.009765923023223877,14.95407035946846,1.1205646,13.32265887282411,-0.8800650335798511,0.427559040806859,,0.9784279210578497,0.5845598392588758
2025-06-17,Maqueda Bay,29.926297791302204,33.87859733775258,-0.03357036039233208,0.015259254723787308,12.512589484453201,1.3089641,0.0,-0.9965447505071945,0.42618182469397925,,1.0838507219460327,0.599669398659823
2025-06-18,Maqueda Bay,29.90798668563366,33.89080474153161,-0.040894802659749985,0.0079348124563694,13.580737367272377,1.1814135,0.0,-1.7532272001627711,-0.22592734646043255,,1.767724181332948,0.6147789580607702
2025-06-19,Maqueda Bay,29.795190274715424,33.89233066700399,-0.04211554303765297,0.024414807558059692,14.496292695403099,0.78419113,0.0,-1.8962279476168797,0.3525395565234006,,1.9287209669200571,0.6298885174617175
2025-06-20,Maqueda Bay,29.780541390180588,33.874019561335444,-0.027466658502817154,0.012817773967981339,14.038515031337738,0.66553485,57.987536299979446,-1.4081096541080347,0.7802740266692486,,1.6098448231698894,0.6449980768626646
2025-06-21,Maqueda Bay,29.80983915925026,33.85723438113928,0.0030518509447574615,0.025025177747011185,12.970367148518562,0.7299566,9.050854493945424,-0.08192887620213594,0.6660252014525716,,0.6710453857420402,0.6601076362636118
2025-06-22,Maqueda Bay,29.99441510438919,33.8053529150784,0.030518509447574615,-0.02685628831386566,10.681478828191757,2.733554,9.129816440576414,0.48431347195528995,0.47140598630845704,,0.6758573392697874,0.6752171956645591
2025-06-23,Maqueda Bay,29.878688916563988,33.79314551129937,0.027466658502817154,-0.03418073058128357,10.528886273503304,2.733558,15.932174604975497,1.0699140675603214,0.11755224512126815,,1.076352471217734,0.6903267550655063
2025-06-24,Maqueda Bay,29.959257781505585,33.75957515090704,0.006103701889514923,-0.006103701889514923,10.528886273503304,1.6416947,9.129816440576414,0.4126787130543262,0.6022331555603341,0.7054363144664535,0.7300606097197221,0.7054363144664535
2025-06-25,Maqueda Bay,30.033234648406506,33.716849237680435,0.039674062281847,-0.029908139258623123,10.528886273503304,3.2980194,27.389449797833937,0.7901462315837501,0.338844203332864,,0.8597362743413147,0.6922992170686594
2025-06-26,Maqueda Bay,29.76516006141901,33.680227026343346,0.02929776906967163,-0.031128879636526108,10.528886273503304,2.1828735,4.342768683777793,1.947987621851712,0.14014093078454173,,1.953022082662827,0.6791621196708651
2025-06-27,Maqueda Bay,29.77394939213991,33.704641833901405,0.02624591812491417,-0.02136295661330223,12.665182039141655,1.1799914,16.783967936643254,2.216955100194297,0.13749030094953077,,2.221214419891222,0.666025022273071
2025-06-28,Maqueda Bay,29.825220488011837,33.70921961031854,0.02685628831386566,-0.0158696249127388,12.817774593830109,1.2050236,11.189311720442294,2.3356321383046814,0.1272204288830498,,2.339094380953211,0.6528879248752769
2025-06-29,Maqueda Bay,29.664082758128643,33.646656665951014,0.028077028691768646,-0.017090365290641785,14.496292695403099,1.2161719,15.094404724519556,2.611597894311667,-0.17688476205696313,,2.6175812844343693,0.6397508274774828
2025-06-30,Maqueda Bay,29.469252593815327,33.58256779611111,0.0238044373691082,0.005493331700563431,15.564440578222275,1.2396555,11.189311720442294,2.1862531679497814,0.5860915084038139,,2.2634500592223175,0.6266137300796886
2025-07-01,Maqueda Bay,29.46632281690836,33.55815298855305,0.03784295171499252,0.0030518509447574615,13.885922476649284,4.353705,15.612959353422054,1.865042692839687,0.6146049455465218,,1.963701475582517,0.6134766326818945
2025-07-02,Maqueda Bay,29.746848955750465,33.59477519989014,0.03784295171499252,0.023194067180156708,12.512589484453201,4.3648286,11.810258170976066,1.6169170720309993,0.8790032514217395,,1.8403987431628206,0.6003395352841003
2025-07-03,Maqueda Bay,29.66628009080887,33.58867149800062,0.03906369209289551,0.0024414807558059692,13.73332992196083,4.2657046,4.635290284310618,2.154923458603603,0.867626619909162,,2.323030577503256,0.5872024378863061
2025-07-04,Maqueda Bay,29.795190274715424,33.58714557252824,0.011597033590078354,0.04577776417136192,13.73332992196083,1.2241412,2.5543695228623537,0.6519145466202337,1.4635126745567073,,1.6021429164351075,0.574065340488512
2025-07-05,Maqueda Bay,29.861110255122185,33.584093721583486,0.04150517284870148,0.016479995101690292,12.05481182038784,1.2392344,17.026930192282304,0.8660461352712696,1.136826366777257,,1.4291291392376968,0.5609282430907179
2025-07-06,Maqueda Bay,29.91238135099411,33.58256779611111,0.019531846046447754,0.02929776906967163,13.73332992196083,1.2522556,9.402591012406823,1.1749496168119087,0.9561583472260216,,1.5148417036167339,0.5477911456929236
2025-07-07,Maqueda Bay,30.093295074999332,33.60545667819679,0.043946653604507446,0.004272591322660446,12.970367148518562,8.063235,0.0,1.9452091821477917,0.6830598299538186,,2.061652127204932,0.5346540482951295
2025-07-08,Maqueda Bay,30.041291534900665,33.60545667819679,0.04272591322660446,-0.003662221133708954,13.73332992196083,2.9438226,0.0,2.9294824651021827,0.751732803223342,,3.024395761269213,0.5215169508973354
2025-07-09,Maqueda Bay,30.0471510887146,33.60240482725203,0.03906369209289551,-0.0024414807558059692,14.95407035946846,0.41435012,2.7205446253540693,3.0868016413438215,1.0202147301046212,,3.251027909527286,0.5083798534995412
2025-07-10,Maqueda Bay,30.033967092633247,33.60393075272441,0.027466658502817154,0.01831110566854477,15.411848023533821,1.5573856,0.0,2.3809344892556954,1.3457271427466706,,2.7349278939036763,0.49524275610174706
2025-07-11,Maqueda Bay,29.93728445470333,33.5398418828845,0.019531846046447754,0.03479110077023506,11.59703415632248,1.4837726,5.926210924227666,0.8308736995060156,0.6232148920558793,,1.0386278959333963,0.48210565870395294
2025-07-12,Maqueda Bay,29.955595560371876,33.48185671493411,0.030518509447574615,0.0158696249127388,10.528886273503304,0.8743141,2.658358504695277,1.0241407880596085,0.41267456111758805,,1.1041578905034144,0.4689685613061588
2025-07-13,Maqueda Bay,30.074983969330788,33.52916040457785,0.029908139258623123,0.0048829615116119385,12.817774593830109,0.79155844,2.658358504695277,1.684739151225803,0.396084004541272,,1.7306728594181193,0.4558314639083646
2025-07-14,Maqueda Bay,30.054475530982018,33.548997435718775,0.032959990203380585,-0.0079348124563694,14.496292695403099,0.49051723,4.089512489541518,2.486443164085674,0.322629718516779,,2.5072872877870602,0.4426943665105705
2025-07-15,Maqueda Bay,29.92117068171501,33.523056702688336,0.027466658502817154,-0.006103701889514923,16.937773570418358,0.49051723,18.60851011261596,3.100073911132259,0.025963968556713363,,3.1001826369015864,0.42955726911277636
2025-07-16,Maqueda Bay,29.69997252523899,33.452864130958915,0.02685628831386566,-0.015259254723787308,19.379254445433617,0.49564075,12.076792394693728,3.775882110187125,-0.1835144083069982,,3.780339038775152,0.4164201717149822
2025-07-17,Maqueda Bay,29.427503272891045,33.332316018640995,0.03479110077023506,0.01831110566854477,17.39555123448372,0.4489014,13.512570151169363,3.8765030880167837,2.087771416413032,,4.4029610126135506,0.403283074317188
2025-07-18,Maqueda Bay,29.255378879606724,33.285012328997254,0.03662221133708954,0.06042664870619774,19.53184700012207,0.43136838,12.715508736406784,3.659418414566747,4.088385930761762,,5.486915586349121,0.3901459769193939
2025-07-19,Maqueda Bay,29.121341586112976,33.25449381954968,0.0238044373691082,0.0714133121073246,16.327403351664543,0.44981447,5.405027837064774,2.1008985984842887,3.0225271432156275,,3.6809571109411845,0.3770088795215997
2025-07-20,Maqueda Bay,29.088381595909595,33.283486403524876,0.017090365290641785,0.04821924492716789,17.548143789172173,0.6628944,13.512570151169363,1.4531881753298266,1.828445356272927,,2.3355873552052087,0.3638717821238056
2025-07-21,Maqueda Bay,29.097170926630497,33.29264195635915,0.030518509447574615,0.03234962001442909,15.869625687599182,1.2936019,17.69110846336353,2.8188764951970318,1.5301243190955622,,3.2073891449373524,0.35073468472601144
2025-07-22,Maqueda Bay,28.974852740764618,33.28043455258012,0.028077028691768646,0.03357036039233208,19.53184700012207,1.2797786,3.1847372175911053,3.560937784405288,2.4354836802951167,,4.314146342138741,0.33759758732821726
2025-07-23,Maqueda Bay,28.977782517671585,33.29264195635915,0.02868739888072014,0.04821924492716789,16.63258846104145,1.3069329,0.0,3.183821710912762,3.2215765704782213,,4.529379238519743,0.32446048993042315
2025-07-24,Maqueda Bay,29.07812737673521,33.32926416769624,0.02868739888072014,0.06897183135151863,14.801477804780006,1.2757863,1.9014242779457804,2.3013941129156748,3.8273755903621254,,4.466007027834008,0.311323392532629
2025-07-25,Maqueda Bay,29.13892024755478,33.37046415545046,0.0317392498254776,0.059205908328294754,14.95407035946846,1.6597738,0.0,2.311189896420234,3.2166783519711584,,3.960886057103241,0.29818629513483486
2025-07-26,Maqueda Bay,29.342539742588997,33.40708636678755,0.04455702379345894,0.040894802659749985,12.207404375076294,3.1504564,0.9053171633209134,2.334076108892503,2.1340218260487394,0.2850491977370407,3.1625876171507348,0.2850491977370407
2025-07-27,Maqueda Bay,29.423108607530594,33.43302709981799,0.048829615116119385,0.03662221133708954,13.73332992196083,3.7908247,0.0,3.1683951869351947,2.5338044891305533,,4.056956155756708,0.2885999968021734
2025-07-28,Maqueda Bay,29.46632281690836,33.45744190737605,0.04028443247079849,0.032959990203380585,14.496292695403099,2.4235497,0.0,2.967827165152472,2.5973188935338976,,3.9438640337776745,0.2921507958673062
2025-07-29,Maqueda Bay,29.516861468553543,33.48338264040649,0.031128879636526108,0.03784295171499252,14.95407035946846,1.8519827,0.0,2.2425478758299064,2.6316207921736017,,3.457520639011377,0.2957015949324389
2025-07-30,Maqueda Bay,29.722678296267986,33.51084929890931,0.03784295171499252,0.036011841148138046,12.970367148518562,2.2084038,0.0,1.7997648956201977,2.2029016400010466,,2.8446316659676842,0.2992523939975717
2025-07-31,Maqueda Bay,29.821558266878128,33.53068633005023,0.043336283415555954,0.0238044373691082,13.122959703207016,3.524503,0.0,1.7800359147672917,1.5793762621554766,,2.379696878873785,0.3028031930627044
2025-08-01,Maqueda Bay,30.028839983046055,33.55052336119115,0.03357036039233208,0.017090365290641785,12.05481182038784,0.98334455,0.0,1.073672080058894,1.26886429927739,,1.6621637541104948,0.3063539921278372
2025-08-02,Maqueda Bay,30.25589769333601,33.561204839497805,0.019531846046447754,0.0030518509447574615,10.528886273503304,0.7666008,1.0907626056817634,0.5511878042903114,0.8733893620053157,,1.0327715009925609,0.30990479119296993
2025-08-03,Maqueda Bay,30.416302978992462,33.55815298855305,-0.021973326802253723,0.007324442267417908,10.528886273503304,0.772271,5.002825712095574,0.2152610862253745,0.46692168189732663,,0.5141528880291897,0.3134555902581027
2025-08-04,Maqueda Bay,30.53056427836418,33.54594558477402,-0.030518509447574615,0.0079348124563694,10.528886273503304,2.6101997,0.0,-0.3609639117740172,0.15706058085187688,,0.3936533648538133,0.31700638932323544
2025-08-05,Maqueda Bay,30.488082513213158,33.5398418828845,-0.023194067180156708,-0.009155552834272385,10.528886273503304,3.1003764,4.152559426889258,-0.1303362573448336,-0.058926558826943344,,0.14303803450077152,0.3205571883883682
2025-08-06,Maqueda Bay,30.176793716847897,33.50627152249217,0.04211554303765297,-0.02136295661330223,10.528886273503304,0.97563124,14.429857092885193,2.253895184437893,0.8035331954629622,,2.3928453979819175,0.32410798745350095
2025-08-07,Maqueda Bay,30.094027519226074,33.48185671493411,0.028077028691768646,-0.016479995101690292,10.528886273503304,1.1364473,10.487665733067852,1.4354726872881376,1.0943410788130414,,1.8050385682106405,0.3276587865186337
2025-08-08,Maqueda Bay,29.963652446866035,33.47270116209984,0.0024414807558059692,0.01342814415693283,12.512589484453201,3.8127434,23.162688655237993,0.7374613719855012,0.8874418805492149,,1.1538641022769816,0.33120958558376645
2025-08-09,Maqueda Bay,30.348185665905476,33.45744190737605,-0.0030518509447574615,0.03234962001442909,10.83407138288021,3.9612656,7.2149285464425965,-0.14163076549271914,1.1584823742672712,,1.167107829303697,0.33476038464889923
2025-08-10,Maqueda Bay,30.332804337143898,33.367412304505706,0.006103701889514923,0.017090365290641785,10.528886273503304,3.170554,8.903555467198336,0.23625128822884403,0.28590351518124907,,0.3708847411026545,0.33831118371403196
2025-08-11,Maqueda Bay,30.245643474161625,33.01339759491384,0.006714072078466415,-0.01831110566854477,10.528886273503304,5.689949,6.174794701021021,0.4759051822202757,-0.43133389347199214,,0.6422886190193796,0.34186198277916474
2025-08-12,Maqueda Bay,30.216345705091953,33.08359016664326,0.010986663401126862,-0.025635547935962677,10.528886273503304,5.689949,9.473233709320677,0.5957102662620125,0.15641778277172652,,0.6159035996787005,0.34541278184429747
2025-08-13,Maqueda Bay,30.151890613138676,33.10647904872894,0.009765923023223877,0.01342814415693283,10.528886273503304,3.490073,12.349589402042042,0.5561604588990793,0.36421915587148856,,0.6648082802933295,0.34896358090943025
2025-08-14,Maqueda Bay,29.814966268837452,33.05154573172331,0.029908139258623123,0.017090365290641785,10.528886273503304,2.9889286,21.400739666869928,0.6733525881593788,0.899659950406484,,1.1237400652937188,0.352514379974563
2025-08-15,Maqueda Bay,29.754905842244625,33.08511609211564,0.0,0.014038514345884323,10.528886273503304,1.1887678,14.03804372093095,0.12601355853486626,1.184549592336559,,1.1912334589153077,0.3560651790396957
2025-08-16,Maqueda Bay,29.837672039866447,33.06985683739185,-0.014038514345884323,0.038453321903944016,10.528886273503304,1.5707664,12.251740899503504,-0.8159500220648007,0.8282569963537779,,1.162662500692497,0.3596159781048285
2025-08-17,Maqueda Bay,29.996612437069416,33.07748646475375,-0.04028443247079849,0.014038514345884323,10.528886273503304,2.502432,0.0,-0.987371610511556,-0.04851661346726955,,0.9885628756060568,0.36316677716996126
2025-08-18,Maqueda Bay,30.049348421394825,33.20871605537832,-0.079348124563694,0.029908139258623123,10.528886273503304,4.5020366,14.745669553906136,-1.9735018414433931,-0.25287445351121696,0.366717576235094,1.9896369034120422,0.366717576235094
2025-08-19,Maqueda Bay,30.0471510887146,33.368938229978085,-0.05798516795039177,0.038453321903944016,10.528886273503304,1.1065239,3.0507559256253334,-2.026769027355427,0.08161605415086985,,2.028411662001188,0.356937385875596
2025-08-20,Maqueda Bay,30.017120875418186,33.47422708757222,-0.048829615116119385,0.007324442267417908,10.528886273503304,1.0886843,16.57382000866024,-1.4732887558178824,0.039505735892605295,,1.473818327063353,0.347157195516098
2025-08-21,Maqueda Bay,29.861842699348927,33.36588637903333,0.039674062281847,-0.006103701889514923,10.528886273503304,0.9648781,16.85972130243679,1.094714680861605,1.1423190324522396,,1.5821798268201206,0.3373770051566
2025-08-22,Maqueda Bay,29.865504920482635,33.35062712430954,0.031128879636526108,-0.0079348124563694,10.528886273503304,0.8011646,12.913689940023346,1.42955906775132,1.23315717167937,,1.8879395483580204,0.327596814797102
2025-08-23,Maqueda Bay,29.905789352953434,33.31400491297245,0.0079348124563694,-0.043946653604507446,10.83407138288021,1.2201452,27.033568993142122,0.9271914224755424,-0.48645031248159887,,1.047051975990526,0.317816624437604
2025-08-24,Maqueda Bay,29.738792069256306,33.22855308651924,-0.02929776906967163,-0.03479110077023506,10.528886273503304,1.414588,0.0,0.5920207464517979,-0.14097151385539386,,0.6085733579019258,0.30803643407810605
2025-08-25,Maqueda Bay,29.516861468553543,32.96761983074248,0.05615405738353729,-0.02868739888072014,10.528886273503304,3.019167,25.289582133842504,2.5745023493727337,0.7126345830643027,,2.671312485634161,0.29825624371860804
2025-08-26,Maqueda Bay,29.522721022367477,33.00576796755195,0.04699850454926491,-0.007324442267417908,10.528886273503304,2.0770504,10.371398853999313,2.3702596249148575,1.4449089656243126,,2.7759489563828517,0.28847605335911003
2025-08-27,Maqueda Bay,29.468520149588585,32.97524945810437,0.024414807558059692,0.02929776906967163,10.83407138288021,4.9967327,21.87885777228805,1.6748791836995083,1.665445844332377,,2.3619758975048657,0.278695862999612
2025-08-28,Maqueda Bay,29.30664997547865,32.91726429015398,0.022583696991205215,0.015259254723787308,10.83407138288021,4.973536,12.363554979432745,1.3376751929660051,1.089005279781515,,1.7249079457375849,0.26891567264011407
2025-08-29,Maqueda Bay,29.569597452878952,32.89284948259592,0.0238044373691082,0.02868739888072014,10.528886273503304,4.0177207,7.2929526752407465,1.0694610587488318,0.6045912874808298,,1.2285265894875452,0.25913548228061606
2025-08-30,Maqueda Bay,29.367442846298218,32.78298284858465,0.021973326802253723,-0.022583696991205215,10.528886273503304,4.030293,24.957304437405867,1.6448698531307222,-0.2748919493565953,,1.6676817494832017,0.24935529192111808
2025-08-31,Maqueda Bay,29.101565591990948,32.59529401548207,0.05005035549402237,-0.004272591322660446,10.528886273503304,3.0370233,29.171810700962986,2.9935129280872905,1.0491040538230965,,3.1720244271401503,0.23957510156162007
2025-09-01,Maqueda Bay,29.019531838595867,32.63191622681916,0.029908139258623123,0.009765923023223877,10.986663937568665,3.1774597,2.9880486193889846,2.931156978198599,2.0989531262937238,,3.6051748164576622,0.2297949112021221
2025-09-02,Maqueda Bay,29.171147793531418,32.68990139476955,0.020142216235399246,0.0158696249127388,11.139256492257118,1.4872589,0.0,2.090343464749018,1.3492390449579699,,2.4879674035360724,0.22001472084262408
2025-09-03,Maqueda Bay,29.500747695565224,32.73415323346853,0.01892147585749626,0.025025177747011185,10.528886273503304,1.5171233,0.0,1.3899670070387482,0.8409763883466177,,1.6245767345412703,0.2102345304831261
2025-09-04,Maqueda Bay,29.500015251338482,32.72804953157902,-0.005493331700563431,0.036011841148138046,10.528886273503304,1.1236923,13.46377017640848,-0.26539850175536084,1.0838353292993121,,1.1158563463866389,0.20045434012362812
2025-09-05,Maqueda Bay,29.361583292484283,32.804345805197954,-0.012207403779029846,0.03723258152604103,11.59703415632248,1.5957533,7.061566015908611,-1.103619485894231,1.1892094999622707,,1.6224041433767236,0.1906741497641301
2025-09-06,Maqueda Bay,29.554948568344116,32.86080504767597,-0.0317392498254776,0.04699850454926491,10.83407138288021,1.708353,4.5367876131963065,-1.416093227477702,0.7886428092188892,,1.6208878768875026,0.18089395940463213
2025-09-07,Maqueda Bay,29.653096094727516,32.876064302399755,-0.05798516795039177,0.02624591812491417,10.528886273503304,1.2209729,9.651015923319875,-1.8179396504273861,-0.04749619036619051,,1.8185599964519588,0.17111376904513412
2025-09-08,Maqueda Bay,29.419446386396885,32.898953184485435,-0.06469924002885818,0.001831110566854477,10.528886273503304,1.3518324,20.905343631445536,-1.4053087006428064,-1.1169257781868498,,1.7951088373913915,0.16133357868563614
2025-09-09,Maqueda Bay,29.559343233704567,32.92947169393301,-0.06836146116256714,0.0024414807558059692,10.528886273503304,1.6119,8.184278009124617,-1.4501249466193153,-0.3328381996366641,,1.4878318547285672,0.15155338832613813
2025-09-10,Maqueda Bay,29.599627666175365,32.77687914669514,-0.04211554303765297,0.009155552834272385,10.528886273503304,2.3541079,16.368556018249233,-0.5816670590404694,-0.008786943120155478,,0.5817334251546715,0.14177319796664015
2025-09-11,Maqueda Bay,29.64650409668684,32.84859764389694,-0.07324442267417908,-0.011597033590078354,10.528886273503304,5.917156,11.07946989320207,-0.9447413680910941,-0.4687044536474272,,1.0546184700883847,0.13199300760714217
2025-09-12,Maqueda Bay,29.639179654419422,32.77687914669514,-0.07019257172942162,-0.02929776906967163,10.528886273503304,2.2580645,23.56685254907095,-0.9322462435362087,-0.8458061629947886,0.12221281724764417,1.2587577701636399,0.12221281724764417
2025-09-13,Maqueda Bay,29.43409527093172,32.82113098539412,-0.0317392498254776,-0.020142216235399246,10.528886273503304,2.228274,15.211292682887953,0.07463498738675949,0.28700506272370563,,0.29655064891390803,0.16307640919829539
2025-09-14,Maqueda Bay,29.700704969465733,32.83181246370077,-0.022583696991205215,0.027466658502817154,10.528886273503304,2.3967352,1.34998719263736,-0.7303695285264886,0.7011810128926339,,1.0124694864741086,0.2039400011489466
2025-09-15,Maqueda Bay,29.524918355047703,32.718893978744745,-0.009765923023223877,0.05615405738353729,10.528886273503304,1.2068495,16.63996372135004,0.0024420595433886695,0.8941271318325203,,0.8941304667294716,0.24480359309959782
2025-09-16,Maqueda Bay,29.283211760222912,32.792138401418924,0.03357036039233208,0.009765923023223877,10.528886273503304,1.1059973,11.317968882723337,0.21667643684007604,1.1627215010555343,,1.182738334247498,0.285667185050249
2025-09-17,Maqueda Bay,29.625263214111328,32.81960505992174,0.0012207403779029846,0.017090365290641785,10.528886273503304,0.89920396,4.127987457310549,0.3221250406728098,1.0515360201511688,,1.0997693137671276,0.3265307770009002
2025-09-18,Maqueda Bay,29.858180478215218,32.825708761811256,0.038453321903944016,-0.009765923023223877,10.528886273503304,1.1923355,3.150116511753627,1.1230734040728236,0.46951466931867636,,1.217266567207506,0.3673943689515514
2025-09-19,Maqueda Bay,29.53663746267557,32.81960505992174,0.04516739398241043,-0.0317392498254776,10.528886273503304,1.1063756,8.255974914621097,3.006447636296146,0.47468041358966345,,3.0436900112916128,0.4082579609022026
2025-09-20,Maqueda Bay,29.357188627123833,32.78450877405703,0.029908139258623123,-0.02624591812491417,12.970367148518562,1.1998209,19.471252048802995,4.13779068793027,0.2580195096943447,,4.145827522281332,0.4491215528528538
2025-09-21,Maqueda Bay,29.328623302280903,32.77535322122276,0.03357036039233208,0.014038514345884323,13.428144812583923,1.2403173,5.0253550094393535,3.7329285485558295,2.318783523516767,,4.394486611375209,0.489985144803505
2025-09-22,Maqueda Bay,29.407727278769016,32.84554579295218,0.023194067180156708,0.0317392498254776,17.09036612510681,1.157117,21.519654539140507,1.3470679337943505,2.3031998240568057,0.5308487367541562,2.668205660700142,0.5308487367541562
2025-09-23,Maqueda Bay,29.524918355047703,32.873012451455,-0.012207403779029846,0.0476088747382164,14.496292695403099,1.187791,0.0,0.11114787763578074,0.710808416687279,,0.7194459367710787,0.490285771581871
2025-09-24,Maqueda Bay,29.554948568344116,32.87911615334451,0.003662221133708954,-0.005493331700563431,15.106662914156914,1.2232023,13.29718975061279,1.466357999548922,-0.7597417841689408,,1.6514882262533153,0.44972280640958573
2025-09-25,Maqueda Bay,29.083254486322403,32.575456984341145,0.03723258152604103,-0.04455702379345894,13.580737367272377,1.2959994,82.88150966661865,4.895099000002296,0.133509412206896,,4.89691933596739,0.4091598412373004
2025-09-26,Maqueda Bay,28.74193547666073,32.18176821246743,0.008545182645320892,0.08606219664216042,10.528886273503304,4.2472053,17.61936237259028,-0.3565497380541685,2.2238424280718534,,2.2522439611638463,0.36859687606501523
2025-09-27,Maqueda Bay,29.160893574357033,32.251960784196854,-0.040894802659749985,0.048829615116119385,10.528886273503304,4.253256,0.0,-0.4093175819100374,-0.0944142672367868,,0.4200653957642067,0.32803391089272993
2025-09-28,Maqueda Bay,29.24512466043234,32.2702718898654,-0.05798516795039177,0.02868739888072014,10.528886273503304,3.8211849,5.873120859471334,-1.1904200035388355,-0.43471477179790485,,1.2673108212450115,0.2874709457204447
2025-09-29,Maqueda Bay,29.20117800682783,32.35114593990147,-0.07446516305208206,0.059205908328294754,10.528886273503304,6.1691833,8.593074855716546,-1.2758914947942122,0.24229571122938334,,1.2986940818254167,0.24690798054815943
2025-09-30,Maqueda Bay,29.156498908996582,32.50984218902886,-0.030518509447574615,0.06469924002885818,10.528886273503304,2.9251454,5.873120859471334,-0.9313051770039593,0.9916860643973986,,1.3604302933389778,0.20634501537587419
2025-10-01,Maqueda Bay,29.428968161344528,32.5785088352859,-0.0048829615116119385,-0.008545182645320892,10.528886273503304,4.3789597,9.207933452272195,0.29065825881620766,0.027588400740235983,,0.2919646267503538,0.16578205020358894
2025-10-02,Maqueda Bay,29.284676648676395,32.64107177965343,0.02075258642435074,-0.014648884534835815,10.528886273503304,4.379139,12.94343171654392,1.6399346208621033,1.0575019033347266,,1.951331810907284,0.1252190850313037
2025-10-03,Maqueda Bay,29.34034240990877,32.659382885321975,-0.01831110566854477,0.03723258152604103,10.528886273503304,2.836847,4.728986787722773,-0.8719069582392108,1.2982447906023085,,1.5638610168912022,0.08465611985901844
2025-10-04,Maqueda Bay,29.598895221948624,32.63801992870867,-0.03723258152604103,0.0024414807558059692,10.528886273503304,3.8662775,4.728986787722773,-0.2238070638247605,-0.19806083042065217,,0.29886066045028203,0.04409315468673314
2025-10-05,Maqueda Bay,29.419446386396885,32.68532361835241,-0.04699850454926491,-0.040894802659749985,10.528886273503304,3.462927,4.728986787722773,0.25874617125973687,-1.2679716867072695,,1.2941026927693378,0.0035301895144479456
2025-10-06,Maqueda Bay,29.63405254483223,32.68837546929717,-0.06714072078466415,-0.04211554303765297,10.528886273503304,5.169865,9.693673166078723,-0.39645171101963694,-1.1156882018333905,,1.1840329906217233,-0.03703277565783736
2025-10-07,Maqueda Bay,29.62965787947178,32.682271767407656,-0.059205908328294754,-0.010986663401126862,10.528886273503304,2.040952,16.340232608871343,-0.6605801739606756,-0.583560571424088,-0.07759574083012256,0.8814244759199308,-0.07759574083012256
2025-10-08,Maqueda Bay,29.62233343720436,32.561723655089736,-0.0048829615116119385,0.01892147585749626,10.528886273503304,1.3809351,16.458370618922736,0.05185380685117312,0.7729226381995167,,0.7746600686276915,-0.04150707665478402
2025-10-09,Maqueda Bay,29.38502150774002,32.58308661170304,0.03662221133708954,-0.0048829615116119385,10.528886273503304,1.3522621,20.73726948505173,1.2966397797914102,0.8813983618395678,,1.5678449511322827,-0.005418412479445481
2025-10-10,Maqueda Bay,29.4091921672225,32.537308847531676,0.005493331700563431,-0.0158696249127388,10.528886273503304,6.0274835,14.249921381198865,1.3015292843331507,0.406042011716692,,1.3633959781573737,0.03067025169589306
2025-10-11,Maqueda Bay,29.35645618289709,32.50984218902886,-0.025025177747011185,-0.014038514345884323,10.528886273503304,6.5553155,26.531863296086886,-0.031745684777853986,-0.16487732463773114,,0.16790568984316956,0.0667589158712316
2025-10-12,Maqueda Bay,29.64210943132639,32.54646440036595,-0.048829615116119385,0.006714072078466415,10.528886273503304,1.7223873,6.968086302738219,-1.0924865688499943,-0.23081359197989917,,1.116602801966884,0.10284758004657014
2025-10-13,Maqueda Bay,29.54029968380928,32.648701407015324,-0.07568590342998505,0.0048829615116119385,10.528886273503304,1.1626579,5.233397760698872,-1.6116102627855056,-1.0157530218325654,,1.9050044200677212,0.1389362442219087
2025-10-14,Maqueda Bay,29.705832079052925,32.8226569108665,-0.07568590342998505,0.011597033590078354,10.528886273503304,1.7677213,25.322133557953958,-1.924813419313613,-0.6729923149605234,,2.039074632073502,0.17502490839724727
2025-10-15,Maqueda Bay,29.763695172965527,32.92947169393301,-0.07446516305208206,0.0006103701889514923,10.528886273503304,6.466532,22.356977184430427,-1.7526984637953398,-0.7660741861426181,,1.912804632905467,0.21111357257258578
2025-10-16,Maqueda Bay,29.860377810895443,33.176671620458364,-0.08545182645320892,-0.006103701889514923,10.528886273503304,4.1999383,11.184862385880196,-2.2791636982675336,-1.0949316510507794,,2.528529707947551,0.2472022367479243
2025-10-17,Maqueda Bay,29.902127131819725,33.25449381954968,-0.051271095871925354,-0.04028443247079849,10.528886273503304,3.65685,22.369724771760392,-0.3382827450085238,-0.9286242006695975,,0.9883208596603387,0.28329090092326287
2025-10-18,Maqueda Bay,29.567400120198727,33.15530866384506,0.059816278517246246,0.019531846046447754,10.528886273503304,0.9796564,55.924314156105986,0.4467188110835804,2.6273267996442247,,2.665033547313184,0.31937956509860144
2025-10-19,Maqueda Bay,29.586443670094013,33.19040494970977,-0.02136295661330223,0.03906369209289551,10.528886273503304,2.3655646,2.6916574223250285,-1.7714157969208786,0.9458744191372193,,2.008131555042897,0.35546822927393995
2025-10-20,Maqueda Bay,29.886013358831406,33.20566420443356,-0.04516739398241043,-0.019531846046447754,10.528886273503304,3.160305,0.0,-1.9068178619830962,-0.7215102101404571,,2.038757303387216,0.39155689344927846
2025-10-21,Maqueda Bay,29.81423382461071,33.211767906323075,-0.08789330720901489,-0.0079348124563694,10.528886273503304,2.1613984,0.0,-1.6837321444324098,-0.7824722746258136,,1.8566681972697912,0.4276455576246171
2025-10-22,Maqueda Bay,29.864040032029152,33.283486403524876,-0.06103701889514923,-0.0006103701889514923,10.528886273503304,2.499347,0.0,-1.6094807591633393,-0.4418087098572268,0.4637342217999556,1.6690186488540824,0.4637342217999556
2025-10-23,Maqueda Bay,29.897000022232533,33.34757527336478,-0.04150517284870148,0.008545182645320892,10.528886273503304,2.6130068,16.710091475151284,-1.3576352554938698,-0.007527712803909494,,1.3576561248784478,0.431121783464486
2025-10-24,Maqueda Bay,29.97390666604042,33.39487896300852,-0.030518509447574615,0.011597033590078354,10.528886273503304,3.0003765,16.710091475151284,-1.2556105174270331,0.3665164343343089,,1.3080107293560392,0.39850934512901637
2025-10-25,Maqueda Bay,29.97317422181368,33.356730826199055,-0.03418073058128357,-0.025025177747011185,10.528886273503304,1.6734549,33.42018295030257,-1.6889284294532243,-0.6289704705560125,,1.8022439048715873,0.36589690679354675
2025-10-26,Maqueda Bay,29.803247161209583,33.43302709981799,-0.06775109097361565,0.022583696991205215,10.528886273503304,1.6532558,42.06784672304965,-2.8526661548703136,0.13285869967298392,,2.855758327523773,0.33328446845807713
2025-10-27,Maqueda Bay,29.894802689552307,33.60545667819679,-0.03234962001442909,0.03906369209289551,10.528886273503304,3.2142735,7.207232109046384,-2.1430042071311655,0.5184299399438499,0.3006720301226075,2.2048212250457087,0.3006720301226075
2025-10-28,Maqueda Bay,30.053743086755276,33.58104187063873,-0.010986663401126862,-0.0317392498254776,10.528886273503304,10.889138,0.0,-0.7507124401119768,-0.22296002704811038,,0.7831221752703549,0.261237433436233
2025-10-29,Maqueda Bay,29.899197354912758,33.46659746021032,-0.04455702379345894,0.0024414807558059692,10.528886273503304,10.863238,17.753052915113127,-0.6599473790031813,0.4277822596408283,,0.7864656411545146,0.22180283674985854
2025-10-30,Maqueda Bay,29.925565347075462,33.54136780835688,-0.010986663401126862,0.0238044373691082,10.528886273503304,4.430476,0.0,-1.373070896827052,1.0418538540976667,,1.723595991237972,0.18236824006348407
2025-10-31,Maqueda Bay,30.07644885778427,33.55204928666353,0.011597033590078354,0.0,10.528886273503304,4.8674197,0.0,-0.7302732053668298,0.7199928634604211,,1.0255187360115272,0.14293364337710956
2025-11-01,Maqueda Bay,30.09695729613304,33.57036039233208,-0.03418073058128357,0.004272591322660446,10.528886273503304,1.3738059,0.0,-1.131851916165629,-0.019777232295705067,0.10349904669073505,1.1320246901216795,0.10349904669073505
2025-11-02,Maqueda Bay,30.116000846028328,33.585619647055864,-0.03662221133708954,-0.04943998530507088,10.528886273503304,3.8870142,0.0,-0.736579263992595,-1.7105128770240456,,1.8623649788934904,0.09155949244504942
2025-11-03,Maqueda Bay,29.890408024191856,33.62376778386533,-0.08545182645320892,-0.06836146116256714,13.885922476649284,3.8870094,86.81900234193111,-3.260264986728467,-3.378016628606187,,4.694712358263015,0.07961993819936378
2025-11-04,Maqueda Bay,29.755638286471367,33.69853813201189,-0.05798516795039177,0.07690664380788803,12.665182039141655,5.1183286,10.852375292741389,-3.0740617546488824,1.6860062951175827,,3.5060623067154815,0.06768038395367815
2025-11-05,Maqueda Bay,29.88381602615118,33.7626270018518,0.048829615116119385,-0.02868739888072014,10.528886273503304,5.1996193,0.0,-0.21727583438891016,0.08102025972747025,,0.23189021259144132,0.05574082970799252
2025-11-06,Maqueda Bay,30.01052887737751,33.70311590842903,-0.017700735479593277,-0.046388134360313416,10.528886273503304,5.181126,0.0,0.24518042833210862,-1.1906166475510687,0.04380127546230688,1.2155992118551502,0.04380127546230688
2025-11-07,Maqueda Bay,29.835474707186222,33.70006405748427,-0.02136295661330223,-0.07873775437474251,10.83407138288021,9.111439,0.0,0.973312925079114,-3.203720909714442,,3.3483078886905835,0.047810538512557565
2025-11-08,Maqueda Bay,29.625263214111328,33.66344184614718,0.008545182645320892,-0.08789330720901489,18.31110656261444,9.11144,61.487869854530054,5.662133052237486,-2.1453406993161663,,6.054934963926745,0.05181980156280824
2025-11-09,Maqueda Bay,29.06640826910734,33.44523450359702,0.021973326802253723,0.025025177747011185,19.53184700012207,12.300027,24.713056880757556,2.3817531813113826,5.31085036371917,,5.8204707543722725,0.05582906461305893
2025-11-10,Maqueda Bay,29.07007049024105,33.47422708757222,0.02136295661330223,0.06653035059571266,17.242958679795265,4.9688134,3.7411261308028396,1.366873561613119,3.0830132320977577,,3.3724344208192982,0.05983832766330961
2025-11-11,Maqueda Bay,29.320566415786743,33.50932337343693,0.022583696991205215,0.03418073058128357,13.27555225789547,7.009234,0.0,0.7772120856568614,0.9280782369047044,0.06384759071356029,1.2105320482776294,0.06384759071356029
2025-11-12,Maqueda Bay,29.559343233704567,33.51542707532644,0.010986663401126862,0.010986663401126862,11.902219265699387,3.8124754,0.0,-0.21215738596781628,0.33214092811299983,,0.3941171812398717,0.06892955158548596
2025-11-13,Maqueda Bay,29.320566415786743,33.512375224381685,-0.035401470959186554,0.01342814415693283,14.648885250091553,1.9754852,20.088957204979867,-1.442581389478095,-0.4228820369368736,,1.5032864937969843,0.07401151245741162
2025-11-14,Maqueda Bay,29.23340555280447,33.500167820602655,-0.03234962001442909,0.022583696991205215,15.411848023533821,1.4850546,41.05306054040583,-2.22019698000219,-0.31436291427876045,,2.2423422289839436,0.07909347332933729
2025-11-15,Maqueda Bay,29.158696241676807,33.547471510246396,-0.030518509447574615,0.019531846046447754,18.768884226679802,1.6483787,17.390942601381177,-3.2740857306891913,-1.0662820836279814,,3.4433406531693325,0.08417543420126296
2025-11-16,Maqueda Bay,29.174810014665127,33.561204839497805,-0.03906369209289551,0.012817773967981339,15.564440578222275,2.9423437,48.54631122759044,-2.845304757197887,-0.8597871997682575,,2.97237164402742,0.08925739507318863
2025-11-17,Maqueda Bay,29.261238433420658,33.58867149800062,-0.032959990203380585,0.0024414807558059692,14.801477804780006,3.7095797,0.0,-2.3993990648688612,-1.1334127789112252,,2.65362778096191,0.09433935594511429
2025-11-18,Maqueda Bay,29.19312112033367,33.59324927441776,-0.03418073058128357,-0.008545182645320892,15.717033132910728,1.9177462,3.404964042698732,-2.3276994766378896,-1.3557537728583855,,2.693743333385728,0.09942131681703996
2025-11-19,Maqueda Bay,29.309579752385616,33.61308630555868,-0.04150517284870148,0.0030518509447574615,14.191107586026192,4.4731917,0.0,-2.6915726707620204,-0.9720091161632785,,2.8617066872580623,0.10450327768896563
2025-11-20,Maqueda Bay,29.226813554763794,33.634449262171984,-0.031128879636526108,-0.004272591322660446,15.564440578222275,1.6155072,0.0,-2.389728804719863,-1.1741477351576164,,2.6625977285507445,0.1095852385608913
2025-11-21,Maqueda Bay,29.263435766100883,33.643604815006256,-0.035401470959186554,-0.007324442267417908,14.801477804780006,1.1161408,18.014219266478367,-2.272384609614561,-1.2071581831543703,,2.5731231399157095,0.11466719943281696
2025-11-22,Maqueda Bay,29.215094447135925,33.66344184614718,-0.03418073058128357,-0.009155552834272385,15.717033132910728,1.4615253,14.407920453588718,-2.665073219886459,-1.6377630899731532,,3.1280797953751738,0.11974916030474263
2025-11-23,Maqueda Bay,29.223883777856827,33.67259739898145,-0.03234962001442909,-0.016479995101690292,15.411848023533821,1.7809902,15.218834931216847,-2.574778001135227,-2.3349199072649642,0.1248311211766683,3.4758211588734174,0.1248311211766683
2025-11-24,Maqueda Bay,28.973387852311134,33.620715932920575,-0.05005035549402237,-0.0048829615116119385,16.63258846104145,1.7504101,40.07759244247882,-3.8952366412665502,-1.3555954782840929,,4.124379661501811,0.13144063828453392
2025-11-25,Maqueda Bay,28.973387852311134,33.66496777161956,-0.02868739888072014,0.05310220643877983,17.39555123448372,1.2135623,27.447476866058487,-2.9580591887718684,1.5265553161615044,,3.3287362913842595,0.13805015539239957
2025-11-26,Maqueda Bay,29.04150516539812,33.70006405748427,-0.005493331700563431,0.0317392498254776,14.648885250091553,4.546144,7.761387990550143,-2.2151799116034123,1.3115848634541065,,2.574349800398778,0.14465967250026518
2025-11-27,Maqueda Bay,29.210699781775475,33.72600479051471,-0.003662221133708954,0.027466658502817154,13.580737367272377,8.348451,4.3820209232160385,-1.7524418647659756,1.0766621005922896,,2.0567580723644316,0.15126918960813082
2025-11-28,Maqueda Bay,29.3601184040308,33.729056641459465,-0.0030518509447574615,0.0012207403779029846,12.665182039141655,4.857145,1.6129948182772562,-0.9143162971314126,0.05516491865309191,,0.9159789623403476,0.15787870671599644
2025-11-29,Maqueda Bay,29.47071748226881,33.73821219429374,-0.0024414807558059692,-0.02929776906967163,12.512589484453201,2.3145802,0.6749259682111842,-0.6262028759114666,-0.8846070235188719,,1.0838171561009309,0.16448822382386208
2025-11-30,Maqueda Bay,29.370372623205185,33.73668626882136,-0.030518509447574615,-0.017700735479593277,14.038515031337738,3.7210968,3.717706144863193,-1.0633255670390325,-1.2866553709537527,,1.669174438194828,0.1710977409317277
2025-12-01,Maqueda Bay,29.4091921672225,33.727530715987086,-0.022583696991205215,-0.017700735479593277,13.885922476649284,3.7204769,0.0,-0.514010542444019,-1.2414551019857738,,1.3436582928669412,0.17770725803959334
2025-12-02,Maqueda Bay,29.480971701443195,33.73516034334898,-0.009765923023223877,-0.03418073058128357,13.428144812583923,2.268425,0.0,-0.16765878541823837,-1.5649895569127825,,1.5739446564520578,0.18431677514745898
2025-12-03,Maqueda Bay,29.44215215742588,33.741264045238495,-0.023194067180156708,-0.038453321903944016,14.496292695403099,1.4393884,0.0,-0.976424967473858,-2.5396065924371114,,2.7208468096268046,0.1909262922553246
2025-12-04,Maqueda Bay,29.24585710465908,33.73210849240422,-0.05066072568297386,-0.04028443247079849,18.61629167199135,1.4278425,76.5876713765931,-1.40378353039883,-4.4103615325310335,,4.628379527204796,0.1975358093631902
2025-12-05,Maqueda Bay,28.875972770154476,33.500167820602655,-0.03662221133708954,-0.09094515815377235,13.73332992196083,1.4282023,51.145625288768485,-0.6026492268404399,-3.740049026321286,,3.7882915423576073,0.20414532647105588
2025-12-06,Maqueda Bay,28.957274079322815,33.547471510246396,-0.036011841148138046,-0.02075258642435074,14.496292695403099,4.538378,29.89390268340455,-1.0647932144974845,-0.8876785590483004,,1.3862747973738658,0.2107548435789215
2025-12-07,Maqueda Bay,28.968993186950684,33.5688344668597,-0.02136295661330223,0.05493331700563431,14.648885250091553,5.5228443,5.444261743542602,-2.3319443848942947,1.0729534372266805,,2.566942479428898,0.2173643606867871
2025-12-08,Maqueda Bay,29.015137173235416,33.62529370933771,-0.009765923023223877,0.024414807558059692,14.95407035946846,4.2879295,0.0,-2.436195539560743,0.1438629756124601,,2.440439563424534,0.22397387779465275
2025-12-09,Maqueda Bay,29.117679364979267,33.65276036784053,-0.01831110566854477,-0.007324442267417908,14.343700140714645,4.2570615,0.0,-1.6666259164646966,-1.504648375832736,,2.2453526850648386,0.2305833949025184
2025-12-10,Maqueda Bay,29.144779801368713,33.66344184614718,-0.025025177747011185,-0.017700735479593277,14.038515031337738,4.36711,7.473475670851138,-2.0179286765684745,-1.5578628815883655,,2.54930831825972,0.237192912010384
2025-12-11,Maqueda Bay,29.103762924671173,33.67870110087097,-0.040894802659749985,0.003662221133708954,15.259255468845367,1.5469093,17.089009043258454,-2.6167077325334303,-1.4680423726709093,,3.000384602923012,0.24380242911824962
2025-12-12,Maqueda Bay,29.083254486322403,33.69090850465,-0.04028443247079849,0.006714072078466415,15.564440578222275,1.49862,49.96499878140638,-2.8991258967075435,-1.4980413073330363,,3.2632895555614416,0.2504119462261153
2025-12-13,Maqueda Bay,29.052491828799248,33.72142701409757,-0.03479110077023506,-0.005493331700563431,17.242958679795265,1.566446,4.9624065700947035,-2.489909891096978,-2.0949761666206363,,3.2540092815619106,0.2570214633339809
2025-12-14,Maqueda Bay,29.0656758248806,33.73821219429374,-0.035401470959186554,-0.021973326802253723,16.022218242287636,2.220349,0.0,-2.021210107000239,-2.2838940032955524,,3.0498298501603824,0.2636309804418465
2025-12-15,Maqueda Bay,29.101565591990948,33.75804922543466,-0.04455702379345894,0.0024414807558059692,15.259255468845367,2.3880737,0.0,-3.183811060198442,-1.8047523961158536,,3.659751914860875,0.27024049754971213
2025-12-16,Maqueda Bay,29.055421605706215,33.7839899584651,-0.031128879636526108,0.017700735479593277,16.785181015729904,1.602005,0.0,-2.7846210637114743,-0.6584077627767203,,2.8614009244686893,0.2768500146575778
2025-12-17,Maqueda Bay,29.079592265188694,33.80840476602316,-0.027466658502817154,-0.01037629321217537,15.717033132910728,1.2912915,0.0,-2.9715877039205805,-1.7082816639225404,,3.4276172081179004,0.2834595317654434
2025-12-18,Maqueda Bay,28.993163846433163,33.82976772263646,-0.04577776417136192,0.0079348124563694,17.09036612510681,0.9293201,12.463725259959604,-3.497620744079902,-1.7797200484947593,,3.9243794822152758,0.29006904887330903
2025-12-19,Maqueda Bay,28.95947141200304,33.849604753777385,-0.03418073058128357,0.019531846046447754,16.022218242287636,0.77440006,64.73312380859562,-3.0284895917853976,-0.4560460723015264,,3.0626340342284015,0.2966785659811747
2025-12-20,Maqueda Bay,28.797601237893105,33.84655290283263,-0.01342814415693283,0.012207403779029846,19.226661890745163,1.1760329,5.383628348601029,-2.3185239256232233,-0.047204599363739275,,2.3190044130808403,0.3032880830890403
2025-12-21,Maqueda Bay,28.720694594085217,33.85113067924976,-0.015259254723787308,0.005493331700563431,18.158514007925987,1.5527864,18.890309253229706,-2.0300695784005747,-0.20821774658480696,0.30989760019690593,2.04071975614986,0.30989760019690593
2025-12-22,Maqueda Bay,28.694326601922512,33.84350105188787,-0.019531846046447754,0.006103701889514923,15.717033132910728,1.376873,7.015060629895937,-1.9381477875219348,-0.20426440671310936,,1.9488819343731498,0.30701865869481176
2025-12-23,Maqueda Bay,28.687002159655094,33.848078828305006,-0.02075258642435074,0.007324442267417908,14.95407035946846,2.12451,18.890309253229706,-1.788312691916931,-0.024893733820893094,,1.7884859468429506,0.30413971719271754
2025-12-24,Maqueda Bay,28.744132809340954,33.86333808302879,-0.02075258642435074,-0.006714072078466415,14.191107586026192,5.3360295,7.015060629895937,-1.8586839983337087,-0.7582833904886572,,2.00741124485063,0.3012607756906234
2025-12-25,Maqueda Bay,28.690664380788803,33.84197512641549,-0.017090365290641785,-0.01342814415693283,13.428144812583923,3.8779976,0.0,-1.2871259032335598,-1.0903930603937677,,1.6869054854762,0.29838183418852915
2025-12-26,Maqueda Bay,28.688467048108578,33.86486400850117,-0.031128879636526108,-0.007324442267417908,15.411848023533821,0.7585504,0.0,-2.7743225270464453,-1.6890788397712797,,3.248053695837011,0.295502892686435
2025-12-27,Maqueda Bay,28.673085719347,33.874019561335444,-0.03234962001442909,0.011597033590078354,15.411848023533821,0.9942458,39.274710331461215,-2.907095818647679,-0.6553536259126841,,2.9800494079453985,0.2926239511843408
2025-12-28,Maqueda Bay,28.68114260584116,33.87096771039069,-0.01892147585749626,0.006714072078466415,14.801477804780006,1.159922,11.388128135610835,-1.7861526836873884,-0.3713129978121565,,1.8243395385146677,0.2897450096822466
2025-12-29,Maqueda Bay,28.7800225764513,33.88927881605923,-0.01831110566854477,0.0079348124563694,14.191107586026192,0.7230703,0.0,-1.473825961868198,0.19349514458518058,,1.4864734564918267,0.2868660681801524
2025-12-30,Maqueda Bay,28.855464331805706,33.85876030661166,-0.014648884534835815,-0.010986663401126862,12.665182039141655,4.0245175,22.77625627122167,-1.2509006533535727,-0.17342369466982877,,1.2628650848104594,0.2839871266780582
2025-12-31,Maqueda Bay,28.88183232396841,33.88012326322496,-0.010986663401126862,-0.009155552834272385,13.27555225789547,3.1656322,0.0,-1.1301195844425225,-0.38066358586821203,,1.1925078786937156,0.28110818517596403
2026-01-01,Maqueda Bay,28.97558518499136,33.884701039642096,-0.014648884534835815,-0.017700735479593277,12.665182039141655,2.5796916,0.0,-0.9008711761159852,-0.8082518799699759,,1.210305737172058,0.2782292436738698
2026-01-02,Maqueda Bay,28.72142703831196,33.84655290283263,-0.02868739888072014,-0.017090365290641785,12.665182039141655,2.551057,0.0,-1.2872594975836082,-1.4301221619843494,,1.9241326389617721,0.27535030217177564
2026-01-03,Maqueda Bay,28.4680013358593,33.76873070374131,-0.05493331700563431,-0.0030518509447574615,15.106662914156914,2.0953243,77.85681500412902,-3.233217011270347,-2.033367841243474,,3.819460304777509,0.2724713606696815
2026-01-04,Maqueda Bay,28.278298281133175,33.79924921318889,-0.04699850454926491,-0.022583696991205215,18.61629167199135,0.9614633,104.2912836148076,-2.394939888905847,-2.5624163280089505,,3.507380006432041,0.26959241916758725
2026-01-05,Maqueda Bay,28.18161564320326,33.77025662921369,-0.03723258152604103,-0.0012207403779029846,16.479995906352997,1.9022007,3.8786526400189607,-1.2047897791843574,-0.34713682241481975,,1.2538031685648872,0.2667134776654931
2026-01-06,Maqueda Bay,28.19406719505787,33.78246403299272,-0.02136295661330223,-0.006103701889514923,15.106662914156914,1.7483476,0.0,-1.1971879308623385,-1.2387414325544195,,1.7227127672741684,0.26383453616339886
2026-01-07,Maqueda Bay,28.220435187220573,33.77330848015845,-0.014648884534835815,-0.014648884534835815,13.122959703207016,4.1759057,18.740831682758945,-0.9452072341574784,-0.831549784865061,,1.2589248429563853,0.2609555946613047
2026-01-08,Maqueda Bay,28.250465400516987,33.812982542440295,-0.027466658502817154,0.007324442267417908,14.801477804780006,1.6858878,6.779864869359451,-2.919111216810033,-1.2321886369380284,,3.168516866470076,0.25807665315921047
2026-01-09,Maqueda Bay,28.160374760627747,33.82824179716408,-0.025025177747011185,0.020142216235399246,16.479995906352997,1.6834971,49.019079932053145,-3.1745484724048048,-0.32132738936073074,,3.1907693891600912,0.2551977116571163
2026-01-10,Maqueda Bay,27.813196197152138,33.40708636678755,-0.025025177747011185,-0.01342814415693283,11.444441601634026,1.4782101,37.48166336551789,-1.004141386371614,0.28540314496353925,,1.0439132526122015,0.25231877015502213
2026-01-11,Maqueda Bay,27.97799614816904,33.634449262171984,-0.030518509447574615,0.009765923023223877,12.05481182038784,2.349132,11.673501234450098,-2.1939109931602294,-0.6103710132324546,,2.2772347748319053,0.2494398286529279
2026-01-12,Maqueda Bay,28.21530807763338,33.835871424525976,-0.02929776906967163,0.009155552834272385,14.648885250091553,1.7789875,0.0,-2.4786981223568048,-0.8785860106394592,,2.6298018480232517,0.24656088715083374
2026-01-13,Maqueda Bay,28.31711782515049,33.849604753777385,-0.028077028691768646,0.0,14.038515031337738,3.0692914,0.0,-1.8801511165493943,-1.2162046673534868,,2.2392235292516776,0.24368194564873955
2026-01-14,Maqueda Bay,28.142796099185944,33.860286232084036,-0.02136295661330223,-0.010986663401126862,16.63258846104145,3.0683105,35.874579603954025,-1.9362157985735258,-2.5542636103037193,,3.2051823987984687,0.24080300414664535
2026-01-15,Maqueda Bay,28.008758805692196,33.85876030661166,-0.02136295661330223,-0.04150517284870148,19.53184700012207,3.067527,43.03643259145147,-0.29597123628785166,-4.028493153026122,,4.039350944977188,0.23792406264455118
2026-01-16,Maqueda Bay,27.664510019123554,33.608508529141545,0.005493331700563431,-0.09033478796482086,11.59703415632248,1.9483224,86.93627545287897,3.055612482803554,-3.5306818193012828,,4.669312771084147,0.23504512114245696
2026-01-17,Maqueda Bay,27.349559001624584,33.32621231675148,0.03418073058128357,-0.06775109097361565,11.291849046945572,3.8286312,33.60271926739249,5.0405248546632775,1.7563962769808312,,5.337772821343222,0.2321661796403628
2026-01-18,Maqueda Bay,27.287301242351532,33.36436045356095,0.019531846046447754,0.006103701889514923,16.785181015729904,3.9828331,0.0,3.344238396689666,0.7546864870682767,,3.428335186013311,0.2292872381382686
2026-01-19,Maqueda Bay,27.387646101415157,33.40708636678755,0.009155552834272385,0.006714072078466415,15.411848023533821,6.0545487,0.0,2.5812610088799337,-1.117278841581391,,2.8126891768926954,0.2264082966361744
2026-01-20,Maqueda Bay,27.49165318161249,33.43455302529037,-0.01037629321217537,0.0006103701889514923,14.648885250091553,11.957807,0.0,1.0337259000112153,-2.539227600758624,0.2235293551340802,2.7415809389489842,0.2235293551340802
2026-01-21,Maqueda Bay,27.394970543682575,33.45744190737605,-0.03662221133708954,-0.005493331700563431,17.39555123448372,2.895376,0.0,-1.1102708796856016,-4.039329670257314,,4.189139005965176,0.20321952923558173
2026-01-22,Maqueda Bay,27.26239813864231,33.48643449135125,-0.04455702379345894,-0.008545182645320892,19.53184700012207,2.0648558,0.0,-1.941218888612341,-4.1745327035950845,,4.603808647944679,0.18290970333708328
2026-01-23,Maqueda Bay,27.136417731642723,33.523056702688336,-0.039674062281847,0.008545182645320892,19.53184700012207,0.94781774,6.930910000603319,-2.6945716988050004,-3.347764978235328,,4.297469835787083,0.1625998774385848
2026-01-24,Maqueda Bay,27.026551097631454,33.56578261591494,-0.029908139258623123,0.012817773967981339,19.53184700012207,1.9695415,0.0,-2.1309164443497592,-3.1860611687357245,,3.8329871723925546,0.14229005154008634
2026-01-25,Maqueda Bay,27.01995909959078,33.60087890177965,-0.024414807558059692,0.009155552834272385,16.327403351664543,3.1061466,19.76481359162455,-2.348895752496167,-3.045077834771925,,3.8457522379781315,0.12198022564158789
2026-01-26,Maqueda Bay,26.89324624836445,33.56425669044256,-0.030518509447574615,0.02929776906967163,14.191107586026192,3.970885,34.06555176953199,-2.8170819053922282,-1.4287560775843955,,3.1586855479649527,0.10167039974308942
2026-01-27,Maqueda Bay,26.966490671038628,33.634449262171984,-0.021973326802253723,0.021973326802253723,16.63258846104145,5.5829034,33.640296853998656,-2.5369010288861555,-1.5708402127591605,,2.9838575375484804,0.08136057384459097
2026-01-28,Maqueda Bay,27.051454201340675,33.68785665370524,-0.025635547935962677,-0.0048829615116119385,15.717033132910728,3.5063877,0.0,-2.189188304245235,-2.8987704225912214,,3.632549434534073,0.0610507479460925
2026-01-29,Maqueda Bay,26.99139377474785,33.72295293956995,-0.02685628831386566,-0.009155552834272385,18.31110656261444,8.706143,0.0,-1.9517604034935743,-2.88744786109133,,3.4852150325577185,0.040740922047594025
2026-01-30,Maqueda Bay,26.951841786503792,33.72447886504233,-0.028077028691768646,-0.01342814415693283,14.343700140714645,8.655232,44.71103565667264,-2.179985132101751,-2.8855492394216125,,3.616452625061102,0.02043109614909558
2026-01-31,Maqueda Bay,26.927671127021313,33.74584182165563,-0.032959990203380585,0.012817773967981339,17.39555123448372,7.338823,62.93634041406774,-2.8359426056921215,-1.394599978161496,,3.1602973850363933,0.00012127025059710528
2026-02-01,Maqueda Bay,26.99652088433504,33.75804922543466,-0.03234962001442909,0.010986663401126862,13.580737367272377,7.327259,0.0,-2.9415361484567364,-1.7085551759978614,,3.4017342197924245,-0.02018855564790137
2026-02-02,Maqueda Bay,26.990661330521107,33.79924921318889,-0.029908139258623123,0.007324442267417908,16.479995906352997,8.393013,51.588129351215976,-2.9556628711691366,-2.188869194596394,,3.6779194334651826,-0.040498381546399814
2026-02-03,Maqueda Bay,27.000915549695492,33.83129364810884,-0.0317392498254776,-0.004272591322660446,16.63258846104145,8.481248,0.0,-3.1394143573256637,-3.097955431173978,,4.410583902446802,-0.06080820744489826
2026-02-04,Maqueda Bay,27.04119998216629,33.85876030661166,-0.029908139258623123,-0.010986663401126862,15.717033132910728,8.254573,9.57623827182752,-2.897610939455643,-3.4275966757051566,-0.08111803334339676,4.488270059583988,-0.08111803334339676
2026-02-05,Maqueda Bay,26.88958402723074,33.800775138661265,-0.035401470959186554,-0.02685628831386566,13.885922476649284,8.254596,38.691096708704976,-3.4300334923367086,-3.5746924320235203,,4.954145308942582,0.0007121443235776348
2026-02-06,Maqueda Bay,26.868343144655228,33.788567734882236,-0.04211554303765297,0.025025177747011185,13.73332992196083,3.9945996,33.543289102533805,-3.459136745009066,0.5470226203369795,,3.5021223233679675,0.08254232199055203
2026-02-07,Maqueda Bay,27.37299721688032,33.835871424525976,0.005493331700563431,0.028077028691768646,10.681478828191757,3.7413414,7.030000485949069,-0.9945694349337147,0.7691213264090261,,1.2572652765592265,0.16437249965752643
2026-02-08,Maqueda Bay,27.32392345368862,33.837397349998355,0.0006103701889514923,0.009155552834272385,11.139256492257118,3.6991494,29.336028381792996,-1.4959596620724203,-0.2979053024746833,,1.5253336945699332,0.24620267732450082
2026-02-09,Maqueda Bay,26.998718217015266,33.874019561335444,-0.04150517284870148,-0.0048829615116119385,18.463699117302895,3.6991494,31.30871686920775,-3.5839566908819833,-2.584130395476164,,4.418424545348889,0.3280328549914753
2026-02-10,Maqueda Bay,26.718924522399902,33.66038999520242,-0.06469924002885818,0.006714072078466415,12.817774593830109,3.5491972,41.92910965247088,-2.9708213501339746,-1.4437621267936565,,3.3030635133426656,0.4098630326584496
2026-02-11,Maqueda Bay,26.797296054661274,33.77178255468607,-0.03662221133708954,0.0048829615116119385,12.207404375076294,9.932705,29.20200570570891,-2.6811385146347186,-1.6585564279345502,,3.1526676258845745,0.491693210325424
2026-02-12,Maqueda Bay,27.017761766910553,33.872493635863066,-0.030518509447574615,-0.009155552834272385,13.580737367272377,10.709609,29.707064070459875,-2.932224920273476,-1.659807947559394,,3.3694072781209043,0.5735233879923984
2026-02-13,Maqueda Bay,27.1027252972126,33.90758992172778,-0.029908139258623123,0.008545182645320892,14.038515031337738,5.2272296,45.32551946215182,-3.005577657669427,-1.02712391058658,,3.1762368589228838,0.6553535656593729
2026-02-14,Maqueda Bay,27.20453504472971,33.9274269528687,-0.02685628831386566,0.012817773967981339,12.970367148518562,2.5651364,12.821800308110344,-3.2051036237629993,-0.6284110602048415,0.7371837433263472,3.266127630642514,0.7371837433263472
2026-02-15,Maqueda Bay,27.333445228636265,33.96404916420579,-0.027466658502817154,0.005493331700563431,13.73332992196083,1.8769193,0.0,-3.0585667650188624,-0.9850392431193005,,3.2132744928752963,0.7096744461979135
2026-02-16,Maqueda Bay,27.422803424298763,33.9777824934572,-0.03906369209289551,-0.0024414807558059692,13.122959703207016,1.0856036,0.0,-3.1700565770925424,-1.2029638419707425,,3.3906313139379654,0.6821651490694798
2026-02-17,Maqueda Bay,27.427930533885956,34.005249151960015,-0.04516739398241043,-0.01037629321217537,14.496292695403099,13.731914,0.0,-3.2381731593445373,-2.3844190316717464,,4.021345487333538,0.6546558519410461
2026-02-18,Maqueda Bay,27.351023890078068,34.02508618310094,-0.051881466060876846,-0.016479995101690292,16.327403351664543,11.786782,4.126877799378378,-3.679829129985734,-3.0805128533243264,,4.799031346572759,0.6271465548126125
2026-02-19,Maqueda Bay,27.232367925345898,34.04492321424186,-0.046388134360313416,0.0030518509447574615,19.53184700012207,11.716133,10.631515964384999,-3.778431621198276,-2.4273500781365698,,4.4909435442789345,0.5996372576841789
2026-02-20,Maqueda Bay,27.195013269782066,34.066286170855165,-0.02929776906967163,-0.005493331700563431,17.09036612510681,12.453159,17.625252235869656,-3.10376045956007,-2.2479056647666176,,3.8322850713403858,0.5721279605557451
2026-02-21,Maqueda Bay,27.23749503493309,34.06933802179992,-0.032959990203380585,-0.014038514345884323,14.343700140714645,10.769486,12.928793696214527,-3.040253516971883,-2.31754836997761,,3.8228486622734335,0.5446186634273115
2026-02-22,Maqueda Bay,27.087343968451023,34.01135285384953,-0.03234962001442909,-0.0012207403779029846,14.648885250091553,1.8689032,34.04220998268889,-2.5720847187217344,-1.4778070918937856,,2.966400782283714,0.5171093662988778
2026-02-23,Maqueda Bay,27.05731375515461,34.017456555739045,-0.023194067180156708,0.006714072078466415,14.648885250091553,1.8692307,17.227504903087233,-3.0049842880735,-1.0183199841757558,,3.1728388174851103,0.48960006917044413
2026-02-24,Maqueda Bay,27.259468361735344,34.05102691613138,-0.02685628831386566,0.01037629321217537,13.122959703207016,1.366759,9.92694692128265,-2.8693839703289328,-1.0763771727716624,,3.0646292087697242,0.46209077204201043
2026-02-25,Maqueda Bay,27.452101193368435,34.05865654349327,-0.02075258642435074,-0.016479995101690292,12.512589484453201,1.847942,1.7858233213790915,-1.691865507118504,-1.8875666513176008,,2.5348208531065257,0.4345814749135768
2026-02-26,Maqueda Bay,27.446974083781242,34.06781209632754,-0.012817773967981339,-0.03723258152604103,13.580737367272377,4.850284,0.0,-0.9713211423561953,-1.9120790454977346,,2.1446470660273387,0.4070721777851431
2026-02-27,Maqueda Bay,27.66743979603052,34.07391579821706,-0.004272591322660446,-0.03418073058128357,11.902219265699387,1.3515978,0.0,-0.6612311575832408,-1.471652215453728,,1.6133774781521957,0.37956288065670946
2026-02-28,Maqueda Bay,27.710654005408287,34.07238987274468,-0.0158696249127388,-0.03357036039233208,12.05481182038784,20.942873,0.0,-1.3503776517001378,-1.840279609414168,,2.2825750465289727,0.35205358352827576
2026-03-01,Maqueda Bay,27.790490426123142,34.07544172368944,-0.04211554303765297,0.0012207403779029846,12.970367148518562,6.2221446,0.0,-2.4979014182109673,-1.3689767302778266,0.3245442863998421,2.848439710287464,0.3245442863998421
2026-03-02,Maqueda Bay,27.799279756844044,34.07238987274468,-0.027466658502817154,-0.0079348124563694,13.27555225789547,1.6110624,0.0,-1.89544900809639,-1.7164793950041635,,2.557152411524868,0.31797353440439274
2026-03-03,Maqueda Bay,27.854213073849678,34.08764912746847,-0.025025177747011185,-0.01831110566854477,13.885922476649284,1.1722245,0.0,-1.850308864575779,-2.0722706380863793,,2.778119596382171,0.31140278240894337
2026-03-04,Maqueda Bay,27.862269960343838,34.09527875483036,-0.030518509447574615,-0.0238044373691082,14.343700140714645,2.589124,0.0,-1.8291933292517326,-2.2435610316230177,,2.8947390795020502,0.30483203041349394
2026-03-05,Maqueda Bay,28.013153471052647,34.10748615860939,-0.024414807558059692,-0.01342814415693283,13.885922476649284,7.9697623,0.0,-1.8698887963096635,-1.2737895446503014,,2.2625260030825776,0.29826127841804456
2026-03-06,Maqueda Bay,28.123020105063915,34.115115785971284,-0.019531846046447754,-0.02136295661330223,13.580737367272377,2.9881527,0.0,-1.9253199708363131,-1.8416291547851151,0.2916905264225952,2.6642925766243617,0.2916905264225952
2026-03-07,Maqueda Bay,28.061494790017605,34.11816763691604,-0.03784295171499252,-0.022583696991205215,13.885922476649284,2.3217914,0.0,-2.435458598028272,-2.497863499523493,,3.488664593359698,0.28612034020623167
2026-03-08,Maqueda Bay,27.923062831163406,34.11969356238842,-0.059205908328294754,0.001831110566854477,16.63258846104145,2.316212,57.600369671705856,-3.5830168617726956,-2.495584915314728,,4.366457820853634,0.2805501539898681
2026-03-09,Maqueda Bay,27.758262880146503,34.127323189750314,-0.04455702379345894,-0.0158696249127388,19.53184700012207,2.3147023,63.95055799586798,-2.878047936413681,-3.036539966579361,,4.183746513942836,0.2749799677735046
2026-03-10,Maqueda Bay,27.693807788193226,34.14410836994648,-0.036011841148138046,-0.02868739888072014,18.158514007925987,5.2144723,1.9718144588206767,-2.1174621819828308,-3.207339880013296,,3.843263612875286,0.269409781557141
2026-03-11,Maqueda Bay,27.70332956314087,34.162419475615025,-0.031128879636526108,-0.025635547935962677,16.17481079697609,5.24128,0.0,-2.017705270550384,-2.8164788786278394,0.2638395953407775,3.4646338670288856,0.2638395953407775
2026-03-12,Maqueda Bay,27.72823266685009,34.18073058128357,-0.028077028691768646,-0.02075258642435074,15.564440578222275,5.562963,0.0,-2.2288113641290326,-2.923961886713243,,3.676568129631544,0.2306254023827788
2026-03-13,Maqueda Bay,27.530472725629807,34.197515761479735,-0.02868739888072014,-0.03723258152604103,19.53184700012207,2.8374913,0.0,-2.1397772785434506,-4.457376779294481,,4.944376053089456,0.19741120942478008
2026-03-14,Maqueda Bay,27.292428351938725,34.22498241998255,-0.028077028691768646,-0.035401470959186554,19.53184700012207,4.3012686,0.0,-2.3178763263663047,-3.481411476639492,,4.182436674237462,0.16419701646678136
2026-03-15,Maqueda Bay,27.13861506432295,34.246345376595855,-0.02075258642435074,-0.009765923023223877,19.53184700012207,2.2880652,0.0,-2.0105913444453325,-2.750996558422757,,3.4074124521126503,0.13098282350878265
2026-03-16,Maqueda Bay,27.137882620096207,34.26770833320916,-0.017090365290641785,0.0079348124563694,16.63258846104145,4.8203845,0.0,-1.8565560856549683,-1.7612451873479023,0.09776863055078393,2.559059418837055,0.09776863055078393
2026-03-17,Maqueda Bay,27.27045502513647,34.27533796057105,-0.025025177747011185,0.029908139258623123,14.648885250091553,4.061256,0.0,-2.5314351982045142,-0.9948925589888218,,2.719921941277002,0.10830902523397838
2026-03-18,Maqueda Bay,27.31952878832817,34.282967587932944,-0.019531846046447754,0.025025177747011185,14.496292695403099,0.951226,0.0,-2.244427759469292,-1.3757773667361124,,2.632530974233674,0.11884941991717284
2026-03-19,Maqueda Bay,27.42207098007202,34.29059721529484,-0.0158696249127388,0.0030518509447574615,14.648885250091553,3.4183362,0.0,-2.2177407088145147,-1.9388518110230086,,2.9457630924160054,0.1293898146003673
2026-03-20,Maqueda Bay,27.382518991827965,34.29059721529484,-0.01892147585749626,0.005493331700563431,14.801477804780006,1.1257792,0.0,-2.241566225256385,-1.5462168103697669,,2.7231242290575386,0.13993020928356176
2026-03-21,Maqueda Bay,27.397900320589542,34.29822684265673,-0.02136295661330223,0.001831110566854477,15.259255468845367,3.07558,0.0,-2.6434533163410294,-1.7198698981392209,,3.153695911498095,0.1504706039667562
2026-03-22,Maqueda Bay,27.39277321100235,34.30280461907387,-0.0238044373691082,0.006714072078466415,15.564440578222275,2.0311792,0.0,-2.7446056569391373,-1.7640520292223951,,3.2626277406265585,0.16101099864995067
2026-03-23,Maqueda Bay,27.485793627798557,34.31043424643576,-0.016479995101690292,-0.015259254723787308,14.648885250091553,0.9216922,0.0,-1.67454120332687,-2.229224755193024,0.17155139333314512,2.7881053155870563,0.17155139333314512
2026-03-24,Maqueda Bay,27.5934629291296,34.316537948325276,-0.0079348124563694,-0.02685628831386566,12.817774593830109,1.3012041,0.0,-0.9585439742023569,-1.5382394927112502,,1.8124533890327257,0.18356600416826357
2026-03-25,Maqueda Bay,27.90841394662857,34.31196017190814,-0.016479995101690292,0.004272591322660446,11.444441601634026,3.933081,0.0,-1.9791706958136475,-0.6928924772996935,,2.096954131178358,0.19558061500338203
2026-03-26,Maqueda Bay,27.8388317450881,34.31348609738052,-0.02929776906967163,0.012207403779029846,13.122959703207016,1.7565098,0.0,-2.27190802862865,-1.095202378860261,,2.5221091057304585,0.2075952258385005
2026-03-27,Maqueda Bay,27.843958854675293,34.32416757568717,-0.012207403779029846,-0.012817773967981339,14.038515031337738,1.5335374,0.0,-1.5877669534485426,-1.37862245671457,,2.1027609889431047,0.21960983667361897
2026-03-28,Maqueda Bay,28.00289925187826,34.330271277576685,-0.008545182645320892,-0.010986663401126862,13.27555225789547,8.231709,0.0,-1.5947158250978413,-1.0093897199409154,,1.8873224868950957,0.23162444750873742
2026-03-29,Maqueda Bay,27.967741928994656,34.328745352104306,-0.029908139258623123,0.0012207403779029846,13.73332992196083,1.267551,0.0,-2.3192255557779156,-0.8050379741763389,,2.454973180798382,0.2436390583438559
2026-03-30,Maqueda Bay,27.903286837041378,34.32721942663193,-0.039674062281847,0.012207403779029846,14.496292695403099,3.6410732,0.0,-2.7269328777906,-0.7491059956279834,,2.8279538031341875,0.25565366917897436
2026-03-31,Maqueda Bay,27.978728592395782,34.3363749794662,-0.03418073058128357,0.010986663401126862,14.038515031337738,1.3131983,0.0,-2.3760045592130665,-0.6948563485922192,0.2676682800140928,2.4755247949839223,0.2676682800140928
2026-04-01,Maqueda Bay,28.134006768465042,34.34553053230047,-0.014038514345884323,-0.011597033590078354,12.970367148518562,6.98546,0.0,-1.5701136607965973,-0.714081304543253,,1.7248678260429946,0.23555762327190183
2026-04-02,Maqueda Bay,28.209448523819447,34.34400460682809,-0.040894802659749985,-0.0030518509447574615,12.665182039141655,3.2121418,0.0,-2.2480076808555443,-0.7745544356606952,0.20344696652971087,2.377703326108449,0.20344696652971087
2026-04-03,Maqueda Bay,28.224097408354282,34.35163423418999,-0.04150517284870148,0.0,12.970367148518562,1.5274211,0.0,-1.9743842296044767,-0.7020915547804025,,2.095501285469619,0.1728113848332663
2026-04-04,Maqueda Bay,28.602038629353046,34.35621201060712,-0.0158696249127388,0.001831110566854477,10.681478828191757,3.9980447,0.0,-1.5199996851393924,-0.09800820621951804,,1.5231561480393991,0.14217580313682174
2026-04-05,Maqueda Bay,28.454817339777946,34.35926386155188,-0.04821924492716789,0.019531846046447754,12.05481182038784,4.27891,0.0,-2.6833639260553306,-0.10347207629138834,0.11154022144037717,2.6853581567878666,0.11154022144037717
2026-04-06,Maqueda Bay,28.40354624390602,34.365367563441396,-0.04455702379345894,0.016479995101690292,12.359996929764748,3.6115513,0.0,-2.5809633368931295,-0.3823451808043973,,2.6091300434571796,0.1277104007527054
2026-04-07,Maqueda Bay,28.61961729079485,34.366893488913774,-0.038453321903944016,-0.015259254723787308,10.83407138288021,4.687048,0.0,-1.8745709790754357,-0.6582505110101095,,1.9867838560942928,0.1438805800650336
2026-04-08,Maqueda Bay,28.506820879876614,34.36994533985853,-0.06286812946200371,-0.005493331700563431,11.291849046945572,1.4331619,0.0,-2.236292442037285,-1.1513135707474318,,2.515258798712428,0.16005075937736182
2026-04-09,Maqueda Bay,28.510483101010323,34.37604904174805,-0.051271095871925354,0.0024414807558059692,10.986663937568665,4.495079,0.0,-2.587361275764681,-0.7604149751188696,,2.696788702459217,0.17622093868969002
2026-04-10,Maqueda Bay,28.724356815218925,34.38520459458232,-0.007324442267417908,-0.028077028691768646,11.749626711010933,4.8892865,0.0,-1.4093581403611024,-0.8464834243819164,0.19239111800201825,1.6440269327342056,0.19239111800201825
2026-04-11,Maqueda Bay,28.799066126346588,34.39283422194421,-0.012207403779029846,-0.027466658502817154,12.970367148518562,3.8151095,0.0,-1.1357001890796228,-1.083345398940184,,1.5695388408320317,0.20195146894334617
2026-04-12,Maqueda Bay,28.897213652729988,34.40046384930611,-0.011597033590078354,-0.022583696991205215,12.207404375076294,7.516182,0.0,-1.361898667172187,-0.9224141938851477,,1.6448756563114935,0.2115118198846741
2026-04-13,Maqueda Bay,28.964598521590233,34.39893792383373,-0.02136295661330223,-0.028077028691768646,12.817774593830109,1.1305164,0.0,-1.2854968826205744,-1.617146516973086,,2.065832784275,0.22107217082600203
2026-04-14,Maqueda Bay,28.908932760357857,34.40656755119562,-0.0158696249127388,-0.027466658502817154,14.038515031337738,3.3069117,0.0,-0.9969247011428759,-1.6400096813297238,,1.919242198005253,0.23063252176732996
2026-04-15,Maqueda Bay,28.99243140220642,34.412671253085136,-0.004272591322660446,-0.017700735479593277,13.580737367272377,3.6191208,0.0,-1.1952082482538675,-1.4020088954157237,0.24019287270865788,1.8423223657978254,0.24019287270865788
2026-04-16,Maqueda Bay,29.06201360374689,34.42030088044703,0.0,-0.015259254723787308,13.580737367272377,5.009456,0.0,-1.1888442129744539,-1.424292981617848,,1.8552522901774595,0.22373168356574888
2026-04-17,Maqueda Bay,29.086916707456112,34.427930507808924,-0.006714072078466415,-0.01342814415693283,14.038515031337738,3.140939,0.0,-0.9377631866565767,-1.318314265180685,,1.6178233203991055,0.20727049442283987
2026-04-18,Maqueda Bay,29.13452558219433,34.43556013517082,-0.0006103701889514923,-0.014648884534835815,14.038515031337738,3.9786663,0.0,-0.6844032544418487,-0.9938450461137626,,1.2067045165969426,0.19080930527993087
2026-04-19,Maqueda Bay,29.239997550845146,34.438611986115575,-0.001831110566854477,-0.0030518509447574615,13.27555225789547,2.5989249,0.0,-1.1829231006683278,-0.6188923962651556,,1.3350411455268325,0.17434811613702186
2026-04-20,Maqueda Bay,29.202642895281315,34.437086060643196,-0.03662221133708954,0.0048829615116119385,13.885922476649284,2.5867043,0.0,-2.1427111176018756,-0.9076489852045745,0.15788692699411286,2.32702333762203,0.15788692699411286
2026-04-21,Maqueda Bay,28.993896290659904,34.437086060643196,-0.040894802659749985,0.01342814415693283,15.411848023533821,3.5334446,0.0,-3.094550175811649,-0.9861339247309135,,3.247876368971132,0.1909209167142772
2026-04-22,Maqueda Bay,29.01293984055519,34.44166383706033,-0.030518509447574615,0.017090365290641785,14.496292695403099,2.692974,0.0,-2.6107517673925225,-0.10377072108436385,0.22395490643444155,2.612813264184325,0.22395490643444155
2026-04-23,Maqueda Bay,29.029786057770252,34.43556013517082,-0.02868739888072014,0.021973326802253723,13.73332992196083,4.7243924,0.0,-2.411125883309732,0.5121464545286583,,2.4649182574788178,0.22763147409768697
2026-04-24,Maqueda Bay,29.10229803621769,34.43556013517082,-0.029908139258623123,0.022583696991205215,13.73332992196083,2.9627845,0.0,-2.5044680639390404,0.18968080975741033,,2.511640717316231,0.23130804176093242
2026-04-25,Maqueda Bay,29.063478492200375,34.437086060643196,-0.04150517284870148,0.006103701889514923,14.038515031337738,4.152608,0.0,-3.2319620943766645,-0.5087068944537801,0.23498460942417784,3.2717520816761785,0.23498460942417784
2026-04-26,Maqueda Bay,29.080324709415436,34.427930507808924,-0.043336283415555954,0.005493331700563431,14.191107586026192,3.6075993,0.0,-2.883476626342026,-0.27504064990024946,,2.896564312035613,0.23874237736413767
2026-04-27,Maqueda Bay,28.988769181072712,34.41724902950227,-0.032959990203380585,0.0158696249127388,14.648885250091553,0.91280603,0.0,-2.920587351164633,-0.029747105693244257,,2.9207388390747937,0.24250014530409747
2026-04-28,Maqueda Bay,29.087649151682854,34.427930507808924,-0.029908139258623123,0.0158696249127388,14.343700140714645,0.86377716,0.0,-3.0039796020308276,-0.09464254360897233,,3.005470123038668,0.2462579132440573
2026-04-29,Maqueda Bay,29.19238867610693,34.43250828422606,-0.03723258152604103,-0.008545182645320892,14.038515031337738,3.2637436,0.0,-2.7292462651804983,-0.9506419952610488,,2.8900701339510095,0.2500156811840171
2026-04-30,Maqueda Bay,29.157231353223324,34.43250828422606,-0.0476088747382164,0.0024414807558059692,14.038515031337738,2.791454,28.190249966036887,-2.8847761058110195,-0.6853878596438907,,2.9650783630125908,0.2537734491239769
2026-05-01,Maqueda Bay,29.260505989193916,34.43556013517082,-0.05066072568297386,0.0024414807558059692,12.970367148518562,1.387937,5.334750809794014,-2.975450711389201,-0.7190147007753367,,3.0610927911184835,0.2575312170639368
2026-05-02,Maqueda Bay,29.15576646476984,34.424878656864166,-0.04455702379345894,-0.0012207403779029846,14.038515031337738,1.395722,18.34088083492812,-2.4229298699379074,-0.5359092259723205,,2.4814890394921307,0.2612889850038966
2026-05-03,Maqueda Bay,29.152836687862873,34.42335273139179,-0.032959990203380585,0.01342814415693283,13.885922476649284,3.6960783,7.597597744790821,-2.4055460534587025,0.07731568344485445,,2.406788218813048,0.2650467529438564
2026-05-04,Maqueda Bay,29.38502150774002,34.438611986115575,-0.039674062281847,-0.009155552834272385,13.428144812583923,3.9014452,2.3651362278494417,-2.3139481499637453,-0.7502505288269466,,2.432536103889468,0.26880452088381623
2026-05-05,Maqueda Bay,29.32276374846697,34.43556013517082,-0.048829615116119385,0.01037629321217537,12.970367148518562,1.909531,5.030991117708877,-2.5579196044029486,-0.6968439338186438,0.27256228882377603,2.6511401642856947,0.27256228882377603
2026-05-06,Maqueda Bay,29.448011711239815,34.44318976253271,-0.06103701889514923,-0.009765923023223877,11.59703415632248,4.7345233,0.0,-2.6707991319327995,-1.0762183304129176,,2.879481532819713,0.3329020563644317
2026-05-07,Maqueda Bay,29.29126864671707,34.437086060643196,-0.06591998040676117,0.019531846046447754,12.05481182038784,1.127702,0.0,-3.0960663850921137,-0.6049875961765468,,3.1546215386991867,0.3932418239050874
2026-05-08,Maqueda Bay,29.377697065472603,34.43556013517082,-0.06103701889514923,0.010986663401126862,10.986663937568665,3.7415466,0.0,-2.611544294637252,-0.40414758124724953,,2.642631050729629,0.45358159144574306
2026-05-09,Maqueda Bay,29.3022553101182,34.43556013517082,-0.06164738908410072,-0.0012207403779029846,11.291849046945572,3.7414896,12.2884554137832,-2.667756951072785,-1.2933991499989126,,2.964761122116767,0.5139213589863987
2026-05-10,Maqueda Bay,29.40479750186205,34.44166383706033,-0.07080294191837311,-0.003662221133708954,10.986663937568665,1.0317003,0.0,-2.2780641536113833,-1.5356551911249112,0.5742611265270544,2.7473283666132877,0.5742611265270544
2026-05-11,Maqueda Bay,29.510269470512867,34.44166383706033,-0.04577776417136192,-0.0476088747382164,10.528886273503304,1.8552402,0.0,-0.7133455195422078,-1.8010388229164316,,1.9371635635390079,0.3817801626878742
2026-05-12,Maqueda Bay,29.82668537646532,34.45692309178412,-0.009765923023223877,-0.05066072568297386,10.528886273503304,3.7389793,0.0,0.3726770670576376,-0.6603613908256004,0.189299198848694,0.7582647049703714,0.189299198848694
2026-05-13,Maqueda Bay,30.184850603342056,34.48438975028694,0.0030518509447574615,-0.02929776906967163,10.528886273503304,7.4843483,0.0,0.3580871131513903,-0.0892124578523944,,0.3690328484581852,0.1809484916016034
2026-05-14,Maqueda Bay,30.369426548480988,34.50422678142786,0.020142216235399246,-0.01037629321217537,10.528886273503304,4.032804,0.0,0.13860583226993947,-0.06299824894629787,,0.1522509642318968,0.17259778435451278
2026-05-15,Maqueda Bay,30.565721601247787,34.521011961624026,-0.006103701889514923,0.004272591322660446,10.528886273503304,1.5096363,0.0,-0.9356981612759683,-0.30767801940731626,0.16424707710742217,0.9849856915923382,0.16424707710742217
2026-05-16,Maqueda Bay,30.54228338599205,34.53169343993068,-0.015259254723787308,-0.006714072078466415,10.528886273503304,1.0515658,0.0,-0.8357574729223336,-0.7378987724732669,,1.1148924396384967,0.24526704039063596
2026-05-17,Maqueda Bay,30.549607828259468,34.53779714182019,-0.036011841148138046,-0.016479995101690292,10.528886273503304,0.69802505,0.0,-0.7301340545235775,-0.49272481249152406,,0.8808368057817781,0.3262870036738498
2026-05-18,Maqueda Bay,30.692434452474117,34.5301675144583,-0.02685628831386566,-0.02075258642435074,10.528886273503304,4.277525,22.229757178580524,-0.3899590778983154,-0.24566530774648435,,0.460889928144974,0.40730696695706353
2026-05-19,Maqueda Bay,30.707815781235695,34.50270085595548,-0.024414807558059692,0.010986663401126862,10.528886273503304,4.773417,12.852975521585726,-0.55051665327439,0.31679616929127447,,0.6351601360366226,0.4883269302402773
2026-05-20,Maqueda Bay,30.35843988507986,34.499649005010724,-0.051881466060876846,0.04516739398241043,10.528886273503304,2.4977434,0.0,-1.9554460118933767,0.409876460352412,0.5693468935234911,1.997940894566387,0.5693468935234911
2026-05-21,Maqueda Bay,30.116000846028328,34.48438975028694,-0.059205908328294754,0.024414807558059692,10.528886273503304,3.4891903,0.0,-2.246286189435872,-0.5332406147204869,,2.308711155176804,0.5010292287629152
2026-05-22,Maqueda Bay,29.927762679755688,34.45692309178412,-0.07446516305208206,0.0024414807558059692,10.528886273503304,1.6055256,2.1524152858282926,-2.150211326013708,-0.5567535105089907,,2.221122062828091,0.43271156400233934
2026-05-23,Maqueda Bay,29.749778732657433,34.426404582336545,-0.05371257662773132,0.01342814415693283,10.528886273503304,1.4063541,26.538142489947475,-1.7301270518323997,-0.1968511516350975,,1.7412897494048298,0.3643938992417635
2026-05-24,Maqueda Bay,29.810571603477,34.44776753894985,-0.05249183624982834,0.01342814415693283,10.528886273503304,1.4345188,0.0,-1.9418096822310402,-0.054298215829554596,,1.9425686958891535,0.29607623448118764
2026-05-25,Maqueda Bay,30.0559404194355,34.45997494272888,-0.031128879636526108,-0.009155552834272385,10.528886273503304,1.6937574,0.0,-1.4383808692863815,-0.0955621485778781,0.22775856972061176,1.4415518198697774,0.22775856972061176
2026-05-26,Maqueda Bay,30.278603464365005,34.45539716631174,-0.028077028691768646,0.0024414807558059692,10.528886273503304,1.8229141,11.699017508604925,-0.9872117739178813,0.20797868685888268,,1.0088816683584032,0.22184522701768142
2026-05-27,Maqueda Bay,30.28519546240568,34.43250828422606,-0.0024414807558059692,-0.003662221133708954,10.528886273503304,1.5961138,8.214110440372872,-0.2562214402969794,0.09581344585414378,,0.27355007379692575,0.2159318843147511
2026-05-28,Maqueda Bay,30.44413585960865,34.449293464422226,0.036011841148138046,-0.054322946816682816,10.528886273503304,3.6026278,3.544994192006218,1.3286850032224877,-0.25625145796082205,,1.3531698516798951,0.21001854161182076
2026-05-29,Maqueda Bay,30.523239836096764,34.45692309178412,0.04211554303765297,-0.039674062281847,10.528886273503304,3.599754,8.578269497040779,3.306469589475194,0.22328472323905688,,3.3140001831255534,0.20410519890889042
2026-05-30,Maqueda Bay,30.46903896331787,34.45387124083936,0.0555436871945858,-0.0158696249127388,11.749626711010933,3.6016505,6.745095507157379,4.055641018451239,1.346750451055741,,4.273401554729329,0.19819185620596008
2026-05-31,Maqueda Bay,30.48954740166664,34.45387124083936,0.0317392498254776,0.021973326802253723,11.902219265699387,3.7940123,15.713056174657677,2.3530160150978685,1.5701190546420132,,2.828773269998319,0.19227851350302977
2026-06-01,Maqueda Bay,30.675588235259056,34.43403420969844,0.03662221133708954,0.02624591812491417,10.528886273503304,3.8189461,16.290474521033406,0.9962280962616628,1.2397942960255541,0.18636517080009943,1.5904591526470073,0.18636517080009943
2026-06-02,Maqueda Bay,30.659474462270737,34.42030088044703,0.014648884534835815,0.022583696991205215,10.528886273503304,1.5170431,27.788654186758578,0.15346824194614034,0.8305467990984199,,0.8446067053834406,0.18318369896711603
2026-06-03,Maqueda Bay,30.699758894741535,34.40046384930611,0.007324442267417908,0.04028443247079849,11.291849046945572,2.8486278,17.456586480323804,0.01023457161925971,1.0638415478638588,,1.0638907770150094,0.1800022271341326
2026-06-04,Maqueda Bay,30.638233579695225,34.44624161347747,0.029908139258623123,0.006103701889514923,13.122959703207016,4.914187,1.0845597748932199,0.33292572538584897,0.7086351245868024,0.1768207553011492,0.7829452588922463,0.1768207553011492
2026-06-05,Maqueda Bay,30.805230863392353,34.43556013517082,-0.0006103701889514923,0.04211554303765297,12.05481182038784,4.914187,5.3056222641706094,-0.23969633752467698,0.9160099036701952,,0.9468518774574111,0.22027470670279123
2026-06-06,Maqueda Bay,30.898983724415302,34.437086060643196,-0.005493331700563431,0.02624591812491417,11.291849046945572,5.8962483,11.225247154587425,-0.7448912601844936,0.8201034156208498,,1.107895573514141,0.26372865810443324
2026-06-07,Maqueda Bay,30.778130427002907,34.46455271914601,-0.01342814415693283,0.05005035549402237,11.59703415632248,4.18261,4.491895429549678,-1.5138300098314126,1.411480012102677,,2.069772239458136,0.3071826095060753
2026-06-08,Maqueda Bay,30.765678875148296,34.473708271980286,0.014648884534835815,0.025025177747011185,11.444441601634026,2.622882,0.0,-0.896346464376526,1.5015864850684897,,1.7487706986167857,0.35063656090771733
2026-06-09,Maqueda Bay,30.81987974792719,34.46913049556315,0.03784295171499252,0.005493331700563431,10.528886273503304,2.5782719,0.0,0.08905469006615457,1.1313232330728467,0.3940905123093593,1.1348228916941963,0.3940905123093593
2026-06-10,Maqueda Bay,31.04107790440321,34.46913049556315,0.02075258642435074,-0.0024414807558059692,10.528886273503304,5.0126896,0.0,0.10615148482700466,0.5094193043412095,,0.5203615717618468,0.3356482036253107
2026-06-11,Maqueda Bay,31.16339609026909,34.389782370999455,-0.01892147585749626,-0.0079348124563694,10.528886273503304,0.8939145,7.673120085544849,-0.21809842523555154,0.3604301081132849,,0.4212799377193053,0.2772058949412622
2026-06-12,Maqueda Bay,31.185369417071342,34.408093476668,-0.030518509447574615,0.024414807558059692,10.528886273503304,4.1278186,0.0,-1.083117822799285,0.39363545789397597,,1.1524292133475547,0.2187635862572136
2026-06-13,Maqueda Bay,30.96783348172903,34.3867305200547,-0.022583696991205215,0.05615405738353729,10.528886273503304,1.0484854,1.9466294670983941,-1.3086269864632838,0.9698951734675584,,1.6288650150382753,0.16032127757316503
2026-06-14,Maqueda Bay,30.929746381938457,34.38215274363756,0.016479995101690292,0.0079348124563694,10.528886273503304,4.500934,4.126094484109482,-0.5488001602679359,0.45837114235042353,0.10187896888911646,0.7150424603124939,0.10187896888911646
2026-06-15,Maqueda Bay,31.11871699243784,34.40961940214038,-0.039674062281847,0.006714072078466415,10.528886273503304,4.6525054,0.0,-0.9785045382523364,0.43921265163808604,,1.0725571708488908,0.11523644773245376
2026-06-16,Maqueda Bay,31.02423168718815,34.44318976253271,-0.043946653604507446,0.027466658502817154,10.528886273503304,2.8093827,0.0,-1.7310869512435845,0.4371504946034956,,1.7854306448859583,0.12859392657579105
2026-06-17,Maqueda Bay,30.863093957304955,34.45234531536698,-0.051271095871925354,0.011597033590078354,10.528886273503304,0.918622,11.265179157989547,-1.778384544297328,-0.018980694238688027,,1.7784858318663654,0.14195140541912832
2026-06-18,Maqueda Bay,30.699026450514793,34.475234197452664,-0.048829615116119385,0.0012207403779029846,10.528886273503304,2.06102,0.0,-1.9237887157572922,-0.19409248194672366,,1.9335549938968197,0.1553088842624656
2026-06-19,Maqueda Bay,30.650685131549835,34.401989774778485,-0.04150517284870148,-0.028077028691768646,10.528886273503304,3.7700417,7.480025884742561,-0.6216603849502456,-0.7433531701422922,0.1686663631058029,0.9690384769332346,0.1686663631058029
2026-06-20,Maqueda Bay,30.809625528752804,34.4294564332813,-0.027466658502817154,-0.03418073058128357,10.528886273503304,3.3585823,0.0,-0.45681439983078675,-0.28528084916267543,,0.5385764187111604,0.1937537611095167
2026-06-21,Maqueda Bay,30.90264594554901,34.36231571249664,0.028077028691768646,-0.05371257662773132,10.528886273503304,2.5900047,5.473110234865577,1.4379526224993504,0.15931633671813847,0.21884115911323052,1.4467513399676002,0.21884115911323052
2026-06-22,Maqueda Bay,30.638966023921967,34.36078978702426,0.06408886983990669,-0.0079348124563694,10.986663937568665,2.3809223,0.0,2.7556613877586233,1.917964357428846,,3.3574181986090483,0.2101900313789294
2026-06-23,Maqueda Bay,30.512253172695637,34.37147126533091,0.04943998530507088,0.01342814415693283,12.207404375076294,2.2293828,5.473110234865577,3.0138928799162796,2.506907565920961,,3.920221401360107,0.20153890364462826
2026-06-24,Maqueda Bay,30.377483434975147,34.36078978702426,0.021973326802253723,0.012207403779029846,14.95407035946846,4.1371646,0.0,2.502496850148737,1.6465702491404859,,2.9956108008816686,0.19288777591032713
2026-06-25,Maqueda Bay,30.643360689282417,34.39741199836135,0.03479110077023506,0.007324442267417908,12.817774593830109,4.135923,0.0,2.1602368703386237,0.7828710842035288,,2.297718535950916,0.18423664817602597
2026-06-26,Maqueda Bay,30.630909137427807,34.38367866910994,0.03357036039233208,-0.006103701889514923,13.580737367272377,2.3794472,8.962897565873902,1.8472773015708537,0.6548005250337158,,1.9598972311025198,0.17558552044172487
2026-06-27,Maqueda Bay,30.62358469516039,34.27381203509867,0.011597033590078354,-0.027466658502817154,10.681478828191757,2.8828342,8.962897565873902,0.741398066711253,0.08455670517641825,,0.7462043484954207,0.16693439270742372
2026-06-28,Maqueda Bay,30.800836198031902,34.27991573698819,0.001831110566854477,-0.03418073058128357,10.528886273503304,3.66745,24.46580851096345,0.7310606435382098,-0.4444893866753776,,0.8555819536418208,0.1582832649731226
2026-06-29,Maqueda Bay,30.30570390075445,34.20056761242449,-0.025635547935962677,-0.03234962001442909,10.986663937568665,3.6835308,40.20949157738283,0.8552993003519216,-0.2498942306762405,,0.8910578094084337,0.14963213723882146
2026-06-30,Maqueda Bay,30.36576432734728,34.22803427092731,0.02136295661330223,0.025025177747011185,11.444441601634026,5.6022263,0.0,-0.18950598361229234,1.223449773425271,,1.2380395251845595,0.14098100950452033
2026-07-01,Maqueda Bay,30.461714521050453,34.246345376595855,0.0006103701889514923,0.02685628831386566,13.122959703207016,3.020107,22.05800641553559,-0.6024028088897044,0.7987929774725046,,1.000479567516296,0.1323298817702192
2026-07-02,Maqueda Bay,30.528366945683956,34.27228610962629,-0.03234962001442909,0.01342814415693283,13.428144812583923,0.731503,7.713660760226153,-1.079633294245722,-0.12217842166580258,,1.0865245587489574,0.12367875403591806
2026-07-03,Maqueda Bay,30.604541145265102,34.30433054454625,-0.051881466060876846,-0.0012207403779029846,12.207404375076294,4.691958,0.0,-1.3370704779775722,-0.5298394423742812,,1.4382236605530665,0.11502762630161693
2026-07-04,Maqueda Bay,30.74663532525301,34.29975276812911,-0.03418073058128357,0.003662221133708954,10.528886273503304,4.117868,0.0,-0.7318536364328263,-0.16863880760880753,0.10637649856731579,0.751031818627994,0.10637649856731579
2026-07-05,Maqueda Bay,30.87774284183979,34.295174991711974,0.0006103701889514923,-0.005493331700563431,10.528886273503304,6.419536,2.15249523039787,0.2573365126420321,0.08929796317774032,,0.2723898070164444,0.016606939242517132
2026-07-06,Maqueda Bay,30.871150843799114,34.293649066239595,0.012207403779029846,-0.046388134360313416,10.528886273503304,3.306301,3.472608274761616,1.147787101033944,-0.4616981479000994,,1.2371662819016234,-0.07316262008228153
2026-07-07,Maqueda Bay,30.797173976898193,34.29059721529484,0.02624591812491417,-0.04272591322660446,10.528886273503304,3.9737728,5.677962152273057,2.914953971576572,-0.4076812243253536,,2.9433247590229406,-0.16293217940708016
2026-07-08,Maqueda Bay,30.557664714753628,34.281441662460566,0.04577776417136192,-0.032959990203380585,14.801477804780006,3.930914,22.074886861118486,5.216932691063699,0.5485588201492346,,5.24569380370725,-0.25270173873187884
2026-07-09,Maqueda Bay,30.319620341062546,34.27838981151581,0.04272591322660446,0.007324442267417908,19.53184700012207,3.930914,12.418121238274873,5.300459204678847,2.2468220766447544,,5.757002451325079,-0.34247129805667753
2026-07-10,Maqueda Bay,30.073519080877304,34.24024167470634,0.03784295171499252,0.06469924002885818,19.53184700012207,3.9490788,4.701833930066837,3.7304306974976313,3.7767367111262478,,5.308469965442149,-0.4322408573814761
2026-07-11,Maqueda Bay,29.88015380501747,34.220404643565416,0.017090365290641785,0.07263405248522758,19.53184700012207,2.191147,0.0,1.4351410103211741,2.7384655248223013,,3.0917346506687737,-0.5220104167062748
2026-07-12,Maqueda Bay,29.983428440988064,34.235663898289204,0.021973326802253723,0.06897183135151863,14.038515031337738,2.1765063,6.341743624521656,0.855460246593169,1.5617646927818964,,1.7807080583636885,-0.6117799760310735
2026-07-13,Maqueda Bay,30.165074609220028,34.235663898289204,0.036011841148138046,0.027466658502817154,12.512589484453201,2.1765063,1.599932486011136,0.8206093755828191,0.5039344300600078,,0.9629899569021108,-0.7015495353558722
2026-07-14,Maqueda Bay,30.282998129725456,34.234137972816825,0.014648884534835815,0.02075258642435074,10.83407138288021,1.5596312,0.0,0.3388034870710203,0.40412305950591537,-0.7913190946806709,0.5273549564343779,-0.7913190946806709
2026-07-15,Maqueda Bay,30.266151912510395,34.257026854902506,0.03357036039233208,0.001831110566854477,10.528886273503304,3.6885674,8.092609069314419,0.9642783680241028,0.2893392606939735,,1.0067521933515529,-0.590903728463776
2026-07-16,Maqueda Bay,30.385540321469307,34.2646564822644,0.022583696991205215,-0.014648884534835815,10.681478828191757,1.0239102,5.724963960193452,1.6188650227425305,-0.008098281039195066,,1.618885278213056,-0.3904883622468812
2026-07-17,Maqueda Bay,30.26834924519062,34.270760184153914,0.025025177747011185,-0.017090365290641785,13.428144812583923,0.90407515,2.505531117663405,2.4022776638179306,0.16647280347491825,,2.4080388635516936,-0.1900729960299864
2026-07-18,Maqueda Bay,30.417035423219204,34.27991573698819,0.024414807558059692,-0.0079348124563694,13.428144812583923,2.870931,11.449927920386903,1.976621609648569,0.2715091158389018,,1.995181743028269,0.010342370186908423
2026-07-19,Maqueda Bay,30.487350068986416,34.27991573698819,0.024414807558059692,-0.012817773967981339,12.665182039141655,0.9875581,5.724963960193452,1.8964189388686326,0.06368708164665174,0.21075773640380333,1.8974880331818427,0.21075773640380333
2026-07-20,Maqueda Bay,30.485885180532932,34.21277501620352,0.009765923023223877,-0.025025177747011185,10.681478828191757,3.647349,5.724963960193452,1.2623569220895603,0.021407973492049634,,1.2625384350887954,0.1193677481543799
2026-07-21,Maqueda Bay,30.482222959399223,34.139530593529344,0.0024414807558059692,-0.03784295171499252,10.528886273503304,4.3330574,7.689744952270694,0.6339258920115489,-0.5848359859518004,0.02797775990495645,0.8624935750641002,0.02797775990495645
2026-07-22,Maqueda Bay,30.318887896835804,34.05102691613138,-0.024414807558059692,-0.02868739888072014,10.528886273503304,3.157272,2.279451994302635,0.923157473074178,-0.7912294485395244,,1.2158387065432905,0.01867539443438109
2026-07-23,Maqueda Bay,29.89626757800579,33.55815298855305,0.08239997550845146,-0.016479995101690292,10.528886273503304,2.003631,10.22345807035947,1.907650287467769,0.931798529897865,,2.123058670785074,0.009373028963805728
2026-07-24,Maqueda Bay,29.68752097338438,33.71074553579092,0.051271095871925354,0.043946653604507446,10.528886273503304,1.3183092,5.111729035179735,1.2767684773956713,2.149535063374249,,2.500127743445642,7.066349323036833e-05
2026-07-25,Maqueda Bay,29.864772476255894,33.78704180940986,0.020142216235399246,0.05005035549402237,10.528886273503304,1.7622129,5.111729035179735,0.6800095025176811,1.4516182416530883,,1.6029998262677223,-0.009231701977344995
2026-07-26,Maqueda Bay,30.11307106912136,33.7122714612633,0.005493331700563431,0.01037629321217537,10.528886273503304,0.82755375,19.175402994346324,0.6648911280817393,0.060454565854782184,,0.6676338567916535,-0.01853406744792036
2026-07-27,Maqueda Bay,30.060335084795952,33.7549973744899,0.009155552834272385,-0.01342814415693283,10.528886273503304,1.0787174,12.127414616937825,0.6866384982035891,-0.30685857226488394,,0.7520868371323376,-0.027836432918495715
2026-07-28,Maqueda Bay,29.538102351129055,33.463545609265566,-0.03234962001442909,-0.05249183624982834,10.528886273503304,1.0705794,9.587701497173162,0.9208729927817884,-0.63653527074399,,1.1194571093775822,-0.03713879838907108
2026-07-29,Maqueda Bay,29.390148617327213,33.330790093168616,0.02136295661330223,-0.0158696249127388,10.528886273503304,1.230184,9.587701497173162,1.0748780235524862,0.45639554206900457,-0.046441163859646445,1.1677583895380754,-0.046441163859646445
2026-07-30,Maqueda Bay,29.639912098646164,33.332316018640995,0.003662221133708954,-0.0317392498254776,10.528886273503304,5.584558,28.763105647355175,0.9021230968071954,-0.0013713309463022226,,0.9021241390970363,0.0040906817340875465
2026-07-31,Maqueda Bay,29.452406376600266,33.19193087518215,0.04150517284870148,-0.05066072568297386,10.528886273503304,5.5806146,13.843938109695268,1.9800249123727331,-0.46296960406599036,,2.03343047776551,0.05462252732782154
2026-08-01,Maqueda Bay,29.316904194653034,33.19803457707167,0.02685628831386566,-0.0317392498254776,10.528886273503304,4.625463,2.4477233095652497,2.427393156101573,0.35261984913443456,,2.452871438190829,0.10515437292155552
2026-08-02,Maqueda Bay,29.61354410648346,33.33841972053051,0.06103701889514923,0.006103701889514923,11.139256492257118,4.5209756,0.0,2.994750145786029,1.287394315169861,,3.259741179667048,0.15568621851528952
2026-08-03,Maqueda Bay,29.729270294308662,33.40098266489804,0.05493331700563431,0.0317392498254776,11.749626711010933,5.177306,0.0,3.1066651468061877,1.8452921153249806,0.20621806410902352,3.6133739531441873,0.20621806410902352
2026-08-04,Maqueda Bay,29.82595293223858,33.45591598190367,0.048829615116119385,0.036011841148138046,11.444441601634026,2.6453874,0.0,3.4139353473157033,1.9161536787340703,,3.9149201110849887,0.21554376624013177
2026-08-05,Maqueda Bay,29.844996482133865,33.501693746075034,0.04577776417136192,0.02685628831386566,12.207404375076294,2.2273388,2.4477233095652497,4.117875818085889,2.148984545701001,,4.644893522012993,0.22486946837124006
2026-08-06,Maqueda Bay,29.917508460581303,33.57493816874921,0.046388134360313416,0.02136295661330223,15.564440578222275,1.9182545,0.0,5.076014474961516,2.4293107763245225,,5.627386053754025,0.2341951705023483
2026-08-07,Maqueda Bay,29.88821069151163,33.61766408197582,0.036011841148138046,0.027466658502817154,19.53184700012207,1.9077164,0.0,4.975347676731679,2.4195261063197973,,5.532466997960526,0.24352087263345656
2026-08-08,Maqueda Bay,29.79372538626194,33.631397411227226,0.030518509447574615,0.04516739398241043,19.53184700012207,2.7084205,0.0,4.364427288521934,3.297181531697407,,5.469884058164431,0.25284657476456485
2026-08-09,Maqueda Bay,29.754173398017883,33.66038999520242,0.02868739888072014,0.06836146116256714,17.700736343860626,2.8469896,34.9551146605414,3.4504976269340326,3.7861981416091783,,5.122619470642162,0.26217227689567313
2026-08-10,Maqueda Bay,29.762962728738785,33.70006405748427,0.02685628831386566,0.06714072078466415,16.327403351664543,2.9544156,5.654818580264136,2.912765365655928,3.1168470435384097,0.27149797902678136,4.2660212807930105,0.27149797902678136
2026-08-11,Maqueda Bay,29.861110255122185,33.741264045238495,0.030518509447574615,0.054322946816682816,14.648885250091553,3.7530353,0.0,2.9068242014366446,2.346828553528793,,3.7359377936089664,0.26258029717964765
2026-08-12,Maqueda Bay,29.970976889133453,33.776360331103206,0.029908139258623123,0.04211554303765297,13.428144812583923,3.8727677,0.0,2.489541578979215,1.944899554319099,,3.1591852667827114,0.2536626153325139
2026-08-13,Maqueda Bay,30.083040855824947,33.80687884055078,0.02685628831386566,0.03906369209289551,13.122959703207016,3.389244,0.0,2.1101846769528096,1.4762740529990042,,2.5753183202090844,0.24474493348538018
2026-08-14,Maqueda Bay,30.27274391055107,33.83281957358122,0.027466658502817154,0.020142216235399246,12.359996929764748,1.5091529,0.0,2.3263017394355425,1.2638534607428429,,2.6474526158427256,0.23582725163824647
2026-08-15,Maqueda Bay,30.250770583748817,33.85265660472214,0.03479110077023506,0.006714072078466415,13.27555225789547,2.388398,0.0,3.128223843116764,1.2709637916129992,,3.3765564369984262,0.22690956979111274
2026-08-16,Maqueda Bay,30.18997771292925,33.86944178491831,0.03662221133708954,0.009765923023223877,15.106662914156914,1.7058276,1.7770563624055338,3.8711785570802046,1.9398387116422784,,4.330011275733996,0.217991887943979
2026-08-17,Maqueda Bay,30.119663067162037,33.886226965114474,0.035401470959186554,0.017090365290641785,17.39555123448372,1.7493429,23.61241011612243,4.367740635643277,2.5433311795588467,,5.054274601677844,0.2090742060968453
2026-08-18,Maqueda Bay,29.959990225732327,33.90453807078302,0.017700735479593277,0.04211554303765297,19.53184700012207,1.49576,6.6682923089157775,2.4894238718104824,2.840795328918936,,3.7772144914404238,0.20015652424971156
2026-08-19,Maqueda Bay,30.135776840150356,33.935056580230594,0.016479995101690292,0.048829615116119385,13.27555225789547,3.058813,0.12867711492443595,1.3528145609914777,1.3746623951035215,,1.9286793245488776,0.19123884240257782
2026-08-20,Maqueda Bay,30.402386538684368,33.95947138778865,0.02624591812491417,0.01831110566854477,12.207404375076294,4.8963,0.1864161704725567,1.9521395957728005,0.5362327153837005,,2.02444919087434,0.18232116055544412
2026-08-21,Maqueda Bay,30.31742300838232,33.970152866095304,0.0317392498254776,0.0006103701889514923,13.428144812583923,4.8814216,0.014604849383212087,2.658209655555916,0.7672697917060977,,2.7667275807631335,0.17340347870831038
2026-08-22,Maqueda Bay,30.3415936678648,33.980834344401956,0.029908139258623123,0.009765923023223877,14.343700140714645,4.540579,13.607333622769826,3.001436951356883,0.8967369115907943,,3.132532659299803,0.16448579686117665
2026-08-23,Maqueda Bay,30.39139987528324,33.99761952459812,0.027466658502817154,0.0079348124563694,14.343700140714645,3.4760342,0.1452989971949025,2.7068502466302737,1.0768737745409336,,2.913193331033217,0.15556811501404294
2026-08-24,Maqueda Bay,30.430951863527298,34.01287877932191,0.025635547935962677,0.01342814415693283,14.648885250091553,3.8929539,0.0,2.6186706197514473,1.1644119676462203,,2.8658839901760103,0.1466504331669092
2026-08-25,Maqueda Bay,30.495406955480576,34.02661210857332,0.025635547935962677,0.014648884534835815,14.343700140714645,1.9519492,0.0,2.518041832085222,1.1793838705482036,,2.7805540782801477,0.1377327513197755
2026-08-26,Maqueda Bay,31.184175491333008,34.237483978271484,0.027421653270721436,-0.004167188890278339,19.030506134033203,1.9431053,0.07001601312933245,2.9203789950254815,1.5670497467981825,,3.314250802749588,0.12881506947264176
2026-08-27,Maqueda Bay,31.006500244140625,34.22929382324219,0.020943868905305862,0.003409813856706023,19.499187469482422,1.9564921,21.99758551930136,3.2273547189732628,1.903304152892423,,3.7467833111212254,0.11989738762550803
2026-08-28,Maqueda Bay,30.865339279174805,34.2286376953125,0.011133640073239803,0.03699808940291405,19.49892234802246,1.5320085,7.686976353693667,2.7717285279472113,2.218871717724308,,3.550474719295046,0.11097970577837432
2026-08-29,Maqueda Bay,30.863271713256836,34.23636245727539,0.03121560625731945,0.03555748611688614,19.499225616455078,1.0141232,0.2941994999868712,3.0233879664392007,2.2457305902150106,,3.7661891454674477,0.10206202393124059
2026-08-30,Maqueda Bay,30.84831428527832,34.24409484863281,0.03948428854346275,0.04294835031032562,19.4992618560791,1.0549098,1.0172269731622685,3.355059276426459,1.9312767017378116,0.09314434208410687,3.8712081379086962,0.09314434208410687
2026-08-31,Maqueda Bay,30.85942840576172,34.25053024291992,0.028392363339662552,0.02631479501724243,19.499256134033203,1.0260812,0.10781279282956263,3.0064718209060963,1.9944261580006435,,3.6078537261950667,0.13142676918832316
2026-09-01,Maqueda Bay,30.93751335144043,34.258148193359375,0.038679443299770355,0.018567359074950218,19.183156967163086,1.7422423,,2.979559312422882,2.153322112556219,,3.6762167804237955,0.16970919629253944
2026-09-02,Maqueda Bay,30.96211051940918,34.26498794555664,0.03215450420975685,0.02495153620839119,19.499441146850586,1.3933064,,2.972780355206831,2.7119453334354375,0.20799162339675575,4.023937192830661,0.20799162339675575
2026-09-03,Maqueda Bay,30.962059020996094,34.26904296875,0.04369746521115303,0.02262931875884533,19.49945068359375,2.5839112,,2.996307004893784,2.4360464574473792,,3.861628932253523,
2026-09-04,Maqueda Bay,30.99457359313965,34.27323532104492,0.05522691458463669,0.01401031669229269,19.499311447143555,2.1161106,,3.568905278802203,1.929551104576183,,4.057123655280105,
2026-09-05,Maqueda Bay,31.064062118530273,34.27165985107422,0.040786921977996826,-0.017834153026342392,18.700651168823242,1.7527252,,3.468668833592845,1.9061861881306688,,3.9579299211783017,
2026-09-06,Maqueda Bay,31.106792449951172,34.27263259887695,0.032495688647031784,-0.0082479827105999,19.23855972290039,2.0522206,,3.3420753128793685,1.4696962299712262,,3.650955272986697,
2026-09-07,Maqueda Bay,31.07644271850586,34.27783966064453,0.03422992676496506,-0.006587786599993706,19.499174118041992,2.460234,,3.5670496819444377,1.3534963126357122,,3.8152058531327486,
