Date,Location_Name,thetao,so,uo,vo,mlotst,CHL,precip_mm_day,wind_u_ms,wind_v_ms,NDVI_raw,wind_speed_ms,NDVI_daily
2015-01-01,Milagros (Masbate),26.617847219109535,34.006775077432394,-0.08972441777586937,0.009155552834272385,8.545183062553406,2.1088126,0.0,-4.57553296692968,-5.022984384307405,,6.794547376864507,
2015-01-02,Milagros (Masbate),26.437665939331055,34.03424173593521,-0.08301034569740295,0.01037629321217537,8.545183062553406,2.080386,0.0,-5.804398889880573,-6.121725926234893,,8.436028377665837,
2015-01-03,Milagros (Masbate),26.323404639959335,34.064760245382786,-0.07629627361893654,0.0048829615116119385,8.545183062553406,2.9770417,0.0,-5.197515640719891,-4.658746177484937,,6.979834151450764,
2015-01-04,Milagros (Masbate),26.360759295523167,34.089175052940845,-0.07873775437474251,0.003662221133708954,8.545183062553406,3.4564388,0.0,-3.893153410561681,-4.057112169078666,,5.6228820573309415,
2015-01-05,Milagros (Masbate),26.447187714278698,34.11053800955415,-0.07568590342998505,0.001831110566854477,8.545183062553406,2.428637,0.0,-4.192837769008158,-3.7727943793453877,,5.640378177572977,
2015-01-06,Milagros (Masbate),26.53801079839468,34.13190096616745,-0.05493331700563431,-0.012817773967981339,8.545183062553406,1.7001661,0.0,-2.228068865999019,-3.353307008963382,,4.026035117581204,
2015-01-07,Milagros (Masbate),26.519699692726135,34.148686146363616,-0.0476088747382164,-0.012817773967981339,8.545183062553406,1.6156667,0.0,-2.86407175213752,-4.859656758634518,,5.640848412529292,
2015-01-08,Milagros (Masbate),26.360759295523167,34.174626879394054,-0.05737479776144028,-0.003662221133708954,8.545183062553406,1.641546,0.0,-5.704465228251765,-5.632275006250009,,8.016448420988063,
2015-01-09,Milagros (Masbate),26.164464242756367,34.2143009416759,-0.05798516795039177,-0.001831110566854477,8.545183062553406,1.4556053,8.20910208704022,-6.057323602880272,-6.177286941681067,,8.65159194540946,
2015-01-10,Milagros (Masbate),25.966704301536083,34.258552780374885,-0.06042664870619774,-0.0024414807558059692,8.545183062553406,0.9394365,0.0,-4.909616805276592,-4.933394001469134,,6.960079995832373,
2015-01-11,Milagros (Masbate),25.83925900608301,34.29975276812911,-0.08972441777586937,0.01037629321217537,8.545183062553406,0.9640482,0.0,-5.434652889349873,-4.752764674083702,,7.219710802721732,
2015-01-12,Milagros (Masbate),25.767479471862316,34.33332312852144,-0.10925626382231712,0.02136295661330223,8.545183062553406,0.79688865,0.0,-5.748677412962326,-4.1985346013027405,,7.11863644222962,
2015-01-13,Milagros (Masbate),25.784325689077377,34.36231571249664,-0.10376293212175369,0.019531846046447754,8.545183062553406,0.8325558,0.0,-4.775224405423027,-3.6607390750746647,,6.016957594825329,
2015-01-14,Milagros (Masbate),25.927152313292027,34.38062681816518,-0.08117923513054848,0.005493331700563431,8.545183062553406,0.7437645,0.0,-2.7393083316343128,-3.3026679744994847,,4.290853747862503,
2015-01-15,Milagros (Masbate),26.028962060809135,34.39436014741659,-0.030518509447574615,-0.017090365290641785,8.545183062553406,0.866734,0.0,-1.3360278320657315,-4.614053905500853,,4.803588638811814,
2015-01-16,Milagros (Masbate),25.998931847512722,34.39436014741659,0.0006103701889514923,-0.025025177747011185,8.545183062553406,0.921881,34.20061160197848,-0.3160434063787378,-6.141751102066306,,6.149877237347764,
2015-01-17,Milagros (Masbate),25.94473097473383,34.340952755883336,-0.027466658502817154,-0.014038514345884323,8.545183062553406,2.3294308,136.80244640791392,6.4847817524221,-8.76621691385905,,10.904079665766165,
2015-01-18,Milagros (Masbate),26.081698045134544,34.25244907848537,-0.10803552344441414,0.04150517284870148,8.69777561724186,2.3303638,0.0,3.9571723402422267,1.645247688081798,,4.28556331017483,
2015-01-19,Milagros (Masbate),26.588549450039864,34.23718982376158,-0.08362071588635445,0.09338663890957832,8.69777561724186,2.3303638,0.0,-0.1784546806111832,-0.8700084447383845,,0.8881220450749672,
2015-01-20,Milagros (Masbate),26.790704056620598,34.26007870584726,-0.1031525619328022,0.06408886983990669,8.69777561724186,1.402567,0.0,-0.28630830683298447,-1.2841842172145663,,1.315713323754289,
2015-01-21,Milagros (Masbate),26.862483590841293,34.26618240773678,-0.03234962001442909,-0.02075258642435074,8.69777561724186,1.9884087,0.0,0.2877496557791826,-0.9602179675113606,,1.0024063096033895,
2015-01-22,Milagros (Masbate),26.69402141869068,34.27228610962629,-0.010986663401126862,-0.03418073058128357,8.69777561724186,1.4864962,0.0,-0.4204726977406653,-2.9448259491509257,,2.974692784194355,
2015-01-23,Milagros (Masbate),26.516037471592426,34.27228610962629,-0.046388134360313416,-0.009155552834272385,8.545183062553406,1.4519122,0.0,-5.23438688619053,-5.52444217076475,,7.610405204221871,
2015-01-24,Milagros (Masbate),26.31315042078495,34.281441662460566,-0.09155552834272385,0.01342814415693283,8.545183062553406,0.80092335,15.308208179280433,-5.897267757777902,-4.960364615461424,,7.70603556475368,
2015-01-25,Milagros (Masbate),26.183507792651653,34.28754536435008,-0.09155552834272385,0.01342814415693283,8.545183062553406,0.9619752,0.0,-4.877219459040091,-4.911261203225021,,6.921542910214644,
2015-01-26,Milagros (Masbate),26.168126463890076,34.28907128982246,-0.08056886494159698,0.009155552834272385,8.545183062553406,0.99088013,0.0,-3.4755967378854775,-4.64617251863809,,5.80230055730897,
2015-01-27,Milagros (Masbate),26.207678452134132,34.282967587932944,-0.07080294191837311,0.006103701889514923,8.545183062553406,0.98449934,0.0,-1.8876081173654171,-3.37140919917528,,3.8638665081790182,
2015-01-28,Milagros (Masbate),26.274330876767635,34.26770833320916,-0.07080294191837311,0.0006103701889514923,8.545183062553406,0.874662,0.0,-2.8956229676832757,-2.988752557182415,,4.161402914767966,
2015-01-29,Milagros (Masbate),26.351969964802265,34.26160463131964,-0.07080294191837311,-0.0006103701889514923,8.545183062553406,0.8198895,0.0,-4.616798335290411,-3.4583619415819657,,5.768456828972797,
2015-01-30,Milagros (Masbate),26.37394329160452,34.26313055679202,-0.06103701889514923,-0.004272591322660446,8.545183062553406,0.84662426,0.0,-4.183569585848738,-4.6357194372613355,,6.244369398157122,
2015-01-31,Milagros (Masbate),26.24723044037819,34.27686388604343,-0.059816278517246246,-0.001831110566854477,8.545183062553406,0.7723804,0.0,-4.807906386246819,-5.54748691306755,,7.341020015608777,
2015-02-01,Milagros (Masbate),26.028229616582394,34.29975276812911,-0.079348124563694,0.008545182645320892,8.545183062553406,0.64010817,0.0,-6.448583215307718,-6.580547059404912,,9.213458909974639,
2015-02-02,Milagros (Masbate),25.79824212938547,34.32111572474241,-0.0714133121073246,0.006103701889514923,8.545183062553406,0.76254416,2.254704705600081,-5.674975607347301,-6.144085915567913,,8.363918930852144,
2015-02-03,Milagros (Masbate),25.65102083981037,34.342478681355715,-0.07019257172942162,0.003662221133708954,8.545183062553406,0.92125523,2.6321301644037023,-4.649372959019579,-4.878710457100962,,6.739323752149674,
2015-02-04,Milagros (Masbate),25.634907066822052,34.36078978702426,-0.07324442267417908,0.004272591322660446,8.545183062553406,1.3155268,0.0,-4.816100029131386,-3.4994745914436636,,5.953246333451953,
2015-02-05,Milagros (Masbate),25.681051053106785,34.37604904174805,-0.07080294191837311,0.0006103701889514923,8.545183062553406,1.3155886,0.0,-4.002744878142676,-3.4409141298330455,,5.278433158464937,
2015-02-06,Milagros (Masbate),25.73158970475197,34.38825644552708,-0.08056886494159698,0.006714072078466415,8.545183062553406,1.7377336,0.0,-4.114705241692141,-2.911974001521376,,5.040872128069229,
2015-02-07,Milagros (Masbate),25.845851004123688,34.391308296471834,-0.09643848985433578,0.021973326802253723,8.545183062553406,1.0731659,0.0,-2.5876216823224407,-1.0763030874792432,,2.8025371196368782,
2015-02-08,Milagros (Masbate),26.015778064727783,34.38825644552708,-0.08545182645320892,0.012207403779029846,8.545183062553406,0.86661,2.584945897301602,-1.6045469962979237,-2.408487877815318,,2.8940257291378773,
2015-02-09,Milagros (Masbate),26.12491225451231,34.389782370999455,-0.05859553813934326,-0.011597033590078354,8.545183062553406,0.82332903,0.0,-0.6811535831726242,-3.72204651367812,,3.7838605225156425,
2015-02-10,Milagros (Masbate),26.147618025541306,34.391308296471834,-0.05310220643877983,-0.009155552834272385,8.545183062553406,0.34584954,0.2006160714805247,-2.858287028619276,-4.351012429839621,,5.205873020214005,
2015-02-11,Milagros (Masbate),26.224524669349194,34.391308296471834,-0.07080294191837311,0.005493331700563431,8.545183062553406,0.4913456,0.0,-3.1484658392734444,-3.8370351126142817,,4.963433851327801,
2015-02-12,Milagros (Masbate),26.391521953046322,34.36994533985853,-0.07873775437474251,-0.0030518509447574615,8.69777561724186,0.5521134,0.0,-0.8659791442117045,-3.427661510382866,,3.5353618355084655,
2015-02-13,Milagros (Masbate),26.433271273970604,34.35163423418999,-0.09765923023223877,0.01342814415693283,8.545183062553406,0.81964296,25.810024760557724,-2.224135772110233,-1.4058929636658353,,2.631219291139659,
2015-02-14,Milagros (Masbate),26.43180638551712,34.342478681355715,-0.11719107627868652,0.031128879636526108,8.545183062553406,0.8080961,0.0,-5.341746887662555,0.5761044903144129,,5.372723349997933,
2015-02-15,Milagros (Masbate),26.499923698604107,34.34858238324523,-0.11230811476707458,0.02929776906967163,8.545183062553406,1.1717142,0.0,-5.019498394126019,-1.6940353929707614,,5.2976523141171965,
2015-02-16,Milagros (Masbate),26.571703232824802,34.365367563441396,-0.08117923513054848,0.007324442267417908,8.545183062553406,0.95106715,0.0,-4.78370840672906,-2.5974449667162838,,5.443398430735163,
2015-02-17,Milagros (Masbate),26.645680099725723,34.38367866910994,-0.07507553324103355,0.001831110566854477,8.545183062553406,1.1849765,0.0,-4.10173576989076,-2.7645225809559335,,4.946394790816499,
2015-02-18,Milagros (Masbate),26.64860987663269,34.40656755119562,-0.07263405248522758,0.0012207403779029846,8.545183062553406,1.6847166,0.0,-5.039848677203587,-3.3166675419245824,,6.03327094309271,
2015-02-19,Milagros (Masbate),26.59953611344099,34.43250828422606,-0.08301034569740295,0.006714072078466415,8.545183062553406,0.7300547,0.0,-5.684712975407959,-3.618855965065034,,6.738848574397438,
2015-02-20,Milagros (Masbate),26.516037471592426,34.45997494272888,-0.09277626872062683,0.012207403779029846,8.545183062553406,0.7114762,5.339838970021833,-6.4758669416467365,-4.126439475088782,,7.678825130674877,
2015-02-21,Milagros (Masbate),26.47282326221466,34.49201937764883,-0.08606219664216042,0.01037629321217537,8.545183062553406,1.1685982,3.361172826972018,-5.554309316447756,-2.987813334344341,,6.3069311478455345,
2015-02-22,Milagros (Masbate),26.473555706441402,34.52558973804116,-0.08545182645320892,0.010986663401126862,8.545183062553406,1.21962,0.0,-4.107129845676793,-2.6580144793393568,,4.892193428476306,
2015-02-23,Milagros (Masbate),26.50871302932501,34.55458232201636,-0.08667256683111191,0.01342814415693283,8.545183062553406,1.1273736,0.0,-3.901187079293388,-2.636839614399434,,4.7087348385433465,
2015-02-24,Milagros (Masbate),26.63249610364437,34.57899712957442,-0.09033478796482086,0.017700735479593277,8.545183062553406,0.84065807,0.0,-3.2948011216663176,-2.0342731091121284,,3.872206285025418,
2015-02-25,Milagros (Masbate),26.793633833527565,34.59730823524296,-0.09949034079909325,0.02075258642435074,8.545183062553406,1.6528233,0.0,-3.8737458737412456,-2.1964504427704066,,4.453122684350123,
2015-02-26,Milagros (Masbate),26.968688003718853,34.617145266383886,-0.10254219174385071,0.017700735479593277,8.545183062553406,0.70298016,0.0,-4.229611430097354,-2.990871462787846,,5.180243715939328,
2015-02-27,Milagros (Masbate),27.07782219350338,34.64003414846957,-0.0952177494764328,0.010986663401126862,8.545183062553406,0.5398487,0.0,-5.3726923980018855,-3.4995598450047445,,6.411921920322867,
2015-02-28,Milagros (Masbate),27.152531504631042,34.667500806972384,-0.09399700909852982,0.011597033590078354,8.545183062553406,0.8864003,0.0,-5.467239511646724,-3.603622337333678,,6.5480380136221985,
2015-03-01,Milagros (Masbate),27.227240815758705,34.69344154000282,-0.07446516305208206,-0.0024414807558059692,8.545183062553406,1.8807377,0.0,-4.310754594348726,-4.774577539694732,,6.432666309957019,
2015-03-02,Milagros (Masbate),27.215521708130836,34.71938227303326,-0.07019257172942162,0.0006103701889514923,8.545183062553406,1.8807377,0.0,-5.003017050787635,-3.862612545513192,,6.3205977001568225,
2015-03-03,Milagros (Masbate),27.272652357816696,34.73464152775705,-0.08972441777586937,0.019531846046447754,8.545183062553406,1.0574106,6.818316979050395,-3.5375688560229643,-2.9982250300780913,,4.637213251737556,
2015-03-04,Milagros (Masbate),27.44990386068821,34.7453230060637,-0.10437330231070518,0.010986663401126862,8.545183062553406,0.8637234,0.0,-3.9709012000521695,-2.211759863839589,,4.545320454694859,
2015-03-05,Milagros (Masbate),27.518021173775196,34.763634111732244,-0.08850367739796638,0.005493331700563431,8.545183062553406,0.8824181,0.0,-4.35334966600707,-3.0212180129344004,,5.299000999830359,
2015-03-06,Milagros (Masbate),27.608844257891178,34.78041929192841,-0.08789330720901489,0.0012207403779029846,8.545183062553406,0.7960909,13.510655884810442,-3.972424826793317,-3.5869755831963555,,5.352247456813889,
2015-03-07,Milagros (Masbate),27.697470009326935,34.798730397596955,-0.09216589853167534,0.005493331700563431,8.545183062553406,0.6586949,0.0,-4.825486666569848,-3.0435656134426914,,5.705139193093729,
2015-03-08,Milagros (Masbate),27.68794823437929,34.81856742873788,-0.08239997550845146,0.006714072078466415,8.545183062553406,0.7331334,0.0,-4.598549194506145,-3.4257984826432546,,5.734348257472155,
2015-03-09,Milagros (Masbate),27.746543772518635,34.84145631082356,-0.07446516305208206,-0.0012207403779029846,8.545183062553406,0.7621042,0.0,-4.106868870818291,-2.6214985538238804,,4.872230145405387,
2015-03-10,Milagros (Masbate),27.702597118914127,34.86281926743686,-0.06775109097361565,-0.0048829615116119385,8.545183062553406,0.8753677,0.0,-4.041567249769099,-3.22812105567742,,5.17252659582472,
2015-03-11,Milagros (Masbate),27.583941154181957,34.88570814952254,-0.08362071588635445,0.006103701889514923,8.545183062553406,0.68827564,8.379998268994067,-5.821929430116075,-3.3886179528114244,,6.736289328656213,
2015-03-12,Milagros (Masbate),27.565630048513412,34.90249332971871,-0.08056886494159698,0.003662221133708954,8.545183062553406,0.8102836,0.0,-4.904442549980697,-2.8311915877452494,,5.662967643610603,
2015-03-13,Milagros (Masbate),27.611041590571404,34.917752584442496,-0.08789330720901489,0.009155552834272385,8.545183062553406,1.0378531,0.0,-4.555198224400252,-2.7822446483439207,,5.3376695426766165,
2015-03-14,Milagros (Masbate),27.664510019123554,34.933011839166284,-0.09582811966538429,0.009765923023223877,8.545183062553406,0.89520824,0.0,-4.945467871513282,-2.398221136157407,,5.496282114855663,
2015-03-15,Milagros (Masbate),27.67842645943165,34.94521924294531,-0.10071108117699623,0.017700735479593277,8.545183062553406,1.0730287,0.0,-5.234164727688826,-2.3379079229749706,,5.732564334823551,
2015-03-16,Milagros (Masbate),27.72017578035593,34.9604784976691,-0.08850367739796638,0.007324442267417908,8.545183062553406,0.9265267,0.0,-4.18605467576927,-3.0908166603800313,,5.203479737311613,
2015-03-17,Milagros (Masbate),27.730429999530315,34.97421182692051,-0.07324442267417908,0.0006103701889514923,8.545183062553406,0.8826598,0.0,-3.0226939272005677,-2.806863022672275,,4.124943466955655,
2015-03-18,Milagros (Masbate),27.878383733332157,34.98641923069954,-0.06103701889514923,-0.017700735479593277,8.545183062553406,0.54910785,0.0,-0.703709725389408,-2.3322350347176894,,2.436088593375097,
2015-03-19,Milagros (Masbate),27.94503615796566,34.98489330522716,-0.04516739398241043,-0.029908139258623123,8.545183062553406,0.51787883,0.0,0.5683767211759115,-2.2225630420915476,,2.2940877431445195,
2015-03-20,Milagros (Masbate),28.061494790017605,34.97421182692051,-0.06775109097361565,-0.016479995101690292,8.69777561724186,0.5092733,8.157647300201788,2.4521401121631214,-1.7555754483502704,,3.0157977857491733,
2015-03-21,Milagros (Masbate),28.373516030609608,34.9604784976691,-0.11352885514497757,0.06775109097361565,8.69777561724186,0.4306143,6.080214737395002,0.3315441104501694,1.572801872797861,,1.607366550681783,
2015-03-22,Milagros (Masbate),28.371318697929382,34.95132294483483,-0.12878810986876488,0.032959990203380585,8.69777561724186,0.56358635,0.0,-3.473151843798547,-0.7321879721960752,,3.5494905207240444,
2015-03-23,Milagros (Masbate),28.315652936697006,34.93758961558342,-0.11597033590078354,0.02868739888072014,8.545183062553406,0.9069167,0.0,-4.522716166542277,-2.5444066687192968,,5.189312750155467,
2015-03-24,Milagros (Masbate),28.29660938680172,34.92385628633201,-0.11658070608973503,0.024414807558059692,8.545183062553406,0.5384636,0.0,-4.8298012733239375,-2.7810194863201207,,5.573244093263254,
2015-03-25,Milagros (Masbate),28.216772966086864,34.90554518066347,-0.1275673694908619,0.031128879636526108,8.545183062553406,0.50735384,0.0,-6.345162082428255,-2.8718618791427453,,6.964816760343273,
2015-03-26,Milagros (Masbate),28.08786278218031,34.884182224050164,-0.13183996081352234,0.032959990203380585,8.545183062553406,0.80629903,12.25187160615747,-7.128359431092101,-3.2599504739103415,,7.838417268249246,
2015-03-27,Milagros (Masbate),28.040986351668835,34.86892296932638,-0.12146366760134697,0.030518509447574615,8.545183062553406,2.063478,0.0,-5.739646772667393,-2.7895437319816665,,6.381621996611004,
2015-03-28,Milagros (Masbate),28.101779222488403,34.867397043854,-0.1110873743891716,0.0238044373691082,8.545183062553406,2.3162808,0.0,-5.353516175239047,-2.8664126534197494,,6.072598861956137,
2015-03-29,Milagros (Masbate),28.14938809722662,34.86434519290924,-0.10742515325546265,0.02075258642435074,8.545183062553406,1.7125132,0.0,-5.370165335764307,-3.171899641465293,,6.236956234331954,
2015-03-30,Milagros (Masbate),28.211645856499672,34.85518964007497,-0.10376293212175369,0.0158696249127388,8.545183062553406,1.1930125,5.07294659488825,-5.06959576257899,-3.328412135570487,,6.064579832121244,
2015-03-31,Milagros (Masbate),28.31785026937723,34.847560012713075,-0.10620441287755966,0.02075258642435074,8.545183062553406,0.68401206,0.0,-4.790755363984955,-2.215051261285001,,5.278047844390091,
2015-04-01,Milagros (Masbate),28.441633343696594,34.847560012713075,-0.09582811966538429,0.004272591322660446,8.545183062553406,0.6162695,0.0,-4.272833797379415,-2.876670339426836,,5.150955338746969,
2015-04-02,Milagros (Masbate),28.520737320184708,34.847560012713075,-0.079348124563694,-0.0048829615116119385,8.545183062553406,1.228008,0.0,-2.4120958388259814,-2.952060160549597,,3.8121995654983394,
2015-04-03,Milagros (Masbate),28.703115932643414,34.84298223629594,-0.04943998530507088,-0.039674062281847,8.69777561724186,0.62311184,0.0,0.7109678940311178,-2.634034275339148,,2.7282983542868755,
2015-04-04,Milagros (Masbate),28.924314089119434,34.788048919290304,-0.0317392498254776,0.03906369209289551,8.69777561724186,0.6461854,0.0,1.4272563512329504,0.26850132839855245,,1.452292551618503,
2015-04-05,Milagros (Masbate),28.985839404165745,34.798730397596955,-0.11780144646763802,0.07873775437474251,8.69777561724186,0.49127528,7.756288092228268,-2.8140534116943225,-0.022967034490743676,,2.814147133421022,
2015-04-06,Milagros (Masbate),28.97192296385765,34.7956785466522,-0.11474959552288055,0.020142216235399246,8.545183062553406,0.6758076,3.963854132511069,-4.524902267596916,-2.402464359455342,,5.123141178003675,
2015-04-07,Milagros (Masbate),28.92211675643921,34.79415262117982,-0.09643848985433578,0.012207403779029846,8.545183062553406,2.2003877,0.0,-4.877479279267806,-3.5071907379286267,,6.007511214463036,
2015-04-08,Milagros (Masbate),28.875972770154476,34.798730397596955,-0.09033478796482086,0.01037629321217537,8.545183062553406,0.7613076,0.0,-4.116147614523157,-3.38962316125143,,5.332186827169206,
2015-04-09,Milagros (Masbate),28.85253455489874,34.80483409948647,-0.08178960531949997,0.003662221133708954,8.545183062553406,0.58430517,0.0,-4.345505832754581,-3.3635480024051794,,5.495168432995294,
2015-04-10,Milagros (Masbate),28.90673542767763,34.809411875903606,-0.08178960531949997,0.0,8.545183062553406,0.7970287,0.0,-4.433390892710225,-3.3100079598725047,,5.532730564737931,
2015-04-11,Milagros (Masbate),28.972655408084393,34.81398965232074,-0.08239997550845146,-0.0012207403779029846,8.545183062553406,1.1290228,0.0,-3.9602436658758147,-3.189188095173183,,5.0847271902732265,
2015-04-12,Milagros (Masbate),29.031250946223736,34.80636002495885,-0.07995849475264549,-0.0006103701889514923,8.545183062553406,0.7857724,0.0,-3.6488012244714407,-3.029791353555705,,4.742719264492175,
2015-04-13,Milagros (Masbate),29.166753128170967,34.78957484476268,-0.07690664380788803,-0.02075258642435074,8.69777561724186,0.4971368,0.0,-2.6563774157014293,-1.4549972198864014,,3.0287551707798634,
2015-04-14,Milagros (Masbate),29.182134456932545,34.78194521740079,-0.06408886983990669,-0.02868739888072014,8.545183062553406,0.34796247,0.0,-2.97375124800672,-2.6269539122086627,,3.967881467721777,
2015-04-15,Milagros (Masbate),29.132328249514103,34.77889336645603,-0.09338663890957832,0.01831110566854477,8.545183062553406,0.34292862,0.0,-3.9020891862334137,-1.760472670776384,,4.280836838968554,
2015-04-16,Milagros (Masbate),29.23780021816492,34.77278966456652,-0.10681478306651115,0.017700735479593277,8.545183062553406,0.45521694,0.0,-4.329827993225525,-1.5884231306221022,,4.61199506643434,
2015-04-17,Milagros (Masbate),29.260505989193916,34.763634111732244,-0.10864589363336563,0.025025177747011185,8.545183062553406,0.4364498,0.0,-4.431639343309846,-1.5046065131814053,,4.680092737187975,
2015-04-18,Milagros (Masbate),29.293465979397297,34.75447855889797,-0.11230811476707458,0.035401470959186554,8.545183062553406,0.8238174,0.0,-3.6644390191891736,-0.7187393982599896,,3.7342602544503034,
2015-04-19,Milagros (Masbate),29.4091921672225,34.74837485700846,-0.10864589363336563,0.051881466060876846,8.545183062553406,0.99564695,0.0,-3.5324782647300808,0.5514499891243565,,3.57526219755918,
2015-04-20,Milagros (Masbate),29.713888965547085,34.74684893153608,-0.09216589853167534,0.07751701399683952,8.69777561724186,0.53690034,0.0,-2.387575563022435,0.7094737757571945,,2.490756934674491,
2015-04-21,Milagros (Masbate),29.832544930279255,34.7453230060637,-0.11352885514497757,0.027466658502817154,8.69777561724186,0.45361084,0.0,-3.945379284640736,-1.2103585866022333,,4.1268614718492795,
2015-04-22,Milagros (Masbate),29.68752097338438,34.74379708059132,-0.09460737928748131,0.0079348124563694,8.545183062553406,1.8893242,0.0,-4.927682520618932,-2.641618115075304,,5.591082300405473,
2015-04-23,Milagros (Masbate),29.551286347210407,34.74074522964656,-0.0872829370200634,0.007324442267417908,8.545183062553406,1.2995738,0.0,-5.337906496241804,-3.1142733442534833,,6.17996312491816,
2015-04-24,Milagros (Masbate),29.49488814175129,34.73616745322943,-0.08056886494159698,-0.0006103701889514923,8.545183062553406,1.5885385,0.0,-4.608740991093084,-3.3026020250299157,,5.66989185599808,
2015-04-25,Milagros (Masbate),29.488296143710613,34.73464152775705,-0.08545182645320892,0.0030518509447574615,8.545183062553406,1.2132941,0.0,-4.459428967856583,-3.240207224765624,,5.51229984478183,
2015-04-26,Milagros (Masbate),29.493423253297806,34.73464152775705,-0.08911404758691788,0.008545182645320892,8.545183062553406,0.5774363,0.0,-4.215383850122307,-2.5823042141363177,,4.943455882094848,
2015-04-27,Milagros (Masbate),29.51905880123377,34.73464152775705,-0.08850367739796638,0.014038514345884323,8.545183062553406,0.6503423,4.780391927181345,-4.196100635999568,-1.945140798473938,,4.625022515980199,
2015-04-28,Milagros (Masbate),29.796655163168907,34.737693378701806,-0.09338663890957832,0.009765923023223877,8.69777561724186,0.5730771,0.0,-2.8788675161056934,-1.6325573720274658,,3.3095500824507535,
2015-04-29,Milagros (Masbate),29.958525337278843,34.73311560228467,-0.08911404758691788,-0.0030518509447574615,8.69777561724186,0.59946686,0.0,-2.5044532237084836,-1.4660909097372032,,2.9020180056915352,
2015-04-30,Milagros (Masbate),29.974639110267162,34.72243412397802,-0.08056886494159698,-0.0238044373691082,8.69777561724186,2.257484,0.0,-2.657759227058651,-1.9248635506976595,,3.2815825142482398,
2015-05-01,Milagros (Masbate),29.99441510438919,34.70717486925423,-0.09887997061014175,0.007324442267417908,8.69777561724186,2.1713681,0.0,-2.7817284152437907,-1.5716237919506122,,3.1949983285754553,
2015-05-02,Milagros (Masbate),30.02298042923212,34.690389689058065,-0.10986663401126862,0.027466658502817154,8.69777561724186,1.3639303,0.0,-3.022018283539088,-1.623454249522367,,3.430480754404077,
2015-05-03,Milagros (Masbate),30.134311951696873,34.67513043433428,-0.10864589363336563,0.03784295171499252,8.69777561724186,1.0579101,0.0,-2.440718152448025,-0.7421592388146475,,2.551059669127172,
2015-05-04,Milagros (Masbate),30.195837266743183,34.667500806972384,-0.10071108117699623,0.01831110566854477,8.69777561724186,1.9284774,0.0,-2.8923610242956173,-0.9135211581899179,,3.0331952131910405,
2015-05-05,Milagros (Masbate),30.352580331265926,34.67055265791714,-0.09338663890957832,0.0079348124563694,8.69777561724186,1.716141,0.0,-2.925555674000256,-1.4437919396126724,,3.2624241242618375,
2015-05-06,Milagros (Masbate),30.480025626718998,34.67055265791714,-0.0952177494764328,0.0238044373691082,8.69777561724186,0.670145,0.0,-2.6254528779893276,-0.9151008182493061,,2.78036190487911,
2015-05-07,Milagros (Masbate),30.539353609085083,34.67513043433428,-0.09155552834272385,0.004272591322660446,8.69777561724186,0.58808947,0.0,-2.2750056715999825,-1.4833714084190925,,2.71588687929511,
2015-05-08,Milagros (Masbate),30.49320962280035,34.6736045088619,-0.03906369209289551,-0.04943998530507088,8.69777561724186,0.98728305,0.11387792030164243,1.2151996730813541,-2.3406635402982006,,2.637312278502175,
2015-05-09,Milagros (Masbate),30.692434452474117,34.63698229752481,0.0238044373691082,-0.0024414807558059692,8.69777561724186,0.98621327,26.37412427163269,5.178744863332147,1.7081797331037385,,5.453189558421333,
2015-05-10,Milagros (Masbate),30.586230039596558,34.641560073941946,-0.030518509447574615,0.05615405738353729,8.69777561724186,0.8080422,0.0,-0.25508415699922193,3.0932766566946746,,3.1037764742333147,
2015-05-11,Milagros (Masbate),30.597216702997684,34.6446119248867,-0.09094515815377235,0.051271095871925354,8.545183062553406,0.66458315,0.0,-2.6029671744499145,0.9833626255034228,,2.7825240635977897,
2015-05-12,Milagros (Masbate),30.60747092217207,34.64918970130384,-0.09765923023223877,0.02685628831386566,8.545183062553406,0.6892516,0.0,-4.192328303325579,-0.6321914276349304,,4.2397267133672445,
2015-05-13,Milagros (Masbate),30.518845170736313,34.65834525413811,-0.09094515815377235,0.019531846046447754,8.545183062553406,0.72969884,0.0,-4.833117061215589,-1.315375616902782,,5.008915405649768,
2015-05-14,Milagros (Masbate),30.449995413422585,34.66902673244476,-0.08667256683111191,0.015259254723787308,8.545183062553406,0.5752773,0.0,-4.1661959157851,-1.7480880669221777,,4.518074844269423,
2015-05-15,Milagros (Masbate),30.46024963259697,34.679708210751414,-0.06958220154047012,0.0024414807558059692,8.545183062553406,1.5333196,0.0,-3.5406401005421473,-1.610211893461037,,3.8895905521546204,
2015-05-16,Milagros (Masbate),30.61992247402668,34.69344154000282,-0.06775109097361565,-0.012817773967981339,8.545183062553406,2.0685344,0.0,-2.178320913216144,-1.9521922843530917,,2.9250874715198787,
2015-05-17,Milagros (Masbate),30.647755354642868,34.702597092837095,-0.059816278517246246,-0.0079348124563694,8.545183062553406,1.4120404,0.0,-2.9021170164440333,-1.0906514332783994,,3.100290909906076,
2015-05-18,Milagros (Masbate),30.867488622665405,34.71175264567137,-0.05798516795039177,0.025635547935962677,8.69777561724186,1.5010145,0.0,-1.8300282846405762,0.17514433234606772,,1.8383903447683463,
2015-05-19,Milagros (Masbate),30.997131250798702,34.713278571143746,-0.040894802659749985,0.05066072568297386,8.69777561724186,0.9599761,0.0,-0.6296104045544819,0.9528758320700931,,1.1420952731127691,
2015-05-20,Milagros (Masbate),30.991271696984768,34.71022672019899,-0.05493331700563431,0.05615405738353729,8.545183062553406,1.5451385,0.0,-0.5415034697270227,1.0405131773046643,,1.1729849444349456,
2015-05-21,Milagros (Masbate),31.06158634275198,34.70717486925423,-0.06836146116256714,0.04821924492716789,8.545183062553406,0.7913138,0.08226400553333832,-0.8942583287914987,0.8745530716079283,,1.2508161470303405,
2015-05-22,Milagros (Masbate),31.134098321199417,34.71022672019899,-0.07080294191837311,0.046388134360313416,8.545183062553406,0.75350255,0.0,-2.4895763752304396,0.7250837068464566,,2.5930169513598886,
2015-05-23,Milagros (Masbate),31.194891192018986,34.714804496616125,-0.05798516795039177,0.04943998530507088,8.545183062553406,0.6445703,0.0,-0.9382215435756739,0.8935485643756894,,1.2956421966451137,
2015-05-24,Milagros (Masbate),31.40949735045433,34.71938227303326,-0.04516739398241043,0.05615405738353729,8.69777561724186,0.99969107,0.0,0.49372097220509975,0.8708722275104401,,1.0010888247524017,
2015-05-25,Milagros (Masbate),31.402172908186913,34.71785634756088,-0.04699850454926491,0.054322946816682816,8.545183062553406,1.383383,0.0,-0.8348157831188053,1.7917674711020384,,1.9767013083022074,
2015-05-26,Milagros (Masbate),31.5772270783782,34.71938227303326,-0.056764427572488785,0.05005035549402237,8.69777561724186,0.5414694,3.8352809861513952,-0.510775319227155,0.25277884614147567,,0.569902247572527,
2015-05-27,Milagros (Masbate),31.72811058908701,34.716330422088504,-0.04028443247079849,0.04211554303765297,8.69777561724186,1.3383914,0.0,0.29743221142868126,0.33720473844607574,,0.44963647096942894,
2015-05-28,Milagros (Masbate),31.840907000005245,34.714804496616125,-0.03418073058128357,0.04516739398241043,8.69777561724186,1.3374742,0.0,0.2959630817750369,0.26988931973811914,,0.40054262030710525,
2015-05-29,Milagros (Masbate),31.941984303295612,34.714804496616125,-0.04821924492716789,0.04699850454926491,8.69777561724186,1.3936337,0.0,-1.4354454396788783,0.5764340053788424,,1.5468612649012785,
2015-05-30,Milagros (Masbate),31.983001179993153,34.71785634756088,-0.059205908328294754,0.0476088747382164,8.69777561724186,0.694891,0.0,-1.2389888216123297,-0.015149627972478196,,1.2390814385293702,
2015-05-31,Milagros (Masbate),31.955900743603706,34.7239600494504,-0.07507553324103355,0.03784295171499252,8.545183062553406,0.8851484,0.0,-2.9522176339485275,0.006148541686222902,,2.952224036681754,
2015-06-01,Milagros (Masbate),31.788903459906578,34.727011900395155,-0.07568590342998505,0.022583696991205215,8.545183062553406,1.34537,0.0,-3.3652813695230734,-0.6586125709522832,,3.4291236802826854,
2015-06-02,Milagros (Masbate),31.74056214094162,34.72243412397802,-0.07629627361893654,0.01892147585749626,8.545183062553406,0.8349018,0.0,-3.1188871898837474,-0.40291723025487985,,3.1448051764230485,
2015-06-03,Milagros (Masbate),31.784508794546127,34.70717486925423,-0.06897183135151863,0.0158696249127388,8.69777561724186,0.57002,0.0,-1.2267654993248145,-1.1703999343308331,,1.6955204500728618,
2015-06-04,Milagros (Masbate),31.686361268162727,34.69954524189234,-0.07080294191837311,0.007324442267417908,8.545183062553406,0.45029503,0.0,-2.8774898178953974,-1.1344756296262601,,3.093053928774535,
2015-06-05,Milagros (Masbate),31.5684377476573,34.691915614530444,-0.062257759273052216,0.031128879636526108,8.545183062553406,0.4641771,22.810094477438778,-2.067591076071826,0.4948085523475197,,2.1259746850158163,
2015-06-06,Milagros (Masbate),31.50398265570402,34.68428598716855,-0.0714133121073246,0.038453321903944016,8.545183062553406,0.5779988,0.0,-1.9140754775713384,0.7908926872173009,,2.071037463817048,
2015-06-07,Milagros (Masbate),31.489333771169186,34.67513043433428,-0.07812738418579102,0.035401470959186554,8.545183062553406,0.69484854,9.229811292149234,-1.6016799857207595,-0.2910495556742515,,1.6279092789577163,
2015-06-08,Milagros (Masbate),31.55232397466898,34.64766377583146,-0.08117923513054848,0.02868739888072014,8.69777561724186,0.7607853,0.0,-2.1110994566568126,0.09228969970220087,,2.1131157811553565,
2015-06-09,Milagros (Masbate),31.412427127361298,34.63545637205243,-0.0634784996509552,0.04272591322660446,8.545183062553406,2.0889919,9.229811292149234,-1.5327455943360202,0.4818341347591465,,1.6066963591094539,
2015-06-10,Milagros (Masbate),31.469557777047157,34.6232489682734,-0.07873775437474251,0.030518509447574615,8.69777561724186,0.5704065,9.229811292149234,-1.965375660657791,0.2509683011926057,,1.9813345441165535,
2015-06-11,Milagros (Masbate),31.398510687053204,34.61409341543913,-0.08301034569740295,0.01831110566854477,8.69777561724186,0.62725365,0.0,-2.8867532216692826,-0.81265511149782,,2.998958568080179,
2015-06-12,Milagros (Masbate),31.30768760293722,34.60036008618772,-0.08362071588635445,0.028077028691768646,8.545183062553406,2.1888447,0.0,-3.2828978787881518,-0.790340096650284,,3.3766930495567595,
2015-06-13,Milagros (Masbate),31.304025381803513,34.583574905991554,-0.08606219664216042,0.025025177747011185,8.545183062553406,2.1888306,0.0,-3.6741292800744856,-0.21370902584372908,,3.6803393205556105,
2015-06-14,Milagros (Masbate),31.238837845623493,34.56526380032301,-0.08362071588635445,0.030518509447574615,8.545183062553406,0.8508731,0.0,-3.4627521890100588,-0.2629830350104786,,3.4727241179220205,
2015-06-15,Milagros (Masbate),31.16852319985628,34.534745290875435,-0.08239997550845146,0.03234962001442909,8.545183062553406,0.51557505,0.0,-3.2445041510827526,0.4201494533104642,,3.271594832724599,
2015-06-16,Milagros (Masbate),31.071840561926365,34.48896752670407,-0.07263405248522758,0.04028443247079849,8.545183062553406,1.2518777,4.426555737036962,-2.525882225438662,0.6728272573774947,,2.613958212186471,
2015-06-17,Milagros (Masbate),31.239570289850235,34.44166383706033,-0.021973326802253723,0.043336283415555954,8.69777561724186,0.8838272,8.853111474073923,0.47584209519905785,0.6897597900765962,,0.8379703261869953,
2015-06-18,Milagros (Masbate),31.205877855420113,34.43403420969844,-0.01037629321217537,0.04150517284870148,8.69777561724186,0.8830999,10.117842287369239,0.8183148807631574,0.7786123082219422,,1.1295469758239898,
2015-06-19,Milagros (Masbate),31.23737295717001,34.41114532761276,0.015259254723787308,0.01892147585749626,8.69777561724186,0.8767568,6.579812512194651,2.254376895868445,1.0085352807881716,,2.469687956244659,
2015-06-20,Milagros (Masbate),31.112857438623905,34.39588607288897,0.027466658502817154,0.011597033590078354,8.69777561724186,0.82771593,13.279667867850096,4.409651842784199,0.8379527196507057,,4.488562591179953,
2015-06-21,Milagros (Masbate),31.038880571722984,34.391308296471834,0.028077028691768646,0.006714072078466415,8.545183062553406,0.78593963,0.0,1.5917409959504472,2.186714074998482,,2.7046918205196295,
2015-06-22,Milagros (Masbate),31.055726788938046,34.389782370999455,0.006103701889514923,0.030518509447574615,8.545183062553406,0.7788353,15.39015384619908,0.7462408604443244,2.446947191832515,,2.558207571995227,
2015-06-23,Milagros (Masbate),31.14362009614706,34.37299719080329,0.0,0.028077028691768646,8.69777561724186,0.5315195,15.672573720224003,0.9986178649554888,1.0962712509612482,,1.4829188433263631,
2015-06-24,Milagros (Masbate),31.358226254582405,34.36231571249664,-0.04028443247079849,0.027466658502817154,8.69777561724186,0.5236303,38.3355530822011,1.3563169704894762,-0.0999921277556312,,1.3599978492816998,
2015-06-25,Milagros (Masbate),31.582354187965393,34.319589799270034,-0.008545182645320892,-0.0238044373691082,8.69777561724186,0.5393972,0.0,1.1211685512568255,-0.3369049352630761,,1.170693749762057,
2015-06-26,Milagros (Masbate),31.561845749616623,34.32721942663193,-0.029908139258623123,0.02929776906967163,8.69777561724186,0.50469476,0.0,1.7008559044090286,0.4705511775326018,,1.7647462192169083,
2015-06-27,Milagros (Masbate),31.76033813506365,34.31348609738052,-0.04943998530507088,-0.012817773967981339,8.69777561724186,0.4607056,0.0,0.10076779708081701,-0.3981055407095289,,0.41066065123426065,
2015-06-28,Milagros (Masbate),31.74129458516836,34.281441662460566,-0.03357036039233208,-0.039674062281847,8.69777561724186,0.427879,35.3854888041653,1.6366809691197228,-1.0789297975680583,,1.9603096956243742,
2015-06-29,Milagros (Masbate),31.55598619580269,34.282967587932944,0.016479995101690292,-0.06591998040676117,8.69777561724186,0.44407588,1.3958859163172104,2.9071633239665102,-0.1002813366268477,,2.9088923903595463,
2015-06-30,Milagros (Masbate),31.394116021692753,34.27838981151581,0.05066072568297386,-0.038453321903944016,8.69777561724186,0.5444709,0.7825096238699211,3.4322244039232235,1.1712422161086156,,3.626564860536917,
2015-07-01,Milagros (Masbate),31.18829919397831,34.270760184153914,0.0555436871945858,-0.0079348124563694,8.69777561724186,0.42500797,3.627806501988223,4.204130115312047,2.6375036034201447,,4.962976454158123,
2015-07-02,Milagros (Masbate),30.907040610909462,34.258552780374885,0.04272591322660446,0.005493331700563431,8.545183062553406,0.47341058,12.620194421578613,5.112534827549225,3.4019905647063897,,6.140973226228485,
2015-07-03,Milagros (Masbate),30.54594560712576,34.235663898289204,0.04821924492716789,0.010986663401126862,8.545183062553406,0.53968525,25.39464481268645,6.367134823158287,5.039382259894705,,8.120084939064146,
2015-07-04,Milagros (Masbate),30.16946927458048,34.20667131431401,0.03418073058128357,0.020142216235399246,8.545183062553406,0.5623223,13.200792095965836,5.463267230319926,7.342205182012479,,9.151790303796217,
2015-07-05,Milagros (Masbate),29.82229071110487,34.18836020864546,0.01892147585749626,0.024414807558059692,8.545183062553406,0.552939,10.729162761695969,4.227712149656372,7.1858203896413135,,8.337239632668414,
2015-07-06,Milagros (Masbate),29.644306764006615,34.18836020864546,0.03906369209289551,0.0158696249127388,8.545183062553406,0.63105786,0.0,4.4799687618640345,4.618325547169095,,6.4342094282757305,
2015-07-07,Milagros (Masbate),29.615741439163685,34.1929379850626,0.051271095871925354,0.012207403779029846,8.545183062553406,0.6846523,0.0,5.413168028901473,4.301018306911701,,6.913837327093447,
2015-07-08,Milagros (Masbate),29.602557443082333,34.186834283173084,0.056764427572488785,0.012817773967981339,8.545183062553406,0.6824664,16.98643278543654,5.494834431630574,4.876204662602152,,7.3464669973134615,
2015-07-09,Milagros (Masbate),29.396008171141148,34.160893550142646,0.040894802659749985,0.017090365290641785,8.545183062553406,0.69154847,25.13222421642249,4.227655714792016,6.931784115513341,,8.11927976281743,
2015-07-10,Milagros (Masbate),29.136722914874554,34.1425824444741,0.01037629321217537,0.025025177747011185,8.545183062553406,0.709589,12.028673351899123,2.7976940010353113,7.3317015897549975,,7.84735241496423,
2015-07-11,Milagros (Masbate),29.060548715293407,34.1425824444741,-0.007324442267417908,0.03418073058128357,8.545183062553406,0.8651406,0.0,2.5002567133671305,5.642084886875691,,6.171256395860447,
2015-07-12,Milagros (Masbate),29.152836687862873,34.150212071835995,-0.0006103701889514923,0.035401470959186554,8.545183062553406,0.88642913,0.0,2.8879166120418684,3.67944956154115,,4.677436416888288,
2015-07-13,Milagros (Masbate),29.349864184856415,34.15936762467027,0.008545182645320892,0.04211554303765297,8.545183062553406,0.84573036,0.0,2.404055275745745,2.661321270254009,,3.5863787686672697,
2015-07-14,Milagros (Masbate),29.459730818867683,34.16852317750454,0.0079348124563694,0.04028443247079849,8.545183062553406,0.8483406,5.19017956102112,3.030345733335031,3.2886469269433434,,4.471934019374137,
2015-07-15,Milagros (Masbate),29.51539658010006,34.17920465581119,0.012207403779029846,0.031128879636526108,8.545183062553406,0.7525205,0.0,3.2722547528046593,3.53934166762304,,4.820227236077706,
2015-07-16,Milagros (Masbate),29.562273010611534,34.18378243222833,-0.006714072078466415,0.04150517284870148,8.545183062553406,0.76409084,0.0,2.1462992748780216,4.319183570961375,,4.823064098371965,
2015-07-17,Milagros (Masbate),29.584246337413788,34.18836020864546,-0.025025177747011185,0.04577776417136192,8.545183062553406,1.3202877,10.004837895020026,1.598614699364222,3.944606375718119,,4.25622936604448,
2015-07-18,Milagros (Masbate),29.659688092768192,34.1929379850626,-0.03357036039233208,0.05310220643877983,8.545183062553406,1.3331214,0.0,0.359938397390291,3.0890639576786105,,3.109963309195935,
2015-07-19,Milagros (Masbate),29.771752059459686,34.20514538884163,-0.06103701889514923,0.051881466060876846,8.545183062553406,1.4041394,3.286048873201103,-0.9892948278877146,0.5456882672214867,,1.1298141181046426,
2015-07-20,Milagros (Masbate),30.01419109851122,34.20514538884163,-0.09338663890957832,0.0476088747382164,8.69777561724186,1.4041337,0.0,-2.71471921011378,-0.6691045447838968,,2.7959616023134597,
2015-07-21,Milagros (Masbate),30.09256263077259,34.17615280486643,-0.08667256683111191,0.019531846046447754,8.69777561724186,1.3853188,16.944711532360643,-0.05024367115554263,-0.4565210263539629,,0.4592775565978181,
2015-07-22,Milagros (Masbate),30.138706617057323,34.15784169919789,-0.012817773967981339,0.048829615116119385,8.69777561724186,1.3005797,12.092902970845994,2.2883996035431116,0.9209879659966271,,2.466777569828069,
2015-07-23,Milagros (Masbate),30.107211515307426,34.17004910297692,0.001831110566854477,0.043946653604507446,8.545183062553406,1.3521928,0.0,2.0677267474131877,2.040233479654691,,2.904831587798475,
2015-07-24,Milagros (Masbate),30.089632853865623,34.15784169919789,0.020142216235399246,0.02868739888072014,8.545183062553406,0.8025187,0.0,2.730826809916352,1.571067835314566,,3.1505030088730144,
2015-07-25,Milagros (Masbate),30.240516364574432,34.14105651900172,0.0158696249127388,0.02868739888072014,8.69777561724186,1.0285629,0.0,0.868970233721498,0.6759385137028288,,1.1009096881219567,
2015-07-26,Milagros (Masbate),30.28519546240568,34.11969356238842,-0.05066072568297386,0.04516739398241043,8.69777561724186,0.8557358,0.0,-0.0818230936881056,-0.38444452173334426,,0.39305547821073844,
2015-07-27,Milagros (Masbate),30.255165249109268,34.115115785971284,-0.06164738908410072,0.027466658502817154,8.69777561724186,0.621358,0.0,-1.4521305168745233,-0.5986510519706633,,1.5706896956636127,
2015-07-28,Milagros (Masbate),30.356242552399635,34.113589860498905,-0.06286812946200371,-0.008545182645320892,8.69777561724186,0.7962083,24.306589689506236,-0.7336892219623866,-1.2835597942055021,,1.4784537935710549,
2015-07-29,Milagros (Masbate),30.424359865486622,34.09833060577512,-0.023194067180156708,-0.062257759273052216,8.69777561724186,0.5645543,24.306589689506236,-0.1096786260146326,-1.932473029271576,,1.9355829638293778,
2015-07-30,Milagros (Masbate),30.437543861567974,34.090700978413224,-0.06714072078466415,-0.02929776906967163,8.69777561724186,0.50821453,0.2628364272823682,-1.563795266531827,-2.203124021454879,,2.7017052188458432,
2015-07-31,Milagros (Masbate),30.424359865486622,34.08459727652371,-0.0634784996509552,-0.02624591812491417,8.69777561724186,0.4082942,0.0,-1.8786591213568786,-1.674969144266966,,2.5169190945486926,
2015-08-01,Milagros (Masbate),30.696829117834568,34.06323431991041,-0.03357036039233208,0.0012207403779029846,8.69777561724186,0.39977327,0.0,-0.21519667493883432,-0.7047877163692238,,0.7369093119574998,
2015-08-02,Milagros (Masbate),30.817682415246964,34.066286170855165,-0.02868739888072014,0.028077028691768646,8.69777561724186,0.37812975,20.233053876710468,0.16012816345135017,0.2566292320584249,,0.3024889939769697,
2015-08-03,Milagros (Masbate),30.870418399572372,34.06170839443803,0.01342814415693283,-0.01342814415693283,8.69777561724186,0.460257,0.0,1.0441589371609097,0.8682819994809728,,1.358006449423447,
2015-08-04,Milagros (Masbate),30.786187313497066,34.04644913971424,0.051271095871925354,-0.035401470959186554,8.69777561724186,0.58573633,0.0,2.462991285190205,1.4460893721660841,,2.856133845465684,
2015-08-05,Milagros (Masbate),30.575975820422173,34.03576766140759,0.07446516305208206,-0.0158696249127388,8.545183062553406,0.44858328,20.233053876710468,3.980871631141921,2.5177142922901563,,4.710225493671472,
2015-08-06,Milagros (Masbate),30.34232611209154,34.01440470479429,0.062257759273052216,0.0,8.545183062553406,0.4493928,14.042428388073285,4.9582558580614675,4.290076884318061,,6.556604367152331,
2015-08-07,Milagros (Masbate),30.09695729613304,34.00067137554288,0.01342814415693283,0.027466658502817154,8.545183062553406,0.45621258,28.08485677614657,4.3888761433961525,6.417014673055341,,7.774336699441274,
2015-08-08,Milagros (Masbate),29.861110255122185,33.98998989723623,-0.01037629321217537,0.03662221133708954,8.545183062553406,0.5489402,0.0,3.7825121120614567,5.386529660865025,,6.581952572395999,
2015-08-09,Milagros (Masbate),29.750511176884174,33.98388619534671,-0.020142216235399246,0.03906369209289551,8.545183062553406,0.6241992,0.0,2.3853624895431693,4.301572038463578,,4.918686431214262,
2015-08-10,Milagros (Masbate),29.825220488011837,33.98693804629147,-0.015259254723787308,0.039674062281847,8.545183062553406,0.63166803,0.0,0.8575034333390542,1.9644211679891914,,2.143423118152896,
2015-08-11,Milagros (Masbate),30.024445317685604,33.99151582270861,-0.031128879636526108,0.05005035549402237,8.545183062553406,0.60716313,7.024321069581997,-0.6924971294307701,0.7913580674631374,,1.0515701903386423,
2015-08-12,Milagros (Masbate),30.217810593545437,33.99609359912574,-0.04821924492716789,0.0476088747382164,8.69777561724186,0.5232534,0.0,-0.619312001426492,-0.09774776879379642,,0.6269784537087799,
2015-08-13,Milagros (Masbate),30.486617624759674,33.98541212081909,-0.0634784996509552,0.035401470959186554,8.69777561724186,0.7784786,7.024321069581997,-0.6814733561446773,1.2558739366728726,,1.4288545342158903,
2015-08-14,Milagros (Masbate),30.663869127631187,34.005249151960015,-0.02929776906967163,0.03784295171499252,8.69777561724186,0.943717,7.024321069581997,0.30668927434866533,0.8081145378633393,,0.864353757038511,
2015-08-15,Milagros (Masbate),30.833796188235283,34.005249151960015,-0.06958220154047012,0.027466658502817154,8.69777561724186,0.6894151,10.396098942592225,0.8748764276082667,-0.22286722287552865,,0.9028170150240042,
2015-08-16,Milagros (Masbate),31.080629892647266,33.99609359912574,-0.03906369209289551,-0.03357036039233208,8.69777561724186,0.69020426,16.09151577320834,1.1521085951454648,0.07672715497040751,,1.1546606736690697,
2015-08-17,Milagros (Masbate),31.06964322924614,33.993041748180985,-0.012817773967981339,-0.06836146116256714,8.69777561724186,0.43899325,0.0,2.0361031653266823,0.11822318505283426,,2.039532500681804,
2015-08-18,Milagros (Masbate),30.97222814708948,33.99761952459812,0.03784295171499252,-0.08789330720901489,8.69777561724186,0.3455368,0.0,3.988803264718577,-0.29259144919626034,,3.999520126311699,
2015-08-19,Milagros (Masbate),30.73857843875885,33.994567673653364,0.09582811966538429,-0.05737479776144028,8.69777561724186,0.3457005,0.0,6.65504635428546,2.6756435559890726,,7.172775642413057,
2015-08-20,Milagros (Masbate),30.457319855690002,33.98998989723623,0.07812738418579102,-0.0012207403779029846,8.545183062553406,0.34263557,18.137310008731866,7.738114723894026,5.08816648473262,,9.26109376134924,
2015-08-21,Milagros (Masbate),30.004669323563576,33.98846397176385,0.04577776417136192,0.012207403779029846,8.545183062553406,0.39132902,25.06414630882155,6.300770003994259,6.967728719646009,,9.39409102328765,
2015-08-22,Milagros (Masbate),29.702902302145958,33.97625656798482,0.011597033590078354,0.025025177747011185,8.545183062553406,0.68062466,25.06414630882155,5.020640968295167,6.60081783540708,,8.293228070465206,
2015-08-23,Milagros (Masbate),29.587908558547497,33.97167879156768,-0.01831110566854477,0.038453321903944016,8.545183062553406,0.6656827,0.0,3.343278463918142,5.63606316751311,,6.553069427031638,
2015-08-24,Milagros (Masbate),29.602557443082333,33.97473064251244,-0.03234962001442909,0.04577776417136192,8.545183062553406,0.66719997,0.0,2.0389178177789318,3.8343908158950923,,4.342780076941156,
2015-08-25,Milagros (Masbate),29.73293251544237,33.97930841892958,-0.0317392498254776,0.04821924492716789,8.545183062553406,0.7607848,0.0,1.4968192389180308,1.4955656550665875,,2.115935836127812,
2015-08-26,Milagros (Masbate),30.12112795561552,33.98541212081909,-0.0048829615116119385,0.05615405738353729,8.69777561724186,0.6166268,0.0,1.5863651378639512,-0.3769019166729397,,1.6305242731777556,
2015-08-27,Milagros (Masbate),30.363566994667053,33.98388619534671,-0.06530961021780968,-0.028077028691768646,8.69777561724186,0.61627686,0.0,0.2747818459473314,-1.056473167596097,,1.0916229278980696,
2015-08-28,Milagros (Masbate),30.31742300838232,33.93963435664773,-0.07080294191837311,-0.007324442267417908,8.69777561724186,0.6210319,0.0,0.8893608978339567,-1.8191361817976852,,2.0248998134528735,
2015-08-29,Milagros (Masbate),30.49320962280035,33.956419536843896,0.01892147585749626,-0.019531846046447754,8.69777561724186,0.74855554,0.0,3.8769942189062623,-0.8751231318520108,,3.974534522347875,
2015-08-30,Milagros (Masbate),30.57890559732914,33.9777824934572,0.04699850454926491,-0.05737479776144028,8.69777561724186,0.7485982,0.0,3.681857035337792,0.026334539277066228,,3.6819512132326433,
2015-08-31,Milagros (Masbate),30.66972868144512,33.97473064251244,0.04699850454926491,-0.035401470959186554,8.69777561724186,0.9795342,0.0,3.7280239291865698,-0.49593307078916377,,3.760865861379536,
2015-09-01,Milagros (Masbate),30.90264594554901,33.96404916420579,-0.012817773967981339,-0.01831110566854477,8.69777561724186,0.9795799,0.0,2.301634715808264,-0.659588612660196,,2.394280581503511,
2015-09-02,Milagros (Masbate),30.879207730293274,33.97473064251244,-0.08178960531949997,0.05615405738353729,8.69777561724186,0.55374676,22.247723490422928,0.019615447578984795,0.40044501631321733,,0.4009251512113163,
2015-09-03,Milagros (Masbate),30.887997061014175,33.98388619534671,-0.09277626872062683,0.051881466060876846,8.69777561724186,0.3867989,7.995197677225418,-0.8344243800367737,0.2107288892915299,,0.8606222811325512,
2015-09-04,Milagros (Masbate),31.12311165779829,33.97930841892958,-0.06836146116256714,0.02136295661330223,8.69777561724186,0.5704601,21.422608812730644,0.2915424680295325,-0.917301681098759,,0.9625172127351075,
2015-09-05,Milagros (Masbate),31.175115197896957,33.97320471704006,-0.03479110077023506,0.032959990203380585,8.69777561724186,0.53987986,6.8419387867678,2.159730205628329,0.3112712893837076,,2.182045915350541,
2015-09-06,Milagros (Masbate),31.199285857379436,33.97320471704006,0.02685628831386566,-0.012207403779029846,8.69777561724186,0.68168205,0.0,3.2019243850021306,1.4562696027190827,,3.5175333577771326,
2015-09-07,Milagros (Masbate),31.12750632315874,33.97625656798482,0.04211554303765297,0.0024414807558059692,8.69777561724186,0.72134304,0.0,2.672657155451366,2.4895339095323803,,3.652516304863945,
2015-09-08,Milagros (Masbate),31.060853898525238,33.98541212081909,0.03723258152604103,0.0048829615116119385,8.545183062553406,0.6946351,0.0,2.9611222676308633,2.59769751099552,,3.9390706318231543,
2015-09-09,Milagros (Masbate),31.035950794816017,33.98998989723623,0.04577776417136192,-0.015259254723787308,8.69777561724186,0.51617724,0.0,4.36211024696015,1.429876662628569,,4.590485059006788,
2015-09-10,Milagros (Masbate),31.042542792856693,33.970152866095304,0.0555436871945858,-0.05859553813934326,8.69777561724186,0.63803864,22.273918639331995,4.588475096692526,0.564061489964698,,4.623015150032355,
2015-09-11,Milagros (Masbate),30.887997061014175,33.96557508967817,0.0476088747382164,-0.06042664870619774,8.69777561724186,0.85509825,0.0,4.270376714158677,1.8110047316072504,,4.638518666420618,
2015-09-12,Milagros (Masbate),30.93121127039194,33.95489361137152,0.017700735479593277,0.008545182645320892,8.69777561724186,1.4572866,0.0,2.415936657773301,1.139011026960271,,2.670972866561905,
2015-09-13,Milagros (Masbate),31.019837021827698,33.945738058537245,-0.015259254723787308,0.03234962001442909,8.69777561724186,1.4786625,31.293066682486696,1.5997463771862033,0.5459033952271792,,1.6903251131782147,
2015-09-14,Milagros (Masbate),31.089419223368168,33.919797325506806,-0.02929776906967163,0.012817773967981339,8.69777561724186,0.69156826,0.0,1.6550334733911216,-0.9181581025160646,,1.892656888942362,
2015-09-15,Milagros (Masbate),31.014709912240505,33.93810843117535,-0.07690664380788803,-0.010986663401126862,8.69777561724186,0.6471977,0.0,0.3475289222909648,-1.4257440482646613,,1.4674884813826732,
2015-09-16,Milagros (Masbate),31.035218350589275,33.9274269528687,-0.05798516795039177,-0.0476088747382164,8.69777561724186,0.5364961,16.014301464475434,0.6768490904083122,-1.7545729622087785,,1.8805985671856307,
2015-09-17,Milagros (Masbate),31.039613015949726,33.956419536843896,-0.0476088747382164,-0.07507553324103355,8.69777561724186,0.4324227,26.976442073953564,-0.8059953634844751,-2.164457879769673,,2.3096550476760593,
2015-09-18,Milagros (Masbate),31.096743665635586,33.97320471704006,-0.07019257172942162,-0.05005035549402237,8.69777561724186,0.45370346,7.327954091116574,-0.38253921534026697,-1.8495375605874522,,1.8886835201528418,
2015-09-19,Milagros (Masbate),31.08209478110075,33.9991454500705,-0.0714133121073246,-0.03784295171499252,8.69777561724186,0.45680788,0.0,-0.07523142975085935,-1.3879899864921623,,1.3900273272942771,
2015-09-20,Milagros (Masbate),31.21320229768753,34.0205084066838,-0.06103701889514923,-0.046388134360313416,8.69777561724186,0.6297421,0.0,-0.014552544333291187,-1.0409412767641524,,1.0410429953743294,
2015-09-21,Milagros (Masbate),31.517899096012115,34.017456555739045,-0.007324442267417908,-0.04211554303765297,8.69777561724186,0.4831255,0.0,2.166036123678825,-0.8951278099950272,,2.3437078071526076,
2015-09-22,Milagros (Masbate),31.267403170466423,34.040345437824726,0.027466658502817154,-0.08239997550845146,8.69777561724186,0.51918435,0.0,3.9371428461439466,-1.1396533729791807,,4.098768546952277,
2015-09-23,Milagros (Masbate),31.060121454298496,34.05102691613138,0.07507553324103355,-0.05859553813934326,8.69777561724186,0.5663014,0.0,5.410653022538976,0.4537700825044215,,5.429647632957983,
2015-09-24,Milagros (Masbate),30.85650195926428,34.05560469254851,0.08606219664216042,-0.04211554303765297,8.545183062553406,0.5651689,0.0,5.536258929930739,1.0337682095974514,,5.631948122134308,
2015-09-25,Milagros (Masbate),30.650685131549835,34.05713061802089,0.07690664380788803,-0.025025177747011185,8.545183062553406,0.5989971,0.0,4.937548102337686,2.3257250038603012,,5.457873034111318,
2015-09-26,Milagros (Masbate),30.451460301876068,34.06018246896565,0.05737479776144028,-0.001831110566854477,8.545183062553406,0.60159457,0.0,5.351294604895051,3.3788949987211354,,6.3287664959896865,
2015-09-27,Milagros (Masbate),30.30863367766142,34.064760245382786,0.03234962001442909,0.016479995101690292,8.545183062553406,0.58524764,0.0,4.3892995395773395,4.018039066852611,,5.9506796578951935,
2015-09-28,Milagros (Masbate),30.188512824475765,34.07391579821706,-0.009765923023223877,0.03479110077023506,8.545183062553406,0.5928758,0.0,2.51988318817681,4.007282818177176,,4.733722305640048,
2015-09-29,Milagros (Masbate),30.20682393014431,34.089175052940845,-0.051271095871925354,0.04516739398241043,8.545183062553406,0.5994135,0.0,0.2965581133710631,1.4673434450531184,,1.4970115231174936,
2015-09-30,Milagros (Masbate),30.36649677157402,34.08612320199609,-0.09277626872062683,0.017090365290641785,8.69777561724186,0.58960396,26.326383188336663,-0.045882080433799516,-1.7734212542655001,,1.7740146871955578,
2015-10-01,Milagros (Masbate),30.363566994667053,34.07238987274468,-0.017700735479593277,0.046388134360313416,8.69777561724186,0.7078599,54.25650412073966,4.097811113239134,3.2387918825470146,,5.223201008791312,
2015-10-02,Milagros (Masbate),30.237586587667465,34.0922269038856,-0.04028443247079849,0.04272591322660446,8.545183062553406,0.7681231,4.405549662591961,0.4233150218062992,2.5309819081295677,,2.566138154302308,
2015-10-03,Milagros (Masbate),30.371623881161213,34.101382456719875,-0.07812738418579102,0.04150517284870148,8.545183062553406,0.82242364,0.0,-1.1682584957577962,-1.046894627540366,,1.568698911226482,
2015-10-04,Milagros (Masbate),30.297647014260292,34.09833060577512,-0.0634784996509552,-0.012207403779029846,8.545183062553406,0.8306074,10.851301106187924,-2.7615122445519775,-2.9185023424175847,,4.017910626122417,
2015-10-05,Milagros (Masbate),30.312295898795128,34.10443430766463,-0.054322946816682816,-0.017700735479593277,8.545183062553406,0.75366974,0.0,-2.0115086063713976,-2.5437342288796922,,3.2429540084127564,
2015-10-06,Milagros (Masbate),30.430219419300556,34.11664171144366,-0.0555436871945858,-0.029908139258623123,8.69777561724186,0.7854537,0.0,-0.9126762180605689,-1.604956079954477,,1.8463103470424969,
2015-10-07,Milagros (Masbate),30.606738477945328,34.125797264277935,-0.039674062281847,-0.04821924492716789,8.69777561724186,0.76069355,0.0,0.766959139379834,0.01776845751014872,,0.7671649363471622,
2015-10-08,Milagros (Masbate),30.82500685751438,34.127323189750314,0.010986663401126862,-0.03479110077023506,8.69777561724186,0.5852889,0.0,1.7712081467814604,0.23167496936597656,,1.7862954936560025,
2015-10-09,Milagros (Masbate),30.99566636234522,34.1425824444741,-0.0158696249127388,-0.006714072078466415,8.69777561724186,0.4804954,0.0,1.8941406793195992,0.12993360954171393,,1.8985920193506163,
2015-10-10,Milagros (Masbate),31.141422763466835,34.15326392278075,-0.04699850454926491,0.03784295171499252,8.69777561724186,0.59420127,0.0,1.166387025352001,-0.22690292884500335,,1.188252343581922,
2015-10-11,Milagros (Masbate),31.226386293768883,34.15173799730837,-0.0714133121073246,0.0012207403779029846,8.69777561724186,1.117039,0.0,-0.0017920219033431487,-1.2461434559360247,,1.2461447444477232,
2015-10-12,Milagros (Masbate),31.09820855408907,34.162419475615025,-0.0634784996509552,-0.02136295661330223,8.69777561724186,1.7986565,3.8601025712901147,-1.2938601855305822,-1.9248491984090856,,2.319292697422499,
2015-10-13,Milagros (Masbate),30.880672618746758,34.162419475615025,-0.04455702379345894,-0.023194067180156708,8.545183062553406,0.76014787,0.0,-0.791252606501441,-2.5064969780775423,,2.6284230611541926,
2015-10-14,Milagros (Masbate),30.72173222154379,34.15631577372551,-0.01831110566854477,-0.03906369209289551,8.545183062553406,0.76015174,12.692167247284738,0.18413284986108458,-3.530108721781367,,3.5349077065738,
2015-10-15,Milagros (Masbate),30.478560738265514,34.15936762467027,0.048829615116119385,-0.03662221133708954,8.545183062553406,0.7607299,11.808584387355596,2.963420072714451,-3.9402573127197806,,4.930262286918277,
2015-10-16,Milagros (Masbate),30.144566170871258,34.125797264277935,0.10010071098804474,-0.02624591812491417,8.545183062553406,0.7691285,48.84151781403269,7.8406446643110055,1.2358624936434037,,7.937446998574739,
2015-10-17,Milagros (Masbate),29.88821069151163,34.041871363297105,0.06103701889514923,0.0079348124563694,8.545183062553406,1.1188446,14.88831320640765,7.177904013111295,7.574412557544851,,10.435230309549109,
2015-10-18,Milagros (Masbate),29.645039208233356,33.98541212081909,0.009155552834272385,0.02624591812491417,8.545183062553406,1.0555274,0.0,5.431124736863069,7.176643747652079,,9.000073965700484,
2015-10-19,Milagros (Masbate),29.469252593815327,33.97320471704006,0.0158696249127388,0.024414807558059692,8.545183062553406,1.2536422,0.0,5.054137987910403,6.061370690058392,,7.892054576796714,
2015-10-20,Milagros (Masbate),29.370372623205185,33.98541212081909,0.031128879636526108,0.017090365290641785,8.545183062553406,1.3233721,0.0,6.565265520819061,4.165316738360789,,7.7751253938264,
2015-10-21,Milagros (Masbate),29.349131740629673,34.00372322648764,0.04028443247079849,0.016479995101690292,8.545183062553406,1.0681177,0.0,5.471247206358591,4.172979399904635,,6.881010322991467,
2015-10-22,Milagros (Masbate),29.41724905371666,34.02203433215618,0.02624591812491417,0.024414807558059692,8.545183062553406,0.97686285,0.0,3.764719647383247,2.9753460568440437,,4.798520415854333,
2015-10-23,Milagros (Masbate),29.554216124117374,34.03576766140759,-0.010986663401126862,0.046388134360313416,8.545183062553406,1.3216528,0.0,0.5383067754279907,2.2739569926612218,,2.3368043540152326,
2015-10-24,Milagros (Masbate),29.742454290390015,34.041871363297105,-0.062257759273052216,0.05005035549402237,8.69777561724186,1.3216574,0.0,-2.076265557526314,-0.0389793334956242,,2.0766314198263056,
2015-10-25,Milagros (Masbate),29.80251471698284,34.054078767076135,-0.08056886494159698,0.0158696249127388,8.545183062553406,0.87073517,0.0,-2.7946029334116353,-0.6060143868476943,,2.8595557334137247,
2015-10-26,Milagros (Masbate),29.96511733531952,34.06781209632754,-0.08117923513054848,0.009765923023223877,8.69777561724186,1.4561713,0.0,-2.8760984422830593,-1.1443873086758087,,3.095410241302645,
2015-10-27,Milagros (Masbate),29.925565347075462,34.08307135105133,-0.07446516305208206,0.0006103701889514923,8.545183062553406,2.1266992,0.0,-3.142579969254556,-1.7867611178949032,,3.6150137144388554,
2015-10-28,Milagros (Masbate),29.811304047703743,34.09833060577512,-0.06653035059571266,-0.004272591322660446,8.545183062553406,1.2469434,0.0,-4.07339638839805,-3.4944698779764005,,5.366924432586942,
2015-10-29,Milagros (Masbate),29.660420536994934,34.10443430766463,-0.08423108607530594,0.009155552834272385,8.545183062553406,0.96539444,0.0,-4.581226207933221,-2.984341262441314,,5.467533844336404,
2015-10-30,Milagros (Masbate),29.550553902983665,34.09833060577512,-0.09338663890957832,0.01342814415693283,8.545183062553406,1.0349597,9.925889516215294,-4.911844167409286,-2.9609225707491027,,5.735265956769929,
2015-10-31,Milagros (Masbate),29.414319276809692,34.08764912746847,-0.09704886004328728,0.014648884534835815,8.545183062553406,0.9499129,3.4023339540431268,-5.582639090124759,-3.566640914261401,,6.624710304750872,
2015-11-01,Milagros (Masbate),29.312509529292583,34.06781209632754,-0.09765923023223877,0.017700735479593277,8.545183062553406,0.8703828,14.93380767868692,-5.6764497335108075,-3.360252164915824,,6.596466947457283,
2015-11-02,Milagros (Masbate),29.269295319914818,34.04644913971424,-0.10254219174385071,0.028077028691768646,8.545183062553406,0.9370381,16.991181127923497,-5.198229599791369,-1.64013304687645,,5.450837310322457,
2015-11-03,Milagros (Masbate),29.248054437339306,34.03424173593521,-0.09704886004328728,0.02624591812491417,8.545183062553406,1.2627122,0.0,-5.111926941204386,-1.4282855797991476,,5.307711065014129,
2015-11-04,Milagros (Masbate),29.259773544967175,34.03576766140759,-0.09033478796482086,0.014648884534835815,8.545183062553406,1.2637508,4.558972526999081,-4.800076640727969,-2.582736834057185,,5.450804097640828,
2015-11-05,Milagros (Masbate),29.272225096821785,34.043397288769484,-0.08667256683111191,0.015259254723787308,8.545183062553406,1.4278033,15.481792322278748,-4.706569721372468,-1.852153626723751,,5.057892011414049,
2015-11-06,Milagros (Masbate),29.264168210327625,34.052552841603756,-0.08178960531949997,0.010986663401126862,8.545183062553406,1.4271715,0.0,-4.769920906256471,-1.6905292149130793,,5.060635778083341,
2015-11-07,Milagros (Masbate),29.27808465063572,34.064760245382786,-0.07629627361893654,0.003662221133708954,8.545183062553406,0.7150528,0.0,-5.07965333267894,-2.931878525253919,,5.865048138510148,
2015-11-08,Milagros (Masbate),29.259041100740433,34.076967649161816,-0.06653035059571266,0.0012207403779029846,8.545183062553406,0.5979875,0.0,-4.6719424167553525,-2.864768485691339,,5.480323386634049,
2015-11-09,Milagros (Masbate),29.248054437339306,34.08459727652371,-0.0634784996509552,-0.0024414807558059692,8.545183062553406,0.7826444,0.0,-4.220688771097391,-2.5910502682558274,,4.952550372797455,
2015-11-10,Milagros (Masbate),29.220221556723118,34.09680468030274,-0.07019257172942162,0.0024414807558059692,8.545183062553406,1.5710547,0.0,-5.372334804486492,-3.3747946099323785,,6.344384911930041,
2015-11-11,Milagros (Masbate),29.177007347345352,34.115115785971284,-0.079348124563694,0.0079348124563694,8.545183062553406,1.0447508,0.0,-5.127154769856376,-2.2777326490725183,,5.610328159271247,
2015-11-12,Milagros (Masbate),29.168950460851192,34.136478742584586,-0.08362071588635445,0.010986663401126862,8.545183062553406,1.4991027,0.0,-4.789826216977581,-2.328479911549401,,5.325810162532539,
2015-11-13,Milagros (Masbate),29.228278443217278,34.162419475615025,-0.08056886494159698,0.01037629321217537,8.545183062553406,1.704479,0.0,-4.34704103975335,-2.5781969274133067,,5.054093904729442,
2015-11-14,Milagros (Masbate),29.2531815469265,34.18225650675595,-0.08178960531949997,0.008545182645320892,8.545183062553406,0.67300785,0.0,-4.342620488799291,-2.1901363134017338,,4.863645729390694,
2015-11-15,Milagros (Masbate),29.272225096821785,34.197515761479735,-0.08789330720901489,0.007324442267417908,8.545183062553406,0.9256759,0.0,-4.888682967654119,-2.1610418355265937,,5.345027873933646,
2015-11-16,Milagros (Masbate),29.27368998527527,34.220404643565416,-0.09338663890957832,0.016479995101690292,8.545183062553406,1.0558197,0.0,-5.400617899550998,-2.2958115268481754,,5.868340844204568,
2015-11-17,Milagros (Masbate),29.30738241970539,34.24176760017872,-0.09338663890957832,0.012817773967981339,8.545183062553406,0.7541281,0.0,-4.96496917427627,-2.955417153101461,,5.778010855853417,
2015-11-18,Milagros (Masbate),29.277352206408978,34.26313055679202,-0.08972441777586937,0.009765923023223877,8.545183062553406,0.8520034,0.0,-5.063930322926028,-3.014809645242952,,5.893425787477063,
2015-11-19,Milagros (Masbate),29.18799401074648,34.28754536435008,-0.08239997550845146,0.005493331700563431,8.545183062553406,1.6503416,0.0,-5.584373790618593,-3.9620110972293188,,6.847098843153657,
2015-11-20,Milagros (Masbate),29.088381595909595,34.316537948325276,-0.08239997550845146,0.005493331700563431,8.545183062553406,1.4145412,0.0,-5.165454569573823,-3.4088664283403225,,6.188884490487506,
2015-11-21,Milagros (Masbate),29.00488295406103,34.331797203049064,-0.07080294191837311,-0.0024414807558059692,8.545183062553406,0.71493614,0.0,-4.732722272652096,-3.3342480233049594,,5.789289247478506,
2015-11-22,Milagros (Masbate),28.998290956020355,34.34553053230047,-0.06530961021780968,-0.004272591322660446,8.545183062553406,0.5004225,0.0,-3.085111484077126,-3.5483718520724348,,4.702005494442188,
2015-11-23,Milagros (Masbate),29.05395671725273,34.36078978702426,-0.0317392498254776,-0.031128879636526108,8.545183062553406,0.4351044,0.0,-0.9837531923138092,-3.0384881006166458,,3.193772108491237,
2015-11-24,Milagros (Masbate),29.11914425343275,34.36841941438615,-0.02868739888072014,-0.03906369209289551,8.545183062553406,0.65739506,0.0,-1.2230766170785488,-3.0362533855753697,,3.273339431324256,
2015-11-25,Milagros (Masbate),29.137455359101295,34.37147126533091,-0.03234962001442909,-0.03723258152604103,8.545183062553406,0.70298856,0.0,-2.1428757711634,-2.8402142596525435,,3.557911411400343,
2015-11-26,Milagros (Masbate),29.070802934467793,34.38062681816518,-0.05249183624982834,-0.01342814415693283,8.545183062553406,0.60577923,0.0,-4.150371376024099,-2.865777373928337,,5.0436358429053705,
2015-11-27,Milagros (Masbate),28.956541635096073,34.389782370999455,-0.079348124563694,0.003662221133708954,8.545183062553406,0.47741583,0.0,-5.617737111334378,-3.4942048277723963,,6.615771884707895,
2015-11-28,Milagros (Masbate),28.835688337683678,34.39741199836135,-0.0952177494764328,0.01037629321217537,8.545183062553406,0.5483948,21.185323123274177,-6.6424555891577555,-3.5525261133356683,,7.53277226788816,
2015-11-29,Milagros (Masbate),28.763908803462982,34.40504162572324,-0.08667256683111191,0.007324442267417908,8.545183062553406,0.80520916,22.66488897002493,-4.9747755395989195,-3.3947172032401087,,6.022665237199065,
2015-11-30,Milagros (Masbate),28.760979026556015,34.41877495497465,-0.07019257172942162,-0.0012207403779029846,8.545183062553406,1.8280127,0.0,-3.994647048438399,-3.146509399174892,,5.085049305630532,
2015-12-01,Milagros (Masbate),28.748527474701405,34.43556013517082,-0.0714133121073246,0.0012207403779029846,8.545183062553406,1.8842689,0.16013885946834788,-4.284660773530758,-3.19002952519926,,5.3417793211509785,
2015-12-02,Milagros (Masbate),28.739738143980503,34.45692309178412,-0.07019257172942162,0.0048829615116119385,8.545183062553406,1.2838181,0.0,-4.0857530909782644,-2.635138739163219,,4.861824194176211,
2015-12-03,Milagros (Masbate),28.732413701713085,34.47218234650791,-0.06958220154047012,0.0012207403779029846,8.545183062553406,0.7441821,0.0,-4.672687171321528,-3.3079280642713336,,5.725067115713726,
2015-12-04,Milagros (Masbate),28.66136661171913,34.48286382481456,-0.07812738418579102,0.005493331700563431,8.545183062553406,0.920898,0.0,-5.849374501189229,-3.441116348588748,,6.7864912716135946,
2015-12-05,Milagros (Masbate),28.59984129667282,34.48133789934218,-0.10132145136594772,0.025635547935962677,8.545183062553406,0.7903581,0.16013885946834788,-5.21747079413894,-1.7257870027620763,,5.495483806417351,
2015-12-06,Milagros (Masbate),28.64085817337036,34.47218234650791,-0.08667256683111191,0.01342814415693283,8.545183062553406,1.0465847,44.76905825848995,-3.403788784704113,-2.091470302989992,,3.9950001400709048,
2015-12-07,Milagros (Masbate),28.6328012868762,34.47828604839742,-0.09094515815377235,0.015259254723787308,8.545183062553406,3.0382042,0.0,-4.988999386642224,-2.51493701201896,,5.587040634749253,
2015-12-08,Milagros (Masbate),28.58665730059147,34.49659715406597,-0.10559404268860817,0.022583696991205215,8.545183062553406,2.433117,0.0,-6.000529404502344,-2.3254414529871577,,6.435373422387258,
2015-12-09,Milagros (Masbate),28.54637286812067,34.51796011067927,-0.10925626382231712,0.031128879636526108,8.545183062553406,3.0831227,0.0,-4.699992129606267,-1.23903786898558,,4.860570013809201,
2015-12-10,Milagros (Masbate),28.676015496253967,34.52864158898592,-0.0872829370200634,0.024414807558059692,8.545183062553406,2.0561035,0.0,-2.9556673341773543,-1.217779373029478,,3.196710182625121,
2015-12-11,Milagros (Masbate),28.744132809340954,34.53932306729257,-0.06958220154047012,0.0024414807558059692,8.545183062553406,0.6024241,0.0,-3.619986373375485,-2.1177571335337024,,4.193947617705433,
2015-12-12,Milagros (Masbate),28.72582170367241,34.54390084370971,-0.04211554303765297,-0.014038514345884323,8.545183062553406,2.1788898,0.0,-2.7016743474285803,-3.170875299627098,,4.165752566504507,
2015-12-13,Milagros (Masbate),28.683339938521385,34.52711566351354,-0.03723258152604103,-0.01342814415693283,8.545183062553406,2.1787894,0.0,-1.2595814566161418,-4.947031002465062,,5.104866421876455,
2015-12-14,Milagros (Masbate),28.700186155736446,34.45692309178412,-0.08056886494159698,0.02075258642435074,8.69777561724186,1.3791913,128.45990717580304,3.303386820876715,-0.26343539134567806,,3.3138742724725425,
2015-12-15,Milagros (Masbate),28.684072382748127,34.39893792383373,-0.08484145626425743,0.04028443247079849,8.69777561724186,1.104778,19.555603669574733,-3.6891550875065913,5.8347382249625985,,6.903190234486911,
2015-12-16,Milagros (Masbate),28.722891926765442,34.36384163796902,-0.07751701399683952,0.027466658502817154,8.69777561724186,1.2715743,0.0,-2.7783774629685776,3.5844988978104424,,4.535197203555319,
2015-12-17,Milagros (Masbate),28.55809197574854,34.36231571249664,-0.06530961021780968,-0.0030518509447574615,8.545183062553406,1.3046573,0.0,-4.776463686516583,-1.682574592688348,,5.06415467857884,
2015-12-18,Milagros (Masbate),28.24387340247631,34.34705645777285,-0.08911404758691788,0.009765923023223877,8.545183062553406,1.3238504,48.599511454119884,-6.040218985973024,-4.4218852266695645,,7.485807528673679,
2015-12-19,Milagros (Masbate),27.952360600233078,34.331797203049064,-0.11963255703449249,0.027466658502817154,8.545183062553406,2.8214035,63.2835833102646,-7.012118670048827,-3.010210171654845,,7.6309352978767695,
2015-12-20,Milagros (Masbate),27.762657545506954,34.32416757568717,-0.13000885024666786,0.03723258152604103,8.545183062553406,2.84154,0.0,-5.654780770037777,-2.0511639690443193,,6.015298761083666,
2015-12-21,Milagros (Masbate),27.73262733221054,34.316537948325276,-0.11474959552288055,0.025635547935962677,8.545183062553406,2.8992953,0.0,-5.38544248226872,-2.4174155141676525,,5.903125316132391,
2015-12-22,Milagros (Masbate),27.70845667272806,34.32721942663193,-0.10498367249965668,0.021973326802253723,8.545183062553406,1.5400426,0.0,-5.475305243257064,-2.773250239190161,,6.1375796855117555,
2015-12-23,Milagros (Masbate),27.66231268644333,34.34400460682809,-0.08239997550845146,0.009155552834272385,8.545183062553406,1.5400118,0.0,-3.5389283698231853,-3.349016590937898,,4.87236350584772,
2015-12-24,Milagros (Masbate),27.65498824417591,34.3577379360795,-0.06836146116256714,0.001831110566854477,8.545183062553406,1.3402056,0.0,-3.7694247858791554,-3.8374221485407047,,5.379067945519082,
2015-12-25,Milagros (Masbate),27.647663801908493,34.37604904174805,-0.06103701889514923,-0.001831110566854477,8.545183062553406,1.3404503,0.0,-3.686966853065118,-2.7948872610022173,,4.62656669435483,
2015-12-26,Milagros (Masbate),27.607379369437695,34.40046384930611,-0.07812738418579102,0.006714072078466415,8.545183062553406,3.155443,0.0,-3.9396192387935156,-3.500047836021989,,5.269813526218381,
2015-12-27,Milagros (Masbate),27.55684071779251,34.42335273139179,-0.07385479286313057,0.0030518509447574615,8.545183062553406,0.89566976,0.0,-3.8796540024152333,-4.273839976331052,,5.772124680023981,
2015-12-28,Milagros (Masbate),27.444776751101017,34.44624161347747,-0.07019257172942162,0.001831110566854477,8.545183062553406,0.91276085,0.0,-4.606199286535928,-3.9397279810324037,,6.0612315936461085,
2015-12-29,Milagros (Masbate),27.33491011708975,34.47218234650791,-0.06714072078466415,0.0,8.545183062553406,0.9758778,0.0,-4.351386877883167,-4.719304976972105,,6.419221699449825,
2015-12-30,Milagros (Masbate),27.2411572560668,34.4798119738698,-0.07202368229627609,0.003662221133708954,8.545183062553406,0.87890327,0.0,-3.0245051110686774,-4.945716514744404,,5.797218558161844,
2015-12-31,Milagros (Masbate),27.173772387206554,34.4584490172565,-0.09399700909852982,0.014038514345884323,8.545183062553406,1.2059348,0.0,-5.231700853491136,-1.7357009105640557,,5.512109530057686,
2016-01-01,Milagros (Masbate),27.173039942979813,34.44776753894985,-0.12024292722344398,0.02929776906967163,8.545183062553406,2.828222,0.0,-5.410258242951712,-2.814385184398733,,6.098496390225219,
2016-01-02,Milagros (Masbate),27.20526748895645,34.45234531536698,-0.11841181665658951,0.0317392498254776,8.545183062553406,1.4551885,0.0,-4.844413696779583,-2.2475843927623473,,5.34041006554127,
2016-01-03,Milagros (Masbate),27.280709244310856,34.4584490172565,-0.10925626382231712,0.027466658502817154,8.545183062553406,1.167536,0.0,-4.905286462822917,-2.3594342354068623,,5.443231135416145,
2016-01-04,Milagros (Masbate),27.338572338223457,34.46607864461839,-0.10010071098804474,0.027466658502817154,8.545183062553406,2.1603434,0.0,-4.245417190887477,-1.9580373347873954,,4.6751981058671985,
2016-01-05,Milagros (Masbate),27.363475441932678,34.475234197452664,-0.09216589853167534,0.021973326802253723,8.545183062553406,2.1350565,5.48562205780834,-4.087527489972137,-1.8487557023201953,,4.486176392891764,
2016-01-06,Milagros (Masbate),27.4374523088336,34.485915675759315,-0.08117923513054848,0.014038514345884323,8.545183062553406,0.756884,0.0,-3.5405092743398843,-2.0418778616920403,,4.087110363539844,
2016-01-07,Milagros (Masbate),27.49971006810665,34.498123079538345,-0.06591998040676117,0.001831110566854477,8.545183062553406,1.6718665,0.0,-3.2632587051949176,-1.9903552407475196,,3.8223515486414286,
2016-01-08,Milagros (Masbate),27.56855982542038,34.508804557845,-0.0634784996509552,0.0006103701889514923,8.545183062553406,2.0541897,0.0,-3.188150752607754,-1.9936135244585937,,3.760159585211458,
2016-01-09,Milagros (Masbate),27.581743821501732,34.51490825973451,-0.06714072078466415,-0.0012207403779029846,8.545183062553406,1.21051,0.0,-4.004072744274646,-3.16789023031023,,5.105695550337691,
2016-01-10,Milagros (Masbate),27.554643385112286,34.51948603615165,-0.08301034569740295,0.015259254723787308,8.545183062553406,0.88844985,7.604479526651316,-4.523610210646132,-3.0047311201050833,,5.430603874523523,
2016-01-11,Milagros (Masbate),27.693807788193226,34.522537887096405,-0.08789330720901489,0.0317392498254776,8.69777561724186,0.6561176,0.0,-2.136475593780167,-1.4288580517684852,,2.5702457654710664,
2016-01-12,Milagros (Masbate),27.800744645297527,34.51643418520689,-0.08239997550845146,0.005493331700563431,8.69777561724186,0.6993791,4.362723775132432,-3.4893860048455023,-2.024069165603886,,4.033939845605047,
2016-01-13,Milagros (Masbate),27.81392864137888,34.51796011067927,-0.0872829370200634,0.02075258642435074,8.545183062553406,1.4156677,0.0,-3.3499389297458353,-1.4231296968566463,,3.639696274018199,
2016-01-14,Milagros (Masbate),27.917203277349472,34.52558973804116,-0.08178960531949997,0.01037629321217537,8.545183062553406,1.005782,0.0,-3.7155047396584955,-2.287432881123892,,4.363178274614905,
2016-01-15,Milagros (Masbate),27.96554459631443,34.53779714182019,-0.08545182645320892,0.023194067180156708,8.545183062553406,0.93082535,0.0,-3.9463406920900743,-0.9647512335494459,,4.06255459048628,
2016-01-16,Milagros (Masbate),28.041718795895576,34.55305639654398,-0.08056886494159698,0.015259254723787308,8.545183062553406,1.9700354,0.0,-4.408475954942184,-1.1341236015312195,,4.552021154262527,
2016-01-17,Milagros (Masbate),28.139866322278976,34.56831565126777,-0.07629627361893654,0.03418073058128357,8.545183062553406,1.9591948,0.0,-2.4266261562896476,0.09306793130721593,,2.4284102088046975,
2016-01-18,Milagros (Masbate),28.34128848463297,34.57747120410204,-0.0714133121073246,-0.0030518509447574615,8.69777561724186,1.0426921,0.0,-3.332711406795508,-1.229209070077666,,3.5521712034959823,
2016-01-19,Milagros (Masbate),28.224829852581024,34.59273045882583,-0.07751701399683952,0.005493331700563431,8.545183062553406,2.365729,0.0,-5.30321813225792,-2.960657756414236,,6.073682318735889,
2016-01-20,Milagros (Masbate),28.12155521661043,34.61409341543913,-0.09643848985433578,0.015259254723787308,8.545183062553406,2.1909814,7.8403657657863155,-6.552045018501083,-3.063371880034848,,7.232810048650047,
2016-01-21,Milagros (Masbate),28.05124057084322,34.63393044658005,-0.10132145136594772,0.0238044373691082,8.545183062553406,0.8570796,0.0,-4.961270040563001,-1.8887937434664759,,5.308647871232947,
2016-01-22,Milagros (Masbate),28.1332743242383,34.64766377583146,-0.07568590342998505,0.007324442267417908,8.545183062553406,1.751206,0.0,-4.191479041187733,-2.9645306599838053,,5.13390091321405,
2016-01-23,Milagros (Masbate),28.20651874691248,34.655293403193355,-0.05859553813934326,-0.009765923023223877,8.545183062553406,1.8584067,0.0,-3.5093028090240237,-2.7100260795854734,,4.433897558295333,
2016-01-24,Milagros (Masbate),28.003631696105003,34.65987117961049,-0.0476088747382164,-0.009765923023223877,8.545183062553406,1.4810257,0.0,-4.967669840454734,-4.42045685312126,,6.649675363058732,
2016-01-25,Milagros (Masbate),27.559038050472736,34.6736045088619,-0.07080294191837311,0.006714072078466415,8.545183062553406,1.4810257,7.01877773315863,-7.3818047249883,-7.0281399069258645,,10.192437959054914,
2016-01-26,Milagros (Masbate),27.15546128153801,34.68886376358569,-0.10010071098804474,0.019531846046447754,8.545183062553406,1.379464,7.628300844776702,-8.04652435715927,-6.08532519363992,,10.088495276437719,
2016-01-27,Milagros (Masbate),27.015564434230328,34.69344154000282,-0.12390514835715294,0.02868739888072014,8.545183062553406,0.80172116,38.337381436423414,-7.296393126026925,-4.042262454502069,,8.34129716534605,
2016-01-28,Milagros (Masbate),26.989928886294365,34.691915614530444,-0.13977477326989174,0.04272591322660446,8.545183062553406,0.8126864,4.307574729648613,-6.795385784035013,-2.3070578108164748,,7.176334976595954,
2016-01-29,Milagros (Masbate),27.083681747317314,34.68276006169617,-0.11719107627868652,0.03234962001442909,8.545183062553406,0.8674833,0.0,-4.155025294069346,-1.8899678918653036,,4.564670177202054,
2016-01-30,Milagros (Masbate),27.15106661617756,34.665974881500006,-0.10681478306651115,0.0238044373691082,8.545183062553406,0.8145381,5.4516086655746365,-4.273391401366973,-2.428961163328669,,4.91545790361754,
2016-01-31,Milagros (Masbate),27.1920834928751,34.655293403193355,-0.10803552344441414,0.023194067180156708,8.545183062553406,0.78672826,0.0,-5.513727605971055,-2.9374209664511546,,6.247370170479266,
2016-02-01,Milagros (Masbate),27.201605267822742,34.64613785035908,-0.09399700909852982,0.0158696249127388,8.545183062553406,0.89947224,0.0,-4.7270725938996705,-3.885654841077191,,6.119111769855489,
2016-02-02,Milagros (Masbate),27.16718038916588,34.63545637205243,-0.08667256683111191,0.014648884534835815,8.545183062553406,1.0454805,13.154390447279987,-4.723201505642083,-3.7658656522011484,,6.040726493835656,
2016-02-03,Milagros (Masbate),27.23383281379938,34.629352670162916,-0.09582811966538429,0.01342814415693283,8.545183062553406,1.0886588,0.0,-4.438453563094754,-3.1547571127300436,,5.445398284062362,
2016-02-04,Milagros (Masbate),27.292428351938725,34.618671191856265,-0.0952177494764328,0.01831110566854477,8.545183062553406,0.7562975,0.0,-3.913819507980669,-2.081269882992512,,4.43279454372766,
2016-02-05,Milagros (Masbate),27.4865260720253,34.60036008618772,-0.10193182155489922,0.0317392498254776,8.69777561724186,0.8845538,0.0,-2.346825592856617,-0.6112956790724516,,2.4251335572581283,
2016-02-06,Milagros (Masbate),27.455763414502144,34.58510083146393,-0.05371257662773132,-0.019531846046447754,8.545183062553406,0.4768513,0.0,-2.14408152246853,-2.4877894883229557,,3.284232347627245,
2016-02-07,Milagros (Masbate),27.227240815758705,34.5805230550468,-0.06714072078466415,-0.001831110566854477,8.545183062553406,0.38352236,5.844385961490036,-4.777240293907636,-5.162750078271063,,7.033918765270365,
2016-02-08,Milagros (Masbate),26.95110934227705,34.58967860788107,-0.09155552834272385,0.012207403779029846,8.545183062553406,0.37877542,7.051444988947128,-6.768275171933298,-4.091384165139737,,7.908790880391572,
2016-02-09,Milagros (Masbate),26.767998285591602,34.60493786260486,-0.10193182155489922,0.017090365290641785,8.545183062553406,0.5167588,0.0,-6.482871508128791,-3.6544170534347553,,7.44193435817213,
2016-02-10,Milagros (Masbate),26.718924522399902,34.61256748996675,-0.10071108117699623,0.017700735479593277,8.545183062553406,0.7619671,0.0,-6.225317207875,-4.219912280916424,,7.520786793766583,
2016-02-11,Milagros (Masbate),26.748954735696316,34.62172304280102,-0.10437330231070518,0.020142216235399246,8.545183062553406,0.85059834,0.0,-5.694288817889251,-3.62194528799991,,6.748585986027244,
2016-02-12,Milagros (Masbate),26.825128935277462,34.632404521107674,-0.09399700909852982,0.019531846046447754,8.545183062553406,0.722004,0.0,-3.894441267647865,-3.063446804994583,,4.954934824413963,
2016-02-13,Milagros (Masbate),26.984801776707172,34.629352670162916,-0.09338663890957832,0.023194067180156708,8.69777561724186,0.64172554,5.984994464665349,-2.820487127972435,-2.533152284966275,,3.7910431464028544,
2016-02-14,Milagros (Masbate),26.981871999800205,34.62477489374578,-0.07751701399683952,0.019531846046447754,8.545183062553406,0.6427345,8.637725267158803,-2.8149577405729866,-2.309660682422178,,3.6412250066617218,
2016-02-15,Milagros (Masbate),27.02435376495123,34.62172304280102,-0.05737479776144028,-0.012207403779029846,8.545183062553406,0.49708456,0.0,-3.934705050782669,-3.3677042677399016,,5.1791250102317665,
2016-02-16,Milagros (Masbate),26.94744712114334,34.62630081921816,-0.05493331700563431,-0.006714072078466415,8.545183062553406,0.49985448,9.573418263247726,-4.385860009820327,-5.131405584829955,,6.750340087859664,
2016-02-17,Milagros (Masbate),26.87273781001568,34.63545637205243,-0.06653035059571266,-0.001831110566854477,8.545183062553406,0.6219221,0.0,-5.569483863435274,-3.980508990228722,,6.845699549816483,
2016-02-18,Milagros (Masbate),26.821466714143753,34.64613785035908,-0.08362071588635445,0.008545182645320892,8.545183062553406,0.8617179,0.0,-5.723113422935234,-2.9639757707014627,,6.445089574326084,
2016-02-19,Milagros (Masbate),26.841975152492523,34.65834525413811,-0.08972441777586937,0.01342814415693283,8.545183062553406,0.92973,0.0,-4.7880141474447,-2.853463711229799,,5.573807910884258,
2016-02-20,Milagros (Masbate),26.93426312506199,34.66902673244476,-0.08239997550845146,0.001831110566854477,8.545183062553406,1.623848,0.0,-4.157530664948282,-2.471997525776539,,4.836923918921057,
2016-02-21,Milagros (Masbate),26.91009246557951,34.679708210751414,-0.08301034569740295,0.006714072078466415,8.545183062553406,1.6576641,0.0,-4.684957803895965,-2.7432737845770716,,5.429031283887901,
2016-02-22,Milagros (Masbate),26.965758226811886,34.69344154000282,-0.08606219664216042,0.011597033590078354,8.545183062553406,1.3564249,0.0,-4.103799950683087,-2.899490137330953,,5.024760401422736,
2016-02-23,Milagros (Masbate),27.06537064164877,34.70107116736472,-0.08789330720901489,0.006103701889514923,8.545183062553406,1.1110302,0.0,-4.145963274852084,-3.4470989336022164,,5.391799563639561,
2016-02-24,Milagros (Masbate),27.039002649486065,34.71175264567137,-0.079348124563694,0.0030518509447574615,8.545183062553406,1.1136882,0.0,-5.161564420742185,-4.606801089272791,,6.91840758741465,
2016-02-25,Milagros (Masbate),26.958433784544468,34.72243412397802,-0.08789330720901489,0.009155552834272385,8.545183062553406,0.85246336,8.304329526835474,-6.035284539481037,-4.541820622176442,,7.553329996533055,
2016-02-26,Milagros (Masbate),26.868343144655228,34.725485974922776,-0.0872829370200634,0.008545182645320892,8.545183062553406,0.72252476,0.0,-6.956906086711282,-5.118240527166147,,8.636835554370968,
2016-02-27,Milagros (Masbate),26.839045375585556,34.72243412397802,-0.08239997550845146,0.006103701889514923,8.545183062553406,0.800475,0.0,-4.903950000049537,-3.658477427785383,,6.118266314292065,
2016-02-28,Milagros (Masbate),26.909360021352768,34.72090819850564,-0.08606219664216042,0.0079348124563694,8.545183062553406,0.8142268,0.0,-3.8020125618805576,-2.501345670657008,,4.5510470976262285,
2016-02-29,Milagros (Masbate),26.995055995881557,34.714804496616125,-0.07446516305208206,-0.0079348124563694,8.545183062553406,0.7750329,0.0,-3.48497394209908,-2.910213295565503,,4.540306685984531,
2016-03-01,Milagros (Masbate),26.961363561451435,34.71175264567137,-0.09033478796482086,0.009765923023223877,8.545183062553406,1.3735298,0.0,-4.747745599606578,-3.739207508261547,,6.043406412647022,
2016-03-02,Milagros (Masbate),26.993591107428074,34.70870079472661,-0.09887997061014175,0.014038514345884323,8.545183062553406,1.0728881,5.98195686398365,-5.503480380384252,-3.822032828928554,,6.7004650019742655,
2016-03-03,Milagros (Masbate),27.13568528741598,34.69954524189234,-0.11169774457812309,0.025635547935962677,8.545183062553406,0.891593,2.0531611877812814,-3.5537563316344634,-1.6689366077732992,,3.9261346723460577,
2016-03-04,Milagros (Masbate),27.422803424298763,34.69344154000282,-0.12146366760134697,0.04455702379345894,8.69777561724186,1.3297576,0.0,-2.7893142901307693,-0.38586738941550075,,2.8158778118629457,
2016-03-05,Milagros (Masbate),27.816125974059105,34.691915614530444,-0.13061922043561935,0.05249183624982834,8.69777561724186,1.0472015,0.0,-3.2563909437484178,-0.6213183057465014,,3.315134750742783,
2016-03-06,Milagros (Masbate),28.046113461256027,34.69649339094758,-0.12573625892400742,0.05859553813934326,8.69777561724186,0.7508,0.0,-3.502006168979545,-0.10703138064692518,,3.5036413806230193,
2016-03-07,Milagros (Masbate),28.238013848662376,34.69649339094758,-0.12207403779029846,0.0317392498254776,8.69777561724186,0.988832,0.0,-3.8058399822869857,-1.4376543597887452,,4.06832496600183,
2016-03-08,Milagros (Masbate),28.2717062830925,34.702597092837095,-0.10864589363336563,0.027466658502817154,8.545183062553406,0.61391324,8.482507585753774,-4.663256538162802,-1.6631401968292112,,4.950959185352595,
2016-03-09,Milagros (Masbate),28.432844012975693,34.71175264567137,-0.10925626382231712,0.0317392498254776,8.69777561724186,1.722032,0.0,-4.525897868808135,-0.5197618804039227,,4.5556452815383945,
2016-03-10,Milagros (Masbate),28.559556864202023,34.7239600494504,-0.10132145136594772,0.020142216235399246,8.69777561724186,1.294814,0.0,-3.70277138660207,-1.3529601368283077,,3.9422096688640864,
2016-03-11,Milagros (Masbate),28.57933285832405,34.73311560228467,-0.07995849475264549,-0.010986663401126862,8.545183062553406,1.294814,0.0,-3.3572349653985754,-2.3734656595910493,,4.111491925098814,
2016-03-12,Milagros (Masbate),28.563951529562473,34.74379708059132,-0.08850367739796638,0.007324442267417908,8.545183062553406,1.8111202,0.0,-5.116788242585715,-2.3888919391359895,,5.646974996963624,
2016-03-13,Milagros (Masbate),28.60350351780653,34.75753040984273,-0.09155552834272385,0.0238044373691082,8.545183062553406,1.5740182,0.0,-4.156143347367258,-1.9476044058515452,,4.589846451196103,
2016-03-14,Milagros (Masbate),28.88183232396841,34.76973781362176,-0.07690664380788803,-0.015259254723787308,8.69777561724186,1.888841,0.0,-2.6958153675735814,-1.7119976449025598,,3.193486563647606,
2016-03-15,Milagros (Masbate),28.73461103439331,34.775841515511274,-0.06836146116256714,-0.0079348124563694,8.545183062553406,2.108006,11.262190664032168,-4.120637515405755,-2.1405885990642286,,4.64346563288812,
2016-03-16,Milagros (Masbate),28.781487464904785,34.786522993817925,-0.08545182645320892,0.011597033590078354,8.545183062553406,1.4754564,0.0,-3.9003552296627704,-1.1027679896939762,,4.053254020740794,
2016-03-17,Milagros (Masbate),28.793939016759396,34.79262669570744,-0.08545182645320892,0.005493331700563431,8.545183062553406,1.457969,0.0,-4.026537804009686,-1.3997908144311197,,4.262912268776462,
2016-03-18,Milagros (Masbate),28.833491005003452,34.80330817401409,-0.08850367739796638,0.01342814415693283,8.545183062553406,1.4701669,0.0,-3.901296418981833,-1.935711233659344,,4.3551224700202695,
2016-03-19,Milagros (Masbate),28.919186979532242,34.812463726848364,-0.09094515815377235,0.010986663401126862,8.545183062553406,1.3474371,6.560440976527834,-2.895695990283211,-2.0228379511523213,,3.532269616657877,
2016-03-20,Milagros (Masbate),28.95068208128214,34.81856742873788,-0.08362071588635445,0.003662221133708954,8.545183062553406,1.9611574,0.0,-4.583368139401226,-2.499435622854061,,5.220578697239428,
2016-03-21,Milagros (Masbate),28.949217192828655,34.82772298157215,-0.07751701399683952,0.0012207403779029846,8.545183062553406,0.8091861,0.0,-4.090169300472878,-2.0611624864442817,,4.5801611000112175,
2016-03-22,Milagros (Masbate),28.921384312212467,34.835352608934045,-0.08178960531949997,0.012817773967981339,8.545183062553406,0.7553593,0.0,-4.116034874063941,-1.7695776094555056,,4.480306685975506,
2016-03-23,Milagros (Masbate),28.99682606756687,34.84145631082356,-0.09155552834272385,0.02685628831386566,8.545183062553406,1.0659828,0.0,-4.340084349433224,-1.3234441333738176,,4.537382123466877,
2016-03-24,Milagros (Masbate),29.207770004868507,34.84298223629594,-0.10010071098804474,0.01892147585749626,8.69777561724186,1.6536064,8.471397624296301,-3.560545270502938,-1.1432740757195559,,3.739593324883502,
2016-03-25,Milagros (Masbate),29.324961081147194,34.8384044598788,-0.07385479286313057,-0.0238044373691082,8.69777561724186,1.6115054,0.0,-3.437733953132456,-0.8324174115507224,,3.5370797954771263,
2016-03-26,Milagros (Masbate),29.285409092903137,34.821619279682636,-0.06469924002885818,-0.024414807558059692,8.545183062553406,0.92440814,0.0,-1.964250716294442,-1.06823548743134,,2.2359355833902956,
2016-03-27,Milagros (Masbate),29.226081110537052,34.80788595043123,-0.06530961021780968,-0.01892147585749626,8.545183062553406,0.92440814,0.0,-2.717407428757008,-2.4312752157516218,,3.6462860980169767,
2016-03-28,Milagros (Masbate),29.06201360374689,34.80636002495885,-0.07385479286313057,-0.0012207403779029846,8.545183062553406,0.6815962,0.0,-4.954954598388155,-3.263254539114997,,5.932992942785501,
2016-03-29,Milagros (Masbate),28.88622698932886,34.80788595043123,-0.10193182155489922,0.017700735479593277,8.545183062553406,0.518099,0.0,-5.816609465605443,-2.4073941533368726,,6.2951165425980316,
2016-03-30,Milagros (Masbate),28.90160831809044,34.80178224854171,-0.10437330231070518,0.02075258642435074,8.545183062553406,0.6594306,0.0,-4.925320770935111,-2.441931295123446,,5.497436961594748,
2016-03-31,Milagros (Masbate),28.999023400247097,34.79720447212458,-0.10498367249965668,0.02685628831386566,8.545183062553406,0.6209317,0.0,-4.1798129396829635,-1.9752097566344753,,4.6230173905627,
2016-04-01,Milagros (Masbate),29.11914425343275,34.79720447212458,-0.10925626382231712,0.02624591812491417,8.545183062553406,1.5551351,0.0,-4.308584577881911,-1.5844437238005216,,4.590682190987818,
2016-04-02,Milagros (Masbate),29.171147793531418,34.798730397596955,-0.10498367249965668,0.023194067180156708,8.545183062553406,1.4079424,0.0,-4.881447650531738,-1.6205519978491487,,5.143415202238168,
2016-04-03,Milagros (Masbate),29.214362002909184,34.80330817401409,-0.09887997061014175,0.020142216235399246,8.545183062553406,1.3192139,0.0,-4.655407261652197,-1.9931028825300043,,5.064116494729699,
2016-04-04,Milagros (Masbate),29.313974417746067,34.80330817401409,-0.10437330231070518,0.03662221133708954,8.545183062553406,0.6702277,0.0,-3.8241210634941893,-1.1280369641863575,,3.9870251191622437,
2016-04-05,Milagros (Masbate),29.363048180937767,34.80330817401409,-0.10864589363336563,0.02685628831386566,8.545183062553406,1.3769586,1.6130918469922295,-4.94510179908929,-1.2248833965398649,,5.0945432708413785,
2016-04-06,Milagros (Masbate),29.408459722995758,34.80636002495885,-0.10986663401126862,0.03418073058128357,8.545183062553406,1.042063,0.0,-4.838538162010763,-1.0639954357296149,,4.954143501402432,
2016-04-07,Milagros (Masbate),29.494155697524548,34.810937801375985,-0.11047700420022011,0.03357036039233208,8.545183062553406,0.6314122,7.857504129893398,-4.831778605027019,-1.5615949804704548,,5.0778601173158915,
2016-04-08,Milagros (Masbate),29.595965445041656,34.81398965232074,-0.10925626382231712,0.029908139258623123,8.545183062553406,0.9662517,0.0,-5.025157160039626,-1.425697136772661,,5.223487035391137,
2016-04-09,Milagros (Masbate),29.730002738535404,34.81856742873788,-0.10132145136594772,0.02624591812491417,8.545183062553406,2.1351352,0.0,-3.755161009253755,-1.5893463137443455,,4.077653235677651,
2016-04-10,Milagros (Masbate),29.98635821789503,34.812463726848364,-0.10620441287755966,0.051271095871925354,8.69777561724186,0.6746758,6.578397778903737,-2.8295543044702356,0.25135929158618153,,2.8406969312851285,
2016-04-11,Milagros (Masbate),30.184118159115314,34.80788595043123,-0.09826960042119026,0.06164738908410072,8.69777561724186,0.598508,0.0,-3.4626756954655318,0.11131977985451628,,3.4644646145334725,
2016-04-12,Milagros (Masbate),30.339396335184574,34.80483409948647,-0.10620441287755966,0.059205908328294754,8.69777561724186,0.6034366,0.0,-2.922386116610646,0.7635701630003443,,3.0204933385761707,
2016-04-13,Milagros (Masbate),30.458784744143486,34.80330817401409,-0.08850367739796638,0.07080294191837311,8.69777561724186,1.1140409,0.0,-2.6327760273680814,1.3484065776807048,,2.957990856817622,
2016-04-14,Milagros (Masbate),30.560594491660595,34.79720447212458,-0.10498367249965668,0.0634784996509552,8.69777561724186,0.75391895,0.0,-3.134473778356157,0.394047828167803,,3.159145384132564,
2016-04-15,Milagros (Masbate),30.532761611044407,34.79720447212458,-0.11047700420022011,0.038453321903944016,8.69777561724186,0.77238655,0.0,-3.826409609375189,-0.16625989973659708,,3.830019954645042,
2016-04-16,Milagros (Masbate),30.413373202085495,34.80330817401409,-0.09582811966538429,0.02868739888072014,8.545183062553406,2.0859115,0.0,-4.513516662276538,-1.1436909095205998,,4.656163824133338,
2016-04-17,Milagros (Masbate),30.347453221678734,34.812463726848364,-0.09338663890957832,0.024414807558059692,8.545183062553406,1.027688,0.0,-4.522524136058623,-1.705894278291464,,4.833559749288338,
2016-04-18,Milagros (Masbate),30.331339448690414,34.824671130627394,-0.09704886004328728,0.007324442267417908,8.545183062553406,1.9207066,0.0,-4.696394157277611,-2.1020045343183797,,5.145341693493864,
2016-04-19,Milagros (Masbate),30.127719953656197,34.83230075798929,-0.09399700909852982,0.015259254723787308,8.545183062553406,1.0581268,0.0,-5.137713354471527,-2.2670165677558125,,5.615644453773264,
2016-04-20,Milagros (Masbate),29.983428440988064,34.84145631082356,-0.0952177494764328,0.019531846046447754,8.545183062553406,1.129986,0.0,-5.20939664740188,-1.9273609279054742,,5.554505700454235,
2016-04-21,Milagros (Masbate),29.99880976974964,34.85213778913021,-0.09338663890957832,0.022583696991205215,8.545183062553406,1.2707863,5.287125369839928,-4.350692118963046,-1.2359918014151619,,4.522852821745658,
2016-04-22,Milagros (Masbate),30.0471510887146,34.859767416492105,-0.08850367739796638,0.028077028691768646,8.545183062553406,0.68936837,0.0,-4.033838627769247,-1.080692714907149,,4.1760927694361225,
2016-04-23,Milagros (Masbate),30.156285278499126,34.86434519290924,-0.09338663890957832,0.035401470959186554,8.545183062553406,0.5944824,0.0,-3.752000992275567,-0.9883194151488861,,3.879985401054632,
2016-04-24,Milagros (Masbate),30.159215055406094,34.871974820271134,-0.09216589853167534,0.03479110077023506,8.545183062553406,1.4490471,0.0,-3.86835108743153,-1.1284914394462735,,4.029594652633962,
2016-04-25,Milagros (Masbate),30.143101282417774,34.882656298577785,-0.0872829370200634,0.014648884534835815,8.545183062553406,1.1427934,0.0,-4.457765961162895,-1.7562955530141533,,4.791268249017148,
2016-04-26,Milagros (Masbate),30.14896083623171,34.884182224050164,-0.08484145626425743,0.005493331700563431,8.545183062553406,0.85479575,0.0,-3.9564738581387644,-2.4730068768104303,,4.665774148293841,
2016-04-27,Milagros (Masbate),30.236854143440723,34.87502667121589,-0.08301034569740295,0.04821924492716789,8.545183062553406,0.75916415,0.0,-2.6622463212819154,-0.17399987192995425,,2.6679264290101274,
2016-04-28,Milagros (Masbate),30.494674511253834,34.87960444763303,-0.07080294191837311,0.06653035059571266,8.69777561724186,0.7597459,0.0,-1.6495165334443733,0.5991262689958454,,1.7549521589796186,
2016-04-29,Milagros (Masbate),30.699758894741535,34.882656298577785,-0.08484145626425743,0.04150517284870148,8.69777561724186,1.7124087,1.028680987096945,-1.4044988056872199,0.5287057773196997,,1.5007153941197695,
2016-04-30,Milagros (Masbate),30.60820336639881,34.882656298577785,-0.09094515815377235,0.046388134360313416,8.545183062553406,2.0675495,0.0,-3.3691294686465416,0.3490535861318392,,3.3871627924406034,
2016-05-01,Milagros (Masbate),30.606006033718586,34.884182224050164,-0.10010071098804474,0.030518509447574615,8.545183062553406,1.7655882,0.0,-3.9447112834327953,-0.0542506534637456,,3.945084313806646,
2016-05-02,Milagros (Masbate),30.575975820422173,34.88570814952254,-0.0952177494764328,0.02868739888072014,8.545183062553406,0.6250674,0.0,-3.9554875451093903,-0.5543666375821458,,3.994146227716212,
2016-05-03,Milagros (Masbate),30.580370485782623,34.884182224050164,-0.09338663890957832,0.021973326802253723,8.545183062553406,1.342244,0.0,-4.144924617655526,-0.9654952314177131,,4.255887819002887,
2016-05-04,Milagros (Masbate),30.589892260730267,34.8887600004673,-0.09826960042119026,0.016479995101690292,8.545183062553406,1.4508893,0.0,-4.700085568862728,-2.0202111032102845,,5.115863295296874,
2016-05-05,Milagros (Masbate),30.499801620841026,34.896389627829194,-0.09643848985433578,0.019531846046447754,8.545183062553406,0.9433102,0.0,-4.4836814075408045,-1.0980018667371763,,4.616168006440559,
2016-05-06,Milagros (Masbate),30.46024963259697,34.90249332971871,-0.09216589853167534,0.020142216235399246,8.545183062553406,0.8760662,0.0,-4.504575254843963,-1.0314272708806251,,4.621151419469914,
2016-05-07,Milagros (Masbate),30.486617624759674,34.91317480802536,-0.09826960042119026,0.023194067180156708,8.545183062553406,1.1858083,0.0,-4.595991385699291,-1.0563901516738072,,4.715834705539995,
2016-05-08,Milagros (Masbate),30.486617624759674,34.92233036085963,-0.09277626872062683,0.025025177747011185,8.545183062553406,0.7203332,0.0,-4.092298995275591,-1.4342268829905478,,4.336348442944408,
2016-05-09,Milagros (Masbate),30.506393618881702,34.92233036085963,-0.08972441777586937,0.025635547935962677,8.545183062553406,0.527278,0.0,-4.271926807397989,-0.9715336281956687,,4.381008586898754,
2016-05-10,Milagros (Masbate),30.643360689282417,34.92538221180439,-0.09155552834272385,0.04272591322660446,8.545183062553406,0.7956406,0.0,-3.2852704587904564,-0.4250372091305513,,3.3126512971556097,
2016-05-11,Milagros (Masbate),30.76714376360178,34.92843406274915,-0.08667256683111191,0.05066072568297386,8.545183062553406,1.161353,0.0,-3.485169261994293,-0.1108642052811782,,3.4869321267788496,
2016-05-12,Milagros (Masbate),30.837458409368992,34.92385628633201,-0.09826960042119026,0.021973326802253723,8.69777561724186,0.39137742,3.5541851772014317,-4.2699503648812085,-0.7087442635462756,,4.328370888643777,
2016-05-13,Milagros (Masbate),30.745170436799526,34.919278509914875,-0.09155552834272385,0.017090365290641785,8.545183062553406,0.95809394,0.0,-4.545021380082544,-1.7723347759951131,,4.878359345477646,
2016-05-14,Milagros (Masbate),30.687307342886925,34.91622665897012,-0.08972441777586937,0.014648884534835815,8.545183062553406,0.9531919,0.0,-4.730470193469605,-1.4613453336418274,,4.951048215828756,
2016-05-15,Milagros (Masbate),30.674123346805573,34.908597031608224,-0.08606219664216042,0.019531846046447754,8.545183062553406,1.5402375,0.0,-3.9005343869095785,-1.165803582478105,,4.0710276953593505,
2016-05-16,Milagros (Masbate),30.745170436799526,34.89181185141206,-0.08911404758691788,0.022583696991205215,8.545183062553406,1.4099734,0.0,-2.8567226566216677,-0.3646210850050876,,2.8798980663360023,
2016-05-17,Milagros (Masbate),30.879940174520016,34.867397043854,-0.08789330720901489,0.0476088747382164,8.69777561724186,0.5981495,2.2590993606536434,-2.5401955274483154,0.7055494546871918,,2.636359867445607,
2016-05-18,Milagros (Masbate),30.814752638339996,34.858241491019726,-0.08789330720901489,0.040894802659749985,8.545183062553406,0.793035,13.783989759294306,-2.637720953492864,-0.13399224130362122,,2.6411220625379794,
2016-05-19,Milagros (Masbate),30.87408062070608,34.84908593818545,-0.08667256683111191,0.04028443247079849,8.69777561724186,0.64612335,3.984151349831788,-3.172510621767611,1.298193573484018,,3.427846291691551,
2016-05-20,Milagros (Masbate),30.874813064932823,34.84145631082356,-0.07507553324103355,0.051271095871925354,8.545183062553406,0.7987305,0.47418377994282007,-2.6740443569136105,1.160200497078633,,2.9148890915715873,
2016-05-21,Milagros (Masbate),30.86162906885147,34.82924890704453,-0.08606219664216042,0.04455702379345894,8.545183062553406,0.5234932,0.21127978299742536,-2.8536837736508764,0.4212048038518175,,2.884601283849495,
2016-05-22,Milagros (Masbate),30.798638865351677,34.80636002495885,-0.06408886983990669,0.054322946816682816,8.545183062553406,0.80819905,24.464953076283297,-0.4661363874162946,2.018220868649157,,2.0713518789246,
2016-05-23,Milagros (Masbate),30.683645121753216,34.78499706834555,-0.03357036039233208,0.04516739398241043,8.545183062553406,0.80471134,0.0,1.2173920762072123,2.5084295821415474,,2.7882364382840503,
2016-05-24,Milagros (Masbate),30.65654468536377,34.77126373909414,-0.0024414807558059692,0.03662221133708954,8.545183062553406,0.8047165,7.115573462317971,0.17950675791800508,1.8464984136303073,,1.8552032416092514,
2016-05-25,Milagros (Masbate),30.614795364439487,34.75600448437035,-0.02685628831386566,0.039674062281847,8.545183062553406,1.0477005,7.602831642235993,0.7683536253100918,2.0613800569427623,,2.1999215969412425,
2016-05-26,Milagros (Masbate),30.704153560101986,34.751426707953215,-0.05005035549402237,0.05371257662773132,8.545183062553406,1.0425874,0.0,-2.3889575562886853,2.0381405351895427,,3.140244424711478,
2016-05-27,Milagros (Masbate),30.723929554224014,34.7453230060637,-0.06714072078466415,0.05371257662773132,8.545183062553406,1.0425779,9.058227128963198,-1.3958301902670192,1.3119200524004326,,1.9155876758716153,
2016-05-28,Milagros (Masbate),30.924619272351265,34.73311560228467,-0.07629627361893654,0.06591998040676117,8.69777561724186,0.49686202,12.428673295413747,-1.4654670779599956,0.8821766125036117,,1.7105055779601992,
2016-05-29,Milagros (Masbate),31.02423168718815,34.73311560228467,-0.06958220154047012,0.06958220154047012,8.69777561724186,0.6159486,9.058227128963198,-1.516756651117046,0.2687798471705383,,1.5403874009329,
2016-05-30,Milagros (Masbate),31.075502783060074,34.716330422088504,-0.08789330720901489,0.062257759273052216,8.69777561724186,2.2731898,18.116454257926396,-1.8062362945284307,0.6101148653896105,,1.9064967087936915,
2016-05-31,Milagros (Masbate),31.154606759548187,34.702597092837095,-0.06958220154047012,0.06775109097361565,8.69777561724186,0.9352307,9.058227128963198,-0.31177483558544733,0.33250193040511616,,0.45580816340590197,
2016-06-01,Milagros (Masbate),31.2337107360363,34.702597092837095,-0.006714072078466415,0.05066072568297386,8.69777561724186,0.69525874,0.0,2.225788636110005,1.3882984021542872,,2.6232627596298057,
2016-06-02,Milagros (Masbate),31.25348673015833,34.70564894378185,0.017090365290641785,0.03479110077023506,8.545183062553406,0.574523,10.151138970140996,2.1392317201937336,2.268053530564592,,3.1177522624784593,
2016-06-03,Milagros (Masbate),31.440992452204227,34.70564894378185,0.031128879636526108,0.025635547935962677,8.69777561724186,0.62317944,0.0,1.4293864279749284,1.6399786519457702,,2.1754713372776924,
2016-06-04,Milagros (Masbate),31.490066215395927,34.690389689058065,0.0079348124563694,0.04455702379345894,8.69777561724186,0.6404115,0.0,1.6351651952251836,1.8206187913725769,,2.4471244347549543,
2016-06-05,Milagros (Masbate),31.561845749616623,34.66139710508287,0.005493331700563431,0.03906369209289551,8.69777561724186,0.5982853,20.063606757421283,1.8453993187820794,0.5516591206432553,,1.9260909716704069,
2016-06-06,Milagros (Masbate),31.627765730023384,34.655293403193355,-0.015259254723787308,0.040894802659749985,8.69777561724186,0.6057634,7.094037489281707,1.7954025401804243,0.8988275347108869,,2.0078249969658137,
2016-06-07,Milagros (Masbate),31.68782615661621,34.655293403193355,0.015259254723787308,0.0317392498254776,8.69777561724186,0.692768,0.0,2.519847295130021,1.6465025113833776,,3.010083206618357,
2016-06-08,Milagros (Masbate),31.635090172290802,34.6522415522486,0.032959990203380585,0.01037629321217537,8.545183062553406,0.6527793,7.094037489281707,2.62873749367429,1.6120056789997441,,3.0836379683381145,
2016-06-09,Milagros (Masbate),31.60139773786068,34.643085999414325,0.009765923023223877,0.032959990203380585,8.545183062553406,0.647247,0.0,1.578996009565847,1.7663517699754094,,2.369224973175855,
2016-06-10,Milagros (Masbate),31.600665293633938,34.641560073941946,-0.01831110566854477,0.04455702379345894,8.545183062553406,0.7198438,0.0,-0.494114478520865,1.7184129377926065,,1.7880414264375875,
2016-06-11,Milagros (Masbate),31.523026205599308,34.63698229752481,-0.04699850454926491,0.04516739398241043,8.545183062553406,1.2217827,3.1299091546095408,-1.4641944268399252,1.9038444020508052,,2.40176785447913,
2016-06-12,Milagros (Masbate),31.37653736025095,34.620197117328644,-0.03906369209289551,0.038453321903944016,8.545183062553406,0.8954615,3.074107146408205,-0.21155415510102338,1.5175618865745089,,1.5322366788861603,
2016-06-13,Milagros (Masbate),31.371410250663757,34.60951563902199,0.0,0.038453321903944016,8.545183062553406,0.5236774,0.0,1.3212641070316236,1.5298365693301803,,2.021419988372038,
2016-06-14,Milagros (Masbate),31.473952442407608,34.60493786260486,-0.007324442267417908,0.04455702379345894,8.545183062553406,1.6785806,0.0,-0.8381858694800066,1.5299053734032424,,1.7444672548844444,
2016-06-15,Milagros (Masbate),31.472487553954124,34.6018860116601,-0.025635547935962677,0.04150517284870148,8.545183062553406,0.92766136,3.978797030497274,-0.9586266625687769,0.7143882385849339,,1.1955398921057534,
2016-06-16,Milagros (Masbate),31.484206661581993,34.595782309770584,-0.059816278517246246,0.031128879636526108,8.545183062553406,0.59306496,11.921641098316496,-2.9533419494253277,0.11339854216500421,,2.9555182116848044,
2016-06-17,Milagros (Masbate),31.346507146954536,34.582048980519176,-0.07690664380788803,0.016479995101690292,8.545183062553406,0.49193716,0.0,-4.182443399999368,-0.5324771092555936,,4.216202635794379,
2016-06-18,Milagros (Masbate),31.202948078513145,34.56678972579539,-0.08850367739796638,0.01892147585749626,8.545183062553406,0.49576792,0.0,-5.309682911364369,-1.2651412954274688,,5.458325303298686,
2016-06-19,Milagros (Masbate),31.04474012553692,34.54237491823733,-0.079348124563694,0.030518509447574615,8.545183062553406,0.6018694,7.919963303734274,-4.211250454987533,-0.2931814608697533,,4.2214435639518415,
2016-06-20,Milagros (Masbate),31.09820855408907,34.48133789934218,-0.07202368229627609,0.04516739398241043,8.69777561724186,1.452566,0.0,-2.3817220038290676,0.17236756104599085,,2.387951063071539,
2016-06-21,Milagros (Masbate),31.158268980681896,34.46913049556315,-0.05493331700563431,-0.0079348124563694,8.69777561724186,1.6518414,21.546645537834863,-1.9818063840580702,-1.6228334440966004,,2.5614731954818026,
2016-06-22,Milagros (Masbate),31.22565384954214,34.437086060643196,-0.04821924492716789,0.016479995101690292,8.69777561724186,1.65431,10.033282553690201,-3.1203979422050367,0.27403944512955714,,3.132408168678588,
2016-06-23,Milagros (Masbate),31.0374156832695,34.43556013517082,-0.043946653604507446,0.036011841148138046,8.545183062553406,1.4332107,3.3437359831154225,-1.5243652344336922,3.058468843269407,,3.4172973287672512,
2016-06-24,Milagros (Masbate),31.071840561926365,34.40504162572324,-0.0476088747382164,0.043946653604507446,8.69777561724186,1.2801746,0.0,-1.2497166179401966,1.8121906519486395,,2.201323825375521,
2016-06-25,Milagros (Masbate),31.002990804612637,34.3867305200547,-0.054322946816682816,0.03234962001442909,8.545183062553406,1.3465998,13.655616806680243,-1.6599306373176543,-0.28649144186791253,,1.6844723408145796,
2016-06-26,Milagros (Masbate),31.137028098106384,34.354686085134745,-0.03723258152604103,-0.017700735479593277,8.69777561724186,1.505571,12.870319733996904,0.02389836819394385,0.8037094617863877,,0.804064693272437,
2016-06-27,Milagros (Masbate),30.912167720496655,34.36384163796902,-0.04943998530507088,0.03479110077023506,8.545183062553406,2.4129543,12.429488158854705,-1.8151087129617687,2.137055023458061,,2.803858736305569,
2016-06-28,Milagros (Masbate),30.808893084526062,34.35163423418999,-0.06103701889514923,0.028077028691768646,8.545183062553406,2.409444,6.526126374095739,-2.8715967123614288,0.8685662772107265,,3.0000791750139975,
2016-06-29,Milagros (Masbate),30.715140223503113,34.34400460682809,-0.06530961021780968,0.01831110566854477,8.545183062553406,2.3036978,4.290106710507468,-2.7317715163634038,-1.036705279608893,,2.921871567058238,
2016-06-30,Milagros (Masbate),30.638966023921967,34.330271277576685,-0.07019257172942162,0.02136295661330223,8.545183062553406,2.010531,0.0,-2.46122574279818,0.19093509769153572,,2.4686207421438655,
2016-07-01,Milagros (Masbate),30.641163356602192,34.32264165021479,-0.0634784996509552,0.03784295171499252,8.545183062553406,2.010531,0.0,-2.0541127411271343,0.11885427020037943,,2.057548417609096,
2016-07-02,Milagros (Masbate),30.69829400628805,34.295174991711974,-0.015259254723787308,0.0317392498254776,8.69777561724186,1.3323462,18.671424699361616,0.9001007357398603,-0.8345103218093435,,1.2274317951258114,
2016-07-03,Milagros (Masbate),30.88506728410721,34.30280461907387,0.001831110566854477,-0.05737479776144028,8.69777561724186,1.2735513,48.689027836550075,2.0985178637480733,-1.5492493673346304,,2.6084383885107445,
2016-07-04,Milagros (Masbate),30.879940174520016,34.28907128982246,0.02075258642435074,-0.054322946816682816,8.69777561724186,0.64882976,14.223284796817309,2.9782326622957163,-1.18104799597692,,3.2038639421121067,
2016-07-05,Milagros (Masbate),30.8323312997818,34.29670091718435,0.04516739398241043,-0.01892147585749626,8.69777561724186,0.8416446,0.0,4.337569407329474,1.2552821136399483,,4.515555508265283,
2016-07-06,Milagros (Masbate),30.638233579695225,34.28754536435008,0.05249183624982834,-0.004272591322660446,8.545183062553406,0.8783446,0.0,5.0163942215690085,2.894385146713227,,5.791517621807352,
2016-07-07,Milagros (Masbate),30.43241675198078,34.27838981151581,0.040894802659749985,0.012817773967981339,8.545183062553406,1.1658163,9.094176387206536,4.823351499749858,4.59076113715173,,6.65881427196478,
2016-07-08,Milagros (Masbate),30.195837266743183,34.270760184153914,0.009155552834272385,0.02929776906967163,8.545183062553406,1.1479263,18.67127069933661,3.0263723337757598,5.6702100071634485,,6.427302002238564,
2016-07-09,Milagros (Masbate),29.97317422181368,34.26160463131964,-0.009155552834272385,0.03418073058128357,8.545183062553406,1.2693559,18.188352774413072,1.8587980389971028,4.463300732981564,,4.8348923031245725,
2016-07-10,Milagros (Masbate),29.88821069151163,34.26007870584726,-0.021973326802253723,0.03418073058128357,8.545183062553406,1.1429576,0.0,-0.5549507830746221,2.7942166672237874,,2.8487922274231137,
2016-07-11,Milagros (Masbate),30.08377330005169,34.26313055679202,-0.02136295661330223,0.04943998530507088,8.545183062553406,1.1087644,0.0939683343527525,0.17529429460600784,0.7571400657636641,,0.777167400825603,
2016-07-12,Milagros (Masbate),30.39432965219021,34.27381203509867,-0.01892147585749626,0.036011841148138046,8.69777561724186,1.0970392,0.0,0.6167465130433054,-0.05576801730152349,,0.6192627335023634,
2016-07-13,Milagros (Masbate),30.52543716877699,34.27381203509867,-0.01831110566854477,0.040894802659749985,8.69777561724186,1.1394889,7.567042806327464,0.47444714222589685,1.1163279168816178,,1.2129666560856371,
2016-07-14,Milagros (Masbate),30.5957518145442,34.28907128982246,-0.043946653604507446,0.04699850454926491,8.69777561724186,2.5850804,0.0,-0.47567850986401194,0.8961030569468308,,1.0145298090326877,
2016-07-15,Milagros (Masbate),30.737113550305367,34.29670091718435,-0.06164738908410072,0.03662221133708954,8.69777561724186,2.984146,7.567042806327464,-1.3000646797049291,1.406235248604704,,1.9151150737839786,
2016-07-16,Milagros (Masbate),30.88579972833395,34.30433054454625,-0.0634784996509552,0.030518509447574615,8.69777561724186,1.1901463,0.0,-0.7572107359816252,0.2808541719689169,,0.8076182047218726,
2016-07-17,Milagros (Masbate),30.962706372141838,34.307382395491004,-0.07263405248522758,0.03723258152604103,8.69777561724186,1.1791235,0.0,-2.023123460234528,0.1986675583790775,,2.032854479323012,
2016-07-18,Milagros (Masbate),30.899716168642044,34.31348609738052,-0.07751701399683952,0.03662221133708954,8.545183062553406,0.799664,0.0,-2.148152443746189,-0.28157195675161234,,2.1665275646530917,
2016-07-19,Milagros (Masbate),30.855037070810795,34.31348609738052,-0.08423108607530594,0.025025177747011185,8.545183062553406,1.4915545,15.095772892176257,-3.1210229786939556,-0.5133632342625933,,3.162961625411892,
2016-07-20,Milagros (Masbate),30.720267333090305,34.318063873797655,-0.07385479286313057,0.022583696991205215,8.545183062553406,1.5077797,0.27931373936651205,-4.126320986612383,-0.45307860648469733,,4.151120945986987,
2016-07-21,Milagros (Masbate),30.85283973813057,34.318063873797655,-0.07690664380788803,0.014648884534835815,8.69777561724186,1.6683817,0.0,-2.2278313221441013,-0.9368300070642681,,2.416791853276233,
2016-07-22,Milagros (Masbate),30.843317963182926,34.3150120228529,-0.05615405738353729,-0.02868739888072014,8.69777561724186,1.085627,7.595554553954645,-0.3564736323500057,-1.7208798257229245,,1.7574131060001146,
2016-07-23,Milagros (Masbate),31.023499242961407,34.30890832096338,-0.04150517284870148,-0.04211554303765297,8.69777561724186,1.3494453,7.936004858229754,0.9629650369810412,-0.511077728158869,,1.0901844369958364,
2016-07-24,Milagros (Masbate),31.231513403356075,34.31348609738052,0.001831110566854477,-0.020142216235399246,8.69777561724186,0.9850949,2.3427491579771527,0.968691565493582,1.3693433370908614,,1.677338523940097,
2016-07-25,Milagros (Masbate),31.150212094187737,34.32721942663193,-0.009155552834272385,0.03479110077023506,8.69777561724186,0.80122364,3.968002429114877,-0.35235816825856714,1.7904672869462877,,1.8248094104216288,
2016-07-26,Milagros (Masbate),31.140690319240093,34.33790090493858,-0.05310220643877983,0.04211554303765297,8.545183062553406,0.74392086,10.943091893534632,-1.5683486645602653,0.8486444812360584,,1.7832316139975721,
2016-07-27,Milagros (Masbate),31.219061851501465,34.331797203049064,-0.06775109097361565,-0.009765923023223877,8.69777561724186,2.1295912,5.471545946767316,-2.4497412624281374,-0.6046902727866155,,2.5232682336299,
2016-07-28,Milagros (Masbate),31.14288765192032,34.32264165021479,-0.054322946816682816,-0.019531846046447754,8.69777561724186,2.0812974,11.039905654489392,-0.15397827343185438,-0.862100535708672,,0.8757434797691811,
2016-07-29,Milagros (Masbate),31.022034354507923,34.30280461907387,-0.01892147585749626,-0.03357036039233208,8.69777561724186,2.0812974,38.300821145697974,3.6946114460058657,-2.596676996051554,,4.51584822140657,
2016-07-30,Milagros (Masbate),30.849909961223602,34.293649066239595,0.048829615116119385,-0.0158696249127388,8.545183062553406,2.1675494,26.717836012463057,6.558173744465188,2.972798706256515,,7.200498247379341,
2016-07-31,Milagros (Masbate),30.57524337619543,34.270760184153914,0.02624591812491417,0.022583696991205215,8.545183062553406,1.8140122,5.374732194517496,2.9852853806277992,5.592560257212145,,6.339452581598732,
2016-08-01,Milagros (Masbate),30.3415936678648,34.26313055679202,-0.024414807558059692,0.03662221133708954,8.545183062553406,1.7212476,7.9144825741920695,1.4705110785135607,4.879745067215965,,5.096500245565545,
2016-08-02,Milagros (Masbate),30.282998129725456,34.25397500395775,-0.01831110566854477,0.0317392498254776,8.545183062553406,1.7800096,6.49109402534686,0.9239776076349041,2.180363381914986,,2.3680623084299275,
2016-08-03,Milagros (Masbate),30.619190029799938,34.23718982376158,-0.014038514345884323,0.015259254723787308,8.69777561724186,1.7800096,2.1995875956320616,1.937655056923277,0.5052022814099554,,2.0024326367601413,
2016-08-04,Milagros (Masbate),30.671193569898605,34.22650834545493,0.02685628831386566,-0.07263405248522758,8.69777561724186,1.7548643,0.0,2.7821545428116057,-0.8273879605922821,,2.9025772577866573,
2016-08-05,Milagros (Masbate),30.529099389910698,34.22650834545493,0.07080294191837311,-0.051881466060876846,8.69777561724186,1.7544153,13.421421045222097,4.249595489343484,0.1629230288947873,,4.252717453157773,
2016-08-06,Milagros (Masbate),30.330607004463673,34.221930569037795,0.07690664380788803,-0.0079348124563694,8.545183062553406,0.89496857,0.0,5.135102588017636,3.5186001439857164,,6.224935787839239,
2016-08-07,Milagros (Masbate),30.090365298092365,34.221930569037795,0.06591998040676117,0.0048829615116119385,8.545183062553406,0.99894875,0.0,5.86068523068622,4.237430417048894,,7.232112271841109,
2016-08-08,Milagros (Masbate),29.861110255122185,34.2143009416759,0.059816278517246246,0.0079348124563694,8.545183062553406,1.045771,6.319156673810546,7.082443708896232,4.385099341405503,,8.330072336041194,
2016-08-09,Milagros (Masbate),29.684591196477413,34.1929379850626,0.05737479776144028,0.009155552834272385,8.545183062553406,0.9388294,28.107389314663095,6.905108058532391,4.325943049270104,,8.148269789687703,
2016-08-10,Milagros (Masbate),29.586443670094013,34.17615280486643,0.029908139258623123,0.02136295661330223,8.545183062553406,0.9396,0.0,3.8781410363722113,5.157864854944532,,6.453181212384021,
2016-08-11,Milagros (Masbate),29.553483679890633,34.18225650675595,0.020142216235399246,0.0238044373691082,8.545183062553406,0.96540135,0.0,5.022118517725052,4.6914944588950025,,6.8725391715085475,
2016-08-12,Milagros (Masbate),29.549089014530182,34.19141205959022,0.04699850454926491,0.010986663401126862,8.545183062553406,1.0379235,9.978990355563212,5.476898854233153,3.248975927219527,,6.368066082819211,
2016-08-13,Milagros (Masbate),29.49928280711174,34.18988613411784,0.06286812946200371,0.0048829615116119385,8.545183062553406,1.0333859,0.0,5.867889592845454,3.379828366272926,,6.771659180679954,
2016-08-14,Milagros (Masbate),29.448011711239815,34.17615280486643,0.06530961021780968,0.006714072078466415,8.545183062553406,0.8334859,0.0,5.645885033207276,3.4680282122924315,,6.625951817622141,
2016-08-15,Milagros (Masbate),29.4179814979434,34.17004910297692,0.06653035059571266,0.005493331700563431,8.545183062553406,0.6900105,11.99409323531764,5.653371701012007,3.3430463485749327,,6.567843670377941,
2016-08-16,Milagros (Masbate),29.42603838443756,34.1715750284493,0.06042664870619774,0.007324442267417908,8.545183062553406,1.0993574,0.07129024733878052,4.685928560420268,3.0380762294215673,,5.584606848215794,
2016-08-17,Milagros (Masbate),29.48316903412342,34.17920465581119,0.05859553813934326,0.009765923023223877,8.545183062553406,0.9905688,0.0,4.607970615782842,2.8380217395183513,,5.4118167550183065,
2016-08-18,Milagros (Masbate),29.551286347210407,34.19446391053498,0.06042664870619774,0.005493331700563431,8.545183062553406,1.0536659,0.0,4.1030521656937005,2.129262605642611,,4.622639540153626,
2016-08-19,Milagros (Masbate),29.67580186575651,34.18988613411784,0.079348124563694,-0.0158696249127388,8.545183062553406,1.0066826,12.60056273593864,6.339229990183477,0.9495230632998855,,6.4099478091619435,
2016-08-20,Milagros (Masbate),29.591570779681206,34.16852317750454,0.08789330720901489,-0.024414807558059692,8.545183062553406,0.9885965,25.78248855792001,6.717381694883793,0.12139601729101233,,6.718478535187411,
2016-08-21,Milagros (Masbate),29.423841051757336,34.139530593529344,0.07263405248522758,-0.007324442267417908,8.545183062553406,1.170613,52.48483432669185,5.713111639151217,3.0893032670580465,,6.49487792627857,
2016-08-22,Milagros (Masbate),29.44215215742588,34.12884911522269,0.03479110077023506,0.023194067180156708,8.545183062553406,1.161495,0.0,3.9289661153333637,5.241502262718981,,6.550581707415452,
2016-08-23,Milagros (Masbate),29.50294502824545,34.139530593529344,0.01831110566854477,0.030518509447574615,8.545183062553406,1.255264,0.0,4.338172113210368,3.881236029401248,,5.820973320653383,
2016-08-24,Milagros (Masbate),29.68752097338438,34.15173799730837,0.031128879636526108,0.031128879636526108,8.545183062553406,2.3698459,0.0,4.4843265688394585,3.0558015751154546,,5.426518961772599,
2016-08-25,Milagros (Masbate),29.787133388221264,34.160893550142646,0.03723258152604103,0.023194067180156708,8.545183062553406,2.3012614,0.0,3.8832809381626574,3.170350133506084,,5.013081967584362,
2016-08-26,Milagros (Masbate),29.792992942035198,34.15326392278075,0.02929776906967163,0.027466658502817154,8.545183062553406,1.6310441,0.0,3.7177969491411167,3.539698331372006,,5.133369111232969,
2016-08-27,Milagros (Masbate),29.760032951831818,34.15173799730837,0.0317392498254776,0.01892147585749626,8.545183062553406,1.6294535,0.0,4.119004341499358,3.5316671786266833,,5.42575983857372,
2016-08-28,Milagros (Masbate),29.809106715023518,34.160893550142646,0.028077028691768646,0.028077028691768646,8.545183062553406,1.4456892,19.202559796114723,2.766320733796982,3.1387638158363154,,4.183822258872671,
2016-08-29,Milagros (Masbate),29.897000022232533,34.1715750284493,0.025025177747011185,0.02868739888072014,8.545183062553406,1.2124293,10.531901618771814,2.2871170956608484,2.7679076504180937,,3.590573404138554,
2016-08-30,Milagros (Masbate),30.037629313766956,34.17920465581119,0.024414807558059692,0.036011841148138046,8.545183062553406,1.1697788,0.0,2.6922595692245825,2.4553616238938942,,3.6437703402069945,
2016-08-31,Milagros (Masbate),30.16141238808632,34.18988613411784,0.017090365290641785,0.03784295171499252,8.545183062553406,1.1789618,0.0,2.892843556648053,2.7906217102051074,,4.019466802040817,
2016-09-01,Milagros (Masbate),30.41923275589943,34.20056761242449,0.039674062281847,0.02868739888072014,8.69777561724186,1.2187003,0.0,3.2917268771979984,1.857316374063437,,3.7795621369983907,
2016-09-02,Milagros (Masbate),30.485885180532932,34.20667131431401,0.036011841148138046,0.02868739888072014,8.545183062553406,1.3312701,0.0,4.485070341467371,1.4453223187406756,,4.712198273943931,
2016-09-03,Milagros (Masbate),30.486617624759674,34.211249090731144,0.043946653604507446,0.006103701889514923,8.545183062553406,0.8565999,0.0,4.742418552813266,2.6298799761277594,,5.422803925913716,
2016-09-04,Milagros (Masbate),30.454390078783035,34.20819723978639,0.023194067180156708,0.027466658502817154,8.545183062553406,1.0660787,0.0,1.9427095999102544,3.1773965671453333,,3.724240799745689,
2016-09-05,Milagros (Masbate),30.458784744143486,34.20667131431401,-0.006714072078466415,0.04455702379345894,8.545183062553406,1.0390104,0.0,0.2258430834283865,1.924117896050451,,1.937326708697853,
2016-09-06,Milagros (Masbate),30.610400699079037,34.197515761479735,-0.03784295171499252,0.06042664870619774,8.69777561724186,1.4277556,2.3022247772913187,-0.5266502385359928,0.8709704450611261,,1.0178162849551948,
2016-09-07,Milagros (Masbate),30.837458409368992,34.16852317750454,-0.01831110566854477,-0.014038514345884323,8.69777561724186,2.2524927,13.572961283020266,-0.34951789915236126,-1.0660374125055796,,1.121872776516781,
2016-09-08,Milagros (Masbate),30.75469221174717,34.16852317750454,-0.05249183624982834,-0.02929776906967163,8.69777561724186,1.4803454,15.90718053175518,-1.2205133945980993,-1.288341593481924,,1.7746765924778856,
2016-09-09,Milagros (Masbate),30.854304626584053,34.139530593529344,-0.03479110077023506,-0.03784295171499252,8.69777561724186,1.4876503,7.206183635680718,-1.5652293074597796,0.6504420018194271,,1.694997811993244,
2016-09-10,Milagros (Masbate),31.01617480069399,34.0708639472723,-0.025635547935962677,0.02929776906967163,8.69777561724186,0.5361334,0.09185990261983194,-0.7254739485389315,1.9961726434213016,,2.123915646242161,
2016-09-11,Milagros (Masbate),30.976622812449932,34.11206393502653,0.007324442267417908,0.03784295171499252,8.69777561724186,0.52120286,4.183593130982188,1.2247231550441906,1.0414105482913594,,1.6076326497660796,
2016-09-12,Milagros (Masbate),30.96710103750229,34.10596023313701,0.03906369209289551,-0.04211554303765297,8.69777561724186,0.4972876,37.48323343830224,4.088101995881773,-0.4970300921807611,,4.118205536549354,
2016-09-13,Milagros (Masbate),30.69316689670086,34.10901208408177,0.06164738908410072,-0.0158696249127388,8.545183062553406,0.41011405,0.0,5.4005561012498715,2.277527605407889,,5.861155022360542,
2016-09-14,Milagros (Masbate),30.555467382073402,34.10596023313701,0.059816278517246246,-0.012207403779029846,8.545183062553406,0.6138758,0.0,5.7721980677649505,1.732350313990875,,6.026550268926138,
2016-09-15,Milagros (Masbate),30.494674511253834,34.09527875483036,0.054322946816682816,0.0012207403779029846,8.545183062553406,0.58537894,0.0,4.889826131844596,3.2903492937125427,,5.893793182179445,
2016-09-16,Milagros (Masbate),30.37821587920189,34.0922269038856,0.006714072078466415,0.02929776906967163,8.545183062553406,0.6014333,0.0,2.073686837581444,4.624225971093315,,5.067903208634952,
2016-09-17,Milagros (Masbate),30.392132319509983,34.09375282935798,-0.010986663401126862,0.040894802659749985,8.545183062553406,0.62450016,0.0,1.2865060528513739,4.085643951292542,,4.283408026415013,
2016-09-18,Milagros (Masbate),30.55912960320711,34.09680468030274,0.015259254723787308,0.03784295171499252,8.69777561724186,0.59617984,6.183479303278738,1.7451120896452768,2.3431658299668623,,2.9216163868910647,
2016-09-19,Milagros (Masbate),30.65288246423006,34.089175052940845,0.0030518509447574615,0.04028443247079849,8.545183062553406,0.5529056,4.592278675907282,0.3792734047075136,1.4525658106270165,,1.5012647167375082,
2016-09-20,Milagros (Masbate),30.73491621762514,34.090700978413224,-0.054322946816682816,0.03479110077023506,8.545183062553406,0.56815493,13.77683612250895,-1.5197443707886726,0.8000175060790468,,1.7174547920037941,
2016-09-21,Milagros (Masbate),30.675588235259056,34.08307135105133,-0.06958220154047012,0.01892147585749626,8.545183062553406,0.48606613,7.819056778843939,-2.533237008573789,-0.2551172322168268,,2.546050773999186,
2016-09-22,Milagros (Masbate),30.79644153267145,34.064760245382786,-0.06469924002885818,0.0079348124563694,8.69777561724186,0.4916892,0.0,-0.9250874889383903,-0.7129631426914149,,1.1679483314884933,
2016-09-23,Milagros (Masbate),30.800836198031902,34.04492321424186,-0.004272591322660446,-0.06103701889514923,8.69777561724186,0.4641473,16.79433643213392,1.0487757340258144,-2.3095713374119318,,2.536542982658903,
2016-09-24,Milagros (Masbate),30.719534888863564,34.03576766140759,0.040894802659749985,-0.062257759273052216,8.69777561724186,0.47101498,33.64016549147166,2.690331977517323,-1.601870261125266,,3.1311139364018357,
2016-09-25,Milagros (Masbate),30.61186558753252,34.028138034045696,0.07568590342998505,-0.025025177747011185,8.545183062553406,0.46532312,17.869134318756046,4.579779438811436,0.4541236833752426,,4.602239457912017,
2016-09-26,Milagros (Masbate),30.450727857649326,34.02356025762856,0.05493331700563431,0.008545182645320892,8.545183062553406,0.4888167,9.287585389057956,4.704263828728636,4.884483425101277,,6.781465660192766,
2016-09-27,Milagros (Masbate),30.258095026016235,34.018982481211424,0.014038514345884323,0.02685628831386566,8.545183062553406,0.8274693,30.849103053249642,3.3723279959018884,5.368572022504225,,6.339886566237503,
2016-09-28,Milagros (Masbate),30.064729750156403,34.00067137554288,-0.012817773967981339,0.028077028691768646,8.545183062553406,0.86095524,21.70200855881882,2.0664791403866634,3.562538116865409,,4.118496554784541,
2016-09-29,Milagros (Masbate),29.96511733531952,33.97473064251244,0.0048829615116119385,0.020142216235399246,8.545183062553406,0.9109624,10.92124949023883,1.665332891618447,1.9615655966525498,,2.573144618920035,
2016-09-30,Milagros (Masbate),30.156285278499126,33.96252323873341,0.04577776417136192,-0.007324442267417908,8.69777561724186,0.88109905,0.0,4.209128355097702,-0.10500696066920871,,4.210437978580907,
2016-10-01,Milagros (Masbate),30.294717237353325,33.948789909482,0.0476088747382164,-0.051271095871925354,8.69777561724186,0.8361598,0.16658145370638153,3.705650593851317,-0.8395879656656475,,3.799572907025367,
2016-10-02,Milagros (Masbate),30.301309235394,33.948789909482,0.0634784996509552,-0.0317392498254776,8.69777561724186,0.837474,5.403448406629582,3.7411832167502688,0.7109187602061421,,3.8081304264569154,
2016-10-03,Milagros (Masbate),30.155552834272385,33.95489361137152,0.0476088747382164,-0.009765923023223877,8.545183062553406,0.80539167,18.153302473180435,4.1077758597726035,1.0627606979140194,,4.243027552958058,
2016-10-04,Milagros (Masbate),30.089632853865623,33.935056580230594,0.046388134360313416,-0.02624591812491417,8.545183062553406,0.80564606,12.143301574985589,4.142802322320787,0.9156761128899318,,4.242790806243423,
2016-10-05,Milagros (Masbate),30.086703076958656,33.90453807078302,0.03479110077023506,0.008545182645320892,8.545183062553406,1.43587,23.101384323460575,2.8367391086393194,3.691735291629583,,4.6557489444714655,
2016-10-06,Milagros (Masbate),29.95266578346491,33.90453807078302,-0.019531846046447754,0.036011841148138046,8.545183062553406,2.5393906,7.360266166091207,-0.07656468361265355,3.8283188803506474,,3.829084433702911,
2016-10-07,Milagros (Masbate),29.979766219854355,33.88317511416972,-0.04455702379345894,0.05310220643877983,8.545183062553406,2.5410511,0.0,-0.8858412697054951,2.1525250068673065,,2.3276766657554786,
2016-10-08,Milagros (Masbate),30.347453221678734,33.838923275470734,-0.025635547935962677,-0.017090365290641785,8.69777561724186,2.541111,7.360266166091207,0.8283431832813667,0.34439056031895976,,0.8970826535640487,
2016-10-09,Milagros (Masbate),30.380413211882114,33.85418253019452,-0.0079348124563694,-0.05493331700563431,8.69777561724186,2.6064894,0.0,1.8938599243211016,-0.12895965341403215,,1.8982455070823152,
2016-10-10,Milagros (Masbate),30.459517188370228,33.82824179716408,-0.025025177747011185,-0.027466658502817154,8.69777561724186,1.7109843,7.360266166091207,1.6073359426273475,-0.6864623743182411,,1.7477870075659623,
2016-10-11,Milagros (Masbate),30.387737654149532,33.838923275470734,-0.05615405738353729,0.014648884534835815,8.69777561724186,1.2066919,20.485575612128144,-0.5805954424378797,-1.2928863919251732,,1.4172671908306245,
2016-10-12,Milagros (Masbate),30.46098207682371,33.838923275470734,-0.02685628831386566,-0.0317392498254776,8.69777561724186,1.1498343,10.16464825140777,0.739713474552176,-1.5594427171363512,,1.7259888795886427,
2016-10-13,Milagros (Masbate),30.34598833322525,33.838923275470734,-0.006103701889514923,-0.0476088747382164,8.545183062553406,0.8109158,12.151135550067583,1.5434531852991569,-2.637014460908476,,3.0555020867691343,
2016-10-14,Milagros (Masbate),30.21854303777218,33.81145661696792,0.03784295171499252,-0.05310220643877983,8.69777561724186,1.0743134,58.686223941207174,7.491572618759617,-2.660953015921272,,7.950115172441802,
2016-10-15,Milagros (Masbate),30.085238188505173,33.74736774712801,0.059816278517246246,-0.0030518509447574615,8.545183062553406,1.2068169,36.67888845633299,5.72408443917237,5.275741104227146,,7.784509417144226,
2016-10-16,Milagros (Masbate),30.020050652325153,33.71074553579092,-0.004272591322660446,0.032959990203380585,8.545183062553406,1.6911612,0.0,0.3604341724559211,4.031286367820551,,4.047367363120105,
2016-10-17,Milagros (Masbate),30.206091485917568,33.704641833901405,-0.031128879636526108,0.04699850454926491,8.69777561724186,1.6987242,0.0,1.7896107914943178,-0.856472182360069,,1.983998836740974,
2016-10-18,Milagros (Masbate),30.213415928184986,33.70158998295665,0.05249183624982834,-0.04821924492716789,8.545183062553406,1.3862467,11.504236855806733,5.112065118261002,-2.1392748489298445,,5.541633933471669,
2016-10-19,Milagros (Masbate),29.962187558412552,33.68480480276048,0.07263405248522758,-0.0006103701889514923,8.545183062553406,1.2067231,39.72409764845038,4.83114022751553,5.129998096879404,,7.046757862443204,
2016-10-20,Milagros (Masbate),29.817163601517677,33.66344184614718,-0.015259254723787308,0.032959990203380585,8.545183062553406,1.3961751,0.0,-0.09767534241455136,4.51573469937054,,4.516790934680832,
2016-10-21,Milagros (Masbate),29.82302315533161,33.65886406973004,-0.05066072568297386,0.043946653604507446,8.545183062553406,1.3740386,14.199438040928714,-1.7801964442375409,2.162428993015567,,2.8009281550782954,
2016-10-22,Milagros (Masbate),29.97830133140087,33.6619159206748,-0.07690664380788803,0.03479110077023506,8.69777561724186,1.2517766,0.0,-2.55272163753464,0.7295231555313209,,2.6549184155438583,
2016-10-23,Milagros (Masbate),30.150425724685192,33.67412332445383,-0.07812738418579102,0.039674062281847,8.69777561724186,1.6935934,0.0,-3.001449149171612,-0.42431629150681743,,3.0312936694258266,
2016-10-24,Milagros (Masbate),30.19510482251644,33.67564924992621,-0.07812738418579102,0.015259254723787308,8.69777561724186,0.78918546,0.0,-3.80350725323762,-2.3719411202601006,,4.482496191120738,
2016-10-25,Milagros (Masbate),30.069856859743595,33.680227026343346,-0.0634784996509552,-0.0030518509447574615,8.545183062553406,1.1781338,8.442669081155959,-4.261926135243576,-2.5249885030779184,,4.953744172133631,
2016-10-26,Milagros (Masbate),30.00979643315077,33.680227026343346,-0.07080294191837311,-0.0012207403779029846,8.545183062553406,1.101482,13.581795218508333,-4.621775762201575,-2.9239636129283455,,5.469037795243596,
2016-10-27,Milagros (Masbate),29.914578683674335,33.67870110087097,-0.06714072078466415,-0.0030518509447574615,8.545183062553406,1.052322,32.95811406303854,-5.048773905471413,-3.356049534503987,,6.062440632832085,
2016-10-28,Milagros (Masbate),29.787865832448006,33.668019622564316,-0.06775109097361565,0.0012207403779029846,8.545183062553406,0.8272013,15.808494720691113,-5.3357802440280295,-2.6909611980606383,,5.975936996156148,
2016-10-29,Milagros (Masbate),29.659688092768192,33.65428629331291,-0.06958220154047012,0.005493331700563431,8.545183062553406,0.8279056,10.09043289053029,-4.919867472498589,-2.528422793458723,,5.53154750223039,
2016-10-30,Milagros (Masbate),29.551286347210407,33.646656665951014,-0.06164738908410072,-0.004272591322660446,8.545183062553406,0.8285678,38.414268346635616,-4.270557430709578,-3.3740337624789407,,5.442588042405616,
2016-10-31,Milagros (Masbate),29.44581437855959,33.64207888953388,-0.04699850454926491,-0.014648884534835815,8.545183062553406,0.90519756,38.414268346635616,-4.3246280901413146,-4.098008684519942,,5.957858952378798,
2016-11-01,Milagros (Masbate),29.28687398135662,33.634449262171984,-0.02929776906967163,-0.022583696991205215,8.545183062553406,0.93469363,0.0,-4.530463416114735,-4.636925021266286,,6.482759629787251,
2016-11-02,Milagros (Masbate),29.181402012705803,33.620715932920575,-0.025635547935962677,-0.02685628831386566,8.545183062553406,1.3138145,42.10514924008754,-4.112990302666855,-3.9708266765560154,,5.71700566075288,
2016-11-03,Milagros (Masbate),29.088381595909595,33.59935297630727,-0.01831110566854477,-0.027466658502817154,8.545183062553406,1.2861406,65.72114602450667,-1.3951125229695314,-2.7985250477754517,,3.1269923880260735,
2016-11-04,Milagros (Masbate),29.125003807246685,33.57036039233208,-0.017090365290641785,-0.048829615116119385,8.69777561724186,1.286546,23.823913690284588,0.2907570163161307,-3.559550511671017,,3.5714058139162033,
2016-11-05,Milagros (Masbate),29.101565591990948,33.58867149800062,-0.003662221133708954,-0.043946653604507446,8.545183062553406,1.3002796,0.0,-0.11894165166424496,-2.1942949409035135,,2.197516189741357,
2016-11-06,Milagros (Masbate),29.076662488281727,33.60393075272441,-0.006714072078466415,-0.04150517284870148,8.545183062553406,1.2913533,0.0,-2.090373312530999,-3.214325169204097,,3.834259625940941,
2016-11-07,Milagros (Masbate),28.962401188910007,33.62987148575485,-0.017700735479593277,-0.027466658502817154,8.545183062553406,0.7010736,0.0,-3.7110029360415133,-4.49563030602703,,5.829428328728077,
2016-11-08,Milagros (Masbate),28.769768357276917,33.66496777161956,-0.025025177747011185,-0.023194067180156708,8.545183062553406,0.4820259,0.0,-4.05012674285445,-4.617908544692271,,6.142361594722886,
2016-11-09,Milagros (Masbate),28.573473304510117,33.69853813201189,-0.022583696991205215,-0.021973326802253723,8.545183062553406,0.4871972,0.0,-2.8910971618870667,-3.645464282135238,,4.652725290815614,
2016-11-10,Milagros (Masbate),28.5661488622427,33.71990108862519,-0.024414807558059692,-0.02929776906967163,8.545183062553406,0.5965931,0.0,-1.59901284089372,-2.572729011583039,,3.0291544418177234,
2016-11-11,Milagros (Masbate),28.56321908533573,33.73516034334898,-0.05066072568297386,-0.012817773967981339,8.545183062553406,0.7978325,0.0,-4.359075853518132,-3.1728993706798927,,5.391551976303826,
2016-11-12,Milagros (Masbate),28.56248664110899,33.751945523545146,-0.05859553813934326,-0.009765923023223877,8.545183062553406,0.6146146,0.0,-4.218871123167687,-3.6183183087377473,,5.557976334714369,
2016-11-13,Milagros (Masbate),28.56688130646944,33.77025662921369,-0.040894802659749985,-0.01831110566854477,8.545183062553406,0.8416446,0.0,-3.3538926578923483,-4.315376232877054,,5.465443073708147,
2016-11-14,Milagros (Masbate),28.630603954195976,33.77330848015845,-0.06653035059571266,-0.003662221133708954,8.545183062553406,1.6687287,0.0,-3.536370279385646,-3.0266084023389155,,4.65470441317498,
2016-11-15,Milagros (Masbate),28.719229705631733,33.77330848015845,-0.07995849475264549,0.01037629321217537,8.545183062553406,1.2671993,0.0,-3.1711427275332427,-1.515390603888428,,3.514620161659053,
2016-11-16,Milagros (Masbate),28.71044037491083,33.77025662921369,-0.079348124563694,0.006714072078466415,8.545183062553406,1.162826,0.0,-3.572057100468135,-1.8553502332046314,,4.025160421257431,
2016-11-17,Milagros (Masbate),28.66942349821329,33.77025662921369,-0.07202368229627609,-0.001831110566854477,8.545183062553406,1.162826,39.431093304926186,-5.340918717315376,-2.995037722270281,,6.123370289537591,
2016-11-18,Milagros (Masbate),28.624744400382042,33.776360331103206,-0.09765923023223877,0.02075258642435074,8.545183062553406,1.2234843,32.29687213704262,-5.787749912098871,-1.8550382961409944,,6.077764072843744,
2016-11-19,Milagros (Masbate),28.548570200800896,33.79161958582699,-0.1110873743891716,0.031128879636526108,8.545183062553406,1.4306806,6.681004200213821,-4.8712377259892525,-0.5686070328997193,,4.904311464514052,
2016-11-20,Milagros (Masbate),28.536118648946285,33.81908624432981,-0.0952177494764328,0.01831110566854477,8.545183062553406,1.6412767,0.0,-4.57454023956198,-1.7322932747439503,,4.891549692387362,
2016-11-21,Milagros (Masbate),28.62034973502159,33.85418253019452,-0.07995849475264549,0.001831110566854477,8.545183062553406,1.6747981,0.0,-5.389470341114073,-3.0598505708160513,,6.197505633194016,
2016-11-22,Milagros (Masbate),28.63573106378317,33.88317511416972,-0.07080294191837311,-0.0024414807558059692,8.545183062553406,1.14497,0.5962164842091032,-4.382243997565195,-2.787257910398385,,5.193541095752931,
2016-11-23,Milagros (Masbate),28.61156040430069,33.90148621983826,-0.04699850454926491,-0.01892147585749626,8.545183062553406,0.88659865,13.459417016220867,-4.12885257396086,-4.233541845743432,,5.913569153832897,
2016-11-24,Milagros (Masbate),28.506820879876614,33.89996029436588,-0.046388134360313416,-0.012207403779029846,8.545183062553406,0.8723919,47.86392758971054,-5.8706604239848765,-5.044678910272527,,7.740377195039703,
2016-11-25,Milagros (Masbate),28.389629803597927,33.85418253019452,-0.07995849475264549,0.014038514345884323,8.545183062553406,1.5482897,9.617867709657,-6.681553019900646,2.863714957514197,,7.269388840585842,
2016-11-26,Milagros (Masbate),28.36252936720848,33.849604753777385,-0.09216589853167534,0.03662221133708954,8.545183062553406,1.5409812,0.0,-4.055537732603624,1.917491154539025,,4.485995834628823,
2016-11-27,Milagros (Masbate),28.5749381929636,33.86944178491831,-0.08667256683111191,0.040894802659749985,8.545183062553406,1.5545794,0.0,-2.773481438715501,0.38949357743391266,,2.8006971520965407,
2016-11-28,Milagros (Masbate),28.598376408219337,33.89080474153161,-0.08850367739796638,0.0079348124563694,8.545183062553406,2.3224149,0.0,-4.730120201148989,-2.009942909086362,,5.139446236230544,
2016-11-29,Milagros (Masbate),28.556627087295055,33.921323250979185,-0.08484145626425743,0.006103701889514923,8.545183062553406,1.408296,15.702836233994057,-5.420364961522168,-2.3799048012261643,,5.919822900982475,
2016-11-30,Milagros (Masbate),28.5258644297719,33.945738058537245,-0.07873775437474251,0.001831110566854477,8.545183062553406,0.94263905,6.931195309389436,-5.514029217698096,-3.137140858475085,,6.343986993960665,
2016-12-01,Milagros (Masbate),28.51414532214403,33.97473064251244,-0.08117923513054848,0.0030518509447574615,8.545183062553406,1.5251114,0.0,-5.44766605405663,-3.4829155997740635,,6.465892553365735,
2016-12-02,Milagros (Masbate),28.478987999260426,34.00830100290477,-0.08301034569740295,0.004272591322660446,8.545183062553406,1.3546702,0.0,-6.0335128081927945,-3.3236571038005,,6.888394105324552,
2016-12-03,Milagros (Masbate),28.39036224782467,34.028138034045696,-0.07690664380788803,0.0024414807558059692,8.545183062553406,1.1144862,0.0,-5.517000972807375,-3.4897488048786625,,6.528066057808359,
2016-12-04,Milagros (Masbate),28.379375584423542,34.04644913971424,-0.07507553324103355,0.003662221133708954,8.545183062553406,1.2053058,0.0,-4.780128705262202,-2.4638054981370345,,5.3777288860188905,
2016-12-05,Milagros (Masbate),28.380840472877026,34.064760245382786,-0.06958220154047012,-0.003662221133708954,8.545183062553406,1.5992645,0.0,-4.221436488554105,-2.787985795029714,,5.058991087181661,
2016-12-06,Milagros (Masbate),28.376445807516575,34.064760245382786,-0.06469924002885818,-0.01037629321217537,8.545183062553406,0.94345754,0.0,-3.3100972280143557,-3.3251733369795726,,4.691856922356881,
2016-12-07,Milagros (Masbate),28.28415783494711,34.052552841603756,-0.06591998040676117,0.010986663401126862,8.545183062553406,0.8494763,19.380218683826996,-3.859973751532957,-0.2537864053585921,,3.868307756896838,
2016-12-08,Milagros (Masbate),28.254127621650696,34.02356025762856,-0.06836146116256714,0.021973326802253723,8.545183062553406,0.7689665,37.05064006751255,-3.1018835128256974,0.5022452324021274,,3.1422812733125207,
2016-12-09,Milagros (Masbate),28.299539163708687,33.980834344401956,-0.06469924002885818,0.040894802659749985,8.69777561724186,0.57764024,18.525320033756277,-0.21086485435966526,-0.4210980196110661,,0.47094323322931886,
2016-12-10,Milagros (Masbate),28.46873378008604,33.89538251794875,-0.04028443247079849,0.022583696991205215,8.69777561724186,0.5829364,19.932173959140123,1.5510007071948089,-0.7507276303383542,,1.7231352728884166,
2016-12-11,Milagros (Masbate),28.310525827109814,33.78704180940986,-0.06958220154047012,-0.0006103701889514923,8.69777561724186,0.5013,0.3089812164616149,1.7209882060512505,-0.011691129476311143,,1.7210279160652606,
2016-12-12,Milagros (Masbate),28.28489027917385,33.79619736224413,-0.09277626872062683,0.05737479776144028,8.69777561724186,0.4694693,39.96322430655149,0.33318395920556937,1.4222320785558409,,1.4607380449434342,
2016-12-13,Milagros (Masbate),28.363261811435223,33.8770714122802,-0.07080294191837311,0.05371257662773132,8.69777561724186,0.4856465,57.49441965501642,-0.22483275164841815,1.9307846220761722,,1.943831017105043,
2016-12-14,Milagros (Masbate),28.44749289751053,33.909115847200155,-0.07324442267417908,0.006714072078466415,8.69777561724186,0.50734335,0.0,-2.0796789698843243,0.2035816300785609,,2.0896196060251175,
2016-12-15,Milagros (Masbate),28.323709823191166,33.90453807078302,-0.05859553813934326,-0.012207403779029846,8.545183062553406,0.4515729,7.255509092164571,-4.472884748878732,-2.229221064179244,,4.997611882662798,
2016-12-16,Milagros (Masbate),28.073213897645473,33.896908443421125,-0.06591998040676117,-0.0024414807558059692,8.545183062553406,0.40338993,123.21162829292714,-6.758350877782383,-2.6040464021928655,,7.242676594463922,
2016-12-17,Milagros (Masbate),27.762657545506954,33.909115847200155,-0.09277626872062683,0.011597033590078354,8.545183062553406,0.6024531,28.60705689822926,-7.960895267346517,-4.459567902317249,,9.124889003874976,
2016-12-18,Milagros (Masbate),27.573686935007572,33.9274269528687,-0.10132145136594772,0.017090365290641785,8.545183062553406,1.1311059,0.5863331897263594,-6.916465091507236,-4.222442276716801,,8.103487406187755,
2016-12-19,Milagros (Masbate),27.534134946763515,33.94268620759249,-0.09949034079909325,0.020142216235399246,8.545183062553406,1.1845981,0.0,-4.769958698664255,-2.6117108919609695,,5.438155916314864,
2016-12-20,Milagros (Masbate),27.58540604263544,33.95947138778865,-0.0952177494764328,0.0158696249127388,8.545183062553406,0.9756959,0.0,-5.112935980426981,-3.11809532032883,,5.988708772899327,
2016-12-21,Milagros (Masbate),27.64619891345501,33.97930841892958,-0.08606219664216042,0.008545182645320892,8.545183062553406,1.581462,0.0,-5.25231505346368,-3.282453111762569,,6.1936509307322885,
2016-12-22,Milagros (Masbate),27.701864674687386,33.98846397176385,-0.06469924002885818,-0.006714072078466415,8.545183062553406,1.2517849,0.0,-4.634856570123737,-4.261463673997542,,6.2961867880821165,
2016-12-23,Milagros (Masbate),27.682088680565357,33.994567673653364,-0.048829615116119385,-0.011597033590078354,8.545183062553406,1.0058042,0.0,-3.5118712419931293,-5.090523103171381,,6.184388820591728,
2016-12-24,Milagros (Masbate),27.616168700158596,33.99761952459812,-0.02685628831386566,-0.01831110566854477,8.545183062553406,1.0396502,9.050002214149336,-0.5724109850972329,-5.445085489866376,,5.475089983535735,
2016-12-25,Milagros (Masbate),27.644001580774784,33.96099731326103,-0.06286812946200371,-0.003662221133708954,8.69777561724186,1.0235037,50.06647713527718,4.58104121373226,-0.594754677743616,,4.619488253974833,
2016-12-26,Milagros (Masbate),27.755333103239536,33.93963435664773,-0.08667256683111191,0.039674062281847,8.69777561724186,1.2649314,0.0,-2.385772260484975,2.369868930142351,,3.3627649375110416,
2016-12-27,Milagros (Masbate),27.873256623744965,33.95336768589914,-0.08239997550845146,0.035401470959186554,8.69777561724186,1.1848023,0.0,-2.4920860800855715,0.021896013407278397,,2.4921822698108183,
2016-12-28,Milagros (Masbate),27.95382548868656,33.957945462316275,-0.08239997550845146,0.009765923023223877,8.69777561724186,1.1838542,0.0,-4.2433694247713785,-1.6912210250104407,,4.567976864052832,
2016-12-29,Milagros (Masbate),27.93331705033779,33.96710101515055,-0.07385479286313057,-0.0006103701889514923,8.545183062553406,1.3806711,0.0,-4.424171291339286,-2.906736436555253,,5.293619586512489,
2016-12-30,Milagros (Masbate),27.805139310657978,33.98998989723623,-0.07385479286313057,0.001831110566854477,8.545183062553406,1.0774648,0.0,-5.785538982855319,-4.511827586990053,,7.336828299535369,
2016-12-31,Milagros (Masbate),27.65938290953636,34.02356025762856,-0.08484145626425743,0.008545182645320892,8.545183062553406,1.077444,0.0,-6.855597128839857,-4.9473636193553885,,8.454325447667516,
2017-01-01,Milagros (Masbate),27.489455848932266,34.052552841603756,-0.08667256683111191,0.008545182645320892,8.545183062553406,1.0806581,0.0,-7.063098431917437,-5.499938904693452,,8.951909707672165,
2017-01-02,Milagros (Masbate),27.366405218839645,34.07391579821706,-0.07873775437474251,0.005493331700563431,8.545183062553406,0.8692647,14.860102593536066,-6.662806928593413,-4.859347022591265,,8.246590183444244,
2017-01-03,Milagros (Masbate),27.320261232554913,34.08764912746847,-0.08117923513054848,0.005493331700563431,8.545183062553406,0.8901404,0.0,-5.734621379465147,-4.98356812799405,,7.5974886411351,
2017-01-04,Milagros (Masbate),27.293160796165466,34.102908382192254,-0.08362071588635445,0.007324442267417908,8.545183062553406,0.97261935,17.441791604063333,-6.7063608251357865,-3.904293686676524,,7.760076333950466,
2017-01-05,Milagros (Masbate),27.244087032973766,34.11816763691604,-0.08117923513054848,0.006103701889514923,8.545183062553406,1.0680811,16.681370145167104,-5.530919817376389,-3.937763367004418,,6.789481155491106,
2017-01-06,Milagros (Masbate),27.137882620096207,34.13495281711221,-0.06836146116256714,0.0,8.545183062553406,0.93180287,0.0,-4.735950328926094,-4.40880600725085,,6.470455619786473,
2017-01-07,Milagros (Masbate),27.025818653404713,34.14563429541886,-0.06408886983990669,-0.001831110566854477,8.545183062553406,0.9442145,9.010049870241485,-4.088583381352622,-4.3175630142747625,,5.946247930292364,
2017-01-08,Milagros (Masbate),26.935728013515472,34.136478742584586,-0.051271095871925354,-0.008545182645320892,8.545183062553406,0.94206387,32.50186103836276,-2.1716944284187445,-5.691670811820997,,6.091910481988398,
2017-01-09,Milagros (Masbate),26.867610700428486,34.102908382192254,-0.0634784996509552,-0.005493331700563431,8.545183062553406,0.93844503,23.7558730591625,-6.78902483210214,-4.489747340976847,,8.13932978547424,
2017-01-10,Milagros (Masbate),26.77532272785902,34.08764912746847,-0.10620441287755966,0.021973326802253723,8.545183062553406,0.9190791,17.318755809482166,-7.233781977858633,-2.37245469297278,,7.612893206488642,
2017-01-11,Milagros (Masbate),26.7504196241498,34.089175052940845,-0.11535996571183205,0.028077028691768646,8.545183062553406,0.9403309,0.0,-4.683141497614127,-1.7994404519481912,,5.0169512880616045,
2017-01-12,Milagros (Masbate),26.801690720021725,34.09833060577512,-0.09582811966538429,0.016479995101690292,8.545183062553406,0.92875755,24.77456120303388,-4.4571490814359525,-3.073799239093409,,5.41427924071123,
2017-01-13,Milagros (Masbate),26.87347025424242,34.08154542557895,-0.07080294191837311,-0.006714072078466415,8.69777561724186,0.8768681,41.12620914296736,0.709242294656193,-5.339451156787593,,5.3863497183389,
2017-01-14,Milagros (Masbate),26.937192901968956,34.06933802179992,-0.06408886983990669,-0.017090365290641785,8.69777561724186,0.91352314,25.551708561895342,-0.0017062325928429282,-4.922513549479533,,4.922513845185126,
2017-01-15,Milagros (Masbate),26.925473794341087,34.066286170855165,-0.05859553813934326,-0.01342814415693283,8.545183062553406,0.93750244,19.619062729346098,-4.3141357808472955,-5.935306256207532,,7.33754917466065,
2017-01-16,Milagros (Masbate),26.75481428951025,34.043397288769484,-0.062257759273052216,-0.003662221133708954,8.545183062553406,0.9498363,55.588396741700706,-5.9069455248803875,-5.122964555276836,,7.819000656639391,
2017-01-17,Milagros (Masbate),26.531418800354004,34.052552841603756,-0.10925626382231712,0.02136295661330223,8.545183062553406,0.9402871,0.0,-7.658419061453584,-4.71715291950077,,8.994604726545255,
2017-01-18,Milagros (Masbate),26.39518417418003,34.090700978413224,-0.11169774457812309,0.0238044373691082,8.545183062553406,0.94947517,0.0,-6.217351978426209,-4.55169291892082,,7.70541199753746,
2017-01-19,Milagros (Masbate),26.42741172015667,34.10748615860939,-0.09155552834272385,0.012817773967981339,8.545183062553406,1.0039493,11.230383076000408,-3.9158866572668036,-4.464951227202636,,5.938851553445204,
2017-01-20,Milagros (Masbate),26.506515696644783,34.11053800955415,-0.07568590342998505,0.001831110566854477,8.545183062553406,0.9990327,0.8803704553878815,-4.122704751620486,-4.887646277718053,,6.394198980726615,
2017-01-21,Milagros (Masbate),26.559251680970192,34.11206393502653,-0.08667256683111191,0.009765923023223877,8.545183062553406,0.93460125,35.25250056113965,-4.337108086618938,-4.088823878936598,,5.960619705028791,
2017-01-22,Milagros (Masbate),26.59953611344099,34.10901208408177,-0.09643848985433578,0.014648884534835815,8.545183062553406,1.5673362,8.50932648602654,-5.018764508174964,-1.9818536053071412,,5.395900379119838,
2017-01-23,Milagros (Masbate),26.647144988179207,34.127323189750314,-0.12207403779029846,0.02624591812491417,8.545183062553406,1.8297484,0.0,-7.455945350360995,-2.6839733295087056,,7.924319144322987,
2017-01-24,Milagros (Masbate),26.63982054591179,34.16547132655978,-0.12146366760134697,0.028077028691768646,8.545183062553406,3.2906706,0.0,-7.777603695856461,-3.582998613200102,,8.563235271320877,
2017-01-25,Milagros (Masbate),26.58268989622593,34.20667131431401,-0.10864589363336563,0.02075258642435074,8.545183062553406,2.3433745,0.0,-7.281319667975877,-3.7950581198371784,,8.210973282150809,
2017-01-26,Milagros (Masbate),26.47648548334837,34.235663898289204,-0.08484145626425743,0.008545182645320892,8.545183062553406,1.6899679,0.0,-6.478997129313312,-3.699635470112486,,7.4608783942217265,
2017-01-27,Milagros (Masbate),26.373210847377777,34.25550092943013,-0.08545182645320892,0.008545182645320892,8.545183062553406,1.6343281,0.0,-5.501471604995704,-4.566260163688102,,7.149609898662926,
2017-01-28,Milagros (Masbate),26.291177093982697,34.26770833320916,-0.09033478796482086,0.012207403779029846,8.545183062553406,1.3180689,0.0,-6.392215412555726,-4.400128761358706,,7.760254570376611,
2017-01-29,Milagros (Masbate),26.290444649755955,34.26007870584726,-0.09826960042119026,0.02136295661330223,8.545183062553406,1.2869093,0.0,-4.056126983452415,-2.741794141129958,,4.895875939831948,
2017-01-30,Milagros (Masbate),26.46842859685421,34.197515761479735,-0.11169774457812309,0.032959990203380585,8.69777561724186,1.0644714,15.178245380006988,-2.112178139122039,-0.6084185911055774,,2.198060434425754,
2017-01-31,Milagros (Masbate),26.59074678272009,34.18836020864546,-0.12146366760134697,0.029908139258623123,8.69777561724186,0.8975005,10.16342320064986,-3.638147574515056,-1.7763873011123694,,4.048662694952874,
2017-02-01,Milagros (Masbate),26.654469430446625,34.185308357700706,-0.10925626382231712,0.014648884534835815,8.69777561724186,1.0689234,0.0,-4.400571338763026,-2.0541224870986965,,4.8563821204212445,
2017-02-02,Milagros (Masbate),26.64421521127224,34.19446391053498,-0.08239997550845146,0.004272591322660446,8.545183062553406,0.93208313,0.0,-5.936176860971683,-5.004099325653552,,7.763968430238622,
2017-02-03,Milagros (Masbate),26.535081021487713,34.2143009416759,-0.0714133121073246,0.0012207403779029846,8.545183062553406,0.9291873,0.0,-5.541424010155595,-5.192605192546284,,7.594111452038846,
2017-02-04,Milagros (Masbate),26.44425793737173,34.232612047344446,-0.04516739398241043,-0.010986663401126862,8.545183062553406,1.0475624,36.097877688146745,-2.366859895457249,-5.409481104800073,,5.904617818954324,
2017-02-05,Milagros (Masbate),26.461836598813534,34.23871574923396,-0.012817773967981339,-0.0317392498254776,8.545183062553406,1.0429565,0.0,0.18160994349649223,-4.449383293429616,,4.45308812661813,
2017-02-06,Milagros (Masbate),26.50138858705759,34.24024167470634,0.0030518509447574615,-0.03784295171499252,8.545183062553406,0.61498415,0.0,-0.6344918130370173,-4.991870615452801,,5.032032601467535,
2017-02-07,Milagros (Masbate),26.52116458117962,34.244819451123476,-0.014648884534835815,-0.030518509447574615,8.545183062553406,0.7943091,0.0,-1.237762103567528,-4.7294853231578395,,4.8887714660222485,
2017-02-08,Milagros (Masbate),26.596606336534023,34.2432935256511,-0.011597033590078354,-0.03784295171499252,8.545183062553406,1.1291674,0.0,0.07345779052706204,-4.552182353178403,,4.552775002520769,
2017-02-09,Milagros (Masbate),26.6119876652956,34.24787130206823,0.009155552834272385,-0.036011841148138046,8.545183062553406,1.3103276,0.0,-1.630298441066606,-4.950506599566251,,5.212042651330974,
2017-02-10,Milagros (Masbate),26.49699392169714,34.2646564822644,-0.021973326802253723,-0.02136295661330223,8.545183062553406,1.3102684,0.0,-4.32770743826021,-4.68476426053922,,6.377779225404273,
2017-02-11,Milagros (Masbate),26.258217103779316,34.295174991711974,-0.05310220643877983,-0.0048829615116119385,8.545183062553406,1.1997607,0.0,-6.778356471339761,-5.7288527910008185,,8.875013845257453,
2017-02-12,Milagros (Masbate),25.963042080402374,34.331797203049064,-0.06653035059571266,0.001831110566854477,8.545183062553406,1.1847986,0.0,-7.229963345072418,-5.380038098441939,,9.012057473839008,
2017-02-13,Milagros (Masbate),25.667867057025433,34.37299719080329,-0.06836146116256714,0.001831110566854477,8.545183062553406,1.1099522,0.0,-6.111102356196497,-6.446921038145249,,8.883037930797672,
2017-02-14,Milagros (Masbate),25.37708669900894,34.412671253085136,-0.06714072078466415,0.003662221133708954,8.545183062553406,0.93321884,0.0,-5.668483459818353,-6.938372715811279,,8.95950448840496,
2017-02-15,Milagros (Masbate),25.239387184381485,34.440137911587954,-0.07995849475264549,0.009155552834272385,8.545183062553406,0.88978785,0.0,-6.331233564106553,-6.303036413391568,,8.933800225649184,
2017-02-16,Milagros (Masbate),25.218878746032715,34.45387124083936,-0.10132145136594772,0.017090365290641785,8.545183062553406,1.2802054,40.83843748081045,-5.111767405720432,-5.132327295650068,,7.243683419356518,
2017-02-17,Milagros (Masbate),25.349986262619495,34.44624161347747,-0.12512588873505592,0.03418073058128357,8.545183062553406,1.3442838,0.0,-4.486204851892455,-2.4430071344943456,,5.10825976554968,
2017-02-18,Milagros (Masbate),25.607074186205864,34.40504162572324,-0.1434369944036007,0.04150517284870148,8.69777561724186,1.2306036,0.0,-4.735779704969842,-1.7574005888759083,,5.051343013871225,
2017-02-19,Milagros (Masbate),25.755027920007706,34.3867305200547,-0.13061922043561935,0.03479110077023506,8.545183062553406,1.2334381,0.0,-4.983317163038441,-2.0243238062755498,,5.37878581281012,
2017-02-20,Milagros (Masbate),25.984282962977886,34.38215274363756,-0.1269569993019104,0.03662221133708954,8.545183062553406,0.7343731,0.0,-4.205844395875435,-1.390921458848413,,4.4298746694462805,
2017-02-21,Milagros (Masbate),26.236243776977062,34.38520459458232,-0.12146366760134697,0.025635547935962677,8.545183062553406,0.73384666,0.0,-5.381454421259897,-2.9660167475463486,,6.144697473010622,
2017-02-22,Milagros (Masbate),26.43620105087757,34.38062681816518,-0.11719107627868652,0.02624591812491417,8.545183062553406,0.5927016,0.0,-5.014680472564052,-2.6508816917801514,,5.672230071649988,
2017-02-23,Milagros (Masbate),26.581957451999187,34.366893488913774,-0.10986663401126862,0.0238044373691082,8.545183062553406,0.49886274,0.0,-4.0106313527753805,-2.2348251572865063,,4.591253350829764,
2017-02-24,Milagros (Masbate),26.715262301266193,34.35163423418999,-0.10742515325546265,0.017700735479593277,8.69777561724186,0.5337366,0.0,-4.068353920590373,-2.451280058581184,,4.749766052005175,
2017-02-25,Milagros (Masbate),26.80022583156824,34.34858238324523,-0.09643848985433578,0.008545182645320892,8.545183062553406,0.5819713,0.0,-4.469089166569117,-2.294603800735104,,5.02374009887986,
2017-02-26,Milagros (Masbate),26.892513804137707,34.34705645777285,-0.09338663890957832,0.0030518509447574615,8.545183062553406,1.1842375,0.0,-4.652874364588057,-3.0674340137289766,,5.573005587761615,
2017-02-27,Milagros (Masbate),26.883724473416805,34.34858238324523,-0.08178960531949997,0.0024414807558059692,8.545183062553406,1.9281521,0.0,-4.569567902288637,-4.060549702568415,,6.1130200965361645,
2017-02-28,Milagros (Masbate),26.903500467538834,34.353160159662366,-0.09216589853167534,0.01037629321217537,8.545183062553406,1.0919713,0.0,-5.468568523972481,-3.651398865752371,,6.575557419580507,
2017-03-01,Milagros (Masbate),26.940122678875923,34.34858238324523,-0.09033478796482086,0.001831110566854477,8.545183062553406,1.0067878,0.0,-4.069162655338911,-3.4900942731063194,,5.360862127566269,
2017-03-02,Milagros (Masbate),26.97528000175953,34.34553053230047,-0.07263405248522758,-0.009155552834272385,8.545183062553406,0.8332635,0.0,-4.006042590938408,-3.90061588404371,,5.591348810015934,
2017-03-03,Milagros (Masbate),26.92181157320738,34.35163423418999,-0.08362071588635445,0.0048829615116119385,8.545183062553406,0.808004,0.0,-5.229267284552661,-3.3500498816988835,,6.210319681237308,
2017-03-04,Milagros (Masbate),26.91814935207367,34.36384163796902,-0.08789330720901489,0.0048829615116119385,8.545183062553406,1.0890495,0.0,-5.461723075113679,-3.1108200075864993,,6.2855087358804695,
2017-03-05,Milagros (Masbate),26.944517344236374,34.37147126533091,-0.08056886494159698,0.0,8.545183062553406,0.8715085,0.0,-4.015992876327683,-3.895281228609053,,5.594766718342129,
2017-03-06,Milagros (Masbate),26.99139377474785,34.36994533985853,-0.07751701399683952,-0.005493331700563431,8.545183062553406,0.96000195,8.988779786634154,-3.067371296070109,-4.1500659049112105,,5.160602065947473,
2017-03-07,Milagros (Masbate),26.985534220933914,34.36078978702426,-0.0634784996509552,-0.011597033590078354,8.545183062553406,0.9873562,2.7196934092600977,-3.0610426852809294,-4.848577405372137,,5.733993824290107,
2017-03-08,Milagros (Masbate),26.952574230730534,34.354686085134745,-0.06042664870619774,-0.009765923023223877,8.545183062553406,0.9718749,0.0,-4.607976986230433,-4.100270020612359,,6.168116904498632,
2017-03-09,Milagros (Masbate),26.891781359910965,34.35621201060712,-0.08056886494159698,0.003662221133708954,8.545183062553406,1.2558863,4.0982976617484255,-5.0423743869169035,-4.094890752951269,,6.495665457552554,
2017-03-10,Milagros (Masbate),26.912289798259735,34.36384163796902,-0.09338663890957832,0.010986663401126862,8.545183062553406,1.4746374,0.0,-3.9141451622378005,-3.8639419192359563,,5.500052682138456,
2017-03-11,Milagros (Masbate),27.000915549695492,34.36078978702426,-0.09765923023223877,0.008545182645320892,8.545183062553406,1.4424018,50.599718252495386,-4.007579168866933,-3.5724979698204042,,5.368745900031691,
2017-03-12,Milagros (Masbate),27.08587907999754,34.35010830871761,-0.10559404268860817,0.019531846046447754,8.69777561724186,1.438761,23.610600630119894,-3.2245724783905545,-2.162198896802052,,3.8823925275177693,
2017-03-13,Milagros (Masbate),27.346629224717617,34.331797203049064,-0.10681478306651115,0.07324442267417908,8.69777561724186,1.5677431,0.0,-1.347929960581438,0.14279511093368843,,1.3554724719962563,
2017-03-14,Milagros (Masbate),27.624958030879498,34.32111572474241,-0.09949034079909325,-0.0024414807558059692,8.69777561724186,1.7072707,0.0,-1.4009529744600258,-1.2291814569455222,,1.8637479150215326,
2017-03-15,Milagros (Masbate),27.441114529967308,34.330271277576685,-0.09949034079909325,-0.011597033590078354,8.69777561724186,0.6624785,0.973863460471132,-4.279486974960785,-3.3934300135021838,,5.461627598564044,
2017-03-16,Milagros (Masbate),27.370799884200096,34.33484905399382,-0.08667256683111191,0.005493331700563431,8.545183062553406,0.7605189,0.0,-4.879875438636483,-3.0667991079690955,,5.763544140999325,
2017-03-17,Milagros (Masbate),27.334177672863007,34.35010830871761,-0.09460737928748131,0.008545182645320892,8.545183062553406,0.6078219,0.0,-5.8699276091658295,-3.6654656069380875,,6.920382088620054,
2017-03-18,Milagros (Masbate),27.24555192142725,34.37147126533091,-0.1031525619328022,0.017090365290641785,8.545183062553406,0.8498459,0.0,-5.977097143364996,-3.230836484191766,,6.794409072819107,
2017-03-19,Milagros (Masbate),27.205999933183193,34.38825644552708,-0.09033478796482086,0.008545182645320892,8.545183062553406,1.645547,0.0,-4.599137356175085,-3.527677129356575,,5.796254855503733,
2017-03-20,Milagros (Masbate),27.248481698334217,34.391308296471834,-0.08301034569740295,0.009155552834272385,8.545183062553406,0.98533183,21.271561067438032,-3.373191865630054,-4.070735812251388,,5.286711020615628,
2017-03-21,Milagros (Masbate),27.4865260720253,34.379100892692804,-0.11535996571183205,0.03784295171499252,8.69777561724186,1.0584275,0.1564017270689804,-2.8704929780259443,-0.020725373002472028,,2.8705677971408976,
2017-03-22,Milagros (Masbate),27.71578111499548,34.38062681816518,-0.12085329741239548,0.03723258152604103,8.69777561724186,1.8084543,0.0,-3.1240755376545075,-0.25182264001931265,,3.1342084498318865,
2017-03-23,Milagros (Masbate),28.017548136413097,34.3867305200547,-0.12451551854610443,0.05371257662773132,8.69777561724186,1.7995273,0.0,-2.807634021440041,-0.6503270388988451,,2.881967046284623,
2017-03-24,Milagros (Masbate),28.164769425988197,34.38825644552708,-0.119022186845541,0.02136295661330223,8.69777561724186,1.2952001,0.0,-3.960913153022644,-1.8597517466671658,,4.3757867366931125,
2017-03-25,Milagros (Masbate),28.347880482673645,34.38825644552708,-0.11535996571183205,0.01037629321217537,8.69777561724186,0.6420472,0.0,-3.7329250752481093,-1.896697001224647,,4.187145702250003,
2017-03-26,Milagros (Masbate),28.43577378988266,34.38062681816518,-0.1110873743891716,-0.0079348124563694,8.69777561724186,0.623788,0.0,-4.377188307733314,-2.3201219192770175,,4.954063302145714,
2017-03-27,Milagros (Masbate),28.339091151952744,34.379100892692804,-0.08850367739796638,0.003662221133708954,8.545183062553406,0.41529757,0.0,-6.515835198652507,-4.103561113417923,,7.700345586241873,
2017-03-28,Milagros (Masbate),28.180883198976517,34.379100892692804,-0.09949034079909325,0.014038514345884323,8.545183062553406,0.41775084,0.0,-6.774038738723498,-3.427238146849198,,7.59167716311389,
2017-03-29,Milagros (Masbate),28.11716055124998,34.38367866910994,-0.09949034079909325,0.011597033590078354,8.545183062553406,0.41981035,6.404741525166417,-6.295548286499616,-3.6703789541286467,,7.287359596901936,
2017-03-30,Milagros (Masbate),28.09665211290121,34.389782370999455,-0.09460737928748131,0.011597033590078354,8.545183062553406,0.42302862,0.0,-5.157234823064571,-3.3041658888817627,,6.124914957897756,
2017-03-31,Milagros (Masbate),28.196264527738094,34.389782370999455,-0.08850367739796638,0.012817773967981339,8.545183062553406,0.45072624,13.849553704019975,-3.761580154835073,-1.8479458613527382,,4.190989044096843,
2017-04-01,Milagros (Masbate),28.293679609894753,34.36841941438615,-0.07751701399683952,-0.030518509447574615,8.69777561724186,0.86407214,0.0,-3.7102192164256085,-2.740085461275588,,4.612352433306426,
2017-04-02,Milagros (Masbate),28.090060114860535,34.36841941438615,-0.0634784996509552,-0.008545182645320892,8.545183062553406,0.9227773,0.0,-5.539666512927895,-4.6112824131941945,,7.207761827966347,
2017-04-03,Milagros (Masbate),27.85055085271597,34.37452311627567,-0.07080294191837311,-0.001831110566854477,8.545183062553406,0.9756392,0.0,-6.143448205092877,-6.528907065410248,,8.964852665684068,
2017-04-04,Milagros (Masbate),27.608111813664436,34.38367866910994,-0.08545182645320892,0.005493331700563431,8.545183062553406,0.98516357,0.0,-5.961247791977276,-4.952267673641217,,7.749930989934409,
2017-04-05,Milagros (Masbate),27.56416516005993,34.38520459458232,-0.09338663890957832,0.010986663401126862,8.545183062553406,0.8159299,0.0,-5.51844753365451,-3.6282526241631605,,6.6043531315674215,
2017-04-06,Milagros (Masbate),27.636677138507366,34.379100892692804,-0.10498367249965668,0.015259254723787308,8.545183062553406,0.6684554,22.900519492901847,-5.276941258353961,-3.433357335098047,,6.295558087619385,
2017-04-07,Milagros (Masbate),27.72457044571638,34.37604904174805,-0.11597033590078354,0.028077028691768646,8.545183062553406,0.73265254,0.0,-4.714331659392876,-2.1760647007388068,,5.192319383142322,
2017-04-08,Milagros (Masbate),27.906949058175087,34.377574967220426,-0.12390514835715294,0.04150517284870148,8.545183062553406,1.0972378,0.0,-4.077204022941999,-1.0739538899219279,,4.216274374655052,
2017-04-09,Milagros (Masbate),28.21530807763338,34.38062681816518,-0.13183996081352234,0.04699850454926491,8.69777561724186,0.83430415,0.0,-3.488980754520978,-1.028733314821487,,3.637482500087303,
2017-04-10,Milagros (Masbate),28.540513314306736,34.3867305200547,-0.119022186845541,0.04028443247079849,8.69777561724186,0.53828365,0.0,-2.4526534815257914,-0.41580239271455494,0.37145897105788434,2.487649639765965,0.37145897105788434
2017-04-11,Milagros (Masbate),28.687734603881836,34.38520459458232,-0.12573625892400742,0.040894802659749985,8.69777561724186,1.1569978,0.0,-2.5552128566504533,-0.9464308693919038,,2.7248567179449426,0.3713194843600852
2017-04-12,Milagros (Masbate),28.68480482697487,34.379100892692804,-0.1275673694908619,0.024414807558059692,8.69777561724186,1.3431442,0.0,-3.877086846587641,-1.858580521028109,,4.299549275113383,0.3711799976622861
2017-04-13,Milagros (Masbate),28.678212828934193,34.37299719080329,-0.10681478306651115,0.0012207403779029846,8.69777561724186,1.2465867,0.0,-4.0365772691907615,-3.420039122925785,,5.290616566383404,0.371040510964487
2017-04-14,Milagros (Masbate),28.654774613678455,34.35926386155188,-0.10071108117699623,0.009765923023223877,8.545183062553406,1.1037247,0.0,-4.411056569616871,-4.051348214800958,,5.98922719705398,0.37090102426668786
2017-04-15,Milagros (Masbate),28.651112392544746,34.328745352104306,-0.12268440797924995,0.039674062281847,8.545183062553406,0.7273775,0.0,-5.127368768092917,-2.0177344652549767,,5.51009644709532,0.3707615375688888
2017-04-16,Milagros (Masbate),28.650379948318005,34.30127869360149,-0.12207403779029846,0.04943998530507088,8.545183062553406,0.71341187,20.026378999133623,-3.7555438827501737,1.604384881614291,,4.083890388295791,0.3706220508710897
2017-04-17,Milagros (Masbate),28.886959433555603,34.29059721529484,-0.12207403779029846,0.05859553813934326,8.69777561724186,0.78069085,0.0,-2.959394006547914,-0.12726185776488727,,2.9621290428395395,0.37048256417329056
2017-04-18,Milagros (Masbate),29.246589548885822,34.28754536435008,-0.11047700420022011,0.08117923513054848,8.69777561724186,1.3830693,0.0,-2.1509172989960974,0.626103822116953,,2.2401899971185757,0.37034307747549144
2017-04-19,Milagros (Masbate),29.432630382478237,34.27381203509867,-0.10864589363336563,0.08423108607530594,8.69777561724186,0.5610095,0.0,-2.4462318499644575,0.3782006306541508,,2.4752951300416135,0.3702035907776923
2017-04-20,Milagros (Masbate),29.534440129995346,34.270760184153914,-0.12329477816820145,0.06836146116256714,8.69777561724186,0.36490875,0.0,-2.62822054459394,0.36081718807908625,,2.652872457212929,0.3700641040798932
2017-04-21,Milagros (Masbate),29.653096094727516,34.26770833320916,-0.11230811476707458,0.0714133121073246,8.69777561724186,1.7148436,0.0,-1.8877605186149575,0.6487058493547948,,1.9961109825429395,0.3699246173820941
2017-04-22,Milagros (Masbate),29.959257781505585,34.25397500395775,-0.10376293212175369,0.07324442267417908,8.69777561724186,0.7603768,0.0,-1.567977196859006,-0.00867400571780712,,1.5680011888531904,0.36978513068429497
2017-04-23,Milagros (Masbate),30.017853319644928,34.246345376595855,-0.11719107627868652,0.01892147585749626,8.69777561724186,0.89433056,0.0,-2.3551736939218433,-1.3472320513501883,,2.7132779674642067,0.3696456439864959
2017-04-24,Milagros (Masbate),29.99002043902874,34.234137972816825,-0.12146366760134697,0.032959990203380585,8.69777561724186,1.4640008,0.0,-3.3212672197705957,-1.127284498616029,,3.5073617272734636,0.3695061572886968
2017-04-25,Milagros (Masbate),29.99880976974964,34.232612047344446,-0.11291848495602608,0.014038514345884323,8.69777561724186,0.61829954,0.0,-3.198592232414297,-2.0934062104966515,,3.8227400946712327,0.36936667059089767
2017-04-26,Milagros (Masbate),30.074983969330788,34.22956019639969,-0.09094515815377235,-0.02075258642435074,8.69777561724186,0.36985677,0.0,-2.189633192709019,-1.699134137394043,,2.7715609925583258,0.36922718389309855
2017-04-27,Milagros (Masbate),30.216345705091953,34.22498241998255,-0.040894802659749985,-0.06408886983990669,8.69777561724186,1.5696898,0.0,-0.28104736486006926,-0.8178837141520023,,0.8648244857598929,0.36908769719529944
2017-04-28,Milagros (Masbate),30.40385142713785,34.21735279262066,-0.0555436871945858,-0.04577776417136192,8.69777561724186,1.3298043,0.0,-1.0456104708484564,-0.01965103706806217,,1.0457951137798365,0.3689482104975003
2017-04-29,Milagros (Masbate),30.47636340558529,34.20514538884163,-0.10925626382231712,0.03357036039233208,8.69777561724186,0.98269975,0.0,-1.8870162065877059,-0.3361237974054622,,1.9167183859677779,0.3688087237997012
2017-04-30,Milagros (Masbate),30.55839715898037,34.20667131431401,-0.10864589363336563,0.06408886983990669,8.69777561724186,0.4339902,0.0,-2.092752031293572,0.8715608135279586,,2.2669868363448624,0.3686692371019021
2017-05-01,Milagros (Masbate),30.69756156206131,34.20819723978639,-0.10498367249965668,0.03784295171499252,8.69777561724186,2.0799356,0.0,-2.60869503131288,-0.6180437607291623,,2.680908028368887,0.368529750404103
2017-05-02,Milagros (Masbate),30.601611368358135,34.197515761479735,-0.1031525619328022,0.017700735479593277,8.69777561724186,1.2177944,0.0,-3.30410087489194,-1.0899724390279497,,3.4792416572152933,0.3683902637063039
2017-05-03,Milagros (Masbate),30.633838914334774,34.17767873033881,-0.1031525619328022,0.027466658502817154,8.69777561724186,0.7421498,0.0,-3.008751328720186,-0.17862101787511675,,3.0140487763309713,0.3682507770085048
2017-05-04,Milagros (Masbate),30.573778487741947,34.17615280486643,-0.08911404758691788,0.02075258642435074,8.545183062553406,1.488751,0.0,-3.8265177840241575,-0.41130521594767333,,3.8485595139115247,0.36811129031070566
2017-05-05,Milagros (Masbate),30.565721601247787,34.16852317750454,-0.08972441777586937,0.023194067180156708,8.545183062553406,0.7023009,9.588006899758236,-4.154766594852812,-1.2413583374709403,,4.336249067997991,0.36797180361290655
2017-05-06,Milagros (Masbate),30.518845170736313,34.15784169919789,-0.08178960531949997,0.007324442267417908,8.545183062553406,0.5343318,0.0,-4.368652869044876,-1.8822637887283127,,4.75689445547953,0.3678323169151074
2017-05-07,Milagros (Masbate),30.516647838056087,34.148686146363616,-0.08117923513054848,0.005493331700563431,8.545183062553406,1.5896533,0.0,-4.573541129146212,-1.396789344661703,,4.782081025385546,0.3676928302173083
2017-05-08,Milagros (Masbate),30.516647838056087,34.139530593529344,-0.07751701399683952,0.017700735479593277,8.545183062553406,1.1074407,0.0,-3.7920999741937598,-0.7986015333965364,,3.8752789091139768,0.3675533435195092
2017-05-09,Milagros (Masbate),30.597216702997684,34.125797264277935,-0.09033478796482086,0.01037629321217537,8.545183062553406,0.6437331,0.0,-4.374113412653173,-1.0386255228278247,,4.495732545806274,0.36741385682171007
2017-05-10,Milagros (Masbate),30.51371806114912,34.12274541333318,-0.08911404758691788,0.014038514345884323,8.545183062553406,0.8538973,0.0,-4.9942903259147355,-2.202403286602215,,5.458343713651766,0.367274370123911
2017-05-11,Milagros (Masbate),30.392132319509983,34.1212194878608,-0.09155552834272385,0.017090365290641785,8.545183062553406,0.86674255,0.0,-5.444010136998501,-1.5903665705711731,,5.671552891451578,0.3671348834261119
2017-05-12,Milagros (Masbate),30.335001669824123,34.11969356238842,-0.08178960531949997,0.0158696249127388,8.545183062553406,1.1585131,0.0,-3.975783351678391,-0.6221263564837071,,4.024163821580174,0.3669953967283128
2017-05-13,Milagros (Masbate),30.372356325387955,34.11206393502653,-0.07751701399683952,0.0158696249127388,8.545183062553406,0.7613716,0.0,-3.2299371316291916,-0.5045217734152047,,3.2691032553480217,0.36685591003051365
2017-05-14,Milagros (Masbate),30.412640757858753,34.102908382192254,-0.07751701399683952,0.02136295661330223,8.545183062553406,0.7808648,4.7850074864787935,-3.778030343125055,-0.8422648322445604,,3.8707781286466907,0.36671642333271454
2017-05-15,Milagros (Masbate),30.38261054456234,34.090700978413224,-0.06897183135151863,0.03906369209289551,8.545183062553406,0.52467096,8.859684183437976,-2.4958176538388326,1.085923137742929,,2.7218256414214013,0.3665769366349154
2017-05-16,Milagros (Masbate),30.410443425178528,34.08154542557895,-0.043336283415555954,0.05066072568297386,8.545183062553406,0.4779206,28.89163919878296,-1.2309161307344214,2.049642930013215,,2.390855633754442,0.3664374499371163
2017-05-17,Milagros (Masbate),30.556932270526886,34.076967649161816,-0.03234962001442909,0.05615405738353729,8.69777561724186,0.6436935,0.0,-1.0083440752320676,1.8113767947588657,,2.0731241319917424,0.3662979632393172
2017-05-18,Milagros (Masbate),30.66093935072422,34.064760245382786,-0.06897183135151863,0.04943998530507088,8.69777561724186,0.64650023,0.0,-2.458120845099469,0.5087377593300692,,2.5102135759494066,0.3661584765415181
2017-05-19,Milagros (Masbate),30.674855791032314,34.06323431991041,-0.07812738418579102,0.038453321903944016,8.69777561724186,0.5755601,0.0,-2.92617259923197,0.31157933965042206,,2.9427143533467492,0.366018989843719
2017-05-20,Milagros (Masbate),30.860164180397987,34.05102691613138,-0.030518509447574615,0.06286812946200371,8.69777561724186,0.6005286,14.64801697411837,-0.5491662975164255,1.4359329733099142,,1.5373636935242585,0.3658795031459199
2017-05-21,Milagros (Masbate),30.829401522874832,34.04644913971424,-0.0158696249127388,0.0555436871945858,8.69777561724186,0.66567326,0.7788711725819183,1.2629616019340448,2.321632224721664,,2.6429241750050023,0.36574001644812076
2017-05-22,Milagros (Masbate),30.886532172560692,34.03576766140759,0.015259254723787308,0.03784295171499252,8.69777561724186,0.6394301,12.658879895239282,1.932441561907491,1.9880058963772549,,2.772453396221151,0.36560052975032165
2017-05-23,Milagros (Masbate),31.023499242961407,34.0205084066838,0.021973326802253723,0.03234962001442909,8.69777561724186,1.0377693,23.809119002088813,1.5921623533125504,1.029375884475887,,1.895941895429887,0.3654610430525225
2017-05-24,Milagros (Masbate),30.97589036822319,34.00982692837715,0.025635547935962677,0.030518509447574615,8.69777561724186,1.0170243,16.042550321041208,2.2681376727711875,1.8572691813442592,,2.931534975847137,0.3653215563547234
2017-05-25,Milagros (Masbate),31.022034354507923,33.994567673653364,0.025025177747011185,0.025635547935962677,8.69777561724186,0.75493443,13.577153619839743,1.446256742632218,1.8206834906073242,,2.3251982579081774,0.3651820696569243
2017-05-26,Milagros (Masbate),31.09454633295536,33.97473064251244,-0.027466658502817154,0.05066072568297386,8.69777561724186,0.7649061,19.175099092371326,-0.24364029498217296,1.676336955277679,,1.6939498755773854,0.36504258295912523
2017-05-27,Milagros (Masbate),31.10699788480997,33.970152866095304,-0.062257759273052216,0.059205908328294754,8.69777561724186,0.92274857,6.045043784754756,-1.6833321295276826,1.361944061644729,,2.1652941336801206,0.3649030962613261
2017-05-28,Milagros (Masbate),31.096011221408844,33.96404916420579,-0.06958220154047012,0.05249183624982834,8.545183062553406,1.029093,0.0,-1.5247182563613293,2.0491216108793293,,2.5541466554319525,0.364763609563527
2017-05-29,Milagros (Masbate),31.22052673995495,33.95184176042676,-0.0872829370200634,0.04028443247079849,8.69777561724186,0.9093327,13.453551543895419,-1.9374721213683448,0.4401180192097965,,1.9868321750748623,0.3646241228657279
2017-05-30,Milagros (Masbate),31.199285857379436,33.948789909482,-0.07507553324103355,0.03662221133708954,8.545183062553406,1.1212348,0.0,-2.728585329135755,1.2674759091739607,,3.008599853538392,0.36448463616792875
2017-05-31,Milagros (Masbate),31.338450260460377,33.935056580230594,-0.054322946816682816,0.06286812946200371,8.69777561724186,1.1196816,0.0,-1.2053117915679605,1.9630649887751563,,2.3035626028062643,0.36434514947012964
2017-06-01,Milagros (Masbate),31.27033294737339,33.94116028212011,-0.029908139258623123,0.05310220643877983,8.545183062553406,1.5308121,0.0,0.9430360401563528,2.5728742457764073,,2.740255254098291,0.3642056627723305
2017-06-02,Milagros (Masbate),31.280587166547775,33.93047880381346,-0.006714072078466415,0.04577776417136192,8.545183062553406,1.5308121,0.0,0.9498394820055363,2.459157011776541,,2.636218551286344,0.3640661760745314
2017-06-03,Milagros (Masbate),31.317209377884865,33.919797325506806,0.015259254723787308,0.035401470959186554,8.545183062553406,1.680145,0.0,1.44875011918031,2.660731759160489,,3.029582545835355,0.3639266893767323
2017-06-04,Milagros (Masbate),31.43733023107052,33.91369362361729,0.015259254723787308,0.038453321903944016,8.69777561724186,1.4958495,0.0,0.35067547528649645,1.5388435996837895,,1.5782943050189255,0.3637872026789332
2017-06-05,Milagros (Masbate),31.637287504971027,33.88317511416972,-0.017090365290641785,0.04150517284870148,8.69777561724186,1.5514357,0.7333206134200336,0.288892109693587,0.5157197666989903,,0.5911222621482569,0.3636477159811341
2017-06-06,Milagros (Masbate),31.574297301471233,33.88164918869734,-0.06286812946200371,0.036011841148138046,8.545183062553406,1.5518504,3.815225110818116,-1.4508020820796688,0.5654442910735757,,1.5570979184606215,0.363508229283335
2017-06-07,Milagros (Masbate),31.557451084256172,33.85876030661166,-0.0714133121073246,0.027466658502817154,8.545183062553406,0.69240063,15.45947125378777,-2.946472689155176,0.04147323477918419,,2.9467645540728875,0.36336874258553586
2017-06-08,Milagros (Masbate),31.452711559832096,33.84044920094311,-0.07263405248522758,0.020142216235399246,8.545183062553406,0.52665484,15.073860054325621,-3.814935580025509,-0.4770771950077522,,3.8446503260688134,0.36322925588773675
2017-06-09,Milagros (Masbate),31.254951618611813,33.80993069149554,-0.07385479286313057,0.03418073058128357,8.545183062553406,0.5792344,21.894627015924357,-3.7150628735298508,2.4594810165545686,,4.45541681833161,0.36308976918993763
2017-06-10,Milagros (Masbate),31.07403789460659,33.776360331103206,-0.05005035549402237,0.03723258152604103,8.545183062553406,0.8709458,6.764727372910381,0.12288345282917269,3.619783322328201,,3.6218685293070214,0.3629502824921385
2017-06-11,Milagros (Masbate),31.154606759548187,33.76110107637942,-0.036011841148138046,0.05005035549402237,8.545183062553406,2.5079176,0.0,-0.8554999777533218,2.236865091529275,,2.39487904697465,0.3628107957943394
2017-06-12,Milagros (Masbate),31.207342743873596,33.75652329996228,-0.06530961021780968,0.043336283415555954,8.545183062553406,1.8679186,15.69562439212451,-2.4266520194323564,1.476694410943519,,2.8406454208026317,0.36267130909654033
2017-06-13,Milagros (Masbate),31.096011221408844,33.75804922543466,-0.07446516305208206,0.03662221133708954,8.545183062553406,0.65457755,2.482808997132957,-3.4033011653550043,1.0798197404651773,,3.570499894133175,0.3625318223987412
2017-06-14,Milagros (Masbate),31.186834305524826,33.75652329996228,-0.05737479776144028,0.05005035549402237,8.545183062553406,2.3842943,0.0,-1.1582941753294425,1.4503278364740124,,1.8560970421434067,0.3623923357009421
2017-06-15,Milagros (Masbate),31.367015585303307,33.76720477826893,-0.05005035549402237,0.043946653604507446,8.69777561724186,2.8560262,0.0,-0.6822698256980274,1.5194811599054137,,1.6656275425092844,0.362252849003143
2017-06-16,Milagros (Masbate),31.61384928971529,33.77941218204796,-0.04943998530507088,0.020142216235399246,8.69777561724186,3.0306907,0.0,-1.4629811063089024,1.1178812704431853,,1.8411877286752947,0.36211336230534386
2017-06-17,Milagros (Masbate),31.510574653744698,33.7839899584651,-0.032959990203380585,0.05005035549402237,8.545183062553406,1.8141229,8.154913308412501,-0.7406339359719971,3.0803762503849264,,3.1681629489420002,0.36197387560754474
2017-06-18,Milagros (Masbate),31.501785323023796,33.77483440563083,-0.048829615116119385,0.05005035549402237,8.545183062553406,1.791787,0.0,-1.9505452749518053,1.3295832149376638,,2.360597042080835,0.3618343889097456
2017-06-19,Milagros (Masbate),31.399243131279945,33.77178255468607,-0.05493331700563431,0.043336283415555954,8.545183062553406,3.1244912,0.0,-2.339462093779083,1.6383434091405564,,2.8560903372448694,0.3616949022119465
2017-06-20,Milagros (Masbate),31.349436923861504,33.7549973744899,-0.03784295171499252,0.043946653604507446,8.545183062553406,2.1256573,0.0,-0.31464304506930035,2.0704708697383376,,2.0942420748914174,0.36155541551414744
2017-06-21,Milagros (Masbate),31.304025381803513,33.7336344178766,-0.02624591812491417,0.043946653604507446,8.545183062553406,1.5289993,10.503478001871168,-0.4407511877732989,2.860987735533771,,2.8947387502844237,0.3614159288163483
2017-06-22,Milagros (Masbate),31.178044974803925,33.730582566931844,-0.028077028691768646,0.03234962001442909,8.545183062553406,1.1531931,13.828641695134781,0.13930583299146318,1.5596596371330602,,1.5658685445488312,0.3612764421185492
2017-06-23,Milagros (Masbate),31.361156031489372,33.72295293956995,-0.01831110566854477,0.02685628831386566,8.69777561724186,1.6178995,8.896907044230803,0.03609878263598966,0.5958886796286018,,0.5969811057456667,0.3611369554207501
2017-06-24,Milagros (Masbate),31.440992452204227,33.7336344178766,-0.039674062281847,0.02929776906967163,8.69777561724186,0.67908925,3.8396748935475067,-1.713976878662808,0.8872263145699888,,1.9299967030687246,0.36099746872295096
2017-06-25,Milagros (Masbate),31.53621020168066,33.72600479051471,-0.05371257662773132,0.014038514345884323,8.69777561724186,0.6193522,6.438921183649956,-1.1910815907676493,0.4068593361513625,,1.258653993470454,0.36085798202515185
2017-06-26,Milagros (Masbate),31.635822616517544,33.716849237680435,-0.05371257662773132,-0.01037629321217537,8.69777561724186,0.8441208,0.0,-1.1111422766996484,-0.591127431184496,,1.2585979496916635,0.36071849532735273
2017-06-27,Milagros (Masbate),31.574297301471233,33.70158998295665,-0.05249183624982834,-0.0024414807558059692,8.69777561724186,1.1463702,6.147773190395827,-1.6188803975862198,-0.2891197253010879,,1.6444950462823213,0.3605790086295536
2017-06-28,Milagros (Masbate),31.48640399426222,33.68785665370524,-0.05066072568297386,0.029908139258623123,8.545183062553406,1.747659,12.295546380791654,-0.11005431925831358,0.7701701958075478,,0.7779936270289411,0.36043952193175455
2017-06-29,Milagros (Masbate),31.44685200601816,33.680227026343346,-0.05249183624982834,0.031128879636526108,8.545183062553406,0.7411476,12.295546380791654,-0.5062062675581133,1.17579642279587,,1.2801335919249524,0.36030003523395543
2017-06-30,Milagros (Masbate),31.465163111686707,33.67564924992621,-0.059816278517246246,0.0048829615116119385,8.545183062553406,0.6327844,0.0,-1.1650024446049732,-0.8515257551556541,,1.4430269601185455,0.3601605485361563
2017-07-01,Milagros (Masbate),31.569902636110783,33.66344184614718,0.0006103701889514923,-0.03234962001442909,8.69777561724186,0.6207835,17.395860207733712,0.22499003594852848,-0.5457246321165998,,0.590284584226048,0.3600210618383572
2017-07-02,Milagros (Masbate),31.42561112344265,33.65428629331291,0.0079348124563694,0.025025177747011185,8.545183062553406,0.6115704,15.203778727301234,1.073275199641869,2.2988521287474084,,2.5370535595475285,0.3598815751405581
2017-07-03,Milagros (Masbate),31.208075188100338,33.657338144257665,-0.036011841148138046,0.027466658502817154,8.545183062553406,1.09033,21.007760355487072,-0.5552832005308064,2.8795223868492057,,2.932573717599863,0.35974208844275896
2017-07-04,Milagros (Masbate),30.994933918118477,33.64818259142339,-0.04455702379345894,0.031128879636526108,8.545183062553406,1.7716253,10.581440043497762,-0.6468386002637504,2.057876687965464,,2.157140847896325,0.35960260174495984
2017-07-05,Milagros (Masbate),30.923886828124523,33.63597518764436,-0.05798516795039177,0.029908139258623123,8.545183062553406,1.7716253,0.8942470860046016,-2.1446076255274216,0.2671735574120842,,2.161185687822912,0.3594631150471607
2017-07-06,Milagros (Masbate),30.90997038781643,33.62529370933771,-0.06897183135151863,0.024414807558059692,8.545183062553406,1.1765848,5.563175117268282,-2.9773121590302156,-0.2904621172395153,,2.991447130380282,0.3593236283493616
2017-07-07,Milagros (Masbate),30.792046867311,33.620715932920575,-0.06164738908410072,0.02075258642435074,8.545183062553406,1.1765848,8.146861197256898,-3.364900462947834,0.030412541067465437,,3.365037896993246,0.35918414165156254
2017-07-08,Milagros (Masbate),30.74663532525301,33.60240482725203,-0.06164738908410072,0.02929776906967163,8.545183062553406,1.1182784,10.13853892061338,-2.5889256164398327,1.0693170517093815,,2.8010667261839393,0.3590446549537634
2017-07-09,Milagros (Masbate),30.70122378319502,33.59935297630727,-0.05798516795039177,0.024414807558059692,8.545183062553406,0.85378414,5.563175117268282,-2.1515480749918336,0.9346062983354338,,2.3457723785332045,0.3589051682559643
2017-07-10,Milagros (Masbate),30.637501135468483,33.58714557252824,-0.05798516795039177,0.030518509447574615,8.545183062553406,0.6627821,5.408762801249661,-1.9723020562832878,1.096268098843502,,2.2564970963334368,0.3587656815581652
2017-07-11,Milagros (Masbate),30.507126063108444,33.56578261591494,-0.05493331700563431,0.02685628831386566,8.545183062553406,0.6772081,28.459420507868213,-2.3900504591685277,1.1503695286240097,,2.6524877473342485,0.35862619486036607
2017-07-12,Milagros (Masbate),30.425824753940105,33.535264106467366,-0.03357036039233208,0.02929776906967163,8.545183062553406,0.5706294,5.504763910784924,0.5871572178302797,0.9346535016008592,,1.1037802165761723,0.35848670816256695
2017-07-13,Milagros (Masbate),30.547410495579243,33.45591598190367,0.025635547935962677,-0.009765923023223877,8.69777561724186,0.5417685,44.66749742210032,2.599578955731251,-0.48555972459857505,,2.6445375764456487,0.35834722146476783
2017-07-14,Milagros (Masbate),30.498336732387543,33.45744190737605,0.022583696991205215,0.010986663401126862,8.69777561724186,0.56831324,14.959134268228713,1.4476624695793816,1.2346654864070656,,1.9026627365756315,0.3582077347669687
2017-07-15,Milagros (Masbate),30.442670971155167,33.440656727179885,-0.001831110566854477,0.029908139258623123,8.69777561724186,0.6109564,13.44491610807531,0.01883409169831911,1.8013174685251439,,1.80141592793667,0.35806824806916965
2017-07-16,Milagros (Masbate),30.3906674310565,33.393353037536144,-0.036011841148138046,0.03357036039233208,8.545183062553406,0.63827455,0.0,-1.708547495174283,0.5172517466374531,,1.7851285423368852,0.35792876137137053
2017-07-17,Milagros (Masbate),30.307901233434677,33.37046415545046,-0.06103701889514923,0.017090365290641785,8.545183062553406,0.801662,0.0,-3.7547293537643767,-0.9864908603349368,,3.882158772840727,0.3577892746735714
2017-07-18,Milagros (Masbate),30.24417858570814,33.3246863912791,-0.06530961021780968,0.01831110566854477,8.545183062553406,0.80402744,51.53993794594044,-3.7835953585761666,-0.9746213285306187,,3.9071064192655283,0.3576497879757723
2017-07-19,Milagros (Masbate),30.156285278499126,33.3033234346658,-0.02929776906967163,0.03357036039233208,8.545183062553406,0.80798066,0.30068544538702974,-1.1548654566692274,4.2420309626310555,,4.396423650073817,0.3575103012779732
2017-07-20,Milagros (Masbate),30.139439061284065,33.283486403524876,0.014648884534835815,0.021973326802253723,8.545183062553406,0.81004745,0.0,2.5022407824905644,1.6836102756594442,,3.0159165263423757,0.35737081458017406
2017-07-21,Milagros (Masbate),30.101351961493492,33.26212344691157,0.04150517284870148,0.009155552834272385,8.545183062553406,0.80276763,20.299243466607454,2.822841771795838,1.85482036033881,,3.3776906663758983,0.35723132788237494
2017-07-22,Milagros (Masbate),30.049348421394825,33.246864192187786,0.05005035549402237,-0.017090365290641785,8.545183062553406,0.71307904,8.45112076927634,3.200549083339663,0.9232753625933287,,3.33105866505503,0.3570918411845758
2017-07-23,Milagros (Masbate),30.101351961493492,33.21939753368497,0.04455702379345894,-0.04028443247079849,8.69777561724186,0.7532584,16.42348729959608,4.6448404482487815,-0.1007974369909793,,4.6459340194402134,0.35695235448677676
2017-07-24,Milagros (Masbate),30.124057732522488,33.19040494970977,0.05249183624982834,-0.028077028691768646,8.69777561724186,0.7333833,16.367999883500847,5.32701092469196,0.505924291725901,,5.350981665147606,0.35681286778897764
2017-07-25,Milagros (Masbate),29.967314667999744,33.19193087518215,0.0555436871945858,-0.0048829615116119385,8.545183062553406,1.116316,23.75519514954356,5.603134803675128,2.7434031656406703,,6.238700229807709,0.3566733810911785
2017-07-26,Milagros (Masbate),29.80617693811655,33.175145694985986,0.05493331700563431,0.005493331700563431,8.545183062553406,1.1271468,16.625320838866323,5.195138004525129,2.831007197615055,,5.916422959779801,0.3565338943933794
2017-07-27,Milagros (Masbate),29.731467626988888,33.164464216679335,0.040894802659749985,0.015259254723787308,8.545183062553406,1.0423045,4.423111554333453,3.631608711663499,3.577253764029126,,5.097580438491459,0.3563944076955803
2017-07-28,Milagros (Masbate),29.676534309983253,33.15683458931744,0.02624591812491417,0.023194067180156708,8.545183062553406,1.3855277,0.058242576842859356,3.6075531797910148,4.81296659713617,,6.014905436510934,0.35625492099778117
2017-07-29,Milagros (Masbate),29.632587656378746,33.15378273837268,0.01831110566854477,0.02624591812491417,8.545183062553406,1.3496581,0.0,3.123861189759395,5.9084086396325715,,6.683397443349437,0.35611543429998205
2017-07-30,Milagros (Masbate),29.710226744413376,33.1598864402622,0.025635547935962677,0.023194067180156708,8.545183062553406,1.3706042,0.0,3.954446759588197,3.8258528634945934,,5.502254020628944,0.35597594760218293
2017-07-31,Milagros (Masbate),29.88308358192444,33.16904199309647,0.04028443247079849,0.020142216235399246,8.545183062553406,1.6120284,0.0,4.9140887481633095,2.601873981960922,,5.560397147941002,0.3558364609043838
2017-08-01,Milagros (Masbate),29.951200895011425,33.17056791856885,0.06164738908410072,-0.0048829615116119385,8.545183062553406,1.8668153,0.0,5.957470903617435,2.107513498247509,,6.31926203862,0.35569697420658475
2017-08-02,Milagros (Masbate),29.913846239447594,33.15378273837268,0.07019257172942162,-0.016479995101690292,8.545183062553406,1.8063191,26.31833307834958,6.530307301852105,1.4028571870879254,,6.679290512022004,0.35555748750878563
2017-08-03,Milagros (Masbate),29.787133388221264,33.13699755817652,0.05371257662773132,0.004272591322660446,8.545183062553406,1.9101411,0.0,6.185793585754905,2.4904573469842815,,6.66831463585174,0.3554180008109865
2017-08-04,Milagros (Masbate),29.713888965547085,33.130893856287,0.027466658502817154,0.017090365290641785,8.545183062553406,2.7248905,5.6170571483898355,4.39389522369664,3.310940212153941,,5.501694314052911,0.3552785141131874
2017-08-05,Milagros (Masbate),29.821558266878128,33.13699755817652,0.021973326802253723,0.02685628831386566,8.545183062553406,2.7826486,0.0,3.0414201404986194,2.4328479630019593,,3.8947382045669543,0.3551390274153883
2017-08-06,Milagros (Masbate),30.085970632731915,33.14462718553841,0.014038514345884323,0.03662221133708954,8.69777561724186,2.7922456,7.978481504544766,2.13114520276232,1.8725564180497838,,2.8369433223165186,0.35499954071758916
2017-08-07,Milagros (Masbate),30.2031617090106,33.14615311101079,-0.05798516795039177,0.07690664380788803,8.69777561724186,1.3789276,19.758144349645647,-0.7806183183841572,1.6620939364661818,,1.8362791761152653,0.35486005401979004
2017-08-08,Milagros (Masbate),30.339396335184574,33.14920496195555,-0.06958220154047012,0.07568590342998505,8.69777561724186,1.6985844,0.0,-0.2611054771817165,2.464806625591589,,2.4785979447612085,0.3547205673219909
2017-08-09,Milagros (Masbate),30.545213162899017,33.15683458931744,-0.03234962001442909,0.0714133121073246,8.69777561724186,1.249637,0.0,1.3450764686073262,1.7066409729179834,,2.172982769568962,0.35458108062419186
2017-08-10,Milagros (Masbate),30.712210446596146,33.15836051478982,0.012817773967981339,0.028077028691768646,8.69777561724186,1.6730453,7.978481504544766,1.6319352019446673,1.1017790451555292,,1.969042804941023,0.35444159392639274
2017-08-11,Milagros (Masbate),30.937070824205875,33.16141236573458,-0.06408886983990669,0.03784295171499252,8.69777561724186,1.0098475,1.6421257317912505,-0.5830064594988658,0.18804452778587102,,0.6125824648548257,0.3543021072285936
2017-08-12,Milagros (Masbate),30.929746381938457,33.150730887427926,-0.08239997550845146,0.017090365290641785,8.69777561724186,0.6061799,1.6421257317912505,-2.0271945710970503,-0.7687141873926573,,2.1680496606360538,0.3541626205307945
2017-08-13,Milagros (Masbate),30.95098726451397,33.14462718553841,-0.06775109097361565,0.04455702379345894,8.69777561724186,0.60982573,3.5214243152804108,-1.3589895226256796,0.6517395344098922,,1.5071884232965682,0.3540231338329954
2017-08-14,Milagros (Masbate),30.97149570286274,33.11868645250797,-0.05798516795039177,0.043946653604507446,8.69777561724186,0.5258935,3.771002140296642,0.29944414123680707,1.3179806750942646,,1.351569403931216,0.35388364713519627
2017-08-15,Milagros (Masbate),31.159001424908638,33.11868645250797,-0.05310220643877983,0.024414807558059692,8.69777561724186,0.46431452,3.771002140296642,-1.0352343506368824,0.67643494546042,,1.2366383449410783,0.35374416043739715
2017-08-16,Milagros (Masbate),31.076967671513557,33.1095308996737,-0.06103701889514923,0.039674062281847,8.69777561724186,0.49437222,11.671536762864305,-2.5606692245404754,0.537955033365548,,2.616566929285786,0.35360467373959803
2017-08-17,Milagros (Masbate),30.958311706781387,33.11258275061846,-0.059816278517246246,0.029908139258623123,8.545183062553406,1.5715473,8.226314882235885,-1.7583215682540858,1.0970615128460588,,2.0724957660645753,0.35346518704179897
2017-08-18,Milagros (Masbate),31.12311165779829,33.06375313550234,-0.05310220643877983,-0.017700735479593277,8.69777561724186,2.0371025,4.672975963801448,0.4256188200202224,-0.8227028066685168,,0.9262781915038599,0.35332570034399985
2017-08-19,Milagros (Masbate),31.019104577600956,33.06222721002996,0.03784295171499252,-0.03234962001442909,8.69777561724186,2.0365806,5.540366925284054,3.9840520526346896,0.5884759490311499,,4.027278820828128,0.35318621364620073
2017-08-20,Milagros (Masbate),30.83306374400854,33.07596053928137,0.07019257172942162,-0.04028443247079849,8.69777561724186,1.2640048,17.40425054151678,5.2189070685972325,2.643325697294483,,5.850142026705978,0.3530467269484016
2017-08-21,Milagros (Masbate),30.60307625681162,33.068330911919475,0.05371257662773132,0.0079348124563694,8.545183062553406,1.1794833,11.496882140757345,4.324969291613646,4.522960795779551,,6.257997581779641,0.3529072402506025
2017-08-22,Milagros (Masbate),30.286660350859165,33.04849388077855,-0.0158696249127388,0.038453321903944016,8.545183062553406,1.1490686,4.960566511018765,2.2044419330380056,5.11950170697593,,5.573944919342655,0.3527677535528034
2017-08-23,Milagros (Masbate),30.1050141826272,33.03628647699952,-0.03357036039233208,0.035401470959186554,8.545183062553406,1.0699966,14.812948362338854,0.19918219241117255,2.418424981512907,,2.426613470864164,0.35262826685500426
2017-08-24,Milagros (Masbate),30.175328828394413,32.99050871282816,0.0317392498254776,-0.028077028691768646,8.69777561724186,0.8348966,29.09928860383875,1.8487690017997178,0.8032063480450268,,2.0157101129764055,0.35248878015720514
2017-08-25,Milagros (Masbate),30.106479071080685,33.01187166944146,0.03418073058128357,0.0006103701889514923,8.69777561724186,0.74698967,11.496882140757345,2.411507172257692,3.139670457488913,,3.9589010373434355,0.352349293459406
2017-08-26,Milagros (Masbate),30.083040855824947,33.021027222275734,-0.02868739888072014,0.038453321903944016,8.545183062553406,0.72663337,0.0,-0.10325347769213636,1.3009039629366832,,1.3049951729565468,0.35220980676160696
2017-08-27,Milagros (Masbate),30.245643474161625,32.99203463830054,-0.0555436871945858,0.021973326802253723,8.69777561724186,0.63184357,15.366691782798533,0.2532356161825088,-1.8938190710802278,,1.9106749988657181,0.35207032006380784
2017-08-28,Milagros (Masbate),30.213415928184986,33.01034574396908,0.003662221133708954,-0.07324442267417908,8.69777561724186,0.6192834,18.3545283690911,2.305578968746679,-2.7580877432447917,,3.5948216062225047,0.3519308333660087
2017-08-29,Milagros (Masbate),30.344523444771767,32.97677538357675,0.06469924002885818,-0.05249183624982834,8.69777561724186,1.1505625,0.0,4.784044739392842,2.276342765029847,,5.298001552700419,0.3517913466682096
2017-08-30,Milagros (Masbate),30.180455937981606,32.9874568618834,0.04028443247079849,0.02136295661330223,8.545183062553406,0.85729724,0.0,3.8988395067020254,5.259631694037232,,6.547111962991122,0.3516518599704105
2017-08-31,Milagros (Masbate),30.062532417476177,32.98593093641102,0.009155552834272385,0.030518509447574615,8.545183062553406,0.79831165,0.0,3.825768051922197,4.7980271241180485,,6.136576038059095,0.35151237327261137
2017-09-01,Milagros (Masbate),30.0559404194355,32.99813834019005,0.020142216235399246,0.02624591812491417,8.545183062553406,1.2083634,0.0,3.5206761144841567,3.5720539684341137,,5.015449118125431,0.35137288657481225
2017-09-02,Milagros (Masbate),30.167271941900253,33.008819818496704,0.031128879636526108,0.025025177747011185,8.545183062553406,1.8063967,0.0,2.7190079456091345,2.80494403482373,,3.906496543807358,0.35123339987701313
2017-09-03,Milagros (Masbate),30.32547989487648,33.019501296803355,0.014648884534835815,0.039674062281847,8.69777561724186,1.6288556,0.0,1.767518114902412,1.287078385912865,,2.186479146480076,0.35109391317921407
2017-09-04,Milagros (Masbate),30.540818497538567,32.995086489245296,-0.0048829615116119385,-0.019531846046447754,8.69777561724186,1.6284182,26.6905769557063,2.4048925199199798,-0.023406236150996743,,2.405006420835052,0.35095442648141495
2017-09-05,Milagros (Masbate),30.48515273630619,33.0164494458586,0.04150517284870148,-0.02868739888072014,8.69777561724186,1.5171422,30.143827566026914,2.550522781737136,1.4459595737828503,,2.9318877108740744,0.35081493978361583
2017-09-06,Milagros (Masbate),30.90264594554901,33.019501296803355,-0.031128879636526108,-0.001831110566854477,8.69777561724186,0.69404316,14.540516752742125,0.22405827376501172,0.6978549285250102,,0.7329417516482494,0.3506754530858167
2017-09-07,Milagros (Masbate),30.838190853595734,33.02713092416525,-0.10620441287755966,0.0317392498254776,8.69777561724186,0.6927472,2.741131192530386,-1.6492103688468729,-0.48250351785577184,,1.7183435295234868,0.3505359663880176
2017-09-08,Milagros (Masbate),30.839655742049217,33.031708700582385,-0.10254219174385071,0.0006103701889514923,8.69777561724186,0.64707,0.0,-2.008796518752644,-1.030370672222871,,2.257637520934163,0.3503964796902185
2017-09-09,Milagros (Masbate),30.969298370182514,33.019501296803355,-0.07568590342998505,-0.019531846046447754,8.69777561724186,0.62261266,15.197084357240378,-0.3727294001288392,-1.4467230599534926,,1.4939661368055173,0.35025699299241936
2017-09-10,Milagros (Masbate),30.989074364304543,33.01339759491384,-0.048829615116119385,-0.05066072568297386,8.69777561724186,0.60138476,15.315835240888305,3.1392293450685447,-2.124683060694845,,3.7906515257067745,0.35011750629462024
2017-09-11,Milagros (Masbate),30.79570908844471,33.00119019113481,0.04150517284870148,-0.01831110566854477,8.69777561724186,0.6860755,28.689076147021435,5.532503379006615,4.000547900751229,,6.8273697091138015,0.3499780195968212
2017-09-12,Milagros (Masbate),30.439008750021458,33.00424204207957,-0.02136295661330223,0.046388134360313416,8.545183062553406,2.1476643,0.0,2.1478134003847655,7.855576339057064,,8.14390459310677,0.34983853289902206
2017-09-13,Milagros (Masbate),30.15701772272587,33.00424204207957,-0.06286812946200371,0.0476088747382164,8.545183062553406,2.3052526,8.149792176956579,-1.7581191637743636,4.732329746614705,,5.048358923920234,0.34969904620122294
2017-09-14,Milagros (Masbate),30.053743086755276,33.02560499869287,-0.05066072568297386,0.03662221133708954,8.545183062553406,2.1719842,3.501393288192594,-0.8713791582600706,2.718117930548165,,2.8543767659188704,0.3495595595034238
2017-09-15,Milagros (Masbate),30.294717237353325,33.031708700582385,-0.009155552834272385,0.02136295661330223,8.69777561724186,1.6787528,8.334368844061304,0.6928648709132034,0.003083943568685346,,0.6928717342001366,0.3494200728056247
2017-09-16,Milagros (Masbate),30.516647838056087,33.019501296803355,0.0,-0.08545182645320892,8.69777561724186,2.5691626,0.0,1.5740983145577567,-0.8697510928188401,,1.798402754488865,0.3492805861078256
2017-09-17,Milagros (Masbate),30.450727857649326,33.019501296803355,0.043946653604507446,-0.09216589853167534,8.69777561724186,0.83927,32.29505308356295,2.1976416866837467,0.31890437140612615,,2.220659582455654,0.34914109941002647
2017-09-18,Milagros (Masbate),30.41117586940527,33.01187166944146,0.048829615116119385,-0.03418073058128357,8.69777561724186,0.8348727,36.1638353049876,1.0125108188148169,1.8049617653049335,,2.0695567478157617,0.34900161271222735
2017-09-19,Milagros (Masbate),30.372356325387955,33.00271611660719,0.03906369209289551,0.0079348124563694,8.69777561724186,0.6364556,21.506812704987748,1.8149444595631548,2.0743267055437817,,2.7562392263065827,0.34886212601442823
2017-09-20,Milagros (Masbate),30.491744734346867,32.99966426566243,0.01831110566854477,0.01037629321217537,8.69777561724186,0.6176215,21.35446156159376,2.8739671283652672,1.4267595988235544,,3.2086336668057402,0.34872263931662917
2017-09-21,Milagros (Masbate),30.634571358561516,32.95541242696345,-0.012817773967981339,0.038453321903944016,8.69777561724186,0.55021626,22.032150910785667,2.4089636175767657,0.5870142183777772,,2.47945385183637,0.34858315261883005
2017-09-22,Milagros (Masbate),30.32547989487648,32.90658281184733,0.017090365290641785,0.04821924492716789,8.69777561724186,0.5017151,43.96353559513363,3.4557401595624446,3.225375005488891,,4.727069279844027,0.34844366592103093
2017-09-23,Milagros (Masbate),30.242713697254658,32.92947169393301,0.0012207403779029846,0.029908139258623123,8.69777561724186,0.6185785,0.0,0.5813701187099748,0.9003638229293818,,1.0717491444218006,0.3483041792232318
2017-09-24,Milagros (Masbate),30.355510108172894,32.924893917515874,-0.07202368229627609,-0.007324442267417908,8.69777561724186,0.63687974,3.837609598651135,-1.116084096981788,-2.263315341373399,,2.523537209163328,0.3481646925254327
2017-09-25,Milagros (Masbate),30.265419468283653,32.9157383646816,-0.06286812946200371,0.025025177747011185,8.545183062553406,0.63445514,22.720243871816518,-2.3246721485888315,0.2441855922590101,,2.3374617006255947,0.3480252058276336
2017-09-26,Milagros (Masbate),30.32987456023693,32.92641984298825,-0.04821924492716789,0.05798516795039177,8.545183062553406,0.7503633,6.856170306099356,0.10044526543944825,2.7775112555773314,,2.7793269016450663,0.34788571912983446
2017-09-27,Milagros (Masbate),30.395794540643692,32.934049470350146,-0.02685628831386566,0.054322946816682816,8.545183062553406,0.7270743,0.0,0.903738322794662,1.7576140494371932,,1.9763476675086085,0.34774623243203534
2017-09-28,Milagros (Masbate),30.528366945683956,32.924893917515874,0.028077028691768646,-0.0030518509447574615,8.69777561724186,0.765813,24.417268219148895,1.9405270511989032,-0.1972052061114827,,1.950521758338569,0.3476067457342363
2017-09-29,Milagros (Masbate),30.71367533504963,32.90353096090257,-0.059816278517246246,-0.006103701889514923,8.69777561724186,0.7442955,6.856170306099356,-0.21036821446498363,-0.18546468619704568,,0.28044952394923756,0.34746725903643716
2017-09-30,Milagros (Masbate),30.614062920212746,32.90505688637495,-0.07873775437474251,0.02929776906967163,8.69777561724186,2.10517,9.849097996647894,-1.5465929096080182,1.006309730986997,,1.8451582324366975,0.34732777233863804
2017-10-01,Milagros (Masbate),30.529099389910698,32.90810873731971,-0.07446516305208206,0.036011841148138046,8.545183062553406,2.2847006,11.733806318008392,-2.5243775087261637,0.41914635825610197,,2.558938349433582,0.3471882856408389
2017-10-02,Milagros (Masbate),30.553270049393177,32.85622727125883,-0.07812738418579102,0.04516739398241043,8.69777561724186,2.4620094,0.3350987250616294,-1.8785838821097716,-0.7823132278919406,,2.0349671713954818,0.3470487989430398
2017-10-03,Milagros (Masbate),30.66972868144512,32.873012451455,-0.059205908328294754,0.009765923023223877,8.69777561724186,2.0588453,14.944986349187081,0.15572487034149488,-0.7695133631316889,,0.7851121265660835,0.3469093122452407
2017-10-04,Milagros (Masbate),30.953917041420937,32.86996060051024,-0.035401470959186554,-0.039674062281847,8.69777561724186,0.71605176,0.6527993161586428,-0.3026461584750153,-0.20151367513241514,,0.3635965600841909,0.34676982554744157
2017-10-05,Milagros (Masbate),30.818414859473705,32.88521985523403,-0.06164738908410072,0.03357036039233208,8.69777561724186,0.88360023,0.0,-1.2911394211556124,0.060512562404825956,,1.2925566815698444,0.34663033884964245
2017-10-06,Milagros (Masbate),30.91875971853733,32.88521985523403,-0.05859553813934326,-0.024414807558059692,8.69777561724186,1.7294023,2.009422307565778,-0.3653405362142491,-1.4304737192510193,,1.4763904527153917,0.3464908521518434
2017-10-07,Milagros (Masbate),30.89385661482811,32.88064207881689,-0.05615405738353729,-0.02685628831386566,8.69777561724186,1.783034,6.246338609749598,1.385460108846451,-1.1341745262467335,,1.7904891982896245,0.34635136545404427
2017-10-08,Milagros (Masbate),30.81694997102022,32.898953184485435,-0.03906369209289551,0.035401470959186554,8.545183062553406,1.7830955,10.138391585669218,0.9914706029363006,2.5983497365381787,,2.781085275545303,0.34621187875624515
2017-10-09,Milagros (Masbate),30.79131442308426,32.90963466279209,-0.006714072078466415,0.017700735479593277,8.545183062553406,1.8829643,9.791251393409095,0.3101917250411897,0.48275235318451604,,0.5738194322164567,0.34607239205844603
2017-10-10,Milagros (Masbate),30.891659282147884,32.90353096090257,0.019531846046447754,-0.08362071588635445,8.69777561724186,1.9211475,3.2427529858285467,2.927803642319316,-1.6192701248968917,,3.345754011484085,0.3459329053606469
2017-10-11,Milagros (Masbate),30.90264594554901,32.88979763165116,0.06164738908410072,-0.09155552834272385,8.69777561724186,1.7858468,8.069048137742172,5.743055702823978,-0.7288796096152919,,5.789123793032236,0.3457934186628478
2017-10-12,Milagros (Masbate),30.830866411328316,32.87759022787213,0.08362071588635445,-0.028077028691768646,8.69777561724186,1.1215304,11.041400995505994,4.480984500650535,4.006023887817983,,6.01061140690684,0.3456539319650487
2017-10-13,Milagros (Masbate),30.61552780866623,32.85622727125883,0.0158696249127388,0.036011841148138046,8.545183062553406,1.1365522,15.240622578479694,2.6780269651268434,6.952111873161574,,7.450079725942577,0.34551444526724956
2017-10-14,Milagros (Masbate),30.343058556318283,32.83181246370077,-0.0079348124563694,0.03357036039233208,8.545183062553406,1.0278863,22.312856898588294,0.7566510585832894,6.068877044737601,,6.1158637500027915,0.34537495856945044
2017-10-15,Milagros (Masbate),30.212683483958244,32.790612475946546,0.031128879636526108,-0.0030518509447574615,8.545183062553406,1.0227559,0.0,0.8464811229918571,1.8153421681095463,,2.0029971240364333,0.3452354718716514
2017-10-16,Milagros (Masbate),30.19071015715599,32.7509384136647,0.024414807558059692,-0.06591998040676117,8.69777561724186,1.0878512,0.6816147955145846,-0.24599964323938145,-0.5810570073353344,,0.6309857924291147,0.34509598517385226
2017-10-17,Milagros (Masbate),30.11307106912136,32.753990264609456,0.009155552834272385,-0.07385479286313057,8.69777561724186,1.0790493,7.607706300143537,-0.4594372226161327,-2.1043414680744488,,2.15391169173273,0.34495649847605314
2017-10-18,Milagros (Masbate),30.029572427272797,32.708212500438094,0.05005035549402237,-0.09704886004328728,8.69777561724186,1.0789629,36.86024791570512,1.5951208818489815,-2.5582373280352435,,3.0147949937373144,0.344817011778254
2017-10-19,Milagros (Masbate),29.801049828529358,32.71431620232761,0.11352885514497757,-0.04699850454926491,8.69777561724186,2.442763,56.37556951186236,3.667728157463106,1.4280241160991054,,3.935922091862127,0.3446775250804549
2017-10-20,Milagros (Masbate),29.58864100277424,32.72652360610664,0.07385479286313057,0.0006103701889514923,8.545183062553406,3.3257174,21.140839187900628,6.833106600511018,3.418965658817633,,7.640724572324377,0.3445380383826558
2017-10-21,Milagros (Masbate),29.43409527093172,32.73873100988567,0.06714072078466415,-0.001831110566854477,8.545183062553406,3.3257523,0.0,5.737433848816465,3.5786791918176677,,6.762033120851574,0.34439855168485667
2017-10-22,Milagros (Masbate),29.38502150774002,32.74025693535805,0.04028443247079849,-0.009765923023223877,8.545183062553406,3.3769264,0.7197118917778588,5.053336277366812,1.680784659198967,,5.325527636089221,0.34425906498705755
2017-10-23,Milagros (Masbate),29.55714590102434,32.74636063724756,-0.010986663401126862,-0.05066072568297386,8.69777561724186,1.9209732,9.58891250734155,0.933139693297756,-0.9025298024023557,,1.298194797182713,0.3441195782892585
2017-10-24,Milagros (Masbate),29.473647259175777,32.802819879725575,-0.02624591812491417,-0.028077028691768646,8.545183062553406,1.634095,0.0,-2.7963939276151684,-3.3363862649891334,,4.3533082026903545,0.34398009159145937
2017-10-25,Milagros (Masbate),29.4091921672225,32.84554579295218,-0.016479995101690292,-0.029908139258623123,8.545183062553406,1.3730901,13.513249391474542,-0.564484872472443,-2.4724642677814814,,2.536084132418806,0.34384060489366025
2017-10-26,Milagros (Masbate),29.382824175059795,32.88521985523403,0.028077028691768646,-0.036011841148138046,8.545183062553406,0.8129855,0.0,1.5987671413314515,-3.204765295861309,,3.581421083000177,0.34370111819586113
2017-10-27,Milagros (Masbate),29.465590372681618,32.91879021562636,0.043336283415555954,-0.036011841148138046,8.545183062553406,0.90335095,0.0,1.4950887316309018,-1.4226785159329283,,2.063808245730891,0.343561631498062
2017-10-28,Milagros (Masbate),29.624530769884586,32.946256874129176,-0.017090365290641785,-0.043946653604507446,8.69777561724186,0.8248618,0.0,-0.9388091944577058,-1.116483580507639,,1.4587317399513469,0.3434221448002629
2017-10-29,Milagros (Masbate),29.563737899065018,32.96456797979772,-0.04455702379345894,-0.027466658502817154,8.545183062553406,0.8248618,0.0,-2.523578960479741,-2.6670767218252815,,3.6717501290090944,0.3432826581024638
2017-10-30,Milagros (Masbate),29.475844591856003,32.96456797979772,-0.059205908328294754,-0.014038514345884323,8.545183062553406,0.7671804,0.0,-4.588430778825637,-3.28315096929886,,5.642054350968491,0.34314317140466466
2017-10-31,Milagros (Masbate),29.288338869810104,32.94320502318442,-0.07324442267417908,0.010986663401126862,8.545183062553406,0.7671266,48.58645544767863,-6.148873049567797,-0.44079089815850103,,6.164652171501695,0.3430036847068656
2017-11-01,Milagros (Masbate),29.189458899199963,32.89284948259592,-0.07995849475264549,0.025635547935962677,8.545183062553406,1.8136749,7.810826524034233,-4.427035403211296,1.8693811247390788,,4.805541410789938,0.3428641980090665
2017-11-02,Milagros (Masbate),29.235602885484695,32.86690874956548,-0.08239997550845146,0.024414807558059692,8.545183062553406,1.8014115,13.509312401436889,-3.8783378353099818,-0.7473773736019798,,3.949693317634815,0.34272471131126736
2017-11-03,Milagros (Masbate),29.26636554300785,32.853175420314074,-0.07202368229627609,0.005493331700563431,8.545183062553406,0.75626725,0.0,-3.8678494732291333,-2.527974814320998,,4.620705163651991,0.34258522461346824
2017-11-04,Milagros (Masbate),29.261238433420658,32.83486431464553,-0.05493331700563431,-0.012817773967981339,8.545183062553406,0.5818595,0.0,-4.795874600704289,-1.6865282816945222,,5.083777220791251,0.3424457379156691
2017-11-05,Milagros (Masbate),29.25391399115324,32.82418283633888,-0.07263405248522758,0.006103701889514923,8.545183062553406,0.6976863,14.961743472797632,-5.332725839639078,-1.320690120254189,,5.493831747923423,0.34230625121787
2017-11-06,Milagros (Masbate),29.24951932579279,32.828760612756014,-0.07873775437474251,0.0048829615116119385,8.545183062553406,0.6576238,0.10523512687450974,-5.580463056243726,-2.4169810164001353,,6.0813950007987225,0.3421667645200709
2017-11-07,Milagros (Masbate),29.255378879606724,32.850123569369316,-0.07263405248522758,0.0,8.545183062553406,0.8252124,8.140440347953936,-5.096529465050356,-2.2421471042278704,,5.567929258272225,0.34202727782227177
2017-11-08,Milagros (Masbate),29.255378879606724,32.873012451455,-0.06775109097361565,-0.001831110566854477,8.545183062553406,1.3463495,23.2061514341807,-4.585980999257914,-4.040361808807962,,6.111934658651757,0.34188779112447265
2017-11-09,Milagros (Masbate),29.259773544967175,32.874538376927376,-0.07446516305208206,0.011597033590078354,8.545183062553406,1.3465881,23.2061514341807,-2.0191998851877955,2.3584841233655593,,3.104773024958478,0.3417483044266736
2017-11-10,Milagros (Masbate),29.27881709486246,32.88521985523403,-0.06469924002885818,0.02075258642435074,8.545183062553406,1.4518136,0.0,-3.5080590126871907,-0.07258942336502032,,3.5088099493817406,0.34160881772887447
2017-11-11,Milagros (Masbate),29.34400463104248,32.90658281184733,-0.06714072078466415,-0.009765923023223877,8.545183062553406,0.98405486,0.0,-3.803138441136731,-2.0463385666798737,,4.318722442104073,0.34146933103107535
2017-11-12,Milagros (Masbate),29.349131740629673,32.94167909771204,-0.06653035059571266,-0.001831110566854477,8.545183062553406,0.73967075,23.515041043743885,-4.250112233505642,-2.3750196817297415,,4.8686930983579115,0.34132984433327623
2017-11-13,Milagros (Masbate),29.363048180937767,32.97677538357675,-0.07019257172942162,0.009155552834272385,8.545183062553406,1.6068943,11.757520521871943,-4.300003265461489,-1.5571320417688683,,4.5732579501360675,0.3411903576354771
2017-11-14,Milagros (Masbate),29.465590372681618,33.00424204207957,-0.07385479286313057,0.003662221133708954,8.545183062553406,1.1346414,0.0,-3.4194100166671193,-2.1429803130241325,,4.035434237364355,0.341050870937678
2017-11-15,Milagros (Masbate),29.47950681298971,33.03628647699952,-0.06103701889514923,-0.01342814415693283,8.545183062553406,2.9474614,11.802547957785956,-4.0000784111184355,-3.447084621508604,,5.280437451853483,0.3409113842398789
2017-11-16,Milagros (Masbate),29.3513290733099,33.06375313550234,-0.08301034569740295,0.01037629321217537,8.545183062553406,2.9474616,51.07039790898259,-6.42856143446957,-2.616864835778533,,6.940776879102487,0.34077189754207976
2017-11-17,Milagros (Masbate),29.215826891362667,33.080538315698504,-0.09216589853167534,0.029908139258623123,8.545183062553406,1.9067279,8.528614202812768,-4.7031121792834725,-0.5164652779630737,,4.731384633938147,0.3406324108442807
2017-11-18,Milagros (Masbate),29.2216864451766,33.104953123256564,-0.08362071588635445,0.03234962001442909,8.545183062553406,1.4284894,12.859470539595968,-3.2332244005393265,-0.1241498524266506,,3.2356070852469783,0.3404929241464816
2017-11-19,Milagros (Masbate),29.26636554300785,33.12479015439749,-0.0872829370200634,0.004272591322660446,8.545183062553406,2.131945,0.0,-4.9334538974288025,-2.6176399171182734,,5.584890875724109,0.34035343744868246
2017-11-20,Milagros (Masbate),29.26270332187414,33.14462718553841,-0.0872829370200634,0.006714072078466415,8.545183062553406,0.8054262,0.0,-4.616377630438453,-2.902083016678099,,5.452800038741931,0.34021395075088334
2017-11-21,Milagros (Masbate),29.170415349304676,33.162938291206956,-0.08178960531949997,0.0048829615116119385,8.545183062553406,0.82056135,0.0,-5.239247312765138,-2.8996529509098825,,5.988129895053807,0.3400744640530842
2017-11-22,Milagros (Masbate),29.114017143845558,33.17819754593074,-0.07995849475264549,0.0030518509447574615,8.545183062553406,0.82948685,0.44089375741583336,-4.7623017689147105,-3.486471755640885,,5.902118555323149,0.3399349773552851
2017-11-23,Milagros (Masbate),29.04077272117138,33.19040494970977,-0.07629627361893654,-0.0006103701889514923,8.545183062553406,0.56426895,0.0,-5.564772527468592,-3.976335102543939,,6.839439606443812,0.339795490657486
2017-11-24,Milagros (Masbate),28.928708754479885,33.20566420443356,-0.09765923023223877,0.012207403779029846,8.545183062553406,0.5169612,0.0,-6.560928480012003,-3.6305244481603003,,7.498432522102354,0.33965600395968687
2017-11-25,Milagros (Masbate),28.82836389541626,33.23007901199162,-0.10681478306651115,0.01831110566854477,8.545183062553406,0.5537645,0.789547690029802,-6.3855562064086255,-3.3735484566832703,,7.2219219917411035,0.3395165172618878
2017-11-26,Milagros (Masbate),28.74706258624792,33.25144196860492,-0.09765923023223877,0.01342814415693283,8.545183062553406,0.9206923,0.0,-5.776389226417137,-3.673449007948873,,6.845502180926431,0.3393770305640887
2017-11-27,Milagros (Masbate),28.687734603881836,33.272804925218225,-0.10132145136594772,0.015259254723787308,8.545183062553406,1.3601865,0.0,-6.368895218238271,-3.507650716019205,,7.270931154019295,0.33923754386628957
2017-11-28,Milagros (Masbate),28.667958609759808,33.297219732776284,-0.08545182645320892,0.005493331700563431,8.545183062553406,2.0560791,0.0,-5.620136766234163,-4.192645985801932,,7.011720019612738,0.33909805716849045
2017-11-29,Milagros (Masbate),28.610095515847206,33.30484936013818,-0.07995849475264549,0.009765923023223877,8.545183062553406,1.9846083,40.4037814846387,-4.476959507697747,-2.653845491716702,,5.204427185336568,0.33895857047069133
2017-11-30,Milagros (Masbate),28.618152402341366,33.295693807303905,-0.0952177494764328,0.025025177747011185,8.545183062553406,0.67764455,13.631455614890822,-4.56335430745391,-1.2277095562330127,,4.725618826124681,0.3388190837728922
2017-12-01,Milagros (Masbate),28.64378795027733,33.3033234346658,-0.09155552834272385,0.012207403779029846,8.545183062553406,0.6754342,0.0,-4.662552631729446,-2.1137656543757224,,5.1193165838093675,0.3386795970750931
2017-12-02,Milagros (Masbate),28.704580821096897,33.31858268938959,-0.08301034569740295,0.003662221133708954,8.545183062553406,1.7605807,0.0,-4.16818434791901,-2.557770350032774,,4.8903936366864995,0.338540110377294
2017-12-03,Milagros (Masbate),28.772698134183884,33.33841972053051,-0.07080294191837311,0.0,8.545183062553406,1.9670309,0.0,-3.6479986282539087,-2.708463301474483,,4.543530284610906,0.33840062367949486
2017-12-04,Milagros (Masbate),28.842280335724354,33.35215304978192,-0.0476088747382164,-0.02929776906967163,8.545183062553406,1.0618628,0.0,-2.8376764665338494,-3.820866615114345,,4.759351785612762,0.3382611369816958
2017-12-05,Milagros (Masbate),28.765373691916466,33.34910119883716,-0.05249183624982834,-0.017700735479593277,8.545183062553406,0.93025684,0.0,-3.797376137181826,-3.3468828561517108,,5.061787271314373,0.3381216502838967
2017-12-06,Milagros (Masbate),28.71410259604454,33.342997496947646,-0.05005035549402237,-0.01037629321217537,8.545183062553406,1.0808895,0.0,-2.746603030279532,-2.5656580330179377,,3.758514247456058,0.33798216358609756
2017-12-07,Milagros (Masbate),28.715567484498024,33.342997496947646,-0.056764427572488785,0.0006103701889514923,8.545183062553406,2.354515,0.0,-2.1174741514701734,-1.3456234115849586,,2.5088641150827344,0.33784267688829844
2017-12-08,Milagros (Masbate),28.848139889538288,33.31705676391721,-0.05066072568297386,-0.023194067180156708,8.69777561724186,0.7090015,0.0,-1.2541843075065928,-1.7960743495102744,,2.1906303536116147,0.3377031901904993
2017-12-09,Milagros (Masbate),28.9096652045846,33.29874565824866,-0.06591998040676117,0.004272591322660446,8.69777561724186,1.2696381,0.0,-0.28168413024451594,-0.5544396998543164,,0.6218917349556544,0.3375637034927002
2017-12-10,Milagros (Masbate),29.026123836636543,33.297219732776284,-0.02929776906967163,-0.024414807558059692,8.69777561724186,2.079125,0.0,1.4467398711503197,-1.5743394523815464,,2.1381302500318053,0.3374242167949011
2017-12-11,Milagros (Masbate),28.879634991288185,33.307901211082935,-0.038453321903944016,-0.022583696991205215,8.545183062553406,0.46015802,0.24243484404217638,-3.597706027118616,-2.4932772237728704,,4.377204584223836,0.33728473009710197
2017-12-12,Milagros (Masbate),28.755851916968822,33.26822714880109,-0.040894802659749985,-0.017090365290641785,8.69777561724186,0.48708963,3.660552333382999,-3.2768505782253494,-3.835561261973809,,5.04472793184825,0.33714524339930285
2017-12-13,Milagros (Masbate),28.596179075539112,33.22855308651924,-0.021973326802253723,-0.02624591812491417,8.545183062553406,0.48708963,36.85591286046026,-2.648317525291252,-6.475908916522397,,6.996497838909054,0.3370057567015038
2017-12-14,Milagros (Masbate),28.34641559422016,33.19040494970977,0.016479995101690292,-0.03418073058128357,8.545183062553406,0.43483987,42.031764450227996,-0.19735375935595367,-8.001277184337823,,8.003710707349244,0.33686627000370467
2017-12-15,Milagros (Masbate),28.054170347750187,33.15378273837268,0.05066072568297386,-0.043946653604507446,8.545183062553406,0.7632678,42.031764450227996,4.729618809830088,-7.994539661713405,,9.288808238359065,0.33672678330590555
2017-12-16,Milagros (Masbate),27.88717306405306,33.12326422892511,0.025635547935962677,-0.035401470959186554,8.545183062553406,0.8639959,169.812203242861,2.0087793713964417,-8.100757542275696,,8.346104919163457,0.33658729660810643
2017-12-17,Milagros (Masbate),27.89522995054722,33.08664201758802,-0.043946653604507446,-0.011597033590078354,8.69777561724186,0.85736054,13.685761461393344,-6.501712633413631,2.6550839569524807,,7.022943683809294,0.3364478099103073
2017-12-18,Milagros (Masbate),27.972136594355106,33.07290868833661,-0.07812738418579102,0.0238044373691082,8.69777561724186,2.1253865,15.135021472799368,-4.031762055676115,0.30418065320767756,,4.043220392629561,0.3363083232125082
2017-12-19,Milagros (Masbate),27.951628156006336,33.07290868833661,-0.08911404758691788,0.02075258642435074,8.545183062553406,2.5641387,0.0,-4.310479247246313,-2.0742477174263403,,4.783590172055872,0.3361688365147091
2017-12-20,Milagros (Masbate),27.9281899407506,33.06985683739185,-0.07446516305208206,0.0006103701889514923,8.545183062553406,3.778869,0.0,-5.0516867865800075,-4.871525774222904,,7.01792724090419,0.33602934981691
2017-12-21,Milagros (Masbate),27.79415264725685,33.07138276286423,-0.06591998040676117,0.0,8.545183062553406,3.513509,44.07868389570689,-6.504349721396041,-6.389813967453204,,9.117910277957598,0.3358898631191109
2017-12-22,Milagros (Masbate),27.6425366923213,33.07443461380899,-0.08545182645320892,0.009765923023223877,8.545183062553406,1.9427019,64.1385091816436,-7.798753569369883,-5.333640303462458,,9.448189039306877,0.3357503764213118
2017-12-23,Milagros (Masbate),27.583208709955215,33.07596053928137,-0.11291848495602608,0.02685628831386566,8.545183062553406,2.1136487,0.0,-6.479399257407243,-1.714800420133176,,6.702473813285542,0.33561088972351266
2017-12-24,Milagros (Masbate),27.676961570978165,33.0881679430604,-0.09216589853167534,0.015259254723787308,8.545183062553406,3.1627405,0.0,-4.395682609560894,-2.325920559789724,,4.97312095715041,0.33547140302571354
2017-12-25,Milagros (Masbate),27.75753043591976,33.09884942136705,-0.07446516305208206,0.0006103701889514923,8.545183062553406,2.5773108,0.0,-4.752137118536231,-3.4821408773369127,,5.8913591201853,0.3353319163279144
2017-12-26,Milagros (Masbate),27.79415264725685,33.104953123256564,-0.08117923513054848,0.003662221133708954,8.545183062553406,2.7971883,15.843418802257483,-5.281544018345656,-2.824908037288014,,5.989558634562083,0.3351924296301153
2017-12-27,Milagros (Masbate),27.715048670768738,33.11868645250797,-0.07995849475264549,0.0048829615116119385,8.545183062553406,1.2958107,15.058526814830229,-6.177398720083994,-3.4767303116111195,,7.088575922325367,0.3350529429323162
2017-12-28,Milagros (Masbate),27.58906826376915,33.138523483648896,-0.07873775437474251,0.004272591322660446,8.545183062553406,0.8085639,15.436250160480366,-6.1611888479641745,-4.32252024716529,,7.526249351930349,0.33491345623451707
2017-12-29,Milagros (Masbate),27.477004297077656,33.15530866384506,-0.05493331700563431,-0.0079348124563694,8.545183062553406,1.4217213,0.0,-4.810087240808826,-5.050317654381148,,6.974428125254842,0.334773969536718
2017-12-30,Milagros (Masbate),27.33124789595604,33.17972347140312,-0.051881466060876846,-0.0079348124563694,8.545183062553406,1.4362562,0.0,-5.217048322790375,-5.917472931813969,,7.888857908536627,0.3346344828389189
2017-12-31,Milagros (Masbate),27.20453504472971,33.18430124782026,-0.043946653604507446,-0.01342814415693283,8.545183062553406,1.5008953,55.53584659413924,-3.9083093806719518,-5.539509711746839,,6.779457947475294,0.33449499614111977
2018-01-01,Milagros (Masbate),27.042664870619774,33.175145694985986,-0.05798516795039177,-0.004272591322660446,8.545183062553406,1.4931227,70.60781813925226,-7.039000818771403,-6.2268607475655084,,9.397942716160626,0.33435550944332065
2018-01-02,Milagros (Masbate),26.847834706306458,33.18430124782026,-0.11658070608973503,0.024414807558059692,8.545183062553406,1.5005685,87.92301212024495,-8.410209912539939,-3.2746019348913697,,9.0252229116504,0.33421602274552153
2018-01-03,Milagros (Masbate),26.760673843324184,33.201086428016424,-0.11413922533392906,0.025025177747011185,8.545183062553406,1.5107272,0.25186777018146633,-4.004357831039211,-2.2572863091596393,,4.596762243201687,0.3340765360477224
2018-01-04,Milagros (Masbate),26.82805871218443,33.22855308651924,-0.10925626382231712,0.023194067180156708,8.545183062553406,1.1380446,5.853914510405813,-4.8615250163779296,-2.9197947733016534,,5.6709458649389415,0.3339370493499233
2018-01-05,Milagros (Masbate),26.995055995881557,33.25449381954968,-0.09704886004328728,0.014038514345884323,8.545183062553406,1.1874201,13.83999351749072,-5.085796184673318,-2.543950030607245,,5.68656351325335,0.3337975626521242
2018-01-06,Milagros (Masbate),27.132023066282272,33.28043455258012,-0.09460737928748131,0.017090365290641785,8.545183062553406,1.4484284,0.0,-4.777640420993078,-2.5294979600798526,,5.4059419088957155,0.33365807595432506
2018-01-07,Milagros (Masbate),27.25434125214815,33.30484936013818,-0.0872829370200634,0.010986663401126862,8.545183062553406,2.1928115,0.0,-2.6141466809397564,-2.0424571329836243,,3.3174378682266275,0.333518589256526
2018-01-08,Milagros (Masbate),27.402294985949993,33.32773824222386,-0.07873775437474251,0.011597033590078354,8.69777561724186,0.9968675,0.0,-2.9930002861219567,-1.7908164838688476,,3.4878466697408728,0.3333791025587269
2018-01-09,Milagros (Masbate),27.501907400786877,33.34757527336478,-0.06530961021780968,-0.006714072078466415,8.545183062553406,0.78454334,8.527582702481965,-4.347700635216145,-3.3107588055115666,,5.464762088300939,0.33323961586092776
2018-01-10,Milagros (Masbate),27.509964287281036,33.36130860261619,-0.06042664870619774,-0.009765923023223877,8.545183062553406,1.2546005,0.0,-4.450829499968658,-3.5253260801990125,,5.677834728972179,0.33310012916312864
2018-01-11,Milagros (Masbate),27.38032165914774,33.355204900726676,-0.04577776417136192,-0.012817773967981339,8.545183062553406,1.7367584,0.0,-1.7457365211922162,-4.015269820851009,,4.378354455233289,0.3329606424653295
2018-01-12,Milagros (Masbate),27.15106661617756,33.34757527336478,-0.04211554303765297,-0.011597033590078354,8.545183062553406,1.0643702,0.0,-4.009743479033856,-7.233151435063374,,8.270219008600309,0.3328211557675304
2018-01-13,Milagros (Masbate),26.82366404682398,33.36283452808857,-0.062257759273052216,0.0,8.545183062553406,1.064581,36.35950517944583,-5.860863450178964,-6.573354903895429,,8.806742591572082,0.3326816690697313
2018-01-14,Milagros (Masbate),26.59514144808054,33.37656785733998,-0.07629627361893654,0.004272591322660446,8.545183062553406,1.0682948,28.86357369335863,-6.465044773288007,-5.331316943315003,,8.379722207251037,0.3325421823719322
2018-01-15,Milagros (Masbate),26.503585919737816,33.37046415545046,-0.07629627361893654,0.0048829615116119385,8.545183062553406,1.057687,57.72714738671726,-4.449522560243837,-4.001968202870463,,5.984479969964401,0.3324026956741331
2018-01-16,Milagros (Masbate),26.506515696644783,33.35062712430954,-0.09399700909852982,0.0158696249127388,8.545183062553406,2.55415,37.01473699573571,-4.442951407374964,-2.388090632843856,,5.04408505865749,0.332263208976334
2018-01-17,Milagros (Masbate),26.598071224987507,33.356730826199055,-0.10803552344441414,0.028077028691768646,8.545183062553406,2.5538788,21.918920474410296,-4.442246467519314,-1.2082034751574569,,4.60361915405373,0.33212372227853487
2018-01-18,Milagros (Masbate),26.684499643743038,33.38724933564663,-0.10498367249965668,0.020142216235399246,8.545183062553406,2.8390574,18.57168440983213,-5.015630336438376,-2.4968557226647783,,5.602752553130005,0.33198423558073575
2018-01-19,Milagros (Masbate),26.753349401056767,33.42387154698372,-0.08972441777586937,0.010986663401126862,8.545183062553406,2.8390577,15.22445037640616,-5.87088392008102,-3.276974211501034,,6.723528685586811,0.33184474888293664
2018-01-20,Milagros (Masbate),26.834650710225105,33.45744190737605,-0.08423108607530594,0.0079348124563694,8.545183062553406,1.6481751,0.0,-4.112169279099537,-3.3855675658461446,,5.326537705008704,0.3317052621851375
2018-01-21,Milagros (Masbate),26.92181157320738,33.48490856587887,-0.08056886494159698,0.0079348124563694,8.545183062553406,1.1636151,0.0,-3.5664586968784717,-2.7252768295729597,,4.488514390569259,0.3315657754873384
2018-01-22,Milagros (Masbate),27.019226655364037,33.51084929890931,-0.07690664380788803,0.003662221133708954,8.545183062553406,1.3662616,2.560166776784777,-3.2639630854941393,-2.379292886544581,,4.0391199119895,0.3314262887895393
2018-01-23,Milagros (Masbate),27.126163512468338,33.538315957412124,-0.06775109097361565,-0.003662221133708954,8.545183062553406,1.162505,0.0,-2.7999052979027423,-2.6091899234190823,,3.827184570110974,0.3312868020917402
2018-01-24,Milagros (Masbate),27.189153715968132,33.55052336119115,-0.07324442267417908,0.0,8.69777561724186,1.1113371,16.14465811770054,-3.3981436429202385,-2.950584944105761,,4.500370177030199,0.3311473153939411
2018-01-25,Milagros (Masbate),27.329783007502556,33.56425669044256,-0.08239997550845146,0.0048829615116119385,8.69777561724186,1.1120721,3.3368730061436276,-2.8526178942028215,-2.9382939384537337,,4.095241155180009,0.331007828696142
2018-01-26,Milagros (Masbate),27.427930533885956,33.55510113760829,-0.09765923023223877,0.009155552834272385,8.69777561724186,2.4268785,12.145383444083873,-4.11776333426923,-2.1625808396241473,,4.651099952157718,0.33086834199834286
2018-01-27,Milagros (Masbate),27.31952878832817,33.573412243276834,-0.10437330231070518,0.019531846046447754,8.545183062553406,2.2290425,60.18645761269343,-6.549158390948144,-3.133718147278933,,7.260279957158112,0.33072885530054374
2018-01-28,Milagros (Masbate),27.256538584828377,33.61461223103106,-0.10437330231070518,0.0238044373691082,8.545183062553406,0.8702365,36.19193945259883,-5.775146514161275,-2.51815055852597,,6.300269795447952,0.3305893686027446
2018-01-29,Milagros (Masbate),27.354686111211777,33.645130740478635,-0.07812738418579102,0.0048829615116119385,8.545183062553406,0.84489334,0.0,-3.697379922021287,-2.4410587925297977,,4.43050632731217,0.3304498819049455
2018-01-30,Milagros (Masbate),27.34003722667694,33.669545548036695,-0.0714133121073246,0.0024414807558059692,8.545183062553406,1.5254974,0.0,-3.949012701387946,-2.8011692681398026,,4.84161652596467,0.3303103952071464
2018-01-31,Milagros (Masbate),27.337839893996716,33.693960355594754,-0.0714133121073246,0.003662221133708954,8.545183062553406,1.5130904,0.0,-3.4823928066231358,-2.9362150133825353,,4.5550431682294255,0.33017090850934727
2018-02-01,Milagros (Masbate),27.383251436054707,33.70158998295665,-0.05249183624982834,-0.012207403779029846,8.545183062553406,0.7343667,7.350011798479494,-3.0588187559520903,-3.602461045563647,,4.72589650400512,0.3300314218115482
2018-02-02,Milagros (Masbate),27.35981322079897,33.69853813201189,-0.04699850454926491,-0.01342814415693283,8.545183062553406,0.48318747,0.0,-3.8388490131776396,-5.103433594922668,,6.386062652664806,0.3298919351137491
2018-02-03,Milagros (Masbate),27.28583635389805,33.692434430122375,-0.04516739398241043,-0.012207403779029846,8.545183062553406,0.47016978,0.0,-3.2542904588899035,-4.971993700496342,,5.942316698779792,0.32975244841595
2018-02-04,Milagros (Masbate),27.239692367613316,33.67564924992621,-0.039674062281847,-0.0158696249127388,8.545183062553406,0.7973916,5.050465150488802,-2.15998465362462,-4.78546755017111,,5.250355547735272,0.32961296171815085
2018-02-05,Milagros (Masbate),27.154728837311268,33.66038999520242,0.0006103701889514923,-0.027466658502817154,8.545183062553406,1.9335024,0.0,-0.4806039393319562,-5.865607496499739,,5.885263923520791,0.32947347502035174
2018-02-06,Milagros (Masbate),27.017761766910553,33.6619159206748,0.010986663401126862,-0.02868739888072014,8.545183062553406,2.2442627,0.0,-2.001166563848778,-5.25198528292326,,5.620321790459052,0.3293339883225526
2018-02-07,Milagros (Masbate),26.92181157320738,33.67107147350907,-0.025025177747011185,-0.017090365290641785,8.545183062553406,1.0436096,0.0,-3.2358659894863115,-2.9391718248980196,,4.371448240364808,0.3291945016247535
2018-02-08,Milagros (Masbate),27.01629687845707,33.65276036784053,-0.02868739888072014,-0.023194067180156708,8.69777561724186,1.082556,0.2881548225758767,1.8992686557424956,-1.6643375951662938,,2.525319991084264,0.32905501492695444
2018-02-09,Milagros (Masbate),27.211859486997128,33.622241858392954,-0.014038514345884323,-0.03234962001442909,8.69777561724186,1.0804961,0.0,1.6323711620641586,-0.7991335166950521,,1.8174845221470506,0.3289155282291553
2018-02-10,Milagros (Masbate),27.419141203165054,33.63750111311674,-0.03234962001442909,-0.03418073058128357,8.69777561724186,0.61563,0.0,1.553884693123449,-1.7099595135730525,,2.310523572176303,0.3287760415313562
2018-02-11,Milagros (Masbate),27.338572338223457,33.64207888953388,-0.031128879636526108,-0.02868739888072014,8.545183062553406,0.54607785,0.12485292330233128,-2.485326438887742,-3.4746774292989953,,4.272028879293105,0.3286365548335571
2018-02-12,Milagros (Masbate),27.199407935142517,33.62529370933771,-0.04028443247079849,-0.011597033590078354,8.545183062553406,0.51959974,27.41983110377561,-5.421303008022526,-6.248748700649373,,8.272689201744576,0.32849706813575796
2018-02-13,Milagros (Masbate),26.91814935207367,33.60240482725203,-0.07812738418579102,0.007324442267417908,8.545183062553406,0.51955485,57.931976341572536,-7.099088925161273,-6.370146757245512,,9.538125249554701,0.32835758143795885
2018-02-14,Milagros (Masbate),26.7994933873415,33.58867149800062,-0.11535996571183205,0.030518509447574615,8.545183062553406,0.76343185,9.786052657431087,-5.706190462433034,-2.2291208713712556,,6.126139849264353,0.3282180947401597
2018-02-15,Milagros (Masbate),27.025818653404713,33.58104187063873,-0.11597033590078354,0.03784295171499252,8.545183062553406,0.8357464,0.0,-3.733950126830482,-1.1483099189333952,,3.9065328898625946,0.3280786080423606
2018-02-16,Milagros (Masbate),27.431592755019665,33.585619647055864,-0.12085329741239548,0.051881466060876846,8.69777561724186,0.9696022,0.0,-2.897722997906778,-1.2834250242840888,,3.169223621891718,0.3279391213445615
2018-02-17,Milagros (Masbate),27.41694387048483,33.59477519989014,-0.0952177494764328,0.01037629321217537,8.545183062553406,0.7224406,0.0,-3.5529164097127355,-2.7223266044372103,,4.475966616903288,0.32779963464676243
2018-02-18,Milagros (Masbate),27.52754294872284,33.61308630555868,-0.09643848985433578,0.012207403779029846,8.545183062553406,1.884947,0.0,-5.060775496637063,-3.059738123496686,,5.913835135657836,0.3276601479489633
2018-02-19,Milagros (Masbate),27.624225586652756,33.634449262171984,-0.09887997061014175,0.0158696249127388,8.545183062553406,1.0777385,0.0,-5.039477385670526,-2.839546721947634,,5.78440644377694,0.3275206612511642
2018-02-20,Milagros (Masbate),27.698202453553677,33.64818259142339,-0.09643848985433578,0.01831110566854477,8.545183062553406,0.6502493,14.998146086145365,-5.154617816817348,-2.3385577227521086,,5.660294785618004,0.3273811745533651
2018-02-21,Milagros (Masbate),27.824915304780006,33.66649369709194,-0.09887997061014175,0.0238044373691082,8.545183062553406,1.4854643,0.0,-4.4140454750169615,-2.1173061774651702,,4.895588106106342,0.32724168785556595
2018-02-22,Milagros (Masbate),27.901821948587894,33.6832788772881,-0.08362071588635445,0.0030518509447574615,8.545183062553406,2.2205374,0.0,-4.659267058417616,-3.3452769771833877,,5.735821438619649,0.32710220115776684
2018-02-23,Milagros (Masbate),27.852015741169453,33.69853813201189,-0.07324442267417908,0.0006103701889514923,8.545183062553406,0.90552324,0.0,-4.632414477468867,-4.808204974758779,,6.676683231242757,0.3269627144599677
2018-02-24,Milagros (Masbate),27.742149107158184,33.70311590842903,-0.07324442267417908,0.0006103701889514923,8.545183062553406,0.8544606,39.03114000827256,-4.882994318643033,-3.8292603237792724,,6.205390249063331,0.32682322776216866
2018-02-25,Milagros (Masbate),27.641071803867817,33.69853813201189,-0.07873775437474251,0.006714072078466415,8.545183062553406,0.9887623,41.315643651006674,-5.275127563928493,-2.578001507237027,,5.871376549586523,0.3266837410643695
2018-02-26,Milagros (Masbate),27.641071803867817,33.69090850465,-0.08667256683111191,0.006714072078466415,8.545183062553406,1.2591752,0.0,-4.8762196042976225,-3.337305361027442,,5.908902157091363,0.3265442543665704
2018-02-27,Milagros (Masbate),27.665974907577038,33.68480480276048,-0.10010071098804474,0.01892147585749626,8.545183062553406,0.9128518,2.4909291741330533,-4.564900653785408,-2.405752953561198,,5.16003539256262,0.3264047676687713
2018-02-28,Milagros (Masbate),27.813196197152138,33.68480480276048,-0.10559404268860817,0.02685628831386566,8.69777561724186,1.226235,0.0,-3.599110760260696,-1.903637374911971,,4.071539453300934,0.3262652809709722
2018-03-01,Milagros (Masbate),27.950163267552853,33.68633072823286,-0.10071108117699623,0.0238044373691082,8.545183062553406,2.041392,0.0,-4.032237880403643,-1.6831873594334386,0.32612579427317306,4.369446419298281,0.32612579427317306
2018-03-02,Milagros (Masbate),28.0754112303257,33.68938257917762,-0.09949034079909325,0.01831110566854477,8.545183062553406,0.5755248,0.0,-4.671561440042977,-1.7384402733764714,,4.984542192839145,0.3258275823057253
2018-03-03,Milagros (Masbate),28.2314218506217,33.69853813201189,-0.10498367249965668,0.032959990203380585,8.545183062553406,0.5786969,0.0,-3.9042910744716712,-1.5320458337337899,,4.194121270404591,0.3255293703382775
2018-03-04,Milagros (Masbate),28.363261811435223,33.71532331220806,-0.10010071098804474,0.014648884534835815,8.545183062553406,0.6765439,61.641884500066354,-4.83936519228098,-2.3836052287256764,,5.394536991315299,0.3252311583708297
2018-03-05,Milagros (Masbate),28.454817339777946,33.73516034334898,-0.09399700909852982,0.01892147585749626,8.545183062553406,0.6932418,0.0,-3.4252696920242744,-1.8416545260676112,,3.888979796358601,0.32493294640338194
2018-03-06,Milagros (Masbate),28.528061762452126,33.74736774712801,-0.07446516305208206,-0.003662221133708954,8.545183062553406,1.4008683,0.0,-4.507885190769105,-3.3600135453435693,,5.622341142090871,0.32463473443593416
2018-03-07,Milagros (Masbate),28.544907979667187,33.76110107637942,-0.06714072078466415,-0.009155552834272385,8.545183062553406,1.4314213,0.0,-4.191926331398662,-3.247350867422409,,5.302596913213611,0.3243365224684864
2018-03-08,Milagros (Masbate),28.552964866161346,33.76873070374131,-0.04943998530507088,-0.028077028691768646,8.545183062553406,0.87794167,0.0,-2.880449845869914,-3.341252221484507,,4.411457550758838,0.3240383105010386
2018-03-09,Milagros (Masbate),28.404278688132763,33.777886256575584,-0.05005035549402237,-0.016479995101690292,8.545183062553406,0.5853385,0.0,-3.45735614018602,-3.758519979905822,,5.106836977957416,0.3237400985335908
2018-03-10,Milagros (Masbate),28.18601030856371,33.79161958582699,-0.06897183135151863,-0.0030518509447574615,8.545183062553406,0.4967746,0.0,-5.476574917207893,-5.131286148768553,,7.504863114296932,0.32344188656614303
2018-03-11,Milagros (Masbate),27.90035706013441,33.80993069149554,-0.07873775437474251,0.0024414807558059692,8.545183062553406,0.48966137,0.0,-6.378180277953746,-5.91087909826582,,8.695957415511755,0.3231436745986952
2018-03-12,Milagros (Masbate),27.690145567059517,33.82213809527457,-0.07812738418579102,0.0024414807558059692,8.545183062553406,0.5378173,0.0,-5.565190806573368,-5.171198521057305,,7.596883759657903,0.3228454626312474
2018-03-13,Milagros (Masbate),27.628620252013206,33.8343454990536,-0.07629627361893654,0.0006103701889514923,8.545183062553406,0.64416176,0.0,-4.440813621710572,-3.976689279597579,,5.961114262387232,0.32254725066379963
2018-03-14,Milagros (Masbate),27.665242463350296,33.84655290283263,-0.08239997550845146,0.001831110566854477,8.545183062553406,0.7229398,0.0,-3.801742776154243,-3.3667256694471335,,5.078197502003562,0.32224903869635185
2018-03-15,Milagros (Masbate),27.738486886024475,33.84197512641549,-0.08972441777586937,0.012207403779029846,8.545183062553406,0.74819523,0.0,-3.318222015818703,-2.568282921705459,,4.1960308044850985,0.32195082672890407
2018-03-16,Milagros (Masbate),27.898159727454185,33.82824179716408,-0.08606219664216042,-0.009155552834272385,8.69777561724186,0.85760814,0.0,-3.754729886689235,-2.7501904614586694,,4.65419639640353,0.3216526147614563
2018-03-17,Milagros (Masbate),28.009491249918938,33.835871424525976,-0.08972441777586937,0.0024414807558059692,8.545183062553406,1.598665,0.0,-4.414699418864458,-3.463501101283351,,5.611186223742104,0.3213544027940085
2018-03-18,Milagros (Masbate),28.099581889808178,33.849604753777385,-0.08911404758691788,0.0079348124563694,8.545183062553406,2.5062444,0.0,-4.366928094276529,-3.388180432434091,,5.527189848676351,0.32105619082656073
2018-03-19,Milagros (Masbate),28.249000512063503,33.85876030661166,-0.08911404758691788,0.01342814415693283,8.545183062553406,0.95133483,0.0,-3.9310271491068263,-2.135739229066398,,4.473740772730141,0.32075797885911295
2018-03-20,Milagros (Masbate),28.499496437609196,33.86791585944593,-0.09643848985433578,0.0024414807558059692,8.69777561724186,1.0034922,0.0,-2.554222131162453,-2.0491960905214324,,3.2746381956986315,0.32045976689166517
2018-03-21,Milagros (Masbate),28.46507155895233,33.872493635863066,-0.05249183624982834,-0.02136295661330223,8.545183062553406,1.9364842,0.0,-3.1252898574196393,-2.984564565045896,0.3201615549242174,4.321465299619756,0.3201615549242174
2018-03-22,Milagros (Masbate),28.363994255661964,33.872493635863066,-0.06286812946200371,-0.012207403779029846,8.545183062553406,1.0228442,0.0,-4.005222681660187,-3.938282980039601,,5.617106155357473,0.3203675199570061
2018-03-23,Milagros (Masbate),28.113498330116272,33.87859733775258,-0.07080294191837311,-0.001831110566854477,8.545183062553406,1.0138967,0.0,-5.859776940086418,-5.4150110236387325,,7.978679726226484,0.3205734849897948
2018-03-24,Milagros (Masbate),27.792687758803368,33.89385659247637,-0.079348124563694,0.004272591322660446,8.545183062553406,0.9125162,0.0,-5.137016839142515,-6.111619604175865,,7.983785830781065,0.3207794500225835
2018-03-25,Milagros (Masbate),27.550981163978577,33.90758992172778,-0.06408886983990669,-0.004272591322660446,8.545183062553406,1.6555214,0.0,-3.774976516853929,-6.08116136703943,,7.157581384432278,0.32098541505537226
2018-03-26,Milagros (Masbate),27.42207098007202,33.921323250979185,-0.0317392498254776,-0.01892147585749626,8.545183062553406,1.6476694,0.0,-2.304693070326652,-4.805767432608342,,5.329822770480335,0.32119138008816095
2018-03-27,Milagros (Masbate),27.387646101415157,33.93047880381346,-0.017700735479593277,-0.030518509447574615,8.545183062553406,0.9922003,0.0,-0.07008293366668793,-4.332775241714759,,4.333342002751193,0.3213973451209497
2018-03-28,Milagros (Masbate),27.36787010729313,33.93047880381346,-0.0030518509447574615,-0.036011841148138046,8.545183062553406,0.7086604,0.0,0.5966029281258189,-4.128937977553789,,4.171817814374721,0.3216033101537384
2018-03-29,Milagros (Masbate),27.484328739345074,33.933530654758215,0.004272591322660446,-0.043946653604507446,8.545183062553406,0.7606279,18.31651140178193,1.2544886527937076,-3.778155814657689,,3.980980173251291,0.32180927518652713
2018-03-30,Milagros (Masbate),27.53193761408329,33.93810843117535,-0.0079348124563694,-0.03906369209289551,8.545183062553406,0.65102005,7.7153626136315525,-0.4398238870747062,-3.5339023024772294,,3.5611670187026285,0.3220152402193158
2018-03-31,Milagros (Masbate),27.55244605243206,33.945738058537245,-0.03234962001442909,-0.02624591812491417,8.545183062553406,0.59550935,0.0,-0.9243214475126377,-3.635106062868924,,3.750782081998135,0.32222120525210457
2018-04-01,Milagros (Masbate),27.649128690361977,33.95336768589914,-0.05371257662773132,-0.021973326802253723,8.545183062553406,0.9151626,0.0,-1.1326550176230035,-2.8408218887789687,,3.0582963219270094,0.32242717028489326
2018-04-02,Milagros (Masbate),27.734092220664024,33.957945462316275,-0.09094515815377235,0.011597033590078354,8.545183062553406,1.790244,0.0,-2.734117425618809,-2.1937459492300078,,3.5054128696682065,0.322633135317682
2018-04-03,Milagros (Masbate),27.86300240457058,33.96710101515055,-0.10254219174385071,0.012817773967981339,8.545183062553406,1.0720608,0.0,-3.295770301792436,-2.1420189733275614,,3.9306929623505655,0.3228391003504707
2018-04-04,Milagros (Masbate),27.939909048378468,33.97930841892958,-0.09887997061014175,0.016479995101690292,8.545183062553406,0.5706407,0.0,-4.367836745851489,-1.87709145076789,,4.754100351586662,0.32304506538325944
2018-04-05,Milagros (Masbate),28.03073213249445,33.994567673653364,-0.09765923023223877,0.012207403779029846,8.545183062553406,1.3070993,0.0,-3.8355976523449913,-2.7909064884781514,,4.743518565169094,0.32325103041604814
2018-04-06,Milagros (Masbate),28.101779222488403,34.005249151960015,-0.09582811966538429,0.010986663401126862,8.545183062553406,0.7293186,0.0,-3.430753568932041,-3.0997844817170876,,4.623714295221323,0.3234569954488369
2018-04-07,Milagros (Masbate),28.125949881970882,34.005249151960015,-0.07568590342998505,-0.009155552834272385,8.545183062553406,0.68719494,0.0,-3.9177064868484757,-4.336617574837403,,5.844200211105303,0.3236629604816256
2018-04-08,Milagros (Masbate),28.071016564965248,34.00067137554288,-0.09155552834272385,0.01037629321217537,8.545183062553406,0.7069349,0.0,-5.176388171152186,-3.673838520372855,,6.347604585370743,0.3238689255144143
2018-04-09,Milagros (Masbate),28.109836108982563,33.982360269874334,-0.11780144646763802,0.032959990203380585,8.545183062553406,0.7420514,22.1973714751114,-4.664204077827388,-1.7713153490663287,,4.989224162678964,0.324074890547203
2018-04-10,Milagros (Masbate),28.221900075674057,33.970152866095304,-0.12207403779029846,0.0317392498254776,8.545183062553406,0.5493515,6.597616538072938,-4.3555176694793545,-1.7978819960474521,,4.7119967997504455,0.32428085557999176
2018-04-11,Milagros (Masbate),28.31785026937723,33.970152866095304,-0.11352885514497757,0.023194067180156708,8.545183062553406,0.5642422,0.0,-4.424840455092286,-2.3410359669102183,,5.005962689771925,0.32448682061278045
2018-04-12,Milagros (Masbate),28.507553324103355,33.97473064251244,-0.11841181665658951,0.02929776906967163,8.545183062553406,0.57081956,0.0,-4.237331414738108,-2.190331712751463,,4.769961271353386,0.3246927856455692
2018-04-13,Milagros (Masbate),28.6818750500679,33.982360269874334,-0.11658070608973503,0.027466658502817154,8.545183062553406,0.716842,0.0,-4.8486612428380065,-1.4052103776107872,,5.04818106382333,0.3248987506783579
2018-04-14,Milagros (Masbate),28.829096339643,33.98846397176385,-0.11352885514497757,0.022583696991205215,8.545183062553406,0.42754075,0.0,-4.597315621363198,-1.4632729527785033,,4.824570307992538,0.3251047157111466
2018-04-15,Milagros (Masbate),28.977050073444843,33.9991454500705,-0.1031525619328022,0.01037629321217537,8.545183062553406,1.4920692,0.0,-4.283458808759826,-2.4392404536282397,,4.92929136458362,0.3253106807439353
2018-04-16,Milagros (Masbate),29.08252204209566,34.01287877932191,-0.08606219664216042,0.0048829615116119385,8.545183062553406,1.4019009,0.0,-4.134453408653364,-2.5860842906729022,,4.876631721464169,0.325516645776724
2018-04-17,Milagros (Masbate),29.264168210327625,34.02203433215618,-0.08667256683111191,-0.008545182645320892,8.69777561724186,1.3531902,0.0,-3.341661318401821,-2.5574469377338103,,4.207996578685282,0.32572261080951276
2018-04-18,Milagros (Masbate),29.396008171141148,34.03271581046283,-0.08606219664216042,-0.010986663401126862,8.69777561724186,0.75501806,0.0,-3.312265155186827,-2.7207257978933956,,4.286426171717818,0.32592857584230145
2018-04-19,Milagros (Masbate),29.450941488146782,34.03271581046283,-0.09033478796482086,-0.01037629321217537,8.69777561724186,0.6280988,0.0,-3.4816356793634062,-2.2799444246662612,,4.161722429882014,0.3261345408750902
2018-04-20,Milagros (Masbate),29.42530594021082,34.03271581046283,-0.08423108607530594,-0.0006103701889514923,8.545183062553406,1.4276339,0.0,-2.891542324571208,-2.6891731596037056,,3.9487554111542083,0.3263405059078789
2018-04-21,Milagros (Masbate),29.48756369948387,34.028138034045696,-0.09399700909852982,0.01037629321217537,8.545183062553406,2.6041226,0.0,-3.5559452223827295,-2.084376573168284,,4.121816604770197,0.32654647094066763
2018-04-22,Milagros (Masbate),29.60914944112301,34.02203433215618,-0.10925626382231712,0.019531846046447754,8.69777561724186,0.9721533,7.234801822453435,-3.900554980229521,-1.6520579373325714,,4.235991570116361,0.3267524359734563
2018-04-23,Milagros (Masbate),29.633320100605488,34.02508618310094,-0.10193182155489922,0.02075258642435074,8.545183062553406,0.66405594,0.0,-3.9882639761621825,-1.4113984495706307,,4.2306376738032485,0.32695840100624507
2018-04-24,Milagros (Masbate),29.78493605554104,34.028138034045696,-0.10376293212175369,0.02136295661330223,8.69777561724186,1.7358385,0.0,-2.9031675993016024,-1.5109480785877853,,3.2728193054036376,0.32716436603903376
2018-04-25,Milagros (Masbate),29.899197354912758,34.029663959518075,-0.08972441777586937,-0.014038514345884323,8.69777561724186,1.6901932,0.0,-2.7085190388649942,-1.9578171119716352,,3.34202382215075,0.3273703310718225
2018-04-26,Milagros (Masbate),29.935819566249847,34.029663959518075,-0.09582811966538429,0.004272591322660446,8.69777561724186,1.2705357,0.0,-3.5223507322488503,-2.0239218055069363,,4.062414818279944,0.3275762961046112
2018-04-27,Milagros (Masbate),29.93288978934288,34.03271581046283,-0.09094515815377235,-0.0006103701889514923,8.545183062553406,1.429731,0.0,-4.049950543399297,-1.4668913882038612,,4.307420312526618,0.32778226113739994
2018-04-28,Milagros (Masbate),29.940214231610298,34.03729358687997,-0.08606219664216042,0.005493331700563431,8.545183062553406,1.374157,0.0,-4.264932625256499,-2.4116070166909975,,4.899540662238711,0.32798822617018863
2018-04-29,Milagros (Masbate),30.012726210057735,34.03424173593521,-0.079348124563694,-0.012207403779029846,8.69777561724186,1.6220483,0.0,-2.62072485756421,-2.5228991335525417,,3.637749141589496,0.3281941912029774
2018-04-30,Milagros (Masbate),30.105746626853943,34.03271581046283,-0.07873775437474251,-0.022583696991205215,8.69777561724186,1.5484887,0.0,-3.680264876103234,-2.460303637878521,,4.426899993091942,0.32840015623576607
2018-05-01,Milagros (Masbate),30.03469953685999,34.03424173593521,-0.08362071588635445,0.001831110566854477,8.545183062553406,1.045603,0.0,-4.212994949947331,-2.4546568642231907,,4.875927272771789,0.3286061212685548
2018-05-02,Milagros (Masbate),30.08011107891798,34.031189884990454,-0.0872829370200634,0.014038514345884323,8.545183062553406,1.3623142,6.235947209487822,-4.385855674230097,-1.7764706243064847,,4.731973993398549,0.3288120863013435
2018-05-03,Milagros (Masbate),30.124057732522488,34.02661210857332,-0.09155552834272385,0.014648884534835815,8.545183062553406,1.3623639,18.707842534744234,-3.663850025558794,-1.3628376461339091,,3.909107757469342,0.32901805133413226
2018-05-04,Milagros (Masbate),30.06326486170292,34.02203433215618,-0.08972441777586937,0.0158696249127388,8.545183062553406,1.1086706,0.10732600945246389,-3.7300638189608524,-1.0354153062116278,,3.8711059078586496,0.32922401636692095
2018-05-05,Milagros (Masbate),30.08450574427843,34.02203433215618,-0.09094515815377235,0.019531846046447754,8.545183062553406,1.0945615,5.691165418218647,-3.7177108075308962,-1.368185714920059,,3.961477729199464,0.3294299813997097
2018-05-06,Milagros (Masbate),30.187780380249023,34.028138034045696,-0.09582811966538429,0.02136295661330223,8.69777561724186,1.3415492,0.0,-2.90294484756884,-1.1272913011846857,,3.1141410478257305,0.3296359464324984
2018-05-07,Milagros (Masbate),30.326944783329964,34.03271581046283,-0.09155552834272385,0.031128879636526108,8.69777561724186,1.9567622,0.0,-2.4234338248727036,-0.2604844746052994,,2.437392800729407,0.3298419114652871
2018-05-08,Milagros (Masbate),30.457319855690002,34.041871363297105,-0.08484145626425743,0.03906369209289551,8.69777561724186,1.1488394,0.0,-1.6766303527794468,0.3688716899157396,,1.7167281856725676,0.3300478764980758
2018-05-09,Milagros (Masbate),30.539353609085083,34.041871363297105,-0.0872829370200634,0.017090365290641785,8.69777561724186,1.7410837,0.0,-2.588245418403908,-1.4438198289831599,,2.9637189550383796,0.3302538415308645
2018-05-10,Milagros (Masbate),30.405316315591335,34.04797506518662,-0.079348124563694,0.006103701889514923,8.545183062553406,1.7209988,0.0,-3.9150236921958235,-1.6176515687510675,,4.23606032869427,0.33045980656365326
2018-05-11,Milagros (Masbate),30.41117586940527,34.052552841603756,-0.07812738418579102,0.0048829615116119385,8.545183062553406,1.014779,0.0,-3.6542013571696863,-1.4289808232964565,,3.923668404961076,0.33066577159644195
2018-05-12,Milagros (Masbate),30.506393618881702,34.05865654349327,-0.08301034569740295,0.0030518509447574615,8.545183062553406,1.3055401,0.0,-2.7692256324134776,-1.7301019602843877,,3.2652508932998865,0.3308717366292307
2018-05-13,Milagros (Masbate),30.64043091237545,34.06018246896565,-0.09094515815377235,0.015259254723787308,8.69777561724186,0.5771027,0.0,-2.5895412778733315,-2.0517967530274093,,3.303875594743795,0.3310777016620194
2018-05-14,Milagros (Masbate),30.708548225462437,34.054078767076135,-0.09887997061014175,0.03479110077023506,8.69777561724186,1.5164945,0.0,-2.6385180578019782,-0.7682538954548968,,2.748088715676542,0.33128366669480813
2018-05-15,Milagros (Masbate),30.708548225462437,34.05865654349327,-0.0952177494764328,0.036011841148138046,8.545183062553406,0.5233217,1.6113462893039168,-3.266306440539887,-0.4029691413197392,,3.2910700224043112,0.3314896317275968
2018-05-16,Milagros (Masbate),30.691702008247375,34.064760245382786,-0.08606219664216042,0.02136295661330223,8.545183062553406,0.5625431,0.0,-3.52955815279261,-0.594377874961238,,3.5792549241690255,0.33169559676038557
2018-05-17,Milagros (Masbate),30.76787620782852,34.066286170855165,-0.08056886494159698,0.0006103701889514923,8.69777561724186,0.7119864,1.7611605468192884,-2.5984260083088575,-1.4705742428656567,,2.985700307203622,0.33190156179317426
2018-05-18,Milagros (Masbate),30.808893084526062,34.064760245382786,-0.07812738418579102,0.017700735479593277,8.69777561724186,0.85871285,5.253071897170123,-2.625524710596447,-1.0559410751209835,,2.8299101681997283,0.332107526825963
2018-05-19,Milagros (Masbate),30.797173976898193,34.06781209632754,-0.08178960531949997,0.011597033590078354,8.69777561724186,1.5602989,0.0,-3.370805338168385,-0.7317046819260342,,3.4493072303546635,0.3323134918587517
2018-05-20,Milagros (Masbate),30.81255530565977,34.06933802179992,-0.07873775437474251,0.023194067180156708,8.545183062553406,0.894707,0.0,-2.6367409991726474,0.36201642214201885,,2.661476843149021,0.33251945689154044
2018-05-21,Milagros (Masbate),30.944395266473293,34.07238987274468,-0.07202368229627609,0.039674062281847,8.69777561724186,1.6705234,0.1082751610699822,-2.0206643056205555,0.039771550425621846,,2.0210556677717366,0.33272542192432913
2018-05-22,Milagros (Masbate),30.896053947508335,34.08001950010657,-0.07019257172942162,0.030518509447574615,8.545183062553406,1.2542591,7.996997609825211,-1.6187454326050643,-0.4518385244631861,,1.6806233450029266,0.3329313869571179
2018-05-23,Milagros (Masbate),30.998596139252186,34.08764912746847,-0.08484145626425743,0.01037629321217537,8.69777561724186,0.67083216,0.0,-2.9158493769481577,-0.3887589957422637,,2.941651091788333,0.33313735198990657
2018-05-24,Milagros (Masbate),30.98028503358364,34.089175052940845,-0.08545182645320892,0.015259254723787308,8.545183062553406,1.7722722,0.0,-3.661103721288215,-1.2045198306550209,,3.8541598929561314,0.3333433170226953
2018-05-25,Milagros (Masbate),30.970763258635998,34.08764912746847,-0.07995849475264549,0.01831110566854477,8.545183062553406,1.6353282,15.993995219650422,-3.0809790582434564,-0.5495777411574226,,3.1296114217120357,0.333549282055484
2018-05-26,Milagros (Masbate),31.00372324883938,34.090700978413224,-0.07995849475264549,0.006714072078466415,8.545183062553406,2.4571779,0.0,-3.4935390168093226,-0.5582950261017204,,3.5378677474064752,0.33375524708827276
2018-05-27,Milagros (Masbate),31.08209478110075,34.08154542557895,-0.08789330720901489,0.005493331700563431,8.69777561724186,1.1840786,0.0,-3.837687637560349,-0.8060822123169431,,3.9214302156862755,0.33396121212106145
2018-05-28,Milagros (Masbate),31.068178340792656,34.07544172368944,-0.08056886494159698,0.0030518509447574615,8.69777561724186,1.271795,0.0,-3.809778915312539,-1.0471603314191877,,3.9510707590801166,0.33416717715385014
2018-05-29,Milagros (Masbate),30.953184597194195,34.064760245382786,-0.06897183135151863,-0.0012207403779029846,8.545183062553406,1.062824,23.98009587301444,-3.623961101578643,-1.8462350312833906,,4.06714615627384,0.3343731421866389
2018-05-30,Milagros (Masbate),30.774468205869198,34.054078767076135,-0.06530961021780968,0.014038514345884323,8.545183062553406,0.98479086,0.0,-3.567245875168639,-0.8967525519924134,,3.678234396203235,0.3345791072194276
2018-05-31,Milagros (Masbate),30.704886004328728,34.03729358687997,-0.06836146116256714,0.014038514345884323,8.545183062553406,1.0356587,0.0,-2.9184294805608175,-0.43283014567469297,,2.9503512618010856,0.3347850722522163
2018-06-01,Milagros (Masbate),30.720267333090305,34.00219730101526,-0.07202368229627609,0.030518509447574615,8.69777561724186,0.77866226,19.066438255155305,-1.715835767761085,0.2584686071031395,,1.7351940533514136,0.334991037285005
2018-06-02,Milagros (Masbate),30.81255530565977,33.948789909482,-0.02136295661330223,0.024414807558059692,8.69777561724186,0.7706873,15.039918195403372,2.296452804953972,0.5402788775307791,,2.3591517015416543,0.33519700231779376
2018-06-03,Milagros (Masbate),30.79937130957842,33.980834344401956,0.027466658502817154,-0.05859553813934326,8.69777561724186,0.934429,0.0,2.5104700140296803,-0.7052797826219223,,2.6076578117378455,0.33540296735058245
2018-06-04,Milagros (Masbate),31.112124994397163,33.970152866095304,-0.02929776906967163,-0.05249183624982834,8.69777561724186,0.8151655,0.0,1.6493661407874505,-1.697653696457967,,2.3669467124279513,0.3356089323833712
2018-06-05,Milagros (Masbate),30.9304788261652,33.95336768589914,-0.0317392498254776,-0.05859553813934326,8.69777561724186,0.64657354,19.595982452918744,1.597799942506094,-2.3064326138044837,,2.8058146870906246,0.3358148974161599
2018-06-06,Milagros (Masbate),30.786187313497066,33.932004729285836,0.043946653604507446,-0.07446516305208206,8.69777561724186,0.51228577,9.53317618805303,5.383166452051722,-1.7114965105911466,,5.648690233696729,0.33602086244894863
2018-06-07,Milagros (Masbate),30.593554481863976,33.9060639962554,0.09277626872062683,-0.03662221133708954,8.545183062553406,0.5271951,26.31766949125526,7.8242330573890655,2.3804139616269495,,8.178324618468524,0.3362268274817373
2018-06-08,Milagros (Masbate),30.34232611209154,33.872493635863066,0.05737479776144028,0.008545182645320892,8.545183062553406,0.58885384,23.030911118698896,6.035697093752037,5.650203889861033,,8.267674606836406,0.33643279251452607
2018-06-09,Milagros (Masbate),30.102816849946976,33.84655290283263,0.009765923023223877,0.028077028691768646,8.545183062553406,0.68556774,10.179440876533244,4.806871575881485,6.083675574243907,,7.75352325331325,0.33663875754731476
2018-06-10,Milagros (Masbate),29.95339822769165,33.83129364810884,-0.009765923023223877,0.036011841148138046,8.545183062553406,0.7218451,2.7623415467221646,4.081785113547929,5.793033853843858,,7.086621969948905,0.3368447225801035
2018-06-11,Milagros (Masbate),29.91604357212782,33.83129364810884,-0.012817773967981339,0.03723258152604103,8.545183062553406,0.7502774,5.325923204905603,3.3056156529088283,4.870275078062663,,5.8861425552524755,0.3370506876128922
2018-06-12,Milagros (Masbate),29.99368266016245,33.8343454990536,0.014038514345884323,0.030518509447574615,8.545183062553406,0.7849899,5.736230216693684,3.6025588084518088,3.7678386323662374,,5.212968245434188,0.33725665264568094
2018-06-13,Milagros (Masbate),30.025910206139088,33.84044920094311,0.014648884534835815,0.02929776906967163,8.545183062553406,0.95448333,0.0,3.040683590216731,4.541872198631768,,5.465744209576357,0.33746261767846963
2018-06-14,Milagros (Masbate),30.053010642528534,33.84350105188787,-0.009155552834272385,0.043946653604507446,8.545183062553406,0.9563428,0.0,2.1153946211910477,4.542752255246367,,5.011136842664544,0.3376685827112584
2018-06-15,Milagros (Masbate),30.06399730592966,33.83281957358122,-0.02868739888072014,0.05493331700563431,8.545183062553406,0.59733135,0.0,1.7914878190210284,4.756497021683988,,5.082685562081267,0.33787454774404707
2018-06-16,Milagros (Masbate),30.020050652325153,33.81908624432981,-0.005493331700563431,0.04028443247079849,8.545183062553406,0.73243195,0.0,2.2568609072012262,3.5273854245368454,,4.1875851140828315,0.3380805127768358
2018-06-17,Milagros (Masbate),29.972441777586937,33.80840476602316,-0.004272591322660446,0.038453321903944016,8.545183062553406,0.64471585,0.0,2.2980198986723437,3.196441080829016,,3.936766571427041,0.3382864778096245
2018-06-18,Milagros (Masbate),30.021515540778637,33.802301064133644,0.005493331700563431,0.039674062281847,8.545183062553406,0.62104005,0.0,0.8185286859024743,2.0171788143592577,,2.176924339233004,0.33849244284241325
2018-06-19,Milagros (Masbate),30.30936612188816,33.788567734882236,0.021973326802253723,0.046388134360313416,8.69777561724186,0.617385,0.0,2.3654642673682886,0.6461827978096301,,2.4521364987254026,0.33869840787520195
2018-06-20,Milagros (Masbate),30.447065636515617,33.765678852796555,0.03662221133708954,0.025635547935962677,8.69777561724186,0.75932544,16.35012898242014,2.9609098705165855,1.375417312499844,,3.264775650002131,0.3389043729079907
2018-06-21,Milagros (Masbate),30.576708264648914,33.74736774712801,0.0,0.05310220643877983,8.69777561724186,0.8029803,6.304784859895221,2.183782532321681,2.063369434515745,,3.004396706789421,0.3391103379407794
2018-06-22,Milagros (Masbate),30.643360689282417,33.74431589618325,-0.04211554303765297,0.06591998040676117,8.69777561724186,0.7897468,2.333754576243929,0.44771689159593747,1.6449123373562777,,1.704754238184267,0.3393163029735681
2018-06-23,Milagros (Masbate),30.683645121753216,33.729056641459465,-0.07568590342998505,0.062257759273052216,8.69777561724186,0.69137627,4.1151593925986765,-1.7708870561794736,1.4402146121613546,,2.2825991971493997,0.3395222680063568
2018-06-24,Milagros (Masbate),30.756889544427395,33.70921961031854,-0.08239997550845146,0.05798516795039177,8.69777561724186,0.4617104,8.663805736247713,-0.6581017966453493,-0.0918345748208946,,0.6644784149092965,0.3397282330391455
2018-06-25,Milagros (Masbate),30.78765220195055,33.67717517539859,-0.07873775437474251,0.023194067180156708,8.69777561724186,0.33620888,10.571805520667024,-0.4550062000994518,-0.7626717361416008,,0.8880871687161042,0.33993419807193426
2018-06-26,Milagros (Masbate),30.786187313497066,33.65276036784053,-0.059205908328294754,0.03723258152604103,8.69777561724186,0.48020485,2.341296548050267,-0.038584348577491615,0.883269588510223,,0.8841119374503253,0.34014016310472295
2018-06-27,Milagros (Masbate),31.030823685228825,33.64207888953388,-0.014038514345884323,0.021973326802253723,8.69777561724186,0.54241407,2.4382917112075773,1.792275823403417,1.0145132011409463,,2.0594877184498204,0.3403461281375117
2018-06-28,Milagros (Masbate),31.183172084391117,33.643604815006256,0.025635547935962677,-0.028077028691768646,8.69777561724186,0.53609,0.0,2.9177730123633028,1.8967184890865485,,3.4800776397256397,0.3405520931703004
2018-06-29,Milagros (Masbate),31.12237921357155,33.63750111311674,0.03784295171499252,0.01037629321217537,8.545183062553406,0.49021912,0.0,3.584516827973396,2.958451086607829,,4.647708437700831,0.34075805820308913
2018-06-30,Milagros (Masbate),31.038880571722984,33.62681963481009,0.027466658502817154,0.014038514345884323,8.545183062553406,0.48726162,13.358681110049357,3.623519259183642,2.9532164500505984,,4.674545884096575,0.3409640232358778
2018-07-01,Milagros (Masbate),30.88213750720024,33.6115603800863,0.0048829615116119385,0.0238044373691082,8.545183062553406,0.5671829,0.14591290694463083,1.9156902470820885,2.531925038416868,,3.174982444507007,0.34116998826866657
2018-07-02,Milagros (Masbate),30.84917751699686,33.597827050834894,0.02929776906967163,0.0079348124563694,8.545183062553406,0.6699665,0.0,1.736970231958385,2.014440008223685,,2.6598936319788815,0.34137595330145526
2018-07-03,Milagros (Masbate),30.863093957304955,33.59172334894538,0.04150517284870148,0.0030518509447574615,8.545183062553406,0.70076424,0.0,3.3518885958698204,1.609515921062062,,3.718292438643633,0.341581918334244
2018-07-04,Milagros (Masbate),30.80449841916561,33.584093721583486,0.04577776417136192,0.0030518509447574615,8.545183062553406,0.63861424,0.0,3.0826599551894245,1.8072483091686713,,3.573365199685233,0.3417878833670327
2018-07-05,Milagros (Masbate),30.68877223134041,33.57646409422159,0.04272591322660446,-0.001831110566854477,8.545183062553406,0.53439814,0.24464416987513918,1.8388931496857368,2.253328886533923,,2.908439287117635,0.34199384839982144
2018-07-06,Milagros (Masbate),30.622119806706905,33.56578261591494,0.0317392498254776,0.01037629321217537,8.545183062553406,0.41410592,0.2163354842706336,1.4941244009265775,2.6100545500835937,,3.0074561476198243,0.34219981343261013
2018-07-07,Milagros (Masbate),30.596484258770943,33.55662706308067,0.021973326802253723,0.020142216235399246,8.545183062553406,0.40706792,23.326667596070326,2.1576924220223876,3.2162566618952755,,3.872976052500012,0.3424057784653989
2018-07-08,Milagros (Masbate),30.576708264648914,33.538315957412124,0.027466658502817154,0.020142216235399246,8.545183062553406,0.9121615,36.958829922318216,2.4529251917681973,2.677858461755194,,3.631496652566947,0.34261174349818757
2018-07-09,Milagros (Masbate),30.455122523009777,33.53373818099499,0.039674062281847,0.007324442267417908,8.545183062553406,0.9101349,1.1488161996218544,3.693505718438604,3.0019140483617908,,4.759566413644267,0.3428177085309763
2018-07-10,Milagros (Masbate),30.291787460446358,33.53068633005023,0.03662221133708954,0.015259254723787308,8.545183062553406,0.77328205,12.790526736338773,3.312438882381258,4.222203877313531,,5.366493914196923,0.343023673563765
2018-07-11,Milagros (Masbate),30.099154628813267,33.51542707532644,0.032959990203380585,0.011597033590078354,8.545183062553406,0.9193276,0.0,3.3259318319685014,3.072178524066343,,4.5277039914989805,0.34322963859655375
2018-07-12,Milagros (Masbate),29.9490035623312,33.489486342296004,0.03418073058128357,0.003662221133708954,8.545183062553406,0.9279694,22.12680745076456,5.049744240439243,2.216876373390792,,5.514930439157653,0.34343560362934245
2018-07-13,Milagros (Masbate),29.905056908726692,33.46659746021032,0.04211554303765297,-0.003662221133708954,8.545183062553406,0.868419,18.374698725965395,3.4553577401966518,2.457810127035417,,4.240321654461459,0.34364156866213114
2018-07-14,Milagros (Masbate),29.847926259040833,33.46049375832081,0.04699850454926491,0.006103701889514923,8.545183062553406,0.77707464,0.0,3.650593057798691,2.680071856610747,,4.528754224976773,0.3438475336949199
2018-07-15,Milagros (Masbate),29.68678852915764,33.44370857812464,0.06530961021780968,-0.003662221133708954,8.545183062553406,0.84968716,0.0,6.619616603345098,3.0060995674397417,,7.270210353534724,0.3440534987277086
2018-07-16,Milagros (Masbate),29.4494765996933,33.41471599414945,0.06469924002885818,0.006103701889514923,8.545183062553406,0.7273734,16.94576451841281,6.603991076142727,5.1944462492866,,8.402081288020273,0.3442594637604973
2018-07-17,Milagros (Masbate),29.23780021816492,33.38572341017425,0.04577776417136192,0.015259254723787308,8.545183062553406,0.7536324,16.94576451841281,4.492947742254682,5.099464715109466,,6.796404916959989,0.344465428793286
2018-07-18,Milagros (Masbate),29.163090907037258,33.368938229978085,0.03906369209289551,0.0158696249127388,8.545183062553406,0.9209889,5.376624527132293,4.4161656368915025,3.491487101083793,,5.629653729093454,0.34467139382607476
2018-07-19,Milagros (Masbate),29.23706777393818,33.36130860261619,0.05493331700563431,0.006103701889514923,8.545183062553406,0.8771067,8.80443760444378,5.6309145292013145,2.69381176360672,,6.242100628227361,0.34487735885886345
2018-07-20,Milagros (Masbate),29.280281983315945,33.35215304978192,0.05005035549402237,0.015259254723787308,8.545183062553406,1.0368345,0.0,5.168183859132494,3.574162222108564,,6.283689998062099,0.3450833238916522
2018-07-21,Milagros (Masbate),29.26270332187414,33.33994564600289,0.039674062281847,0.01831110566854477,8.545183062553406,0.8941379,0.04123033374608409,4.846918630346866,5.254673697222324,,7.148721275408887,0.3452892889244409
2018-07-22,Milagros (Masbate),29.166020683944225,33.321634540334344,0.04028443247079849,0.014648884534835815,8.545183062553406,0.9865965,4.11617952621491,5.693457327528049,3.772944558463708,,6.830122032703643,0.34549525395722963
2018-07-23,Milagros (Masbate),29.062746047973633,33.30637528561056,0.05798516795039177,-0.003662221133708954,8.545183062553406,0.95226526,8.191128723036204,6.872627188457104,2.091744915321521,,7.183898750838101,0.3457012189900183
2018-07-24,Milagros (Masbate),29.07739493250847,33.27585677616298,0.06103701889514923,-0.03357036039233208,8.545183062553406,1.1500126,11.781116317300233,5.658601796666479,-0.2512802376234675,,5.6641783209091505,0.34590718402280707
2018-07-25,Milagros (Masbate),29.171147793531418,33.25754567049444,0.06775109097361565,-0.02624591812491417,8.69777561724186,1.4363605,0.0,5.750784085653261,0.49668449156558897,,5.772193091361773,0.34611314905559576
2018-07-26,Milagros (Masbate),29.22901088744402,33.26517529785633,0.06042664870619774,-0.003662221133708954,8.545183062553406,1.4151243,3.3100259570030848,4.7254232036415384,2.839810001335655,,5.513088544291655,0.3463191140883845
2018-07-27,Milagros (Masbate),29.305917531251907,33.27890862710774,0.043336283415555954,0.017090365290641785,8.545183062553406,1.4321749,3.4493260393278113,4.839453382687951,3.7822552981381405,,6.142130264289735,0.3465250791211732
2018-07-28,Milagros (Masbate),29.40552994608879,33.283486403524876,0.04821924492716789,0.011597033590078354,8.69777561724186,1.5647907,0.0,5.543346534592251,2.309047404394965,,6.00503045107342,0.34673104415396194
2018-07-29,Milagros (Masbate),29.52784813195467,33.2743308506906,0.0555436871945858,-0.0012207403779029846,8.69777561724186,0.8469516,0.0,5.003512498350985,2.0731459809904953,,5.416001438298513,0.34693700918675063
2018-07-30,Milagros (Masbate),29.62160099297762,33.26212344691157,0.059205908328294754,-0.006714072078466415,8.69777561724186,1.4063511,0.0,4.454632023901507,1.764181347065352,,4.791250598090456,0.3471429742195394
2018-07-31,Milagros (Masbate),29.702902302145958,33.236182713881135,0.059816278517246246,-0.0048829615116119385,8.69777561724186,0.99765724,26.439576050330853,4.436093709901513,2.0775867146761176,,4.898499153825227,0.34734893925232807
2018-08-01,Milagros (Masbate),29.643574319779873,33.231604937464,0.04516739398241043,0.014038514345884323,8.545183062553406,1.9596865,0.0,4.438180951487422,2.6815952094428974,,5.1854028797628535,0.3475549042851168
2018-08-02,Milagros (Masbate),29.542497016489506,33.20871605537832,0.03906369209289551,0.016479995101690292,8.545183062553406,1.0323055,0.0,5.062067891407107,3.6354270484302766,,6.2322436699533235,0.3477608693179055
2018-08-03,Milagros (Masbate),29.3689077347517,33.18430124782026,0.0317392498254776,0.0158696249127388,8.545183062553406,1.0167592,0.0,4.2226312050260715,3.8160089821767436,,5.691444354969441,0.34796683435069425
2018-08-04,Milagros (Masbate),29.269295319914818,33.162938291206956,0.035401470959186554,0.012817773967981339,8.545183062553406,0.9702745,19.25407567517511,4.080137693292316,4.265090060422985,,5.902416184897815,0.34817279938348294
2018-08-05,Milagros (Masbate),29.206305116415024,33.14462718553841,0.039674062281847,0.014648884534835815,8.545183062553406,0.81846756,16.87825507421281,4.625426188460935,4.004913121821816,,6.118324651262045,0.3483787644162717
2018-08-06,Milagros (Masbate),29.13525802642107,33.127842005342245,0.03479110077023506,0.01892147585749626,8.545183062553406,0.6348509,0.0,3.572530224099692,4.3797753880561165,,5.652026596887872,0.3485847294490604
2018-08-07,Milagros (Masbate),29.054689161479473,33.11258275061846,0.01892147585749626,0.02624591812491417,8.545183062553406,0.70482266,15.38852751037412,3.4257984099750174,4.566315449634986,,5.708531468894826,0.3487906944818491
2018-08-08,Milagros (Masbate),28.960936300456524,33.09732349589467,0.0158696249127388,0.02624591812491417,8.545183062553406,0.6441983,9.152214148948932,3.5481015964052904,4.366163655853022,,5.626047458749846,0.3489966595146378
2018-08-09,Milagros (Masbate),28.892086543142796,33.08969386853278,0.03784295171499252,0.015259254723787308,8.545183062553406,0.82235914,7.69426375518706,4.318135710750804,3.4176414643758006,,5.506956436679167,0.3492026245474265
2018-08-10,Milagros (Masbate),28.84081544727087,33.08969386853278,0.056764427572488785,0.009155552834272385,8.545183062553406,1.0997255,6.976139929425161,5.059938791889678,3.812096037940984,,6.33522349883217,0.34940858958021526
2018-08-11,Milagros (Masbate),28.747795030474663,33.080538315698504,0.07629627361893654,0.0024414807558059692,8.545183062553406,2.187223,4.903985359605863,5.760677464568291,4.138196428250016,,7.092959504294814,0.34961455461300395
2018-08-12,Milagros (Masbate),28.654774613678455,33.06222721002996,0.0714133121073246,0.006103701889514923,8.545183062553406,2.2074966,4.903985359605863,5.000522870743805,5.336195020384399,,7.313016222900584,0.3498205196457927
2018-08-13,Milagros (Masbate),28.6328012868762,33.05764943361282,0.062257759273052216,0.008545182645320892,8.545183062553406,2.1887324,0.0,4.509973949758408,5.110860215745455,,6.816212817422087,0.3500264846785814
2018-08-14,Milagros (Masbate),28.687734603881836,33.06527906097472,0.04455702379345894,0.015259254723787308,8.545183062553406,2.1827364,0.0583867654355496,3.606263197608265,4.31912143815159,,5.626717004428466,0.35023244971137013
2018-08-15,Milagros (Masbate),28.86498610675335,33.080538315698504,0.05249183624982834,0.010986663401126862,8.545183062553406,2.1586747,0.0,4.65803900087088,2.70678280027878,,5.3873927331798654,0.3504384147441588
2018-08-16,Milagros (Masbate),28.952879413962364,33.08969386853278,0.062257759273052216,-0.0006103701889514923,8.545183062553406,2.158445,3.279692835546652,5.899791195022297,2.4497072259887696,,6.388161052910628,0.35064437977694757
2018-08-17,Milagros (Masbate),29.023194059729576,33.08359016664326,0.06103701889514923,0.003662221133708954,8.545183062553406,2.624636,3.917962947675229,4.650197426533091,3.1201385294109945,,5.599964334569461,0.35085034480973626
2018-08-18,Milagros (Masbate),29.064210936427116,33.079012390226126,0.038453321903944016,0.01892147585749626,8.545183062553406,2.6118102,3.799692241463651,3.840398858002364,3.493138575959237,,5.191404482353536,0.351056309842525
2018-08-19,Milagros (Masbate),29.124271363019943,33.079012390226126,0.022583696991205215,0.029908139258623123,8.545183062553406,2.523788,2.2388206098916323,3.546193457482475,3.39820527374694,,4.911546306451058,0.3512622748753137
2018-08-20,Milagros (Masbate),29.24951932579279,33.08511609211564,0.04028443247079849,0.02136295661330223,8.545183062553406,0.9653045,0.4299841729912748,4.205220666699468,3.374613329120504,,5.391836048760578,0.35146823990810244
2018-08-21,Milagros (Masbate),29.33960996568203,33.09732349589467,0.02929776906967163,0.02624591812491417,8.545183062553406,0.5914546,0.0,4.237607033585244,3.315838351883571,,5.380715319259428,0.35167420494089113
2018-08-22,Milagros (Masbate),29.432630382478237,33.1095308996737,0.0238044373691082,0.02929776906967163,8.545183062553406,0.9048502,0.0,3.5134668870379038,3.576218476606539,,5.013360964336581,0.3518801699736799
2018-08-23,Milagros (Masbate),29.54469434916973,33.12326422892511,0.023194067180156708,0.0317392498254776,8.545183062553406,1.8832139,0.0,3.534088404162663,3.270307254631691,,4.81504832666648,0.35208613500646857
2018-08-24,Milagros (Masbate),29.573992118239403,33.13394570723176,0.03479110077023506,0.017090365290641785,8.545183062553406,1.8832139,0.0,3.721865360457509,3.1321839510784653,,4.864448382372559,0.3522921000392573
2018-08-25,Milagros (Masbate),29.50367747247219,33.129367930814624,0.020142216235399246,0.02136295661330223,8.545183062553406,1.8832086,21.183154769649853,2.0066407663894252,3.5587701035037442,,4.085517325251233,0.352498065072046
2018-08-26,Milagros (Masbate),29.468520149588585,33.115634601563215,-0.007324442267417908,0.035401470959186554,8.545183062553406,0.47493288,8.189318479920981,-0.07360442908637954,3.4651461170218396,,3.465927758089119,0.35270403010483475
2018-08-27,Milagros (Masbate),29.505142360925674,33.10647904872894,-0.029908139258623123,0.04821924492716789,8.545183062553406,0.43161133,6.264106540602555,-0.24949086454338512,2.4411639916969263,,2.4538800553100137,0.35290999513762344
2018-08-28,Milagros (Masbate),29.65529342740774,33.103427197784185,-0.0317392498254776,0.054322946816682816,8.69777561724186,0.42516878,13.83805439003099,0.555132856735111,0.32486091373388437,,0.643200670008124,0.35311596017041214
2018-08-29,Milagros (Masbate),29.955595560371876,33.10190127231181,-0.0634784996509552,0.03784295171499252,8.69777561724186,0.5629383,0.0,0.4566893540526254,-0.722388349786998,,0.8546403302050438,0.3533219252032009
2018-08-30,Milagros (Masbate),30.165074609220028,33.091219794005156,-0.043946653604507446,-0.03234962001442909,8.69777561724186,0.84836495,8.838073878452697,0.023356450228555748,-1.6759785131286022,,1.676141253067903,0.35352789023598963
2018-08-31,Milagros (Masbate),29.976103998720646,33.103427197784185,-0.04516739398241043,-0.039674062281847,8.69777561724186,0.8538895,25.05642616241022,0.3599692282378467,-1.858904440555767,,1.8934369713291488,0.3537338552687783
2018-09-01,Milagros (Masbate),30.15335550159216,33.07443461380899,-0.020142216235399246,-0.03662221133708954,8.69777561724186,0.8713346,17.387296158208326,1.2840893615786046,-0.19270561984781392,,1.298468692129417,0.353939820301567
2018-09-02,Milagros (Masbate),30.086703076958656,33.07748646475375,0.06714072078466415,-0.022583696991205215,8.69777561724186,0.8589363,4.301713868038649,4.130712587674385,1.7309990168553202,,4.478743582560369,0.35414578533435576
2018-09-03,Milagros (Masbate),29.90432446449995,33.07596053928137,0.06469924002885818,-0.006714072078466415,8.545183062553406,1.2364496,7.533688614866554,5.579779882817665,2.362817659516712,,6.059443112433744,0.35435175036714445
2018-09-04,Milagros (Masbate),29.680928975343704,33.06070128455758,0.07202368229627609,-0.010986663401126862,8.545183062553406,1.2194525,2.3199189284752153,6.4650783808802315,2.997084524651859,,7.125991448130752,0.3545577153999332
2018-09-05,Milagros (Masbate),29.569597452878952,33.03933832794428,0.06286812946200371,-0.014038514345884323,8.545183062553406,0.9195765,8.090097804582143,5.182957071333227,3.157216074301817,,6.0688596410786175,0.3547636804327219
2018-09-06,Milagros (Masbate),29.58864100277424,33.01797537133098,0.040894802659749985,0.015259254723787308,8.545183062553406,0.6883313,8.657859622344043,2.8239371507147086,4.365507338090863,,5.199257192148882,0.35496964546551063
2018-09-07,Milagros (Masbate),29.57692189514637,33.01492352038622,0.01342814415693283,0.029908139258623123,8.545183062553406,0.80925304,0.0,3.992524112185219,2.6896080785700427,,4.813963066195004,0.3551756104982993
2018-09-08,Milagros (Masbate),29.894802689552307,33.02560499869287,0.046388134360313416,-0.009765923023223877,8.69777561724186,2.0990634,0.0,2.3555078022993015,1.5867923160948856,,2.8401279656224396,0.35538157553108807
2018-09-09,Milagros (Masbate),30.10428173840046,33.02865684963763,0.027466658502817154,-0.059205908328294754,8.69777561724186,1.8632485,0.0,3.338378291449572,0.279958883774575,,3.350096505091468,0.35558754056387676
2018-09-10,Milagros (Masbate),30.293984793126583,32.995086489245296,0.028077028691768646,-0.04943998530507088,8.69777561724186,0.69243526,8.630568320562585,3.1690981477781013,0.5810486778166398,,3.221924989232843,0.3557935055966655
2018-09-11,Milagros (Masbate),30.257362581789494,32.9874568618834,0.056764427572488785,-0.0714133121073246,8.69777561724186,0.45730272,11.664698682015128,4.163696602331931,0.7327561763462925,,4.22768269980661,0.3559994706294542
2018-09-12,Milagros (Masbate),30.103549294173717,32.98593093641102,0.06958220154047012,-0.07324442267417908,8.69777561724186,0.46599007,16.69737008038689,4.847739114973378,-0.6879637527121003,,4.896311739655532,0.35620543566224294
2018-09-13,Milagros (Masbate),29.876491583883762,32.95083465054631,0.10071108117699623,-0.0634784996509552,8.545183062553406,0.45839804,55.50679810003625,7.253058388853304,-0.9739724529349846,,7.318160857154718,0.35641140069503163
2018-09-14,Milagros (Masbate),29.516861468553543,32.89284948259592,0.09033478796482086,-0.0024414807558059692,8.545183062553406,0.43134245,46.25566528970281,7.15606914919077,6.761849632308303,,9.845401775344055,0.3566173657278204
2018-09-15,Milagros (Masbate),29.235602885484695,32.85775319673121,-0.035401470959186554,0.04150517284870148,8.545183062553406,0.61185604,23.390546651689323,2.288247750184932,7.778625074134662,,8.108211011695667,0.35682333076060907
2018-09-16,Milagros (Masbate),29.236335329711437,32.862330973148346,-0.07568590342998505,0.05005035549402237,8.545183062553406,0.58232963,8.163645970652116,-0.7627306341785626,1.31399969923853,,1.5193265711865174,0.3570292957933978
2018-09-17,Milagros (Masbate),29.432630382478237,32.86843467503786,-0.10437330231070518,-0.012817773967981339,8.69777561724186,0.6018826,0.0,-1.4310195154571124,-2.789199850056499,,3.134876816905938,0.3572352608261865
2018-09-18,Milagros (Masbate),29.453138820827007,32.87759022787213,-0.08362071588635445,-0.01892147585749626,8.69777561724186,0.6871891,16.32729194130423,-2.4940617689949542,-2.486848981740503,,3.522039461100062,0.3574412258589752
2018-09-19,Milagros (Masbate),29.656758315861225,32.86080504767597,-0.10620441287755966,0.04455702379345894,8.69777561724186,0.466578,3.6363399497877507,-2.1668665494375183,-0.14140060052696363,,2.171475252656738,0.35764719089176394
2018-09-20,Milagros (Masbate),29.674336977303028,32.85470134578645,-0.08972441777586937,0.062257759273052216,8.69777561724186,0.48380485,16.12328094304454,0.05898864878738043,0.3588431314538374,,0.36365925490403367,0.3578531559245527
2018-09-21,Milagros (Masbate),29.942411564290524,32.851649494841695,-0.06042664870619774,-0.030518509447574615,8.69777561724186,1.2988243,21.944477063888954,-0.12482839892924641,-1.6086716374596024,,1.6135075352616726,0.3580591209573414
2018-09-22,Milagros (Masbate),29.955595560371876,32.862330973148346,-0.03906369209289551,-0.056764427572488785,8.69777561724186,1.5076131,23.807064942365727,0.09036178333556268,-1.608378554070965,,1.6109149031165462,0.35826508599013007
2018-09-23,Milagros (Masbate),29.968779556453228,32.87911615334451,0.019531846046447754,-0.0634784996509552,8.545183062553406,0.5196168,0.0,2.0717692671211716,-2.1574995895194697,,2.9911590353848583,0.3584710510229188
2018-09-24,Milagros (Masbate),30.036164425313473,32.89284948259592,0.08117923513054848,-0.054322946816682816,8.545183062553406,0.4506608,0.0,5.560909078583204,0.23243528007956613,,5.5657646320783964,0.3586770160557075
2018-09-25,Milagros (Masbate),29.92043823748827,32.90658281184733,0.09582811966538429,-0.0238044373691082,8.545183062553406,0.46150932,0.0,6.66508871636507,3.210653842719796,,7.3980879756048035,0.35888298108849626
2018-09-26,Milagros (Masbate),29.858180478215218,32.91421243920922,0.08423108607530594,-0.012817773967981339,8.545183062553406,0.46098477,0.0,6.874919463344808,3.126871053251232,,7.55260486263764,0.35908894612128495
2018-09-27,Milagros (Masbate),29.83840448409319,32.91421243920922,0.07019257172942162,-0.007324442267417908,8.545183062553406,0.55664986,0.0,5.940958334286493,2.9692653224911916,,6.641650584386148,0.3592949111540737
2018-09-28,Milagros (Masbate),29.877956472337246,32.91879021562636,0.048829615116119385,0.0030518509447574615,8.545183062553406,1.2225052,0.0,4.011856402348661,3.1616951591538065,,5.107965159677829,0.3595008761868624
2018-09-29,Milagros (Masbate),30.054475530982018,32.937101321294904,0.035401470959186554,0.016479995101690292,8.69777561724186,1.2988818,0.0,2.8679834336938828,2.602974498058266,,3.8730872974262063,0.35970684121965113
2018-09-30,Milagros (Masbate),30.258827470242977,32.949308725073934,0.024414807558059692,-0.01831110566854477,8.69777561724186,0.85446984,1.0173852003612092,3.002711808537509,1.0866098609353239,,3.1932740557322172,0.3599128062524398
2018-10-01,Milagros (Masbate),30.32474745064974,32.93099761940539,-0.009155552834272385,-0.059816278517246246,8.69777561724186,0.8231377,4.577645434327349,3.400564296748677,-0.5008286372708655,,3.4372469885407444,0.36011877128522857
2018-10-02,Milagros (Masbate),30.254432804882526,32.94167909771204,0.005493331700563431,-0.06714072078466415,8.69777561724186,0.57660633,13.102188760320265,2.5822166899496137,-2.35441211040446,,3.4944383553689318,0.36032473631801726
2018-10-03,Milagros (Masbate),30.26468702405691,32.95388650149107,0.03234962001442909,-0.04455702379345894,8.69777561724186,0.7852178,0.0,1.3147599845127342,-1.1968298879749308,,1.7779188951203626,0.360530701350806
2018-10-04,Milagros (Masbate),30.376018546521664,32.95541242696345,0.02075258642435074,-0.0006103701889514923,8.69777561724186,1.7889189,0.0,1.0248619407972508,1.966458943543301,,2.217499216310153,0.3607366663835947
2018-10-05,Milagros (Masbate),30.479293182492256,32.95083465054631,-0.02624591812491417,0.046388134360313416,8.69777561724186,0.8679131,0.6043933787162116,0.39847250752874913,0.6251481967354217,,0.7413437847165096,0.36094263141638344
2018-10-06,Milagros (Masbate),30.514450505375862,32.95236057601869,-0.07629627361893654,-0.0030518509447574615,8.69777561724186,0.85008156,6.773935542387121,-1.489911922299593,-1.0582775598177956,,1.827508941106548,0.36114859644917213
2018-10-07,Milagros (Masbate),30.406048759818077,32.97372353263199,-0.0714133121073246,-0.005493331700563431,8.69777561724186,0.8403923,4.7255256142142334,-3.114857656257466,-1.730583675421791,,3.5633212143142736,0.3613545614819609
2018-10-08,Milagros (Masbate),30.467574074864388,32.99050871282816,-0.06653035059571266,-0.020142216235399246,8.69777561724186,0.56265837,0.0,-2.884023427064533,-1.764830894016818,,3.3811564903643925,0.36156052651474957
2018-10-09,Milagros (Masbate),30.548142939805984,33.007293893024325,-0.06591998040676117,-0.014648884534835815,8.69777561724186,1.3336424,0.0,-2.396276720652847,-1.4416390664027794,,2.79650948858062,0.36176649154753826
2018-10-10,Milagros (Masbate),30.60307625681162,33.02407907322049,-0.06530961021780968,-0.023194067180156708,8.69777561724186,0.6265586,4.745025819020145,-2.9355269809972055,-1.7357933774564132,,3.4103221703211726,0.361972456580327
2018-10-11,Milagros (Masbate),30.52616961300373,33.042390178889036,-0.06408886983990669,-0.017700735479593277,8.545183062553406,2.0791397,0.0,-3.9993396551849862,-2.069917555872922,,4.5032517546375415,0.36217842161311575
2018-10-12,Milagros (Masbate),30.46830651909113,33.05307165719569,-0.06469924002885818,-0.015259254723787308,8.545183062553406,1.56901,0.0,-4.049171187747615,-2.7258629620244883,0.36238438664590444,4.88120028224845,0.36238438664590444
2018-10-13,Milagros (Masbate),30.367961660027504,33.05001980625093,-0.062257759273052216,-0.019531846046447754,8.545183062553406,0.8152308,0.0,-3.9375639436464884,-2.230579628450282,,4.525471830556708,0.3573186408717275
2018-10-14,Milagros (Masbate),30.23612169921398,33.03628647699952,-0.054322946816682816,-0.023194067180156708,8.545183062553406,0.65545684,0.0,-3.045945310530291,-1.5512744354205787,,3.4182210590789626,0.35225289509755053
2018-10-15,Milagros (Masbate),30.233191922307014,33.033234626054764,-0.04821924492716789,-0.048829615116119385,8.69777561724186,0.59754425,0.0,-2.310061777066301,-1.4947186418382636,,2.7514667419617376,0.3471871493233736
2018-10-16,Milagros (Masbate),30.282265685498714,33.04849388077855,-0.048829615116119385,-0.04943998530507088,8.69777561724186,0.9807035,10.236016061678377,-1.232239257850063,-0.742686136015214,,1.4387481660165837,0.3421214035491966
2018-10-17,Milagros (Masbate),30.393597207963467,33.06222721002996,-0.05798516795039177,-0.06164738908410072,8.69777561724186,1.202561,0.0,-1.4711261973471648,-0.8494025173623045,,1.6987339182528114,0.33705565777501967
2018-10-18,Milagros (Masbate),30.37089143693447,33.091219794005156,-0.079348124563694,-0.029908139258623123,8.69777561724186,0.7499842,0.0,-3.256475705973542,-1.5585385344653728,,3.6102183295486925,0.3319899120008427
2018-10-19,Milagros (Masbate),30.281533241271973,33.115634601563215,-0.0555436871945858,-0.03784295171499252,8.69777561724186,0.6394386,0.0,-2.85730060480844,-2.7278640267848786,,3.9503681973792886,0.32692416622666576
2018-10-20,Milagros (Masbate),30.211951039731503,33.13241978175938,-0.043336283415555954,-0.051881466060876846,8.69777561724186,0.60783017,5.754636906707021,-2.7492451731429965,-3.1766671071062453,,4.201138289966283,0.3218584204524888
2018-10-21,Milagros (Masbate),30.07132174819708,33.14920496195555,-0.05005035549402237,-0.03723258152604103,8.545183062553406,0.5463055,21.05658696389343,-3.1849754821869927,-3.2374413934375004,,4.54148605613568,0.31679267467831185
2018-10-22,Milagros (Masbate),29.962187558412552,33.175145694985986,-0.0555436871945858,-0.02868739888072014,8.545183062553406,0.9431437,0.0,-3.8656105540222243,-2.985065806488852,,4.884010936150425,0.3117269289041349
2018-10-23,Milagros (Masbate),29.927762679755688,33.20871605537832,-0.04455702379345894,-0.04028443247079849,8.545183062553406,0.95269763,0.0,-2.744454932548475,-2.930876233649443,,4.01522955430456,0.30666118312995794
2018-10-24,Milagros (Masbate),29.882351137697697,33.24533826671541,-0.03234962001442909,-0.036011841148138046,8.545183062553406,1.2390317,0.0,-2.129908475795887,-3.175143152266725,,3.823355091101719,0.301595437355781
2018-10-25,Milagros (Masbate),29.820093378424644,33.283486403524876,-0.019531846046447754,-0.038453321903944016,8.545183062553406,0.8400034,0.0,-2.3927978785902426,-3.6962068420949827,,4.4031155682466165,0.296529691581604
2018-10-26,Milagros (Masbate),29.7614978402853,33.32621231675148,-0.01037629321217537,-0.04150517284870148,8.545183062553406,0.7528552,0.0,-1.013798676634653,-3.5581400433231547,,3.6997497651389715,0.29146394580742707
2018-10-27,Milagros (Masbate),29.640644542872906,33.37046415545046,0.036011841148138046,-0.04943998530507088,8.545183062553406,0.51461166,0.0,0.1893962955775651,-4.482229668320634,,4.486229347275081,0.2863982000332501
2018-10-28,Milagros (Masbate),29.45899837464094,33.41319006867707,0.0714133121073246,-0.05249183624982834,8.545183062553406,0.5147068,2.896723457088819,1.8089632647194693,-5.508800810039461,,5.7982095907095275,0.28133245425907316
2018-10-29,Milagros (Masbate),29.219489112496376,33.43150117434561,0.09216589853167534,-0.0238044373691082,8.545183062553406,0.83994764,3.6439823446602655,4.413600853107757,3.2818216411450596,,5.5000205249473,0.2762667084848962
2018-10-30,Milagros (Masbate),29.215094447135925,33.43455302529037,-0.01892147585749626,0.032959990203380585,8.545183062553406,1.2909554,0.0,0.5112582812062392,5.757479233910133,,5.7801342682509,0.27120096271071925
2018-10-31,Milagros (Masbate),29.322031304240227,33.451338205486536,-0.07385479286313057,0.048829615116119385,8.545183062553406,2.6431613,0.0,-1.9007840474960174,1.8209931497455,,2.632298624137349,0.2661352169365423
2018-11-01,Milagros (Masbate),29.52784813195467,33.46964931115508,-0.09826960042119026,0.025635547935962677,8.545183062553406,0.8274168,0.0,-3.916418766368306,-0.9728118424892828,0.26106947116236534,4.035430439798119,0.26106947116236534
2018-11-02,Milagros (Masbate),29.56007567793131,33.489486342296004,-0.08545182645320892,0.006103701889514923,8.545183062553406,1.3660917,0.0,-4.439913635795342,-2.1346018608005815,,4.926394035951115,0.2614143605545343
2018-11-03,Milagros (Masbate),29.561540566384792,33.500167820602655,-0.06653035059571266,-0.01037629321217537,8.545183062553406,0.81048995,0.0,-4.025646915196622,-2.6699568547967014,,4.83057995403326,0.26175924994670335
2018-11-04,Milagros (Masbate),29.52418591082096,33.50474559701979,-0.06164738908410072,-0.012817773967981339,8.545183062553406,0.8829387,6.495061530060991,-5.251747827537611,-3.501556427591223,,6.312032371562381,0.26210413933887233
2018-11-05,Milagros (Masbate),29.41285438835621,33.52153077721596,-0.08178960531949997,0.005493331700563431,8.545183062553406,0.88056177,22.431040881855253,-5.90831585210675,-2.426481303586181,,6.3871752539686275,0.26244902873104137
2018-11-06,Milagros (Masbate),29.28247931599617,33.55052336119115,-0.09643848985433578,0.014038514345884323,8.545183062553406,1.8104411,0.0,-5.557894236088276,-2.579188617965572,,6.127185509398784,0.26279391812321035
2018-11-07,Milagros (Masbate),29.209967337548733,33.58867149800062,-0.07690664380788803,-0.0006103701889514923,8.545183062553406,1.79471,0.0,-5.689807060911378,-4.088069421730186,,7.006155578295585,0.2631388075153794
2018-11-08,Milagros (Masbate),29.11548203229904,33.62376778386533,-0.06591998040676117,-0.005493331700563431,8.545183062553406,0.6120421,0.0,-5.528297409056441,-4.109834361566068,,6.8886000553442885,0.26348369690754836
2018-11-09,Milagros (Masbate),29.010010063648224,33.66038999520242,-0.07019257172942162,-0.003662221133708954,8.545183062553406,1.3170187,53.46537992775318,-5.660226765995127,-3.697636972253933,,6.760967846474858,0.2638285862997174
2018-11-10,Milagros (Masbate),28.87304299324751,33.69090850465,-0.06775109097361565,-0.005493331700563431,8.545183062553406,1.3508986,0.0,-5.6218761524903575,-4.45529085412852,,7.173221596243979,0.2641734756918864
2018-11-11,Milagros (Masbate),28.760246582329273,33.71074553579092,-0.059205908328294754,-0.009155552834272385,8.545183062553406,0.78272235,0.0,-5.233198585102342,-4.143654857601456,,6.6750462927264635,0.2645183650840554
2018-11-12,Milagros (Masbate),28.727286592125893,33.72600479051471,-0.06897183135151863,-0.0030518509447574615,8.545183062553406,1.0779725,0.0,-3.703178520211441,-2.571798316514788,,4.5086225982425825,0.2648632544762244
2018-11-13,Milagros (Masbate),28.7624439150095,33.73210849240422,-0.08056886494159698,0.0,8.545183062553406,0.820094,0.0,-4.922698720839127,-2.4136697129842295,,5.482587361778063,0.2652081438683934
2018-11-14,Milagros (Masbate),28.741203032433987,33.74889367260039,-0.09155552834272385,0.014038514345884323,8.545183062553406,0.9518771,0.0,-5.375248394284637,-1.8819095962954924,,5.695162774573579,0.2655530332605624
2018-11-15,Milagros (Masbate),28.71849726140499,33.77178255468607,-0.08972441777586937,0.012207403779029846,8.545183062553406,0.7102571,0.0,-4.871924249261459,-2.05341501572158,,5.286980151025034,0.26589792265273143
2018-11-16,Milagros (Masbate),28.758049249649048,33.802301064133644,-0.08667256683111191,0.01037629321217537,8.545183062553406,0.56764615,0.0,-4.125474847860635,-2.329232823400279,,4.7376015309369315,0.2662428120449004
2018-11-17,Milagros (Masbate),28.788811907172203,33.835871424525976,-0.07385479286313057,-0.007324442267417908,8.545183062553406,0.6376253,0.0,-3.7624044923821236,-3.338365205866308,,5.029947297142981,0.26658770143706945
2018-11-18,Milagros (Masbate),28.760246582329273,33.874019561335444,-0.06164738908410072,-0.009765923023223877,8.545183062553406,0.53040683,0.0,-4.034202431887789,-3.59213482394513,,5.401686945283729,0.2669325908292384
2018-11-19,Milagros (Masbate),28.65697194635868,33.90301214531064,-0.03784295171499252,-0.01892147585749626,8.545183062553406,0.51741755,40.15814785444712,-2.6088697066792377,-5.2072881574089305,,5.824263996482294,0.26727748022140746
2018-11-20,Milagros (Masbate),28.490707106888294,33.90758992172778,-0.05737479776144028,-0.006714072078466415,8.545183062553406,0.7291226,48.18977761413698,-5.225589514200536,-6.458135332948603,,8.307484441730947,0.26762236961357644
2018-11-21,Milagros (Masbate),28.41966001689434,33.88927881605923,-0.09155552834272385,0.025635547935962677,8.545183062553406,0.90217626,0.0,-6.253088811937044,0.6933489049780469,,6.291411001834683,0.2679672590057455
2018-11-22,Milagros (Masbate),28.441633343696594,33.872493635863066,-0.10010071098804474,0.039674062281847,8.545183062553406,1.0792817,0.0,-3.88289285823101,-0.4927309644580831,,3.9140312660781307,0.26831214839791445
2018-11-23,Milagros (Masbate),28.494369328022003,33.88164918869734,-0.08423108607530594,0.006103701889514923,8.545183062553406,1.6125622,0.0,-2.279244109716532,-2.000452577118617,,3.0326167289946193,0.2686570377900835
2018-11-24,Milagros (Masbate),28.520737320184708,33.89385659247637,-0.06103701889514923,-0.02136295661330223,8.545183062553406,0.63368464,0.0,-2.148441819596615,-2.7156154799804346,,3.4627113202375073,0.26900192718225246
2018-11-25,Milagros (Masbate),28.429181791841984,33.91369362361729,-0.056764427572488785,-0.008545182645320892,8.545183062553406,0.70678204,0.0,-4.092042579771198,-3.6370672246145923,,5.474766704712286,0.2693468165744215
2018-11-26,Milagros (Masbate),28.396954245865345,33.93658250570297,-0.051881466060876846,-0.015259254723787308,8.545183062553406,1.9809592,0.0,-2.2701640557175335,-3.1951229980756928,,3.919496882599103,0.2696917059665905
2018-11-27,Milagros (Masbate),28.36692403256893,33.95336768589914,-0.07019257172942162,-0.0012207403779029846,8.545183062553406,1.9124753,0.0,-3.312548954107732,-3.1516728959860125,,4.572310424353653,0.2700365953587595
2018-11-28,Milagros (Masbate),28.358867146074772,33.96710101515055,-0.08239997550845146,0.001831110566854477,8.545183062553406,2.1430726,0.0,-3.7555501500462842,-2.4854970193567696,,4.503537760776971,0.2703814847509285
2018-11-29,Milagros (Masbate),28.28855250030756,33.98388619534671,-0.08056886494159698,0.003662221133708954,8.545183062553406,1.7892015,0.0,-4.2068611888465846,-3.5328273102635372,,5.493500693216266,0.2707263741430975
2018-11-30,Milagros (Masbate),28.188207641243935,34.00067137554288,-0.08484145626425743,0.005493331700563431,8.545183062553406,0.94622546,0.0,-5.884585069265628,-4.083930133388486,,7.162878385943912,0.2710712635352665
2018-12-01,Milagros (Masbate),28.089327670633793,34.01135285384953,-0.09033478796482086,0.009155552834272385,8.545183062553406,0.6279107,1.9233795699434881,-5.829971357055496,-3.741199444372733,,6.927130669091088,0.27141615292743554
2018-12-02,Milagros (Masbate),28.05929745733738,34.03271581046283,-0.10376293212175369,0.01892147585749626,8.545183062553406,1.9134697,0.0,-4.960712666602877,-3.733935311020535,,6.208940575289818,0.2717610423196045
2018-12-03,Milagros (Masbate),28.092989891767502,34.049500990659,-0.09949034079909325,0.017700735479593277,8.545183062553406,1.3800356,1.9305463823778877,-4.221398081171648,-2.8439549964724606,,5.090017856715273,0.27210593171177355
2018-12-04,Milagros (Masbate),28.184545420110226,34.05560469254851,-0.11291848495602608,0.0238044373691082,8.545183062553406,1.0454099,4.072859465713192,-4.707606800923633,-1.6412478770574377,,4.985504627021019,0.27245082110394253
2018-12-05,Milagros (Masbate),28.19919430464506,34.06323431991041,-0.10193182155489922,0.01892147585749626,8.545183062553406,0.96337575,0.0,-5.151690738917735,-2.898996314999507,,5.911353237950807,0.2727957104961115
2018-12-06,Milagros (Masbate),28.220435187220573,34.076967649161816,-0.09643848985433578,0.015259254723787308,8.545183062553406,1.4840679,0.0,-5.565723624612031,-3.2290261753779825,,6.434585418412024,0.27314059988828054
2018-12-07,Milagros (Masbate),28.184545420110226,34.09833060577512,-0.08545182645320892,0.008545182645320892,8.545183062553406,1.4479057,0.0,-5.772051520994676,-3.5905897417970136,,6.797713840322708,0.2734854892804495
2018-12-08,Milagros (Masbate),28.168431647121906,34.11664171144366,-0.08239997550845146,0.008545182645320892,8.545183062553406,1.5702068,0.0,-5.145362037137358,-3.8055824467159884,,6.399781890968406,0.27383037867261856
2018-12-09,Milagros (Masbate),28.172093868255615,34.13342689163983,-0.07568590342998505,0.0048829615116119385,8.545183062553406,1.308225,0.0,-4.763967410547291,-3.513319594161824,,5.919358078328939,0.27417526806478754
2018-12-10,Milagros (Masbate),28.151585429906845,34.150212071835995,-0.07324442267417908,0.003662221133708954,8.545183062553406,1.5731016,0.0,-4.643245058010539,-3.1603728048855886,,5.616732229205848,0.27452015745695657
2018-12-11,Milagros (Masbate),28.139133878052235,34.17004910297692,-0.0714133121073246,0.0030518509447574615,8.545183062553406,1.009643,0.0,-4.249234593568448,-3.2767743091875245,,5.365933702957035,0.27486504684912555
2018-12-12,Milagros (Masbate),28.093722335994244,34.186834283173084,-0.059816278517246246,-0.0048829615116119385,8.545183062553406,0.6656602,0.0,-5.00179430370799,-4.352106686289177,,6.630141692712807,0.2752099362412946
2018-12-13,Milagros (Masbate),28.025605022907257,34.197515761479735,-0.07629627361893654,0.003662221133708954,8.545183062553406,0.64252377,0.0,-5.8791747035609,-4.197872915234196,,7.224045418423617,0.27555482563346356
2018-12-14,Milagros (Masbate),27.964079707860947,34.20514538884163,-0.07507553324103355,0.003662221133708954,8.545183062553406,1.1321663,16.996042611391015,-6.259959233642604,-4.907304339834759,,7.954164034681983,0.2758997150256326
2018-12-15,Milagros (Masbate),27.91207616776228,34.21887871809304,-0.08789330720901489,0.01037629321217537,8.545183062553406,0.67981905,16.996042611391015,-7.134514782335017,-4.913740940429272,,8.662918169358846,0.2762446044178016
2018-12-16,Milagros (Masbate),27.85055085271597,34.22650834545493,-0.07324442267417908,0.0030518509447574615,8.545183062553406,0.8273686,0.28264534932846475,-6.278773175266048,-4.216122428466105,,7.562980954508309,0.2765894938099706
2018-12-17,Milagros (Masbate),27.862269960343838,34.23108612187207,-0.05371257662773132,-0.008545182645320892,8.545183062553406,0.5904221,0.0,-4.077177502410357,-4.830780196101843,,6.321377515163204,0.2769343832021396
2018-12-18,Milagros (Masbate),27.804406866431236,34.24787130206823,-0.0555436871945858,-0.005493331700563431,8.545183062553406,0.5747363,0.0,-4.999059649685436,-4.695039342115342,,6.858133259504654,0.2772792725943086
2018-12-19,Milagros (Masbate),27.710654005408287,34.269234258681536,-0.062257759273052216,-0.001831110566854477,8.545183062553406,0.630629,20.73112252372757,-4.4109880286130965,-5.504410346807613,,7.053747135715226,0.2776241619864776
2018-12-20,Milagros (Masbate),27.575884267687798,34.26770833320916,-0.05493331700563431,-0.005493331700563431,8.545183062553406,0.7199687,103.65561479487235,-2.1944934841449175,-4.471828076213825,,4.9812697171673745,0.27796905137864664
2018-12-21,Milagros (Masbate),27.49897762387991,34.24939722754061,-0.06103701889514923,0.0012207403779029846,8.545183062553406,1.1298145,34.91824977248,-3.906970536271392,-2.5783133364171285,,4.681038178870067,0.2783139407708156
2018-12-22,Milagros (Masbate),27.488723404705524,34.21582686714828,-0.07568590342998505,0.003662221133708954,8.545183062553406,1.4620157,47.70422309117192,-3.2104291081731153,-3.4330983430534627,,4.700321190267922,0.27865883016298465
2018-12-23,Milagros (Masbate),27.493850514292717,34.1929379850626,-0.08545182645320892,0.012817773967981339,8.545183062553406,2.049575,30.980975241980254,-3.8414199770446085,-2.23512930075511,,4.444357144867121,0.27900371955515363
2018-12-24,Milagros (Masbate),27.52754294872284,34.173100953921676,-0.08972441777586937,0.022583696991205215,8.69777561724186,2.049575,10.534892395592125,-2.8280304076992757,-1.4294666302498513,,3.168774342528921,0.27934860894732266
2018-12-25,Milagros (Masbate),27.61763358861208,34.17004910297692,-0.08545182645320892,0.0158696249127388,8.69777561724186,1.6730293,4.127614794106319,-3.22952516260161,-1.833849805182187,,3.7138710106630928,0.27969349833949164
2018-12-26,Milagros (Masbate),27.767784655094147,34.185308357700706,-0.059816278517246246,-0.005493331700563431,8.69777561724186,1.3952255,0.0,-0.751709427207385,-2.8079773193781663,,2.90685460405137,0.2800383877316607
2018-12-27,Milagros (Masbate),27.598590038716793,34.18988613411784,-0.0006103701889514923,-0.019531846046447754,8.545183062553406,1.105603,70.00381253070327,0.6796867964735251,-5.391255775968225,,5.433931632180441,0.28038327712382966
2018-12-28,Milagros (Masbate),27.244819477200508,33.849604753777385,-0.0238044373691082,-0.040894802659749985,8.69777561724186,1.1732616,112.00609830039994,-3.3401477006006473,-4.96020005303939,,5.979980871875743,0.2807281665159987
2018-12-29,Milagros (Masbate),27.244087032973766,33.68480480276048,-0.12390514835715294,0.007324442267417908,8.69777561724186,1.6090325,42.002288083275715,-6.508601952318101,0.5443445829732921,,6.531325317171957,0.28107305590816767
2018-12-30,Milagros (Masbate),27.469679854810238,33.896908443421125,-0.10559404268860817,0.02075258642435074,8.545183062553406,1.6155139,0.0,-6.088511125501628,-2.0203996149610854,,6.414981085669077,0.2814179453003367
2018-12-31,Milagros (Masbate),27.533402502536774,33.922849176451564,-0.09338663890957832,0.015259254723787308,8.545183062553406,1.5260122,0.0,-5.255377103726821,-1.496356710671223,,5.464254012026428,0.2817628346925057
2019-01-01,Milagros (Masbate),27.594195373356342,33.95489361137152,-0.09216589853167534,0.01342814415693283,8.545183062553406,2.6454182,0.0,-6.019270956043979,-2.76208419040108,,6.622743533999953,0.2821077240846747
2019-01-02,Milagros (Masbate),27.557573162019253,33.99151582270861,-0.08301034569740295,0.01037629321217537,8.545183062553406,1.7493414,0.0,-6.054553684293972,-3.2578072278295465,,6.8753856800688755,0.2824526134768437
2019-01-03,Milagros (Masbate),27.599322482943535,34.02508618310094,-0.08239997550845146,0.006103701889514923,8.545183062553406,1.5635836,0.0,-5.948673317850402,-3.2748971089682897,,6.7905570696986395,0.28279750286901273
2019-01-04,Milagros (Masbate),27.472609631717205,34.05713061802089,-0.07324442267417908,0.003662221133708954,8.545183062553406,1.6772459,14.542186477846839,-6.263603913984864,-4.035737834881704,,7.451168623993297,0.2831423922611817
2019-01-05,Milagros (Masbate),27.428662978112698,34.0922269038856,-0.0714133121073246,0.004272591322660446,8.545183062553406,1.6436995,0.0,-5.835185238439969,-3.5634062010578513,,6.837196100789071,0.28348728165335074
2019-01-06,Milagros (Masbate),27.33564256131649,34.125797264277935,-0.06714072078466415,0.001831110566854477,8.545183062553406,1.3077772,0.0,-5.637356358717493,-3.7033592220801324,,6.744972664358137,0.2838321710455197
2019-01-07,Milagros (Masbate),27.15985594689846,34.162419475615025,-0.07019257172942162,0.0048829615116119385,8.545183062553406,0.92637634,0.0,-5.655436800978663,-3.209500408161603,,6.502680853298374,0.28417706043768876
2019-01-08,Milagros (Masbate),27.093203522264957,34.19446391053498,-0.07507553324103355,0.007324442267417908,8.545183062553406,2.1864266,0.0,-5.732277253983854,-3.263999536840978,,6.596415351767868,0.28452194982985773
2019-01-09,Milagros (Masbate),27.041932426393032,34.220404643565416,-0.07324442267417908,0.0030518509447574615,8.545183062553406,1.2811124,0.0,-6.10597601684481,-4.127536713723925,,7.370176554291146,0.2848668392220267
2019-01-10,Milagros (Masbate),26.958433784544468,34.246345376595855,-0.07568590342998505,0.006714072078466415,8.545183062553406,0.98892933,0.0,-6.192138282892677,-3.720226499427051,0.28521172861419575,7.223756759574918,0.28521172861419575
2019-01-11,Milagros (Masbate),26.924008905887604,34.26770833320916,-0.07629627361893654,0.0079348124563694,8.545183062553406,1.7467984,0.0,-5.1878750557000375,-3.3361617567466033,,6.167983694914672,0.2962378878091425
2019-01-12,Milagros (Masbate),26.90130313485861,34.282967587932944,-0.06714072078466415,0.001831110566854477,8.545183062553406,1.6814859,0.0,-4.709131732098148,-3.965015377922419,,6.156075748186906,0.3072640470040893
2019-01-13,Milagros (Masbate),26.911557354032993,34.295174991711974,-0.07568590342998505,0.0048829615116119385,8.545183062553406,1.9467261,0.0,-5.475745483291765,-3.8864574596527692,,6.7147851926536575,0.3182902061990361
2019-01-14,Milagros (Masbate),26.829523600637913,34.31348609738052,-0.07812738418579102,0.0079348124563694,8.545183062553406,2.0370011,0.0,-6.348957085537905,-3.8409102350228097,,7.420367073636246,0.3293163653939829
2019-01-15,Milagros (Masbate),26.747489847242832,34.33484905399382,-0.08911404758691788,0.014648884534835815,8.545183062553406,2.228569,0.0,-6.241748556704493,-3.3436047407065606,0.34034252458892966,7.080898086203331,0.34034252458892966
2019-01-16,Milagros (Masbate),26.617114774882793,34.35621201060712,-0.06653035059571266,0.0030518509447574615,8.545183062553406,1.26678,0.0,-4.987439647483153,-4.356436064669018,,6.622166520319143,0.3384629284714227
2019-01-17,Milagros (Masbate),26.58268989622593,34.37299719080329,-0.051271095871925354,-0.0048829615116119385,8.545183062553406,1.0641488,0.0,-4.161458345365227,-4.467274998397,,6.105266699458166,0.33658333235391574
2019-01-18,Milagros (Masbate),26.48820459097624,34.39436014741659,-0.05493331700563431,-0.0024414807558059692,8.545183062553406,0.95450115,0.0,-5.695299443047508,-4.970977711653708,,7.5595671275368135,0.33470373623640876
2019-01-19,Milagros (Masbate),26.43913082778454,34.41114532761276,-0.056764427572488785,-0.0012207403779029846,8.545183062553406,0.8509074,0.0,-4.681118590766278,-4.239203627581448,,6.315355782291079,0.3328241401189018
2019-01-20,Milagros (Masbate),26.322672195732594,34.36078978702426,-0.016479995101690292,-0.01892147585749626,8.545183062553406,0.8609487,10.215598502942564,-2.260705375774098,-5.50580900131221,,5.9518670646263985,0.33094454400139484
2019-01-21,Milagros (Masbate),26.21866511553526,34.21735279262066,0.004272591322660446,-0.028077028691768646,8.545183062553406,0.7853297,0.0,-0.19197297611643016,-6.384215797091533,,6.387101452724239,0.3290649478838879
2019-01-22,Milagros (Masbate),26.310953088104725,34.26007870584726,0.015259254723787308,-0.027466658502817154,8.545183062553406,0.57747966,0.0,0.2561432193981628,-6.355433792992366,,6.3605933721589984,0.3271853517663809
2019-01-23,Milagros (Masbate),26.391521953046322,34.26770833320916,-0.020142216235399246,-0.02075258642435074,8.545183062553406,0.52205926,0.0,-2.785668253018238,-5.543740396582536,,6.2042731403908045,0.325305755648874
2019-01-24,Milagros (Masbate),26.483809925615788,34.26618240773678,-0.07629627361893654,-0.0012207403779029846,8.545183062553406,0.741491,69.22536963720108,-5.82483915880429,-5.053809378493594,,7.711662626184426,0.323426159531367
2019-01-25,Milagros (Masbate),26.360026851296425,34.282967587932944,-0.059816278517246246,-0.0006103701889514923,8.545183062553406,0.80448437,0.0,-5.097463647331932,-5.4736791272852665,,7.479659004550205,0.32154656341386006
2019-01-26,Milagros (Masbate),26.181310459971428,34.31196017190814,-0.04272591322660446,-0.0079348124563694,8.545183062553406,1.0589708,3.2860718257045165,-5.800097483196151,-6.10240644681948,,8.4190554848369,0.3196669672963531
2019-01-27,Milagros (Masbate),25.861964777112007,34.35010830871761,-0.04455702379345894,-0.006103701889514923,8.545183062553406,1.2407428,0.0,-5.5411932179538805,-4.922600703621306,,7.411937666089149,0.31778737117884615
2019-01-28,Milagros (Masbate),25.664204835891724,34.377574967220426,-0.05493331700563431,-0.003662221133708954,8.545183062553406,1.4817493,0.0,-4.775711866440852,-4.942271548231269,,6.872661194015042,0.31590777506133916
2019-01-29,Milagros (Masbate),25.579973749816418,34.40046384930611,-0.05615405738353729,-0.001831110566854477,8.545183062553406,1.3538015,0.0,-4.91864957166769,-4.1888667107985675,,6.460628292178955,0.3140281789438322
2019-01-30,Milagros (Masbate),25.631244845688343,34.415723104029894,-0.06286812946200371,0.0012207403779029846,8.545183062553406,1.1573869,12.969895840658378,-4.4873108803579385,-3.54649024906044,,5.719576210145251,0.31214858282632524
2019-01-31,Milagros (Masbate),25.759422585368156,34.4294564332813,-0.07995849475264549,0.008545182645320892,8.545183062553406,0.9825811,3.2860718257045165,-4.700731500725315,-3.338553907412898,,5.76565857770066,0.3102689867088183
2019-02-01,Milagros (Masbate),25.72792748361826,34.44624161347747,-0.06591998040676117,0.0030518509447574615,8.545183062553406,1.4266807,2.161235383751426,-4.958360164309842,-3.8695582838753246,,6.289580020265492,0.3083893905913113
2019-02-02,Milagros (Masbate),25.689107939600945,34.461500868201256,-0.08972441777586937,0.016479995101690292,8.545183062553406,1.4150031,3.1347618122371648,-6.30771786789315,-2.513145232560112,,6.789933995325589,0.3065097944738044
2019-02-03,Milagros (Masbate),25.75209814310074,34.4798119738698,-0.07690664380788803,0.009765923023223877,8.545183062553406,1.0143863,0.0,-4.1910316789596855,-2.9506684585996514,,5.125542984564512,0.3046301983562974
2019-02-04,Milagros (Masbate),25.84292122721672,34.49049345217645,-0.07202368229627609,0.003662221133708954,8.545183062553406,0.8235053,0.0,-4.269199071420927,-4.102890764954402,,5.921129397384373,0.30275060223879047
2019-02-05,Milagros (Masbate),26.020905174314976,34.50270085595548,-0.06653035059571266,-0.0006103701889514923,8.545183062553406,0.87724465,0.0,-3.522678768775107,-3.115306668826659,,4.702595171691346,0.3008710061212835
2019-02-06,Milagros (Masbate),26.11612292379141,34.511856408789754,-0.07873775437474251,0.0079348124563694,8.545183062553406,0.88308656,0.0,-4.215212798602802,-2.344147196365545,,4.823177895924357,0.29899141000377655
2019-02-07,Milagros (Masbate),26.232581555843353,34.52558973804116,-0.09033478796482086,0.023194067180156708,8.69777561724186,1.7730806,0.0,-3.656107043035123,-2.277487041877044,,4.307443085642442,0.29711181388626956
2019-02-08,Milagros (Masbate),26.352702409029007,34.53169343993068,-0.09155552834272385,0.014648884534835815,8.69777561724186,1.304231,0.0,-4.174684002909515,-2.5606992441797747,,4.897465379488811,0.29523221776876263
2019-02-09,Milagros (Masbate),26.438398383557796,34.536271216347814,-0.0872829370200634,0.005493331700563431,8.545183062553406,0.7438828,9.435916670437516,-4.879735114693836,-2.9180042552016254,0.29335262165125564,5.685645400739555,0.29335262165125564
2019-02-10,Milagros (Masbate),26.53361613303423,34.54237491823733,-0.09887997061014175,0.014038514345884323,8.545183062553406,2.0183241,0.0,-5.591639980131574,-2.618152473291825,,6.174233558977982,0.2852925597473216
2019-02-11,Milagros (Masbate),26.514572583138943,34.55305639654398,-0.08972441777586937,0.010986663401126862,8.545183062553406,1.0401174,0.0,-5.818630915475319,-2.991167218439927,,6.542441979811116,0.27723249784338755
2019-02-12,Milagros (Masbate),26.455244600772858,34.56526380032301,-0.08239997550845146,0.0158696249127388,8.545183062553406,1.1355152,0.0,-4.906426607659161,-2.157688887873671,,5.359910763548148,0.26917243593945345
2019-02-13,Milagros (Masbate),26.48820459097624,34.571367502212524,-0.09216589853167534,0.0158696249127388,8.545183062553406,1.1188625,2.801847834132506,-5.349764143011095,-2.2527542202296056,,5.8047289310190475,0.2611123740355194
2019-02-14,Milagros (Masbate),26.457441933453083,34.5805230550468,-0.08056886494159698,0.006103701889514923,8.545183062553406,0.8008438,0.0,-5.813018515931889,-3.5532182456805286,0.25305231213158536,6.812968821886975,0.25305231213158536
2019-02-15,Milagros (Masbate),26.432538829743862,34.594256384298205,-0.07385479286313057,0.006714072078466415,8.545183062553406,0.7047563,0.0,-5.0660974630365665,-2.9660856376401146,,5.87052020819284,0.2533688622764748
2019-02-16,Milagros (Masbate),26.585619673132896,34.607989713549614,-0.07995849475264549,0.009765923023223877,8.545183062553406,1.2222712,2.489205534511357,-4.221003798652002,-2.2938908740496378,,4.804040841862488,0.2536854124213643
2019-02-17,Milagros (Masbate),26.663991205394268,34.620197117328644,-0.08789330720901489,0.021973326802253723,8.545183062553406,1.322479,0.0,-5.051417754057583,-1.5751223968940475,,5.2912977511386945,0.2540019625662538
2019-02-18,Milagros (Masbate),26.748954735696316,34.63393044658005,-0.09094515815377235,0.025635547935962677,8.545183062553406,1.3470255,0.0,-4.696919967178308,-1.405694098424541,,4.902757701174296,0.25431851271114325
2019-02-19,Milagros (Masbate),26.83611559867859,34.6446119248867,-0.09216589853167534,0.015259254723787308,8.545183062553406,0.9947481,0.0,-5.904494932151061,-1.9760324356509904,0.2546350628560327,6.2263765217454,0.2546350628560327
2019-02-20,Milagros (Masbate),26.744560070335865,34.66139710508287,-0.07629627361893654,0.0079348124563694,8.545183062553406,1.5533911,0.0,-5.097101099445817,-2.874538308079861,,5.851786915343927,0.2593004095856503
2019-02-21,Milagros (Masbate),26.729178741574287,34.678182285279036,-0.0634784996509552,0.005493331700563431,8.545183062553406,1.2608507,0.0,-3.5846157652092434,-2.9252067806812634,,4.62669481313932,0.263965756315268
2019-02-22,Milagros (Masbate),26.781182281672955,34.68276006169617,-0.06958220154047012,0.0006103701889514923,8.545183062553406,0.6296576,0.0,-4.345414296454013,-2.5729213474401926,,5.050004917615465,0.2686311030448856
2019-02-23,Milagros (Masbate),26.83611559867859,34.690389689058065,-0.07446516305208206,0.001831110566854477,8.545183062553406,1.5509574,6.503139767637117,-4.749026793224536,-2.213341954653332,,5.239478799555653,0.2732964497745032
2019-02-24,Milagros (Masbate),26.845637373626232,34.69954524189234,-0.07263405248522758,0.009155552834272385,8.545183062553406,1.2676352,0.0,-4.030416122555081,-1.8597826812806348,,4.438811298370694,0.2779617965041208
2019-02-25,Milagros (Masbate),26.855159148573875,34.71175264567137,-0.07446516305208206,0.011597033590078354,8.545183062553406,0.698326,0.0,-3.5623938794300747,-1.95378014028728,,4.062992368782132,0.28262714323373844
2019-02-26,Milagros (Masbate),26.643482767045498,34.725485974922776,-0.059205908328294754,-0.0012207403779029846,8.545183062553406,1.348465,0.0,-4.402268106492264,-2.801980688871077,,5.218338841264088,0.28729248996335605
2019-02-27,Milagros (Masbate),26.462569043040276,34.7453230060637,-0.0634784996509552,0.003662221133708954,8.545183062553406,1.0802419,0.0,-4.120498117020207,-2.626278239641293,,4.88629124432636,0.29195783669297365
2019-02-28,Milagros (Masbate),26.63176365941763,34.75905633531511,-0.062257759273052216,-0.007324442267417908,8.69777561724186,1.4780977,0.0,-2.589893635992582,-3.1800330367415897,,4.101238734885207,0.2966231834225913
2019-03-01,Milagros (Masbate),26.700613416731358,34.762108186259866,-0.05859553813934326,-0.01342814415693283,8.545183062553406,1.1978257,0.0,-3.7631298553504355,-3.227195317437625,0.3012885301522089,4.957412220616833,0.3012885301522089
2019-03-02,Milagros (Masbate),26.767998285591602,34.76973781362176,-0.06408886983990669,-0.003662221133708954,8.545183062553406,0.39387277,0.0,-3.521887854141716,-2.5558717666529573,,4.351571502885441,0.2950583717002664
2019-03-03,Milagros (Masbate),26.992858663201332,34.774315590038896,-0.07629627361893654,-0.006714072078466415,8.69777561724186,0.5359927,0.0,-3.054001142670718,-2.4156038196685365,,3.89384961099312,0.28882821324832386
2019-03-04,Milagros (Masbate),27.18475905060768,34.77126373909414,-0.10193182155489922,0.0158696249127388,8.69777561724186,0.6125482,0.0,-4.635440912583451,-2.1445718691966946,,5.107494586996867,0.2825980547963813
2019-03-05,Milagros (Masbate),27.271187469363213,34.774315590038896,-0.09460737928748131,0.01037629321217537,8.69777561724186,0.69276965,0.0,-4.992591007900877,-2.2232029748720445,,5.465216961809714,0.27636789634443876
2019-03-06,Milagros (Masbate),27.56123538315296,34.78041929192841,-0.11719107627868652,0.03418073058128357,8.69777561724186,1.6384351,0.0,-4.154386606809955,-1.9161817859581716,0.27013773789249623,4.5750060891412785,0.27013773789249623
2019-03-07,Milagros (Masbate),27.4953154027462,34.786522993817925,-0.09216589853167534,0.012207403779029846,8.545183062553406,1.8700132,0.0,-4.701561643505236,-2.271228035309378,,5.22141347491797,0.261517782971648
2019-03-08,Milagros (Masbate),27.58027893304825,34.800256323069334,-0.09643848985433578,0.025635547935962677,8.545183062553406,1.0653483,0.0,-4.288994052463498,-1.4959222581700387,,4.5423841079939296,0.2528978280507998
2019-03-09,Milagros (Masbate),27.746543772518635,34.80636002495885,-0.10559404268860817,0.03662221133708954,8.69777561724186,1.234847,0.0,-3.789360495400122,-0.87256986399377,,3.888525572970964,0.2442778731299516
2019-03-10,Milagros (Masbate),27.987517923116684,34.81398965232074,-0.09949034079909325,0.05249183624982834,8.69777561724186,1.0010607,0.0,-2.49456114541183,-0.9915561017664373,,2.6844028779504456,0.23565791820910342
2019-03-11,Milagros (Masbate),28.226294741034508,34.81856742873788,-0.08239997550845146,0.04028443247079849,8.69777561724186,1.5953419,0.0,-2.000219349788147,-1.026643401338959,0.2270379632882552,2.248304721513466,0.2270379632882552
2019-03-12,Milagros (Masbate),28.146458320319653,34.821619279682636,-0.09887997061014175,0.0238044373691082,8.69777561724186,1.0955921,0.0,-3.46520512015446,-1.306207652146637,,3.7032181889906397,0.22728410770452848
2019-03-13,Milagros (Masbate),28.02340769022703,34.82924890704453,-0.08423108607530594,0.007324442267417908,8.545183062553406,1.6911942,0.0,-4.4589167091147495,-2.0063140199169562,,4.889502445580536,0.22753025212080172
2019-03-14,Milagros (Masbate),28.10397655516863,34.84450816176832,-0.0952177494764328,0.020142216235399246,8.545183062553406,2.435991,0.0,-4.0975810694634,-1.546630205250821,,4.379752916845769,0.227776396537075
2019-03-15,Milagros (Masbate),28.110568553209305,34.85518964007497,-0.09094515815377235,0.014648884534835815,8.545183062553406,1.3787079,0.0,-3.651123420010439,-1.877113575797437,,4.105393721020161,0.22802254095334823
2019-03-16,Milagros (Masbate),28.00656147301197,34.859767416492105,-0.07690664380788803,-0.004272591322660446,8.545183062553406,2.1971076,0.0,-4.704453835809072,-3.3914766177754005,0.2282686853696215,5.799482696083846,0.2282686853696215
2019-03-17,Milagros (Masbate),27.972869038581848,34.86587111838162,-0.07080294191837311,-0.008545182645320892,8.545183062553406,1.1815789,0.0,-5.020973407173992,-3.731597815818883,,6.255797008740986,0.2341372147524715
2019-03-18,Milagros (Masbate),27.93258460611105,34.87350074574351,-0.06591998040676117,-0.006714072078466415,8.545183062553406,0.60516644,0.0,-5.1726729993646305,-3.7721300464527854,,6.401992740210487,0.24000574413532152
2019-03-19,Milagros (Masbate),27.85128329694271,34.87960444763303,-0.06714072078466415,-0.0012207403779029846,8.545183062553406,0.5989508,0.0,-5.4027089534864885,-3.168445860883788,,6.26325100961431,0.24587427351817154
2019-03-20,Milagros (Masbate),27.88351084291935,34.882656298577785,-0.09277626872062683,0.012207403779029846,8.545183062553406,0.78793657,0.0,-5.150811644882155,-2.524050217746303,,5.735999485944779,0.2517428029010216
2019-03-21,Milagros (Masbate),28.069551676511765,34.89028592593968,-0.10620441287755966,0.035401470959186554,8.69777561724186,1.2790831,0.0,-4.104755011308431,-1.3913720068963493,0.25761133228387156,4.334158484000839,0.25761133228387156
2019-03-22,Milagros (Masbate),28.273171171545982,34.89333777688444,-0.10559404268860817,0.04821924492716789,8.69777561724186,2.3973744,0.0,-3.4553296501264725,-1.4171573195936902,,3.7346536465274935,0.24329384897628356
2019-03-23,Milagros (Masbate),28.142796099185944,34.89333777688444,-0.09338663890957832,0.0079348124563694,8.545183062553406,0.96669227,0.0,-4.86284266531362,-2.3184153589617975,,5.3872338508982915,0.2289763656686956
2019-03-24,Milagros (Masbate),28.024140134453773,34.89944147877395,-0.08239997550845146,0.005493331700563431,8.545183062553406,1.4418365,0.0,-5.345713235165615,-2.6197711126704757,,5.953137884797187,0.21465888236110758
2019-03-25,Milagros (Masbate),27.96188237518072,34.907071106135845,-0.07690664380788803,0.01037629321217537,8.545183062553406,1.7268435,0.0,-4.5438787622519285,-2.350131845444897,,5.115657718907546,0.2003413990535196
2019-03-26,Milagros (Masbate),27.92452771961689,34.907071106135845,-0.06958220154047012,-0.0048829615116119385,8.545183062553406,0.9865484,25.78291974638345,-5.545220678426162,-3.7804446156478515,0.1860239157459316,6.711276619572906,0.1860239157459316
2019-03-27,Milagros (Masbate),27.886440619826317,34.89791555330157,-0.08117923513054848,0.005493331700563431,8.545183062553406,0.8222909,0.0,-4.715283493563178,-2.6857637003005688,,5.426529745474687,0.19463132713866316
2019-03-28,Milagros (Masbate),28.128147214651108,34.89944147877395,-0.11169774457812309,0.02624591812491417,8.69777561724186,1.5092226,0.0,-4.048393443636055,-1.2840727220563595,,4.247155781226376,0.2032387385313947
2019-03-29,Milagros (Masbate),28.1244849935174,34.89944147877395,-0.09887997061014175,0.03234962001442909,8.545183062553406,0.6239626,0.0,-3.884428512023884,-0.8852201928834893,,3.9840180289392224,0.21184614992412626
2019-03-30,Milagros (Masbate),28.16550187021494,34.90096740424633,-0.10071108117699623,0.038453321903944016,8.545183062553406,1.3063889,0.0,-3.8375437198414133,-0.8214915645921295,,3.924485978111057,0.2204535613168578
2019-03-31,Milagros (Masbate),28.120090328156948,34.89944147877395,-0.09887997061014175,0.0238044373691082,8.545183062553406,1.0039076,0.0,-4.932201661497953,-2.0459024019356513,0.22906097270958936,5.33969379907961,0.22906097270958936
2019-04-01,Milagros (Masbate),28.00656147301197,34.90249332971871,-0.07751701399683952,0.0048829615116119385,8.545183062553406,2.4323277,0.0,-4.893952600716976,-3.0365875305712366,,5.7594822587525325,0.22360889683885304
2019-04-02,Milagros (Masbate),27.98971525579691,34.90096740424633,-0.09277626872062683,0.011597033590078354,8.545183062553406,1.3059103,0.0,-5.187232604658836,-2.2365325028845535,,5.648845876043596,0.2181568209681167
2019-04-03,Milagros (Masbate),28.090792559087276,34.90249332971871,-0.10864589363336563,0.03784295171499252,8.545183062553406,1.6736807,0.0,-3.9334874235673065,-1.4803187568899905,,4.2028165476692525,0.21270474509738038
2019-04-04,Milagros (Masbate),28.18161564320326,34.89944147877395,-0.10681478306651115,0.043946653604507446,8.545183062553406,1.6214925,0.0,-3.938527568779282,-1.255338686137431,,4.133748253939479,0.20725266922664404
2019-04-05,Milagros (Masbate),28.385235138237476,34.89028592593968,-0.11535996571183205,0.05066072568297386,8.69777561724186,0.6112403,0.0,-3.826160581160145,-1.5261411239701206,0.20180059335590772,4.119297455039697,0.20180059335590772
2019-04-06,Milagros (Masbate),28.62767417728901,34.87807852216065,-0.1275673694908619,0.04516739398241043,8.69777561724186,0.9673724,0.0,-3.868919419659056,-1.261217559234061,,4.069300579649442,0.20844768655093607
2019-04-07,Milagros (Masbate),28.7624439150095,34.86892296932638,-0.11658070608973503,0.04516739398241043,8.69777561724186,1.9248065,0.0,-3.8630781613163627,-1.9525486636101275,,4.328489247324649,0.2150947797459644
2019-04-08,Milagros (Masbate),28.590319521725178,34.85061186365783,-0.08484145626425743,0.0024414807558059692,8.545183062553406,1.9248009,12.974407548111303,-4.799873132688814,-2.6481785939852918,,5.481936879931203,0.22174187294099273
2019-04-09,Milagros (Masbate),28.79540390521288,34.83077483251691,-0.11719107627868652,0.04150517284870148,8.69777561724186,0.9192716,0.13620349214720193,-4.449124628456292,-0.2999557765944847,,4.459224532073793,0.22838896613602105
2019-04-10,Milagros (Masbate),28.988769181072712,34.81398965232074,-0.12390514835715294,0.05005035549402237,8.69777561724186,0.81123745,12.920648723780262,-3.8696688750274593,-0.37944731026193224,0.2350360593310494,3.888228062192507,0.2350360593310494
2019-04-11,Milagros (Masbate),29.25830865651369,34.80330817401409,-0.1263466291129589,0.062257759273052216,8.69777561724186,1.7917366,0.0,-3.3485904106388404,-0.05577039268348978,,3.3490548032127614,0.2138926381599688
2019-04-12,Milagros (Masbate),29.4494765996933,34.7956785466522,-0.1275673694908619,0.05798516795039177,8.69777561724186,1.0517833,0.0,-3.889298586269848,-0.28193985111796493,,3.899504272700449,0.1927492169888882
2019-04-13,Milagros (Masbate),29.461195707321167,34.78347114287317,-0.11169774457812309,0.046388134360313416,8.69777561724186,1.3187617,0.0,-4.561086413585019,-0.2474556460510043,,4.567794168846969,0.1716057958178076
2019-04-14,Milagros (Masbate),29.58937344700098,34.78041929192841,-0.10986663401126862,0.04272591322660446,8.69777561724186,2.229843,0.0,-3.8357711146084914,-1.2479657151348929,,4.033678032493051,0.15046237464672702
2019-04-15,Milagros (Masbate),29.661152981221676,34.77278966456652,-0.10254219174385071,0.04272591322660446,8.69777561724186,1.3101895,0.0,-3.7573235870755735,-0.88818247656298,0.12931895347564643,3.8608740784527025,0.12931895347564643
2019-04-16,Milagros (Masbate),29.688253417611122,34.76821188814938,-0.10010071098804474,0.040894802659749985,8.69777561724186,0.85451084,0.0,-3.6727504715551555,0.3387144420300825,,3.6883361424290446,0.14779027569413858
2019-04-17,Milagros (Masbate),29.722678296267986,34.76516003720462,-0.08362071588635445,0.040894802659749985,8.545183062553406,2.2075074,0.0,-2.6850705776629846,0.4695584113547064,,2.725818979445515,0.1662615979126307
2019-04-18,Milagros (Masbate),29.906521797180176,34.762108186259866,-0.08789330720901489,0.05798516795039177,8.69777561724186,1.5795993,0.0,-3.1300394210973894,0.7485686874323618,,3.2183072969230095,0.18473292013112286
2019-04-19,Milagros (Masbate),29.840601816773415,34.76058226078749,-0.08789330720901489,0.02929776906967163,8.545183062553406,1.5278254,0.0,-4.085380341586853,-0.4479911868063631,,4.109869662030718,0.20320424234961498
2019-04-20,Milagros (Masbate),29.946073785424232,34.766685962677,-0.09582811966538429,0.0317392498254776,8.545183062553406,1.431584,0.0,-4.066871869911624,-0.140044489643447,0.22167556456810714,4.069282401770362,0.22167556456810714
2019-04-21,Milagros (Masbate),29.983428440988064,34.766685962677,-0.09277626872062683,0.035401470959186554,8.545183062553406,2.1704276,0.0,-4.473505101136789,-0.27900861027479373,,4.482197418064531,0.2224689732241675
2019-04-22,Milagros (Masbate),29.877224028110504,34.77278966456652,-0.08667256683111191,0.020142216235399246,8.545183062553406,1.8431981,0.02327399042059061,-5.009516777556825,-1.4310671451211165,,5.209914732360637,0.2232623818802279
2019-04-23,Milagros (Masbate),29.860377810895443,34.77889336645603,-0.079348124563694,0.015259254723787308,8.545183062553406,0.9910988,0.3281786985436556,-4.698284094292747,-1.57682710785583,,4.955830622484308,0.22405579053628827
2019-04-24,Milagros (Masbate),29.902127131819725,34.78499706834555,-0.08362071588635445,0.020142216235399246,8.545183062553406,1.3074954,3.5180635512721468,-4.706474118878709,-1.3807007005484493,,4.90481733158026,0.22484919919234866
2019-04-25,Milagros (Masbate),29.89553513377905,34.79415262117982,-0.08117923513054848,0.02136295661330223,8.545183062553406,0.96878445,0.00045071132099737637,-4.288245342779053,-1.2414059637051216,0.22564260784840903,4.464318188322701,0.22564260784840903
2019-04-26,Milagros (Masbate),29.882351137697697,34.80636002495885,-0.079348124563694,0.006714072078466415,8.545183062553406,1.0088942,0.0,-4.53522792633923,-2.1339645929011537,,5.012194851320429,0.21311061077687016
2019-04-27,Milagros (Masbate),29.801049828529358,34.81551557779312,-0.0634784996509552,-0.0030518509447574615,8.545183062553406,1.1895161,0.0,-4.583862766154647,-2.7921220172010055,,5.367284529245449,0.20057861370533125
2019-04-28,Milagros (Masbate),29.86257514357567,34.823145205155015,-0.07202368229627609,-0.0024414807558059692,8.545183062553406,0.6081604,0.20576673202050386,-3.973268773759528,-1.6521931455102155,,4.303092717872052,0.18804661663379238
2019-04-29,Milagros (Masbate),29.968779556453228,34.83230075798929,-0.08301034569740295,0.01037629321217537,8.545183062553406,0.8513076,0.0,-4.115926480933383,-1.6546428271353872,,4.436067366693077,0.1755146195622535
2019-04-30,Milagros (Masbate),30.136509284377098,34.84145631082356,-0.08117923513054848,0.03479110077023506,8.69777561724186,1.971615,0.0,-3.0354313137659856,-0.8802613639420698,0.1629826224907146,3.16049099499433,0.1629826224907146
2019-05-01,Milagros (Masbate),30.340861223638058,34.846034087240696,-0.06408886983990669,0.05371257662773132,8.69777561724186,0.53502744,0.0,-1.7002729867383037,0.023473674695815853,,1.7004350157638242,0.15763271401565693
2019-05-02,Milagros (Masbate),30.48442029207945,34.847560012713075,-0.062257759273052216,0.059816278517246246,8.69777561724186,0.84503907,0.0,-1.5398910222250513,0.067936959858353,,1.5413889161545533,0.15228280554059928
2019-05-03,Milagros (Masbate),30.61552780866623,34.85061186365783,-0.043336283415555954,0.06286812946200371,8.69777561724186,1.0919958,0.0,-0.29709113668557247,0.8798381294211165,,0.9286432455363981,0.1469328970655416
2019-05-04,Milagros (Masbate),30.7832575365901,34.85671556554735,0.025635547935962677,0.006103701889514923,8.69777561724186,0.62675905,0.0,1.409675982871673,0.3216695179342444,,1.445910666484367,0.14158298859048393
2019-05-05,Milagros (Masbate),30.687307342886925,34.85213778913021,0.05066072568297386,-0.031128879636526108,8.69777561724186,0.6029698,2.7805256601763064,3.026886543023311,0.7665634578223851,,3.1224448240448095,0.13623308011542629
2019-05-06,Milagros (Masbate),30.712942890822887,34.85671556554735,0.05249183624982834,-0.001831110566854477,8.69777561724186,0.7699724,11.818976083101656,4.06293435620935,1.214714074796948,,4.240632720052055,0.1308831716403686
2019-05-07,Milagros (Masbate),30.6448255777359,34.83077483251691,0.04455702379345894,0.0048829615116119385,8.69777561724186,0.86043316,0.0,4.212415421978401,1.464379265561673,,4.459691729338298,0.12553326316531094
2019-05-08,Milagros (Masbate),30.518845170736313,34.80178224854171,0.04455702379345894,-0.01892147585749626,8.545183062553406,0.77796537,1.0869981019056836,3.789282005762575,0.5466160137329258,,3.828504562576009,0.12018335469025328
2019-05-09,Milagros (Masbate),30.55839715898037,34.749900782480836,0.04821924492716789,0.0006103701889514923,8.69777561724186,0.9057045,4.064774530654505,3.0349336882831235,1.8598390768120696,,3.5594696071062293,0.11483344621519562
2019-05-10,Milagros (Masbate),30.62871180474758,34.739219304174185,0.03418073058128357,0.0048829615116119385,8.69777561724186,1.8810803,8.589147890798944,2.118568722674806,1.4295507356546246,0.10948353774013794,2.555767739546502,0.10948353774013794
2019-05-11,Milagros (Masbate),30.95098726451397,34.73158967681229,0.014038514345884323,0.006714072078466415,8.69777561724186,1.4082216,11.366116303217582,1.4491218825433518,1.3696935352559034,,1.9939946366497083,0.123969224340358
2019-05-12,Milagros (Masbate),31.2249214053154,34.74227115511894,-0.06836146116256714,0.07751701399683952,8.69777561724186,1.7568544,0.0,-0.9533768526287534,0.500442715899487,,1.076740607121865,0.13845491094057805
2019-05-13,Milagros (Masbate),31.37653736025095,34.739219304174185,-0.10925626382231712,0.09033478796482086,8.69777561724186,0.87494075,0.0,-2.3477848527504674,0.5576122416488134,,2.4130945126209102,0.15294059754079808
2019-05-14,Milagros (Masbate),31.28205205500126,34.74227115511894,-0.10498367249965668,0.06653035059571266,8.69777561724186,2.024421,0.0,-2.8714035507238536,1.0542777283979075,,3.0588330911812442,0.16742628414101812
2019-05-15,Milagros (Masbate),31.451979115605354,34.75447855889797,-0.08484145626425743,0.0555436871945858,8.69777561724186,0.8898653,0.0,-2.0478263280971096,0.6733356988634529,0.1819119707412382,2.155684029121992,0.1819119707412382
2019-05-16,Milagros (Masbate),31.58528396487236,34.75447855889797,-0.06775109097361565,0.046388134360313416,8.69777561724186,1.0522224,0.0,-0.29479815734515824,0.5843280516218082,,0.6544808824451935,0.1835619258947041
2019-05-17,Milagros (Masbate),31.617511510849,34.74837485700846,0.024414807558059692,0.001831110566854477,8.69777561724186,1.0611173,0.0,2.128356848930302,1.391782097701284,,2.543021880336524,0.18521188104817002
2019-05-18,Milagros (Masbate),31.563310638070107,34.751426707953215,0.0317392498254776,-0.0030518509447574615,8.69777561724186,1.0553181,0.0,2.1318969444840112,1.5066643115676124,,2.6105596966267157,0.1868618362016359
2019-05-19,Milagros (Masbate),31.676839493215084,34.75447855889797,0.02136295661330223,0.01342814415693283,8.69777561724186,1.4536477,0.0,1.4695045535165867,1.3010203912905784,,1.9626761554978631,0.18851179135510182
2019-05-20,Milagros (Masbate),31.63801994919777,34.74227115511894,0.025635547935962677,0.020142216235399246,8.69777561724186,1.3567818,0.0,3.122732226009855,1.7680748620393854,0.19016174650856774,3.5885296812393865,0.19016174650856774
2019-05-21,Milagros (Masbate),31.525955982506275,34.7453230060637,0.051271095871925354,-0.023194067180156708,8.69777561724186,1.584607,0.0,3.2898003746705924,0.5989081236534609,,3.3438716251915053,0.1951330868514646
2019-05-22,Milagros (Masbate),31.399975575506687,34.69954524189234,0.04516739398241043,-0.03418073058128357,8.69777561724186,1.1352702,23.06661671218717,2.6159845983553813,0.33795268973604287,,2.6377239126437004,0.20010442719436144
2019-05-23,Milagros (Masbate),31.375804916024208,34.6522415522486,0.0158696249127388,-0.008545182645320892,8.69777561724186,0.9972736,11.533308356093585,1.653113926197072,0.2116315293856809,,1.6666053993722751,0.2050757675372583
2019-05-24,Milagros (Masbate),31.412427127361298,34.595782309770584,-0.040894802659749985,-0.030518509447574615,8.69777561724186,0.99457294,0.27946083153962603,-0.9672150571159754,-0.6084896639059373,,1.1427005897400335,0.21004710788015515
2019-05-25,Milagros (Masbate),31.228583626449108,34.60341193713248,-0.09155552834272385,0.054322946816682816,8.69777561724186,0.7822377,18.033844346207005,-2.403695770388099,0.799960420171851,,2.5333160147173035,0.21501844822305202
2019-05-26,Milagros (Masbate),31.19635608047247,34.54084899276495,-0.06530961021780968,0.06591998040676117,8.69777561724186,0.75291264,21.177869079079155,-0.6547927036222307,0.9517487901404726,,1.1552399076602071,0.21998978856594886
2019-05-27,Milagros (Masbate),31.32380137592554,34.56221194937825,-0.07507553324103355,0.048829615116119385,8.69777561724186,0.852385,0.0,-1.4690377889610144,0.8704677772610011,,1.7075673271192482,0.22496112890884573
2019-05-28,Milagros (Masbate),31.345774702727795,34.56373787485063,-0.09094515815377235,0.046388134360313416,8.545183062553406,0.80093956,0.0,-3.0274306108827025,0.7688682897337235,,3.1235387864836377,0.22993246925174257
2019-05-29,Milagros (Masbate),31.38019958138466,34.57594527862966,-0.09338663890957832,0.029908139258623123,8.69777561724186,2.2455914,0.0,-3.402635221160718,-0.4361154287996195,,3.430469809737512,0.23490380959463944
2019-05-30,Milagros (Masbate),31.219794295728207,34.57747120410204,-0.06958220154047012,-0.0006103701889514923,8.545183062553406,0.85032,0.0,-3.968225115234554,-0.5841377589856489,,4.0109883428715,0.23987514993753628
2019-05-31,Milagros (Masbate),31.14362009614706,34.57899712957442,-0.07385479286313057,0.009765923023223877,8.545183062553406,1.0008031,0.0,-3.9608024551975007,0.004312429559057479,,3.960804802833289,0.24484649028043315
2019-06-01,Milagros (Masbate),31.150212094187737,34.583574905991554,-0.07995849475264549,0.005493331700563431,8.545183062553406,1.8789521,0.0,-3.9560998060747488,-0.5979046835350215,,4.001026828980003,0.24981783062333002
2019-06-02,Milagros (Masbate),31.087954334914684,34.57899712957442,-0.07324442267417908,0.007324442267417908,8.545183062553406,1.541997,0.0,-3.483231031598472,-0.5720531853797555,,3.529892812309416,0.2547891709662269
2019-06-03,Milagros (Masbate),31.11944943666458,34.569841576740146,-0.08056886494159698,0.006103701889514923,8.545183062553406,0.6883744,0.0,-3.653232045206292,-0.7055594127208822,,3.7207416546975125,0.2597605113091237
2019-06-04,Milagros (Masbate),31.04547256976366,34.56831565126777,-0.07751701399683952,0.012817773967981339,8.545183062553406,2.0883496,0.0,-3.646573369196171,-0.09005501899584245,0.26473185165202057,3.6476851897302014,0.26473185165202057
2019-06-05,Milagros (Masbate),30.93414104729891,34.55000454559922,-0.07446516305208206,-0.0006103701889514923,8.545183062553406,1.1398648,0.0,-4.399776255977145,-0.7031470287193728,,4.4556084709787,0.25487197209545004
2019-06-06,Milagros (Masbate),30.876277953386307,34.56068602390587,-0.07568590342998505,0.0006103701889514923,8.545183062553406,1.1759536,0.0,-4.393384590920361,-0.5711599634339125,,4.430355726977948,0.2450120925388795
2019-06-07,Milagros (Masbate),30.835261076688766,34.56678972579539,-0.0714133121073246,0.003662221133708954,8.545183062553406,0.5529168,0.0,-3.712982050519108,-0.68184592373711,,3.7750694789889616,0.23515221298230898
2019-06-08,Milagros (Masbate),30.958311706781387,34.57747120410204,-0.08056886494159698,0.019531846046447754,8.545183062553406,1.9378504,0.0,-3.6911880422146544,0.0765871538621791,,3.6919824965897607,0.22529233342573846
2019-06-09,Milagros (Masbate),30.935605935752392,34.56068602390587,-0.059205908328294754,0.039674062281847,8.69777561724186,1.4010983,5.170075803451073,-1.4007185517719083,1.6527292401398666,,2.16645480047272,0.21543245386916793
2019-06-10,Milagros (Masbate),30.96417126059532,34.524063812568784,0.01037629321217537,0.03784295171499252,8.69777561724186,1.6648377,0.0,1.6161860295722774,3.201282489042079,,3.586121422488654,0.20557257431259743
2019-06-11,Milagros (Masbate),30.98760947585106,34.51948603615165,-0.0006103701889514923,0.032959990203380585,8.545183062553406,2.0498054,0.11916621546232675,1.378837429621521,2.4353925091769666,,2.798629902484529,0.1957126947560269
2019-06-12,Milagros (Masbate),31.288644053041935,34.51796011067927,0.009765923023223877,0.038453321903944016,8.69777561724186,0.7592614,0.48485688384599673,0.7986746328098425,2.4701068696815036,,2.5960179345955403,0.18585281519945637
2019-06-13,Milagros (Masbate),31.361156031489372,34.50727863237262,0.03662221133708954,-0.014038514345884323,8.69777561724186,1.1673758,0.7446973223473431,1.8000300654136854,1.9471771500827595,,2.6517177621680657,0.17599293564288584
2019-06-14,Milagros (Masbate),31.284981831908226,34.49049345217645,0.008545182645320892,0.04577776417136192,8.69777561724186,1.7178601,0.9466179334851357,2.4450711447584217,3.0216950865303227,0.16613305608631532,3.8870315279004046,0.16613305608631532
2019-06-15,Milagros (Masbate),31.306222714483738,34.49201937764883,0.007324442267417908,0.039674062281847,8.69777561724186,1.2213775,0.4710356506687149,1.2321067871391904,2.8429595186798577,,3.0984683247964417,0.17410375289494542
2019-06-16,Milagros (Masbate),31.38532669097185,34.47676012292504,-0.005493331700563431,0.04028443247079849,8.69777561724186,1.227018,0.0,0.12862344385706573,1.9912458701687266,,1.9953957266100528,0.18207444970357556
2019-06-17,Milagros (Masbate),31.366283141076565,34.475234197452664,-0.07568590342998505,0.02929776906967163,8.545183062553406,0.9189858,0.0,-2.9059073985269483,1.2363347541057967,,3.157977427567128,0.19004514651220566
2019-06-18,Milagros (Masbate),31.412427127361298,34.485915675759315,-0.09216589853167534,0.03234962001442909,8.545183062553406,0.9689784,0.0,-3.08900787364667,-0.1445268597160085,,3.0923870483221365,0.19801584332083577
2019-06-19,Milagros (Masbate),31.432935565710068,34.487441601231694,-0.08545182645320892,0.03906369209289551,8.69777561724186,1.1426458,23.00648445918642,-2.5027946086101918,0.5261358709021324,0.2059865401294659,2.557498740476364,0.2059865401294659
2019-06-20,Milagros (Masbate),31.53621020168066,34.48133789934218,-0.05371257662773132,0.051881466060876846,8.69777561724186,1.5277587,0.0,-0.7568766091161349,1.7874868246800846,,1.94112630960276,0.23182603863869267
2019-06-21,Milagros (Masbate),31.635822616517544,34.475234197452664,-0.029908139258623123,0.05249183624982834,8.69777561724186,1.5930341,0.0,-0.20545122859862977,1.5019479134383775,,1.5159346100721436,0.2576655371479194
2019-06-22,Milagros (Masbate),31.758873246610165,34.47676012292504,0.009155552834272385,0.010986663401126862,8.69777561724186,0.4724426,0.0,0.35952562229001833,0.9176349189430211,,0.9855518847562466,0.28350503565714613
2019-06-23,Milagros (Masbate),31.565507970750332,34.450819389894605,0.043336283415555954,-0.020142216235399246,8.69777561724186,0.74208957,6.496689802251046,3.7311187509078505,1.1035047136037954,,3.8908829057582746,0.3093445341663729
2019-06-24,Milagros (Masbate),31.162663646042347,34.41114532761276,0.04577776417136192,-0.02136295661330223,8.545183062553406,0.76882017,14.316596876535163,4.45114134480306,1.6676407307879322,,4.753281485289725,0.3351840326755997
2019-06-25,Milagros (Masbate),30.82866907864809,34.3363749794662,0.04943998530507088,-0.014038514345884323,8.545183062553406,0.53607005,7.158298438267582,3.5201218479807093,1.8214623656435394,,3.9634559382042944,0.36102353118482644
2019-06-26,Milagros (Masbate),30.79131442308426,34.30127869360149,0.04028443247079849,0.012817773967981339,8.545183062553406,0.6846751,15.045870322484758,2.7606744312104725,2.7773322859161844,,3.915979818836109,0.3868630296940532
2019-06-27,Milagros (Masbate),30.57963804155588,34.25550092943013,0.0079348124563694,0.02868739888072014,8.545183062553406,0.6179138,31.50094863705896,3.525857128375438,4.013090427568008,,5.341962492338735,0.4127025282032799
2019-06-28,Milagros (Masbate),30.404583871364594,34.246345376595855,-0.005493331700563431,0.03357036039233208,8.545183062553406,0.5622575,0.0,3.616930095826087,4.4602240247720575,,5.7424543245241715,0.4385420267125067
2019-06-29,Milagros (Masbate),30.324015006422997,34.22650834545493,0.014648884534835815,0.025635547935962677,8.545183062553406,0.5148708,45.114248132608964,3.9245075592949568,3.3297077539710136,,5.1467186934801425,0.4643815252217335
2019-06-30,Milagros (Masbate),30.08890040963888,34.186834283173084,0.01037629321217537,0.027466658502817154,8.545183062553406,0.58609134,7.584449771935267,3.624609328222344,4.892335342218238,,6.0887386118106654,0.4902210237309602
2019-07-01,Milagros (Masbate),29.83400981873274,34.13342689163983,0.0,0.028077028691768646,8.545183062553406,1.5713454,27.215628037829912,1.6445131304080836,5.669080259139855,,5.902787004513529,0.516060522240187
2019-07-02,Milagros (Masbate),29.794457830488682,34.1425824444741,0.004272591322660446,0.0158696249127388,8.545183062553406,2.0717452,31.103576482188632,-0.22689588030115146,2.7873637147092465,,2.7965833115742083,0.5419000207494137
2019-07-03,Milagros (Masbate),30.241981253027916,34.16547132655978,-0.035401470959186554,0.01037629321217537,8.69777561724186,2.5611956,0.0,-1.6020166582121778,0.7939107919328074,,1.7879462292632546,0.5677395192586404
2019-07-04,Milagros (Masbate),30.36210210621357,34.162419475615025,-0.0555436871945858,0.031128879636526108,8.69777561724186,1.1872481,0.0,-1.6790605373809553,0.7969263613852221,0.5935790177678673,1.8585843843260688,0.5935790177678673
2019-07-05,Milagros (Masbate),30.47636340558529,34.150212071835995,-0.02929776906967163,0.0555436871945858,8.69777561724186,0.77409285,12.93718632433042,-0.015644212733489645,2.0579023002541903,,2.05796176319764,0.5309437303827111
2019-07-06,Milagros (Masbate),30.451460301876068,34.139530593529344,-0.004272591322660446,0.043946653604507446,8.69777561724186,0.5824173,0.0,0.7034488296185981,2.4097705051269664,,2.5103454230985127,0.46830844299755503
2019-07-07,Milagros (Masbate),30.670461125671864,34.15478984825313,0.021973326802253723,0.028077028691768646,8.69777561724186,1.9208158,0.0,1.288580743998177,2.0597728055315265,,2.4296304954066805,0.4056731556123989
2019-07-08,Milagros (Masbate),30.72978910803795,34.139530593529344,0.038453321903944016,-0.001831110566854477,8.69777561724186,1.1026582,10.549630420444943,1.9802027848401669,2.0035568210049512,,2.8169918359988584,0.3430378682272428
2019-07-09,Milagros (Masbate),30.717337556183338,34.11053800955415,0.0238044373691082,0.012817773967981339,8.69777561724186,1.1394947,0.0,1.9836971731367123,2.0465216948826663,0.2804025808420867,2.850141316204515,0.2804025808420867
2019-07-10,Milagros (Masbate),30.77153842896223,34.10443430766463,0.0158696249127388,0.02075258642435074,8.69777561724186,2.5552459,1.4098774598529806,1.4926768459258737,2.121042690604308,,2.5936280114405723,0.28147305168666314
2019-07-11,Milagros (Masbate),31.027161464095116,34.11969356238842,-0.017090365290641785,0.014038514345884323,8.69777561724186,0.881845,0.0,-0.04635808490608205,0.5238963373441569,,0.5259433850889106,0.2825435225312396
2019-07-12,Milagros (Masbate),30.80449841916561,34.102908382192254,-0.079348124563694,0.0079348124563694,8.69777561724186,0.6641659,3.3214106593605957,-1.6312280385546871,0.3078423623112827,,1.6600216365458502,0.28361399337581605
2019-07-13,Milagros (Masbate),30.753227323293686,34.03881951235235,0.003662221133708954,0.016479995101690292,8.69777561724186,0.6236301,7.6703970765970775,1.7122246801454255,0.7589974168612686,,1.8729096171735524,0.2846844642203925
2019-07-14,Milagros (Masbate),30.461714521050453,34.028138034045696,0.040894802659749985,-0.0158696249127388,8.545183062553406,0.5991731,10.99180820263907,4.319755153047441,0.6181395303672053,,4.363757676737161,0.28575493506496896
2019-07-15,Milagros (Masbate),30.005401767790318,33.944212133064866,0.06653035059571266,-0.012817773967981339,8.545183062553406,0.5812254,16.396316075663538,5.571443339752888,0.7259403055324418,,5.618538085238308,0.28682540590954547
2019-07-16,Milagros (Masbate),29.402600169181824,33.835871424525976,0.04272591322660446,0.011597033590078354,8.545183062553406,0.56187624,28.425455279089135,7.414654699864135,5.833457145326661,,9.434316434410073,0.2878958767541219
2019-07-17,Milagros (Masbate),28.988769181072712,33.79161958582699,-0.012207403779029846,0.03479110077023506,8.545183062553406,1.3703455,10.104029181521032,4.435794026835698,7.975215372025706,,9.125805656417759,0.2889663475986984
2019-07-18,Milagros (Masbate),29.00415050983429,33.82824179716408,-0.017700735479593277,0.03723258152604103,8.545183062553406,1.3704332,0.0,1.5858429288743083,5.5923799221144606,,5.812883190666193,0.29003681844327484
2019-07-19,Milagros (Masbate),29.404065057635307,33.86791585944593,0.025635547935962677,0.035401470959186554,8.69777561724186,2.1318858,0.0,0.9799978089099649,2.236244335175661,0.2911072892878513,2.4415536922364756,0.2911072892878513
2019-07-20,Milagros (Masbate),29.848658703267574,33.88012326322496,0.046388134360313416,-0.056764427572488785,8.69777561724186,2.7914069,0.0,1.4520612570384583,0.3963110862543825,,1.5051725387078507,0.2891089521567766
2019-07-21,Milagros (Masbate),29.735129848122597,33.80382698960602,0.04028443247079849,-0.08789330720901489,8.69777561724186,2.7372124,12.385610458575206,1.0019046353123648,-0.7241046401351883,,1.2361797717669196,0.2871106150257019
2019-07-22,Milagros (Masbate),29.689718306064606,33.71532331220806,0.05615405738353729,-0.08301034569740295,8.69777561724186,0.9866746,31.22484997948575,2.185556643723946,-0.6028272734576807,,2.2671697255720185,0.28511227789462723
2019-07-23,Milagros (Masbate),29.74831384420395,33.83129364810884,0.08178960531949997,-0.07080294191837311,8.69777561724186,1.0082929,13.092474608585752,3.1801512367735096,0.8639326811350349,,3.2954121997536596,0.2831139407635525
2019-07-24,Milagros (Masbate),29.705832079052925,33.80382698960602,0.062257759273052216,-0.001831110566854477,8.69777561724186,0.9153129,0.0,2.9166958622037753,2.447132187188979,,3.807304912162006,0.28111560363247784
2019-07-25,Milagros (Masbate),29.685323640704155,33.800775138661265,0.05737479776144028,0.0,8.69777561724186,1.1402866,0.0,4.6259044524256705,2.2292120454678015,,5.1350149314905,0.27911726650140317
2019-07-26,Milagros (Masbate),29.69191563874483,33.81908624432981,0.062257759273052216,-0.010986663401126862,8.545183062553406,1.7275171,9.091604161214152,4.962817248935671,1.1191960537339167,,5.0874507224175645,0.27711892937032845
2019-07-27,Milagros (Masbate),29.535172574222088,33.77330848015845,0.054322946816682816,-0.006103701889514923,8.545183062553406,1.7275169,27.27481251265892,3.8745201139305547,1.8659787412074558,,4.300439835166934,0.2751205922392538
2019-07-28,Milagros (Masbate),29.31983397156,33.74431589618325,0.010986663401126862,0.02136295661330223,8.545183062553406,1.7275547,30.990768664748863,2.918960494695786,3.0550918186597715,,4.225389495660316,0.2731222551081791
2019-07-29,Milagros (Masbate),29.195318453013897,33.693960355594754,0.01831110566854477,0.02136295661330223,8.545183062553406,1.8084352,0.0,3.1256831049029574,1.9559038141634164,,3.687201459445197,0.2711239179771044
2019-07-30,Milagros (Masbate),29.346934407949448,33.72600479051471,0.05798516795039177,0.0024414807558059692,8.69777561724186,1.794029,0.0,3.828484858977941,1.670335265249186,,4.176998469446501,0.2691255808460297
2019-07-31,Milagros (Masbate),29.312509529292583,33.75804922543466,0.02929776906967163,0.01831110566854477,8.545183062553406,1.770672,15.368159965375856,3.5119223217201543,2.4818180428898255,,4.300351054484944,0.267127243714955
2019-08-01,Milagros (Masbate),29.34839929640293,33.77483440563083,0.05310220643877983,0.0079348124563694,8.545183062553406,1.7355665,13.254107190919456,5.540311799855294,1.9282177005770467,,5.866266132765751,0.26512890658388033
2019-08-02,Milagros (Masbate),29.16821801662445,33.74736774712801,0.06714072078466415,-0.001831110566854477,8.545183062553406,1.6457027,26.612605495336815,6.693001534152153,2.3100060084405536,,7.080423525128602,0.26313056945280566
2019-08-03,Milagros (Masbate),28.903073206543922,33.69090850465,0.03906369209289551,0.017090365290641785,8.545183062553406,0.70883495,23.55231478151395,6.666383965876168,4.153108960583133,,7.854233840354307,0.26113223232173094
2019-08-04,Milagros (Masbate),28.662831500172615,33.68480480276048,0.0158696249127388,0.025635547935962677,8.545183062553406,0.7284494,3.2764752312557692,6.583378434593893,5.138655039024074,,8.351445816334046,0.25913389519065627
2019-08-05,Milagros (Masbate),28.53025909513235,33.63750111311674,0.011597033590078354,0.025635547935962677,8.545183062553406,0.86797607,3.4549694602919883,7.3513970564710105,4.869254586586395,,8.81774795006544,0.25713555805958155
2019-08-06,Milagros (Masbate),28.319315157830715,33.59172334894538,0.016479995101690292,0.0238044373691082,8.545183062553406,0.9482539,2.782145223559521,6.743471243058876,5.818208507257513,,8.906511923300036,0.2551372209285069
2019-08-07,Milagros (Masbate),28.347148038446903,33.610034454613924,-0.01892147585749626,0.03723258152604103,8.545183062553406,0.96799886,9.840591461614954,5.120495118529202,7.190075794984143,,8.827041418079913,0.2531388837974322
2019-08-08,Milagros (Masbate),28.396954245865345,33.643604815006256,-0.024414807558059692,0.03723258152604103,8.545183062553406,1.0462615,9.598129834413044,4.506887587779062,8.448305674906612,,9.575275688226226,0.2511405466663575
2019-08-09,Milagros (Masbate),28.524399541318417,33.67870110087097,0.001831110566854477,0.0317392498254776,8.545183062553406,1.0504762,0.0,4.329802487958292,6.700170019404944,,7.9774349181715465,0.24914220953528282
2019-08-10,Milagros (Masbate),28.711905263364315,33.7122714612633,0.021973326802253723,0.02929776906967163,8.545183062553406,1.0504262,0.0,4.039214842557374,4.360236342883732,,5.943645136626167,0.24714387240420813
2019-08-11,Milagros (Masbate),28.985839404165745,33.742789970710874,0.056764427572488785,0.02136295661330223,8.69777561724186,2.1823049,0.0,4.747333292282859,3.514374683743138,,5.906606708233746,0.24514553527313343
2019-08-12,Milagros (Masbate),29.18433178961277,33.77025662921369,0.06897183135151863,0.007324442267417908,8.545183062553406,2.280639,0.0,5.851288370613281,3.6158026396490004,,6.878343138065075,0.24314719814205876
2019-08-13,Milagros (Masbate),29.313974417746067,33.79467143677175,0.04577776417136192,0.02136295661330223,8.545183062553406,2.280639,0.0,4.62931613359408,3.825988902615735,0.24114886101098407,6.005727178926229,0.24114886101098407
2019-08-14,Milagros (Masbate),29.506607249379158,33.82061216980219,0.031128879636526108,0.032959990203380585,8.69777561724186,2.4762022,0.0,3.2541165670914616,3.558031478912356,,4.821707440020638,0.2212062047189637
2019-08-15,Milagros (Masbate),29.69191563874483,33.84197512641549,0.02624591812491417,0.03418073058128357,8.69777561724186,0.7024731,0.0,3.095052340845207,3.308158409807331,,4.530260594816855,0.20126354842694333
2019-08-16,Milagros (Masbate),29.870632030069828,33.86486400850117,0.0238044373691082,0.03234962001442909,8.69777561724186,1.0778269,0.0,2.5791933313682724,2.4516211567736472,,3.5584665991006186,0.18132089213492297
2019-08-17,Milagros (Masbate),30.02224798500538,33.88164918869734,0.06164738908410072,-0.008545182645320892,8.69777561724186,0.9834638,0.0,4.364247209760389,1.5726998372668166,,4.63896955002298,0.16137823584290262
2019-08-18,Milagros (Masbate),30.07205419242382,33.87554548680782,0.07324442267417908,-0.009155552834272385,8.69777561724186,1.1767604,0.0,4.794262304628103,1.7586947553423204,0.14143557955088223,5.106658230981054,0.14143557955088223
2019-08-19,Milagros (Masbate),30.12918484210968,33.884701039642096,0.07568590342998505,-0.006103701889514923,8.545183062553406,1.142095,0.0,4.747432916363767,1.6135317782859027,,5.0141404143594395,0.1471429243521327
2019-08-20,Milagros (Masbate),29.935087122023106,33.84502697736025,0.05371257662773132,0.0048829615116119385,8.545183062553406,0.6035806,42.737311341941485,5.162361130639949,1.8793258633060783,,5.493799973027168,0.15285026915338315
2019-08-21,Milagros (Masbate),29.447279267013073,33.742789970710874,0.06836146116256714,-0.005493331700563431,8.545183062553406,0.6035806,26.41735676577802,7.083158439045201,1.4741668259971867,,7.234936164437657,0.1585576139546336
2019-08-22,Milagros (Masbate),29.015869617462158,33.67564924992621,0.07446516305208206,-0.0006103701889514923,8.545183062553406,0.6044415,47.00760706346369,7.120555928307538,3.191557208302663,,7.803099008856949,0.16426495875588407
2019-08-23,Milagros (Masbate),28.7712332457304,33.634449262171984,0.02136295661330223,0.0238044373691082,8.545183062553406,0.7071977,23.503803531731844,5.133906219984827,5.071340123243777,,7.216334507298086,0.16997230355713452
2019-08-24,Milagros (Masbate),28.88988921046257,33.66038999520242,-0.014648884534835815,0.04028443247079849,8.545183062553406,0.6440182,0.0,2.673290460896002,3.689326119153296,,4.556051920444309,0.175679648358385
2019-08-25,Milagros (Masbate),29.346934407949448,33.6832788772881,0.02624591812491417,0.03479110077023506,8.69777561724186,0.64524025,12.410052833402375,2.728464221668221,0.7683971568578684,,2.834598948632915,0.18138699315963547
2019-08-26,Milagros (Masbate),29.12646869570017,33.62681963481009,0.08362071588635445,-0.04577776417136192,8.545183062553406,0.6002399,27.303501044035436,4.706552397646311,-2.2326155724970413,,5.209242532878127,0.18709433796088593
2019-08-27,Milagros (Masbate),28.75438702851534,33.536790031939745,0.06775109097361565,0.0024414807558059692,8.545183062553406,0.79077625,22.638948309010473,5.5584873471115905,3.651329184029688,,6.6504876812265845,0.19280168276213638
2019-08-28,Milagros (Masbate),28.479720443487167,33.501693746075034,-0.0012207403779029846,0.032959990203380585,8.545183062553406,0.9911148,0.0,2.9291456551063573,5.9664832881362875,,6.646714759671732,0.19850902756338684
2019-08-29,Milagros (Masbate),28.621082179248333,33.48338264040649,0.017090365290641785,0.029908139258623123,8.69777561724186,1.2196683,0.0,3.02778602642356,2.8404598390701157,,4.151590095273858,0.2042163723646373
2019-08-30,Milagros (Masbate),28.74193547666073,33.50779744796455,0.05249183624982834,-0.012817773967981339,8.545183062553406,1.5071795,12.117678978863884,3.9159958256383214,-0.2696097922495709,,3.9252659459574986,0.20992371716588776
2019-08-31,Milagros (Masbate),28.883297212421894,33.513901149854064,0.05859553813934326,-0.05066072568297386,8.69777561724186,1.5422151,14.778612394120097,2.8714947342845103,-0.4474397514478841,,2.906145959892485,0.21563106196713822
2019-09-01,Milagros (Masbate),29.07812737673521,33.391827112063766,0.07263405248522758,-0.04516739398241043,8.69777561724186,1.2877318,15.519935830369683,2.434937817453009,0.8308070830101507,,2.572773325429712,0.22133840676838867
2019-09-02,Milagros (Masbate),28.91405986994505,33.4681233856827,0.02868739888072014,0.02624591812491417,8.545183062553406,1.3199266,0.0,3.4551422334247412,4.186040426219496,,5.427793502256622,0.22704575156963913
2019-09-03,Milagros (Masbate),29.038575388491154,33.501693746075034,-0.016479995101690292,0.04211554303765297,8.545183062553406,0.8168688,0.0,1.040827601421282,3.4020243111422674,,3.557680636240892,0.2327530963708896
2019-09-04,Milagros (Masbate),29.25025177001953,33.536790031939745,0.0,0.040894802659749985,8.69777561724186,0.86966217,0.0,1.3490991243922499,2.6890909922233925,,3.0085343295187648,0.23846044117214005
2019-09-05,Milagros (Masbate),29.481704145669937,33.5688344668597,0.03662221133708954,0.031128879636526108,8.69777561724186,0.79730684,0.0,3.1013686832111325,3.026004802062792,,4.3330350530903665,0.2441677859733905
2019-09-06,Milagros (Masbate),29.668477423489094,33.59935297630727,0.028077028691768646,0.038453321903944016,8.69777561724186,2.8051867,0.0,3.701736507126713,3.2617053383634187,,4.933718160019186,0.24987513077464096
2019-09-07,Milagros (Masbate),29.7614978402853,33.620715932920575,0.023194067180156708,0.025635547935962677,8.545183062553406,0.87620014,0.0,3.5544526760225454,2.796704785063941,0.2555824755758914,4.522796864870606,0.2555824755758914
2019-09-08,Milagros (Masbate),29.866237364709377,33.64970851689577,0.03662221133708954,0.020142216235399246,8.545183062553406,0.6671777,0.0,4.114488545193362,2.9291877632132306,,5.050659060032217,0.25789518553687313
2019-09-09,Milagros (Masbate),29.951200895011425,33.680227026343346,0.06286812946200371,0.0012207403779029846,8.545183062553406,0.5604846,0.0,5.430427220098989,2.0975212587541012,,5.821437556456087,0.2602078954978549
2019-09-10,Milagros (Masbate),29.811304047703743,33.70006405748427,0.08789330720901489,-0.01892147585749626,8.545183062553406,0.5030089,5.0144334709910305,6.437808469438821,8.538814955229382e-05,,6.437808470005096,0.2625206054588366
2019-09-11,Milagros (Masbate),29.467787705361843,33.61461223103106,0.11597033590078354,-0.030518509447574615,8.545183062553406,0.48708826,45.60759776117352,6.762508108997558,-1.618024971542179,,6.953381963677229,0.2648333154198183
2019-09-12,Milagros (Masbate),29.005615398287773,33.50627152249217,0.09704886004328728,-0.014648884534835815,8.545183062553406,1.0538533,9.549460623859149,5.60376049150035,0.7115012652434352,,5.648749038198037,0.2671460253808
2019-09-13,Milagros (Masbate),28.994628734886646,33.48338264040649,0.038453321903944016,0.021973326802253723,8.545183062553406,1.2558806,4.817695805315555,4.047662228325237,3.0418600550027284,,5.0632481776851535,0.2694587353417818
2019-09-14,Milagros (Masbate),29.017334505915642,33.47270116209984,0.003662221133708954,0.03234962001442909,8.545183062553406,1.2470208,0.0,4.869302280389929,3.664349423315775,,6.094059516772479,0.2717714453027635
2019-09-15,Milagros (Masbate),28.892818987369537,33.48643449135125,0.009155552834272385,0.025025177747011185,8.545183062553406,1.0879465,8.322403930989045,5.635160158428652,3.6608375273756697,,6.719878080217203,0.2740841552637452
2019-09-16,Milagros (Masbate),28.96386607736349,33.5184789262712,0.0158696249127388,0.029908139258623123,8.545183062553406,1.1381823,0.0,5.024173315896173,3.942311409226068,,6.386245904714066,0.2763968652247269
2019-09-17,Milagros (Masbate),29.00854517519474,33.52916040457785,0.014648884534835815,0.03234962001442909,8.545183062553406,0.8081736,16.893572840197333,4.2843463533391795,4.531192910424543,,6.235970884060666,0.27870957518570866
2019-09-18,Milagros (Masbate),29.007080286741257,33.55357521213591,0.014038514345884323,0.02929776906967163,8.545183062553406,0.7501561,0.0,4.600676988902408,4.9471898356514075,,6.755806097438612,0.28102228514669036
2019-09-19,Milagros (Masbate),28.982909627258778,33.584093721583486,0.04699850454926491,0.012207403779029846,8.545183062553406,1.645649,0.0,6.073398254075245,4.207881722883846,,7.38866936236723,0.28333499510767207
2019-09-20,Milagros (Masbate),29.0253913924098,33.608508529141545,0.040894802659749985,0.01892147585749626,8.545183062553406,1.6384928,4.640204872611086,4.239031235505383,3.723756657892836,,5.642317738553149,0.2856477050686538
2019-09-21,Milagros (Masbate),29.100833147764206,33.62681963481009,0.01892147585749626,0.023194067180156708,8.545183062553406,2.5557551,0.0,3.7088036440695165,3.0966748127855515,,4.831626989576467,0.28796041502963554
2019-09-22,Milagros (Masbate),29.494155697524548,33.66038999520242,0.04516739398241043,0.004272591322660446,8.69777561724186,2.572967,3.560374915237117,2.271353940613793,0.6037697333612392,0.29027312499061725,2.3502311831955827,0.29027312499061725
2019-09-23,Milagros (Masbate),29.918973349034786,33.67259739898145,-0.0238044373691082,-0.027466658502817154,8.69777561724186,1.9466485,1.9496396816284611,-1.191428017603433,-1.0856814090724507,,1.6118947990287669,0.2722365150135677
2019-09-24,Milagros (Masbate),29.858180478215218,33.68938257917762,-0.1110873743891716,0.01037629321217537,8.69777561724186,1.2788645,0.0,-2.3749770443204166,-1.7835723179396745,,2.9701256159242906,0.2541999050365182
2019-09-25,Milagros (Masbate),29.935819566249847,33.704641833901405,-0.08117923513054848,-0.03723258152604103,8.69777561724186,0.6734492,0.0,-1.5708921832922411,-2.514774767130427,,2.965096015464686,0.23616329505946865
2019-09-26,Milagros (Masbate),30.192175045609474,33.71990108862519,-0.05615405738353729,-0.024414807558059692,8.69777561724186,0.44574007,0.1488470059137557,-0.7696007215680502,-1.0645921265989993,,1.3136368092645103,0.21812668508241911
2019-09-27,Milagros (Masbate),30.449995413422585,33.7336344178766,-0.024414807558059692,-0.03479110077023506,8.69777561724186,1.1563708,0.0,-0.08470552724566364,-0.9213956620053276,0.20009007510536958,0.9252810342313311,0.20009007510536958
2019-09-28,Milagros (Masbate),30.495406955480576,33.742789970710874,0.046388134360313416,-0.025025177747011185,8.69777561724186,0.78194815,2.4473290554650173,2.498079556594932,0.6445624360818846,,2.5798957740740898,0.21090603773232602
2019-09-29,Milagros (Masbate),30.331339448690414,33.74431589618325,0.05371257662773132,0.012817773967981339,8.69777561724186,0.608538,0.0,2.861457714365761,3.175432181723329,,4.274495267493871,0.22172200035928244
2019-09-30,Milagros (Masbate),30.384807877242565,33.765678852796555,0.0079348124563694,0.03357036039233208,8.545183062553406,0.9856865,7.40322552104509,0.7654498097566248,2.6758369143829595,,2.783166650351892,0.23253796298623888
2019-10-01,Milagros (Masbate),30.650685131549835,33.765678852796555,-0.0006103701889514923,-0.0079348124563694,8.69777561724186,1.1558914,4.292930353485788,0.158377755760312,0.2147596892929781,,0.2668430955915658,0.2433539256131953
2019-10-02,Milagros (Masbate),30.729056663811207,33.77330848015845,-0.01037629321217537,-0.009155552834272385,8.69777561724186,0.7278091,8.044004167552893,0.22259833550616423,-1.1027726919268246,,1.1250145016974893,0.25416988824015174
2019-10-03,Milagros (Masbate),30.80816064029932,33.77941218204796,0.0024414807558059692,-0.056764427572488785,8.69777561724186,1.8357614,14.127265647748906,0.2703045305724107,-1.468243322424526,,1.4929176109525206,0.2649858508671082
2019-10-04,Milagros (Masbate),30.80010375380516,33.78551588393748,0.03357036039233208,-0.05615405738353729,8.69777561724186,1.156291,0.10108844261865829,1.1846020099373722,-1.3322457669560603,,1.7827396628560221,0.27580181349406463
2019-10-05,Milagros (Masbate),30.928281493484974,33.79772328771651,0.02075258642435074,-0.024414807558059692,8.69777561724186,1.2116272,8.82140005626253,-0.5006391685351436,-0.47698573464017174,,0.6914875039520123,0.286617776121021
2019-10-06,Milagros (Masbate),30.82793663442135,33.80840476602316,-0.07873775437474251,-0.005493331700563431,8.69777561724186,1.9796923,0.0,-3.8826172885385617,-2.324487304217963,,4.525257808868907,0.29743373874797746
2019-10-07,Milagros (Masbate),30.708548225462437,33.82824179716408,-0.03906369209289551,-0.03723258152604103,8.545183062553406,0.8592791,0.09007593004021634,-2.6768757115603314,-3.6730211222205713,0.3082497013749339,4.544969498183689,0.3082497013749339
2019-10-08,Milagros (Masbate),30.716605111956596,33.84197512641549,-0.017700735479593277,-0.051881466060876846,8.69777561724186,0.5360177,0.09007593004021634,-0.6716024636653709,-2.4511446810124498,,2.541487776176982,0.31167671468162855
2019-10-09,Milagros (Masbate),30.56205938011408,33.82213809527457,-0.021973326802253723,-0.043336283415555954,8.545183062553406,0.7689181,0.0,-0.9376298628712499,-1.9726876754725529,,2.184180950541704,0.3151037279883232
2019-10-10,Milagros (Masbate),30.72246466577053,33.81908624432981,-0.0006103701889514923,-0.05371257662773132,8.69777561724186,0.73515445,0.0,0.4913071782710561,-1.2376071847359102,,1.3315608461991562,0.31853074129501785
2019-10-11,Milagros (Masbate),30.753959767520428,33.8343454990536,0.019531846046447754,-0.051881466060876846,8.69777561724186,0.6184987,0.0,0.6767842880954503,-1.8279656600618337,,1.9492294444159624,0.3219577546017125
2019-10-12,Milagros (Masbate),30.872615732252598,33.84655290283263,-0.007324442267417908,-0.022583696991205215,8.69777561724186,0.795846,0.0,-0.8643683867781372,-1.8148440632400848,,2.010172052820161,0.3253847679084071
2019-10-13,Milagros (Masbate),30.658742018043995,33.87096771039069,-0.039674062281847,-0.0317392498254776,8.545183062553406,0.92469674,0.0,-2.6384987248779397,-2.86924631105532,,3.8979802352868695,0.32881178121510174
2019-10-14,Milagros (Masbate),30.54228338599205,33.88775289058685,-0.04211554303765297,-0.022583696991205215,8.545183062553406,0.87898403,0.0,-3.349123312754029,-2.8562959525959157,,4.401710296333498,0.3322387945217964
2019-10-15,Milagros (Masbate),30.426557198166847,33.90301214531064,-0.03784295171499252,-0.027466658502817154,8.545183062553406,0.6054633,0.0,-3.373700919211099,-3.123531781624754,,4.597641643615314,0.33566580782849104
2019-10-16,Milagros (Masbate),30.347453221678734,33.921323250979185,-0.028077028691768646,-0.028077028691768646,8.545183062553406,0.44519076,0.0,-3.0655418659817375,-2.9052547874593,,4.223511845862632,0.3390928211351857
2019-10-17,Milagros (Masbate),30.51811272650957,33.93047880381346,-0.038453321903944016,-0.03784295171499252,8.69777561724186,1.2074778,0.0,-1.0863561943518454,-1.5163355048083005,0.34251983444188033,1.865326551612041,0.34251983444188033
2019-10-18,Milagros (Masbate),30.53862116485834,33.94116028212011,-0.04211554303765297,-0.043336283415555954,8.69777561724186,0.6568508,10.20997496018787,-1.4219748507793961,-1.928145877699988,,2.3957794142910034,0.3499622155857427
2019-10-19,Milagros (Masbate),30.59941403567791,33.945738058537245,-0.04455702379345894,-0.04516739398241043,8.69777561724186,1.1781275,0.0,-1.3216090868120793,-1.9157501262961487,,2.3273910553982904,0.357404596729605
2019-10-20,Milagros (Masbate),30.53862116485834,33.95031583495438,-0.043946653604507446,-0.03784295171499252,8.69777561724186,1.0338929,4.4271372336644905,-1.5865730702652365,-1.7174696566114167,,2.338143735674049,0.36484697787346737
2019-10-21,Milagros (Masbate),30.606738477945328,33.957945462316275,-0.048829615116119385,-0.02685628831386566,8.69777561724186,0.6247285,0.0,-1.6506601314983405,-1.4490956311244598,,2.1964874272032873,0.3722893590173297
2019-10-22,Milagros (Masbate),30.60380870103836,33.95489361137152,-0.040894802659749985,-0.025635547935962677,8.69777561724186,1.1321852,0.0,-1.3846488070493477,-1.6823845457797766,0.37973174016119204,2.1789148856120577,0.37973174016119204
2019-10-23,Milagros (Masbate),30.690969564020634,33.97167879156768,-0.048829615116119385,-0.020142216235399246,8.69777561724186,0.68986756,0.0,-1.8668164225924664,-1.4453147594557691,,2.3609189544670146,0.3743099791591973
2019-10-24,Milagros (Masbate),30.5957518145442,33.98998989723623,-0.062257759273052216,-0.021973326802253723,8.545183062553406,0.68637127,0.0,-3.184289762795691,-2.0887739573894017,,3.8082381672518357,0.3688882181572025
2019-10-25,Milagros (Masbate),30.527634501457214,34.00982692837715,-0.04699850454926491,-0.031128879636526108,8.545183062553406,0.5801722,0.0,-3.706513693978469,-3.2941330057885594,,4.958785740831669,0.36346645715520776
2019-10-26,Milagros (Masbate),30.404583871364594,34.02661210857332,-0.02685628831386566,-0.02929776906967163,8.545183062553406,2.1574073,13.157850950291383,-3.8011982877654877,-4.171171393336879,,5.643383667225116,0.35804469615321305
2019-10-27,Milagros (Masbate),30.209021262824535,33.98541212081909,-0.046388134360313416,-0.01342814415693283,8.545183062553406,2.1574073,46.09031780157805,-4.987498080109586,-2.1385701006582596,,5.4266581958445,0.3526229351512183
2019-10-28,Milagros (Masbate),30.08011107891798,33.93047880381346,-0.062257759273052216,0.023194067180156708,8.545183062553406,1.4595201,18.03513381447318,-3.3510714528817234,1.5920025362987889,,3.7100070024058716,0.3472011741492235
2019-10-29,Milagros (Masbate),30.184118159115314,33.91369362361729,-0.07568590342998505,0.0238044373691082,8.545183062553406,1.3368816,0.0,-2.694248008860085,-0.7455601526394342,,2.795502150678885,0.34177941314722876
2019-10-30,Milagros (Masbate),30.062532417476177,33.921323250979185,-0.03784295171499252,-0.02685628831386566,8.545183062553406,1.8947729,13.965319372335745,-3.0830009684066377,-3.0100104048652128,,4.30871878968599,0.336357652145234
2019-10-31,Milagros (Masbate),29.849391147494316,33.922849176451564,-0.02136295661330223,-0.01892147585749626,8.545183062553406,1.4912434,9.01756690723659,-2.6460460242936032,-2.4666301207282335,,3.617433304867384,0.3309358911432393
2019-11-01,Milagros (Masbate),29.81423382461071,33.9060639962554,-0.040894802659749985,-0.0238044373691082,8.545183062553406,0.9250002,18.765475454968804,-2.800327308664542,-1.5153271220392313,,3.184030358278654,0.32551413014124453
2019-11-02,Milagros (Masbate),29.847926259040833,33.88775289058685,-0.051271095871925354,0.017090365290641785,8.545183062553406,0.758376,9.382737727484402,-2.210833620150205,0.7765007669517229,,2.34323254011698,0.32009236913924977
2019-11-03,Milagros (Masbate),30.00247199088335,33.87096771039069,0.0048829615116119385,0.039674062281847,8.69777561724186,0.7078543,0.0,1.0051775978605457,1.6671292865649585,,1.9467157114903255,0.314670608137255
2019-11-04,Milagros (Masbate),30.03543198108673,33.89233066700399,0.039674062281847,0.005493331700563431,8.69777561724186,1.6924657,0.0,2.798025239072439,1.515094867173741,,3.1818952991923846,0.30924884713526024
2019-11-05,Milagros (Masbate),30.061799973249435,33.884701039642096,0.02868739888072014,0.03234962001442909,8.69777561724186,1.0176773,0.0,1.9629330343444102,2.87265464334967,,3.479260093364532,0.3038270861332655
2019-11-06,Milagros (Masbate),29.94460889697075,33.88012326322496,-0.009155552834272385,0.03784295171499252,8.545183062553406,0.88191116,0.0,2.6251881311321106,5.250601474876926,,5.870300552085613,0.2984053251312707
2019-11-07,Milagros (Masbate),29.72780540585518,33.90301214531064,-0.01892147585749626,0.03906369209289551,8.545183062553406,1.1053997,0.0,2.0118827906395165,5.704431975096022,,6.0488194320684885,0.292983564129276
2019-11-08,Milagros (Masbate),29.700704969465733,33.92590102739632,-0.0158696249127388,0.03662221133708954,8.545183062553406,3.5135875,0.0,1.1983795403718895,3.9072190565699407,,4.086866070573544,0.28756180312728125
2019-11-09,Milagros (Masbate),29.82668537646532,33.944212133064866,0.039674062281847,-0.0048829615116119385,8.69777561724186,1.422954,0.0,2.456610183604306,0.14985686891381028,,2.4611766851140597,0.2821400421252865
2019-11-10,Milagros (Masbate),29.787133388221264,33.95489361137152,0.0714133121073246,-0.03234962001442909,8.545183062553406,0.9370286,0.0,4.278654857547166,-1.6415544221085563,,4.582748990590268,0.2767182811232917
2019-11-11,Milagros (Masbate),29.60109255462885,33.968626940622926,0.03784295171499252,-0.03662221133708954,8.545183062553406,0.8964494,12.179906823814036,-0.24954737497390314,-4.429444184146648,,4.436468153027466,0.271296520121297
2019-11-12,Milagros (Masbate),29.29493086785078,33.982360269874334,0.022583696991205215,-0.03479110077023506,8.545183062553406,0.8964494,4.248027991087877,-0.8649866585548458,-4.992817575743185,,5.067191457220453,0.26587475911930225
2019-11-13,Milagros (Masbate),28.94335763901472,33.956419536843896,0.048829615116119385,-0.036011841148138046,8.545183062553406,0.8525235,27.920966703558065,2.825783199783069,-5.534349740143052,,6.214022669607644,0.2604529981173075
2019-11-14,Milagros (Masbate),28.823236785829067,33.87859733775258,0.02075258642435074,-0.03906369209289551,8.69777561724186,0.85396683,37.292639803934776,1.9135774886372445,-1.7397119238226406,,2.5861895489135938,0.2550312371153127
2019-11-15,Milagros (Masbate),28.839350558817387,33.8770714122802,0.05493331700563431,-0.023194067180156708,8.545183062553406,1.0545136,27.88206225814974,4.732291304741432,-2.5508936500446606,,5.376024498341645,0.24960947611331796
2019-11-16,Milagros (Masbate),28.675283052027225,33.825189946219325,0.08850367739796638,-0.03234962001442909,8.545183062553406,1.0531573,0.0,5.542834918978985,-3.133477777808948,,6.367236600211687,0.24418771511132323
2019-11-17,Milagros (Masbate),28.670888386666775,33.83281957358122,0.04516739398241043,0.003662221133708954,8.545183062553406,1.0738177,0.0,3.4078227269465167,2.0993438051869218,,4.002561698546307,0.23876595410932847
2019-11-18,Milagros (Masbate),28.89428387582302,33.849604753777385,-0.0012207403779029846,0.04821924492716789,8.69777561724186,1.0601453,0.0,0.5745667073256934,1.7819224442048336,,1.872264537486094,0.2333441931073337
2019-11-19,Milagros (Masbate),29.334482856094837,33.86486400850117,-0.017700735479593277,0.06103701889514923,8.69777561724186,0.73343456,7.244406937102034,0.18720343230513298,0.9423158126699437,,0.9607310840576768,0.22792243210533897
2019-11-20,Milagros (Masbate),29.325693525373936,33.85876030661166,-0.02624591812491417,0.08423108607530594,8.69777561724186,0.6101141,0.0,-0.32277568427129233,1.2467400509996207,,1.2878450594397364,0.2225006711033442
2019-11-21,Milagros (Masbate),29.445081934332848,33.83281957358122,-0.09582811966538429,0.05859553813934326,8.69777561724186,0.46328887,0.0,-2.936888006863498,-0.21361137571788974,0.21707891010134944,2.9446461561102275,0.21707891010134944
2019-11-22,Milagros (Masbate),29.387951284646988,33.84655290283263,-0.09094515815377235,0.017700735479593277,8.545183062553406,1.2651156,0.0,-3.3293924724168886,-1.584807388231712,,3.687338971830507,0.20934219918359745
2019-11-23,Milagros (Masbate),29.34400463104248,33.80993069149554,-0.07324442267417908,-0.0158696249127388,8.69777561724186,1.4745513,0.0,-3.2672641754370493,-3.0437980705210315,,4.465391571430427,0.20160548826584543
2019-11-24,Milagros (Masbate),29.27808465063572,33.8343454990536,-0.051271095871925354,-0.015259254723787308,8.545183062553406,0.58472145,0.0,-4.783704524352392,-3.285317565122103,,5.8032008822725905,0.19386877734809344
2019-11-25,Milagros (Masbate),29.145512245595455,33.80840476602316,-0.05798516795039177,-0.011597033590078354,8.545183062553406,0.5294728,20.463371864922387,-4.99186247086028,-3.1559784889166163,,5.905835347390553,0.18613206643034141
2019-11-26,Milagros (Masbate),29.050294496119022,33.80382698960602,-0.051881466060876846,-0.010986663401126862,8.545183062553406,0.5220751,5.993440937560664,-4.520272651776249,-3.2567606338290713,,5.571297395800642,0.17839535551258942
2019-11-27,Milagros (Masbate),29.023194059729576,33.812982542440295,-0.04821924492716789,-0.014648884534835815,8.545183062553406,0.88148016,0.0,-4.493098952741071,-3.6720965439947357,,5.802777888868485,0.17065864459483743
2019-11-28,Milagros (Masbate),28.99169895797968,33.83129364810884,-0.0238044373691082,-0.02624591812491417,8.545183062553406,1.3209866,5.108578478830581,-4.064345317919883,-5.392444228702293,,6.752581552485089,0.1629219336770854
2019-11-29,Milagros (Masbate),28.769035913050175,33.85876030661166,-0.0048829615116119385,-0.02868739888072014,8.545183062553406,1.3132303,0.0,-3.959542616430324,-6.401505978806806,,7.5271014692261975,0.15518522275933339
2019-11-30,Milagros (Masbate),28.52146976441145,33.88927881605923,0.015259254723787308,-0.036011841148138046,8.545183062553406,1.0451419,0.0,-2.3090471126398806,-5.467873064955708,,5.935430432821086,0.1474485118415814
2019-12-01,Milagros (Masbate),28.353007592260838,33.91216769814491,0.04455702379345894,-0.04028443247079849,8.545183062553406,0.93202156,29.556842668544935,1.731032021495597,-6.20256052163759,,6.4395829743874184,0.1397118009238294
2019-12-02,Milagros (Masbate),28.073213897645473,33.80840476602316,0.15747550874948502,-0.046388134360313416,8.545183062553406,0.924881,161.83287874728623,8.614548188464918,-2.2006332485921036,,8.89118817628967,0.13197509000607738
2019-12-03,Milagros (Masbate),27.81832330673933,33.48490856587887,-0.032959990203380585,0.02136295661330223,8.545183062553406,2.2226439,23.118984156641467,-3.9076616004188476,5.993661546681475,,7.154984131328046,0.12423837908832538
2019-12-04,Milagros (Masbate),28.131076991558075,33.477278938516974,-0.07568590342998505,0.039674062281847,8.69777561724186,2.9622176,0.0,-2.950365017960553,0.09805424347851163,,2.95199396575764,0.11650166817057338
2019-12-05,Milagros (Masbate),28.369121365249157,33.51542707532644,-0.07507553324103355,0.010986663401126862,8.69777561724186,4.018927,0.0,-2.4678855492194,-0.9883750225821037,,2.6584477179944903,0.10876495725282137
2019-12-06,Milagros (Masbate),28.55369731038809,33.53373818099499,-0.02624591812491417,-0.031128879636526108,8.69777561724186,1.1960973,0.0,0.1284963015694189,-1.5071086902986703,0.10102824633506936,1.5125765778600408,0.10102824633506936
2019-12-07,Milagros (Masbate),28.541245758533478,33.55815298855305,-0.011597033590078354,-0.04516739398241043,8.69777561724186,1.9669718,0.0,-0.6934742966618241,-4.188873938711177,,4.245888773218666,0.142480645736189
2019-12-08,Milagros (Masbate),28.392559580504894,33.57951594516635,-0.005493331700563431,-0.031128879636526108,8.545183062553406,2.0262432,0.0,-3.2293935895232075,-6.232112803324542,,7.0191319227818525,0.18393304513730863
2019-12-09,Milagros (Masbate),28.22336496412754,33.585619647055864,-0.005493331700563431,-0.027466658502817154,8.545183062553406,1.4543184,0.0,-3.640871318104322,-4.520889504238848,,5.80468654317627,0.22538544453842824
2019-12-10,Milagros (Masbate),28.244605846703053,33.597827050834894,-0.02868739888072014,-0.022583696991205215,8.545183062553406,1.5971868,32.72140547808479,-2.7386170572221746,-3.13907623056247,,4.165791997614683,0.2668378439395479
2019-12-11,Milagros (Masbate),28.28415783494711,33.61613815650344,-0.051881466060876846,-0.009765923023223877,8.545183062553406,1.5164716,0.0,-4.011777724914527,-3.194265319784015,0.3082902433406675,5.128127479625994,0.3082902433406675
2019-12-12,Milagros (Masbate),28.24753562361002,33.645130740478635,-0.051271095871925354,-0.0079348124563694,8.545183062553406,1.5936382,0.0,-5.024422165173476,-4.045918798233897,,6.450912882359282,0.30785334833307515
2019-12-13,Milagros (Masbate),28.249000512063503,33.66649369709194,-0.062257759273052216,-0.0006103701889514923,8.545183062553406,1.1494592,21.102532042451127,-5.279011770040864,-2.9452206634890072,,6.045021920958815,0.30741645332548284
2019-12-14,Milagros (Masbate),28.252662733197212,33.68633072823286,-0.056764427572488785,-0.006103701889514923,8.545183062553406,1.9600843,8.884267164775856,-5.894393295652638,-4.014764176101738,,7.131774233214666,0.3069795583178905
2019-12-15,Milagros (Masbate),28.233619183301926,33.718375163152814,-0.0634784996509552,0.0,8.545183062553406,1.2908276,0.2344047070516776,-6.0389403574227725,-3.4260651405081948,,6.943106148368677,0.30654266331029817
2019-12-16,Milagros (Masbate),28.205786302685738,33.7549973744899,-0.06164738908410072,-0.001831110566854477,8.545183062553406,1.270887,0.8667211822757372,-6.284822754075282,-3.5975848796853866,,7.241658236666747,0.3061057683027058
2019-12-17,Milagros (Masbate),28.191869862377644,33.788567734882236,-0.06286812946200371,-0.0030518509447574615,8.545183062553406,1.7641517,0.3874548395555353,-5.949073785634689,-4.014356705636022,,7.176805603261854,0.3056688732951135
2019-12-18,Milagros (Masbate),28.09665211290121,33.82213809527457,-0.039674062281847,-0.011597033590078354,8.545183062553406,1.4522572,0.0,-4.256935504245999,-4.040200974374692,,5.868962753387377,0.30523197828752113
2019-12-19,Milagros (Masbate),28.117892995476723,33.85265660472214,-0.04699850454926491,-0.009765923023223877,8.545183062553406,1.178848,0.0,-4.564399972522486,-3.354548836563246,,5.664516308216537,0.3047950832799288
2019-12-20,Milagros (Masbate),28.123020105063915,33.88317511416972,-0.06042664870619774,-0.0006103701889514923,8.545183062553406,1.543449,0.0,-4.847752698174495,-2.8227772880622126,,5.609703899552806,0.30435818827233646
2019-12-21,Milagros (Masbate),28.12082277238369,33.909115847200155,-0.059816278517246246,0.0,8.545183062553406,1.17614,0.9448596343065614,-4.612161803469309,-2.6028619136193294,,5.295934916778278,0.30392129326474415
2019-12-22,Milagros (Masbate),28.18601030856371,33.93963435664773,-0.043946653604507446,-0.011597033590078354,8.545183062553406,1.1394224,0.0,-2.751350031383992,-3.2975458355076137,,4.294617041421772,0.3034843982571518
2019-12-23,Milagros (Masbate),28.21530807763338,33.96557508967817,-0.043336283415555954,-0.010986663401126862,8.545183062553406,1.3282049,0.0,-3.1633868390243327,-3.1989343537762682,,4.498910678495668,0.3030475032495594
2019-12-24,Milagros (Masbate),27.94943082332611,33.944212133064866,-0.012207403779029846,-0.0158696249127388,8.545183062553406,1.3255254,98.23612400387653,-4.164216131730781,-6.1010915832397,,7.386745866675337,0.3026106082419671
2019-12-25,Milagros (Masbate),27.706259340047836,33.86333808302879,-0.14709921553730965,0.06836146116256714,8.545183062553406,1.5761051,17.11432134113737,-5.388888713900645,3.535637252522814,,6.445219340893901,0.30217371323437475
2019-12-26,Milagros (Masbate),27.870326846837997,33.8557084556669,-0.09094515815377235,0.04943998530507088,8.69777561724186,1.6827147,0.0,-2.578262670176406,1.5916216066868747,,3.029966622802581,0.30173681822678244
2019-12-27,Milagros (Masbate),28.016815692186356,33.860286232084036,-0.08362071588635445,0.035401470959186554,8.69777561724186,2.9042983,0.0,-3.318352160513222,-0.2977796862222423,,3.3316863301801662,0.3012999232191901
2019-12-28,Milagros (Masbate),27.99850458651781,33.88927881605923,-0.08423108607530594,0.019531846046447754,8.545183062553406,2.641224,0.0,-5.299462664685842,-1.2420704047655506,,5.443072976250972,0.30086302821159777
2019-12-29,Milagros (Masbate),27.92892238497734,33.91674547456205,-0.07019257172942162,0.01037629321217537,8.545183062553406,3.0347366,0.0,-4.8348860770741355,-1.8590454506648484,,5.179978124077649,0.3004261332040054
2019-12-30,Milagros (Masbate),27.939176604151726,33.94116028212011,-0.06469924002885818,-0.0006103701889514923,8.545183062553406,2.3151126,0.0,-4.9386196899931285,-3.0008100117433165,,5.778825587346165,0.2999892381964131
2019-12-31,Milagros (Masbate),27.90841394662857,33.96557508967817,-0.04943998530507088,-0.0079348124563694,8.545183062553406,2.7727597,0.0,-5.410467670480878,-4.209522890947408,0.29955234318882074,6.855161805729241,0.29955234318882074
2020-01-01,Milagros (Masbate),27.827112637460232,33.994567673653364,-0.05310220643877983,-0.005493331700563431,8.545183062553406,1.6122377,0.0,-6.380552135024477,-4.680486304621136,,7.913178728899748,0.2995344837002658
2020-01-02,Milagros (Masbate),27.804406866431236,34.02203433215618,-0.048829615116119385,-0.009155552834272385,8.545183062553406,2.3853097,0.0,-5.057765308806819,-4.66237873183332,,6.878863667643182,0.29951662421171094
2020-01-03,Milagros (Masbate),27.738486886024475,34.041871363297105,-0.054322946816682816,-0.006103701889514923,8.545183062553406,1.9690573,6.030783375668477,-5.559395421018087,-4.230500202984505,,6.985986645756547,0.299498764723156
2020-01-04,Milagros (Masbate),27.635212250053883,34.066286170855165,-0.05798516795039177,-0.004272591322660446,8.545183062553406,1.787821,1.7953323457110484,-6.151917324028381,-4.376344395404651,,7.549733573370005,0.2994809052346011
2020-01-05,Milagros (Masbate),27.50703451037407,34.09680468030274,-0.07324442267417908,0.003662221133708954,8.545183062553406,1.195425,11.210823223508637,-7.418146279969851,-4.669519730224655,,8.765461125462133,0.2994630457460462
2020-01-06,Milagros (Masbate),27.426465645432472,34.124271338805556,-0.06591998040676117,0.0012207403779029846,8.545183062553406,0.59221226,7.810520192430662,-6.149434396868275,-4.170037498418363,,7.429990318944028,0.2994451862574913
2020-01-07,Milagros (Masbate),27.47041229903698,34.1425824444741,-0.06836146116256714,0.0012207403779029846,8.545183062553406,1.2238693,7.778188442361765,-4.755749505137891,-2.9199792044796813,,5.5806300639097275,0.29942732676893635
2020-01-08,Milagros (Masbate),27.51142917573452,34.162419475615025,-0.06958220154047012,0.001831110566854477,8.545183062553406,0.99041843,0.0,-5.022115811722784,-2.9450603663825063,,5.821943643491671,0.2994094672803814
2020-01-09,Milagros (Masbate),27.497512735426426,34.18378243222833,-0.05737479776144028,-0.0030518509447574615,8.545183062553406,0.8103744,0.0,-4.662095203189834,-3.1305127359920393,,5.615624780361845,0.29939160779182655
2020-01-10,Milagros (Masbate),27.525345616042614,34.20514538884163,-0.05493331700563431,-0.006103701889514923,8.545183062553406,2.296913,0.0,-4.3601628454733525,-3.215289801943806,0.2993737483032716,5.417481753502279,0.2993737483032716
2020-01-11,Milagros (Masbate),27.586870931088924,34.22498241998255,-0.04943998530507088,-0.009155552834272385,8.545183062553406,2.5135963,0.0,-3.654183417322526,-3.0742108842227744,,4.775335486445817,0.29578649086250286
2020-01-12,Milagros (Masbate),27.53633227944374,34.23871574923396,-0.0317392498254776,-0.0079348124563694,8.545183062553406,2.0412319,0.0,-2.2508627531005567,-2.7442152029056253,,3.549239385157583,0.2921992334217341
2020-01-13,Milagros (Masbate),27.619098477065563,34.25244907848537,-0.03479110077023506,-0.014038514345884323,8.545183062553406,0.7405375,0.0,-2.1931995342250827,-2.781716596897735,,3.5423257081162705,0.28861197598096533
2020-01-14,Milagros (Masbate),27.631550028920174,34.26313055679202,-0.0317392498254776,-0.020142216235399246,8.545183062553406,0.6263083,11.322899785535089,-2.912988923166209,-3.870095031060974,,4.843876548378568,0.28502471854019656
2020-01-15,Milagros (Masbate),27.56929226964712,34.27381203509867,-0.02624591812491417,-0.017090365290641785,8.545183062553406,0.73065823,28.985143707925356,-3.98707677555209,-4.363440663340055,,5.910701788843381,0.2814374610994278
2020-01-16,Milagros (Masbate),27.631550028920174,34.269234258681536,-0.05371257662773132,-0.004272591322660446,8.69777561724186,1.2139413,5.632244037566272,-3.134308635670365,-1.9609930262546176,,3.697213041286243,0.2778502036586591
2020-01-17,Milagros (Masbate),27.91573838889599,34.27991573698819,-0.079348124563694,0.010986663401126862,8.69777561724186,4.1666374,0.0,-2.2246711398557624,-2.1173922100913773,,3.0712393999593686,0.2742629462178903
2020-01-18,Milagros (Masbate),27.958952598273754,34.27838981151581,-0.06836146116256714,-0.005493331700563431,8.69777561724186,1.5351045,4.994971205690086,-2.9773765531482397,-2.6544524887468515,,3.98884559167828,0.27067568877712156
2020-01-19,Milagros (Masbate),27.71211889386177,34.25550092943013,-0.06714072078466415,-0.0012207403779029846,8.545183062553406,1.5044743,6.696614739377407,-5.006166565683276,-3.6785180805572986,,6.212342469016984,0.2670884313363528
2020-01-20,Milagros (Masbate),27.47407452017069,34.27838981151581,-0.07385479286313057,0.005493331700563431,8.545183062553406,1.220416,0.0,-6.582707039346436,-3.834249946628867,0.26350117389558403,7.6179724742929205,0.26350117389558403
2020-01-21,Milagros (Masbate),27.113711960613728,34.3150120228529,-0.07568590342998505,0.005493331700563431,8.545183062553406,1.9610764,0.0,-6.411169200578519,-4.353644264405557,,7.749665083049591,0.2610597778463113
2020-01-22,Milagros (Masbate),26.88225958496332,34.34553053230047,-0.07324442267417908,0.005493331700563431,8.545183062553406,1.8276949,0.0,-6.2028192865801755,-3.609817640122399,,7.176750692124524,0.25861838179703855
2020-01-23,Milagros (Masbate),26.851496927440166,34.36841941438615,-0.06591998040676117,0.0024414807558059692,8.545183062553406,2.6379323,0.0,-4.7704076245341165,-3.3258529090543867,,5.815332017768097,0.25617698574776576
2020-01-24,Milagros (Masbate),26.95916622877121,34.365367563441396,-0.08606219664216042,0.014038514345884323,8.545183062553406,0.86069363,15.078720398413482,-5.05349215189029,-2.1017965947273045,,5.4731464309685744,0.253735589698493
2020-01-25,Milagros (Masbate),27.11078218370676,34.35010830871761,-0.08911404758691788,0.030518509447574615,8.69777561724186,0.7009593,0.0,-3.3074871189127117,-0.681917182720022,,3.377052277632421,0.2512941936492203
2020-01-26,Milagros (Masbate),27.513626508414745,34.3577379360795,-0.0872829370200634,0.06958220154047012,8.69777561724186,1.0513419,11.444307928878443,-1.4209990206108856,0.3892889635426621,,1.473358107763763,0.24885279759994755
2020-01-27,Milagros (Masbate),27.79415264725685,34.35621201060712,-0.06775109097361565,0.016479995101690292,8.69777561724186,2.1663778,0.0,-1.1333110451890887,-1.0232938234875206,,1.526932930529463,0.24641140155067479
2020-01-28,Milagros (Masbate),27.78902553766966,34.36384163796902,-0.08606219664216042,0.0317392498254776,8.69777561724186,2.0794475,0.0,-1.9103477089778673,-1.2085552280229257,,2.260538455408032,0.24397000550140205
2020-01-29,Milagros (Masbate),27.999237030744553,34.36841941438615,-0.043336283415555954,-0.004272591322660446,8.69777561724186,0.95202506,0.0,-0.45904594939051613,-2.014393006519993,,2.0660354228251987,0.24152860945212928
2020-01-30,Milagros (Masbate),27.97360148280859,34.37604904174805,-0.035401470959186554,-0.021973326802253723,8.69777561724186,0.7674713,0.0,-1.07273803352255,-3.3773092473137427,0.23908721340285655,3.543583587352886,0.23908721340285655
2020-01-31,Milagros (Masbate),27.77291176468134,34.38825644552708,-0.036011841148138046,-0.014038514345884323,8.545183062553406,0.9911706,15.248603708603802,-3.7272254410996166,-4.817700416943286,,6.09117778399184,0.26068305042623957
2020-02-01,Milagros (Masbate),27.414014093577862,34.412671253085136,-0.05493331700563431,-0.003662221133708954,8.545183062553406,1.2632054,0.0,-6.4780476485979515,-4.72632669601012,,8.018931685388234,0.28227888744962254
2020-02-02,Milagros (Masbate),27.039735093712807,34.44318976253271,-0.06469924002885818,0.0006103701889514923,8.545183062553406,0.78783786,0.0,-6.1629781098684555,-4.569941501689329,,7.6724614376079,0.30387472447300556
2020-02-03,Milagros (Masbate),26.721121855080128,34.47218234650791,-0.054322946816682816,-0.001831110566854477,8.545183062553406,2.1460578,0.0,-4.545009091694782,-4.119123363047344,,6.133863784238341,0.32547056149638853
2020-02-04,Milagros (Masbate),26.606128111481667,34.49049345217645,-0.04028443247079849,-0.007324442267417908,8.545183062553406,1.1988248,0.0,-2.639218010437636,-3.9720969413993856,0.34706639851977156,4.7689648581733906,0.34706639851977156
2020-02-05,Milagros (Masbate),26.600268557667732,34.47676012292504,-0.036011841148138046,-0.016479995101690292,8.545183062553406,1.1965907,13.764228726013679,-3.633872987894069,-4.531672480629264,,5.808707977152816,0.33505057775391783
2020-02-06,Milagros (Masbate),26.73430585116148,34.461500868201256,-0.07019257172942162,0.0012207403779029846,8.545183062553406,1.2308483,5.135650288502536,-6.0849103131874935,-3.459341757966423,,6.999512762896125,0.3230347569880641
2020-02-07,Milagros (Masbate),26.9555040076375,34.45539716631174,-0.09399700909852982,0.014648884534835815,8.545183062553406,0.6886501,10.97829667259665,-4.393925666882449,-2.3950442515645483,,5.004280141343084,0.3110189362222104
2020-02-08,Milagros (Masbate),27.17963194102049,34.4584490172565,-0.09765923023223877,0.010986663401126862,8.69777561724186,0.8241628,0.0,-4.519466020261446,-3.015633353802578,,5.433195894946585,0.29900311545635666
2020-02-09,Milagros (Masbate),27.15106661617756,34.45997494272888,-0.07263405248522758,0.0006103701889514923,8.545183062553406,0.767414,9.011344364158523,-6.002099923046106,-5.465045813038052,,8.117384383213277,0.28698729469050294
2020-02-10,Milagros (Masbate),26.923276461660862,34.47828604839742,-0.05493331700563431,-0.0030518509447574615,8.545183062553406,0.99265033,0.0,-6.353623752255046,-5.606374499375788,,8.47348628443279,0.27497147392464927
2020-02-11,Milagros (Masbate),26.691091641783714,34.49659715406597,-0.06408886983990669,0.0,8.545183062553406,1.1463505,7.103978849569634,-6.029869501439779,-4.115840832484082,,7.300648735745124,0.26295565315879554
2020-02-12,Milagros (Masbate),26.70207830518484,34.508804557845,-0.07568590342998505,0.006103701889514923,8.545183062553406,2.213842,0.0,-5.184566874019512,-3.00604050453282,,5.992997012019311,0.2509398323929418
2020-02-13,Milagros (Masbate),26.84929959475994,34.511856408789754,-0.0952177494764328,0.022583696991205215,8.545183062553406,2.1019514,0.0,-5.07379273776229,-1.8013248124098042,,5.384063876438741,0.23892401162708807
2020-02-14,Milagros (Masbate),27.07782219350338,34.51796011067927,-0.10376293212175369,0.030518509447574615,8.545183062553406,1.5585202,0.0,-5.391216148073026,-1.583573107407986,0.22690819086123434,5.618978140351602,0.22690819086123434
2020-02-15,Milagros (Masbate),27.22577592730522,34.52558973804116,-0.08423108607530594,0.014648884534835815,8.545183062553406,2.1721773,0.0,-4.584747545388453,-2.097268832647871,,5.0416710137950895,0.23160182958869716
2020-02-16,Milagros (Masbate),27.459425635635853,34.53169343993068,-0.07751701399683952,0.003662221133708954,8.69777561724186,0.81376266,0.0,-3.414772844239376,-3.2102083971669324,,4.686801844647985,0.23629546831616
2020-02-17,Milagros (Masbate),27.50703451037407,34.536271216347814,-0.04821924492716789,-0.015259254723787308,8.545183062553406,1.0463258,0.0,-4.418810405633259,-4.284233771302955,,6.15471724842868,0.2409891070436228
2020-02-18,Milagros (Masbate),27.41694387048483,34.54847862012684,-0.05249183624982834,-0.006714072078466415,8.545183062553406,1.797898,0.0,-6.448839775864294,-5.523914701783278,,8.491240668320907,0.24568274577108562
2020-02-19,Milagros (Masbate),27.129093289375305,34.55305639654398,-0.03357036039233208,-0.012817773967981339,8.545183062553406,1.7977823,6.900077342987061,-5.519652610137304,-6.71136370850798,,8.689589620026572,0.25037638449854843
2020-02-20,Milagros (Masbate),26.882992029190063,34.55458232201636,-0.04211554303765297,-0.009765923023223877,8.545183062553406,1.0515369,0.0,-6.640347513127981,-6.251190269357454,,9.11984620916462,0.25507002322601124
2020-02-21,Milagros (Masbate),26.694753862917423,34.55458232201636,-0.07202368229627609,0.001831110566854477,8.545183062553406,0.6553523,10.676655428888349,-7.094309433468195,-5.190498555510839,,8.790364133103697,0.2597636619534741
2020-02-22,Milagros (Masbate),26.564378790557384,34.559160098433495,-0.06164738908410072,-0.0030518509447574615,8.545183062553406,0.69322556,0.0,-5.065191133213608,-4.8730406179291625,,7.028704438228512,0.2644573006809369
2020-02-23,Milagros (Masbate),26.57829523086548,34.56373787485063,-0.07751701399683952,0.003662221133708954,8.545183062553406,0.9863593,0.0,-5.873576307234392,-3.7574568371266914,,6.972616475884452,0.26915093940839974
2020-02-24,Milagros (Masbate),26.706472970545292,34.56831565126777,-0.09949034079909325,0.014648884534835815,8.545183062553406,1.4130287,0.0,-5.778603363535992,-2.839074676390271,0.27384457813586255,6.438369502536338,0.27384457813586255
2020-02-25,Milagros (Masbate),26.79216894507408,34.57441935315728,-0.09399700909852982,0.012207403779029846,8.545183062553406,2.6200998,0.0,-4.871236886792169,-2.824715718433246,,5.630982835811926,0.2728826931096116
2020-02-26,Milagros (Masbate),26.903500467538834,34.57899712957442,-0.09460737928748131,0.0158696249127388,8.545183062553406,0.9523516,0.0,-4.600436285831661,-2.715423681926925,,5.342053892686425,0.2719208080833606
2020-02-27,Milagros (Masbate),26.999450661242008,34.583574905991554,-0.08606219664216042,0.004272591322660446,8.545183062553406,0.7746297,6.15448531272687,-5.612065845310197,-3.732479129656341,,6.739932010444721,0.27095892305710967
2020-02-28,Milagros (Masbate),27.041932426393032,34.58967860788107,-0.07080294191837311,0.0012207403779029846,8.545183062553406,0.586718,0.0,-5.384643111708385,-3.7971508688941,,6.588834203530378,0.2699970380308587
2020-02-29,Milagros (Masbate),27.096133299171925,34.59883416071534,-0.07629627361893654,0.01037629321217537,8.545183062553406,0.96778876,0.0,-4.757666915992158,-2.273462398747901,,5.272952281411893,0.2690351530046078
2020-03-01,Milagros (Masbate),27.211127042770386,34.607989713549614,-0.07873775437474251,0.012817773967981339,8.545183062553406,1.084673,0.0,-3.934429164739451,-2.5602296742212496,,4.694092972781368,0.2680732679783568
2020-03-02,Milagros (Masbate),27.312204346060753,34.618671191856265,-0.07324442267417908,0.0006103701889514923,8.545183062553406,0.90077865,0.0,-4.663551056180536,-3.0093380271659393,,5.550209348785826,0.26711138295210585
2020-03-03,Milagros (Masbate),27.44257941842079,34.62477489374578,-0.08178960531949997,0.0024414807558059692,8.545183062553406,1.3967866,0.0,-4.994261929086287,-2.7189325542759555,,5.686408924006631,0.2661494979258549
2020-03-04,Milagros (Masbate),27.616168700158596,34.630878595635295,-0.079348124563694,-0.0030518509447574615,8.545183062553406,1.1203507,0.0,-3.189167947088336,-3.5219098448579107,,4.751277843911331,0.26518761289960396
2020-03-05,Milagros (Masbate),27.514358952641487,34.56373787485063,-0.04211554303765297,-0.032959990203380585,8.69777561724186,0.8744462,11.589174576269928,-2.4025865883559057,-4.172764989676607,,4.815017131186398,0.26422572787335297
2020-03-06,Milagros (Masbate),27.370067439973354,34.26618240773678,-0.11535996571183205,-0.04211554303765297,8.69777561724186,0.49625254,33.12896588849731,-2.5678797055046427,-2.6760308519126137,,3.7087932407092685,0.263263842847102
2020-03-07,Milagros (Masbate),27.46308785676956,34.43403420969844,-0.11474959552288055,0.020142216235399246,8.69777561724186,0.6057496,26.141061616475877,-2.9337110424768067,-0.7135324957315917,,3.019236509983162,0.2623019578208511
2020-03-08,Milagros (Masbate),27.983123257756233,34.48286382481456,-0.14099551364779472,0.07812738418579102,8.69777561724186,0.6477114,11.040718662811342,-2.8176565159283307,0.38258568133122284,,2.843511921078063,0.26134007279460014
2020-03-09,Milagros (Masbate),27.99337747693062,34.48133789934218,-0.11841181665658951,0.0634784996509552,8.69777561724186,2.2777305,0.0,-2.5917643328356426,1.0911898548047863,,2.8121055556624954,0.26037818776834915
2020-03-10,Milagros (Masbate),28.242408514022827,34.48286382481456,-0.12024292722344398,0.062257759273052216,8.69777561724186,2.038574,0.0,-3.1573646309761108,-0.04083954043476037,0.2594163027420982,3.1576287433771935,0.2594163027420982
2020-03-11,Milagros (Masbate),28.155247651040554,34.48438975028694,-0.11291848495602608,0.021973326802253723,8.545183062553406,3.0042307,0.0,-5.3322324046300675,-1.4651953622885636,,5.529873404216309,0.2790244299736062
2020-03-12,Milagros (Masbate),28.15012054145336,34.49354530312121,-0.10559404268860817,0.03784295171499252,8.545183062553406,1.6107954,0.0,-4.336773452212952,-0.6840478842951204,,4.390390128886917,0.2986325572051142
2020-03-13,Milagros (Masbate),28.342753373086452,34.50270085595548,-0.10498367249965668,0.023194067180156708,8.69777561724186,1.9408703,0.0,-3.7448348191731045,-1.505543490906607,,4.0361428401262645,0.31824068443662223
2020-03-14,Milagros (Masbate),28.40281379967928,34.510330483317375,-0.09338663890957832,0.008545182645320892,8.69777561724186,1.6805593,0.0,-3.220537602970239,-1.7174129255166999,,3.649845148616188,0.33784881166813024
2020-03-15,Milagros (Masbate),28.37791069597006,34.521011961624026,-0.07690664380788803,-0.005493331700563431,8.545183062553406,2.095622,0.0,-3.7678246891712246,-1.996936101566435,0.35745693889963825,4.264300257025481,0.35745693889963825
2020-03-16,Milagros (Masbate),28.380108028650284,34.53169343993068,-0.09094515815377235,0.010986663401126862,8.545183062553406,1.6383455,0.0,-4.844097789080933,-2.593061729434527,,5.4944747267447465,0.34735149782501973
2020-03-17,Milagros (Masbate),28.257789842784405,34.536271216347814,-0.08178960531949997,0.001831110566854477,8.545183062553406,0.46105295,0.0,-5.652528848654676,-3.201190131876558,,6.496052697238317,0.3372460567504012
2020-03-18,Milagros (Masbate),28.2314218506217,34.546952694654465,-0.079348124563694,0.001831110566854477,8.545183062553406,0.61673176,0.0,-4.62049134191765,-2.494632514937766,,5.250917217526924,0.3271406156757826
2020-03-19,Milagros (Masbate),28.531723983585835,34.559160098433495,-0.10742515325546265,0.029908139258623123,8.69777561724186,0.64797884,0.0,-3.531076062320791,-1.0490397153262754,,3.6836099796567408,0.3170351746011641
2020-03-20,Milagros (Masbate),28.662099055945873,34.56373787485063,-0.10254219174385071,0.012817773967981339,8.69777561724186,2.7094378,0.0,-3.7881171312118656,-1.9163819891057092,0.30692973352654557,4.245273999160663,0.30692973352654557
2020-03-21,Milagros (Masbate),28.736075922846794,34.56678972579539,-0.09460737928748131,0.0012207403779029846,8.69777561724186,1.1310833,0.0,-4.213558741244583,-2.302045073754256,,4.80140487644136,0.30708807996818055
2020-03-22,Milagros (Masbate),28.863521218299866,34.5728934276849,-0.09582811966538429,0.004272591322660446,8.69777561724186,1.238085,0.0,-4.311133418599315,-1.895818354845212,,4.709564585769243,0.30724642640981553
2020-03-23,Milagros (Masbate),28.899410985410213,34.583574905991554,-0.08667256683111191,0.0030518509447574615,8.545183062553406,1.2975767,0.0,-4.301147496501282,-2.3974622419425384,,4.9241948568470955,0.30740477285145057
2020-03-24,Milagros (Masbate),28.88622698932886,34.59120453335345,-0.08117923513054848,-0.001831110566854477,8.545183062553406,1.3428192,0.0,-5.101987340301907,-2.6678595871583837,,5.757408236124466,0.30756311929308555
2020-03-25,Milagros (Masbate),28.8115176782012,34.606463788077235,-0.07995849475264549,0.003662221133708954,8.545183062553406,2.4006364,0.0,-5.8180239775958675,-3.0318901574522705,0.30772146573472053,6.560621992672371,0.30772146573472053
2020-03-26,Milagros (Masbate),28.829828783869743,34.62172304280102,-0.08484145626425743,0.001831110566854477,8.545183062553406,1.1224844,0.0,-5.201078262023902,-2.5023933327906924,,5.771757746102385,0.3087741994139744
2020-03-27,Milagros (Masbate),28.911130093038082,34.632404521107674,-0.09949034079909325,0.01831110566854477,8.545183062553406,0.8294253,0.0,-4.698764842550096,-1.9942506640055924,,5.104451660704759,0.3098269330932282
2020-03-28,Milagros (Masbate),29.075930044054985,34.6446119248867,-0.10010071098804474,0.02868739888072014,8.545183062553406,0.9836431,0.0,-4.200355133906504,-1.2661006092997698,,4.387025644306626,0.310879666772482
2020-03-29,Milagros (Masbate),29.19678334146738,34.655293403193355,-0.10559404268860817,0.025025177747011185,8.69777561724186,0.9446267,0.0,-4.0544888270214,-1.8097513344519156,,4.440054002035545,0.3119324004517358
2020-03-30,Milagros (Masbate),29.20850244909525,34.66444895602763,-0.10254219174385071,0.031128879636526108,8.545183062553406,1.1204606,0.0,-4.38667225817532,-1.2396716793387368,0.31298513413098966,4.5584733599308755,0.31298513413098966
2020-03-31,Milagros (Masbate),29.365977957844734,34.67513043433428,-0.09826960042119026,0.046388134360313416,8.69777561724186,2.0259972,0.0,-3.287640448267326,-1.1070859575649437,,3.469037191285339,0.3000189357414663
2020-04-01,Milagros (Masbate),29.44654682278633,34.67665635980666,-0.10803552344441414,0.02685628831386566,8.69777561724186,1.1132938,0.0,-4.311207699623464,-1.476391393850928,,4.556999383051277,0.28705273735194303
2020-04-02,Milagros (Masbate),29.386486396193504,34.68276006169617,-0.08606219664216042,0.001831110566854477,8.545183062553406,0.80940545,0.0,-4.958865650581098,-3.081276243966821,,5.838202791283236,0.2740865389624197
2020-04-03,Milagros (Masbate),29.320566415786743,34.68886376358569,-0.079348124563694,-0.0030518509447574615,8.545183062553406,0.37516913,3.1906307744689695,-5.156356802426151,-2.9393830378978687,,5.935317019116009,0.2611203405728964
2020-04-04,Milagros (Masbate),29.32789085805416,34.69801931641996,-0.08056886494159698,-0.0024414807558059692,8.545183062553406,1.7728988,0.0,-4.6801177236940115,-2.692668501941394,0.24815414218337306,5.399441227477351,0.24815414218337306
2020-04-05,Milagros (Masbate),29.328623302280903,34.70717486925423,-0.0872829370200634,0.005493331700563431,8.545183062553406,1.0085585,0.0,-4.4326990574944505,-1.8693135783198946,,4.810733227731852,0.24348187982066158
2020-04-06,Milagros (Masbate),29.326425969600677,34.71938227303326,-0.08606219664216042,0.029908139258623123,8.545183062553406,1.8603933,0.0,-3.819984736979232,-1.0497374116058429,,3.9615946314683974,0.23880961745795007
2020-04-07,Milagros (Masbate),29.533707685768604,34.7239600494504,-0.08239997550845146,0.059816278517246246,8.69777561724186,2.2899992,0.0,-2.6858677004601317,-0.7722936301096027,,2.794695467395842,0.2341373550952386
2020-04-08,Milagros (Masbate),29.5966978892684,34.73006375133991,-0.09887997061014175,0.023194067180156708,8.69777561724186,0.9187059,0.0,-3.489107659600571,-1.935269585333656,,3.9898797761587845,0.22946509273252708
2020-04-09,Milagros (Masbate),29.600360110402107,34.73311560228467,-0.0952177494764328,0.025635547935962677,8.69777561724186,2.1466122,0.0,-3.745714799634621,-1.5227612425376933,0.2247928303698156,4.04341206927723,0.2247928303698156
2020-04-10,Milagros (Masbate),29.56813256442547,34.73464152775705,-0.08911404758691788,0.014038514345884323,8.545183062553406,2.0154073,0.0,-4.412888240131913,-1.9296499773835907,,4.816340068465995,0.2232252711073668
2020-04-11,Milagros (Masbate),29.763695172965527,34.74227115511894,-0.08362071588635445,0.048829615116119385,8.69777561724186,1.5145618,0.0,-2.5592120663827544,-1.1579522981635608,,2.8089891287688102,0.22165771184491803
2020-04-12,Milagros (Masbate),30.00613421201706,34.7453230060637,-0.0634784996509552,0.05798516795039177,8.69777561724186,0.5598288,0.0,-1.3853395847790386,-0.6229080790345032,,1.5189404991908715,0.22009015258246922
2020-04-13,Milagros (Masbate),30.126987509429455,34.74074522964656,-0.09277626872062683,0.040894802659749985,8.69777561724186,0.51838523,1.489498502100699,-3.0445483428018347,-1.59879079053233,,3.4388088931414016,0.21852259332002044
2020-04-14,Milagros (Masbate),29.968779556453228,34.74074522964656,-0.08972441777586937,0.01892147585749626,8.545183062553406,1.5077642,0.0,-3.9105306958884434,-1.7124333602115276,0.21695503405757166,4.2690371674009935,0.21695503405757166
2020-04-15,Milagros (Masbate),30.119663067162037,34.74837485700846,-0.07202368229627609,0.0476088747382164,8.69777561724186,1.5696336,0.0,-2.3037804255018566,-0.2589063785086963,,2.3182831496083485,0.22742276197426278
2020-04-16,Milagros (Masbate),30.28006835281849,34.749900782480836,-0.09826960042119026,0.05066072568297386,8.69777561724186,1.0401663,0.0,-3.9522721856747687,-0.9648684733592049,,4.068344454509836,0.2378904898909539
2020-04-17,Milagros (Masbate),30.238319031894207,34.74837485700846,-0.10132145136594772,0.035401470959186554,8.545183062553406,1.6112144,0.0,-4.672573654951889,-0.5333325759989819,,4.702912735483422,0.24835821780764505
2020-04-18,Milagros (Masbate),30.1943723782897,34.74837485700846,-0.09643848985433578,0.02075258642435074,8.545183062553406,0.98278844,0.0,-4.98764762391273,-1.2752297681169753,,5.148090887097272,0.25882594572433615
2020-04-19,Milagros (Masbate),30.172399051487446,34.75447855889797,-0.08789330720901489,0.01892147585749626,8.545183062553406,2.6140256,0.0,-4.841397733942934,-2.0648935953739356,0.2692936736410273,5.2633561135879905,0.2692936736410273
2020-04-20,Milagros (Masbate),30.139439061284065,34.75600448437035,-0.08056886494159698,0.0012207403779029846,8.545183062553406,2.3543117,0.0,-4.71880082433357,-2.0518704916442463,,5.145605283561069,0.2680859294407012
2020-04-21,Milagros (Masbate),30.16214483231306,34.749900782480836,-0.08850367739796638,0.01342814415693283,8.545183062553406,0.49333277,2.2527318136203607,-4.232953545166645,-1.0642932497801176,,4.364701116579049,0.2668781852403751
2020-04-22,Milagros (Masbate),30.25589769333601,34.75447855889797,-0.0952177494764328,0.01831110566854477,8.69777561724186,0.7798286,0.0,-4.4284102780808485,-1.7259533159347107,,4.752865708159459,0.265670441040049
2020-04-23,Milagros (Masbate),30.209753707051277,34.75600448437035,-0.07751701399683952,-0.007324442267417908,8.545183062553406,1.4926594,0.0,-4.81669210241303,-2.3724962621021666,,5.369288716686485,0.2644626968397229
2020-04-24,Milagros (Masbate),30.129917286336422,34.76058226078749,-0.07446516305208206,-0.0030518509447574615,8.545183062553406,0.8368467,0.0,-5.049554563942428,-2.7861647901924598,,5.767210376979498,0.2632549526393968
2020-04-25,Milagros (Masbate),30.11673329025507,34.76516003720462,-0.07995849475264549,0.001831110566854477,8.545183062553406,1.0747017,0.0,-4.914884559777491,-2.1182428778607214,,5.351919573904941,0.2620472084390707
2020-04-26,Milagros (Masbate),30.09988707304001,34.76821188814938,-0.07873775437474251,-0.0012207403779029846,8.545183062553406,1.3530508,0.4796406241024242,-4.666604601903112,-2.346134000910696,,5.223173677060005,0.26083946423874455
2020-04-27,Milagros (Masbate),29.99441510438919,34.77278966456652,-0.06469924002885818,-0.0024414807558059692,8.545183062553406,0.9773145,0.0,-4.762693749674377,-2.8753575735600583,,5.563356264793454,0.25963172003841845
2020-04-28,Milagros (Masbate),29.93655201047659,34.77889336645603,-0.06408886983990669,-0.0079348124563694,8.545183062553406,0.9574074,0.0,-4.478977866297144,-3.1685922314124952,,5.4864578241108655,0.25842397583809235
2020-04-29,Milagros (Masbate),29.92043823748827,34.78347114287317,-0.07446516305208206,-0.0006103701889514923,8.545183062553406,0.60140544,9.20677983204685,-4.401125361693988,-2.549281240380795,,5.086132056081859,0.25721623163776625
2020-04-30,Milagros (Masbate),29.94460889697075,34.78347114287317,-0.08178960531949997,0.006714072078466415,8.545183062553406,0.628168,0.0,-4.5702165642814725,-1.984022520442992,,4.982291120163263,0.25600848743744015
2020-05-01,Milagros (Masbate),30.028107538819313,34.78957484476268,-0.08178960531949997,0.009765923023223877,8.545183062553406,0.67750686,0.0,-3.8529257531881016,-2.32113900512207,,4.49807993933847,0.25480074323711405
2020-05-02,Milagros (Masbate),29.93655201047659,34.78499706834555,-0.059816278517246246,-0.01342814415693283,8.545183062553406,0.68258,17.801336172386307,-3.908010742647647,-2.479030488133293,,4.627973652230942,0.25359299903678795
2020-05-03,Milagros (Masbate),30.0068666562438,34.766685962677,-0.08117923513054848,0.005493331700563431,8.69777561724186,0.715332,9.557848483505403,-3.926103452818514,-2.098114551090352,,4.451558490206607,0.25238525483646185
2020-05-04,Milagros (Masbate),30.289590127766132,34.76516003720462,-0.09460737928748131,0.046388134360313416,8.69777561724186,0.8888184,27.063204713090197,-3.6033845947415877,-0.10234035839621072,,3.6048375950349913,0.25117751063613575
2020-05-05,Milagros (Masbate),30.482955403625965,34.75753040984273,-0.08545182645320892,0.05310220643877983,8.69777561724186,1.0169448,0.0,-2.661496798417524,0.5845614864382527,,2.724936208320046,0.24996976643580965
2020-05-06,Milagros (Masbate),30.855769515037537,34.75753040984273,-0.08056886494159698,0.07568590342998505,8.69777561724186,0.8087545,0.0,-2.039167894401113,0.5453221023573361,,2.110824932787107,0.24876202223548355
2020-05-07,Milagros (Masbate),31.137028098106384,34.749900782480836,-0.0634784996509552,0.007324442267417908,8.69777561724186,0.459496,0.0,-2.479210822249717,-0.8283328618239565,,2.6139283905909863,0.24755427803515742
2020-05-08,Milagros (Masbate),31.00885035842657,34.75447855889797,-0.09216589853167534,0.023194067180156708,8.69777561724186,1.5968028,0.0,-3.532588196475741,-1.2502198185918147,,3.747296220033783,0.24634653383483132
2020-05-09,Milagros (Masbate),30.9883419200778,34.762108186259866,-0.07995849475264549,0.0006103701889514923,8.69777561724186,1.6150362,0.0,-3.2799449694396,-1.5321671867179856,0.24513878963450522,3.6201623293172154,0.24513878963450522
2020-05-10,Milagros (Masbate),31.066713452339172,34.76058226078749,-0.08362071588635445,0.019531846046447754,8.69777561724186,1.5726261,0.0,-3.319907099331825,-0.6068112795898956,,3.374907862035848,0.2188986438699193
2020-05-11,Milagros (Masbate),31.043275237083435,34.75905633531511,-0.08362071588635445,0.0079348124563694,8.69777561724186,0.74772984,0.0,-3.331540732725242,-1.5730879806043445,,3.6842596879874385,0.19265849810533342
2020-05-12,Milagros (Masbate),31.015442356467247,34.74227115511894,-0.04577776417136192,-0.036011841148138046,8.69777561724186,1.7788067,0.0,-1.6006473777789194,-1.6530601897325152,,2.3010171704854856,0.1664183523407475
2020-05-13,Milagros (Masbate),31.00445569306612,34.74684893153608,-0.04699850454926491,-0.03906369209289551,8.69777561724186,0.811788,0.0,-2.4485933857153395,-2.9054953318869616,,3.799672708561335,0.1401782065761616
2020-05-14,Milagros (Masbate),30.741508215665817,34.68886376358569,0.0476088747382164,-0.03418073058128357,8.545183062553406,0.7923659,65.57224638902149,1.1277011384486384,-3.4266714565349883,,3.6074626995562924,0.11393806081157568
2020-05-15,Milagros (Masbate),30.228797256946564,34.41724902950227,-0.05615405738353729,0.04455702379345894,8.69777561724186,0.7700324,41.92466259196129,-2.7324394797148988,5.061387667977652,,5.751858015968481,0.08769791504698979
2020-05-16,Milagros (Masbate),30.335001669824123,34.3867305200547,-0.08606219664216042,0.054322946816682816,8.69777561724186,0.96304893,2.851469901222244,-2.637638296060484,1.5629464237311594,,3.0659317187926534,0.061457769282403873
2020-05-17,Milagros (Masbate),30.3994567617774,34.40046384930611,-0.07995849475264549,0.04516739398241043,8.545183062553406,2.161864,0.0,-3.008488670634585,1.5262036781254544,,3.3734702827296874,0.03521762351781796
2020-05-18,Milagros (Masbate),30.647755354642868,34.403515700250864,-0.07568590342998505,0.06042664870619774,8.69777561724186,3.0994754,0.0,-1.6516539566846469,1.6216791899298346,,2.3146931087475795,0.008977477753232044
2020-05-19,Milagros (Masbate),30.911435276269913,34.414197178557515,-0.0634784996509552,0.06775109097361565,8.69777561724186,2.116621,0.0,-1.6985179921078386,1.1921557649226084,-0.017262668011353875,2.0751382453591503,-0.017262668011353875
2020-05-20,Milagros (Masbate),31.121646769344807,34.412671253085136,-0.06775109097361565,0.062257759273052216,8.69777561724186,0.8783002,0.0,-2.157017673416425,0.9405043042800143,,2.3531412175643096,0.010332440195015922
2020-05-21,Milagros (Masbate),31.174382753670216,34.3867305200547,-0.07568590342998505,0.0714133121073246,8.69777561724186,0.4210431,1.6272521067947212,-1.9229349953200747,1.7822251957428896,,2.6218324974275906,0.03792754840138572
2020-05-22,Milagros (Masbate),31.268868058919907,34.379100892692804,-0.04211554303765297,0.079348124563694,8.69777561724186,1.4709784,2.066822379162539,-0.5524257281641107,2.6561967831995403,,2.7130343780013613,0.06552265660775553
2020-05-23,Milagros (Masbate),31.296700939536095,34.342478681355715,0.006103701889514923,0.0476088747382164,8.69777561724186,0.73885584,2.335652660041987,0.47631352695559287,2.5721730545801655,,2.6159030560533267,0.09311776481412531
2020-05-24,Milagros (Masbate),31.55671864002943,34.34858238324523,-0.040894802659749985,0.040894802659749985,8.69777561724186,0.68062896,4.599882362096837,-0.4830628902841159,1.026622811549718,,1.134594268081719,0.1207128730204951
2020-05-25,Milagros (Masbate),31.799157679080963,34.35163423418999,-0.05066072568297386,0.04943998530507088,8.69777561724186,0.58088547,0.9417853956894747,-1.7595613037808986,0.5190105022985354,,1.8345102570602636,0.14830798122686492
2020-05-26,Milagros (Masbate),31.78963590413332,34.3577379360795,-0.06103701889514923,0.04028443247079849,8.545183062553406,1.6887983,0.0,-2.551260193179814,0.7876330793559603,,2.670073864334029,0.1759030894332347
2020-05-27,Milagros (Masbate),31.79769279062748,34.37299719080329,-0.06469924002885818,0.0317392498254776,8.545183062553406,1.9591923,0.0,-2.916080096875973,1.2611563517521123,,3.177111656042463,0.2034981976396045
2020-05-28,Milagros (Masbate),31.79036834836006,34.37604904174805,-0.05371257662773132,0.031128879636526108,8.545183062553406,0.7084355,0.13299086563002022,-2.0636107157685126,1.703006647671083,,2.675578596910682,0.2310933058459743
2020-05-29,Milagros (Masbate),31.853358551859856,34.3867305200547,-0.05859553813934326,0.020142216235399246,8.545183062553406,0.9658786,0.0,-3.1317231745910292,0.7102506160736084,0.25868841405234405,3.2112530233389354,0.25868841405234405
2020-05-30,Milagros (Masbate),31.87533187866211,34.39588607288897,-0.062257759273052216,0.016479995101690292,8.545183062553406,1.0859859,0.0,-3.2618789081527995,-0.4054173652149456,,3.2869769167838596,0.2489506914945103
2020-05-31,Milagros (Masbate),31.76107057929039,34.39588607288897,-0.05615405738353729,0.007324442267417908,8.545183062553406,3.1720853,0.0,-3.8025931113224254,-0.11434377844640502,,3.804311878637997,0.23921296893667654
2020-06-01,Milagros (Masbate),31.74861902743578,34.412671253085136,-0.05615405738353729,0.0012207403779029846,8.545183062553406,0.75739384,0.8214849613259336,-3.360467798371105,-0.35643476435327287,,3.3793179141845644,0.22947524637884278
2020-06-02,Milagros (Masbate),31.799890123307705,34.427930507808924,-0.03906369209289551,0.025025177747011185,8.545183062553406,1.2733462,0.1129824345814287,-1.544335634178891,0.9505791285008833,,1.8134423703377553,0.21973752382100903
2020-06-03,Milagros (Masbate),31.996185176074505,34.44471568800509,-0.04577776417136192,0.022583696991205215,8.69777561724186,1.6050562,0.13634516359221865,-1.473313442605561,0.9596229994404325,0.20999980126317527,1.7582743816643924,0.20999980126317527
2020-06-04,Milagros (Masbate),32.03134249895811,34.45387124083936,-0.054322946816682816,0.02929776906967163,8.69777561724186,1.8390465,0.8970887964444034,-2.374869732152811,0.5703151307295666,,2.44238932052911,0.21428091544174513
2020-06-05,Milagros (Masbate),31.958830520510674,34.461500868201256,-0.06042664870619774,0.019531846046447754,8.545183062553406,0.931441,0.5073841717736475,-2.5768450827899,0.11384505669477674,,2.579358695031058,0.218562029620315
2020-06-06,Milagros (Masbate),32.024750500917435,34.475234197452664,-0.06591998040676117,-0.0012207403779029846,8.545183062553406,0.7748638,5.63049273316807,-2.598993520460107,-0.1609971573631785,,2.60397530788459,0.22284314379888487
2020-06-07,Milagros (Masbate),31.90902431309223,34.45539716631174,-0.0555436871945858,0.014648884534835815,8.545183062553406,0.4384221,7.601618122619256,-2.5869077752944056,0.7664829154997315,,2.698071143915894,0.22712425797745472
2020-06-08,Milagros (Masbate),31.832117669284344,34.44471568800509,-0.0555436871945858,0.006714072078466415,8.545183062553406,0.42080656,0.06865136715268025,-3.171772594790852,-0.3136571475712829,,3.187243668012982,0.2314053721560246
2020-06-09,Milagros (Masbate),31.750083915889263,34.449293464422226,-0.03418073058128357,-0.030518509447574615,8.545183062553406,0.42416015,5.6991441003207495,-1.5176601539034875,-2.385567028400154,,2.8274055934259414,0.23568648633459446
2020-06-10,Milagros (Masbate),31.423413790762424,34.31043424643576,0.07629627361893654,-0.051271095871925354,8.69777561724186,0.42240348,28.76013694670331,3.2169391674044974,-0.004757705950096853,,3.2169426856173624,0.23996760051316432
2020-06-11,Milagros (Masbate),30.858699291944504,34.11969356238842,0.005493331700563431,0.032959990203380585,8.545183062553406,0.40412337,25.946155799571688,2.7245798447708207,6.086393448433258,,6.668397149215295,0.2442487146917342
2020-06-12,Milagros (Masbate),30.500534065067768,34.02661210857332,-0.03234962001442909,0.03479110077023506,8.545183062553406,0.6426912,11.228155739650765,-0.977853255305293,4.0229372385052775,,4.140075000994985,0.24852982887030406
2020-06-13,Milagros (Masbate),30.420697644352913,34.041871363297105,-0.05310220643877983,0.014648884534835815,8.545183062553406,0.8606831,3.523979632897986,-3.2790734483073396,1.0683497550515213,,3.44872351436192,0.2528109430488739
2020-06-14,Milagros (Masbate),30.503463841974735,34.03576766140759,-0.07568590342998505,0.006714072078466415,8.545183062553406,0.8216812,2.982895880151714,-3.6068404732011667,-0.44547485822860594,,3.6342462834040035,0.25709205722744377
2020-06-15,Milagros (Masbate),30.570116266608238,34.05865654349327,-0.05371257662773132,-0.019531846046447754,8.545183062553406,0.6778242,5.794656281538957,-2.7610910622392564,-1.5359258397889786,,3.159539846134083,0.2613731714060137
2020-06-16,Milagros (Masbate),30.720267333090305,34.08001950010657,-0.06408886983990669,-0.011597033590078354,8.69777561724186,0.6833777,4.021715724202247,-3.352424243604489,-0.6421950249518236,,3.4133799611499454,0.26565428558458354
2020-06-17,Milagros (Masbate),30.969298370182514,34.08612320199609,-0.07446516305208206,0.006714072078466415,8.69777561724186,0.60638744,0.0,-2.3355166426951435,-0.722727503608911,,2.444784864313988,0.2699353997631534
2020-06-18,Milagros (Masbate),30.80376597493887,33.85876030661166,-0.051881466060876846,0.0158696249127388,8.69777561724186,1.0379854,15.181602654060535,-0.7476227701109219,-0.6845029921465281,0.27421651394172325,1.0136489296822044,0.27421651394172325
2020-06-19,Milagros (Masbate),30.543748274445534,33.739738119766116,-0.006103701889514923,0.05310220643877983,8.69777561724186,0.9001929,15.181602654060535,-0.24880078304950173,2.2651455133674196,,2.2787685328647567,0.2946659023583639
2020-06-20,Milagros (Masbate),31.011047691106796,33.909115847200155,-0.07629627361893654,0.040894802659749985,8.69777561724186,0.89728177,3.642280169481196,-2.2423418793222316,0.5826237329621253,,2.3167968227648017,0.3151152907750045
2020-06-21,Milagros (Masbate),31.058656565845013,33.91521954908967,-0.09033478796482086,0.03234962001442909,8.69777561724186,0.8178176,0.06696068539338954,-3.130394343917522,0.3773790916045525,,3.153059423355527,0.3355646791916451
2020-06-22,Milagros (Masbate),31.100405886769295,33.94116028212011,-0.08056886494159698,0.04577776417136192,8.545183062553406,2.2103853,6.454673032006193,-3.160748485051923,1.3874707138715356,,3.4518699233327457,0.3560140676082858
2020-06-23,Milagros (Masbate),31.208075188100338,33.95184176042676,-0.07263405248522758,0.06103701889514923,8.69777561724186,3.6079044,1.6711780904030944,-2.5660484496497475,1.3387693250644244,0.3764634560249264,2.8942888507685836,0.3764634560249264
2020-06-24,Milagros (Masbate),31.197820968925953,33.94116028212011,-0.0714133121073246,0.03479110077023506,8.69777561724186,1.543062,10.492735014484088,-3.0411290465817924,0.676769673581288,,3.115522920641542,0.37422709125941267
2020-06-25,Milagros (Masbate),31.056459233164787,33.9060639962554,-0.06897183135151863,0.008545182645320892,8.545183062553406,0.89214677,9.422927955584884,-3.671508993898156,-0.2859335465379491,,3.682626275541793,0.37199072649389897
2020-06-26,Milagros (Masbate),30.756889544427395,33.82976772263646,-0.062257759273052216,0.017700735479593277,8.545183062553406,0.7529867,0.17392463277851594,-3.8212817315551284,0.9292631747218425,,3.9326484866831257,0.3697543617283852
2020-06-27,Milagros (Masbate),30.61552780866623,33.78551588393748,-0.06103701889514923,0.029908139258623123,8.545183062553406,0.8529665,7.961876047068628,-2.55284675362202,1.8517281716947822,,3.1537158669300864,0.36751799696287146
2020-06-28,Milagros (Masbate),30.39139987528324,33.645130740478635,-0.027466658502817154,0.036011841148138046,8.545183062553406,0.9222251,13.091764773123163,-0.38314632063911963,3.1719315494608074,,3.1949883970813,0.36528163219735776
2020-06-29,Milagros (Masbate),30.2522354722023,33.619190007448196,-0.017090365290641785,0.01892147585749626,8.545183062553406,1.4715451,0.0,-0.21829465121725486,2.666344726376373,,2.675265735328952,0.363045267431844
2020-06-30,Milagros (Masbate),30.514450505375862,33.63902703858912,-0.01037629321217537,0.03723258152604103,8.69777561724186,2.296331,5.817815944099039,-0.7293182283247861,1.3016090847838975,,1.4920091446632557,0.36080890266633026
2020-07-01,Milagros (Masbate),30.826471745967865,33.646656665951014,-0.06042664870619774,0.04211554303765297,8.69777561724186,1.2127619,0.0,-1.9270717753787363,0.6034638979809314,,2.0193499705666906,0.3585725379008165
2020-07-02,Milagros (Masbate),30.785454869270325,33.62376778386533,-0.079348124563694,0.027466658502817154,8.69777561724186,0.6696291,0.0,-3.315627711636717,0.22309809476102768,,3.3231250175188016,0.3563361731353028
2020-07-03,Milagros (Masbate),30.74224065989256,33.608508529141545,-0.0714133121073246,0.036011841148138046,8.545183062553406,1.3274957,7.645657134104451,-3.0217567639255885,1.6109975113374602,0.35409980836978905,3.424372485852778,0.35409980836978905
2020-07-04,Milagros (Masbate),30.64922024309635,33.5688344668597,-0.02685628831386566,0.03784295171499252,8.545183062553406,1.2035539,6.689949808449581,-0.5475546852223039,2.3894490985395698,,2.4513839209353683,0.34850045321075823
2020-07-05,Milagros (Masbate),30.659474462270737,33.58256779611111,-0.03906369209289551,0.029908139258623123,8.545183062553406,1.4130539,0.0,-1.6558303491125947,1.639343816212979,,2.3300691605182173,0.34290109805172736
2020-07-06,Milagros (Masbate),30.808893084526062,33.59477519989014,-0.06897183135151863,0.02075258642435074,8.545183062553406,1.6314466,0.915970057551324,-2.7882755815969067,0.18260309198964825,,2.7942484871846576,0.33730174289269654
2020-07-07,Milagros (Masbate),30.86162906885147,33.60087890177965,-0.06836146116256714,0.003662221133708954,8.69777561724186,1.9517685,0.0,-3.3028975111565706,-0.5688809960225387,,3.3515306289574416,0.33170238773366567
2020-07-08,Milagros (Masbate),30.994933918118477,33.60087890177965,-0.06714072078466415,-0.005493331700563431,8.69777561724186,0.93064934,0.0,-1.896265569581684,-0.24372545914775054,,1.9118643282978345,0.32610303257463485
2020-07-09,Milagros (Masbate),30.99639880657196,33.60545667819679,-0.0476088747382164,0.0238044373691082,8.545183062553406,0.974912,3.3521237832779334,-1.8373086621040695,1.3440645132461726,,2.27644734962404,0.32050367741560404
2020-07-10,Milagros (Masbate),31.050599679350853,33.60393075272441,-0.039674062281847,0.02624591812491417,8.545183062553406,0.5721445,6.343865622855103,-0.8822138858433917,1.796652972299288,,2.001565198350222,0.31490432225657317
2020-07-11,Milagros (Masbate),31.257148951292038,33.59324927441776,0.017700735479593277,-0.039674062281847,8.69777561724186,0.52390766,5.863121374141855,0.719767540195775,0.25433113563243254,,0.7633804022055842,0.30930496709754235
2020-07-12,Milagros (Masbate),31.227851182222366,33.596301125362515,0.014648884534835815,-0.0024414807558059692,8.69777561724186,0.44418138,13.37756684247185,1.184608130796532,1.7401006358964175,,2.1050526469892317,0.3037056119385115
2020-07-13,Milagros (Masbate),31.14728231728077,33.57799001969397,0.01342814415693283,-0.010986663401126862,8.69777561724186,0.6613449,2.6763737844888866,1.113589757588728,1.521543117787015,,1.8855173315277567,0.29810625677948066
2020-07-14,Milagros (Masbate),31.398510687053204,33.59477519989014,-0.06408886983990669,0.02868739888072014,8.69777561724186,1.0488482,2.161697417678988,-1.3900549579229764,0.9090279934268536,,1.660898756360513,0.2925069016204498
2020-07-15,Milagros (Masbate),31.33552048355341,33.584093721583486,-0.09887997061014175,0.028077028691768646,8.69777561724186,1.161862,5.312097207044249,-2.8016172661874115,0.8900986936002686,,2.9396147690723575,0.28690754646141897
2020-07-16,Milagros (Masbate),31.153141871094704,33.585619647055864,-0.07629627361893654,0.0238044373691082,8.545183062553406,1.1688181,3.178928860302629,-3.454512448446211,1.4965666686858534,,3.7647533850560926,0.28130819130238816
2020-07-17,Milagros (Masbate),31.240302734076977,33.59172334894538,-0.08484145626425743,-0.008545182645320892,8.69777561724186,1.5682821,5.613554123690839,-3.2390463507921017,-0.9983251154794174,,3.3894061867496235,0.2757088361433573
2020-07-18,Milagros (Masbate),31.07403789460659,33.62987148575485,-0.059816278517246246,-0.0030518509447574615,8.545183062553406,1.3331602,4.54229732362542,-4.620664414465175,-0.6960346088545882,,4.672794004429059,0.27010948098432647
2020-07-19,Milagros (Masbate),30.993469029664993,33.60698260366917,-0.06591998040676117,0.009155552834272385,8.69777561724186,0.7626467,9.007536967434215,-2.8697102312876988,0.5081959651134428,,2.914360984935614,0.26451012582529565
2020-07-20,Milagros (Masbate),30.991271696984768,33.60240482725203,-0.0555436871945858,-0.015259254723787308,8.545183062553406,0.952925,3.171074431518029,-2.268952454536802,-0.6100196200468438,,2.349525309033864,0.2589107706662648
2020-07-21,Milagros (Masbate),30.84844507277012,33.584093721583486,-0.05005035549402237,-0.046388134360313416,8.69777561724186,0.8856536,19.904118354131917,-2.330022256808498,-1.554139775646238,,2.80077742055107,0.25331141550723396
2020-07-22,Milagros (Masbate),30.94293037801981,33.60545667819679,-0.07202368229627609,0.011597033590078354,8.69777561724186,0.8376702,0.0,-2.7239516908475574,0.552419970829548,,2.7794029283719524,0.2477120603482031
2020-07-23,Milagros (Masbate),31.08282722532749,33.63750111311674,-0.07812738418579102,0.008545182645320892,8.69777561724186,1.0463737,2.2876169560647153,-2.841601400597663,-0.28911436657803224,0.24211270518917227,2.856271282080961,0.24211270518917227
2020-07-24,Milagros (Masbate),30.945127710700035,33.62987148575485,-0.05737479776144028,-0.0024414807558059692,8.69777561724186,0.7373081,0.0,-1.2838633892600178,1.0495850423435327,,1.658292484272149,0.23980960166746992
2020-07-25,Milagros (Masbate),31.23810540139675,33.63750111311674,-0.03479110077023506,0.01342814415693283,8.69777561724186,0.62360203,4.976029588532979,-0.4156066029702199,0.8271877517130881,,0.9257258908643526,0.23750649814576755
2020-07-26,Milagros (Masbate),31.39704579859972,33.63902703858912,-0.06775109097361565,-0.007324442267417908,8.69777561724186,0.59411705,2.9802575285487922,-1.0367618721901009,0.48497851983117407,,1.1445869754303337,0.2352033946240652
2020-07-27,Milagros (Masbate),31.571367524564266,33.643604815006256,0.0024414807558059692,-0.07202368229627609,8.69777561724186,1.0050143,18.82074389157866,0.7257741823481803,-0.8835704695656629,,1.14343558561541,0.23290029110236282
2020-07-28,Milagros (Masbate),30.830133967101574,33.44828635454178,0.10010071098804474,-0.13245033100247383,8.69777561724186,1.0050143,24.423099111591824,3.2604487252075844,-0.13395087844968367,,3.2631991553604576,0.23059718758066047
2020-07-29,Milagros (Masbate),30.568651378154755,33.416241919621825,0.08972441777586937,0.012817773967981339,8.69777561724186,0.9607368,15.528398244908084,3.4092881725571575,4.641792865778559,,5.759295690649235,0.2282940840589581
2020-07-30,Milagros (Masbate),30.384075433015823,33.44828635454178,-0.0024414807558059692,0.04272591322660446,8.69777561724186,0.9748482,2.39965957657077,1.174250723582175,5.303616663897731,,5.432054351661714,0.22599098053725575
2020-07-31,Milagros (Masbate),30.307168789207935,33.429975248873234,-0.001831110566854477,0.04211554303765297,8.69777561724186,1.2495469,14.813314644850292,-0.3576050510460784,3.348012901662046,,3.3670568397681055,0.22368787701555337
2020-08-01,Milagros (Masbate),30.127719953656197,33.40250859037042,-0.0048829615116119385,0.0,8.69777561724186,1.250552,25.028962868464163,-0.08051649369921296,1.8212731746960007,,1.8230520789667157,0.22138477349385102
2020-08-02,Milagros (Masbate),30.49247717857361,33.440656727179885,-0.06958220154047012,0.02075258642435074,8.69777561724186,1.2806089,5.478656258109133,-1.7469072274147832,-0.1844659187269354,,1.7566196333770658,0.21908166997214865
2020-08-03,Milagros (Masbate),30.63676869124174,33.465071534737945,-0.08850367739796638,0.025025177747011185,8.69777561724186,1.2734398,0.0,-2.5514704136951525,-0.3635453092785045,,2.5772400865771345,0.2167785664504463
2020-08-04,Milagros (Masbate),30.532029166817665,33.45744190737605,-0.09765923023223877,0.004272591322660446,8.69777561724186,0.55009985,0.18581887916425663,-3.87948840071086,-0.3911735133507021,,3.8991597772850035,0.21447546292874392
2020-08-05,Milagros (Masbate),30.35843988507986,33.45896783284843,-0.08484145626425743,0.014648884534835815,8.545183062553406,0.52728015,4.696255217701135,-5.044616845068781,0.05009069375986686,,5.04486552755899,0.21217235940704157
2020-08-06,Milagros (Masbate),30.41923275589943,33.417767845094204,-0.059816278517246246,0.04028443247079849,8.69777561724186,0.71273154,6.702062822500541,-0.17590334364263563,1.0174764754157937,,1.032569786662967,0.20986925588533922
2020-08-07,Milagros (Masbate),30.037629313766956,33.259071595966816,0.048829615116119385,0.015259254723787308,8.69777561724186,0.8283668,40.08605818526015,4.504148388635251,2.985737186760634,,5.403885570147728,0.20756615236363685
2020-08-08,Milagros (Masbate),29.89553513377905,33.24533826671541,0.009155552834272385,0.02868739888072014,8.545183062553406,0.997738,19.53443208427506,2.5477245109834548,5.056060262208388,,5.661682219883825,0.20526304884193447
2020-08-09,Milagros (Masbate),29.801049828529358,33.24228641577065,-0.006714072078466415,0.027466658502817154,8.545183062553406,1.1072148,0.0,0.35159166296295624,5.120752672221407,,5.132808649027132,0.20295994532023212
2020-08-10,Milagros (Masbate),30.053010642528534,33.28653825446963,-0.025025177747011185,0.03479110077023506,8.545183062553406,1.6002731,0.0,-1.4071160737656931,2.780027833633473,,3.115851472844397,0.20065684179852977
2020-08-11,Milagros (Masbate),30.307901233434677,33.28959010541439,-0.0714133121073246,0.01037629321217537,8.69777561724186,1.527137,0.0,-2.863284380493352,0.4743877468737137,,2.902316519258559,0.1983537382768274
2020-08-12,Milagros (Masbate),30.113803513348103,33.225501235574484,-0.06530961021780968,-0.006103701889514923,8.69777561724186,1.4750097,5.919471560820605,-3.4647390962940094,-0.3280084559583455,,3.480230818863658,0.19605063475512502
2020-08-13,Milagros (Masbate),29.923368014395237,33.091219794005156,-0.009765923023223877,0.012207403779029846,8.69777561724186,1.371105,22.27241924278151,0.7646717264043505,0.9550724664241756,,1.2234730341465512,0.19374753123342267
2020-08-14,Milagros (Masbate),29.902127131819725,33.17056791856885,0.051271095871925354,-0.04455702379345894,8.69777561724186,1.1237358,20.46474570144746,2.522217651267851,-0.8537317342469852,,2.6627879664793968,0.19144442771172032
2020-08-15,Milagros (Masbate),29.967314667999744,33.162938291206956,0.05249183624982834,-0.08484145626425743,8.69777561724186,0.8604457,0.0,2.321302398130228,-0.46264113792227507,,2.3669561985941283,0.18914132419001795
2020-08-16,Milagros (Masbate),30.009063988924026,33.150730887427926,0.062257759273052216,-0.05493331700563431,8.69777561724186,0.71833086,1.1543713060885847,2.6162625786817784,1.0264556498075965,,2.810416531696425,0.1868382206683156
2020-08-17,Milagros (Masbate),30.12845239788294,33.12326422892511,0.04455702379345894,-0.03234962001442909,8.69777561724186,0.67445743,11.285356013818397,2.160408897760859,1.1827679391695598,,2.4629873331894534,0.18453511714661322
2020-08-18,Milagros (Masbate),29.99002043902874,33.06222721002996,0.062257759273052216,-0.056764427572488785,8.69777561724186,0.97566116,21.25308219994783,2.443312397057464,0.15032140805506872,,2.447932187650293,0.18223201362491087
2020-08-19,Milagros (Masbate),29.882351137697697,33.05154573172331,0.09765923023223877,-0.06653035059571266,8.69777561724186,0.9870299,22.748668105800547,3.6120786347731464,0.11089729817979786,,3.6137806068614924,0.1799289101032085
2020-08-20,Milagros (Masbate),29.698507636785507,33.02713092416525,0.07446516305208206,-0.03234962001442909,8.69777561724186,5.9453406,6.084983791831058,2.692743482750391,2.436941808999084,,3.6317423978501604,0.17762580658150615
2020-08-21,Milagros (Masbate),30.09695729613304,33.10647904872894,0.025025177747011185,0.02136295661330223,8.69777561724186,6.1065803,0.0,0.6618738721009263,1.6787485814624605,,1.804514844032073,0.1753227030598038
2020-08-22,Milagros (Masbate),30.364299438893795,33.14767903648317,-0.006714072078466415,0.06164738908410072,8.69777561724186,0.7748473,0.0,1.086791329552957,1.5658339891207018,0.17301959953810142,1.9060302923818222,0.17301959953810142
2020-08-23,Milagros (Masbate),30.58769492805004,33.15378273837268,0.017090365290641785,0.014038514345884323,8.69777561724186,0.7630654,6.902972458342268,1.5150357919964885,1.343808023074341,,2.0251304782431663,0.20605669305540616
2020-08-24,Milagros (Masbate),30.75835443288088,33.2026123534888,0.051271095871925354,0.009765923023223877,8.69777561724186,2.3543255,0.0,2.8253342694287595,1.81355372812484,,3.3573041057973954,0.2390937865727109
2020-08-25,Milagros (Masbate),30.87701039761305,33.24228641577065,0.06775109097361565,-0.0079348124563694,8.69777561724186,4.8958597,0.0,3.3482460777927745,1.8088186499668788,,3.8055980746687768,0.2721308800900156
2020-08-26,Milagros (Masbate),30.896786391735077,33.27738270163536,0.08606219664216042,-0.029908139258623123,8.69777561724186,2.0688288,0.0,4.833124073168545,1.461370814973661,,5.049226967120619,0.3051679736073204
2020-08-27,Milagros (Masbate),30.84844507277012,33.3246863912791,0.07690664380788803,-0.017700735479593277,8.69777561724186,1.7308847,0.0,4.44114644831534,2.159888365661395,0.3382050671246251,4.938511873783783,0.3382050671246251
2020-08-28,Milagros (Masbate),30.774468205869198,33.37199008092284,0.06530961021780968,-0.014648884534835815,8.545183062553406,1.6424906,6.78983871931962,5.032740552568997,1.5410349980823186,,5.263389244088553,0.3385841994121799
2020-08-29,Milagros (Masbate),30.645558021962643,33.41319006867707,0.08850367739796638,-0.015259254723787308,8.545183062553406,1.6441149,17.12919108330841,6.704340190316669,1.190711362809986,,6.809256269007664,0.3389633316997347
2020-08-30,Milagros (Masbate),30.241981253027916,33.451338205486536,0.06408886983990669,-0.004272591322660446,8.545183062553406,1.4667612,12.44166716020441,6.091807574875144,2.4655601555168176,,6.571841934326958,0.33934246398728946
2020-08-31,Milagros (Masbate),30.131382174789906,33.48338264040649,0.01892147585749626,0.014038514345884323,8.545183062553406,1.5032694,5.122915971109881,2.869723355149258,2.977265087638748,,4.135144439697563,0.3397215962748442
2020-09-01,Milagros (Masbate),30.299844346940517,33.523056702688336,0.014648884534835815,0.01831110566854477,8.69777561724186,1.622986,0.0,2.3868465868177133,1.865160292878097,,3.029168127907805,0.34010072856239904
2020-09-02,Milagros (Masbate),30.621387362480164,33.55357521213591,-0.016479995101690292,0.062257759273052216,8.69777561724186,1.5539525,8.611333746455504,0.3396175509829255,1.856386996414196,,1.8871970648004304,0.3404798608499538
2020-09-03,Milagros (Masbate),30.970763258635998,33.571886317804456,-0.07385479286313057,0.06164738908410072,8.69777561724186,1.4623643,0.0,-0.45774859136338886,0.37521259851094,,0.5918769018778302,0.34085899313750856
2020-09-04,Milagros (Masbate),31.177312530577183,33.57951594516635,-0.019531846046447754,0.009765923023223877,8.69777561724186,0.8436039,0.0,1.2269512598803798,0.16593186081680064,,1.2381206631650155,0.3412381254250634
2020-09-05,Milagros (Masbate),31.063051231205463,33.59172334894538,0.05859553813934326,0.003662221133708954,8.69777561724186,0.50871485,2.178999895014579,3.459353372494765,1.9294141212860723,,3.9610307506012887,0.34161725771261814
2020-09-06,Milagros (Masbate),31.124576546251774,33.585619647055864,0.043336283415555954,0.022583696991205215,8.69777561724186,1.4315692,0.0,2.41971776067078,1.9478468294555986,,3.1063066996556925,0.3419963900001729
2020-09-07,Milagros (Masbate),31.317209377884865,33.58104187063873,-0.05310220643877983,0.04943998530507088,8.69777561724186,1.5669969,7.8108352628247495,-1.3689731263648508,1.2933184856432696,,1.8832843986014842,0.3423755222877277
2020-09-08,Milagros (Masbate),31.24103517830372,33.56730854138732,-0.09155552834272385,0.015259254723787308,8.69777561724186,1.7534876,0.0,-2.819776582868294,-0.4420022272643644,,2.8542084622884594,0.3427546545752825
2020-09-09,Milagros (Masbate),31.063783675432205,33.54289373382926,-0.06958220154047012,-0.006714072078466415,8.69777561724186,1.280994,0.18528632459969355,-1.225741379297149,-1.0600201861566196,,1.6205198931147966,0.34313378686283724
2020-09-10,Milagros (Masbate),31.166325867176056,33.51542707532644,-0.028077028691768646,-0.03723258152604103,8.69777561724186,0.72629863,22.73508860566795,-0.21745847186562425,-0.7208708257012684,,0.7529561304175436,0.34351291915039206
2020-09-11,Milagros (Masbate),31.16779075562954,33.50474559701979,-0.006103701889514923,-0.021973326802253723,8.69777561724186,0.6904791,30.47931100872419,0.40484937061409887,-0.05009330022389161,,0.407936700498929,0.3438920514379468
2020-09-12,Milagros (Masbate),30.989806808531284,33.513901149854064,0.027466658502817154,-0.04455702379345894,8.69777561724186,0.58303386,19.88622763287465,1.0563489137883277,-0.25535358490508486,,1.0867743468566315,0.3442711837255016
2020-09-13,Milagros (Masbate),31.234443180263042,33.536790031939745,-0.06897183135151863,-0.02136295661330223,8.69777561724186,0.3868697,0.0,-2.430728798637446,-0.9567859971034489,,2.612256100917114,0.3446503160130564
2020-09-14,Milagros (Masbate),30.961241483688354,33.50779744796455,-0.06408886983990669,-0.025635547935962677,8.69777561724186,1.0007304,19.484317228228274,-1.5689372750775377,-0.9127700481976773,,1.815134522291535,0.34502944830061116
2020-09-15,Milagros (Masbate),30.719534888863564,33.451338205486536,-0.06103701889514923,0.04516739398241043,8.545183062553406,0.91863304,28.320304218702336,-2.1102161102271446,4.73344618856508,,5.182521090348158,0.3454085805881659
2020-09-16,Milagros (Masbate),30.293984793126583,33.393353037536144,-0.023194067180156708,0.03662221133708954,8.545183062553406,0.91111535,39.546602446457435,0.3631530261074582,5.772276665817932,,5.783688963552343,0.34578771287572074
2020-09-17,Milagros (Masbate),29.882351137697697,33.34757527336478,-0.027466658502817154,0.023194067180156708,8.545183062553406,1.8784593,5.8741723373985675,-0.44114928425656014,3.8193393095116104,,3.844732169108884,0.3461668451632755
2020-09-18,Milagros (Masbate),29.79006316512823,33.33994564600289,0.007324442267417908,-0.04272591322660446,8.69777561724186,2.1922805,4.294696737738217,-0.5785721720837751,-1.082385161847589,,1.2273155245891616,0.34654597745083027
2020-09-19,Milagros (Masbate),30.028107538819313,33.38419748470187,-0.014648884534835815,-0.09216589853167534,8.69777561724186,2.1922753,14.294030375219505,-0.480700653015132,-2.2335955864540002,,2.284736825465017,0.3469251097383851
2020-09-20,Milagros (Masbate),30.208288818597794,33.3750419318676,-0.03662221133708954,-0.09277626872062683,8.69777561724186,2.299567,25.10566819367012,-0.8509815828517194,-1.6267859334716048,,1.8359199676712215,0.34730424202593985
2020-09-21,Milagros (Masbate),29.88747824728489,33.25144196860492,-0.06042664870619774,-0.05310220643877983,8.69777561724186,2.2994037,30.62552532172832,-0.8688991485591008,-1.0346345091262261,,1.3510937413227837,0.3476833743134946
2020-09-22,Milagros (Masbate),30.131382174789906,33.342997496947646,0.07385479286313057,-0.03784295171499252,8.69777561724186,1.184727,21.30114222636813,2.6971383517738006,0.18213900535581146,,2.7032813220013003,0.3480625066010494
2020-09-23,Milagros (Masbate),30.314493231475353,33.381145633757114,0.10010071098804474,-0.04577776417136192,8.69777561724186,1.2036837,21.938780616311465,3.904988102018214,1.1029336409015247,,4.057757347739772,0.3484416388886042
2020-09-24,Milagros (Masbate),29.992217771708965,33.3246863912791,0.0872829370200634,-0.031128879636526108,8.69777561724186,1.6442411,43.239922916187965,4.212373201329302,1.5515965583077007,,4.489046654583752,0.34882077117615895
2020-09-25,Milagros (Masbate),29.930692456662655,33.31858268938959,0.04272591322660446,-0.0030518509447574615,8.69777561724186,2.290047,0.0,2.6537371463102146,1.9445858659061228,,3.289944533208508,0.34919990346371377
2020-09-26,Milagros (Masbate),30.195837266743183,33.36436045356095,-0.023194067180156708,0.06042664870619774,8.69777561724186,2.290004,0.0,0.07054470146479117,2.703253280723065,0.34957903575126853,2.704173599206377,0.34957903575126853
2020-09-27,Milagros (Masbate),30.49320962280035,33.3964048884809,-0.08117923513054848,0.06164738908410072,8.69777561724186,1.1578438,15.11867449298108,-2.1115659698631886,1.8095957130475704,,2.7808896939225067,0.3548996074581223
2020-09-28,Milagros (Masbate),30.575975820422173,33.41166414320469,-0.05310220643877983,0.06958220154047012,8.69777561724186,0.90023804,12.295689557677107,0.4340808195502531,1.0737029089360195,,1.1581295672588148,0.3602201791649761
2020-09-29,Milagros (Masbate),30.626514472067356,33.42081969603896,0.05371257662773132,-0.009765923023223877,8.69777561724186,0.55887216,0.0,2.7394852926203064,0.8383997214263251,,2.864907286697199,0.36554075087182986
2020-09-30,Milagros (Masbate),30.744437992572784,33.442182652652264,0.06042664870619774,-0.029908139258623123,8.69777561724186,0.9368588,0.0,1.6434147138762119,1.146091199561315,,2.003581033923192,0.37086132257868365
2020-10-01,Milagros (Masbate),30.958311706781387,33.465071534737945,0.03662221133708954,-0.007324442267417908,8.69777561724186,0.98667914,6.4868958455795696,1.702477060067524,0.22062362918616057,0.37618189428553744,1.7167128256675408,0.37618189428553744
2020-10-02,Milagros (Masbate),30.72978910803795,33.46201968379319,0.043946653604507446,-0.04821924492716789,8.69777561724186,0.98670226,15.389343215292415,2.18481858226554,-0.7619909776780357,,2.313884717844762,0.3532152798913547
2020-10-03,Milagros (Masbate),30.676320679485798,33.442182652652264,0.07019257172942162,-0.05859553813934326,8.69777561724186,1.2942647,41.57051452806948,3.0850384242168363,-0.7720905484140025,,3.1801864558299937,0.330248665497172
2020-10-04,Milagros (Masbate),30.57524337619543,33.39487896300852,0.03479110077023506,-0.06591998040676117,8.69777561724186,1.2865807,9.503116487731313,1.1068734653876995,-0.3514126122791094,,1.1613180840959132,0.3072820511029893
2020-10-05,Milagros (Masbate),30.759819321334362,33.39487896300852,-0.03357036039233208,0.04455702379345894,8.69777561724186,1.7056103,16.881394655177363,-0.2917123988679999,1.161008515113298,,1.197095190792657,0.28431543670880655
2020-10-06,Milagros (Masbate),30.940000601112843,33.285012328997254,0.003662221133708954,0.02136295661330223,8.69777561724186,0.7390323,0.0,0.7172503371231004,-0.20035070556431098,0.26134882231462386,0.7447069566771337,0.26134882231462386
2020-10-07,Milagros (Masbate),30.55400249361992,33.32926416769624,0.06164738908410072,-0.04821924492716789,8.69777561724186,0.73650277,14.503789127961133,1.9910704723293298,-0.7555769158194676,,2.129614542939872,0.26846096910368605
2020-10-08,Milagros (Masbate),30.310098566114902,33.29416788183153,0.0030518509447574615,0.016479995101690292,8.69777561724186,0.63815653,7.363383231250074,-0.7782983600162471,2.6883172435076004,,2.7987136221743523,0.2755731158927483
2020-10-09,Milagros (Masbate),30.069124415516853,33.176671620458364,0.0048829615116119385,-0.015259254723787308,8.69777561724186,0.5862567,14.503789127961133,1.0127911779346606,0.9057861474561953,,1.3587474066307592,0.2826852626818105
2020-10-10,Milagros (Masbate),30.08890040963888,33.199560502544045,0.03234962001442909,0.003662221133708954,8.69777561724186,0.6380107,15.409406052641646,2.5146228302551314,1.7418026761170837,,3.05895481185469,0.2897974094708727
2020-10-11,Milagros (Masbate),29.882351137697697,33.14310126006603,0.006714072078466415,0.009155552834272385,8.69777561724186,0.8371391,23.307057928120145,-0.07169815261269158,1.662888322016654,,1.6644332959261046,0.29690955625993487
2020-10-12,Milagros (Masbate),30.00173954665661,33.14615311101079,-0.03479110077023506,-0.009155552834272385,8.69777561724186,0.9133998,8.47206836878407,-0.873115462957506,-0.8701090351215958,,1.2326476968930475,0.3040217030489971
2020-10-13,Milagros (Masbate),30.042023979127407,33.103427197784185,-0.019531846046447754,-0.07995849475264549,8.69777561724186,1.2186353,62.67503565078333,0.48849512549654983,-3.341183446546601,,3.376704652632639,0.3111338498380593
2020-10-14,Milagros (Masbate),29.145512245595455,32.01391641050577,0.15503402799367905,-0.043946653604507446,8.69777561724186,1.1759822,17.72823879056238,1.7629744254384503,1.3698080995924906,,2.2325888682108994,0.3182459966271215
2020-10-15,Milagros (Masbate),29.29126864671707,32.25806448608637,-0.03418073058128357,0.051881466060876846,8.69777561724186,1.154988,15.444080242520656,-1.197391286255057,2.040679171155238,,2.36603410203369,0.32535814341618374
2020-10-16,Milagros (Masbate),29.27808465063572,32.335886685177684,-0.08423108607530594,0.06103701889514923,8.69777561724186,0.9704572,5.16201304615632,-1.763241981431075,0.9149833321892322,0.33247029020524593,1.9865086919681711,0.33247029020524593
2020-10-17,Milagros (Masbate),29.832544930279255,32.49916071072221,-0.03357036039233208,-0.035401470959186554,8.69777561724186,3.212096,0.0,-0.4322920581434074,-1.9040830553160306,,1.9525390406021317,0.33685092482973217
2020-10-18,Milagros (Masbate),30.042023979127407,32.720419904217124,-0.07751701399683952,-0.0476088747382164,8.69777561724186,1.5713414,4.3221488298799144,-2.2916892160497375,-2.869266207002293,,3.6721285420861816,0.3412315594542184
2020-10-19,Milagros (Masbate),29.884548470377922,32.69142732024193,-0.010986663401126862,-0.05615405738353729,8.69777561724186,1.5698407,58.276064704446235,1.5638817086459322,-2.0316758163159276,,2.5638706327036687,0.3456121940787046
2020-10-20,Milagros (Masbate),29.639912098646164,32.62581252492964,0.08362071588635445,0.004272591322660446,8.69777561724186,1.4754499,18.38350629516354,3.0328512907083223,4.299689140271403,,5.261702543333191,0.3499928287031908
2020-10-21,Milagros (Masbate),29.67506942152977,32.671590289101005,-0.006714072078466415,0.05249183624982834,8.69777561724186,1.447862,4.130960849429241,1.0355591298947104,5.530540143455833,0.35437346332767705,5.62665593313513,0.35437346332767705
2020-10-22,Milagros (Masbate),29.837672039866447,32.69905694760382,-0.001831110566854477,0.05310220643877983,8.545183062553406,1.6421201,0.0,1.5913780955445151,3.800752398701611,,4.120461508037047,0.3541264264209497
2020-10-23,Milagros (Masbate),29.83108004182577,32.58156068623066,0.04577776417136192,0.030518509447574615,8.69777561724186,2.2652795,12.700204386914233,1.4101337395096587,1.7483945428265895,,2.2461880243401913,0.3538793895142224
2020-10-24,Milagros (Masbate),29.61354410648346,32.37250889651477,0.10193182155489922,-0.04699850454926491,8.69777561724186,1.4184197,21.48278009287,2.855889662182031,-1.5203149605828143,,3.2353459385249854,0.3536323526074951
2020-10-25,Milagros (Masbate),29.29126864671707,32.201605243608356,0.06530961021780968,-0.006103701889514923,8.545183062553406,1.410866,85.93112037148,4.5713305459204845,5.169952070248091,,6.901120732803347,0.35338531570076775
2020-10-26,Milagros (Masbate),29.010742507874966,32.08563490770757,-0.07202368229627609,0.04821924492716789,8.545183062553406,5.0058546,35.470337347374965,-1.6641406318904604,5.974736717189491,,6.2021643708016185,0.3531382787940404
2020-10-27,Milagros (Masbate),29.19605089724064,32.13293859735131,-0.05615405738353729,0.040894802659749985,8.545183062553406,5.0058374,9.59567233273272,-1.2721412468528792,2.494702649039483,,2.8003365260391493,0.3528912418873131
2020-10-28,Milagros (Masbate),29.538102351129055,32.14514600113034,-0.056764427572488785,-0.05066072568297386,8.69777561724186,2.9449518,6.674965797524907,-0.7513170508625271,-1.34812564205707,,1.5433470308678319,0.3526442049805858
2020-10-29,Milagros (Masbate),29.576189450919628,32.19702746719122,-0.04699850454926491,-0.09277626872062683,8.69777561724186,2.2830968,19.331871566617703,-1.4719669586493882,-3.260668597099221,,3.577519591485773,0.35239716807385846
2020-10-30,Milagros (Masbate),29.51100191473961,32.22296820022166,-0.04272591322660446,-0.08056886494159698,8.69777561724186,2.269915,20.587637872289694,-1.5433263396728922,-3.4454218825612384,,3.7752864976793425,0.3521501311671311
2020-10-31,Milagros (Masbate),29.56886500865221,32.274849666282535,0.03234962001442909,-0.09338663890957832,8.69777561724186,1.2798303,46.43540252778399,2.458780153264118,-4.026594815231101,,4.71795142494404,0.3519030942604038
2020-11-01,Milagros (Masbate),29.199713118374348,32.215338572859764,0.043946653604507446,0.020142216235399246,8.545183062553406,1.4145467,46.01772416677726,2.595626963698981,5.4654752198838565,,6.05051226871293,0.3516560573536765
2020-11-02,Milagros (Masbate),29.215826891362667,32.28247929364443,-0.006103701889514923,0.03784295171499252,8.545183062553406,1.5275079,0.0,2.015185946509951,4.332657363196686,,4.778377781828648,0.35140902044694916
2020-11-03,Milagros (Masbate),29.50367747247219,32.335886685177684,0.01831110566854477,0.021973326802253723,8.69777561724186,1.4221467,21.366565855231297,2.022085136547026,0.9171512043836512,,2.2203591221121832,0.3511619835402218
2020-11-04,Milagros (Masbate),29.508804582059383,32.32825705781579,0.014038514345884323,-0.059205908328294754,8.69777561724186,1.070463,21.99787478031058,1.1179695377919168,-1.455339836555221,,1.8351757210946447,0.3509149466334945
2020-11-05,Milagros (Masbate),29.590838335454464,32.323679281398654,-0.051271095871925354,-0.03906369209289551,8.69777561724186,0.6422227,0.0,-1.2426233370585278,-1.214710074192249,,1.7377092167985444,0.3506679097267672
2020-11-06,Milagros (Masbate),29.61354410648346,32.38776815123856,-0.06653035059571266,-0.025635547935962677,8.69777561724186,0.77701145,15.471504807230424,-2.3123159842524528,-2.779019739253859,,3.615211739606959,0.35042087282003986
2020-11-07,Milagros (Masbate),29.267830431461334,32.32520520687103,0.014648884534835815,-0.03234962001442909,8.69777561724186,0.86290604,38.678758122132706,-1.4602379204997815,-3.1457503080019555,,3.4681464479978246,0.3501738359133125
2020-11-08,Milagros (Masbate),29.324961081147194,32.32520520687103,-0.043336283415555954,0.02929776906967163,8.545183062553406,0.7928502,0.0,-1.8560724678805485,1.997180301507204,,2.7264875137716285,0.3499267990065852
2020-11-09,Milagros (Masbate),29.59303566813469,32.332834834232926,-0.032959990203380585,-0.039674062281847,8.69777561724186,0.85179216,0.0,-0.4293507161401989,-1.5934132734200837,,1.650244799222651,0.3496797620998579
2020-11-10,Milagros (Masbate),29.387951284646988,32.312997803092,0.07629627361893654,-0.04455702379345894,8.545183062553406,0.85184914,15.471504807230424,5.543459260965348,-3.496465142180951,,6.554022357946984,0.34943272519313057
2020-11-11,Milagros (Masbate),28.859126552939415,32.18787191435695,0.038453321903944016,0.016479995101690292,8.545183062553406,0.83422107,77.79060622209468,4.135554581662767,6.566635689824183,,7.760381174967157,0.34918568828640323
2020-11-12,Milagros (Masbate),28.80053101480007,32.19244969077408,-0.06653035059571266,0.03906369209289551,8.545183062553406,1.4556307,9.723825777761835,-2.7421181199917273,4.086200611473403,,4.921000632106501,0.3489386513796759
2020-11-13,Milagros (Masbate),29.13525802642107,32.21839042380452,-0.09704886004328728,0.039674062281847,8.69777561724186,1.5118068,0.0,-3.500436975934137,-0.7904046293826953,,3.58856496397049,0.3486916144729486
2020-11-14,Milagros (Masbate),29.121341586112976,32.250434858724475,-0.06591998040676117,-0.008545182645320892,8.545183062553406,1.1481405,0.0,-4.684944944882799,-3.2750278271036026,,5.71616273429001,0.34844457756622127
2020-11-15,Milagros (Masbate),29.215094447135925,32.287057070061564,-0.054322946816682816,-0.016479995101690292,8.545183062553406,3.4586666,0.0,-4.737796238343782,-3.4202852869540035,0.34819754065949393,5.843377845066886,0.34819754065949393
2020-11-16,Milagros (Masbate),29.283944204449654,32.31910150498152,-0.0555436871945858,-0.012207403779029846,8.545183062553406,5.6492476,0.0,-4.255521293162969,-2.5804195562063055,,4.9767485934709805,0.3277693237715525
2020-11-17,Milagros (Masbate),29.352793961763382,32.345042238011956,-0.056764427572488785,-0.010986663401126862,8.545183062553406,2.6600626,0.0,-4.3720172446217385,-2.3055909153626275,,4.942700097747438,0.30734110688361105
2020-11-18,Milagros (Masbate),29.416516609489918,32.370982971042395,-0.05249183624982834,-0.017090365290641785,8.545183062553406,4.879745,0.0,-3.9840436171399536,-2.395160143948929,,4.648590717457825,0.28691288999566966
2020-11-19,Milagros (Masbate),29.442884601652622,32.38776815123856,-0.03784295171499252,-0.02685628831386566,8.545183062553406,1.7077177,0.0,-3.1179469736807803,-2.561573561049121,,4.035251223821264,0.2664846731077282
2020-11-20,Milagros (Masbate),29.557878345251083,32.407605182379484,-0.046388134360313416,-0.04150517284870148,8.69777561724186,5.576384,0.7181796679390371,-3.205439461699925,-2.5078332062840176,0.24605645621978678,4.06989797576842,0.24605645621978678
2020-11-21,Milagros (Masbate),29.428968161344528,32.432019989937544,-0.04943998530507088,-0.0238044373691082,8.545183062553406,1.0268117,0.0,-4.990938683768145,-3.264119486990723,,5.963551372335606,0.2655294499287563
2020-11-22,Milagros (Masbate),29.328623302280903,32.46253849938512,-0.022583696991205215,-0.04577776417136192,8.545183062553406,2.8540623,0.0,-4.083720216825198,-4.421491015360019,,6.0188332430975535,0.28500244363772587
2020-11-23,Milagros (Masbate),28.838618114590645,32.453382946550846,-0.024414807558059692,-0.036011841148138046,8.545183062553406,2.8540623,18.686730083055476,-4.945511086407658,-5.084816297711534,,7.093196507023747,0.3044754373466954
2020-11-24,Milagros (Masbate),28.422589793801308,32.41523480974138,-0.021973326802253723,-0.040894802659749985,8.545183062553406,0.7992684,0.0,-5.374003706074502,-4.936225034895472,,7.297001673840516,0.32394843105566495
2020-11-25,Milagros (Masbate),28.34568314999342,32.465590350329876,-0.015259254723787308,-0.040894802659749985,8.545183062553406,0.600666,0.0,-3.818165472667302,-4.77842969017328,0.3434214247646345,6.116516809475654,0.3434214247646345
2020-11-26,Milagros (Masbate),28.421857349574566,32.5067903380841,-0.029908139258623123,-0.046388134360313416,8.69777561724186,1.9209188,0.578133426379964,-3.458741229005442,-3.2340115008239363,,4.735157999125643,0.3354327617116676
2020-11-27,Milagros (Masbate),28.494369328022003,32.52357551828027,-0.07812738418579102,-0.0158696249127388,8.69777561724186,1.7554508,49.13097588188992,-4.9553618870915725,-2.5064602495386143,,5.5531931728112,0.32744409865870067
2020-11-28,Milagros (Masbate),28.55369731038809,32.56782735697925,-0.05798516795039177,-0.024414807558059692,8.545183062553406,1.8342716,0.0,-4.390124287657743,-3.3778924515397932,,5.539255245540859,0.31945543560573375
2020-11-29,Milagros (Masbate),28.683339938521385,32.60902734473348,-0.05066072568297386,-0.04272591322660446,8.69777561724186,1.1733183,0.0,-4.228261404784334,-3.88683120244576,,5.743313617024126,0.31146677255276684
2020-11-30,Milagros (Masbate),28.616687513887882,32.65633103437722,0.008545182645320892,-0.05615405738353729,8.545183062553406,0.9431095,0.0,-1.8473916666004615,-6.227271669414815,,6.495519102775483,0.3034781094997999
2020-12-01,Milagros (Masbate),28.568346194922924,32.694479171186686,0.04516739398241043,-0.07629627361893654,8.545183062553406,0.8527909,25.633382715995122,0.5522476962386886,-5.209415761349119,,5.238605739373174,0.295489446446833
2020-12-02,Milagros (Masbate),28.722891926765442,32.63191622681916,-0.0012207403779029846,-0.0714133121073246,8.69777561724186,1.1141133,40.92334320965935,0.014392557203957684,-0.24690011109065174,,0.247319248259098,0.2875007833938661
2020-12-03,Milagros (Masbate),28.890621654689312,32.718893978744745,-0.04150517284870148,0.0238044373691082,8.69777561724186,1.3072268,9.143967378937448,-1.3977932880471164,0.7311986548615029,,1.5774909029787907,0.2795121203408991
2020-12-04,Milagros (Masbate),28.924314089119434,32.75704211555421,-0.07568590342998505,0.014038514345884323,8.69777561724186,1.5693678,6.238302921426707,-2.682409851924669,-0.5873175829463266,,2.7459542161042014,0.27152345728793226
2020-12-05,Milagros (Masbate),29.038575388491154,32.78908655047417,-0.06408886983990669,-0.030518509447574615,8.69777561724186,2.0875685,0.0,-2.5645741988662683,-2.112990690557872,,3.322915960399058,0.2635347942349653
2020-12-06,Milagros (Masbate),28.98437451571226,32.78908655047417,-0.07812738418579102,-0.03234962001442909,8.69777561724186,1.1491812,52.64683890971402,-4.036651106282045,-2.6021902330179048,,4.802701964796674,0.25554613118199837
2020-12-07,Milagros (Masbate),28.941160306334496,32.74788656271994,-0.09338663890957832,0.011597033590078354,8.69777561724186,0.77087647,0.0,-4.78908538319476,0.5097619898732475,,4.8161391273352185,0.24755746812903145
2020-12-08,Milagros (Masbate),29.075197599828243,32.790612475946546,-0.07751701399683952,0.006103701889514923,8.69777561724186,1.7024797,0.0,-4.222806519256647,-0.4388069806075829,,4.245544307306942,0.23956880507606454
2020-12-09,Milagros (Masbate),28.80858790129423,32.44880517013371,-0.05859553813934326,-0.019531846046447754,8.69777561724186,1.3856881,34.68739019784676,-2.7228664116764434,0.03688705190345594,,2.7231162572379977,0.23158014202309762
2020-12-10,Milagros (Masbate),29.09497359395027,32.755516190081835,-0.06408886983990669,0.007324442267417908,8.69777561724186,2.1359036,0.0,-3.2069394839196046,-0.19258190831896693,0.2235914789701307,3.2127167078555674,0.2235914789701307
2020-12-11,Milagros (Masbate),29.259773544967175,32.853175420314074,-0.05005035549402237,-0.015259254723787308,8.69777561724186,2.9085069,8.578659065354909,-3.628871742528498,-1.2631331006144824,,3.842423109652264,0.2286055600066828
2020-12-12,Milagros (Masbate),29.345469519495964,32.888271706178784,-0.04516739398241043,-0.035401470959186554,8.69777561724186,2.7430208,0.0,-3.6261983707562098,-1.6018377692252455,,3.964240010770223,0.2336196410432349
2020-12-13,Milagros (Masbate),29.423841051757336,32.94015317223966,-0.04577776417136192,-0.03357036039233208,8.69777561724186,1.8426827,0.0,-3.3957638357206346,-2.0762218966723607,,3.980189617619981,0.23863372207978698
2020-12-14,Milagros (Masbate),29.292001090943813,32.95541242696345,-0.04455702379345894,-0.03357036039233208,8.69777561724186,0.8557178,20.838673005481276,-4.259284002807142,-2.6881209604556187,,5.0366153828349525,0.24364780311633907
2020-12-15,Milagros (Masbate),29.218024224042892,33.0164494458586,-0.051271095871925354,-0.019531846046447754,8.545183062553406,0.7178969,0.0,-5.2277043872965745,-2.6697710905637044,0.24866188415289117,5.869971962196205,0.24866188415289117
2020-12-16,Milagros (Masbate),29.03637805581093,33.07138276286423,-0.03479110077023506,-0.023194067180156708,8.545183062553406,1.0240386,0.0,-5.245322519691645,-4.566250620461289,,6.954426868150057,0.24968950537646317
2020-12-17,Milagros (Masbate),28.911130093038082,33.130893856287,-0.038453321903944016,-0.017700735479593277,8.545183062553406,2.6477318,6.922171316088817,-5.651392751165937,-4.2254957042572014,,7.0564193451514035,0.2507171266000352
2020-12-18,Milagros (Masbate),28.602038629353046,33.14615311101079,-0.05493331700563431,-0.005493331700563431,8.545183062553406,2.6482751,88.11360940681752,-7.425430949536349,-3.543235355885692,,8.227486953713793,0.25174474782360723
2020-12-19,Milagros (Masbate),28.3295693770051,33.115634601563215,-0.09826960042119026,0.02075258642435074,8.545183062553406,2.6629224,30.549059577694287,-7.195096396622229,-0.28797370166501246,,7.200856963552104,0.2527723690471792
2020-12-20,Milagros (Masbate),28.324442267417908,33.16141236573458,-0.08789330720901489,0.0158696249127388,8.545183062553406,1.9578917,0.0,-5.627750359082995,-0.41425068454198055,,5.64297596431194,0.25379999027075123
2020-12-21,Milagros (Masbate),28.428449347615242,33.21939753368497,-0.0714133121073246,0.011597033590078354,8.545183062553406,2.4282432,0.0,-4.093331505476635,-0.46671581135336127,,4.119852723374325,0.25482761149432326
2020-12-22,Milagros (Masbate),28.52513198554516,33.26670122332871,-0.06958220154047012,0.008545182645320892,8.545183062553406,1.1260083,0.0,-4.05798105456589,-0.5341489545766531,,4.092984894290599,0.25585523271789523
2020-12-23,Milagros (Masbate),28.59984129667282,33.31858268938959,-0.06469924002885818,0.0024414807558059692,8.545183062553406,10.599579,0.0,-3.9347515401129303,-1.5504268739248974,,4.229195334080658,0.25688285394146726
2020-12-24,Milagros (Masbate),28.621814623475075,33.36283452808857,-0.04150517284870148,-0.020142216235399246,8.545183062553406,3.2894423,7.797492845546884,-3.029516805198635,-2.951918176141406,,4.229869145921059,0.2579104751650393
2020-12-25,Milagros (Masbate),28.50975065678358,33.39945673942566,-0.017700735479593277,-0.02685628831386566,8.545183062553406,2.0704327,7.797492845546884,-4.036898838188916,-3.9482352006379458,,5.646690484640325,0.2589380963886113
2020-12-26,Milagros (Masbate),28.257057398557663,33.35215304978192,-0.031128879636526108,-0.008545182645320892,8.545183062553406,2.0702825,51.32442431807759,-4.279208706749321,-1.0633713280350365,,4.409352076802917,0.2599657176121833
2020-12-27,Milagros (Masbate),28.15305031836033,33.346049347892404,-0.03357036039233208,0.017090365290641785,8.545183062553406,1.110882,0.0,-2.1771085932673153,2.3349386048377485,,3.192450487515827,0.2609933388357553
2020-12-28,Milagros (Masbate),28.185277864336967,33.37656785733998,-0.046388134360313416,0.0238044373691082,8.545183062553406,1.9168227,24.08250695358183,-2.5448223352707373,2.123631053818621,,3.314502914591507,0.26202096005932735
2020-12-29,Milagros (Masbate),28.5258644297719,33.41013821773231,-0.06164738908410072,0.004272591322660446,8.69777561724186,1.9168262,4.333652148140372,-2.257023324562189,-0.9156732385328561,,2.435695335501344,0.2630485812828993
2020-12-30,Milagros (Masbate),28.375713363289833,33.393353037536144,-0.054322946816682816,-0.01831110566854477,8.69777561724186,1.1644222,0.204563396213988,-4.098871529299495,-2.5829333176713,0.26407620250647135,4.844821187333795,0.26407620250647135
2020-12-31,Milagros (Masbate),28.209448523819447,33.40708636678755,-0.04821924492716789,-0.012207403779029846,8.545183062553406,1.071642,24.08250695358183,-5.337064767114949,-4.565726817685904,,7.0235405389387475,0.2660757790221746
2021-01-01,Milagros (Masbate),28.12521743774414,33.440656727179885,-0.040894802659749985,-0.017090365290641785,8.545183062553406,0.9020514,0.0,-4.908895061322199,-4.543649619024932,,6.688946298449322,0.26807535553787787
2021-01-02,Milagros (Masbate),27.96920681744814,33.465071534737945,-0.04577776417136192,-0.009155552834272385,8.545183062553406,0.9049891,7.833639671062601,-5.854685909014976,-4.270976111259595,,7.246970679957843,0.2700749320535812
2021-01-03,Milagros (Masbate),27.923062831163406,33.4681233856827,-0.07202368229627609,0.0030518509447574615,8.545183062553406,1.2213148,60.97742759286752,-5.381595299889358,-2.516539659873551,,5.940920789869843,0.27207450856928445
2021-01-04,Milagros (Masbate),27.99410992115736,33.50474559701979,-0.07507553324103355,0.003662221133708954,8.545183062553406,1.0229448,27.78387625270635,-5.422794185186205,-2.9014565024488532,,6.15021516782072,0.2740740850849877
2021-01-05,Milagros (Masbate),28.078341007232666,33.54289373382926,-0.06714072078466415,-0.0030518509447574615,8.545183062553406,0.8406266,0.0,-4.791725396834866,-3.388874385116449,,5.868994963089562,0.27607366160069097
2021-01-06,Milagros (Masbate),28.102511666715145,33.57493816874921,-0.04821924492716789,-0.01037629321217537,8.545183062553406,1.8478298,0.0,-4.531629129211411,-3.8343695745861375,,5.93616480559875,0.2780732381163943
2021-01-07,Milagros (Masbate),28.10470899939537,33.597827050834894,-0.03784295171499252,-0.01831110566854477,8.545183062553406,1.1405481,52.8243969497526,-4.365655824738068,-4.001826270505716,,5.922293835954031,0.28007281463209754
2021-01-08,Milagros (Masbate),27.769981987774372,33.477278938516974,-0.05493331700563431,-0.007324442267417908,8.545183062553406,0.9078655,24.042762384936967,-4.903330588232546,-3.2806628491568723,,5.8996101216381245,0.2820723911478008
2021-01-09,Milagros (Masbate),27.60151981562376,33.41166414320469,-0.036011841148138046,-0.01831110566854477,8.545183062553406,0.8551027,0.0,-4.141232605191027,-5.967291153892296,,7.263495797866101,0.28407196766350407
2021-01-10,Milagros (Masbate),27.124698624014854,33.391827112063766,-0.005493331700563431,-0.0238044373691082,8.545183062553406,0.69201124,0.37464809998053805,-4.959289797728535,-7.067246305217136,,8.633685518737614,0.2860715441792074
2021-01-11,Milagros (Masbate),26.727713853120804,33.391827112063766,0.014648884534835815,-0.032959990203380585,8.545183062553406,0.9324374,8.540934071337716,-3.2661382910086285,-6.748562929089028,,7.497383606556853,0.28807112069491064
2021-01-12,Milagros (Masbate),26.46037171036005,33.41166414320469,0.021973326802253723,-0.035401470959186554,8.545183062553406,1.2439665,5.121250259948792,-3.1651148063163133,-6.517597861056677,,7.245483670233018,0.2900706972106139
2021-01-13,Milagros (Masbate),26.33732108026743,33.44370857812464,0.012207403779029846,-0.0317392498254776,8.545183062553406,1.2711095,11.35154766098239,-2.411262464372917,-5.19040068201546,,5.7231499990792045,0.29207027372631716
2021-01-14,Milagros (Masbate),26.511642806231976,33.452864130958915,-0.02075258642435074,-0.029908139258623123,8.69777561724186,1.263829,4.498686866876319,-1.5511400399001543,-3.319681787987894,,3.66419467235025,0.2940698502420205
2021-01-15,Milagros (Masbate),26.7994933873415,33.47422708757222,-0.04821924492716789,-0.02685628831386566,8.69777561724186,1.5824611,6.244939719929415,-1.615080436602658,-3.876183206654115,,4.199200050991142,0.29606942675772374
2021-01-16,Milagros (Masbate),26.523361913859844,33.46049375832081,-0.014648884534835815,-0.02136295661330223,8.545183062553406,1.5710825,22.411560400987977,-2.377468880199178,-5.8752535409180515,,6.3380566774355716,0.298069003273427
2021-01-17,Milagros (Masbate),26.60686055570841,33.46659746021032,-0.05066072568297386,-0.014648884534835815,8.69777561724186,1.2417113,3.003721656954071,-3.8394650412996096,-3.8700633769090733,,5.451502760217101,0.30006857978913026
2021-01-18,Milagros (Masbate),26.48088014870882,33.44523450359702,-0.05066072568297386,-0.0079348124563694,8.545183062553406,1.2325617,33.75903395755296,-5.269316461179996,-4.25520616387833,,6.772922224946232,0.3020681563048336
2021-01-19,Milagros (Masbate),26.212073117494583,33.04696795530617,-0.1110873743891716,0.0,8.69777561724186,1.0168449,5.7209681661810885,-5.614235042480241,-0.27752992889314204,,5.6210904612579,0.30406773282053684
2021-01-20,Milagros (Masbate),26.46403393149376,33.16751606762409,-0.11169774457812309,0.054322946816682816,8.69777561724186,1.3001444,0.5278606163318936,-2.621596836348627,1.741309806322793,,3.1472098458712683,0.3060673093362401
2021-01-21,Milagros (Masbate),26.720389410853386,33.249916043132544,-0.10925626382231712,0.05615405738353729,8.69777561724186,1.2684873,22.397751082755008,-2.7690212598387314,2.2787381193621163,,3.586101804755809,0.30806688585194336
2021-01-22,Milagros (Masbate),27.178899496793747,33.30637528561056,-0.07873775437474251,0.0714133121073246,8.69777561724186,1.4244782,0.0,-1.494865565797404,1.8427666963105094,,2.3728489536500086,0.3100664623676467
2021-01-23,Milagros (Masbate),27.578814044594765,33.321634540334344,-0.035401470959186554,0.011597033590078354,8.69777561724186,0.77740985,0.0,-0.07759968069243664,0.4430298673179445,,0.4497745810729233,0.31206603888334994
2021-01-24,Milagros (Masbate),27.71651355922222,33.34910119883716,-0.08911404758691788,-0.006714072078466415,8.69777561724186,1.194785,0.0,-2.8225967835092445,-2.07623816043636,0.3140656153990532,3.503971675274915,0.3140656153990532
2021-01-25,Milagros (Masbate),27.692342899739742,33.39945673942566,-0.06591998040676117,-0.01037629321217537,8.69777561724186,0.86902535,0.0,-4.091652188982283,-2.297255390120869,,4.692440725575859,0.3189610483362339
2021-01-26,Milagros (Masbate),27.706991784274578,33.440656727179885,-0.03479110077023506,-0.01892147585749626,8.545183062553406,0.48891497,0.0,-3.3553125427102883,-3.016318192178629,,4.511795396040997,0.32385648127341465
2021-01-27,Milagros (Masbate),27.737754441797733,33.475753013044596,-0.05005035549402237,-0.012207403779029846,8.545183062553406,0.47944587,21.379142656771215,-4.910983527510962,-3.4770141187489267,,6.017257381021971,0.32875191421059535
2021-01-28,Milagros (Masbate),27.663777574896812,33.49864189513028,-0.04028443247079849,-0.017090365290641785,8.545183062553406,0.47195312,0.0,-4.33756786913622,-5.023859906722991,,6.637293377706131,0.33364734714777605
2021-01-29,Milagros (Masbate),27.412549205124378,33.5398418828845,-0.020142216235399246,-0.017700735479593277,8.545183062553406,0.5481291,0.0,-6.0846808407341335,-6.890867888546877,,9.19279071832942,0.33854278008495675
2021-01-30,Milagros (Masbate),26.976744890213013,33.584093721583486,-0.02075258642435074,-0.017090365290641785,8.545183062553406,1.3465464,16.583424960865692,-6.070898346556489,-6.702309565687559,,9.043050384053451,0.3434382130221375
2021-01-31,Milagros (Masbate),26.792901389300823,33.62834556028247,-0.02868739888072014,-0.017090365290641785,8.545183062553406,1.5888702,0.0,-5.672894250045274,-5.342345400676057,,7.792456836731362,0.3483336459593182
2021-02-01,Milagros (Masbate),26.732108518481255,33.65886406973004,-0.039674062281847,-0.012817773967981339,8.545183062553406,1.4427861,0.0,-4.269272806241115,-4.490326348107836,,6.195943915709805,0.3532290788964989
2021-02-02,Milagros (Masbate),26.794366277754307,33.67107147350907,-0.043336283415555954,-0.014648884534835815,8.545183062553406,1.3626606,0.0,-4.621387336719805,-4.814439938759673,,6.67353375955486,0.35812451183367966
2021-02-03,Milagros (Masbate),26.8485671505332,33.692434430122375,-0.051271095871925354,-0.010986663401126862,8.545183062553406,1.0852631,0.0,-5.2068659471854755,-5.198011109339054,,7.357361788356743,0.36301994477086036
2021-02-04,Milagros (Masbate),26.845637373626232,33.716849237680435,-0.05493331700563431,-0.008545182645320892,8.545183062553406,1.1144098,0.0,-5.606335906342676,-4.963583751443404,,7.487867917661218,0.36791537770804106
2021-02-05,Milagros (Masbate),26.93939023464918,33.73668626882136,-0.07324442267417908,-0.004272591322660446,8.545183062553406,0.82945,0.0,-4.753414075992154,-3.4804704851696644,,5.891402224935716,0.37281081064522176
2021-02-06,Milagros (Masbate),27.13495284318924,33.75804922543466,-0.0714133121073246,-0.012207403779029846,8.545183062553406,1.2951176,0.0,-4.10548328232679,-3.503029317881146,,5.396870146983305,0.3777062435824025
2021-02-07,Milagros (Masbate),27.18768882751465,33.7626270018518,-0.06897183135151863,-0.01037629321217537,8.545183062553406,1.1344439,29.821191238341417,-5.1067111774429605,-4.169117484168646,,6.592422896524583,0.3826016765195832
2021-02-08,Milagros (Masbate),26.86980803310871,33.67259739898145,-0.05005035549402237,-0.009765923023223877,8.545183062553406,1.1401054,44.96050674871789,-5.45034087097675,-4.630202743198076,,7.151572767787418,0.3874971094567639
2021-02-09,Milagros (Masbate),26.568041011691093,33.57036039233208,-0.07751701399683952,0.003662221133708954,8.545183062553406,0.7600206,18.253299301101034,-6.973063068138983,-2.6083387480633875,,7.444933819510602,0.3923925423939446
2021-02-10,Milagros (Masbate),26.552659682929516,33.585619647055864,-0.08239997550845146,0.03662221133708954,8.545183062553406,1.1178814,18.41480352041929,-2.519525600585656,1.3378981381840445,,2.852714615968945,0.39728797533112536
2021-02-11,Milagros (Masbate),27.165715500712395,33.57799001969397,-0.054322946816682816,0.09826960042119026,8.69777561724186,1.1249775,19.340203494135796,-0.011785690028242488,1.436197342363832,,1.4362456992807238,0.40218340826830606
2021-02-12,Milagros (Masbate),27.356883443892002,33.571886317804456,-0.038453321903944016,-0.012817773967981339,8.69777561724186,2.060514,0.0,-0.377046708923476,-1.225726042007316,,1.2824073263846183,0.40707884120548676
2021-02-13,Milagros (Masbate),27.330515451729298,33.59324927441776,-0.10254219174385071,-0.008545182645320892,8.69777561724186,1.0613794,0.14615775412043014,-2.338490747251788,-2.0617210556886887,,3.1175683932276943,0.4119742741426675
2021-02-14,Milagros (Masbate),27.2902310192585,33.610034454613924,-0.07263405248522758,-0.0158696249127388,8.69777561724186,0.89169776,0.0,-2.371511044681269,-2.9135735045947406,,3.756723998608591,0.4168697070798482
2021-02-15,Milagros (Masbate),27.140812397003174,33.634449262171984,-0.04516739398241043,-0.012207403779029846,8.545183062553406,1.1489642,0.0,-3.742196965267112,-3.5265233650401204,,5.142023451038344,0.4217651400170289
2021-02-16,Milagros (Masbate),27.071230195462704,33.66496777161956,-0.03723258152604103,-0.014648884534835815,8.545183062553406,1.4139613,0.0,-3.514964682183382,-4.090530085466451,,5.393274802668848,0.42666057295420967
2021-02-17,Milagros (Masbate),27.07342752814293,33.6832788772881,-0.023194067180156708,-0.02685628831386566,8.545183062553406,1.4135553,0.0,-2.906941712191494,-4.904899600331844,,5.701609440097971,0.43155600589139037
2021-02-18,Milagros (Masbate),26.99652088433504,33.71379738673568,-0.011597033590078354,-0.025025177747011185,8.545183062553406,1.0547348,0.08873624879012969,-4.354245573880625,-6.4815776255765565,0.43645143882857107,7.808348291030161,0.43645143882857107
2021-02-19,Milagros (Masbate),26.58708456158638,33.7549973744899,-0.0024414807558059692,-0.023194067180156708,8.545183062553406,1.0063051,13.456553671954852,-5.001037433235652,-7.525824509159273,,9.035950971053719,0.35207891785310097
2021-02-20,Milagros (Masbate),26.099276706576347,33.79314551129937,0.0158696249127388,-0.03234962001442909,8.545183062553406,1.0345745,9.559476342694511,-3.20576177147574,-6.858242321513289,,7.570495114327151,0.26770639687763087
2021-02-21,Milagros (Masbate),25.90005187690258,33.75652329996228,0.006714072078466415,-0.029908139258623123,8.545183062553406,1.2249542,25.504902427626913,-2.892949352356844,-5.524177123550379,,6.235839065246891,0.18333387590216077
2021-02-22,Milagros (Masbate),25.913968317210674,33.5688344668597,-0.06530961021780968,-0.017700735479593277,8.69777561724186,1.6596286,22.057748997670885,-3.2754939967223766,-0.5648835736500757,,3.323846322311549,0.09896135492669067
2021-02-23,Milagros (Masbate),26.64787743240595,33.67717517539859,-0.13672292232513428,0.07385479286313057,8.69777561724186,1.6596413,10.085642408405791,-3.522533814534195,0.46463911306290406,0.014588833951220544,3.5530457328783016,0.014588833951220544
2021-02-24,Milagros (Masbate),26.859553813934326,33.706167759373784,-0.13000885024666786,0.059816278517246246,8.69777561724186,1.8261293,0.0,-3.642644894527504,-0.8752035276826892,,3.746310590767337,0.06780958788169983
2021-02-25,Milagros (Masbate),27.22870570421219,33.718375163152814,-0.11963255703449249,0.06530961021780968,8.69777561724186,2.180291,0.0,-2.7494680023219042,-0.6360090105558728,,2.822070473482238,0.1210303418121791
2021-02-26,Milagros (Masbate),27.46675007790327,33.706167759373784,-0.13061922043561935,0.05310220643877983,8.69777561724186,1.2529556,0.0,-2.584239905839224,-0.3444442330383229,,2.6070937306904174,0.17425109574265837
2021-02-27,Milagros (Masbate),27.764122433960438,33.70006405748427,-0.12939848005771637,0.04272591322660446,8.69777561724186,1.1666504,4.714939372776488,-3.2990025814445816,-1.2413997045158651,,3.5248391819698797,0.22747184967313766
2021-02-28,Milagros (Masbate),27.894497506320477,33.70158998295665,-0.12451551854610443,0.029908139258623123,8.69777561724186,1.2096213,0.0,-4.09138078951489,-1.3389353663731156,0.280692603603617,4.304897754899202,0.280692603603617
2021-03-01,Milagros (Masbate),27.94943082332611,33.71990108862519,-0.09399700909852982,0.017090365290641785,8.69777561724186,1.6221257,0.0,-3.67976973285876,-1.5408512402226424,,3.9893518059152275,0.2535520904166762
2021-03-02,Milagros (Masbate),28.115695662796497,33.73210849240422,-0.08423108607530594,0.0012207403779029846,8.69777561724186,1.6992658,0.0,-4.343976772879719,-2.1222118455654417,,4.834657932137162,0.22641157722973546
2021-03-03,Milagros (Masbate),28.10031433403492,33.74584182165563,-0.08972441777586937,0.0048829615116119385,8.545183062553406,1.1823957,0.0,-5.543888785342214,-2.645966073312854,,6.142950376274077,0.1992710640427947
2021-03-04,Milagros (Masbate),28.117892995476723,33.75957515090704,-0.07507553324103355,-0.0012207403779029846,8.545183062553406,0.48013312,0.0,-4.868705655017334,-2.9215328855710414,,5.677996931724323,0.17213055085585394
2021-03-05,Milagros (Masbate),28.156712539494038,33.77483440563083,-0.08056886494159698,-0.0012207403779029846,8.545183062553406,0.681578,0.0,-5.028246355383238,-3.013831036413108,0.1449900376689132,5.862289563512854,0.1449900376689132
2021-03-06,Milagros (Masbate),28.148655652999878,33.790093660354614,-0.07873775437474251,0.0,8.545183062553406,0.86731327,0.0,-4.895571261811726,-3.121399467638322,,5.8060100427100245,0.1532487178171143
2021-03-07,Milagros (Masbate),28.092989891767502,33.80687884055078,-0.06408886983990669,-0.0048829615116119385,8.545183062553406,1.0003816,0.0,-5.061955301933485,-3.478426576522748,,6.141892454857239,0.16150739796531538
2021-03-08,Milagros (Masbate),28.13766898959875,33.814508467912674,-0.079348124563694,-0.007324442267417908,8.545183062553406,0.6016547,0.0,-4.798274775414901,-2.7599368266522295,,5.535403518036793,0.1697660781135165
2021-03-09,Milagros (Masbate),28.06295967847109,33.82824179716408,-0.06836146116256714,-0.008545182645320892,8.545183062553406,0.4570498,0.0,-5.302677363338392,-4.26101186817651,,6.802544329910867,0.1780247582617176
2021-03-10,Milagros (Masbate),27.950895711779594,33.849604753777385,-0.04028443247079849,-0.016479995101690292,8.545183062553406,0.5026984,0.0,-5.245102403970743,-5.1847661285916145,0.18628343840991868,7.37515417034319,0.18628343840991868
2021-03-11,Milagros (Masbate),27.558305606245995,33.76110107637942,-0.046388134360313416,-0.012817773967981339,8.545183062553406,0.51915485,76.10416135343044,-6.331816631240544,-4.827498124236189,,7.962200700256072,0.20328725993500318
2021-03-12,Milagros (Masbate),27.300485238432884,33.64970851689577,-0.07629627361893654,0.005493331700563431,8.545183062553406,0.7343804,30.524078638026488,-5.477244565904906,-2.255695205035966,,5.923543609424773,0.22029108146008766
2021-03-13,Milagros (Masbate),27.338572338223457,33.61308630555868,-0.07873775437474251,0.012207403779029846,8.545183062553406,0.9884733,4.5063001060098955,-2.655297646990959,-0.9711978484487632,,2.827336353345182,0.23729490298517217
2021-03-14,Milagros (Masbate),27.930387273430824,33.59477519989014,-0.06530961021780968,0.09399700909852982,8.69777561724186,0.8777507,4.5063001060098955,-0.6195846071646061,1.2207621265002435,,1.3689942494155027,0.25429872451025665
2021-03-15,Milagros (Masbate),28.33323159813881,33.619190007448196,-0.07446516305208206,0.0952177494764328,8.69777561724186,0.72027826,0.0,-1.069165373373072,1.6523693550439127,,1.9681054547732488,0.27130254603534115
2021-03-16,Milagros (Masbate),28.684072382748127,33.62529370933771,-0.09094515815377235,0.06653035059571266,8.69777561724186,1.7255538,10.503384994444936,-1.7611354352951194,0.22973945328103312,,1.776056935417893,0.28830636756042566
2021-03-17,Milagros (Masbate),28.814447455108166,33.64207888953388,-0.12451551854610443,0.05249183624982834,8.69777561724186,1.359236,10.503384994444936,-2.700522695516512,-0.72452221316405,,2.796024904461314,0.30531018908551016
2021-03-18,Milagros (Masbate),28.924314089119434,33.65428629331291,-0.12329477816820145,0.010986663401126862,8.69777561724186,1.3770826,0.0,-3.818210676492421,-1.6484590326330189,,4.158864021863434,0.3223140106105946
2021-03-19,Milagros (Masbate),29.133793137967587,33.67259739898145,-0.10742515325546265,0.001831110566854477,8.69777561724186,0.49341938,0.0,-3.257120361052272,-1.863372586196969,,3.752464582294104,0.3393178321356791
2021-03-20,Milagros (Masbate),29.150639355182648,33.69090850465,-0.09765923023223877,0.0006103701889514923,8.69777561724186,0.9709487,0.0,-4.253353837435315,-1.6561479613234222,0.3563216536607636,4.564410688820787,0.3563216536607636
2021-03-21,Milagros (Masbate),29.031983390450478,33.67717517539859,-0.08056886494159698,0.0,8.545183062553406,0.5087958,29.8356671207575,-4.619319392971024,-1.5390691503450238,,4.86896760143482,0.3529463348908778
2021-03-22,Milagros (Masbate),29.0253913924098,33.69701220653951,-0.07873775437474251,-0.009155552834272385,8.545183062553406,0.6869369,0.0,-5.436922218187176,-3.425316086126499,,6.425956232071171,0.3495710161209919
2021-03-23,Milagros (Masbate),28.88988921046257,33.72600479051471,-0.07507553324103355,0.0012207403779029846,8.545183062553406,0.45438167,0.0,-6.787493310824607,-3.133543571661744,,7.475905347179793,0.34619569735110606
2021-03-24,Milagros (Masbate),28.848139889538288,33.7549973744899,-0.08178960531949997,0.0048829615116119385,8.545183062553406,0.45605865,0.0,-5.729654931042669,-2.3334688934530416,,6.186600254221581,0.3428203785812202
2021-03-25,Milagros (Masbate),28.867915883660316,33.77330848015845,-0.06408886983990669,-0.01342814415693283,8.545183062553406,0.47100872,0.0,-4.366591679296985,-3.479524918451375,,5.5833875516418985,0.3394450598113343
2021-03-26,Milagros (Masbate),28.92651142179966,33.79772328771651,-0.06530961021780968,-0.012207403779029846,8.545183062553406,0.81342655,0.0,-4.6406716331260665,-2.676009921809694,,5.356945240351527,0.3360697410414485
2021-03-27,Milagros (Masbate),29.070802934467793,33.81908624432981,-0.08484145626425743,-0.001831110566854477,8.545183062553406,1.4963659,0.0,-3.7781391918535405,-1.7660063307728617,,4.170505258760568,0.33269442227156265
2021-03-28,Milagros (Masbate),29.25830865651369,33.838923275470734,-0.09277626872062683,-0.0079348124563694,8.69777561724186,1.4244431,0.0,-3.4800989224512913,-1.850395290528236,,3.9414529353089724,0.32931910350167676
2021-03-29,Milagros (Masbate),29.362315736711025,33.85876030661166,-0.09399700909852982,-0.0030518509447574615,8.69777561724186,0.5864111,0.0,-3.456252284504486,-2.0152653273696837,,4.000871679252025,0.3259437847317909
2021-03-30,Milagros (Masbate),29.40479750186205,33.87554548680782,-0.08484145626425743,-0.011597033590078354,8.69777561724186,0.34390894,0.0,-3.6522479463388433,-2.349949452810832,,4.342945716020663,0.3225684659619051
2021-03-31,Milagros (Masbate),29.227545998990536,33.884701039642096,-0.06408886983990669,-0.0024414807558059692,8.545183062553406,0.47018862,0.0,-4.627021577965525,-1.9795294157935432,,5.032679742537817,0.3191931471920192
2021-04-01,Milagros (Masbate),29.207770004868507,33.90758992172778,-0.06714072078466415,-0.0048829615116119385,8.545183062553406,0.91568583,0.0,-4.933463829757159,-2.710701661418425,,5.629117946600407,0.31581782842213335
2021-04-02,Milagros (Masbate),29.193853564560413,33.935056580230594,-0.07446516305208206,-0.0048829615116119385,8.545183062553406,0.9435216,0.0,-4.470113204033414,-2.6373869267800507,,5.190156246051191,0.3124425096522475
2021-04-03,Milagros (Masbate),29.212164670228958,33.957945462316275,-0.06469924002885818,-0.010986663401126862,8.545183062553406,1.8164896,0.0,-3.919458461033398,-2.4910454340499775,,4.644078162807721,0.3090671908823616
2021-04-04,Milagros (Masbate),29.276619762182236,33.97625656798482,-0.06591998040676117,-0.019531846046447754,8.545183062553406,1.6668116,0.0,-4.0643358749282825,-2.9822328266560807,0.3056918721124758,5.041085075320011,0.3056918721124758
2021-04-05,Milagros (Masbate),29.292733535170555,33.99609359912574,-0.05310220643877983,-0.02624591812491417,8.545183062553406,1.4443048,0.0,-3.3442045493954575,-3.5032102009802384,,4.843158657369101,0.2988941568437843
2021-04-06,Milagros (Masbate),29.251716658473015,34.00982692837715,-0.048829615116119385,-0.024414807558059692,8.545183062553406,1.4413229,0.0,-3.7488489889696903,-4.264401726451633,,5.677938959399153,0.29209644157509285
2021-04-07,Milagros (Masbate),29.190191343426704,34.028138034045696,-0.03234962001442909,-0.028077028691768646,8.545183062553406,1.0476159,0.0,-3.308894079981864,-3.712595626146704,,4.97314249904652,0.28529872630640135
2021-04-08,Milagros (Masbate),29.22534866631031,34.04644913971424,-0.048829615116119385,-0.031128879636526108,8.545183062553406,1.103142,0.0,-2.3766577553589516,-2.620678803729813,,3.537860861937136,0.27850101103770986
2021-04-09,Milagros (Masbate),29.25391399115324,34.064760245382786,-0.06164738908410072,-0.024414807558059692,8.545183062553406,0.464348,0.0,-2.9431225480056837,-2.8579519642840086,,4.1024212073767234,0.27170329576901836
2021-04-10,Milagros (Masbate),29.23267310857773,34.08001950010657,-0.05066072568297386,-0.023194067180156708,8.545183062553406,0.5125535,0.0,-2.9231292782714613,-3.3995652624676533,,4.483495149017628,0.26490558050032686
2021-04-11,Milagros (Masbate),29.292001090943813,34.0998565312475,-0.04028443247079849,-0.03723258152604103,8.545183062553406,1.0986539,0.0,-1.8637698814954946,-3.5336085320326065,,3.9950003039828874,0.2581078652316354
2021-04-12,Milagros (Masbate),29.440687268972397,34.115115785971284,-0.01037629321217537,-0.0634784996509552,8.69777561724186,1.3213216,0.0,-0.4204446335959154,-3.0439233394739897,,3.0728232924322363,0.25131014996294393
2021-04-13,Milagros (Masbate),29.612079218029976,34.124271338805556,-0.06591998040676117,-0.036011841148138046,8.69777561724186,1.3164471,3.1194464814590392,-2.2613658903561995,-2.597909179400715,,3.4442572195585197,0.24451243469425243
2021-04-14,Milagros (Masbate),29.746848955750465,34.115115785971284,-0.05249183624982834,-0.0555436871945858,8.69777561724186,0.4455951,0.0720452224990659,-1.870150818550749,-2.4791866910302627,0.23771471942556097,3.105451776007417,0.23771471942556097
2021-04-15,Milagros (Masbate),29.733664959669113,34.09375282935798,-0.07080294191837311,-0.03479110077023506,8.69777561724186,0.411195,3.3766537312319986,-1.3624208219803902,-2.3289392323977802,,2.6981750210776325,0.23657586065543174
2021-04-16,Milagros (Masbate),29.78200627863407,34.10901208408177,-0.051881466060876846,-0.03906369209289551,8.69777561724186,0.66877097,0.9735770530197732,-1.8167077243598628,-3.1796285868589766,,3.6620301618254874,0.23543700188530248
2021-04-17,Milagros (Masbate),29.75637073069811,34.11969356238842,0.04455702379345894,-0.05798516795039177,8.545183062553406,0.613565,3.208876630113768,2.684559508446263,-5.730180403518442,,6.327861187736028,0.23429814311517325
2021-04-18,Milagros (Masbate),29.06201360374689,33.848078828305006,0.17029328271746635,-0.05859553813934326,8.545183062553406,0.61671495,9.886183148707143,8.58372287543354,-5.878825682384691,,10.403888206151914,0.233159284345044
2021-04-19,Milagros (Masbate),28.55442975461483,33.64818259142339,0.16235847026109695,-0.043946653604507446,8.545183062553406,0.6187811,10.595345299819419,7.442630698712241,-3.0457756198528263,,8.041734939918358,0.23202042557491476
2021-04-20,Milagros (Masbate),28.39548935741186,33.67564924992621,0.07629627361893654,-0.0030518509447574615,8.545183062553406,1.1552078,4.5408625341574025,5.978476204700823,3.0801406036900496,,6.725283924762884,0.2308815668047855
2021-04-21,Milagros (Masbate),28.613757736980915,33.71990108862519,0.0238044373691082,0.03234962001442909,8.69777561724186,1.1484047,0.0,4.162887875947029,3.760694213652301,,5.6100317678516465,0.22974270803465627
2021-04-22,Milagros (Masbate),28.884029656648636,33.75804922543466,-0.014648884534835815,0.06530961021780968,8.69777561724186,1.1486577,0.0,3.054657637077952,3.63832430058566,,4.750614380897568,0.228603849264527
2021-04-23,Milagros (Masbate),29.015869617462158,33.76720477826893,0.017700735479593277,0.03723258152604103,8.69777561724186,0.86960423,0.0,4.093546293141136,2.0795107141844413,,4.591457945413136,0.22746499049439778
2021-04-24,Milagros (Masbate),28.990966513752937,33.777886256575584,0.03479110077023506,-0.010986663401126862,8.545183062553406,0.7789361,0.0,3.6641464663318546,0.007688647298154774,,3.664154533044355,0.22632613172426852
2021-04-25,Milagros (Masbate),29.214362002909184,33.788567734882236,0.01892147585749626,-0.035401470959186554,8.69777561724186,0.77205884,0.0,-0.42897591340339164,-1.2043844796353207,,1.2785000231000063,0.2251872729541393
2021-04-26,Milagros (Masbate),29.12280647456646,33.814508467912674,-0.079348124563694,-0.007324442267417908,8.545183062553406,0.7324917,0.0,-3.3817941634982756,-2.4208729249421,,4.158985150609307,0.22404841418401003
2021-04-27,Milagros (Masbate),28.988769181072712,33.84350105188787,-0.079348124563694,-0.001831110566854477,8.545183062553406,0.5424388,0.0,-4.401591247481121,-2.5443544409093293,,5.08406776419015,0.2229095554138808
2021-04-28,Milagros (Masbate),29.059816271066666,33.87554548680782,-0.07629627361893654,-0.015259254723787308,8.545183062553406,0.5799694,0.0,-2.609077733024669,-2.42250357731387,,3.560310407684089,0.22177069664375154
2021-04-29,Milagros (Masbate),29.23267310857773,33.898434368893504,-0.03479110077023506,-0.02075258642435074,8.69777561724186,1.3281666,0.0,-0.3980767984043242,-0.9383386047044731,0.2206318378736223,1.0192862573912072,0.2206318378736223
2021-04-30,Milagros (Masbate),29.55275123566389,33.91827140003443,-0.08850367739796638,0.021973326802253723,8.69777561724186,0.80073464,0.0,-1.7293140595670349,-0.9843705844325242,,1.989852397569289,0.23580123960071855
2021-05-01,Milagros (Masbate),29.538102351129055,33.92895287834108,-0.11047700420022011,0.02624591812491417,8.69777561724186,1.040294,0.0,-3.4358000332359637,-1.4903408876519282,,3.745108520429199,0.2509706413278148
2021-05-02,Milagros (Masbate),29.46632281690836,33.93810843117535,-0.09399700909852982,0.0024414807558059692,8.545183062553406,1.0139544,0.0,-4.795574826656447,-2.259423095103878,,5.3011820041147235,0.26614004305491107
2021-05-03,Milagros (Masbate),29.455336153507233,33.94726398400962,-0.08606219664216042,0.004272591322660446,8.545183062553406,0.675327,23.50277683459237,-5.65170568561121,-2.5245843744707135,,6.189935655609981,0.2813094447820073
2021-05-04,Milagros (Masbate),29.459730818867683,33.94268620759249,-0.08423108607530594,0.006714072078466415,8.545183062553406,0.57210416,1.2595595433310613,-5.367063095646827,-2.021249376789351,,5.735051465839295,0.29647884650910356
2021-05-05,Milagros (Masbate),29.570329897105694,33.957945462316275,-0.09277626872062683,0.0030518509447574615,8.545183062553406,0.52967995,0.0,-5.714765850970704,-2.812622646220199,,6.369410873970342,0.3116482482361998
2021-05-06,Milagros (Masbate),29.652363650500774,33.970152866095304,-0.08301034569740295,-0.0006103701889514923,8.545183062553406,0.7652944,0.0,-5.251152678410523,-2.758799314673144,,5.931743260679698,0.32681764996329604
2021-05-07,Milagros (Masbate),29.868434697389603,33.982360269874334,-0.09094515815377235,-0.0048829615116119385,8.69777561724186,0.63751954,0.0,-4.234613351376573,-2.127304531058969,,4.738921270027679,0.3419870516903923
2021-05-08,Milagros (Masbate),29.931424900889397,33.97625656798482,-0.08789330720901489,0.0006103701889514923,8.69777561724186,1.0210816,0.3474430583311627,-3.598608539217995,-1.3686454244022763,,3.850087494625279,0.35715645341748853
2021-05-09,Milagros (Masbate),29.99075288325548,33.97930841892958,-0.08056886494159698,-0.001831110566854477,8.545183062553406,1.3380282,0.0,-3.7206659700716633,-1.4084099158386751,0.37232585514458477,3.9783129278479357,0.37232585514458477
2021-05-10,Milagros (Masbate),29.98562577366829,33.94726398400962,-0.08667256683111191,0.006103701889514923,8.69777561724186,0.7323871,27.427914501445528,-3.715881456383486,-0.38921808891089493,,3.7362100742102426,0.36920602036870975
2021-05-11,Milagros (Masbate),30.14163639396429,33.96404916420579,-0.09033478796482086,0.017700735479593277,8.69777561724186,0.48307443,37.520954518966214,-4.012837621631764,-0.8724098262791266,,4.106575785562912,0.36608618559283473
2021-05-12,Milagros (Masbate),30.122592844069004,33.96099731326103,-0.07995849475264549,0.014648884534835815,8.545183062553406,0.89928406,0.0,-3.9451623711643586,-0.7395509404580002,,4.013881130325548,0.36296635081695977
2021-05-13,Milagros (Masbate),30.214148372411728,33.97167879156768,-0.08056886494159698,-0.0006103701889514923,8.545183062553406,0.8618302,0.0,-5.071062048982405,-1.559446445455257,,5.305425856693566,0.35984651604108475
2021-05-14,Milagros (Masbate),30.26761680096388,33.97320471704006,-0.08911404758691788,0.006714072078466415,8.545183062553406,0.78543264,0.0,-4.755417301357869,-0.9586218268662768,0.35672668126520973,4.851077150179967,0.35672668126520973
2021-05-15,Milagros (Masbate),30.319620341062546,33.970152866095304,-0.09460737928748131,0.008545182645320892,8.545183062553406,0.85636604,0.0,-4.3403726067577155,-0.828744296055866,,4.418783936077651,0.3532615218449528
2021-05-16,Milagros (Masbate),30.277871020138264,33.97167879156768,-0.07507553324103355,-0.0024414807558059692,8.545183062553406,0.5850812,0.0,-4.425153501786326,-2.0665235521610135,,4.883902446405739,0.34979636242469586
2021-05-17,Milagros (Masbate),30.30057679116726,33.96710101515055,-0.07873775437474251,-0.0048829615116119385,8.545183062553406,0.42968106,0.0,-4.836456654062455,-1.5672643466200846,,5.084056500355939,0.3463312030044389
2021-05-18,Milagros (Masbate),30.183385714888573,33.957945462316275,-0.07629627361893654,0.010986663401126862,8.545183062553406,0.4226658,0.16779070887072334,-4.542016995064121,-0.7956314643389151,,4.611176402014717,0.342866043584182
2021-05-19,Milagros (Masbate),30.172399051487446,33.96099731326103,-0.06958220154047012,0.019531846046447754,8.545183062553406,0.4196926,0.0,-3.52789347182238,0.3494344040177145,,3.545156802066473,0.33940088416392505
2021-05-20,Milagros (Masbate),29.997344881296158,33.81756031885743,-0.06286812946200371,0.0048829615116119385,8.69777561724186,0.7377083,32.572461756924824,-1.3410012082087372,0.3325026109957935,,1.3816085649475083,0.3359357247436681
2021-05-21,Milagros (Masbate),30.299111902713776,33.78704180940986,0.003662221133708954,-0.039674062281847,8.69777561724186,0.67084205,22.1842422640106,-0.45035986610903844,0.4415047576183704,,0.6306746070688173,0.3324705653234112
2021-05-22,Milagros (Masbate),30.704886004328728,33.89385659247637,-0.009155552834272385,-0.046388134360313416,8.69777561724186,0.7758397,0.0,0.3033512290674628,-0.6262116188984282,,0.6958181945164489,0.32900540590315425
2021-05-23,Milagros (Masbate),30.756157100200653,33.89996029436588,-0.08667256683111191,-0.02624591812491417,8.69777561724186,0.7464443,0.0,-2.3609232563212785,-0.872897261481568,,2.517123010768582,0.3255402464828973
2021-05-24,Milagros (Masbate),30.871150843799114,33.89996029436588,-0.08667256683111191,0.036011841148138046,8.69777561724186,0.55002254,0.0,-1.6922769007274527,-0.663633248138193,0.3220750870626404,1.817748661605933,0.3220750870626404
2021-05-25,Milagros (Masbate),30.931943714618683,33.90453807078302,-0.08545182645320892,-0.004272591322660446,8.69777561724186,0.5195137,0.0,-2.1524604645057117,-0.33281080637888605,,2.1780378977654884,0.3339222593409027
2021-05-26,Milagros (Masbate),30.91509749740362,33.89538251794875,-0.08362071588635445,-0.02136295661330223,8.69777561724186,0.4365688,0.0,-2.6418826629018883,-0.16796958812411644,,2.6472169890426733,0.34576943161916507
2021-05-27,Milagros (Masbate),30.933408603072166,33.91369362361729,-0.09765923023223877,0.02685628831386566,8.69777561724186,1.5646604,0.0,-3.506615785389957,-0.005934469717650687,,3.506620807027309,0.3576166038974274
2021-05-28,Milagros (Masbate),31.12311165779829,33.919797325506806,-0.07995849475264549,0.040894802659749985,8.69777561724186,0.94766074,0.0,-1.7365686512147471,-0.0014260337026094137,,1.736569236729111,0.3694637761756897
2021-05-29,Milagros (Masbate),31.374340027570724,33.91674547456205,-0.05798516795039177,0.02868739888072014,8.69777561724186,1.1100378,0.0,-0.5288656812712306,0.37076981004013154,,0.6458863374183402,0.3813109484539521
2021-05-30,Milagros (Masbate),31.381664469838142,33.91674547456205,0.030518509447574615,-0.03234962001442909,8.69777561724186,0.60938996,0.0,1.6074534119143014,-0.09725373091537388,,1.6103927345998208,0.3931581207322144
2021-05-31,Milagros (Masbate),31.509842209517956,33.91827140003443,0.01342814415693283,-0.0634784996509552,8.69777561724186,0.5937624,0.0,0.13863581952264434,-0.2131823591016166,,0.25429630096964806,0.4050052930104767
2021-06-01,Milagros (Masbate),31.076967671513557,33.71990108862519,0.048829615116119385,-0.10010071098804474,8.69777561724186,0.55303353,30.962177330775386,1.1155423072037562,-2.8367973652076013,,3.048254243072626,0.4168524652887391
2021-06-02,Milagros (Masbate),30.576708264648914,33.47422708757222,-0.003662221133708954,0.05371257662773132,8.69777561724186,1.287198,24.80968618489666,0.473790372414849,6.68246176712549,,6.699236716678023,0.4286996375670014
2021-06-03,Milagros (Masbate),30.72685933113098,33.54594558477402,-0.012817773967981339,0.062257759273052216,8.69777561724186,1.2891558,0.0,1.347206297374907,2.831468350383463,,3.135630371537732,0.44054680984526373
2021-06-04,Milagros (Masbate),30.95538192987442,33.57036039233208,0.021973326802253723,0.01342814415693283,8.69777561724186,0.9866584,0.0,1.7445067916249153,1.6762064835394117,,2.419291656970076,0.4523939821235261
2021-06-05,Milagros (Masbate),30.989806808531284,33.3964048884809,-0.0238044373691082,-0.006103701889514923,8.69777561724186,1.3603858,24.80968618489666,0.7620511020419322,1.5509971344559934,,1.7280954815096377,0.4642411544017884
2021-06-06,Milagros (Masbate),30.617725141346455,33.40098266489804,0.03418073058128357,-0.0006103701889514923,8.69777561724186,1.1678725,5.195227453723156,1.5235001902753036,1.1566936190985415,,1.9128494342817912,0.47608832668005074
2021-06-07,Milagros (Masbate),30.421430088579655,33.32773824222386,-0.0048829615116119385,0.005493331700563431,8.69777561724186,1.1711376,3.761482460261842,0.6142575686340543,1.3709471184103768,,1.5022677398193491,0.4879354989583131
2021-06-08,Milagros (Masbate),30.649952687323093,33.368938229978085,-0.01037629321217537,0.038453321903944016,8.69777561724186,0.9268571,9.602456940115102,1.06183300917768,1.256999295549637,,1.6454593791375132,0.4997826712365754
2021-06-09,Milagros (Masbate),30.63969846814871,33.32621231675148,0.003662221133708954,0.0158696249127388,8.69777561724186,0.9656568,14.798458358578943,1.3175094763823074,1.4724043446400046,,1.9758050952641921,0.5116298435148378
2021-06-10,Milagros (Masbate),30.491744734346867,33.30484936013818,-0.04150517284870148,0.043946653604507446,8.69777561724186,0.96846205,11.212973031746204,-0.028746088941937847,2.2894396926725964,,2.28962015277955,0.5234770157931001
2021-06-11,Milagros (Masbate),30.519577614963055,33.15378273837268,-0.0476088747382164,0.07446516305208206,8.69777561724186,0.73600894,7.858775046002308,-0.24388761452156094,1.3193640514505542,,1.3417163145676654,0.5353241880713624
2021-06-12,Milagros (Masbate),30.466841630637646,33.21939753368497,-0.0634784996509552,0.05310220643877983,8.69777561724186,0.7367205,9.82724447617908,-0.804597597542575,1.7680171728776095,,1.942488614525557,0.5471713603496248
2021-06-13,Milagros (Masbate),30.420697644352913,33.17972347140312,-0.0048829615116119385,0.022583696991205215,8.69777561724186,1.0024279,4.98869894194071,0.6140675884052849,1.3888478148431997,,1.5185444530617513,0.5590185326278871
2021-06-14,Milagros (Masbate),30.784722425043583,33.21787160821259,0.027466658502817154,0.02075258642435074,8.69777561724186,1.2948627,0.0,1.6561783150036762,1.9269771729811256,,2.5408989819114702,0.5708657049061494
2021-06-15,Milagros (Masbate),30.890926837921143,33.23007901199162,0.01831110566854477,0.031128879636526108,8.69777561724186,1.8045461,4.91362223808954,0.8311910122318885,2.116112434897975,,2.2735017783025615,0.5827128771844118
2021-06-16,Milagros (Masbate),31.227851182222366,33.22702716104686,0.004272591322660446,0.043336283415555954,8.69777561724186,0.8642682,0.0,0.4415201010617103,1.5077294965589658,,1.571046859401557,0.5945600494626742
2021-06-17,Milagros (Masbate),31.40876490622759,33.24076049029827,-0.02624591812491417,0.0476088747382164,8.69777561724186,1.8779123,0.6328955335017391,0.213755344590716,1.248754507257843,,1.2669171901659058,0.6064072217409364
2021-06-18,Milagros (Masbate),31.42194890230894,33.246864192187786,0.01892147585749626,0.03357036039233208,8.69777561724186,1.662719,0.31875134675062694,2.099974123328748,1.8211106145571758,0.6182543940191988,2.779628606325521,0.6182543940191988
2021-06-19,Milagros (Masbate),31.23810540139675,33.24381234124303,0.035401470959186554,0.0158696249127388,8.545183062553406,1.3592625,0.0,3.797652362025567,2.779523381564019,,4.706156998173717,0.5848438166939932
2021-06-20,Milagros (Masbate),31.097476109862328,33.25754567049444,0.025025177747011185,0.012817773967981339,8.545183062553406,1.3593366,0.0,3.4518322083700412,2.8155841756961975,,4.454510056692165,0.5514332393687877
2021-06-21,Milagros (Masbate),30.888729505240917,33.248390117660165,0.017090365290641785,0.010986663401126862,8.545183062553406,0.80650944,5.011218635354033,2.935991617521604,2.9188317357599667,,4.140003077273816,0.5180226620435822
2021-06-22,Milagros (Masbate),30.83599352091551,33.24533826671541,0.015259254723787308,0.017700735479593277,8.545183062553406,0.79241836,5.011218635354033,1.8314862407182804,2.5100422450987883,,3.1071938983785587,0.4846120847183766
2021-06-23,Milagros (Masbate),31.027161464095116,33.271278999745846,-0.006103701889514923,0.03357036039233208,8.545183062553406,0.61342794,0.1429074013692612,0.6708797484473528,2.013661881402526,,2.122478223560926,0.451201507393171
2021-06-24,Milagros (Masbate),31.13190098851919,33.26364937238395,-0.0079348124563694,0.006714072078466415,8.69777561724186,0.74886066,11.967432053045618,0.42812036035500894,1.4792127267095945,,1.5399212102604913,0.41779093006796547
2021-06-25,Milagros (Masbate),31.293038718402386,33.27890862710774,-0.019531846046447754,-0.005493331700563431,8.69777561724186,0.76138306,5.011218635354033,-0.25205908534031424,0.9535521066998582,,0.9863039099052248,0.38438035274275995
2021-06-26,Milagros (Masbate),31.49958799034357,33.28043455258012,-0.048829615116119385,-0.012207403779029846,8.69777561724186,0.49484086,0.0,-0.908911197843419,-0.34062080917399484,,0.9706400471892275,0.35096977541755436
2021-06-27,Milagros (Masbate),31.432203121483326,33.26822714880109,-0.06469924002885818,0.025025177747011185,8.69777561724186,0.59141934,0.0,-1.5348302401142018,1.0251462067610595,,1.845705450825133,0.3175591980923488
2021-06-28,Milagros (Masbate),31.365550696849823,33.27585677616298,-0.03357036039233208,0.03723258152604103,8.545183062553406,0.9406362,5.986092026770478,-0.22395645312982684,2.360095466867906,0.28414862076714326,2.370697598941909,0.28414862076714326
2021-06-29,Milagros (Masbate),31.543534643948078,33.29416788183153,0.012817773967981339,0.006714072078466415,8.69777561724186,2.5502384,5.986092026770478,0.2412413152440418,1.163292949681502,,1.1880437108790927,0.2838116042109028
2021-06-30,Milagros (Masbate),31.87093721330166,33.30027158372104,-0.0012207403779029846,-0.027466658502817154,8.69777561724186,1.1051376,0.0,0.022894686639781215,0.4933213479005884,,0.49385232506366433,0.2834745876546623
2021-07-01,Milagros (Masbate),31.914151422679424,33.283486403524876,0.006714072078466415,-0.06653035059571266,8.69777561724186,2.4151688,29.35276399809738,0.7749766288092341,-0.6565696995609934,,1.0157128263353468,0.28313757109842186
2021-07-02,Milagros (Masbate),31.791833236813545,33.201086428016424,-0.012817773967981339,-0.08911404758691788,8.69777561724186,0.8197858,19.182977649309574,-0.03732896102411085,-1.301261742341169,,1.3017970553860976,0.2828005545421814
2021-07-03,Milagros (Masbate),31.358226254582405,33.103427197784185,0.03723258152604103,-0.0634784996509552,8.69777561724186,0.7024187,20.129357691952475,2.0170598737697745,1.5363529674987977,,2.535529722782697,0.2824635379859409
2021-07-04,Milagros (Masbate),31.190496526658535,33.15530866384506,-0.0006103701889514923,0.05066072568297386,8.69777561724186,0.52289337,0.0,1.3858131430994427,3.7883695910110666,,4.033884260323356,0.2821265214297004
2021-07-05,Milagros (Masbate),31.02496413141489,33.12326422892511,-0.01831110566854477,0.04272591322660446,8.545183062553406,0.49338675,25.330462043715784,0.15378701179722137,4.223540964865007,,4.226339873565584,0.28178950487345994
2021-07-06,Milagros (Masbate),30.95977659523487,33.10190127231181,-0.0024414807558059692,0.009155552834272385,8.545183062553406,0.5233409,7.922958491056492,-0.887805055990541,0.42985925483505527,,0.9863958619183866,0.2814524883172195
2021-07-07,Milagros (Masbate),30.986144587397575,33.11410867609084,-0.04821924492716789,-0.02929776906967163,8.545183062553406,0.7291892,0.0,-3.317478831414672,-1.8891450453009986,,3.817660906768668,0.281115471760979
2021-07-08,Milagros (Masbate),30.994201473891735,33.12021237798035,-0.07568590342998505,-0.003662221133708954,8.69777561724186,2.351038,7.922958491056492,-4.069298043930766,-0.5086236646867035,0.28077845520473854,4.100961424180688,0.28077845520473854
2021-07-09,Milagros (Masbate),30.92681660503149,33.126316079869866,-0.06714072078466415,0.005493331700563431,8.545183062553406,1.174408,11.516360518898491,-3.827742027460552,-0.5638188256585733,,3.86904389959003,0.2803493327880926
2021-07-10,Milagros (Masbate),30.745902881026268,33.115634601563215,-0.0555436871945858,-0.001831110566854477,8.545183062553406,1.1894535,15.845916982112984,-3.8068800617414356,-0.8595499607570098,,3.902712126140212,0.27992021037144665
2021-07-11,Milagros (Masbate),30.736381106078625,33.129367930814624,-0.06530961021780968,0.0030518509447574615,8.545183062553406,1.8981086,0.0,-3.961655871997806,-0.6184776622026237,,4.0096423614554855,0.2794910879548007
2021-07-12,Milagros (Masbate),30.666066460311413,33.14462718553841,-0.059205908328294754,-0.003662221133708954,8.545183062553406,1.400108,0.0,-3.473416164899131,-0.8274852541723896,,3.570623433023333,0.27906196553815477
2021-07-13,Milagros (Masbate),30.529099389910698,33.115634601563215,-0.04699850454926491,-0.010986663401126862,8.545183062553406,1.3870419,25.178584537931673,-1.4820817018143992,-1.0274409014533616,,1.8033859755560822,0.2786328431215088
2021-07-14,Milagros (Masbate),30.768608652055264,33.14310126006603,-0.0476088747382164,-0.025635547935962677,8.69777561724186,2.4557688,3.396775112190788,-1.043001421727312,0.2471465057240549,,1.071883091114327,0.2782037207048629
2021-07-15,Milagros (Masbate),30.874813064932823,33.13547163270414,0.06653035059571266,-0.040894802659749985,8.69777561724186,2.4544654,12.28166234323993,3.0423294497009463,0.9999756374875622,,3.202455269958711,0.27777459828821693
2021-07-16,Milagros (Masbate),30.61992247402668,33.09732349589467,0.08178960531949997,-0.04455702379345894,8.69777561724186,1.1344454,12.019110517134289,3.8162032415779006,1.8059183059540957,,4.221936535383945,0.27734547587157105
2021-07-17,Milagros (Masbate),30.461714521050453,33.05764943361282,0.04943998530507088,0.020142216235399246,8.69777561724186,1.4082044,0.0,2.8345367969554323,3.34383264854602,,4.3835847926983975,0.2769163534549251
2021-07-18,Milagros (Masbate),30.38334298878908,33.056123508140445,0.019531846046447754,0.02868739888072014,8.545183062553406,0.83382934,5.594490985599541,3.3035462304109493,4.289435624416007,,5.414118180504701,0.27648723103827916
2021-07-19,Milagros (Masbate),30.295449681580067,33.06070128455758,0.006714072078466415,0.0317392498254776,8.545183062553406,0.84450614,27.24897070105129,3.604710811559525,5.035969014415027,,6.193135227743892,0.2760581086216332
2021-07-20,Milagros (Masbate),30.11307106912136,33.08206424117088,0.035401470959186554,0.014648884534835815,8.545183062553406,0.8404559,13.726626003489775,6.203866189163879,4.293672847852348,,7.544771846612411,0.27562898620498727
2021-07-21,Milagros (Masbate),29.929960012435913,33.10190127231181,0.051881466060876846,0.009155552834272385,8.545183062553406,0.68085986,20.57480214527122,7.1401861180378035,4.05791693572329,,8.212730828259845,0.2751998637883413
2021-07-22,Milagros (Masbate),29.684591196477413,33.11410867609084,0.040894802659749985,0.0158696249127388,8.545183062553406,0.94592434,19.925635096025758,7.779683141050288,5.186993283687697,,9.350313850356219,0.2747707413716954
2021-07-23,Milagros (Masbate),29.505142360925674,33.13241978175938,0.02624591812491417,0.021973326802253723,8.545183062553406,1.015201,11.078163154710378,6.862630324984011,5.523938931403815,,8.809630883031868,0.27434161895504944
2021-07-24,Milagros (Masbate),29.50294502824545,33.150730887427926,0.011597033590078354,0.028077028691768646,8.545183062553406,1.0356762,6.73180597355593,5.975722338825162,5.335189773748631,,8.010836872177965,0.2739124965384035
2021-07-25,Milagros (Masbate),29.60182499885559,33.18430124782026,0.02136295661330223,0.023194067180156708,8.545183062553406,1.4003798,0.0,5.952989589985501,4.0140181189730075,,7.179862569570489,0.27348337412175755
2021-07-26,Milagros (Masbate),29.705832079052925,33.21481975726783,0.02075258642435074,0.02868739888072014,8.545183062553406,0.91143626,0.0,5.094269258094315,4.397984376970882,,6.730070271107484,0.2730542517051116
2021-07-27,Milagros (Masbate),29.757835619151592,33.24076049029827,0.0079348124563694,0.02929776906967163,8.545183062553406,0.97095174,0.0,5.469708644515671,5.012465228501791,,7.4190646528271325,0.27262512928846566
2021-07-28,Milagros (Masbate),29.73659473657608,33.248390117660165,0.0,0.03357036039233208,8.545183062553406,1.7518114,5.274759145585809,4.115638860859075,4.684867827119584,,6.235901682242397,0.2721960068718197
2021-07-29,Milagros (Masbate),29.91677601635456,33.271278999745846,0.027466658502817154,0.0317392498254776,8.545183062553406,4.1182013,0.0,3.651037191976005,3.8394847189575825,,5.2982747648928905,0.2717668844551738
2021-07-30,Milagros (Masbate),30.082308411598206,33.29416788183153,0.03662221133708954,0.025025177747011185,8.545183062553406,1.3312427,0.0,3.953780173301623,3.4370472181007505,,5.238861635722699,0.27133776203852783
2021-07-31,Milagros (Masbate),30.21121859550476,33.31400491297245,0.04150517284870148,0.0238044373691082,8.545183062553406,1.1225729,0.0,4.256209635167812,3.5985863729113476,,5.573611427234462,0.27090863962188194
2021-08-01,Milagros (Masbate),30.297647014260292,33.333841944113374,0.03906369209289551,0.0238044373691082,8.545183062553406,2.3109791,0.0,5.130202348933457,3.6445912467359496,,6.293013705434516,0.270479517205236
2021-08-02,Milagros (Masbate),30.277138575911522,33.3536789752543,0.03234962001442909,0.02075258642435074,8.545183062553406,1.7565804,0.0,5.020266425271192,4.08383284548501,,6.4715350335579105,0.27005039478859005
2021-08-03,Milagros (Masbate),30.23612169921398,33.36436045356095,0.01831110566854477,0.02685628831386566,8.545183062553406,1.7826833,13.353907184716896,4.322828522626505,4.817808336345533,,6.472875991535275,0.2696212723719441
2021-08-04,Milagros (Masbate),30.24710836261511,33.379619708284736,0.005493331700563431,0.03479110077023506,8.545183062553406,1.8308487,0.0,2.9714794638743984,5.039932564832915,,5.850693160839198,0.26919214995529817
2021-08-05,Milagros (Masbate),30.364299438893795,33.40250859037042,0.008545182645320892,0.036011841148138046,8.545183062553406,2.2203438,0.0,3.1293100563505356,4.238758792977341,,5.268743449231451,0.2687630275386522
2021-08-06,Milagros (Masbate),30.502731397747993,33.42081969603896,0.021973326802253723,0.03479110077023506,8.545183062553406,1.7868309,0.0,2.8248427253345754,3.877128101906526,,4.7970677232522965,0.2683339051220063
2021-08-07,Milagros (Masbate),30.745902881026268,33.439130801707506,0.04272591322660446,0.029908139258623123,8.69777561724186,1.0714767,0.0,1.887475585908154,2.9815630878849353,0.26790478270536033,3.52877918470925,0.26790478270536033
2021-08-08,Milagros (Masbate),30.956846818327904,33.452864130958915,0.046388134360313416,0.025635547935962677,8.69777561724186,0.7326373,4.162376061414366,1.744983921657022,2.2529502047952463,,2.8496935821467653,0.2659986890576655
2021-08-09,Milagros (Masbate),30.667531348764896,33.43607895076275,0.02685628831386566,0.0048829615116119385,8.545183062553406,0.7326373,21.74676631672145,2.139229967058764,1.7117111883362268,,2.7397554716137824,0.26409259540997065
2021-08-10,Milagros (Masbate),30.303506568074226,33.36588637903333,0.019531846046447754,0.006714072078466415,8.545183062553406,0.5867127,2.126910162262211,1.839608393831339,2.359574806379331,,2.991947912239579,0.2621865017622758
2021-08-11,Milagros (Masbate),30.555467382073402,33.391827112063766,-0.004272591322660446,0.03723258152604103,8.69777561724186,0.62066096,0.0,-0.4128448523891111,0.5587108641076486,,0.6946932429613104,0.260280408114581
2021-08-12,Milagros (Masbate),30.717337556183338,33.404034515842795,-0.07690664380788803,0.010986663401126862,8.69777561724186,0.45397303,0.0,-2.3527511074612883,-0.7502940278464495,,2.469489603517773,0.25837431446688613
2021-08-13,Milagros (Masbate),30.805963307619095,33.405560441315174,-0.07263405248522758,0.014648884534835815,8.69777561724186,1.2017361,6.016296283710318,-1.5732602086358094,-0.892965714045053,,1.809015049837005,0.2564682208191913
2021-08-14,Milagros (Masbate),30.839655742049217,33.39030118659139,-0.009765923023223877,0.029908139258623123,8.69777561724186,1.1508119,6.016296283710318,0.24005217456443467,-0.0398324418502621,,0.24333448160272791,0.2545621271714965
2021-08-15,Milagros (Masbate),30.999328583478928,33.38267155922949,-0.04943998530507088,-0.01037629321217537,8.69777561724186,1.024549,1.6646301639974723,-1.1430794169824119,-1.0745961014624146,,1.56888091798169,0.25265603352380167
2021-08-16,Milagros (Masbate),30.98394725471735,33.40250859037042,-0.07202368229627609,0.0006103701889514923,8.69777561724186,1.4513514,0.11230797603212554,-3.0984045523608206,-1.2860076986686,,3.3546872538472443,0.25074993987610683
2021-08-17,Milagros (Masbate),30.6851100102067,33.34910119883716,-0.048829615116119385,-0.009155552834272385,8.545183062553406,0.73371166,0.0,-2.016608962701627,-0.647349359961838,,2.1179643297967825,0.248843846228412
2021-08-18,Milagros (Masbate),30.977355256676674,33.33994564600289,0.0012207403779029846,-0.025025177747011185,8.69777561724186,0.62623066,16.827757090632378,0.10124242623977198,0.3289777668946265,,0.3442040092472644,0.24693775258071715
2021-08-19,Milagros (Masbate),31.093081444501877,33.35215304978192,0.02624591812491417,-0.032959990203380585,8.69777561724186,1.0728061,4.035125929733802,0.3902388506003899,0.28915029845335677,,0.4856894641780679,0.2450316589330223
2021-08-20,Milagros (Masbate),31.20441296696663,33.32773824222386,0.024414807558059692,-0.025635547935962677,8.69777561724186,0.60299003,13.017247112962826,0.0572144556562757,0.2997656648677537,,0.30517691224869936,0.24312556528532747
2021-08-21,Milagros (Masbate),31.267403170466423,33.33536786958575,-0.011597033590078354,0.027466658502817154,8.69777561724186,1.0402956,0.906031871664113,0.0016836172452806576,1.2130724324731792,,1.2130736008146514,0.24121947163763263
2021-08-22,Milagros (Masbate),31.276924945414066,33.32926416769624,-0.030518509447574615,0.04699850454926491,8.69777561724186,0.6639299,19.669976263452497,-1.05307918461903,2.211278588352354,,2.449230239153408,0.2393133779899378
2021-08-23,Milagros (Masbate),31.264473393559456,33.31247898750007,0.014648884534835815,0.0158696249127388,8.69777561724186,0.40378264,19.946083823275615,-0.035285151172614174,0.6953393626427665,,0.6962340634684021,0.23740728434224295
2021-08-24,Milagros (Masbate),31.067445896565914,33.26822714880109,0.01342814415693283,-0.02868739888072014,8.69777561724186,0.5871519,13.823844946422152,0.014643859804589087,-0.7190986971679453,,0.7192477868569446,0.23550119069454814
2021-08-25,Milagros (Masbate),30.973693035542965,33.237708639353514,-0.051271095871925354,-0.03418073058128357,8.69777561724186,1.0064908,19.545667187920934,-2.2386565965197165,-1.4180793026812542,,2.650006087886251,0.2335950970468533
2021-08-26,Milagros (Masbate),30.557664714753628,33.14920496195555,-0.07507553324103355,-0.0006103701889514923,8.69777561724186,0.99799997,0.0,-4.713319345734397,-0.5038059912733743,,4.74016874506774,0.23168900339915846
2021-08-27,Milagros (Masbate),30.50199895352125,33.138523483648896,-0.07202368229627609,0.0024414807558059692,8.545183062553406,0.8411418,12.189552738506945,-3.2619161734224074,-0.5054353273449536,,3.3008426185692312,0.22978290975146362
2021-08-28,Milagros (Masbate),30.515915393829346,33.14462718553841,-0.04577776417136192,0.01342814415693283,8.545183062553406,0.8389977,0.0,-2.5934307552666027,0.7048598745344455,,2.6875100976724564,0.22787681610376878
2021-08-29,Milagros (Masbate),30.717337556183338,33.17056791856885,-0.0238044373691082,0.016479995101690292,8.69777561724186,1.731005,0.0,-0.12487226926837486,0.7891094182140874,,0.7989285059042575,0.22597072245607397
2021-08-30,Milagros (Masbate),30.773003317415714,33.18582717329264,-0.05249183624982834,-0.02685628831386566,8.69777561724186,1.4115906,10.853844139687189,-2.1225890505817344,-0.3042589287930648,,2.1442849095677032,0.22406462880837913
2021-08-31,Milagros (Masbate),30.79570908844471,33.19040494970977,-0.05493331700563431,-0.01831110566854477,8.69777561724186,0.6949361,10.477871148146189,-2.085642495424218,-0.8051443951378805,,2.2356569763139658,0.2221585351606843
2021-09-01,Milagros (Masbate),30.67705312371254,33.19803457707167,-0.032959990203380585,-0.036011841148138046,8.69777561724186,0.7025094,27.132821719496537,-1.2274714379743827,-0.4518374632354773,,1.3079920581662452,0.22025244151298945
2021-09-02,Milagros (Masbate),30.94293037801981,33.21939753368497,0.038453321903944016,-0.05493331700563431,8.69777561724186,1.711381,0.0,1.5191851377542207,0.35257552881334026,,1.5595617930339654,0.2183463478652946
2021-09-03,Milagros (Masbate),30.96417126059532,33.236182713881135,0.0634784996509552,-0.0555436871945858,8.69777561724186,0.77659434,0.0,2.4448441602934485,0.9311124947045581,,2.61614859018289,0.21644025421759977
2021-09-04,Milagros (Masbate),30.962706372141838,33.234656788408756,0.06469924002885818,-0.04150517284870148,8.69777561724186,0.6127021,1.4444317072932185,2.6560388440782807,1.0553020404223177,,2.8580071269631566,0.21453416056990493
2021-09-05,Milagros (Masbate),30.989074364304543,33.225501235574484,0.03662221133708954,-0.08178960531949997,8.69777561724186,0.6318086,12.77782604031824,1.1392741781059106,-0.8021296156269833,,1.3933260828552625,0.2126280669222101
2021-09-06,Milagros (Masbate),30.89385661482811,33.187353098765016,-0.008545182645320892,-0.11535996571183205,8.69777561724186,0.67023414,38.35758117923389,0.10692964919631925,-3.0947946960425887,,3.0966414323474045,0.21072197327451528
2021-09-07,Milagros (Masbate),30.032502204179764,32.71279027685523,0.03234962001442909,0.0012207403779029846,8.69777561724186,0.86250335,63.9292997008163,0.98004263138274,3.6655141380495517,,3.7942690278324696,0.20881587962682044
2021-09-08,Milagros (Masbate),29.768089838325977,32.84554579295218,-0.012207403779029846,0.039674062281847,8.545183062553406,1.0224802,0.0,2.3803383310498325,4.7240820550232625,,5.289892421671532,0.2069097859791256
2021-09-09,Milagros (Masbate),29.791528053581715,32.86690874956548,0.02136295661330223,0.03357036039233208,8.545183062553406,0.9202634,5.78181573778814,4.188921838533385,3.683358396573363,,5.5780099719299,0.20500369233143076
2021-09-10,Milagros (Masbate),29.559343233704567,32.873012451455,-0.01342814415693283,0.03662221133708954,8.545183062553406,0.9500368,13.962658354041544,3.1206615156591444,5.561042755904112,,6.376811493866636,0.20309759868373595
2021-09-11,Milagros (Masbate),29.590838335454464,32.91879021562636,-0.021973326802253723,0.03662221133708954,8.545183062553406,0.87453586,2.6439025136084875,0.15198018431837756,3.438140099099421,,3.441497539946938,0.2011915050360411
2021-09-12,Milagros (Masbate),29.84646137058735,32.96914575621486,-0.020142216235399246,0.051881466060876846,8.69777561724186,0.8984428,8.753315840483195,-0.5929064172186734,2.3294778142913373,,2.4037480955488304,0.19928541138834627
2021-09-13,Milagros (Masbate),30.102816849946976,32.96761983074248,-0.06103701889514923,0.05737479776144028,8.69777561724186,0.73719686,15.956682284511853,-2.1239289847857514,1.3840503656769707,,2.5350877198123913,0.19737931774065143
2021-09-14,Milagros (Masbate),30.095492407679558,32.984405010938644,-0.06836146116256714,0.02136295661330223,8.545183062553406,0.9933875,0.0,-2.5100923248121982,0.06942070828134146,,2.5110521129238617,0.1954732240929566
2021-09-15,Milagros (Masbate),30.351847887039185,33.0164494458586,-0.07751701399683952,-0.009765923023223877,8.69777561724186,0.6733362,0.0,-2.1745199021105313,-1.2770911836011547,,2.5218046506235554,0.19356713044526175
2021-09-16,Milagros (Masbate),30.220740370452404,32.91421243920922,-0.06775109097361565,-0.04028443247079849,8.69777561724186,0.5852397,25.02169498033504,-2.1949694755490223,-1.4438793153540521,,2.627294897018459,0.1916610367975669
2021-09-17,Milagros (Masbate),30.16946927458048,32.934049470350146,-0.062257759273052216,0.03723258152604103,8.545183062553406,0.7518745,12.14357230629447,-2.504031033651289,1.2287023343877779,,2.789243776369989,0.18975494314987207
2021-09-18,Milagros (Masbate),30.35770744085312,32.90810873731971,-0.08362071588635445,0.014038514345884323,8.69777561724186,0.48549324,12.14357230629447,-2.3863964126296975,-0.6463408494822859,,2.472376252094606,0.18784884950217723
2021-09-19,Milagros (Masbate),30.009063988924026,32.708212500438094,-0.03906369209289551,-0.0317392498254776,8.69777561724186,0.48273513,12.14357230629447,-1.0420890426312934,-0.13449651426109444,,1.050732546902679,0.1859427558544824
2021-09-20,Milagros (Masbate),30.154820390045643,32.802819879725575,-0.06286812946200371,0.038453321903944016,8.69777561724186,0.47061062,35.05166383398957,-2.859946913036514,1.057561084686568,,3.049218226567347,0.18403666220678758
2021-09-21,Milagros (Masbate),30.1540879458189,32.81197543255985,-0.05737479776144028,0.043336283415555954,8.545183062553406,0.7618655,18.07522573335659,-2.2328900180419446,2.5984193215104963,,3.4260152952184004,0.18213056855909274
2021-09-22,Milagros (Masbate),30.08890040963888,32.8226569108665,-0.048829615116119385,0.019531846046447754,8.545183062553406,0.8877212,7.907910873150003,-2.393809775094159,1.616178721223889,,2.8883141965986376,0.1802244749113979
2021-09-23,Milagros (Masbate),30.331339448690414,32.83639024011791,-0.04455702379345894,-0.0317392498254776,8.69777561724186,1.1402172,0.0,-1.439318769096787,-1.8144403832244345,,2.315994910044045,0.17831838126370309
2021-09-24,Milagros (Masbate),30.167271941900253,32.84707171842456,-0.01342814415693283,-0.06286812946200371,8.69777561724186,0.59967005,0.0,-2.5822628327851773,-2.999511830998765,,3.957922758453643,0.17641228761600825
2021-09-25,Milagros (Masbate),30.306436344981194,32.85927912220359,-0.03662221133708954,-0.07263405248522758,8.69777561724186,1.609093,4.101622003087166,-1.3186018024007031,-1.5413294697424131,,2.028400169490925,0.1745061939683134
2021-09-26,Milagros (Masbate),30.62358469516039,32.8653828240931,-0.005493331700563431,-0.0714133121073246,8.69777561724186,0.7393636,0.0,0.23755256896184418,-0.30435095947424673,,0.3860838374670278,0.17260010032061857
2021-09-27,Milagros (Masbate),30.56205938011408,32.88979763165116,0.07507553324103355,-0.07690664380788803,8.69777561724186,1.6836426,0.0,2.855516602309064,-0.5386951177136164,,2.905884976373151,0.17069400667292373
2021-09-28,Milagros (Masbate),30.453657634556293,32.86996060051024,0.079348124563694,-0.09460737928748131,8.69777561724186,1.6441497,36.8856691182506,3.3734990210980302,0.15350191955777698,,3.376989559453403,0.1687879130252289
2021-09-29,Milagros (Masbate),30.608935810625553,32.90505688637495,0.06530961021780968,-0.04150517284870148,8.69777561724186,1.148937,15.754201260348118,2.4742381765490467,1.3172858934767822,,2.8030513158780512,0.16688181937753405
2021-09-30,Milagros (Masbate),30.633106470108032,32.94320502318442,0.05005035549402237,-0.009155552834272385,8.69777561724186,1.1169076,0.0,2.5840282601589006,0.9943254839888864,,2.7687335042234684,0.1649757257298392
2021-10-01,Milagros (Masbate),30.82793663442135,32.9874568618834,0.028077028691768646,-0.025025177747011185,8.69777561724186,0.7027554,8.011427086216925,1.5623564980967117,0.36655552584039713,,1.6047806020354156,0.16306963208214437
2021-10-02,Milagros (Masbate),30.724661998450756,32.91879021562636,-0.043946653604507446,-0.040894802659749985,8.69777561724186,0.55064386,8.011427086216925,-1.0099672997893807,-0.6526983112763951,,1.202517788719531,0.16116353843444955
2021-10-03,Milagros (Masbate),30.666798904538155,32.99966426566243,-0.13061922043561935,-0.0238044373691082,8.69777561724186,0.53356797,24.034281531405497,-4.445809491855087,-2.6902529616770043,,5.196410591521871,0.15925744478675471
2021-10-04,Milagros (Masbate),30.248573251068592,32.984405010938644,-0.10193182155489922,0.011597033590078354,8.69777561724186,0.48466244,40.05713483334556,-5.3030491371192925,-0.8030628465360766,,5.363510052772186,0.15735135113905988
2021-10-05,Milagros (Masbate),30.07937863469124,32.996612414717674,0.004272591322660446,0.023194067180156708,8.545183062553406,0.6368187,18.663053232080795,1.711656796839597,2.760277800619057,,3.2479074073559375,0.15544525749136504
2021-10-06,Milagros (Masbate),30.00247199088335,33.031708700582385,0.04516739398241043,-0.04150517284870148,8.69777561724186,1.2077045,0.0,2.8632293432361764,-0.35580930862805327,,2.88525259484764,0.15353916384367022
2021-10-07,Milagros (Masbate),30.18631549179554,33.07290868833661,0.09277626872062683,-0.07324442267417908,8.69777561724186,1.2319609,0.0,3.5386189837044535,-1.9368222796629924,,4.033993660732809,0.15163307019597538
2021-10-08,Milagros (Masbate),29.886745803058147,33.0881679430604,0.10864589363336563,-0.05493331700563431,8.545183062553406,1.2173984,45.7348768454778,5.0576593218716175,-1.7367478355333175,,5.347542506642143,0.14972697654828054
2021-10-09,Milagros (Masbate),29.56886500865221,33.11258275061846,0.13122959062457085,-0.032959990203380585,8.545183062553406,1.2018435,35.43761555515003,6.391970300281936,-1.3699772215061932,,6.537134074434467,0.1478208829005857
2021-10-10,Milagros (Masbate),29.419446386396885,33.10190127231181,0.13245033100247383,-0.01831110566854477,8.545183062553406,2.3206766,6.0294528336360536,8.128940260935787,2.7088494742409126,,8.568403307498897,0.14591478925289086
2021-10-11,Milagros (Masbate),29.423841051757336,33.15683458931744,0.04028443247079849,0.017700735479593277,8.545183062553406,2.3253686,0.0,6.2346064750025185,6.29027562279345,0.14400869560519602,8.856516544830301,0.14400869560519602
2021-10-12,Milagros (Masbate),29.24585710465908,33.162938291206956,-0.04455702379345894,0.046388134360313416,8.545183062553406,2.3322432,9.13072539052905,2.6341885546829453,7.103559603947145,,7.57624632575079,0.12287310487329992
2021-10-13,Milagros (Masbate),29.310312196612358,33.17361976951361,-0.04943998530507088,0.059816278517246246,8.545183062553406,1.7882283,9.13072539052905,0.9486715953454061,2.572655600963698,,2.7419946456886244,0.10173751414140382
2021-10-14,Milagros (Masbate),29.435560159385204,33.20413827896118,0.01342814415693283,-0.006714072078466415,8.545183062553406,1.4332647,9.487468175907406,2.3932981666431714,-1.0922599323291633,,2.6307618429324373,0.08060192340950773
2021-10-15,Milagros (Masbate),28.946287415921688,32.65480510890484,0.05798516795039177,0.021973326802253723,8.69777561724186,1.3709486,9.13072539052905,0.41364415163846735,1.4612726786382586,,1.5186900031011394,0.059466332677611616
2021-10-16,Milagros (Masbate),28.95947141200304,32.1985533926636,-0.032959990203380585,0.04272591322660446,8.69777561724186,1.4207848,0.0,-0.5045079007424963,0.6261028235339596,,0.8040727377226498,0.03833074194571551
2021-10-17,Milagros (Masbate),29.453138820827007,32.54646440036595,-0.11535996571183205,0.017700735479593277,8.69777561724186,1.8260008,7.677754185504409,-2.3331770905348623,-1.0095636440667846,,2.5422301404904575,0.017195151213819426
2021-10-18,Milagros (Masbate),29.72853785008192,32.99050871282816,-0.11291848495602608,0.019531846046447754,8.69777561724186,0.56328684,0.0,-3.515533005607084,-2.614598803386678,,4.381221201466987,-0.003940439518076683
2021-10-19,Milagros (Masbate),29.82668537646532,33.09579757042229,-0.07629627361893654,-0.01037629321217537,8.69777561724186,0.5242948,13.999389735486881,-3.4708534712901122,-2.1862986917284437,,4.102039223193767,-0.02507603024997279
2021-10-20,Milagros (Masbate),29.905056908726692,33.079012390226126,-0.05859553813934326,-0.001831110566854477,8.69777561724186,1.0640612,15.355508371008819,-2.0977944672607496,-1.3959374940801617,,2.5197982288763945,-0.0462116209818689
2021-10-21,Milagros (Masbate),29.92117068171501,33.05001980625093,-0.043336283415555954,-0.03418073058128357,8.69777561724186,1.3177881,0.6557563390983288,-2.3156535427921945,-2.6099028529566204,-0.06734721171376498,3.4891036430747007,-0.06734721171376498
2021-10-22,Milagros (Masbate),29.850123591721058,33.06070128455758,-0.03479110077023506,-0.025025177747011185,8.545183062553406,0.7659691,1.989582485407893,-4.449317838074713,-3.0797618707057755,,5.411225591717923,0.012359520799231818
2021-10-23,Milagros (Masbate),29.60109255462885,33.00271611660719,-0.040894802659749985,-0.005493331700563431,8.545183062553406,0.7424492,12.37048699260967,-4.894436477560181,-0.6713537686200716,,4.940265611838304,0.09206625331222862
2021-10-24,Milagros (Masbate),29.396008171141148,32.90658281184733,-0.02929776906967163,0.0006103701889514923,8.545183062553406,0.62216586,13.49654852304207,-2.5504605752320026,-0.2735797457258851,,2.5650916207972374,0.1717729858252254
2021-10-25,Milagros (Masbate),29.514664135873318,32.9157383646816,-0.019531846046447754,-0.029908139258623123,8.545183062553406,0.8040904,11.815658582876951,-2.5456686227520997,-1.888898965844522,,3.1699160935319846,0.25147971833822225
2021-10-26,Milagros (Masbate),29.54396190494299,32.93252354487777,-0.02624591812491417,-0.04577776417136192,8.545183062553406,0.7124519,6.459146891355998,-3.0843777571818363,-2.847031548725879,,4.197496252343596,0.331186450851219
2021-10-27,Milagros (Masbate),29.46632281690836,32.9447309486568,-0.01831110566854477,-0.04272591322660446,8.545183062553406,0.7694025,4.627635821367616,-3.3802810620230814,-3.0768991599899875,,4.570952690525136,0.41089318336421576
2021-10-28,Milagros (Masbate),29.390881061553955,32.96304205432534,-0.03479110077023506,-0.025025177747011185,8.545183062553406,1.5880259,0.0,-4.115297439291126,-2.6895063097857177,,4.9162096379439815,0.49059991587721263
2021-10-29,Milagros (Masbate),29.324961081147194,32.94015317223966,-0.04577776417136192,-0.03357036039233208,8.545183062553406,1.0185211,22.338899860033884,-4.054367412887304,-3.170700168094229,,5.146963636420532,0.5703066483902094
2021-10-30,Milagros (Masbate),29.358653515577316,32.96914575621486,-0.04211554303765297,-0.035401470959186554,8.545183062553406,0.5449746,0.0,-4.893510381518276,-3.6355732702752226,,6.096214961561544,0.6500133809032062
2021-10-31,Milagros (Masbate),29.320566415786743,33.01492352038622,-0.032959990203380585,-0.027466658502817154,8.545183062553406,1.414266,0.0,-4.669776695216102,-3.5405328400144764,0.729720113416203,5.860220744511626,0.729720113416203
2021-11-01,Milagros (Masbate),29.322031304240227,33.06070128455758,-0.02075258642435074,-0.03479110077023506,8.545183062553406,1.4666653,0.0,-4.455209100958989,-3.777676843589925,,5.841209675047056,0.6982620501359887
2021-11-02,Milagros (Masbate),29.250984214246273,33.07748646475375,-0.029908139258623123,-0.039674062281847,8.545183062553406,0.83686095,20.6573462921514,-4.34685090692495,-3.327369343951094,,5.474166562875101,0.6668039868557745
2021-11-03,Milagros (Masbate),29.157231353223324,33.06070128455758,-0.031128879636526108,-0.04028443247079849,8.545183062553406,0.8368613,27.543126564722275,-4.352518374392213,-3.3026243528225527,,5.4636749368239705,0.6353459235755601
2021-11-04,Milagros (Masbate),29.206305116415024,33.06375313550234,-0.039674062281847,-0.051271095871925354,8.69777561724186,1.3593044,27.649420856220488,-2.920250494045995,-2.2149553133328244,,3.6652271400333687,0.6038878602953458
2021-11-05,Milagros (Masbate),29.207037560641766,33.079012390226126,-0.06714072078466415,0.016479995101690292,8.545183062553406,1.3477889,0.10629430020314926,-4.020243383167394,0.7187816422850786,,4.083993622569365,0.5724297970151315
2021-11-06,Milagros (Masbate),29.430433049798012,33.103427197784185,-0.07019257172942162,-0.038453321903944016,8.69777561724186,3.0052288,6.526528074098165,-3.440721566864725,-2.583534208533672,,4.302698444854316,0.5409717337349171
2021-11-07,Milagros (Masbate),29.198980674147606,33.10800497420132,-0.0555436871945858,-0.009765923023223877,8.545183062553406,2.8786168,24.33034294855764,-5.013284516248331,-1.7165212052740935,,5.299006198242354,0.5095136704547029
2021-11-08,Milagros (Masbate),29.34400463104248,33.14767903648317,-0.062257759273052216,-0.035401470959186554,8.69777561724186,1.7109337,0.0,-4.713976087400717,-3.544229076205607,,5.89772246695341,0.4780556071744886
2021-11-09,Milagros (Masbate),29.248054437339306,33.19040494970977,-0.04577776417136192,-0.016479995101690292,8.545183062553406,1.8826326,0.0,-5.671999637654529,-3.450746465971015,,6.6392191605613196,0.4465975438942743
2021-11-10,Milagros (Masbate),29.18872645497322,33.211767906323075,-0.04821924492716789,-0.025635547935962677,8.545183062553406,0.892198,0.0,-4.9028815959029775,-2.8447197983747103,,5.668392953448904,0.41513948061406
2021-11-11,Milagros (Masbate),29.15942868590355,33.246864192187786,-0.051271095871925354,-0.014648884534835815,8.545183062553406,0.9625811,13.378881754304526,-5.175443206899798,-2.406327982821532,,5.70750617597171,0.38368141733384564
2021-11-12,Milagros (Masbate),29.194586008787155,33.271278999745846,-0.05859553813934326,-0.016479995101690292,8.545183062553406,2.6462324,1.8465931874985142,-4.357991349230327,-2.6171055266431447,,5.08343682340525,0.35222335405363137
2021-11-13,Milagros (Masbate),29.254646435379982,33.29416788183153,-0.05615405738353729,-0.017700735479593277,8.545183062553406,1.5620805,0.0,-3.7837939288434788,-1.7243309441562138,,4.158174323056626,0.3207652907734171
2021-11-14,Milagros (Masbate),29.34766685217619,33.3246863912791,-0.05371257662773132,-0.03784295171499252,8.69777561724186,0.5900044,11.18336599593714,-3.0879702104019278,-2.6188490244230587,,4.048941865852279,0.28930722749320276
2021-11-15,Milagros (Masbate),29.178472235798836,33.33536786958575,-0.04516739398241043,-0.02075258642435074,8.545183062553406,0.67318016,11.532288566806011,-4.594876610633915,-2.916458229806223,0.2578491642129884,5.44229911647229,0.2578491642129884
2021-11-16,Milagros (Masbate),29.181402012705803,33.36436045356095,-0.0555436871945858,-0.016479995101690292,8.545183062553406,1.0213625,0.0,-5.298607358823181,-2.335173030148672,,5.790360353527999,0.2631059419641538
2021-11-17,Milagros (Masbate),29.25391399115324,33.404034515842795,-0.056764427572488785,-0.014038514345884323,8.545183062553406,0.96672064,0.0,-3.754703543591347,-2.105921526011692,,4.30496273781514,0.2683627197153192
2021-11-18,Milagros (Masbate),29.419446386396885,33.439130801707506,-0.025025177747011185,-0.04943998530507088,8.69777561724186,1.3898438,0.0,0.3304336723047675,-1.675359004185249,,1.707634095670792,0.2736194974664846
2021-11-19,Milagros (Masbate),29.390881061553955,33.463545609265566,0.030518509447574615,-0.06591998040676117,8.69777561724186,1.2574522,0.0,0.4594809529744476,-1.424444826963049,,1.4967183473212644,0.27887627521765
2021-11-20,Milagros (Masbate),29.63478498905897,33.49559004418552,-0.05066072568297386,0.012207403779029846,8.69777561724186,2.2847326,0.0,-2.3256603181981172,0.7704988017853648,0.2841330529688154,2.4499723098831243,0.2841330529688154
2021-11-21,Milagros (Masbate),29.616473883390427,33.49864189513028,-0.056764427572488785,0.012207403779029846,8.545183062553406,0.9977537,9.584627909786079,-2.900613386783795,0.32700612602054874,,2.91898801402889,0.32251210606307334
2021-11-22,Milagros (Masbate),29.692648082971573,33.523056702688336,-0.06469924002885818,-0.01342814415693283,8.545183062553406,2.0144925,0.0,-3.829973740104124,-1.7297628208512263,,4.20247287513987,0.36089115915733133
2021-11-23,Milagros (Masbate),29.654560983181,33.559678914025426,-0.05310220643877983,-0.021973326802253723,8.545183062553406,1.4125612,0.0,-4.640693605565156,-3.253858815138959,,5.6677715488180045,0.39927021225158926
2021-11-24,Milagros (Masbate),29.486098811030388,33.59477519989014,-0.039674062281847,-0.0158696249127388,8.545183062553406,0.8211389,2.4585790111858996,-4.889305447237209,-3.3945500118492737,,5.9521657856052155,0.43764926534584725
2021-11-25,Milagros (Masbate),29.38428906351328,33.55204928666353,-0.06714072078466415,-0.01831110566854477,8.69777561724186,0.85609764,8.879335507901638,-4.658806322226022,-2.4536031634727435,,5.26541972038475,0.4760283184401052
2021-11-26,Milagros (Masbate),29.23780021816492,33.49406411871314,-0.07202368229627609,-0.008545182645320892,8.545183062553406,1.1287903,11.077584953385482,-4.783309590753221,-1.15025290982321,,4.919667915372795,0.5144073715343631
2021-11-27,Milagros (Masbate),29.264168210327625,33.54441965930164,-0.07568590342998505,0.0024414807558059692,8.545183062553406,1.1585263,0.0,-5.004479513258941,-1.6390994697252101,,5.266067059037694,0.5527864246286212
2021-11-28,Milagros (Masbate),29.2707602083683,33.573412243276834,-0.07080294191837311,-0.0030518509447574615,8.545183062553406,0.80745506,0.0,-4.7898486898315715,-1.9585295456245737,,5.174793566178812,0.591165477722879
2021-11-29,Milagros (Masbate),29.390148617327213,33.60698260366917,-0.06653035059571266,-0.0048829615116119385,8.545183062553406,0.62819237,12.415736649147636,-2.7038390610399445,-1.6175115788585452,,3.1507283881265984,0.629544530817137
2021-11-30,Milagros (Masbate),29.526383243501186,33.62376778386533,-0.028077028691768646,-0.05615405738353729,8.69777561724186,0.7518783,0.0,-0.4717168202995565,-1.744041348459244,0.667923583911395,1.8067088818315646,0.667923583911395
2021-12-01,Milagros (Masbate),29.49122592061758,33.645130740478635,0.012207403779029846,-0.04272591322660446,8.545183062553406,0.73670447,37.5178155338063,-0.3291311018264644,-4.328674659975511,,4.341169380950668,0.6685010061494219
2021-12-02,Milagros (Masbate),29.163090907037258,33.646656665951014,0.004272591322660446,-0.030518509447574615,8.545183062553406,0.6708581,31.059786620536634,-2.891016892134497,-5.077117650249717,,5.8425253362808975,0.6690784283874487
2021-12-03,Milagros (Masbate),28.895016320049763,33.67870110087097,0.006714072078466415,-0.029908139258623123,8.545183062553406,0.41993973,0.0,-3.8866271589689867,-5.0843089362714595,,6.399692807649846,0.6696558506254756
2021-12-04,Milagros (Masbate),28.55369731038809,33.718375163152814,-0.009155552834272385,-0.025025177747011185,8.545183062553406,0.77229923,0.0,-5.032529003666551,-5.628710808804589,,7.550412806058929,0.6702332728635025
2021-12-05,Milagros (Masbate),28.209448523819447,33.75804922543466,0.0024414807558059692,-0.028077028691768646,8.545183062553406,0.73496,0.0,-3.810860256679572,-5.366497356475835,,6.581941185775062,0.6708106951015294
2021-12-06,Milagros (Masbate),28.117892995476723,33.7839899584651,0.017700735479593277,-0.03234962001442909,8.545183062553406,2.2269194,0.0,-1.7030991480088034,-4.678077464690986,,4.9784491032447,0.6713881173395563
2021-12-07,Milagros (Masbate),27.94503615796566,33.790093660354614,0.02136295661330223,-0.03357036039233208,8.545183062553406,1.61821,16.787992655384617,-2.571350145930556,-5.575804275369192,,6.140149419208171,0.6719655395775832
2021-12-08,Milagros (Masbate),27.651326023042202,33.7626270018518,0.03906369209289551,-0.038453321903944016,8.545183062553406,1.6180245,43.38867716760229,-3.936190708388419,-6.848953390178316,,7.899478453267555,0.6725429618156101
2021-12-09,Milagros (Masbate),27.349559001624584,33.716849237680435,0.031128879636526108,-0.038453321903944016,8.545183062553406,1.7036514,12.396764546330513,-3.3808591173413953,-6.488193312602113,,7.316205357492723,0.6731203840536369
2021-12-10,Milagros (Masbate),27.28583635389805,33.73668626882136,0.0048829615116119385,-0.028077028691768646,8.545183062553406,1.6166828,14.484148752858623,-5.3205882118283645,-5.226543952560542,0.6736978062916639,7.458245142652133,0.6736978062916639
2021-12-11,Milagros (Masbate),27.266792804002762,33.73210849240422,-0.04516739398241043,-0.01037629321217537,8.545183062553406,1.1871626,32.79163543205958,-5.496131475691301,-2.8287972699532977,,6.18138780473931,0.6213145428929214
2021-12-12,Milagros (Masbate),27.29828790575266,33.68785665370524,-0.05859553813934326,-0.01037629321217537,8.545183062553406,1.4011911,0.7538662769247987,-4.970451186533955,-3.214268694218145,,5.919198276485391,0.568931279494179
2021-12-13,Milagros (Masbate),27.244819477200508,33.538315957412124,-0.09094515815377235,-0.012817773967981339,8.69777561724186,1.5066189,0.0,-5.691587220101057,-3.8063960150027514,,6.847102723564654,0.5165480160954365
2021-12-14,Milagros (Masbate),27.18402660638094,33.6115603800863,-0.024414807558059692,-0.017700735479593277,8.545183062553406,1.4243308,0.0,-3.9056665494044154,-5.1531924331304655,,6.466036146512768,0.46416475269669416
2021-12-15,Milagros (Masbate),27.129825733602047,33.634449262171984,-0.0012207403779029846,-0.027466658502817154,8.545183062553406,1.3434391,13.555353596050887,-3.702489521294541,-6.062026740762031,,7.10328071112284,0.4117814892979517
2021-12-16,Milagros (Masbate),27.017761766910553,33.60698260366917,0.012817773967981339,-0.024414807558059692,8.545183062553406,1.4827554,67.53542546084637,-6.179236019764582,-6.958971670548982,,9.306462512655349,0.35939822589920933
2021-12-17,Milagros (Masbate),27.104190185666084,33.59935297630727,-0.10132145136594772,0.03479110077023506,8.545183062553406,1.6886327,0.0,-6.279163569833273,1.1438490785959272,,6.382498401983825,0.3070149625004669
2021-12-18,Milagros (Masbate),27.4462416395545,33.61766408197582,-0.0952177494764328,0.01037629321217537,8.69777561724186,1.3449764,0.0,-4.153324456313581,-1.6605645473282722,,4.472983194162041,0.25463169910172445
2021-12-19,Milagros (Masbate),27.58027893304825,33.6405529640615,-0.06958220154047012,-0.006714072078466415,8.69777561724186,2.2471135,0.0,-3.7033116994834745,-2.4687717495555925,,4.450769764314367,0.202248435702982
2021-12-20,Milagros (Masbate),27.7318948879838,33.66496777161956,-0.07202368229627609,-0.0030518509447574615,8.69777561724186,0.8485595,0.0,-4.526905351954704,-2.40498138360862,0.14986517230423954,5.1260908615688985,0.14986517230423954
2021-12-21,Milagros (Masbate),27.868861958384514,33.69701220653951,-0.06530961021780968,-0.0024414807558059692,8.69777561724186,1.2593943,0.0,-3.774061967174918,-2.3006354777370377,,4.420007616905036,0.16718709073476806
2021-12-22,Milagros (Masbate),27.99410992115736,33.727530715987086,-0.05859553813934326,-0.005493331700563431,8.69777561724186,1.1423542,9.164209659878187,-3.068458549792386,-2.0630601627183456,,3.697520129328499,0.18450900916529658
2021-12-23,Milagros (Masbate),28.04684590548277,33.76110107637942,-0.05249183624982834,-0.010986663401126862,8.545183062553406,1.8923796,0.0,-4.0162069278181916,-2.795466587684532,,4.893317027325681,0.2018309275958251
2021-12-24,Milagros (Masbate),28.064424566924572,33.79467143677175,-0.05615405738353729,-0.007324442267417908,8.545183062553406,1.8214142,0.0,-4.27077319367279,-3.1838543024216444,,5.326953340404147,0.2191528460263536
2021-12-25,Milagros (Masbate),28.125949881970882,33.82824179716408,-0.051881466060876846,-0.011597033590078354,8.545183062553406,1.2703373,0.0,-4.799578356508091,-4.354596113423145,,6.480621861465215,0.23647476445688215
2021-12-26,Milagros (Masbate),27.968474373221397,33.860286232084036,-0.05615405738353729,-0.0048829615116119385,8.545183062553406,1.1477396,0.0,-6.456507247992227,-4.16883209711112,,7.685417808894976,0.25379668288741064
2021-12-27,Milagros (Masbate),27.779503762722015,33.898434368893504,-0.07202368229627609,0.0030518509447574615,8.545183062553406,1.1783651,46.94656961297892,-7.782833110663476,-4.6340958213006465,,9.057998416285788,0.2711186013179392
2021-12-28,Milagros (Masbate),27.509231843054295,33.93658250570297,-0.06103701889514923,-0.001831110566854477,8.545183062553406,1.1847697,24.88849767565002,-6.661451939830726,-5.61404434482229,,8.711626475710817,0.2884405197484677
2021-12-29,Milagros (Masbate),27.18402660638094,33.97473064251244,-0.059205908328294754,-0.0024414807558059692,8.545183062553406,1.7836193,24.554149795981015,-6.562618163303465,-4.699637933147533,,8.071837080863299,0.3057624381789962
2021-12-30,Milagros (Masbate),27.021423988044262,34.00219730101526,-0.040894802659749985,-0.011597033590078354,8.545183062553406,1.7763444,0.0,-5.541273514237144,-6.314510652208082,0.3230843566095247,8.401116410122848,0.3230843566095247
2021-12-31,Milagros (Masbate),26.756279177963734,34.02661210857332,-0.02075258642435074,-0.016479995101690292,8.545183062553406,1.794442,10.22344246452285,-6.117685221637137,-6.491345313725376,,8.91984509131531,0.3189476737994069
2022-01-01,Milagros (Masbate),26.38639484345913,34.04492321424186,-0.036011841148138046,-0.01037629321217537,8.545183062553406,1.748997,4.281882810302486,-6.404833623799683,-6.5188568959521165,,9.138784874284843,0.3148109909892891
2022-01-02,Milagros (Masbate),26.11612292379141,34.06933802179992,-0.05615405738353729,-0.003662221133708954,8.545183062553406,1.1864308,5.0451490613074625,-6.282956658991421,-5.485232590546891,,8.340462873915476,0.31067430817917135
2022-01-03,Milagros (Masbate),25.99014251679182,34.0922269038856,-0.06408886983990669,-0.0006103701889514923,8.545183062553406,1.1893866,0.0,-5.73743525354007,-4.905051148848419,,7.548356778887946,0.30653762536905355
2022-01-04,Milagros (Masbate),25.939603865146637,34.10901208408177,-0.06591998040676117,0.0024414807558059692,8.545183062553406,2.3763478,0.0,-5.236709086158954,-4.295764815689042,0.30240094255893574,6.773235372019169,0.30240094255893574
2022-01-05,Milagros (Masbate),25.987212739884853,34.1212194878608,-0.08545182645320892,0.014038514345884323,8.545183062553406,1.331301,0.0,-5.361320752236962,-2.9293892550297866,,6.109425637148771,0.281239455601945
2022-01-06,Milagros (Masbate),26.152012690901756,34.136478742584586,-0.07202368229627609,0.0079348124563694,8.545183062553406,2.9303684,0.0,-3.0054084326782746,-3.3010266352565543,,4.4642196063687205,0.26007796864495425
2022-01-07,Milagros (Masbate),26.216467782855034,34.139530593529344,-0.04943998530507088,-0.0030518509447574615,8.545183062553406,1.7909099,0.0,-3.4246199191354845,-3.556702920863955,,4.9374241521082345,0.23891648168796353
2022-01-08,Milagros (Masbate),26.433271273970604,34.14105651900172,-0.07446516305208206,0.012207403779029846,8.69777561724186,2.5638452,0.0,-3.509055282677291,-2.154148197594088,,4.117502086712679,0.2177549947309728
2022-01-09,Milagros (Masbate),26.62810143828392,34.1425824444741,-0.07690664380788803,0.0158696249127388,8.69777561724186,2.6492188,0.0,-2.8859520589436873,-1.8089237561252671,0.19659350777398205,3.4060129832394432,0.19659350777398205
2022-01-10,Milagros (Masbate),26.907162688672543,34.14410836994648,-0.07385479286313057,0.01037629321217537,8.69777561724186,1.9300804,0.0,-1.706685826525119,-1.8484146855631118,,2.515832538200249,0.22139487825132462
2022-01-11,Milagros (Masbate),27.06610308587551,34.148686146363616,-0.05615405738353729,-0.01037629321217537,8.69777561724186,1.0596601,0.0,-1.654696707533308,-3.182175473750889,,3.5866783992523312,0.2461962487286672
2022-01-12,Milagros (Masbate),26.95989867299795,34.15784169919789,-0.043946653604507446,-0.009155552834272385,8.545183062553406,0.7937427,0.0,-3.881832836040928,-4.05027939549904,,5.610114914025347,0.2709976192060098
2022-01-13,Milagros (Masbate),26.82366404682398,34.1715750284493,-0.0555436871945858,-0.0030518509447574615,8.545183062553406,0.65665585,0.0,-6.004624241085655,-4.817844097995237,,7.698515053516555,0.2957989896833524
2022-01-14,Milagros (Masbate),26.528489023447037,34.199041686952114,-0.0555436871945858,-0.0024414807558059692,8.545183062553406,0.90803385,0.0,-5.46429377917611,-4.836016445125431,0.32060036016069493,7.296955636610814,0.32060036016069493
2022-01-15,Milagros (Masbate),26.24723044037819,34.221930569037795,-0.05798516795039177,-0.0006103701889514923,8.545183062553406,2.0390303,0.0,-5.327666390720758,-4.561415621753619,,7.013596912083948,0.3204173017430323
2022-01-16,Milagros (Masbate),26.156407356262207,34.23871574923396,-0.059205908328294754,-0.001831110566854477,8.545183062553406,2.0152478,0.0,-5.810649156075219,-5.015120172841757,,7.675615542941295,0.32023424332536965
2022-01-17,Milagros (Masbate),26.094882041215897,34.25397500395775,-0.043946653604507446,-0.006714072078466415,8.545183062553406,1.2067773,0.0,-4.766184184173225,-4.8497692537047286,,6.799762752599734,0.320051184907707
2022-01-18,Milagros (Masbate),26.072908714413643,34.2646564822644,-0.0317392498254776,-0.012817773967981339,8.545183062553406,1.0180511,0.0,-3.557859801193302,-4.80703798166852,,5.980466580639925,0.31986812649004437
2022-01-19,Milagros (Masbate),25.94106875360012,34.12274541333318,-0.06958220154047012,-0.008545182645320892,8.545183062553406,0.68802375,0.0,-4.990646454598116,-3.4219102848584,,6.051117420147492,0.3196850680723817
2022-01-20,Milagros (Masbate),26.192297123372555,34.08459727652371,-0.09887997061014175,0.009155552834272385,8.69777561724186,0.95014316,0.0,-4.23485873891662,-1.877452407802873,,4.632370460373746,0.31950200965471903
2022-01-21,Milagros (Masbate),26.291177093982697,34.12884911522269,-0.08178960531949997,0.01037629321217537,8.545183062553406,0.71059597,0.0,-4.291774580722422,-1.9974450470071656,,4.733826757238649,0.3193189512370564
2022-01-22,Milagros (Masbate),26.47209081798792,34.13190096616745,-0.09094515815377235,0.02075258642435074,8.69777561724186,0.63414663,0.0,-4.7034001284740965,-1.688018966687717,,4.997137260515026,0.31913589281939375
2022-01-23,Milagros (Masbate),26.680104978382587,34.139530593529344,-0.08850367739796638,0.014648884534835815,8.69777561724186,1.419261,0.0,-3.917020009053525,-2.183947508954499,,4.48471542834038,0.3189528344017311
2022-01-24,Milagros (Masbate),26.69768363982439,34.13495281711221,-0.048829615116119385,-0.011597033590078354,8.545183062553406,1.1054409,35.35551994277304,-3.4878767544292044,-4.503618926908045,,5.696302984646443,0.31876977598406847
2022-01-25,Milagros (Masbate),26.64055299013853,34.125797264277935,-0.046388134360313416,-0.0079348124563694,8.545183062553406,1.1609834,38.839950190112745,-5.212740700477288,-3.9157624127947557,,6.519651898979626,0.31858671756640583
2022-01-26,Milagros (Masbate),26.764336064457893,34.11816763691604,-0.0872829370200634,0.017090365290641785,8.545183062553406,1.8843768,23.271415555694762,-5.009430240343073,-1.1186167176241728,,5.132805733106595,0.3184036591487432
2022-01-27,Milagros (Masbate),27.047791980206966,34.11969356238842,-0.1031525619328022,0.035401470959186554,8.69777561724186,2.185702,0.0,-4.02853625256682,-0.22829892059612006,,4.034999967210715,0.3182206007310805
2022-01-28,Milagros (Masbate),27.38911098986864,34.13037504069507,-0.10010071098804474,0.043946653604507446,8.69777561724186,0.87065095,0.0,-3.12844381105699,-0.08601089888090757,,3.129625944688452,0.31803754231341785
2022-01-29,Milagros (Masbate),27.697470009326935,34.13037504069507,-0.08239997550845146,0.07019257172942162,8.69777561724186,1.1236299,0.0,-1.2356509088286893,1.408626666545171,,1.8737828727446855,0.3178544838957552
2022-01-30,Milagros (Masbate),28.001434363424778,34.14410836994648,0.004272591322660446,0.0,8.69777561724186,1.7924682,0.0,1.406679962954069,-0.33502733785378513,,1.4460262221985654,0.3176714254780926
2022-01-31,Milagros (Masbate),27.96993926167488,34.14563429541886,-0.048829615116119385,-0.02929776906967163,8.69777561724186,0.48943463,0.0,-3.330946236741076,-3.769166349062452,,5.030091231674065,0.31748836706042993
2022-02-01,Milagros (Masbate),27.911343723535538,34.15936762467027,-0.04943998530507088,-0.010986663401126862,8.545183062553406,0.4831473,0.0,-5.339057101122334,-3.7878580642155537,,6.546250792910979,0.3173053086427673
2022-02-02,Milagros (Masbate),27.80953397601843,34.17004910297692,-0.06469924002885818,-0.001831110566854477,8.545183062553406,0.5949763,0.0,-5.636058501880329,-3.1058082665394933,,6.435153488854993,0.31712225022510465
2022-02-03,Milagros (Masbate),27.73628955334425,34.173100953921676,-0.06591998040676117,-0.006103701889514923,8.545183062553406,0.5245674,0.0,-4.937230147190375,-3.390607001900866,,5.989362016748084,0.316939191807442
2022-02-04,Milagros (Masbate),27.461622968316078,34.11053800955415,-0.06653035059571266,-0.001831110566854477,8.545183062553406,0.5117443,0.0,-5.175197710779248,-4.08010799570793,,6.590140560131821,0.3167561333897793
2022-02-05,Milagros (Masbate),27.31513412296772,34.09527875483036,-0.051271095871925354,-0.008545182645320892,8.545183062553406,1.1291983,0.0,-5.462795920349634,-4.9299325573049115,,7.358421997069994,0.3165730749721167
2022-02-06,Milagros (Masbate),27.279244355857372,34.11969356238842,-0.05859553813934326,-0.003662221133708954,8.545183062553406,1.2990369,0.0,-5.668593423918069,-4.008040457709456,,6.9424303897355,0.31639001655445403
2022-02-07,Milagros (Masbate),27.37592699378729,34.136478742584586,-0.08606219664216042,0.01037629321217537,8.545183062553406,2.0870357,0.0,-6.032076510551096,-2.147925036257437,,6.403087457666325,0.3162069581367914
2022-02-08,Milagros (Masbate),27.378856770694256,34.14410836994648,-0.08606219664216042,0.008545182645320892,8.545183062553406,2.075024,0.0,-5.292587033913075,-2.914870822289346,,6.042180849840443,0.31602389971912875
2022-02-09,Milagros (Masbate),27.383251436054707,34.1639454010874,-0.0555436871945858,-0.007324442267417908,8.545183062553406,1.6004626,0.0,-4.818072135984572,-3.6638700661452717,,6.052913593398331,0.3158408413014661
2022-02-10,Milagros (Masbate),27.34443189203739,34.185308357700706,-0.03723258152604103,-0.015259254723787308,8.545183062553406,1.2584467,0.0,-4.5417109742624255,-4.446323070941371,,6.355857725352357,0.3156577828838035
2022-02-11,Milagros (Masbate),27.230170592665672,34.20056761242449,-0.035401470959186554,-0.015259254723787308,8.545183062553406,1.235303,30.25782690377071,-4.769988586686376,-4.11197825415023,,6.297710399797903,0.31547472446614083
2022-02-12,Milagros (Masbate),27.06903286278248,34.17767873033881,-0.06958220154047012,0.006103701889514923,8.545183062553406,0.81958294,13.436263862052748,-5.608353429559983,-2.255548866356929,,6.04492587873344,0.3152916660484782
2022-02-13,Milagros (Masbate),27.248481698334217,34.185308357700706,-0.09887997061014175,0.027466658502817154,8.545183062553406,0.79742146,0.0,-4.794751366337168,-0.588600397806955,,4.83074436223763,0.3151086076308155
2022-02-14,Milagros (Masbate),27.488723404705524,34.199041686952114,-0.09643848985433578,0.019531846046447754,8.69777561724186,0.9180724,0.0,-3.78456869652862,-1.7312852844787345,,4.161767527745507,0.31492554921315286
2022-02-15,Milagros (Masbate),27.534867390990257,34.21277501620352,-0.06897183135151863,-0.0024414807558059692,8.545183062553406,2.2665088,0.0,-3.7480445635558115,-2.6909195890939457,,4.6139881106662815,0.3147424907954902
2022-02-16,Milagros (Masbate),27.547318942844868,34.22498241998255,-0.06530961021780968,-0.004272591322660446,8.545183062553406,1.232681,0.0,-3.8962691718133122,-2.5575001464824387,,4.660656655288017,0.3145594323778276
2022-02-17,Milagros (Masbate),27.663777574896812,34.23718982376158,-0.08850367739796638,0.017700735479593277,8.545183062553406,1.8824533,0.0,-4.447999555263641,-1.7512832895151718,,4.780344464969091,0.31437637396016493
2022-02-18,Milagros (Masbate),27.790490426123142,34.244819451123476,-0.08484145626425743,0.009765923023223877,8.69777561724186,1.0247338,16.442426855617313,-3.4546264895238052,-2.2723776364346655,,4.13499024239332,0.3141933155425023
2022-02-19,Milagros (Masbate),27.783898428082466,34.24024167470634,-0.07324442267417908,0.0048829615116119385,8.545183062553406,0.86513466,0.0,-3.2172380648848558,-2.2139358683837105,,3.9053979048824186,0.31401025712483965
2022-02-20,Milagros (Masbate),27.959685042500496,34.24787130206823,-0.07263405248522758,-0.009155552834272385,8.69777561724186,0.8414451,13.335873377492412,-3.7468959787220424,-3.08540079184464,,4.853753961798944,0.313827198707177
2022-02-21,Milagros (Masbate),27.874721512198448,34.24787130206823,-0.06591998040676117,-0.0012207403779029846,8.545183062553406,0.8087395,25.081877199679795,-4.9038739650834025,-2.9651533941625035,,5.730629504368279,0.3136441402895143
2022-02-22,Milagros (Masbate),27.750205993652344,34.197515761479735,-0.10498367249965668,0.01892147585749626,8.545183062553406,0.7111872,58.75393990909352,-6.8924652094914,-2.2733763640949802,,7.257707403641665,0.3134610818718517
2022-02-23,Milagros (Masbate),27.529007837176323,34.09833060577512,-0.09704886004328728,0.004272591322660446,8.545183062553406,0.65619916,8.792567840212497,-5.119488520753944,-3.18660209656532,,6.030223514594288,0.31327802345418904
2022-02-24,Milagros (Masbate),27.590533152222633,34.11664171144366,-0.0555436871945858,-0.010986663401126862,8.545183062553406,0.84329796,0.0,-4.9169699336319805,-4.141900870174396,,6.428991845273433,0.3130949650365264
2022-02-25,Milagros (Masbate),27.566362492740154,34.127323189750314,-0.05249183624982834,-0.009155552834272385,8.545183062553406,0.9020211,3.108979413765681,-5.3930268735553275,-4.320512031058053,,6.9102505793500235,0.31291190661886376
2022-02-26,Milagros (Masbate),27.60151981562376,34.139530593529344,-0.06286812946200371,-0.007324442267417908,8.545183062553406,1.0279039,0.0,-5.413273990864994,-3.889243232661902,,6.665564358925793,0.3127288482012011
2022-02-27,Milagros (Masbate),27.606646925210953,34.150212071835995,-0.06286812946200371,-0.005493331700563431,8.545183062553406,1.181566,0.0,-5.888476370224469,-4.00478330253867,,7.121266970349059,0.3125457897835385
2022-02-28,Milagros (Masbate),27.434522531926632,34.14563429541886,-0.0714133121073246,0.0012207403779029846,8.545183062553406,1.2171419,6.2113340157282515,-6.167594223272269,-3.675987478595246,,7.179979278920692,0.31236273136587583
2022-03-01,Milagros (Masbate),27.485793627798557,34.15326392278075,-0.06714072078466415,-0.0030518509447574615,8.545183062553406,2.3540921,0.0,-4.841410550404277,-3.503053806169059,,5.9758381911227625,0.31217967294821314
2022-03-02,Milagros (Masbate),27.673299349844456,34.15784169919789,-0.09033478796482086,-0.005493331700563431,8.69777561724186,3.0452218,1.4192017503007188,-4.924071380253691,-2.727830026120221,,5.629168287521393,0.3119966145305505
2022-03-03,Milagros (Masbate),27.697470009326935,34.160893550142646,-0.08667256683111191,0.0048829615116119385,8.545183062553406,3.0422382,0.0,-5.138865656867028,-2.415331746112457,,5.678183484452228,0.31181355611288786
2022-03-04,Milagros (Masbate),27.775841541588306,34.16699725203216,-0.08484145626425743,-0.003662221133708954,8.545183062553406,1.5725305,0.0,-4.322270730778165,-2.789656693306838,,5.144337541088576,0.3116304976952252
2022-03-05,Milagros (Masbate),27.901821948587894,34.16852317750454,-0.09582811966538429,0.006103701889514923,8.69777561724186,1.7717966,24.704818634667696,-3.491878032941104,-2.7158622903744623,,4.423699829013566,0.3114474392775626
2022-03-06,Milagros (Masbate),27.67476423829794,34.14105651900172,-0.0317392498254776,-0.017700735479593277,8.545183062553406,1.7673305,24.251664442174576,-2.927760390008685,-4.138224158381324,,5.0691892928075415,0.31126438085989994
2022-03-07,Milagros (Masbate),27.57661671191454,34.089175052940845,-0.04150517284870148,-0.025635547935962677,8.545183062553406,0.98456657,10.105102010962927,-2.604984727893685,-3.447881670491183,,4.321323112921366,0.3110813224422373
2022-03-08,Milagros (Masbate),27.742881551384926,34.089175052940845,-0.06530961021780968,-0.028077028691768646,8.69777561724186,0.983499,0.0,-3.95719414643576,-3.8736516783096033,,5.5375592852317395,0.31089826402457466
2022-03-09,Milagros (Masbate),27.62569047510624,34.08001950010657,-0.06530961021780968,-0.005493331700563431,8.545183062553406,0.9566086,0.0,-5.88875208063138,-3.760386317379154,,6.986981202427323,0.310715205606912
2022-03-10,Milagros (Masbate),27.47920162975788,34.052552841603756,-0.07202368229627609,0.009765923023223877,8.545183062553406,1.0912197,7.120660111580127,-4.379785467876051,-0.8590964612176543,,4.46324629325953,0.3105321471892493
2022-03-11,Milagros (Masbate),27.712851338088512,34.031189884990454,-0.11597033590078354,0.036011841148138046,8.69777561724186,1.3088104,7.691955446471549,-3.20403254300835,-0.6315403655727365,,3.2656802920684536,0.3103490887715867
2022-03-12,Milagros (Masbate),28.053437903523445,34.00067137554288,-0.13306070119142532,0.059816278517246246,8.69777561724186,2.7983344,0.0,-2.036266640824844,-0.044049503876801795,,2.036743035173531,0.31016603035392404
2022-03-13,Milagros (Masbate),28.08786278218031,34.02203433215618,-0.119022186845541,0.04455702379345894,8.69777561724186,1.1542536,0.0,-3.0962802333202313,-0.5496135522644467,,3.1446822319723067,0.3099829719362614
2022-03-14,Milagros (Masbate),28.429914236068726,34.03576766140759,-0.12085329741239548,0.031128879636526108,8.69777561724186,2.1088357,0.0,-2.8013154713683277,-1.0098791996216132,,2.977788502892028,0.30979991351859876
2022-03-15,Milagros (Masbate),28.404278688132763,34.02661210857332,-0.10620441287755966,0.040894802659749985,8.69777561724186,2.0372658,18.042057176632525,-3.0008034191458797,0.09799306175692082,,3.0024030043467014,0.3096168551009361
2022-03-16,Milagros (Masbate),28.602771073579788,34.01287877932191,-0.11535996571183205,0.03723258152604103,8.69777561724186,2.6816385,4.715121833112613,-3.486834895896017,-0.6280538015837338,,3.5429463965634542,0.3094337966832735
2022-03-17,Milagros (Masbate),28.78807946294546,34.03576766140759,-0.11780144646763802,0.020142216235399246,8.69777561724186,0.7036297,0.0,-3.9316313444481374,-1.0101132557404775,,4.059316915205032,0.30925073826561084
2022-03-18,Milagros (Masbate),29.161626018583775,34.054078767076135,-0.10437330231070518,0.062257759273052216,8.69777561724186,3.33194,0.0,-2.4474616694499898,-0.49704541484340614,,2.4974232256155116,0.30906767984794814
2022-03-19,Milagros (Masbate),29.345469519495964,34.06323431991041,-0.12390514835715294,0.038453321903944016,8.69777561724186,1.536459,0.0,-3.51059812656301,-1.1489587862846145,,3.69383344221262,0.3088846214302855
2022-03-20,Milagros (Masbate),29.242927327752113,34.0708639472723,-0.09460737928748131,0.006103701889514923,8.545183062553406,1.4157716,9.430243666225225,-4.790216431011374,-1.2616682623577022,,4.9535825682198995,0.30870156301262286
2022-03-21,Milagros (Masbate),29.239997550845146,34.08307135105133,-0.08667256683111191,0.01037629321217537,8.545183062553406,1.0326792,6.16254531345793,-4.267670593772341,-1.2144803822485333,,4.437113351697893,0.3085185045949602
2022-03-22,Milagros (Masbate),29.4004028365016,34.09680468030274,-0.09704886004328728,0.009155552834272385,8.69777561724186,1.3656088,0.0,-3.712824198867515,-1.6826541872700964,,4.0763204787692775,0.3083354461772976
2022-03-23,Milagros (Masbate),29.6633503139019,34.11816763691604,-0.09887997061014175,0.01892147585749626,8.69777561724186,1.3199905,0.0,-3.299543661313365,-1.563963135624585,,3.6514338365231116,0.30815238775963494
2022-03-24,Milagros (Masbate),29.636249877512455,34.13342689163983,-0.09216589853167534,-0.0024414807558059692,8.545183062553406,1.7092768,0.0,-4.470262155586759,-2.011637161663747,,4.902033028229997,0.3079693293419723
2022-03-25,Milagros (Masbate),29.697042748332024,34.150212071835995,-0.0952177494764328,0.011597033590078354,8.69777561724186,0.47755066,0.0,-4.247300242871465,-1.2972250661810356,,4.440985501600337,0.30778627092430966
2022-03-26,Milagros (Masbate),29.783471167087555,34.17004910297692,-0.09094515815377235,-0.0012207403779029846,8.69777561724186,0.9414174,0.0,-4.088668696760573,-1.9060871283616805,,4.511139529295883,0.30760321250664696
2022-03-27,Milagros (Masbate),29.721213407814503,34.186834283173084,-0.07568590342998505,0.0048829615116119385,8.545183062553406,0.8134185,0.0,-4.30582210421333,-1.4873043055332242,,4.555455859778445,0.3074201540889843
2022-03-28,Milagros (Masbate),29.649433873593807,34.18073058128357,-0.08484145626425743,0.004272591322660446,8.545183062553406,0.55017686,38.21628249828037,-5.227682709226205,-1.2747908277560753,,5.38086964745232,0.3072370956713217
2022-03-29,Milagros (Masbate),29.67067475616932,34.20056761242449,-0.0872829370200634,0.014038514345884323,8.545183062553406,0.5731384,0.0,-4.768308775692191,-1.1285634963950224,,4.900043279986261,0.30705403725365904
2022-03-30,Milagros (Masbate),29.709494300186634,34.21735279262066,-0.07873775437474251,0.006103701889514923,8.545183062553406,1.1383353,0.0,-4.567553754457741,-1.7131357734428385,0.3068709788359964,4.8782559873494336,0.3068709788359964
2022-03-31,Milagros (Masbate),29.68385875225067,34.22498241998255,-0.06469924002885818,-0.009765923023223877,8.545183062553406,0.8151835,0.0,-4.411483077216454,-2.3583192759013576,,5.00228475275599,0.3028559642422813
2022-04-01,Milagros (Masbate),29.681661419570446,34.234137972816825,-0.059205908328294754,-0.023194067180156708,8.545183062553406,0.6799968,0.0,-4.234859737270347,-3.88584496390041,,5.747506248611101,0.29884094964856617
2022-04-02,Milagros (Masbate),29.530777908861637,34.24787130206823,-0.03234962001442909,-0.023194067180156708,8.545183062553406,0.8907987,7.381362046479695,-4.575362584436663,-3.7029310541433946,,5.886054805283624,0.2948259350548511
2022-04-03,Milagros (Masbate),29.47511214762926,34.25397500395775,-0.03784295171499252,-0.027466658502817154,8.545183062553406,0.72592205,0.0,-3.9834490816027714,-3.65474338019405,,5.406016626019031,0.290810920461136
2022-04-04,Milagros (Masbate),29.396008171141148,34.2646564822644,-0.03234962001442909,-0.028077028691768646,8.545183062553406,0.62338865,0.9492965992275647,-4.340815867393858,-4.031289253503378,,5.924016833199423,0.2867959058674209
2022-04-05,Milagros (Masbate),29.19312112033367,34.24176760017872,-0.04272591322660446,-0.0158696249127388,8.545183062553406,0.60114145,41.76187293959921,-4.996823776794474,-3.676566717798724,,6.203659459284002,0.28278089127370576
2022-04-06,Milagros (Masbate),29.141850024461746,34.24787130206823,-0.03784295171499252,-0.025635547935962677,8.545183062553406,0.6030779,7.344080612577241,-4.1557310802660155,-4.20799433508234,,5.914162420459385,0.27876587667999064
2022-04-07,Milagros (Masbate),28.88183232396841,34.18988613411784,-0.038453321903944016,-0.02136295661330223,8.545183062553406,0.64865166,8.259452328478831,-4.726433668203359,-3.570909917826872,,5.92372964112649,0.2747508620862755
2022-04-08,Milagros (Masbate),28.667958609759808,34.14716022089124,-0.025635547935962677,-0.020142216235399246,8.545183062553406,0.63248676,8.425436783030356,-3.716735197751465,-3.1424717307136607,,4.867160271507312,0.2707358474925604
2022-04-09,Milagros (Masbate),28.588122189044952,34.13495281711221,0.008545182645320892,-0.031128879636526108,8.545183062553406,1.0838387,16.645254928248406,-1.0339469994771606,-3.2987641596832638,,3.457006129433191,0.26672083289884535
2022-04-10,Milagros (Masbate),28.30027160793543,33.96710101515055,0.04943998530507088,-0.06286812946200371,8.545183062553406,2.0193527,15.376147384334045,-1.3699912264838803,-6.250438084647476,,6.3988164695242205,0.26270581830513023
2022-04-11,Milagros (Masbate),28.058565013110638,33.74431589618325,0.031128879636526108,-0.07080294191837311,8.69777561724186,2.044093,17.14084523493088,-2.60771135743173,-6.148110330888918,,6.678279656053756,0.2586908037114151
2022-04-12,Milagros (Masbate),27.831507302820683,33.58714557252824,0.08423108607530594,-0.07324442267417908,8.69777561724186,2.0957353,19.788418191441654,1.9465518961301975,-4.1772922626760645,,4.608561047891346,0.2546757891177
2022-04-13,Milagros (Masbate),27.7897579818964,33.608508529141545,0.09094515815377235,-0.036011841148138046,8.545183062553406,2.123869,0.8784585376298452,4.497923393682,-0.38428680702708057,,4.514309604522808,0.2506607745239849
2022-04-14,Milagros (Masbate),27.901821948587894,33.632923336699605,0.05737479776144028,-0.025635547935962677,8.545183062553406,2.1228957,0.0,3.169609725076388,0.2616020654364634,,3.1803869968825245,0.2466457599302698
2022-04-15,Milagros (Masbate),28.442365787923336,33.655812218785286,0.004272591322660446,-0.02136295661330223,8.69777561724186,2.2093465,0.047029511198310774,-0.3752945969128426,-0.2842956038839735,,0.4708184627430473,0.2426307453365547
2022-04-16,Milagros (Masbate),28.727286592125893,33.69548628106713,-0.1263466291129589,0.032959990203380585,8.69777561724186,2.8930702,0.0,-2.7357589255040295,-1.522375630226417,,3.130815302438367,0.2386157307428396
2022-04-17,Milagros (Masbate),28.784417241811752,33.71990108862519,-0.12939848005771637,0.009765923023223877,8.69777561724186,0.87543374,0.0,-3.978855987614562,-2.3949185784243285,,4.644020883615648,0.23460071614912448
2022-04-18,Milagros (Masbate),28.80785545706749,33.75041959807277,-0.09460737928748131,-0.005493331700563431,8.545183062553406,0.8503665,0.0,-4.677821648488624,-2.6907714796631197,,5.396505029260816,0.23058570155540936
2022-04-19,Milagros (Masbate),28.928708754479885,33.78246403299272,-0.08239997550845146,-0.008545182645320892,8.69777561724186,1.0499942,0.0,-4.325125294434529,-2.3101551725695852,0.22657068696169427,4.903419799885319,0.22657068696169427
2022-04-20,Milagros (Masbate),29.149906910955906,33.802301064133644,-0.09460737928748131,-0.0012207403779029846,8.69777561724186,1.090192,0.0,-3.378156926835699,-1.3238549547769884,,3.62829659256456,0.23352360315921572
2022-04-21,Milagros (Masbate),29.334482856094837,33.81603439338505,-0.10193182155489922,0.006714072078466415,8.69777561724186,1.7129687,0.0,-4.3163679086095454,-1.5639425719900402,,4.5909637649362,0.2404765193567372
2022-04-22,Milagros (Masbate),29.486098811030388,33.83281957358122,-0.10437330231070518,0.001831110566854477,8.69777561724186,0.8804931,0.0,-4.402784178794205,-2.0838578915410766,,4.8710340008234985,0.24742943555425864
2022-04-23,Milagros (Masbate),29.57765433937311,33.8557084556669,-0.08911404758691788,-0.014648884534835815,8.69777561724186,0.7791028,0.0,-4.069222054827056,-1.9929974674123903,,4.531071290170034,0.2543823517517801
2022-04-24,Milagros (Masbate),29.50294502824545,33.85723438113928,-0.07629627361893654,-0.011597033590078354,8.545183062553406,1.004426,11.36286411904418,-4.13364557101457,-1.547239054880818,,4.413725682427133,0.26133526794930156
2022-04-25,Milagros (Masbate),29.48243658989668,33.86333808302879,-0.079348124563694,-0.004272591322660446,8.545183062553406,0.9029185,0.0,-4.212806072480148,-1.5589495404370612,,4.491999407163199,0.268288184146823
2022-04-26,Milagros (Masbate),29.506607249379158,33.85418253019452,-0.08545182645320892,-0.003662221133708954,8.545183062553406,0.6602897,33.176949483627716,-4.593015572907182,-1.993601060636283,,5.007018797841487,0.27524110034434446
2022-04-27,Milagros (Masbate),29.369640178978443,33.85418253019452,-0.07690664380788803,0.0079348124563694,8.545183062553406,0.6579396,0.0,-5.203469019429904,-0.5284220086069178,,5.230231319487406,0.28219401654186593
2022-04-28,Milagros (Masbate),29.383556619286537,33.860286232084036,-0.08423108607530594,0.017700735479593277,8.545183062553406,0.7613783,16.588474741813858,-4.794813327949244,-0.27929099673206553,,4.802940589965203,0.2891469327393874
2022-04-29,Milagros (Masbate),29.59743033349514,33.8770714122802,-0.09704886004328728,0.021973326802253723,8.69777561724186,1.3885987,5.958516807633529,-3.4332248202946856,-0.3013865995227359,0.2960998489369088,3.446428085577785,0.2960998489369088
2022-04-30,Milagros (Masbate),29.71608629822731,33.9060639962554,-0.09155552834272385,0.005493331700563431,8.69777561724186,1.082923,0.0,-4.097115143316233,-0.9227344663393149,,4.199737062360178,0.29831492390137804
2022-05-01,Milagros (Masbate),29.82229071110487,33.935056580230594,-0.08972441777586937,0.0158696249127388,8.69777561724186,0.5750693,0.0,-4.028499694391072,-0.9646839401760287,,4.14239361868745,0.30052999886584725
2022-05-02,Milagros (Masbate),29.927030235528946,33.96099731326103,-0.08850367739796638,0.022583696991205215,8.69777561724186,1.0250827,0.0,-3.612269140590254,-0.7602442855770399,,3.6914034888932417,0.3027450738303164
2022-05-03,Milagros (Masbate),29.921903125941753,33.98693804629147,-0.08362071588635445,0.009765923023223877,8.545183062553406,0.70779175,0.0,-4.211709629178864,-0.8546661941883555,,4.297551896604201,0.3049601487947856
2022-05-04,Milagros (Masbate),29.94167912006378,34.015930630266666,-0.08056886494159698,0.011597033590078354,8.545183062553406,0.6907429,0.0,-4.509607556288275,-1.0359860818581779,,4.627075477397809,0.3071752237592548
2022-05-05,Milagros (Masbate),30.0559404194355,34.043397288769484,-0.08362071588635445,0.02136295661330223,8.545183062553406,1.6219786,0.0,-3.971368264231244,-0.29627186796813576,,3.9824041620473944,0.30939029872372403
2022-05-06,Milagros (Masbate),30.16653949767351,34.06781209632754,-0.09399700909852982,0.015259254723787308,8.545183062553406,0.8343421,0.0,-4.526675464281788,-1.256015267855608,,4.6976978523546125,0.31160537368819324
2022-05-07,Milagros (Masbate),30.229529701173306,34.0922269038856,-0.0952177494764328,0.01342814415693283,8.545183062553406,0.8619205,0.0,-5.010960789549965,-1.687559945389476,,5.287493414056431,0.3138204486526624
2022-05-08,Milagros (Masbate),30.209021262824535,34.11664171144366,-0.08362071588635445,0.006714072078466415,8.545183062553406,1.6995687,0.0,-5.457937746086857,-1.8117306681080627,,5.750778421563725,0.3160355236171316
2022-05-09,Milagros (Masbate),30.229529701173306,34.14563429541886,-0.07629627361893654,-0.0006103701889514923,8.545183062553406,2.104505,0.0,-4.645543303505459,-1.9896747604664753,0.3182505985816008,5.053699460512243,0.3182505985816008
2022-05-10,Milagros (Masbate),30.343058556318283,34.16699725203216,-0.08484145626425743,0.009155552834272385,8.545183062553406,2.1033452,1.9255467259134287,-3.562764293900435,-0.6789447029459174,,3.626879557353702,0.27008258774166327
2022-05-11,Milagros (Masbate),30.384807877242565,34.174626879394054,-0.08362071588635445,0.023194067180156708,8.545183062553406,0.83649796,0.0,-3.958136855001514,-0.4527601237865271,,3.983947676942114,0.2219145769017257
2022-05-12,Milagros (Masbate),30.482222959399223,34.18836020864546,-0.08423108607530594,0.031128879636526108,8.545183062553406,1.2425619,3.8476411885228647,-3.66776530050628,0.45529175390692084,,3.6959157026065355,0.17374656606178812
2022-05-13,Milagros (Masbate),30.529099389910698,34.19141205959022,-0.07751701399683952,0.04272591322660446,8.545183062553406,1.8559297,0.0,-2.822177354331493,1.698725839845675,,3.2939876287352536,0.12557855522185057
2022-05-14,Milagros (Masbate),30.474898517131805,34.15784169919789,-0.06408886983990669,0.04699850454926491,8.545183062553406,1.266207,19.519586949996484,-2.480867694731776,1.611477029663809,0.07741054438191303,2.958304030335261,0.07741054438191303
2022-05-15,Milagros (Masbate),30.38627276569605,34.12274541333318,-0.04577776417136192,0.03906369209289551,8.545183062553406,1.0781105,0.0,-1.8202902631527074,2.649538066994457,,3.2145775166546033,0.11800403690091783
2022-05-16,Milagros (Masbate),30.422162532806396,34.09833060577512,-0.04943998530507088,0.05310220643877983,8.69777561724186,1.4333063,18.19058636090818,-1.4658142880427212,2.392067621676626,,2.8054587920167102,0.15859752941992264
2022-05-17,Milagros (Masbate),30.491744734346867,34.101382456719875,-0.059205908328294754,0.051881466060876846,8.545183062553406,1.9756182,0.0,-1.6471545572087938,2.480859280476268,,2.977881949449797,0.19919102193892746
2022-05-18,Milagros (Masbate),30.518845170736313,34.102908382192254,-0.0634784996509552,0.04943998530507088,8.545183062553406,0.85126305,23.55473474653449,-2.3204761936220906,1.5109296880856742,,2.769028401354081,0.23978451445793225
2022-05-19,Milagros (Masbate),30.54155094176531,34.101382456719875,-0.08301034569740295,0.04211554303765297,8.545183062553406,1.3318719,17.209779901872057,-3.406272313880759,1.3306165979370557,0.28037800697693704,3.6569429318785063,0.28037800697693704
2022-05-20,Milagros (Masbate),30.526902057230473,34.09527875483036,-0.07446516305208206,0.04577776417136192,8.545183062553406,1.3451955,0.0,-1.831182966563177,1.780386340371443,,2.5540177325172073,0.2720351855502797
2022-05-21,Milagros (Masbate),30.602343812584877,34.08307135105133,-0.03418073058128357,0.06775109097361565,8.69777561724186,1.1140413,0.0,-0.15243412991818744,2.533264802661215,,2.5378468677928696,0.26369236412362246
2022-05-22,Milagros (Masbate),30.637501135468483,34.052552841603756,-0.03357036039233208,0.059205908328294754,8.69777561724186,0.9527326,17.515441035644034,-0.5591253893532583,2.2046770531816278,,2.2744718309631926,0.25534954269696514
2022-05-23,Milagros (Masbate),30.71880244463682,34.043397288769484,-0.05005035549402237,0.06591998040676117,8.69777561724186,1.1953806,0.0,-1.2702123314905684,2.2727556737241983,,2.603623958930368,0.24700672127030782
2022-05-24,Milagros (Masbate),30.927549049258232,34.028138034045696,-0.05859553813934326,0.06408886983990669,8.69777561724186,1.9725481,0.0,-2.4016939690410375,1.0015190937710003,0.23866389984365052,2.6021480388548186,0.23866389984365052
2022-05-25,Milagros (Masbate),30.984679698944092,34.03424173593521,-0.07202368229627609,0.04943998530507088,8.545183062553406,2.0611136,0.0,-2.855404613549751,1.1318629202874626,,3.0715548468817655,0.25643386009318875
2022-05-26,Milagros (Masbate),31.117984548211098,34.028138034045696,-0.07385479286313057,0.05310220643877983,8.545183062553406,1.4853717,0.0,-2.5071072165017236,1.9355257214266608,,3.167309017658242,0.274203820342727
2022-05-27,Milagros (Masbate),30.899716168642044,33.94268620759249,-0.01342814415693283,0.04821924492716789,8.545183062553406,0.8657791,34.56324597836508,0.00601857118821527,1.8658409486762262,,1.865850655587458,0.29197378059226525
2022-05-28,Milagros (Masbate),30.702688671648502,33.88927881605923,0.003662221133708954,0.032959990203380585,8.545183062553406,1.1751467,9.251609763557482,0.3704789505985042,2.9099380187377886,,2.933426993421206,0.3097437408418035
2022-05-29,Milagros (Masbate),30.993469029664993,33.89080474153161,0.0024414807558059692,0.036011841148138046,8.69777561724186,2.1658728,18.503219527114965,-0.7552801835481017,0.9221608330262735,0.32751370109134176,1.1919852170342402,0.32751370109134176
2022-05-30,Milagros (Masbate),30.87408062070608,33.85113067924976,-0.04577776417136192,0.0,8.69777561724186,0.97719,31.1590366402214,-2.4131540871737642,-0.583776569520522,,2.482762117393568,0.33457472006643163
2022-05-31,Milagros (Masbate),30.46098207682371,33.72295293956995,-0.0634784996509552,0.012207403779029846,8.545183062553406,1.2099352,37.00643905422993,-4.056012612378122,0.14398442221491214,,4.0585674597831884,0.3416357390415215
2022-06-01,Milagros (Masbate),30.51371806114912,33.74889367260039,-0.0634784996509552,0.04699850454926491,8.545183062553406,2.1838517,0.0,-2.0143911449879313,3.132184977402677,,3.7240239550347685,0.34869675801661143
2022-06-02,Milagros (Masbate),30.860164180397987,33.73668626882136,-0.03906369209289551,0.0555436871945858,8.69777561724186,3.3898027,8.991515826018297,-0.8302629200694506,1.5387899921769244,,1.7484882488784732,0.3557577769917013
2022-06-03,Milagros (Masbate),31.005920581519604,33.75041959807277,-0.02868739888072014,0.03418073058128357,8.69777561724186,1.13307,4.44672426587428,-1.1835693022188511,0.7209846669870648,0.3628187959667912,1.3858770447573143,0.3628187959667912
2022-06-04,Milagros (Masbate),31.260811172425747,33.74889367260039,-0.04699850454926491,0.006714072078466415,8.69777561724186,3.9155838,8.482454004926081,-1.8584247004830827,0.005756316583737449,,1.8584336153186232,0.36040752733201653
2022-06-05,Milagros (Masbate),30.774468205869198,33.63597518764436,-0.02685628831386566,0.036011841148138046,8.69777561724186,3.9155838,8.991515826018297,-1.1069775031194184,0.880012663339356,,1.414150444631026,0.3579962586972419
2022-06-06,Milagros (Masbate),31.095278777182102,33.67412332445383,-0.0030518509447574615,0.04272591322660446,8.69777561724186,2.275923,0.0,0.8260593233828232,1.5421503900298612,,1.7494575819999012,0.3555849900624672
2022-06-07,Milagros (Masbate),31.232245847582817,33.6619159206748,0.03479110077023506,-0.03723258152604103,8.69777561724186,1.754936,0.0,0.8530521391354964,0.9436402217967113,,1.2720671445628147,0.35317372142769254
2022-06-08,Milagros (Masbate),31.29010894149542,33.59324927441776,-0.02929776906967163,0.012207403779029846,8.69777561724186,1.6352055,15.955955760715941,-1.4188577440832475,0.30986241848067664,,1.452298872936179,0.3507624527929179
2022-06-09,Milagros (Masbate),31.179509863257408,33.622241858392954,-0.059205908328294754,0.024414807558059692,8.545183062553406,0.6088848,0.0,-3.3063551096267276,0.8186706189733622,,3.406201064723719,0.34835118415814326
2022-06-10,Milagros (Masbate),31.202948078513145,33.61766408197582,-0.062257759273052216,0.035401470959186554,8.545183062553406,1.5539341,12.740372067774526,-2.124023094737756,1.0696909476247276,,2.3781742640962293,0.3459399155233686
2022-06-11,Milagros (Masbate),31.235175624489784,33.59324927441776,-0.011597033590078354,-0.01342814415693283,8.69777561724186,1.5539349,13.802113345380246,-0.531501988354385,0.3996439467981161,,0.6649884569201485,0.3435286468885939
2022-06-12,Milagros (Masbate),31.345774702727795,33.60698260366917,-0.04028443247079849,0.014648884534835815,8.69777561724186,0.48197705,6.738819880611272,-2.2641819486508723,0.5222062209870543,,2.323622007520595,0.34111737825381927
2022-06-13,Milagros (Masbate),31.263740949332714,33.60545667819679,-0.05310220643877983,0.021973326802253723,8.545183062553406,1.3609345,0.101169563935688,-2.3890526737283864,0.7390049141969613,0.3387061096190446,2.5007400786679153,0.3387061096190446
2022-06-14,Milagros (Masbate),31.095278777182102,33.58256779611111,-0.04577776417136192,0.027466658502817154,8.545183062553406,1.7832091,7.253830934876602,-2.3962580640276205,2.2413543137195195,,3.281115948735506,0.31855060793264706
2022-06-15,Milagros (Masbate),31.210272520780563,33.57646409422159,-0.05493331700563431,0.03357036039233208,8.545183062553406,0.7079628,5.378794416694563,-2.537101521107938,1.1343260436289513,,2.779132904641864,0.2983951062462495
2022-06-16,Milagros (Masbate),31.337717816233635,33.584093721583486,-0.059205908328294754,0.01037629321217537,8.69777561724186,0.692912,4.177995817656449,-2.824733263272965,0.05797548488118353,,2.825328151823774,0.27823960455985186
2022-06-17,Milagros (Masbate),31.263740949332714,33.584093721583486,-0.05615405738353729,-0.014648884534835815,8.545183062553406,0.95417607,5.836574781738961,-3.792520108998065,-0.320788010577714,,3.806062758926224,0.2580841028734543
2022-06-18,Milagros (Masbate),31.43440045416355,33.56578261591494,-0.051881466060876846,0.014038514345884323,8.69777561724186,1.027975,5.639102062395571,-1.980308455241186,0.037194964206900105,0.23792860118705672,1.980657729962975,0.23792860118705672
2022-06-19,Milagros (Masbate),31.313547156751156,33.56273076497018,-0.051881466060876846,0.009155552834272385,8.545183062553406,1.0692106,11.868813122020049,-2.734892416921099,0.06470246492546242,,2.7356576798093655,0.22305188201655862
2022-06-20,Milagros (Masbate),31.444654673337936,33.535264106467366,-0.04028443247079849,0.02868739888072014,8.69777561724186,1.7302679,9.601782469913877,-1.7464524012399147,0.8354470605932389,,1.9359927119828078,0.20817516284606052
2022-06-21,Milagros (Masbate),31.263008505105972,33.48033078946173,-0.028077028691768646,0.012817773967981339,8.545183062553406,1.7302676,6.52834675616715,-1.6830842466902405,1.6013268666209066,,2.3231487931724875,0.19329844367556243
2022-06-22,Milagros (Masbate),31.2249214053154,33.47117523662746,-0.04272591322660446,0.0,8.545183062553406,0.80944186,8.802253656406673,-2.6519926757718597,-0.1827612791128164,,2.658282685774886,0.17842172450506436
2022-06-23,Milagros (Masbate),31.22125918418169,33.47270116209984,-0.04943998530507088,0.0158696249127388,8.545183062553406,1.25313,3.730612541067189,-2.7460219065348315,0.27462786693317687,0.16354500533456626,2.759720416358414,0.16354500533456626
2022-06-24,Milagros (Masbate),31.367015585303307,33.49406411871314,-0.046388134360313416,0.02929776906967163,8.545183062553406,2.2601948,0.0,-2.238626525148775,-0.043326409305643236,,2.2390457558618584,0.1606909986743606
2022-06-25,Milagros (Masbate),31.431470677256584,33.47880486398935,-0.0476088747382164,-0.040894802659749985,8.69777561724186,0.82354915,13.324464784432617,-2.7285229422989437,-1.838488327502214,,3.290118049099997,0.1578369920141549
2022-06-26,Milagros (Masbate),31.30256049335003,33.4253974724561,-0.06103701889514923,-0.012817773967981339,8.69777561724186,0.72590625,9.40919475187878,-2.451090983697401,0.8092201727061504,,2.5812175999472156,0.15498298535394925
2022-06-27,Milagros (Masbate),31.16046631336212,33.37809378281236,-0.03479110077023506,0.02868739888072014,8.545183062553406,0.73166406,12.16144038504084,-1.5542080155316933,3.5083793520661475,,3.837224027020972,0.15212897869374356
2022-06-28,Milagros (Masbate),30.91070283204317,33.342997496947646,-0.017090365290641785,0.02685628831386566,8.545183062553406,0.75482595,30.157915227553417,-0.12470168974392416,4.354945511256322,,4.356730530734782,0.1492749720335379
2022-06-29,Milagros (Masbate),30.777397982776165,33.330790093168616,0.0079348124563694,0.02136295661330223,8.545183062553406,0.69361115,20.65044403849944,0.9484539315172118,4.034627981328608,,4.144609487989214,0.1464209653733322
2022-06-30,Milagros (Masbate),30.731253996491432,33.33841972053051,0.0,0.024414807558059692,8.545183062553406,0.826787,14.520586307827406,-0.20373137384774603,4.581272031896087,,4.585799810602638,0.14356695871312655
2022-07-01,Milagros (Masbate),30.753227323293686,33.344523422420025,0.0238044373691082,0.008545182645320892,8.545183062553406,0.83915824,0.0,0.6680738829275179,2.41809655802187,,2.508687640374358,0.1407129520529209
2022-07-02,Milagros (Masbate),30.82866907864809,33.35978267714381,-0.029908139258623123,0.016479995101690292,8.545183062553406,1.1152202,5.559365997933471,-3.0315758239783657,1.926969169213117,,3.5921667772568684,0.1378589453927152
2022-07-03,Milagros (Masbate),30.879940174520016,33.37809378281236,-0.04028443247079849,0.0024414807558059692,8.545183062553406,1.1212032,0.0,-2.908296290154878,-0.18022388534845224,0.13500493873250954,2.9138750762822205,0.13500493873250954
2022-07-04,Milagros (Masbate),30.948057487607002,33.36130860261619,-0.05859553813934326,-0.0024414807558059692,8.545183062553406,1.1212916,22.90984146009836,-2.2638126419951288,-0.7054414702558603,,2.3711801589111094,0.14639228403883225
2022-07-05,Milagros (Masbate),30.88213750720024,33.28653825446963,-0.025635547935962677,-0.0634784996509552,8.69777561724186,0.88813794,0.0,-0.009701875918039369,-0.6651617473194678,,0.665232498073731,0.15777962934515496
2022-07-06,Milagros (Masbate),30.805963307619095,33.188879024237394,0.03784295171499252,-0.03723258152604103,8.69777561724186,0.7624558,14.042007730650369,0.8725887851097354,0.9983833010210074,,1.3259639526234819,0.16916697465147768
2022-07-07,Milagros (Masbate),30.966368593275547,33.23923456482589,0.020142216235399246,0.025635547935962677,8.69777561724186,0.6396142,5.277384632257612,-0.5216109824644638,2.162202501170442,,2.2242296808322783,0.18055431995780036
2022-07-08,Milagros (Masbate),30.898983724415302,33.19345680065453,-0.046388134360313416,0.06591998040676117,8.69777561724186,0.6214603,9.465886697324246,-1.3410743279350346,2.52241021688649,,2.856752291554127,0.1919416652641231
2022-07-09,Milagros (Masbate),30.94732504338026,33.17209384404123,0.029908139258623123,0.020142216235399246,8.69777561724186,0.5036747,0.0,0.8274582549511207,2.1555249685598836,,2.3088904378016384,0.20332901057044578
2022-07-10,Milagros (Masbate),30.7429731041193,33.175145694985986,0.02075258642435074,0.0048829615116119385,8.545183062553406,0.49890396,18.727949548686492,1.4906964463833268,1.6137868086735423,,2.1969259794332205,0.2147163558767685
2022-07-11,Milagros (Masbate),30.645558021962643,33.129367930814624,0.036011841148138046,0.012207403779029846,8.545183062553406,0.65841293,16.89267250200314,1.9585528566760462,1.687821150183705,,2.5854727860492646,0.2261037011830912
2022-07-12,Milagros (Masbate),30.53349405527115,33.0164494458586,0.04150517284870148,0.0158696249127388,8.69777561724186,0.7937053,8.09948616337341,1.7453886449259057,2.2134656256845857,,2.8188316015547192,0.2374910464894139
2022-07-13,Milagros (Masbate),30.786187313497066,33.05001980625093,0.040894802659749985,0.003662221133708954,8.69777561724186,0.7532743,0.0,0.33689382969668225,2.164659972245514,0.24887839179573662,2.1907191166212177,0.24887839179573662
2022-07-14,Milagros (Masbate),30.782525092363358,33.03933832794428,0.0012207403779029846,0.028077028691768646,8.69777561724186,1.0365599,0.0,-0.08613650825759323,1.3055631902935194,,1.3084015980975423,0.2510453446674672
2022-07-15,Milagros (Masbate),31.079897448420525,33.045442029833794,-0.039674062281847,0.029908139258623123,8.69777561724186,0.65459216,5.681419330001119,-0.7449093986010585,0.8951424678588558,,1.1645471436951933,0.25321229753919783
2022-07-16,Milagros (Masbate),31.267403170466423,33.01187166944146,-0.009765923023223877,0.015259254723787308,8.69777561724186,0.80926245,26.199853448306815,0.3812976442985291,0.5571446549352274,,0.675128180474272,0.2553792504109284
2022-07-17,Milagros (Masbate),31.130436100065708,33.00576796755195,0.04577776417136192,-0.06469924002885818,8.69777561724186,0.8203634,47.9908686438632,1.6014122163729445,0.22770813115973393,,1.6175203490975825,0.25754620328265904
2022-07-18,Milagros (Masbate),30.8814050629735,32.95693835243583,0.0238044373691082,0.0024414807558059692,8.69777561724186,0.5661865,4.130887592540068,0.8906896773719156,2.5706320597177394,,2.720565619099373,0.2597131561543896
2022-07-19,Milagros (Masbate),30.909237943589687,32.970671681687236,-0.0634784996509552,0.03662221133708954,8.69777561724186,0.5920157,11.434598876303156,-2.549747156559463,1.0266742566904938,,2.748685247847422,0.2618801090261202
2022-07-20,Milagros (Masbate),30.809625528752804,32.959990203380585,-0.08484145626425743,0.023194067180156708,8.545183062553406,2.84574,0.8224143304882862,-3.2608927770691367,-0.41099489728380445,,3.286691118607739,0.2640470618978508
2022-07-21,Milagros (Masbate),30.60747092217207,32.94320502318442,-0.06286812946200371,-0.001831110566854477,8.545183062553406,2.918392,28.314197629267014,-3.7751175415076634,-1.3495266651023266,,4.00908152474118,0.2662140147695814
2022-07-22,Milagros (Masbate),30.692434452474117,32.982879085466266,-0.07019257172942162,0.011597033590078354,8.545183062553406,0.6873173,7.7187988192266195,-2.8069639575876666,-0.5919252087385968,,2.8686969362301844,0.26838096764131203
2022-07-23,Milagros (Masbate),30.662404239177704,32.97830130904913,-0.05493331700563431,-0.0030518509447574615,8.69777561724186,0.76460373,8.490640328815452,-2.25594714546453,-0.6186612500751171,,2.3392390355570907,0.2705479205130426
2022-07-24,Milagros (Masbate),30.81621752679348,32.92031614109874,-0.03906369209289551,-0.035401470959186554,8.69777561724186,1.0794609,9.262481838404288,-1.4231794179609274,-0.5545741212909996,,1.5274135365752421,0.2727148733847732
2022-07-25,Milagros (Masbate),30.695364229381084,32.88369392976165,-0.030518509447574615,-0.015259254723787308,8.69777561724186,1.5691997,8.490640328815452,-0.03135983020821501,0.2970451058695082,,0.2986958886086573,0.2748818262565038
2022-07-26,Milagros (Masbate),31.00885035842657,32.934049470350146,0.040894802659749985,-0.021973326802253723,8.69777561724186,0.6741403,5.028429425995926,1.923474835582821,1.5038954723577371,,2.4416095172853627,0.2770487791282344
2022-07-27,Milagros (Masbate),30.86089662462473,32.92641984298825,0.08484145626425743,-0.051271095871925354,8.69777561724186,0.9699596,0.48556104393082744,4.004817787450372,1.510211695872029,,4.280105708627715,0.279215731999965
2022-07-28,Milagros (Masbate),30.663869127631187,32.91879021562636,0.10620441287755966,-0.04455702379345894,8.69777561724186,0.96997184,9.551788904604031,5.242136206275839,1.9379544490226845,,5.588887138924427,0.2813826848716956
2022-07-29,Milagros (Masbate),30.412640757858753,32.853175420314074,0.04943998530507088,-0.004272591322660446,8.69777561724186,0.9703628,28.31032561868973,3.577902905326026,2.85355182173289,,4.576477597372843,0.2835496377434262
2022-07-30,Milagros (Masbate),30.21927548199892,32.81350135803223,0.010986663401126862,0.017090365290641785,8.545183062553406,1.1194026,8.138625847156826,2.1542757619609376,3.580342908301384,,4.178487692885596,0.2857165906151568
2022-07-31,Milagros (Masbate),30.222205258905888,32.80739765614271,-0.030518509447574615,0.04028443247079849,8.545183062553406,1.8242152,7.436451764909539,-0.06796343530707288,3.078536650705122,,3.079286758045351,0.2878835434868874
2022-08-01,Milagros (Masbate),30.311563454568386,32.72347175516188,-0.03784295171499252,0.05066072568297386,8.69777561724186,1.8450835,3.894117129018292,-0.4910874183714065,1.304968692282639,,1.3943135014481334,0.290050496358618
2022-08-02,Milagros (Masbate),30.64043091237545,32.79976802878082,-0.08117923513054848,0.005493331700563431,8.69777561724186,2.544475,0.0,-2.2929332393326654,0.1528295454167157,0.2922174492303486,2.298020824533335,0.2922174492303486
2022-08-03,Milagros (Masbate),30.619190029799938,32.81807913444936,-0.09643848985433578,0.010986663401126862,8.69777561724186,1.0790182,9.42319261616674,-3.0317309241871144,-0.5551338580234463,,3.082136596096359,0.2781123793684055
2022-08-04,Milagros (Masbate),30.507126063108444,32.348094088956714,-0.0006103701889514923,0.02624591812491417,8.69777561724186,1.04296,34.15106975717912,1.374861258911677,0.7745374974053368,,1.5780214878584904,0.2640073095064624
2022-08-05,Milagros (Masbate),29.72853785008192,32.09021268412471,0.06164738908410072,0.02075258642435074,8.69777561724186,0.8924964,59.69695249483987,1.4211250544052894,3.471655511555282,,3.7512649081570606,0.2499022396445193
2022-08-06,Milagros (Masbate),29.726340517401695,32.261116337031126,0.014648884534835815,0.014038514345884323,8.69777561724186,1.1309859,26.812112854653876,1.035075948306052,3.071899818680783,,3.241596938975094,0.23579716978257617
2022-08-07,Milagros (Masbate),29.87575913965702,32.36640519462526,0.0030518509447574615,0.019531846046447754,8.69777561724186,1.2017719,6.559782694609605,0.16340101978505372,2.7882919797476227,,2.7930757343100656,0.22169209992063307
2022-08-08,Milagros (Masbate),30.167271941900253,32.406079256907105,-0.03418073058128357,0.01342814415693283,8.69777561724186,1.4040263,13.33070276813623,-0.7561398685249019,1.331251917384993,,1.5310059334679524,0.20758703005868998
2022-08-09,Milagros (Masbate),30.303506568074226,32.432019989937544,0.01892147585749626,-0.0317392498254776,8.69777561724186,0.7845462,0.2111373605399296,1.1645278687091578,0.7781522929443745,,1.4005877866149201,0.19348196019674685
2022-08-10,Milagros (Masbate),30.21488081663847,32.47474590316415,0.0079348124563694,-0.0012207403779029846,8.69777561724186,0.67736244,12.54658323562653,0.5655941445604271,1.1833988552378163,,1.3116133526840963,0.17937689033480375
2022-08-11,Milagros (Masbate),30.536423832178116,32.4640644248575,-0.003662221133708954,-0.07385479286313057,8.69777561724186,2.441927,0.0,0.49770555408911216,-0.3626224588307887,,0.6157969358641184,0.16527182047286065
2022-08-12,Milagros (Masbate),30.692434452474117,32.41523480974138,-0.009765923023223877,-0.03906369209289551,8.69777561724186,0.9233784,14.820949331983833,0.5897028678214976,-0.6377947067644004,0.15116675061091756,0.868637761263915,0.15116675061091756
2022-08-13,Milagros (Masbate),30.638966023921967,32.23364967852831,-0.004272591322660446,-0.03784295171499252,8.69777561724186,0.92584366,12.24932835019868,0.7368775375146702,-0.16435324881606686,,0.7549837718057788,0.15586118877316238
2022-08-14,Milagros (Masbate),30.47636340558529,32.28400521911681,0.03723258152604103,0.03784295171499252,8.69777561724186,0.8591847,52.53324317545243,2.243051826793401,3.0311856818149634,,3.7708577453042773,0.1605556269354072
2022-08-15,Milagros (Masbate),30.380413211882114,32.413708884269,0.022583696991205215,0.006714072078466415,8.69777561724186,1.0861335,0.0,2.950858413058892,2.432597482605195,,3.824277171740769,0.16525006509765203
2022-08-16,Milagros (Masbate),30.57084871083498,32.454908872023225,0.029908139258623123,0.030518509447574615,8.69777561724186,1.1872019,0.0,1.689042102447775,2.7057269905354304,,3.189642890850497,0.16994450325989685
2022-08-17,Milagros (Masbate),30.51371806114912,32.48084960505366,0.015259254723787308,0.010986663401126862,8.545183062553406,0.8443058,4.177912960671509,0.894210273114083,1.2580983680581597,,1.5435101283287282,0.1746389414221417
2022-08-18,Milagros (Masbate),30.594286926090717,32.5067903380841,-0.007324442267417908,0.022583696991205215,8.69777561724186,0.71147156,4.834925723607835,-0.32439729626137104,1.3374958013844445,,1.376273455583121,0.17933337958438653
2022-08-19,Milagros (Masbate),30.571581155061722,32.515945890918374,-0.051271095871925354,0.0079348124563694,8.69777561724186,0.87421024,4.774758004271718,-1.663495832135544,0.08718032785191591,,1.665778734735407,0.18402781774663135
2022-08-20,Milagros (Masbate),30.62431713938713,32.53273107111454,0.0024414807558059692,0.003662221133708954,8.69777561724186,0.90976346,6.266869308015154,0.864366657853686,0.05674594293622679,,0.8662273496310727,0.18872225590887617
2022-08-21,Milagros (Masbate),30.421430088579655,32.526627369225025,0.07202368229627609,-0.031128879636526108,8.545183062553406,0.8905607,30.794886517476357,4.411143152738903,0.6747468461237629,,4.462450808727114,0.193416694071121
2022-08-22,Milagros (Masbate),30.050080865621567,32.502212561666965,0.043336283415555954,0.017090365290641785,8.545183062553406,0.92681175,31.334330529760397,5.821893769930451,4.588583567250884,,7.41279611361326,0.19811113223336582
2022-08-23,Milagros (Masbate),29.821558266878128,32.52204959280789,-0.014038514345884323,0.03662221133708954,8.545183062553406,1.134803,0.0,1.5139069265563243,5.3965721934545465,,5.6049001437529675,0.20280557039561065
2022-08-24,Milagros (Masbate),29.906521797180176,32.5571458786726,-0.021973326802253723,0.03234962001442909,8.545183062553406,1.1273882,1.9466435933451625,-0.679336303692156,2.059088769935903,,2.1682583739006454,0.2075000085578555
2022-08-25,Milagros (Masbate),30.152623057365417,32.5785088352859,-0.06897183135151863,0.01892147585749626,8.69777561724186,1.8121268,0.0,-3.135946550243808,-0.3447135862675765,,3.154835688675956,0.2121944467201003
2022-08-26,Milagros (Masbate),30.021515540778637,32.58003476075828,-0.023194067180156708,-0.038453321903944016,8.545183062553406,1.5214452,31.498033686051745,-2.145806762069654,-2.6016817855159995,,3.372422686027001,0.21688888488234515
2022-08-27,Milagros (Masbate),30.228064812719822,32.56935328245163,-0.05493331700563431,-0.02624591812491417,8.69777561724186,1.2699963,9.93390583653479,-1.7351861767827919,-0.0858287975525653,,1.737307586637266,0.22158332304458997
2022-08-28,Milagros (Masbate),30.507858507335186,32.612079195678234,-0.020142216235399246,0.05737479776144028,8.69777561724186,3.5732815,10.060991263051061,-0.2847324037966393,1.4423110405659068,,1.4701475026371067,0.2262777612068348
2022-08-29,Milagros (Masbate),30.77520065009594,32.622760673984885,-0.007324442267417908,-0.051881466060876846,8.69777561724186,2.898789,0.12708542651627175,0.06072006061247874,-0.3883235915751354,,0.39304215745209276,0.23097219936907962
2022-08-30,Milagros (Masbate),30.92315438389778,32.63954585418105,0.019531846046447754,-0.03479110077023506,8.69777561724186,0.6659489,0.0,1.521998265695825,-0.1034830603675481,,1.525512197448494,0.23566663753132444
2022-08-31,Milagros (Masbate),30.854304626584053,32.633442152291536,0.04943998530507088,-0.001831110566854477,8.69777561724186,1.3956306,10.188076689567332,3.0048672483924603,2.2396895736444455,,3.747724184989247,0.2403610756935693
2022-09-01,Milagros (Masbate),30.801568642258644,32.66396066173911,0.04577776417136192,0.010986663401126862,8.545183062553406,1.3956306,0.0,4.337128500661828,3.5075874941946408,,5.577979352837707,0.2450555138558141
2022-09-02,Milagros (Masbate),30.75102999061346,32.69295324571431,0.02136295661330223,0.02624591812491417,8.545183062553406,1.3957304,11.113865343600693,3.8646754702014805,3.9499357114233256,,5.526093431562149,0.24974995201805894
2022-09-03,Milagros (Masbate),30.70561844855547,32.718893978744745,0.016479995101690292,0.02136295661330223,8.545183062553406,1.421314,17.974353801889787,2.790251426893396,3.351627622689547,,4.361067615441913,0.25444439018030374
2022-09-04,Milagros (Masbate),30.831598855555058,32.73873100988567,0.011597033590078354,0.03662221133708954,8.545183062553406,1.0706476,17.47161248731323,1.2189013331346727,3.083285847107478,,3.3154746379501625,0.2591388283425486
2022-09-05,Milagros (Masbate),30.77593309432268,32.72804953157902,-0.012817773967981339,0.02929776906967163,8.545183062553406,1.070917,13.877294399191834,-0.24231182300032938,2.3003539583739685,,2.313080922357134,0.26383326650479344
2022-09-06,Milagros (Masbate),30.71880244463682,32.683797692880034,-0.01892147585749626,0.0317392498254776,8.545183062553406,1.0605953,13.89872075674742,-0.7784081506072505,2.1054007046515593,,2.2446895945941128,0.26852770466703824
2022-09-07,Milagros (Masbate),31.023499242961407,32.708212500438094,-0.051881466060876846,0.02075258642435074,8.69777561724186,1.1877272,0.0,-1.6114427615096087,-0.4227897482052594,,1.6659828765053921,0.27322214282928303
2022-09-08,Milagros (Masbate),31.167058311402798,32.70973842591047,-0.017700735479593277,-0.03723258152604103,8.69777561724186,0.7220054,4.9660754416583766,0.3342463870957886,-0.5384649512895996,,0.6337705823512942,0.2779165809915279
2022-09-09,Milagros (Masbate),30.8411206305027,32.66701251268387,0.03723258152604103,-0.024414807558059692,8.69777561724186,0.68543226,5.0228880975115855,2.277233921992741,0.976398221116147,,2.477730377113946,0.28261101915377274
2022-09-10,Milagros (Masbate),30.81182286143303,32.657856959849596,0.05737479776144028,-0.012817773967981339,8.545183062553406,0.93215686,2.3766866083319242,3.7276358661289186,2.0488181373267658,,4.253577895171288,0.28730545731601753
2022-09-11,Milagros (Masbate),30.84478285163641,32.68837546929717,0.06653035059571266,-0.003662221133708954,8.545183062553406,1.1163924,0.0,4.694224648204562,2.2117554070133547,0.2919998954782624,5.189181730125093,0.2919998954782624
2022-09-12,Milagros (Masbate),30.8411206305027,32.718893978744745,0.07080294191837311,-0.009155552834272385,8.545183062553406,0.98209095,0.0,5.363131261732095,2.025985246622083,,5.733043968966088,0.2797804642196504
2022-09-13,Milagros (Masbate),30.810357972979546,32.741782860830426,0.05798516795039177,-0.0024414807558059692,8.545183062553406,0.57157,7.214753641318114,4.685930351851875,2.6442041832792347,,5.3804980276251415,0.26756103296103845
2022-09-14,Milagros (Masbate),30.808893084526062,32.741782860830426,0.05371257662773132,0.004272591322660446,8.545183062553406,1.0166112,22.445223109959105,5.030914283017029,2.4308333873418637,,5.587400959308421,0.2553416017024265
2022-09-15,Milagros (Masbate),30.59501937031746,32.694479171186686,0.028077028691768646,0.020142216235399246,8.545183062553406,0.676397,7.481740985390623,4.640327571144342,3.541207849030238,,5.837190505504828,0.24312217044381448
2022-09-16,Milagros (Masbate),30.38627276569605,32.68532361835241,0.01037629321217537,0.027466658502817154,8.545183062553406,0.74756277,0.0,5.201241308418143,3.9730646594669903,,6.545086243641166,0.23090273918520252
2022-09-17,Milagros (Masbate),30.34525588899851,32.70210879854858,0.016479995101690292,0.0238044373691082,8.545183062553406,4.0451345,0.0,4.31198357130823,3.521703859248228,,5.567369252301839,0.21868330792659055
2022-09-18,Milagros (Masbate),30.433149196207523,32.72652360610664,0.03784295171499252,0.012817773967981339,8.545183062553406,4.059792,14.397211835060352,4.030027418432259,2.6896889053662845,,4.845157107975577,0.20646387666797855
2022-09-19,Milagros (Masbate),30.442670971155167,32.741782860830426,0.031128879636526108,0.01892147585749626,8.545183062553406,4.0079827,0.0,3.562546859677823,2.675803634100432,,4.455520756955958,0.19424444540936658
2022-09-20,Milagros (Masbate),30.302041679620743,32.7509384136647,0.04516739398241043,-0.0048829615116119385,8.545183062553406,2.8663826,18.884469595206923,4.522453874484862,1.7064079604191784,,4.833675327763035,0.18202501415075462
2022-09-21,Milagros (Masbate),30.402386538684368,32.77535322122276,0.043946653604507446,0.01342814415693283,8.545183062553406,2.8788905,13.462435263891006,3.337354574050158,1.6797118359634038,0.16980558289214265,3.736223682384268,0.16980558289214265
2022-09-22,Milagros (Masbate),30.263222135603428,32.76924951933324,0.04821924492716789,-0.012817773967981339,8.545183062553406,2.0370176,0.0,3.989305164311627,0.13515685247323986,,3.9915940510996215,0.17944194859012613
2022-09-23,Milagros (Masbate),30.123325288295746,32.7509384136647,0.07995849475264549,-0.025025177747011185,8.545183062553406,1.5820217,4.668473482615565,4.437978325004586,-1.155879928677052,,4.586034236977411,0.18907831428810962
2022-09-24,Milagros (Masbate),29.959257781505585,32.73720508441329,0.06286812946200371,-0.019531846046447754,8.545183062553406,1.4330213,22.256394655177367,4.046739912498951,-0.908871262080303,,4.147547575429058,0.1987146799860931
2022-09-25,Milagros (Masbate),29.739524513483047,32.68990139476955,0.01831110566854477,0.025635547935962677,8.545183062553406,1.5570787,8.793960702830347,3.5887770623058093,4.210094767521414,,5.532107984705605,0.2083510456840766
2022-09-26,Milagros (Masbate),29.60621966421604,32.68532361835241,-0.02075258642435074,0.03906369209289551,8.545183062553406,1.7920622,18.237321985178983,1.2594570730986874,4.348184689392227,,4.526913099678774,0.2179874113820601
2022-09-27,Milagros (Masbate),29.677266754209995,32.670064363628626,-0.0079348124563694,0.03418073058128357,8.545183062553406,1.8116637,14.259865207556055,1.6063746506548433,3.1108143210218486,,3.501086296871457,0.22762377708004358
2022-09-28,Milagros (Masbate),29.828150264918804,32.63801992870867,0.004272591322660446,0.036011841148138046,8.69777561724186,1.8114779,6.019064956456122,0.9720668591703947,1.1533734187024105,,1.5083713805514483,0.2372601427780271
2022-09-29,Milagros (Masbate),30.056672863662243,32.624286599457264,-0.04943998530507088,-0.022583696991205215,8.69777561724186,0.9126347,17.83605048429168,-1.868824188246508,-0.06145751959581138,,1.8698344507710003,0.24689650847601058
2022-09-30,Milagros (Masbate),29.95339822769165,32.63801992870867,-0.04455702379345894,0.017090365290641785,8.545183062553406,1.8348542,9.203747882804329,-2.373602739837832,-0.08238605037360242,,2.3750320898593817,0.25653287417399406
2022-10-01,Milagros (Masbate),29.968047112226486,32.64412363059819,-0.05737479776144028,-0.01342814415693283,8.545183062553406,1.021831,0.0,-3.7365014407623542,-2.1304314572569565,0.26616923987197755,4.301183698807707,0.26616923987197755
2022-10-02,Milagros (Masbate),29.897732466459274,32.633442152291536,-0.06653035059571266,-0.012207403779029846,8.545183062553406,0.9483084,13.870390487732802,-4.247701760080835,-1.7727194481862951,,4.602771391734739,0.2488158154520314
2022-10-03,Milagros (Masbate),29.89187291264534,32.62733845040202,-0.06775109097361565,0.012817773967981339,8.545183062553406,1.933947,6.887481224222551,-2.8456355166147285,-0.5145013382071869,,2.8917733521899947,0.23146239103208527
2022-10-04,Milagros (Masbate),30.054475530982018,32.63801992870867,-0.07324442267417908,-0.001831110566854477,8.69777561724186,0.82908255,0.0,-2.5949919373633836,-1.529049681355306,,3.01197212520862,0.2141089666121391
2022-10-05,Milagros (Masbate),29.962187558412552,32.633442152291536,-0.04943998530507088,-0.012207403779029846,8.545183062553406,1.2389306,7.213016615436238,-4.085526253537165,-1.931899531298999,,4.519265489808573,0.19675554219219296
2022-10-06,Milagros (Masbate),30.01931820809841,32.65633103437722,-0.05493331700563431,-0.007324442267417908,8.545183062553406,0.61264116,9.888901473542498,-3.7155981771817013,-2.1109831369843004,0.17940211777224682,4.273396730811224,0.17940211777224682
2022-10-07,Milagros (Masbate),29.962187558412552,32.645649556070566,-0.035401470959186554,-0.022583696991205215,8.545183062553406,0.5646573,11.29322286068063,-3.131054533198298,-2.579046647441746,,4.056474343508427,0.18680465927759096
2022-10-08,Milagros (Masbate),29.958525337278843,32.624286599457264,-0.03479110077023506,-0.02685628831386566,8.545183062553406,0.7972922,0.0,-2.7715658937218426,-2.5454092181107666,,3.7630686402038194,0.1942072007829351
2022-10-09,Milagros (Masbate),30.158482611179352,32.64107177965343,-0.010986663401126862,-0.05798516795039177,8.69777561724186,0.6258718,0.0,0.0110171185758391,-2.3058318526884793,,2.3058581720857205,0.20160974228827924
2022-10-10,Milagros (Masbate),30.222205258905888,32.659382885321975,0.07385479286313057,-0.06591998040676117,8.69777561724186,1.7806451,0.0,2.7953562259820797,-2.8660462275863896,,4.003528120145899,0.20901228379362338
2022-10-11,Milagros (Masbate),30.196569710969925,32.67769399099052,0.09949034079909325,-0.043336283415555954,8.545183062553406,0.6544113,0.0,4.156616648634321,0.9565076549581973,,4.265251324095409,0.2164148252989675
2022-10-12,Milagros (Masbate),30.281533241271973,32.7005828730762,0.07568590342998505,-0.028077028691768646,8.69777561724186,1.427372,0.0,2.9811382120559293,2.0883942764991525,,3.6398592958374696,0.22381736680431163
2022-10-13,Milagros (Masbate),30.320352785289288,32.71126435138285,0.08056886494159698,-0.04577776417136192,8.69777561724186,0.71784866,18.15548792717181,4.4642143930340845,-0.422101463837957,,4.484125309661498,0.23121990830965578
2022-10-14,Milagros (Masbate),30.11307106912136,32.69753102213144,0.09826960042119026,-0.04028443247079849,8.545183062553406,0.79012024,11.649169736169656,5.05322727253551,-0.61732892100926,,5.0907957005375035,0.23862244981499992
2022-10-15,Milagros (Masbate),30.028839983046055,32.708212500438094,0.06836146116256714,0.0030518509447574615,8.545183062553406,2.5943408,0.0,5.307446666071623,4.074922097867355,,6.69133620563804,0.24602499132034406
2022-10-16,Milagros (Masbate),29.963652446866035,32.731101382523775,0.03418073058128357,0.015259254723787308,8.545183062553406,3.0999477,10.105238413472204,4.167079944025142,3.7984863164580975,0.2534275328256882,5.638532925878502,0.2534275328256882
2022-10-17,Milagros (Masbate),29.891140468418598,32.74788656271994,0.016479995101690292,0.021973326802253723,8.545183062553406,3.1000812,8.370810205022414,2.568782841024862,3.399739461840552,,4.261088322569675,0.26137365260236867
2022-10-18,Milagros (Masbate),30.012726210057735,32.77382729575038,0.014648884534835815,0.023194067180156708,8.545183062553406,1.4970543,16.036670456551636,1.0838990933767272,2.2002273485911648,,2.4527204549461805,0.2693197723790492
2022-10-19,Milagros (Masbate),29.866237364709377,32.60902734473348,0.0012207403779029846,0.04577776417136192,8.69777561724186,0.8540582,4.308343744181232,0.15143455535744288,1.8058807446558809,,1.8122189957273886,0.27726589215572967
2022-10-20,Milagros (Masbate),29.979033775627613,32.66853843815625,-0.004272591322660446,0.020142216235399246,8.69777561724186,0.8209343,20.788024743720435,-0.7944133621205257,1.1929479422170537,,1.4332541235787675,0.2852120119324102
2022-10-21,Milagros (Masbate),30.27567368745804,32.72804953157902,-0.0714133121073246,0.016479995101690292,8.69777561724186,0.923075,21.779355975725583,-2.4364066973164666,0.25282463911671166,0.29315813170909066,2.4494893126676485,0.29315813170909066
2022-10-22,Milagros (Masbate),30.26834924519062,32.73720508441329,-0.08056886494159698,-0.015259254723787308,8.69777561724186,2.3770866,0.0,-3.173110544025848,-2.248921104647286,,3.8892514266290346,0.29294547759915135
2022-10-23,Milagros (Masbate),30.25663013756275,32.72347175516188,-0.06286812946200371,-0.03662221133708954,8.69777561724186,0.63598716,0.0,-2.512859096067833,-2.191026853262365,,3.3339255403214434,0.2927328234892121
2022-10-24,Milagros (Masbate),30.346720777451992,32.74941248819232,-0.03906369209289551,-0.040894802659749985,8.69777561724186,1.2397089,0.0,-2.353169008441792,-2.8076947041039872,,3.663407421205633,0.2925201693792728
2022-10-25,Milagros (Masbate),30.295449681580067,32.755516190081835,-0.02136295661330223,-0.048829615116119385,8.69777561724186,1.0483004,7.082338329261021,-1.8628286544667165,-3.4933399095545554,,3.95898400092611,0.2923075152693335
2022-10-26,Milagros (Masbate),30.11673329025507,32.7509384136647,-0.0006103701889514923,-0.04577776417136192,8.545183062553406,1.0322567,62.692017305695266,-3.2033860364852753,-4.52789004203567,,5.546482699108925,0.2920948611593942
2022-10-27,Milagros (Masbate),29.91677601635456,32.67769399099052,0.014648884534835815,-0.06775109097361565,8.69777561724186,1.0193326,40.24702086845228,0.23562480856963455,-4.3856766607882625,,4.3920016875447985,0.2918822070494549
2022-10-28,Milagros (Masbate),29.682393863797188,32.53273107111454,0.07812738418579102,-0.03234962001442909,8.545183062553406,1.4308627,71.64801644408436,4.678668983900249,-1.631192433686428,,4.954869545873639,0.29166955293951563
2022-10-29,Milagros (Masbate),29.14404735714197,32.24280523136258,-0.01831110566854477,0.02929776906967163,8.545183062553406,1.614332,31.2521552613976,1.8260137863512798,9.666598701258788,,9.83755339498206,0.2914568988295763
2022-10-30,Milagros (Masbate),28.97997985035181,32.23517560400069,-0.0317392498254776,0.039674062281847,8.545183062553406,1.9121168,1.0288309731783296,-0.3882014033005544,7.081796933489678,,7.092428930677299,0.29124424471963706
2022-10-31,Milagros (Masbate),29.081057153642178,32.23212375305593,-0.01892147585749626,0.038453321903944016,8.545183062553406,2.576679,0.0,-0.08111000325149899,4.834608236801919,,4.835288578356044,0.29103159060969774
2022-11-01,Milagros (Masbate),29.415051721036434,32.273323740810156,0.006103701889514923,0.04577776417136192,8.69777561724186,3.8049893,0.0,0.08173850859410121,3.0244687944111877,,3.0255731146601383,0.29081893649975843
2022-11-02,Milagros (Masbate),29.39747305959463,32.29621262289584,-0.009155552834272385,0.011597033590078354,8.545183062553406,3.3129609,11.315826746803268,-1.3408077487451073,0.7576066743631492,,1.5400432760589924,0.29060628238981917
2022-11-03,Milagros (Masbate),29.55275123566389,32.323679281398654,-0.03357036039233208,-0.02075258642435074,8.69777561724186,1.4614054,6.054436066571403,-3.37796278464463,-1.5839256909968569,,3.730878337475503,0.29039362827987986
2022-11-04,Milagros (Masbate),29.584246337413788,32.3419903870672,-0.035401470959186554,-0.02868739888072014,8.545183062553406,0.97257465,1.1144802778294314,-3.9641371370416505,-2.841655909634525,,4.877436985757335,0.2901809741699406
2022-11-05,Milagros (Masbate),29.554216124117374,32.36030149273574,-0.03662221133708954,-0.02868739888072014,8.545183062553406,3.4112167,0.0,-3.6105120207073216,-2.9401761992948496,0.2899683200600013,4.656225202304112,0.2899683200600013
2022-11-06,Milagros (Masbate),29.59376811236143,32.36640519462526,-0.059816278517246246,-0.022583696991205215,8.545183062553406,1.7709013,3.807621932658414,-3.5040974643415863,-2.479596557897076,,4.29267959782001,0.2922459378060133
2022-11-07,Milagros (Masbate),29.498550362885,32.34351631253958,-0.06775109097361565,-0.014648884534835815,8.545183062553406,0.95551807,8.212545238208577,-3.26663866434861,-2.0711671778564957,,3.8679014519565142,0.2945235555520254
2022-11-08,Milagros (Masbate),29.50367747247219,32.36487926915288,-0.06469924002885818,-0.007324442267417908,8.545183062553406,0.88085395,6.340313085436096,-4.095414725557933,-2.1839604111614297,,4.641347309977692,0.29680117329803746
2022-11-09,Milagros (Masbate),29.55714590102434,32.36640519462526,-0.07507553324103355,-0.011597033590078354,8.545183062553406,1.0315597,3.807621932658414,-4.482386314297596,-2.044595863280071,,4.926678324667074,0.2990787910440495
2022-11-10,Milagros (Masbate),29.49562058597803,32.3847163002938,-0.05859553813934326,-0.006103701889514923,8.545183062553406,1.4591053,0.07330780822413446,-4.347823562434256,-2.3511186136044997,,4.9428057280552755,0.3013564087900616
2022-11-11,Milagros (Masbate),29.5652027875185,32.39082000218332,-0.06103701889514923,-0.004272591322660446,8.545183062553406,0.8118628,0.0,-4.0074541554266485,-1.9024871565193497,,4.43611836953968,0.30363402653607363
2022-11-12,Milagros (Masbate),29.702169857919216,32.41218295879662,-0.05859553813934326,-0.015259254723787308,8.545183062553406,2.8870087,0.0,-4.123354617536358,-2.5172131817123873,,4.8309849414115345,0.30591164428208567
2022-11-13,Milagros (Masbate),29.760032951831818,32.43659776635468,-0.04943998530507088,-0.01892147585749626,8.545183062553406,1.310441,0.0,-4.656567648453239,-2.841166514856594,,5.454892247310087,0.30818926202809777
2022-11-14,Milagros (Masbate),29.763695172965527,32.44727924466133,-0.039674062281847,-0.014038514345884323,8.545183062553406,0.7837981,0.0,-5.0513422677164606,-2.3088317277734296,,5.553986194868702,0.3104668797741098
2022-11-15,Milagros (Masbate),29.69997252523899,32.4350718408823,-0.02868739888072014,-0.020142216235399246,8.545183062553406,0.8595513,16.025025334851495,-5.202347555805403,-3.007542247725997,,6.009137247829441,0.3127444975201219
2022-11-16,Milagros (Masbate),29.640644542872906,32.430494064465165,-0.03479110077023506,-0.023194067180156708,8.545183062553406,0.693488,6.6792890324312095,-4.812512093832405,-2.43524281457164,,5.393577682689474,0.31502211526613394
2022-11-17,Milagros (Masbate),29.530777908861637,32.39997555501759,-0.04699850454926491,-0.0158696249127388,8.545183062553406,0.69655675,7.264937926983011,-5.669276427283583,-2.3755224825501555,,6.146853038267188,0.317299733012146
2022-11-18,Milagros (Masbate),29.227545998990536,32.37708667293191,-0.039674062281847,-0.007324442267417908,8.545183062553406,0.69092023,29.102495684826835,-5.77690960885158,-1.8252258506203827,,6.058393684353519,0.3195773507581581
2022-11-19,Milagros (Masbate),29.010010063648224,32.31452372856438,-0.03784295171499252,0.004272591322660446,8.545183062553406,1.5401547,4.454808981858693,-4.273329483966606,0.44425843875127,,4.296360138412516,0.3218549685041701
2022-11-20,Milagros (Masbate),28.966795854270458,32.29468669742346,-0.031128879636526108,-0.006714072078466415,8.545183062553406,1.538117,11.639828641322758,-4.483392603792257,0.02439123394397765,,4.483458951750582,0.32413258625018215
2022-11-21,Milagros (Masbate),29.04882960766554,32.251960784196854,-0.051881466060876846,-0.0006103701889514923,8.545183062553406,1.6980188,0.3065215211369203,-4.285854890719039,-0.4533317580077454,,4.309763546543905,0.32641020399619425
2022-11-22,Milagros (Masbate),29.09424114972353,32.28858299553394,-0.04211554303765297,-0.009765923023223877,8.545183062553406,1.4648781,0.0,-4.0268618270189664,-0.8756837319828876,,4.120975390894976,0.3286878217422063
2022-11-23,Milagros (Masbate),29.231940664350986,32.309945952147245,-0.0555436871945858,-0.004272591322660446,8.545183062553406,0.7708569,20.062424505941763,-4.707681520598348,-0.5906434610115766,,4.744589023026011,0.3309654394882183
2022-11-24,Milagros (Masbate),29.31983397156,32.335886685177684,-0.05859553813934326,-0.007324442267417908,8.545183062553406,0.6258301,12.545938088492495,-5.115687720949296,-1.0400534407415154,,5.220342136093158,0.3332430572342304
2022-11-25,Milagros (Masbate),29.305917531251907,32.358775567263365,-0.04272591322660446,-0.006103701889514923,8.545183062553406,0.5978853,0.0,-3.7667629740423263,-0.776412186095124,0.33552067498024246,3.8459484116838074,0.33552067498024246
2022-11-26,Milagros (Masbate),29.42530594021082,32.395397778600454,-0.048829615116119385,-0.025025177747011185,8.545183062553406,2.2495182,0.0,-4.452156718267515,-2.4324298958125796,,5.073304114879904,0.33528600217247373
2022-11-27,Milagros (Masbate),29.369640178978443,32.43659776635468,-0.02136295661330223,-0.03357036039233208,8.545183062553406,1.3395971,4.749792113023646,-4.572452495864598,-3.5148705867760297,,5.767290270891666,0.33505132936470494
2022-11-28,Milagros (Masbate),29.378429509699345,32.47169405221939,-0.036011841148138046,-0.04150517284870148,8.545183062553406,1.362923,7.533299059219824,-4.992175427415992,-3.037715623539974,,5.843760065881803,0.3348166565569362
2022-11-29,Milagros (Masbate),29.472182370722294,32.50831626355648,-0.05371257662773132,-0.031128879636526108,8.545183062553406,1.1630383,0.0,-4.907444385007965,-3.128784371078982,,5.8199915835552805,0.3345819837491674
2022-11-30,Milagros (Masbate),29.44581437855959,32.552568102255464,-0.03479110077023506,-0.02929776906967163,8.545183062553406,1.1243917,0.0,-5.301956755756019,-3.4115776286802717,,6.304728967720865,0.3343473109413987
2022-12-01,Milagros (Masbate),29.39307839423418,32.59224216453731,-0.04699850454926491,-0.02136295661330223,8.545183062553406,0.9613162,0.0,-6.15794829345041,-3.5763829486059575,,7.1211545538548915,0.3341126381336299
2022-12-02,Milagros (Masbate),29.338145077228546,32.6288643758744,-0.043946653604507446,-0.019531846046447754,8.545183062553406,1.023176,1.009527746127053,-5.285621663755395,-2.4906944462185376,,5.843060430697617,0.33387796532586117
2022-12-03,Milagros (Masbate),29.289803758263588,32.66548658721149,-0.04516739398241043,-0.014648884534835815,8.545183062553406,1.4739698,21.542479770420535,-5.100653724951399,-2.5296946312429465,,5.693507122082132,0.33364329251809244
2022-12-04,Milagros (Masbate),29.269295319914818,32.67464214004576,-0.046388134360313416,-0.03662221133708954,8.545183062553406,1.6031044,9.913144840913661,-4.344291825754495,-2.8809502855137,,5.212748412777927,0.33340861971032365
2022-12-05,Milagros (Masbate),29.06201360374689,32.70210879854858,-0.03784295171499252,-0.01342814415693283,8.545183062553406,0.9745104,0.0,-4.7096244084467305,-2.2173895944823796,,5.205514257242597,0.3331739469025549
2022-12-06,Milagros (Masbate),29.062746047973633,32.74788656271994,-0.03479110077023506,-0.027466658502817154,8.545183062553406,2.521626,0.0,-4.500928698663428,-2.7521171205749377,,5.2756523573690615,0.33293927409478613
2022-12-07,Milagros (Masbate),29.084719374775887,32.78908655047417,-0.0158696249127388,-0.02929776906967163,8.545183062553406,1.0790521,0.0,-3.0996704408320768,-2.963581569259539,,4.288446403934991,0.3327046012870174
2022-12-08,Milagros (Masbate),28.960936300456524,32.81197543255985,0.017090365290641785,-0.0476088747382164,8.545183062553406,0.8288679,25.987185921195067,-1.119144104996024,-3.1753517471099695,,3.366800000834871,0.3324699284792486
2022-12-09,Milagros (Masbate),28.766106136143208,32.65175325796008,-0.007324442267417908,-0.06836146116256714,8.69777561724186,0.80091435,59.92398702687231,-0.8861441586932655,-2.2132848091552475,,2.3840891586565247,0.3322352556714799
2022-12-10,Milagros (Masbate),28.449690230190754,32.53120514564216,0.09826960042119026,-0.062257759273052216,8.69777561724186,0.63308173,1.2585568650499077,3.5046348542431263,-0.17843880369274595,,3.509174528039185,0.33200058286371115
2022-12-11,Milagros (Masbate),28.728751480579376,32.648701407015324,0.05493331700563431,-0.06836146116256714,8.69777561724186,0.7326411,0.0,1.7744389911167109,0.18855539661470266,,1.7844290041320834,0.33176591005594236
2022-12-12,Milagros (Masbate),28.933103419840336,32.67769399099052,-0.040894802659749985,-0.0317392498254776,8.69777561724186,0.7029365,0.0,-1.502586557017958,-1.1185917078747143,,1.8732361757816742,0.3315312372481736
2022-12-13,Milagros (Masbate),29.02905361354351,32.741782860830426,-0.06591998040676117,-0.01037629321217537,8.69777561724186,0.8672784,0.0,-2.4357285791382863,-1.6392639555264572,,2.9359768437641436,0.33129656444040484
2022-12-14,Milagros (Masbate),29.026856280863285,32.79824210330844,-0.062257759273052216,-0.025635547935962677,8.69777561724186,0.9568614,0.0,-3.9759288172747915,-2.4640057187638327,,4.677535049803154,0.3310618916326361
2022-12-15,Milagros (Masbate),29.111819811165333,32.85775319673121,-0.06042664870619774,-0.01831110566854477,8.69777561724186,0.8027423,0.0,-5.2464288672957755,-2.5483776582590534,,5.832601867838086,0.3308272188248673
2022-12-16,Milagros (Masbate),29.142582468688488,32.91879021562636,-0.043946653604507446,-0.016479995101690292,8.545183062553406,1.4702978,0.0,-4.636951014742281,-2.698166939632481,,5.364831735222007,0.3305925460170986
2022-12-17,Milagros (Masbate),29.120609141886234,32.96456797979772,-0.020142216235399246,-0.031128879636526108,8.545183062553406,0.9011205,0.0,-3.894305911932792,-4.770477155527984,,6.15817106185993,0.33035787320932986
2022-12-18,Milagros (Masbate),28.899410985410213,32.99813834019005,-0.02075258642435074,-0.02136295661330223,8.545183062553406,0.89723015,38.51251212578516,-5.9594093928457035,-4.983567892060719,,7.768559019941608,0.33012320040156107
2022-12-19,Milagros (Masbate),28.569811083376408,33.008819818496704,-0.02929776906967163,-0.017090365290641785,8.545183062553406,0.90843254,0.0,-5.751301902873267,-3.531478715095165,,6.748986256702843,0.32988852759379234
2022-12-20,Milagros (Masbate),28.33323159813881,32.984405010938644,-0.046388134360313416,-0.007324442267417908,8.545183062553406,1.0254391,0.0,-5.162799415271808,-2.44709597511359,,5.71338573122348,0.32965385478602355
2022-12-21,Milagros (Masbate),28.330301821231842,33.01034574396908,-0.029908139258623123,-0.017090365290641785,8.545183062553406,1.0650231,15.37507710834062,-1.8137730486127575,-2.736796594810574,,3.2832648801521893,0.3294191819782548
2022-12-22,Milagros (Masbate),28.352275148034096,32.99966426566243,-0.011597033590078354,-0.04455702379345894,8.69777561724186,0.9999282,17.726334711117385,-1.6749551453052258,-4.542187375365353,,4.841171437959293,0.32918450917048603
2022-12-23,Milagros (Masbate),27.947233490645885,32.97982723452151,0.02868739888072014,-0.03784295171499252,8.545183062553406,1.0027462,15.090650247028343,-3.1512075562561113,-7.298522765695686,,7.9497511674255446,0.3289498363627173
2022-12-24,Milagros (Masbate),27.420606091618538,32.92641984298825,0.0476088747382164,-0.04211554303765297,8.545183062553406,0.97558403,46.9189753116507,-4.404528127119023,-7.653778152618421,,8.830639163281537,0.32871516355494856
2022-12-25,Milagros (Masbate),26.90130313485861,32.96456797979772,0.02075258642435074,-0.032959990203380585,8.545183062553406,1.0037205,29.123383899247667,-5.294960838087212,-7.200302213125481,,8.937615019523772,0.3284804907471798
2022-12-26,Milagros (Masbate),26.56730856746435,33.02407907322049,0.009155552834272385,-0.031128879636526108,8.545183062553406,0.7600646,21.032594951606423,-4.281589928879463,-6.197904793012417,,7.532996491591399,0.32824581793941104
2022-12-27,Milagros (Masbate),26.39884639531374,33.07138276286423,0.0048829615116119385,-0.029908139258623123,8.545183062553406,0.78215706,13.302973828499505,-4.07302840979927,-5.527307058556353,,6.865907350569104,0.32801114513164226
2022-12-28,Milagros (Masbate),26.27213354408741,33.021027222275734,-0.009765923023223877,-0.02685628831386566,8.545183062553406,0.7779645,40.68124347090963,-4.100665749600414,-4.185757474052291,,5.859694976833738,0.3277764723238735
2022-12-29,Milagros (Masbate),26.53727835416794,33.00576796755195,-0.04150517284870148,-0.019531846046447754,8.69777561724186,0.78391045,0.0,-4.047991417859075,-1.0454657448100189,,4.1808172816605955,0.32754179951610474
2022-12-30,Milagros (Masbate),26.96282844990492,33.05154573172331,-0.07263405248522758,0.007324442267417908,8.69777561724186,1.8078787,0.0,-2.7443305753141076,-1.6510236984088298,0.327307126708336,3.202690987171793,0.327307126708336
2022-12-31,Milagros (Masbate),27.039735093712807,33.07138276286423,-0.05615405738353729,-0.017090365290641785,8.69777561724186,1.4528048,0.0,-3.2587908198442985,-2.513298599726788,,4.115384241949967,0.3239616399812605
2023-01-01,Milagros (Masbate),27.166447944939137,33.08969386853278,-0.059816278517246246,-0.009765923023223877,8.69777561724186,0.9055219,30.462820877168046,-4.8983091845476805,-2.8880466886993297,,5.686321002505163,0.32061615325418497
2023-01-02,Milagros (Masbate),27.224311038851738,33.103427197784185,-0.04516739398241043,-0.01892147585749626,8.545183062553406,1.326789,19.26106855110029,-4.944849361593114,-3.952799321724933,,6.33057325103161,0.3172706665271095
2023-01-03,Milagros (Masbate),27.06903286278248,33.080538315698504,-0.05737479776144028,-0.004272591322660446,8.545183062553406,1.3268836,40.61709409021219,-6.801328562857491,-3.3181669502425573,,7.5675823173337955,0.313925179800034
2023-01-04,Milagros (Masbate),26.92254401743412,33.06985683739185,-0.0714133121073246,0.007324442267417908,8.545183062553406,1.5395979,40.61709409021219,-6.716505551936123,-2.1530418031462726,,7.053157862637424,0.31057969307295846
2023-01-05,Milagros (Masbate),27.014831990003586,33.05307165719569,-0.07629627361893654,0.004272591322660446,8.69777561724186,1.4818999,13.16492038131002,-5.9282135912176,-1.7016196498798215,,6.167594816130045,0.30723420634588294
2023-01-06,Milagros (Masbate),27.107852406799793,33.07138276286423,-0.06897183135151863,-0.0012207403779029846,8.545183062553406,1.2835971,0.0,-6.0442639769054445,-2.5081519331324236,,6.544001309763984,0.3038887196188075
2023-01-07,Milagros (Masbate),27.052186645567417,33.11410867609084,-0.043336283415555954,-0.011597033590078354,8.545183062553406,1.4343662,3.3502007807485956,-5.506891566300833,-4.5787042213207085,,7.161730731417883,0.30054323289173196
2023-01-08,Milagros (Masbate),26.88225958496332,33.15683458931744,-0.01342814415693283,-0.023194067180156708,8.545183062553406,1.4330872,8.27699836417579,-4.849400183945236,-5.3753044114717,,7.239515153657406,0.29719774616465644
2023-01-09,Milagros (Masbate),26.73796807229519,33.13547163270414,0.007324442267417908,-0.035401470959186554,8.545183062553406,1.4337101,36.83757892631856,-3.8764396282111386,-5.027540635261108,,6.348460366921052,0.2938522594375809
2023-01-10,Milagros (Masbate),26.504318363964558,33.033234626054764,0.017700735479593277,-0.043336283415555954,8.545183062553406,1.1175946,36.700213890772076,-3.06459413382519,-5.773366821253334,,6.5363217223316505,0.2905067727105054
2023-01-11,Milagros (Masbate),26.320474863052368,33.01339759491384,0.032959990203380585,-0.04150517284870148,8.545183062553406,1.1174599,10.436933890801171,-3.1026822649631995,-5.396748938150742,,6.225073199469089,0.28716128598342994
2023-01-12,Milagros (Masbate),26.287514872848988,33.00424204207957,0.0079348124563694,-0.03479110077023506,8.545183062553406,1.3370711,35.42011096172836,-3.662718232113248,-5.010826141598206,,6.206761109401485,0.2838157992563544
2023-01-13,Milagros (Masbate),26.069978937506676,32.72347175516188,-0.043946653604507446,-0.03357036039233208,8.69777561724186,1.3794448,29.890476992841183,-5.223074055257252,-3.561455220632878,,6.321745476945003,0.2804703125292789
2023-01-14,Milagros (Masbate),26.132236696779728,32.4854273814708,-0.08667256683111191,-0.003662221133708954,8.69777561724186,1.3773336,18.199041265986754,-1.9616868911371637,-0.7975019790253388,,2.1175988443066176,0.2771248258022034
2023-01-15,Milagros (Masbate),26.2596819922328,32.503738487139344,-0.09887997061014175,-0.003662221133708954,8.69777561724186,1.377867,0.0,-2.890869066232681,-1.6048076885719926,,3.3064379134350603,0.27377933907512786
2023-01-16,Milagros (Masbate),26.471358373761177,32.67769399099052,-0.07629627361893654,-0.04150517284870148,8.69777561724186,1.35715,5.165041115898147,-1.9455947492918484,-2.5545444163609234,,3.211080208221648,0.2704338523480524
2023-01-17,Milagros (Masbate),26.64055299013853,32.78603469952941,-0.06958220154047012,-0.0476088747382164,8.69777561724186,1.2316859,12.187005857425094,-2.1071921228142787,-2.494327168894214,,3.2652605819343683,0.2670883656209769
2023-01-18,Milagros (Masbate),26.680104978382587,32.85470134578645,-0.07385479286313057,-0.03479110077023506,8.69777561724186,0.94033676,21.23752527449726,-3.9547857014580288,-3.6037845675583404,,5.350475974511849,0.26374287889390136
2023-01-19,Milagros (Masbate),26.52189702540636,32.84707171842456,-0.043336283415555954,-0.02868739888072014,8.69777561724186,0.6266207,16.191099373854193,-4.653745921632585,-4.647463369336493,,6.576949663212911,0.26039739216682584
2023-01-20,Milagros (Masbate),26.634693436324596,32.876064302399755,-0.06042664870619774,-0.016479995101690292,8.545183062553406,0.9111864,3.7899808371042867,-6.305061285308127,-3.8203133558234725,,7.3721497507968845,0.2570519054397503
2023-01-21,Milagros (Masbate),26.631031215190887,32.91879021562636,-0.06103701889514923,-0.011597033590078354,8.545183062553406,0.97192955,43.645036291157254,-6.739083734179692,-3.8058626079698716,,7.739498676725033,0.25370641871267485
2023-01-22,Milagros (Masbate),26.635425880551338,32.96914575621486,-0.06286812946200371,-0.007324442267417908,8.545183062553406,1.383529,16.594475837073027,-5.655935601625399,-3.486532077953278,,6.644209016905689,0.25036093198559933
2023-01-23,Milagros (Masbate),26.672048091888428,33.01339759491384,-0.051881466060876846,-0.01342814415693283,8.545183062553406,1.7145301,43.85654513685988,-4.609552771378063,-3.6994104604004296,,5.910466521911727,0.2470154452585238
2023-01-24,Milagros (Masbate),26.726981408894062,33.054597582668066,-0.036011841148138046,-0.02075258642435074,8.545183062553406,1.6508363,0.0,-4.839307047713857,-5.272260799711692,,7.156509389515922,0.2436699585314483
2023-01-25,Milagros (Masbate),26.61931210756302,33.104953123256564,-0.02929776906967163,-0.017090365290641785,8.545183062553406,1.63672,12.798055215491242,-5.904974740453387,-5.893684471641213,,8.342915757494936,0.2403244718043728
2023-01-26,Milagros (Masbate),26.28458509594202,32.972197607159615,-0.020142216235399246,-0.05310220643877983,8.69777561724186,2.5536513,44.999407182117025,-3.128591120614484,-4.695442093400849,,5.642274262428966,0.2369789850772973
2023-01-27,Milagros (Masbate),26.426679275929928,32.95693835243583,-0.07202368229627609,-0.03418073058128357,8.69777561724186,2.448363,0.17431929048611716,-2.316822056110405,-2.9148672294484648,,3.7234547674159026,0.2336334983502218
2023-01-28,Milagros (Masbate),26.307290866971016,32.982879085466266,-0.03418073058128357,-0.030518509447574615,8.69777561724186,1.977389,10.202000310406481,-4.285628821264918,-6.2823358517865495,,7.604890410012439,0.23028801162314627
2023-01-29,Milagros (Masbate),26.176915794610977,32.97524945810437,-0.0079348124563694,-0.031128879636526108,8.545183062553406,1.9161098,18.471247616936175,-4.559155590433884,-6.134493240384618,,7.643160799964181,0.22694252489607075
2023-01-30,Milagros (Masbate),25.9740287438035,32.862330973148346,-0.036011841148138046,-0.031128879636526108,8.69777561724186,1.8894022,32.45923285261854,-5.027653537187974,-4.348576075517725,,6.647361429512005,0.22359703816899526
2023-01-31,Milagros (Masbate),26.132236696779728,32.90505688637495,-0.06775109097361565,-0.004272591322660446,8.545183062553406,1.8910874,0.0,-6.728967283732964,-3.4323813163534442,,7.553823019266521,0.22025155144191977
2023-02-01,Milagros (Masbate),26.44865260273218,32.93252354487777,-0.09887997061014175,-0.001831110566854477,8.69777561724186,2.70332,0.0,-4.513515090179385,-2.988718152715661,,5.413340435040931,0.21690606471484425
2023-02-02,Milagros (Masbate),26.663991205394268,32.97677538357675,-0.08362071588635445,-0.012817773967981339,8.69777561724186,1.0881239,0.0,-5.146027864405848,-3.689360883384679,,6.331902282023183,0.21356057798776873
2023-02-03,Milagros (Masbate),26.851496927440166,33.01797537133098,-0.059816278517246246,-0.019531846046447754,8.545183062553406,1.5086752,0.0,-5.559335525351879,-4.2312866564356035,0.21021509126069324,6.986415264809947,0.21021509126069324
2023-02-04,Milagros (Masbate),26.899838246405125,33.056123508140445,-0.03723258152604103,-0.021973326802253723,8.545183062553406,1.210524,0.0,-5.069335191962774,-4.030102916511814,,6.476101358545069,0.2093332151924936
2023-02-05,Milagros (Masbate),27.014831990003586,33.0881679430604,-0.05737479776144028,-0.014038514345884323,8.545183062553406,0.6717575,0.0,-4.575653883143291,-2.726830375901606,,5.326557270626495,0.20845133912429392
2023-02-06,Milagros (Masbate),27.19721060246229,33.115634601563215,-0.07324442267417908,-0.006714072078466415,8.69777561724186,0.78875893,0.0,-3.66884231020812,-1.8607717185802153,,4.113742248347752,0.20756946305609428
2023-02-07,Milagros (Masbate),27.460890524089336,33.15836051478982,-0.07446516305208206,-0.015259254723787308,8.69777561724186,0.70200825,0.0,-3.8914270773879642,-2.4052672152501255,,4.574769401334381,0.20668758698789463
2023-02-08,Milagros (Masbate),27.459425635635853,33.19803457707167,-0.048829615116119385,-0.019531846046447754,8.545183062553406,0.7171565,16.18698603724853,-4.492536052234981,-3.8286974483090592,,5.902694666956726,0.20580571091969496
2023-02-09,Milagros (Masbate),27.45063630491495,33.236182713881135,-0.043336283415555954,-0.017700735479593277,8.545183062553406,0.62532467,0.0,-5.39050296210575,-3.67473488534833,,6.523894439831692,0.20492383485149532
2023-02-10,Milagros (Masbate),27.529740281403065,33.2743308506906,-0.054322946816682816,-0.022583696991205215,8.545183062553406,0.6135305,0.0,-4.47106627763551,-3.419832082443654,,5.6290039199773485,0.20404195878329567
2023-02-11,Milagros (Masbate),27.624958030879498,33.31095306202769,-0.05798516795039177,-0.017700735479593277,8.545183062553406,0.66100293,0.0,-4.513174295883948,-3.01055770188499,,5.425145150261566,0.20316008271509603
2023-02-12,Milagros (Masbate),27.665974907577038,33.35062712430954,-0.05005035549402237,-0.019531846046447754,8.545183062553406,0.8596266,0.0,-4.209286454035894,-3.543177145830952,,5.5020175153182524,0.20227820664689636
2023-02-13,Milagros (Masbate),27.63008514046669,33.379619708284736,-0.02136295661330223,-0.03723258152604103,8.545183062553406,1.0084568,18.299103688516677,-2.7279980824776673,-4.422718984611731,,5.196384969846523,0.20139633057869671
2023-02-14,Milagros (Masbate),27.51216161996126,33.381145633757114,-0.017090365290641785,-0.03784295171499252,8.545183062553406,1.0093639,0.6974668676906376,-3.3789884605007137,-4.775357275405694,,5.849923087012947,0.20051445451049707
2023-02-15,Milagros (Masbate),27.29828790575266,33.40708636678755,-0.01831110566854477,-0.024414807558059692,8.545183062553406,0.9187528,16.677912787539967,-5.442512187639359,-5.390325487535801,,7.6600618649055985,0.1996325784422974
2023-02-16,Milagros (Masbate),27.060243532061577,33.44370857812464,-0.03357036039233208,-0.017090365290641785,8.545183062553406,0.8599719,0.0,-6.054150275647048,-5.683478155615916,,8.30389423737324,0.19875070237409775
2023-02-17,Milagros (Masbate),26.887386694550514,33.48490856587887,-0.020142216235399246,-0.022583696991205215,8.545183062553406,1.6753744,0.0,-4.573590494979483,-5.893272431944598,,7.459784847626966,0.1978688263058981
2023-02-18,Milagros (Masbate),26.559251680970192,33.054597582668066,-0.02624591812491417,-0.09887997061014175,8.69777561724186,1.746165,52.00480722268745,-2.6532312016531496,-4.495371493754712,,5.21996175046219,0.19698695023769847
2023-02-19,Milagros (Masbate),26.495529033243656,32.862330973148346,-0.0012207403779029846,0.04028443247079849,8.69777561724186,1.9217036,4.174784259912209,1.7064433313166236,0.7122526814895591,,1.8491221499089896,0.1961050741694988
2023-02-20,Milagros (Masbate),26.93133334815502,32.95541242696345,0.021973326802253723,0.0012207403779029846,8.69777561724186,1.9291742,0.0,1.2767425621919555,0.5289934216595511,,1.3819933466813648,0.19522319810129915
2023-02-21,Milagros (Masbate),27.022156432271004,33.09579757042229,-0.05493331700563431,-0.06530961021780968,8.69777561724186,1.5475395,0.0,-0.2893136208841861,-4.485617901703166,,4.494938301168219,0.1943413220330995
2023-02-22,Milagros (Masbate),27.23310036957264,33.27738270163536,-0.04699850454926491,-0.04699850454926491,8.69777561724186,1.3210602,0.0,-0.406422178454927,-3.3672493330854043,,3.3916879364564405,0.19345944596489983
2023-02-23,Milagros (Masbate),27.573686935007572,33.31247898750007,-0.08606219664216042,-0.0317392498254776,8.69777561724186,1.4921786,0.0,-1.9508563789351832,-2.373531048018544,0.1925775698967002,3.072375342815409,0.1925775698967002
2023-02-24,Milagros (Masbate),27.796349979937077,33.33841972053051,-0.11291848495602608,-0.01037629321217537,8.69777561724186,0.8789768,0.15576607315342034,-3.1831043484633,-2.067618247710501,,3.7956815608624774,0.19615698995921438
2023-02-25,Milagros (Masbate),27.782433539628983,33.37656785733998,-0.08117923513054848,-0.022583696991205215,8.69777561724186,0.74920636,0.0,-4.3321998080012145,-4.013774302200368,,5.905788628578728,0.19973641002172854
2023-02-26,Milagros (Masbate),27.786828204989433,33.41471599414945,-0.0476088747382164,-0.020142216235399246,8.545183062553406,0.7011814,0.0,-6.121611191975317,-5.206386019517958,,8.036204263826892,0.20331583008424273
2023-02-27,Milagros (Masbate),27.56929226964712,33.442182652652264,-0.02929776906967163,-0.01831110566854477,8.545183062553406,0.6391491,24.230549965136916,-6.5177982804848416,-6.262823763210248,,9.039062778525334,0.2068952501467569
2023-02-28,Milagros (Masbate),27.4374523088336,33.43607895076275,-0.029908139258623123,-0.019531846046447754,8.545183062553406,0.62951285,24.230549965136916,-6.180136742449895,-4.828906091875971,,7.842985668706533,0.21047467020927108
2023-03-01,Milagros (Masbate),27.406689651310444,33.45896783284843,-0.05859553813934326,-0.014038514345884323,8.545183062553406,2.212722,66.46986243304083,-5.3940611558470755,-3.7992522173161163,,6.59774303559935,0.21405409027178524
2023-03-02,Milagros (Masbate),27.31440167874098,33.489486342296004,-0.02075258642435074,-0.027466658502817154,8.545183062553406,2.282948,0.0,-3.453276984846971,-5.290462066434109,,6.317761534788413,0.21763351033429942
2023-03-03,Milagros (Masbate),27.104190185666084,33.52153077721596,-0.021973326802253723,-0.025025177747011185,8.545183062553406,2.1425228,0.0,-4.44392415238982,-4.960621712501072,,6.660047270607818,0.22121293039681358
2023-03-04,Milagros (Masbate),27.060243532061577,33.55052336119115,-0.003662221133708954,-0.03784295171499252,8.545183062553406,1.5856575,0.0,-2.860319831167903,-5.314933311133139,,6.035722462006106,0.22479235045932777
2023-03-05,Milagros (Masbate),26.96356089413166,33.57799001969397,0.01892147585749626,-0.04028443247079849,8.545183062553406,0.7708704,0.0,-1.7584876293713831,-6.0937031971527,,6.34235740065484,0.22837177052184193
2023-03-06,Milagros (Masbate),26.90569780021906,33.60240482725203,0.010986663401126862,-0.04028443247079849,8.545183062553406,0.7945066,0.6062007482346851,-2.4681185723745016,-5.250503027665632,,5.8016714256174415,0.23195119058435612
2023-03-07,Milagros (Masbate),26.97088533639908,33.622241858392954,-0.01892147585749626,-0.03662221133708954,8.545183062553406,0.57115847,0.18289379270758638,-3.395372524125015,-4.156752548040597,,5.367228924056163,0.2355306106468703
2023-03-08,Milagros (Masbate),27.101260408759117,33.645130740478635,-0.039674062281847,-0.03479110077023506,8.545183062553406,0.88040596,0.0,-3.1439515430841625,-3.753947228915471,,4.896585657654058,0.23911003070938447
2023-03-09,Milagros (Masbate),27.283639021217823,33.669545548036695,-0.04577776417136192,-0.046388134360313416,8.69777561724186,1.4044794,0.0,-1.9798700564622385,-3.3049892166117742,,3.8526405441457805,0.24268945077189863
2023-03-10,Milagros (Masbate),27.236030146479607,33.692434430122375,-0.025635547935962677,-0.03662221133708954,8.545183062553406,0.99168205,0.0,-2.7636496757156928,-4.580015501376986,0.24626887083441282,5.349233732315025,0.24626887083441282
2023-03-11,Milagros (Masbate),27.181829273700714,33.72295293956995,-0.006714072078466415,-0.038453321903944016,8.545183062553406,2.2246804,0.0,-1.8555652771888218,-4.479435654124514,,4.848553008615121,0.2554118513538296
2023-03-12,Milagros (Masbate),27.223578594624996,33.751945523545146,-0.024414807558059692,-0.04211554303765297,8.545183062553406,1.1307477,0.0,-2.161325934813824,-3.4480904356150717,,4.069478768672837,0.2645548318732464
2023-03-13,Milagros (Masbate),27.22064881771803,33.776360331103206,-0.01831110566854477,-0.03906369209289551,8.545183062553406,0.80645096,0.0,-2.5443619347249595,-4.576892608119412,,5.236575560529557,0.2736978123926632
2023-03-14,Milagros (Masbate),27.280709244310856,33.80382698960602,-0.02929776906967163,-0.03906369209289551,8.545183062553406,0.8064725,0.0,-2.084935593260225,-3.146156755454064,,3.7742891725373418,0.28284079291208003
2023-03-15,Milagros (Masbate),27.354686111211777,33.81145661696792,-0.04821924492716789,-0.03723258152604103,8.69777561724186,0.47688532,1.5264577498058762,-3.2851898701926996,-3.8552855095209293,,5.065145490816506,0.29198377343149684
2023-03-16,Milagros (Masbate),27.280709244310856,33.812982542440295,-0.04272591322660446,-0.020142216235399246,8.545183062553406,0.45915246,0.8999476945424418,-4.629259899942973,-3.9644629067481043,,6.094834973992459,0.30112675395091365
2023-03-17,Milagros (Masbate),27.435254976153374,33.82824179716408,-0.06836146116256714,-0.02136295661330223,8.545183062553406,0.6198231,0.8799313957260783,-4.291746667242296,-3.199382626007993,,5.353049471412267,0.31026973447033046
2023-03-18,Milagros (Masbate),27.612506479024887,33.84655290283263,-0.08606219664216042,-0.01037629321217537,8.69777561724186,0.53054166,0.0,-4.12613728586752,-2.8384101242457493,,5.008151448912757,0.31941271498974727
2023-03-19,Milagros (Masbate),27.706259340047836,33.874019561335444,-0.06591998040676117,-0.0238044373691082,8.545183062553406,0.71552306,0.0,-4.173610934056414,-3.2388287374024864,,5.2829007012340705,0.3285556955091641
2023-03-20,Milagros (Masbate),27.723105557262897,33.90453807078302,-0.059816278517246246,-0.017090365290641785,8.545183062553406,0.8604446,0.0,-3.615905235983682,-2.232512673374983,0.3376986760285809,4.2495745095708255,0.3376986760285809
2023-03-21,Milagros (Masbate),27.865199737250805,33.93963435664773,-0.07751701399683952,0.0006103701889514923,8.545183062553406,2.0362046,0.0,-3.020168871849865,-1.4810695793456468,,3.3637757228082226,0.3266609035982941
2023-03-22,Milagros (Masbate),28.098849445581436,33.96252323873341,-0.10254219174385071,0.017700735479593277,8.69777561724186,3.1025965,0.0,-3.852401602368179,-1.2764959051587212,,4.058378974641957,0.3156231311680073
2023-03-23,Milagros (Masbate),28.281960502266884,33.982360269874334,-0.09949034079909325,0.009155552834272385,8.69777561724186,1.2336848,0.0,-3.976395714016124,-1.683680100370915,,4.31815951011896,0.3045853587377204
2023-03-24,Milagros (Masbate),28.437971122562885,33.98846397176385,-0.1031525619328022,0.011597033590078354,8.69777561724186,0.95854825,0.7859918398982855,-4.260127111658408,-1.0328595379662795,,4.383546718429601,0.2935475863074336
2023-03-25,Milagros (Masbate),28.68553727120161,34.015930630266666,-0.1031525619328022,-0.0006103701889514923,8.69777561724186,1.7308893,0.0,-4.2835407955516835,-2.3181433626225987,0.2825098138771468,4.87057598204019,0.2825098138771468
2023-03-26,Milagros (Masbate),28.86132388561964,34.041871363297105,-0.08911404758691788,-0.01892147585749626,8.69777561724186,1.4294977,0.0,-3.644911012371483,-2.3349839820156784,,4.328686461777603,0.2722997069416062
2023-03-27,Milagros (Masbate),28.95141452550888,34.06933802179992,-0.07873775437474251,-0.01831110566854477,8.69777561724186,0.87406725,0.0,-4.075552132691096,-2.588171087280495,,4.827914121369356,0.2620896000060656
2023-03-28,Milagros (Masbate),29.071535378694534,34.09680468030274,-0.06286812946200371,-0.027466658502817154,8.545183062553406,0.8740817,0.0,-3.9816899374820918,-3.227573464417312,,5.125532677337733,0.25187949307052504
2023-03-29,Milagros (Masbate),29.13965269178152,34.11969356238842,-0.07019257172942162,-0.016479995101690292,8.545183062553406,0.45918497,0.9895680700305993,-3.985529884704031,-2.5079222344115975,,4.70894068721671,0.24166938613498443
2023-03-30,Milagros (Masbate),29.252449102699757,34.14563429541886,-0.07751701399683952,-0.014038514345884323,8.69777561724186,0.7845147,0.0,-3.6673444288218424,-1.9186934617970832,,4.138937032615196,0.23145927919944384
2023-03-31,Milagros (Masbate),29.47511214762926,34.173100953921676,-0.09094515815377235,-0.001831110566854477,8.69777561724186,4.262704,0.0,-3.8688450395185146,-1.9180443531201887,,4.318200560458402,0.22124917226390325
2023-04-01,Milagros (Masbate),29.598895221948624,34.19446391053498,-0.08423108607530594,-0.007324442267417908,8.69777561724186,0.9213072,0.0,-2.830246151717903,-1.9879471769203763,,3.458645292240835,0.21103906532836264
2023-04-02,Milagros (Masbate),29.68752097338438,34.21582686714828,-0.07629627361893654,-0.0158696249127388,8.69777561724186,1.2761421,0.0,-3.0311977663208167,-2.0183197297502624,,3.6416719278440612,0.20082895839282205
2023-04-03,Milagros (Masbate),29.770287171006203,34.24024167470634,-0.07629627361893654,-0.01831110566854477,8.69777561724186,2.0527053,0.0,-2.875597597021389,-2.5571672815718607,,3.84813799725748,0.19061885145728147
2023-04-04,Milagros (Masbate),29.5966978892684,34.26007870584726,-0.051881466060876846,-0.019531846046447754,8.545183062553406,1.3546399,0.0,-4.249040036524651,-2.933708549068565,0.18040874452174088,5.1634278423221325,0.18040874452174088
2023-04-05,Milagros (Masbate),29.464857928454876,34.295174991711974,-0.027466658502817154,-0.023194067180156708,8.545183062553406,0.8151665,0.0,-2.0733328641070816,-2.709028973745579,,3.4113849307839037,0.19122895913712654
2023-04-06,Milagros (Masbate),29.420178830623627,34.3150120228529,-0.0476088747382164,-0.030518509447574615,8.545183062553406,0.50622994,0.0,-3.2339334815857503,-2.4236372275594213,,4.041329382039189,0.2020491737525122
2023-04-07,Milagros (Masbate),29.516861468553543,34.33484905399382,-0.0317392498254776,-0.046388134360313416,8.545183062553406,0.821297,0.0,-1.3082072175973307,-3.1531847399815716,,3.413792631169386,0.21286938836789787
2023-04-08,Milagros (Masbate),29.387951284646988,34.32569350115955,-0.017700735479593277,-0.03784295171499252,8.545183062553406,0.7861253,7.69331066990479,-2.7720004723744993,-3.7444187770468313,,4.6588258817802295,0.22368960298328353
2023-04-09,Milagros (Masbate),29.342539742588997,34.340952755883336,-0.019531846046447754,-0.03418073058128357,8.545183062553406,0.6335378,1.9180935875155618,-3.4184707172357705,-3.8538009191404923,,5.151477804374832,0.23450981759866918
2023-04-10,Milagros (Masbate),29.324961081147194,34.35926386155188,-0.012817773967981339,-0.038453321903944016,8.545183062553406,0.74056804,6.12972898463932,-2.2764597880362505,-4.053631357710511,,4.649107048752482,0.24533003221405483
2023-04-11,Milagros (Masbate),28.965330965816975,34.35163423418999,0.04516739398241043,-0.02868739888072014,8.545183062553406,0.8955838,14.8345456055647,3.982326488640137,-2.4203550754138914,,4.660154820733606,0.2561502468294405
2023-04-12,Milagros (Masbate),28.470931112766266,34.25244907848537,0.07873775437474251,-0.012817773967981339,8.545183062553406,0.9326077,0.0,4.707283144887114,3.3197208110419894,,5.760126810184269,0.26697046144482617
2023-04-13,Milagros (Masbate),28.784417241811752,34.26313055679202,-0.010986663401126862,0.04211554303765297,8.69777561724186,1.2676928,0.0,-0.301651376019497,1.9805050518010359,,2.003345654864352,0.2777906760602118
2023-04-14,Milagros (Masbate),29.33960996568203,34.27686388604343,-0.054322946816682816,0.06164738908410072,8.69777561724186,1.5926358,0.0,-0.7634534183507038,0.7946993520841459,0.2886108906755975,1.1020018975457058,0.2886108906755975
2023-04-15,Milagros (Masbate),29.710959188640118,34.28907128982246,-0.059816278517246246,0.06408886983990669,8.69777561724186,2.417717,5.904278289957414,-0.764606588519035,0.7510671767099738,,1.0717859577069517,0.27455812948328595
2023-04-16,Milagros (Masbate),29.995879992842674,34.29822684265673,-0.02075258642435074,0.05066072568297386,8.69777561724186,1.3528731,0.0,-0.5822031075555146,0.6472922023584937,,0.8706018916137315,0.2605053682909744
2023-04-17,Milagros (Masbate),29.997344881296158,34.28754536435008,-0.1031525619328022,0.04699850454926491,8.69777561724186,1.4110568,3.868953552013962,-2.6205961798345028,-0.16749145231005572,,2.625943206613601,0.2464526070986629
2023-04-18,Milagros (Masbate),29.970976889133453,34.31348609738052,-0.1031525619328022,0.035401470959186554,8.69777561724186,1.9994926,0.0,-3.9354804004006265,-0.5957783529488652,,3.9803213221773865,0.23239984590635135
2023-04-19,Milagros (Masbate),30.11307106912136,34.3363749794662,-0.09765923023223877,0.039674062281847,8.69777561724186,1.0272515,0.0,-3.0446805218126474,-0.09071460514125829,0.21834708471403982,3.0460316182684757,0.21834708471403982
2023-04-20,Milagros (Masbate),30.12918484210968,34.3363749794662,-0.08484145626425743,0.03234962001442909,8.69777561724186,1.022722,0.0,-2.766473281969519,0.8059954245518387,,2.8814931969813324,0.20501056524163752
2023-04-21,Milagros (Masbate),30.515915393829346,34.35621201060712,-0.07385479286313057,0.06042664870619774,8.69777561724186,1.4513217,4.667843331188024,-1.898607314627981,0.5171528617109976,,1.9677796669177032,0.19167404576923522
2023-04-22,Milagros (Masbate),30.573778487741947,34.37299719080329,-0.1031525619328022,0.027466658502817154,8.69777561724186,1.2515725,0.0,-3.399658446844215,-0.892948578225529,,3.5149729328337953,0.17833752629683292
2023-04-23,Milagros (Masbate),30.59135714918375,34.391308296471834,-0.09277626872062683,-0.001831110566854477,8.69777561724186,2.4702554,0.0,-3.4530559809485415,-2.0043872382624515,,3.992638702471571,0.16500100682443064
2023-04-24,Milagros (Masbate),30.524704724550247,34.408093476668,-0.05737479776144028,-0.03723258152604103,8.69777561724186,1.9106325,0.0,-2.3197945929993224,-3.2627595742855338,0.15166448735202834,4.003379446580202,0.15166448735202834
2023-04-25,Milagros (Masbate),30.396526984870434,34.4294564332813,-0.051271095871925354,-0.025025177747011185,8.545183062553406,2.2354524,0.0,-3.208198191835492,-2.247883101464859,,3.9173350732287116,0.15986304021091585
2023-04-26,Milagros (Masbate),30.364299438893795,34.45539716631174,-0.06897183135151863,-0.010986663401126862,8.545183062553406,1.015312,0.0,-4.060067914652728,-2.071593375066233,,4.558031437277595,0.16806159306980337
2023-04-27,Milagros (Masbate),30.295449681580067,34.473708271980286,-0.0714133121073246,-0.006103701889514923,8.545183062553406,0.43668917,0.0,-4.730194543726545,-2.3255460442685285,,5.270949138960968,0.17626014592869088
2023-04-28,Milagros (Masbate),30.36283455044031,34.49507122859359,-0.07568590342998505,-0.012817773967981339,8.545183062553406,1.2122675,0.0,-4.112685453947695,-2.499028446591995,,4.812413616885913,0.18445869878757842
2023-04-29,Milagros (Masbate),30.315958119928837,34.48896752670407,-0.06775109097361565,-0.003662221133708954,8.545183062553406,0.63460934,2.1154414026055326,-3.669276698734845,-2.0484301739449187,0.19265725164646594,4.202339547134012,0.19265725164646594
2023-04-30,Milagros (Masbate),30.424359865486622,34.50270085595548,-0.07751701399683952,-0.005493331700563431,8.545183062553406,0.68830884,3.6273640841547903,-3.6979131259150817,-1.6768741160413374,,4.0603532220564835,0.1936503422223188
2023-05-01,Milagros (Masbate),30.52177494764328,34.51490825973451,-0.08667256683111191,-0.006103701889514923,8.545183062553406,1.2606819,3.7643559931741524,-4.188380966315646,-2.4400090031902995,,4.847285740973488,0.19464343279817167
2023-05-02,Milagros (Masbate),30.373088769614697,34.51490825973451,-0.05798516795039177,-0.01037629321217537,8.545183062553406,1.2606733,35.820584484819946,-5.050761368909482,-3.2439996995727087,,6.002809713500521,0.19563652337402454
2023-05-03,Milagros (Masbate),29.934354677796364,34.26007870584726,-0.11535996571183205,-0.0048829615116119385,8.69777561724186,1.2925197,20.212604569131415,-6.126004674286281,-1.2575468043839346,,6.253747455293794,0.1966296139498774
2023-05-04,Milagros (Masbate),29.738059625029564,34.269234258681536,-0.08850367739796638,0.0238044373691082,8.545183062553406,1.0703263,0.0,-4.678700268630826,0.1343761221960294,,4.680629567259367,0.19762270452573028
2023-05-05,Milagros (Masbate),29.92483290284872,34.26618240773678,-0.0952177494764328,0.03723258152604103,8.69777561724186,1.8657486,0.0,-3.576520119238674,0.2041912161209866,,3.582344234723959,0.19861579510158314
2023-05-06,Milagros (Masbate),30.286660350859165,34.269234258681536,-0.08667256683111191,0.06775109097361565,8.69777561724186,1.2037466,0.0,-1.8514583652794787,0.4772368892631821,,1.9119762359498504,0.199608885677436
2023-05-07,Milagros (Masbate),30.679250456392765,34.27228610962629,-0.0476088747382164,0.04943998530507088,8.69777561724186,1.7683848,0.0,-0.79406424586301,0.2401677223432705,,0.8295893932624411,0.20060197625328888
2023-05-08,Milagros (Masbate),30.907040610909462,34.269234258681536,-0.040894802659749985,0.024414807558059692,8.69777561724186,2.1139646,0.0,-0.4425091969800899,-0.5728800928824698,,0.7238825804182548,0.20159506682914174
2023-05-09,Milagros (Masbate),31.047669902443886,34.26770833320916,-0.0476088747382164,-0.04516739398241043,8.69777561724186,1.7928063,0.0,-1.7119634751402713,-1.2990080867696605,0.2025881574049946,2.1490092949327435,0.2025881574049946
2023-05-10,Milagros (Masbate),31.063783675432205,34.27228610962629,-0.06775109097361565,-0.0079348124563694,8.69777561724186,0.5168777,0.0,-1.9410981774669451,-1.5154066736381395,,2.462583911478451,0.2184177291872984
2023-05-11,Milagros (Masbate),30.961973927915096,34.2646564822644,-0.06836146116256714,-0.02685628831386566,8.69777561724186,0.44474012,6.5712308148583345,-3.28425587022366,-1.904613300345202,,3.796562714476137,0.2342473009696022
2023-05-12,Milagros (Masbate),30.99566636234522,34.27228610962629,-0.07873775437474251,0.0006103701889514923,8.69777561724186,0.58724946,0.0,-3.034759745688446,-1.6335437138985376,,3.446481071944024,0.250076872751906
2023-05-13,Milagros (Masbate),31.023499242961407,34.281441662460566,-0.07080294191837311,-0.006714072078466415,8.69777561724186,0.6720114,0.0,-2.072809845312291,-0.9429042605548942,,2.2771932503404573,0.26590644453420975
2023-05-14,Milagros (Masbate),31.468092888593674,34.28449351340532,-0.031128879636526108,0.03234962001442909,8.69777561724186,0.7746371,0.0,-0.06956494948581345,0.034060927673214836,0.28173601631651357,0.07745598098871222,0.28173601631651357
2023-05-15,Milagros (Masbate),31.251289397478104,34.270760184153914,0.03723258152604103,-0.02624591812491417,8.69777561724186,1.4745903,0.0,2.5157153047922156,0.9009764903379829,,2.672186769465701,0.2801487462096795
2023-05-16,Milagros (Masbate),31.394848465919495,34.27686388604343,0.029908139258623123,0.025635547935962677,8.69777561724186,0.41735926,0.0,1.2057013132726422,2.1140054622258813,,2.433666935130655,0.2785614761028454
2023-05-17,Milagros (Masbate),31.448316894471645,34.27228610962629,0.019531846046447754,0.008545182645320892,8.69777561724186,0.5546123,0.0,0.955292568123151,1.2779282535330243,,1.595520138352785,0.2769742059960113
2023-05-18,Milagros (Masbate),31.660725720226765,34.27381203509867,-0.012207403779029846,0.043336283415555954,8.69777561724186,1.4261824,0.0,0.17809962632060186,0.9079557237226016,,0.9252583818243265,0.2753869358891772
2023-05-19,Milagros (Masbate),31.74056214094162,34.269234258681536,-0.03357036039233208,0.04821924492716789,8.69777561724186,0.5550131,13.410791457062075,-0.4753970163713485,1.4217922919181156,0.2737996657823431,1.4991649824260664,0.2737996657823431
2023-05-20,Milagros (Masbate),31.574297301471233,34.258552780374885,-0.03723258152604103,0.043946653604507446,8.545183062553406,0.52155584,13.410791457062075,-0.06816510906934059,1.2868036858090364,,1.2886078565281822,0.2714495083392048
2023-05-21,Milagros (Masbate),31.70833459496498,34.235663898289204,0.0024414807558059692,0.0079348124563694,8.69777561724186,0.9352183,2.772191649276393,-0.3435822783346239,0.48758533993393877,,0.596479878708499,0.26909935089606646
2023-05-22,Milagros (Masbate),31.795495457947254,34.257026854902506,0.02136295661330223,0.0012207403779029846,8.69777561724186,1.9152516,0.0,1.9648720393300807,0.7166202771534359,,2.0914747793288395,0.26674919345292813
2023-05-23,Milagros (Masbate),31.762535467743874,34.2646564822644,0.04455702379345894,0.0024414807558059692,8.545183062553406,1.9848496,0.0,2.699092100964976,1.35593905858108,,3.020541160136255,0.26439903600978987
2023-05-24,Milagros (Masbate),31.774987019598484,34.26770833320916,0.0238044373691082,0.020142216235399246,8.545183062553406,2.102306,16.948207793322823,2.1194403211339936,1.1097317447716644,,2.3923903987858104,0.26204887856665154
2023-05-25,Milagros (Masbate),31.889248318970203,34.26618240773678,0.021973326802253723,-0.010986663401126862,8.69777561724186,0.6213332,20.537279922144894,1.183810944611847,-0.7477305660945506,,1.4001818996312123,0.2596987211235132
2023-05-26,Milagros (Masbate),31.829187892377377,34.24176760017872,0.0317392498254776,-0.05615405738353729,8.69777561724186,0.79248685,7.159188450470898,1.724133784701819,-2.006445833220556,,2.6454606761769015,0.2573485636803749
2023-05-27,Milagros (Masbate),31.517166651785374,34.21277501620352,0.07873775437474251,-0.046388134360313416,8.545183062553406,0.7816863,7.010058673835429,4.111029740342434,-3.083603128266983,,5.138985676049107,0.2549984062372366
2023-05-28,Milagros (Masbate),31.1758476421237,34.23718982376158,0.11291848495602608,-0.02075258642435074,8.545183062553406,0.43901137,0.0,8.751372122161161,2.53233098495886,,9.110390454745737,0.25264824879409825
2023-05-29,Milagros (Masbate),30.825739301741123,34.2432935256511,0.07568590342998505,0.0012207403779029846,8.545183062553406,0.5003566,0.0,7.916716601373746,4.989222657094506,,9.357710428760438,0.25029809135095993
2023-05-30,Milagros (Masbate),30.503463841974735,34.221930569037795,0.009155552834272385,0.02685628831386566,8.545183062553406,0.36940616,10.562885861851381,6.426489359663583,5.422332541283593,,8.40841576506135,0.24794793390782163
2023-05-31,Milagros (Masbate),30.11673329025507,34.160893550142646,-0.009765923023223877,0.032959990203380585,8.545183062553406,0.8910588,21.477565239215714,5.8674158433353245,5.189186342891084,,7.8328936913422815,0.2455977764646833
2023-06-01,Milagros (Masbate),29.864040032029152,34.125797264277935,-0.025635547935962677,0.039674062281847,8.545183062553406,1.1844379,0.5023323353115492,4.525530418732303,3.9421019183368777,,6.001715846774709,0.24324761902154501
2023-06-02,Milagros (Masbate),30.028107538819313,34.13495281711221,0.006714072078466415,0.040894802659749985,8.545183062553406,1.2898327,0.0,3.3092751447324873,2.552169530086678,,4.179099340030945,0.2408974615784067
2023-06-03,Milagros (Masbate),30.126987509429455,34.11969356238842,0.0238044373691082,0.006103701889514923,8.69777561724186,2.0165555,20.265275295559338,2.695962292110474,0.39912812918348956,0.23854730413526837,2.725346940113693,0.23854730413526837
2023-06-04,Milagros (Masbate),30.352580331265926,34.08612320199609,-0.0048829615116119385,-0.025635547935962677,8.69777561724186,2.1269672,4.0196094841792664,0.4303386651403089,-0.4962348898921308,,0.6568412537752163,0.2241504450891448
2023-06-05,Milagros (Masbate),30.437543861567974,34.07238987274468,-0.07446516305208206,0.012207403779029846,8.69777561724186,0.6660118,0.11023988298180137,-1.1312410409051243,-0.29762695980893716,,1.1697384749734532,0.20975358604302122
2023-06-06,Milagros (Masbate),30.575975820422173,34.041871363297105,0.012817773967981339,-0.010986663401126862,8.69777561724186,0.69969,3.482545278135226,1.993291106533294,-0.6734527095169898,,2.1039838372336654,0.19535672699689766
2023-06-07,Milagros (Masbate),30.801568642258644,34.03729358687997,0.04455702379345894,-0.01342814415693283,8.69777561724186,0.6512117,6.668222811352651,1.9255326873605574,-0.47744312458051547,,1.9838417445207608,0.18095986795077407
2023-06-08,Milagros (Masbate),30.606738477945328,34.03881951235235,0.06530961021780968,-0.02685628831386566,8.545183062553406,0.4766012,3.744499064362315,4.29400262363838,-0.024622473682621018,0.1665630089046505,4.294073217589977,0.1665630089046505
2023-06-09,Milagros (Masbate),30.581102930009365,34.041871363297105,0.06591998040676117,-0.006714072078466415,8.545183062553406,1.5271016,6.2262063626101725,5.358759438774202,2.0569654727625903,,5.73998342147336,0.17038255137596275
2023-06-10,Milagros (Masbate),30.49247717857361,34.040345437824726,0.01892147585749626,0.02868739888072014,8.545183062553406,0.9932871,6.7266253525538575,3.7166738951056724,4.081060617288652,,5.51984787875032,0.17420209384727503
2023-06-11,Milagros (Masbate),30.339396335184574,34.028138034045696,-0.012817773967981339,0.03723258152604103,8.545183062553406,1.0290279,7.949354144670901,1.8875833372765665,3.987034772412485,,4.41128293488305,0.1780216363185873
2023-06-12,Milagros (Masbate),30.48954740166664,34.04644913971424,0.0079348124563694,0.043336283415555954,8.545183062553406,0.87652904,0.0,1.2096585259729924,2.8790086081178567,,3.122813525504825,0.18184117878989955
2023-06-13,Milagros (Masbate),30.80449841916561,34.06170839443803,0.0158696249127388,0.046388134360313416,8.69777561724186,0.85262614,0.0,1.0376351150570213,2.1846957093376824,,2.4185909067880575,0.1856607212612118
2023-06-14,Milagros (Masbate),30.936338379979134,34.06170839443803,0.03418073058128357,0.005493331700563431,8.69777561724186,2.0300927,0.11794221231951917,1.4882096159191294,0.9662509093844751,,1.7743755748996568,0.18948026373252408
2023-06-15,Milagros (Masbate),30.89751883596182,33.99151582270861,-0.029908139258623123,0.04028443247079849,8.69777561724186,0.6194037,0.0,-1.396985645706502,1.2865367902683398,,1.899143440349879,0.19329980620383636
2023-06-16,Milagros (Masbate),30.843317963182926,33.99151582270861,-0.07568590342998505,0.04211554303765297,8.545183062553406,0.8417697,0.0,-3.0167311596424735,1.6653806220770744,,3.445890234169923,0.1971193486751486
2023-06-17,Milagros (Masbate),30.88213750720024,34.00982692837715,-0.09033478796482086,0.03234962001442909,8.545183062553406,2.4110837,0.0,-3.43600595264272,0.2984940587433405,,3.448947029123712,0.20093889114646085
2023-06-18,Milagros (Masbate),30.991271696984768,34.015930630266666,-0.08911404758691788,0.03357036039233208,8.69777561724186,0.78574455,0.16953909566387926,-2.1062336835194317,0.40423544214930807,0.20475843361777313,2.144674013056875,0.20475843361777313
2023-06-19,Milagros (Masbate),31.389721356332302,33.970152866095304,-0.04516739398241043,0.021973326802253723,8.69777561724186,1.8750197,0.47229159434475226,-0.4507749582292557,0.37377483782946896,,0.5855814993329562,0.2081386560773545
2023-06-20,Milagros (Masbate),31.31940671056509,33.96557508967817,-0.051271095871925354,0.03418073058128357,8.69777561724186,0.79515797,0.0,-1.1345382468389893,0.7985399943313669,,1.3873871687770603,0.21151887853693585
2023-06-21,Milagros (Masbate),31.24103517830372,33.87554548680782,-0.06958220154047012,0.09765923023223877,8.69777561724186,0.5079023,3.871549877143535,-0.7211860546983931,0.9537142521968778,,1.1956923518760516,0.21489910099651724
2023-06-22,Milagros (Masbate),31.277657389640808,33.812982542440295,-0.031128879636526108,0.05615405738353729,8.69777561724186,1.441469,1.7458253815981728,-0.7776455517154134,0.6089422617502256,,0.9876959462548431,0.2182793234560986
2023-06-23,Milagros (Masbate),31.280587166547775,33.86944178491831,-0.07812738418579102,0.019531846046447754,8.69777561724186,1.6458471,3.951850022553914,-2.285518654750599,-0.5972368514705635,0.22165954591567996,2.36226318981765,0.22165954591567996
2023-06-24,Milagros (Masbate),31.112857438623905,33.85723438113928,-0.05615405738353729,0.0024414807558059692,8.545183062553406,0.9289507,8.527610596972112,-2.6068875597242083,-0.6551221060068738,,2.6879448883531296,0.2288842962155626
2023-06-25,Milagros (Masbate),31.191228970885277,33.80840476602316,-0.03784295171499252,0.0006103701889514923,8.69777561724186,0.9927844,4.387773387088737,-1.2080678506230964,-0.26282422147683804,,1.2363270211008146,0.2361090465154453
2023-06-26,Milagros (Masbate),31.24909206479788,33.765678852796555,-0.011597033590078354,-0.0030518509447574615,8.69777561724186,2.3623745,0.6116985844308416,0.6555070657713229,0.22370144755796836,,0.6926267760602819,0.24333379681532794
2023-06-27,Milagros (Masbate),31.22125918418169,33.730582566931844,0.01342814415693283,0.02136295661330223,8.69777561724186,0.83011943,6.358289721045969,0.7880381076406889,2.522645077097185,,2.6428662932688405,0.2505585471152106
2023-06-28,Milagros (Masbate),30.93487349152565,33.680227026343346,0.005493331700563431,0.016479995101690292,8.545183062553406,0.83014137,5.62674433416092,1.275856829632318,1.506558501772701,,1.9742160897386676,0.25778329741509326
2023-06-29,Milagros (Masbate),30.929746381938457,33.66344184614718,0.031128879636526108,0.004272591322660446,8.545183062553406,0.7039815,8.43061924174156,2.3073825062087012,1.7731111599707738,,2.9099720300323937,0.2650080477149759
2023-06-30,Milagros (Masbate),30.84551529586315,33.622241858392954,0.025025177747011185,-0.035401470959186554,8.69777561724186,0.8784577,9.16216462862661,0.9854479159691835,0.5561193855040458,,1.1315371695271015,0.27223279801485856
2023-07-01,Milagros (Masbate),31.039613015949726,33.632923336699605,-0.017090365290641785,-0.01892147585749626,8.69777561724186,1.7491674,0.0,-0.9536215181084392,0.8226984170906654,,1.259454915939007,0.27945754831474123
2023-07-02,Milagros (Masbate),31.064516119658947,33.631397411227226,-0.07446516305208206,0.029908139258623123,8.545183062553406,1.064991,14.231460062533795,-3.1683087129209193,0.12594575556950144,,3.170811005676085,0.28668229861462385
2023-07-03,Milagros (Masbate),30.89825128018856,33.63750111311674,-0.07324442267417908,0.012207403779029846,8.545183062553406,1.0712506,13.746491416714496,-4.210295417692324,-0.10425912469100453,,4.211586099003831,0.29390704891450653
2023-07-04,Milagros (Masbate),31.001525916159153,33.65886406973004,-0.08362071588635445,0.021973326802253723,8.545183062553406,2.2709596,0.0,-3.3934462522578177,0.33561693472957255,,3.4100023744625023,0.30113179921438915
2023-07-05,Milagros (Masbate),30.872615732252598,33.66038999520242,-0.06286812946200371,0.023194067180156708,8.545183062553406,1.6161934,0.0,-3.3924911647808074,1.1109524817913896,,3.5697635383753763,0.3083565495142718
2023-07-06,Milagros (Masbate),30.899716168642044,33.646656665951014,-0.07202368229627609,0.012817773967981339,8.545183062553406,1.023744,4.266811862678605,-2.74226527057599,-0.1690832090080679,,2.747473010927618,0.3155812998141545
2023-07-07,Milagros (Masbate),30.991271696984768,33.65428629331291,-0.07080294191837311,0.014038514345884323,8.545183062553406,1.3226402,4.266811862678605,-2.6951320913995507,-0.4244078388121671,,2.728343637399243,0.3228060501140372
2023-07-08,Milagros (Masbate),31.072573006153107,33.67259739898145,-0.06836146116256714,-0.008545182645320892,8.69777561724186,2.0548258,0.0,-2.830815500787189,-1.261908596997555,0.3300308004139198,3.099343431546972,0.3300308004139198
2023-07-09,Milagros (Masbate),31.04913479089737,33.66496777161956,-0.03723258152604103,-0.05005035549402237,8.69777561724186,2.0533917,4.63793545078796,-0.9281602347848122,-1.7814484716644747,,2.008740918742756,0.3299455288264447
2023-07-10,Milagros (Masbate),31.050599679350853,33.67412332445383,-0.023194067180156708,-0.05859553813934326,8.69777561724186,2.074366,8.04426597726756,-0.5482912243343387,-1.5624321453369014,,1.6558434332581449,0.3298602572389696
2023-07-11,Milagros (Masbate),31.153141871094704,33.643604815006256,0.04943998530507088,-0.08667256683111191,8.69777561724186,2.5378022,9.453947099178848,2.3317443562412326,-1.6703213729054314,,2.8682756547527863,0.3297749856514945
2023-07-12,Milagros (Masbate),30.740043327212334,33.54136780835688,0.09949034079909325,-0.05066072568297386,8.69777561724186,2.5378022,33.827714834929,5.316440493943682,0.5441618692472316,,5.344216655936282,0.32968971406401937
2023-07-13,Milagros (Masbate),30.30057679116726,33.49559004418552,0.02624591812491417,0.02075258642435074,8.545183062553406,2.5839844,5.547825744621169,4.272091754684725,4.669098159259755,,6.328605342510152,0.3296044424765443
2023-07-14,Milagros (Masbate),30.021515540778637,33.500167820602655,-0.01831110566854477,0.04028443247079849,8.545183062553406,1.6548946,12.129677200897714,3.8621328884899193,6.143308743512376,,7.256466961715674,0.3295191708890692
2023-07-15,Milagros (Masbate),29.747581399977207,33.489486342296004,-0.023194067180156708,0.040894802659749985,8.545183062553406,1.4205905,4.722344866147148,3.6867461977431257,6.339677061601018,,7.3337304812737365,0.32943389930159406
2023-07-16,Milagros (Masbate),29.591570779681206,33.50474559701979,-0.005493331700563431,0.03479110077023506,8.545183062553406,1.436242,0.0,3.108497313255804,5.47485841450411,,6.2957787608353115,0.329348627714119
2023-07-17,Milagros (Masbate),29.693380527198315,33.53068633005023,0.017090365290641785,0.0317392498254776,8.545183062553406,3.4781206,0.0,1.6892330638628132,3.1443554356479853,,3.5693808216182785,0.32926335612664387
2023-07-18,Milagros (Masbate),29.91677601635456,33.51695300079882,0.08056886494159698,-0.03479110077023506,8.69777561724186,2.6039493,0.0,2.3552752734789597,-0.424608936960197,,2.393243481806199,0.32917808453916875
2023-07-19,Milagros (Masbate),29.72780540585518,33.342997496947646,0.05371257662773132,-0.10376293212175369,8.69777561724186,1.3244151,46.11783283380659,0.2737806477045241,-1.5232150052747262,,1.5476239192231402,0.3290928129516937
2023-07-20,Milagros (Masbate),29.857448033988476,33.28653825446963,-0.006714072078466415,-0.032959990203380585,8.69777561724186,0.8637887,4.97501166887264,-0.47506056588304457,-0.39934372669899043,,0.6206109516524475,0.32900754136421856
2023-07-21,Milagros (Masbate),30.129917286336422,33.34910119883716,0.06042664870619774,-0.019531846046447754,8.69777561724186,1.0635715,7.585535555292094,1.6325046345585814,0.2800842097964927,,1.6563570105603964,0.32892226977674344
2023-07-22,Milagros (Masbate),29.96072266995907,33.37809378281236,0.10803552344441414,-0.043946653604507446,8.545183062553406,1.047932,5.8161958922720824,5.59896844041761,-0.9778149025248916,,5.683710898734398,0.32883699818926837
2023-07-23,Milagros (Masbate),29.63405254483223,33.36436045356095,0.13855403289198875,-0.031128879636526108,8.545183062553406,1.0703576,33.32238174500378,7.648719723183004,-1.569188603539404,,7.8080257605419465,0.32875172660179325
2023-07-24,Milagros (Masbate),29.228278443217278,33.344523422420025,0.14465773478150368,-0.02136295661330223,8.545183062553406,1.1123594,41.08928829757969,9.487869256239172,3.9131888368329824,,10.263172506403794,0.3286664550143181
2023-07-25,Milagros (Masbate),28.73827325552702,33.33536786958575,0.03906369209289551,0.01037629321217537,8.545183062553406,1.1061765,0.7422134300758099,7.924303800200066,6.961708134197713,,10.547984208540504,0.32858118342684306
2023-07-26,Milagros (Masbate),28.634266175329685,33.355204900726676,-0.0158696249127388,0.036011841148138046,8.545183062553406,1.1402503,5.182688405499254,4.174322351913048,6.466752484932578,,7.697002975123666,0.32849591183936794
2023-07-27,Milagros (Masbate),28.793206572532654,33.39487896300852,-0.023194067180156708,0.046388134360313416,8.545183062553406,1.8708788,0.0,2.9417130491698513,5.444879192005204,,6.188730490107598,0.3284106402518928
2023-07-28,Milagros (Masbate),28.892818987369537,33.4253974724561,0.0012207403779029846,0.03479110077023506,8.545183062553406,2.089248,24.84046640454151,3.64106638738399,3.5793265562551246,,5.105775458600845,0.32832536866441775
2023-07-29,Milagros (Masbate),28.911130093038082,33.40708636678755,0.043336283415555954,0.017090365290641785,8.545183062553406,2.0896943,32.341730311240916,4.3826236852508975,2.4024949014457393,,4.997936786114339,0.3282400970769426
2023-07-30,Milagros (Masbate),28.874507881700993,33.41013821773231,0.059816278517246246,0.005493331700563431,8.545183062553406,2.247847,0.0,5.0896278472027054,2.8012413246667025,,5.809583856184684,0.3281548254894675
2023-07-31,Milagros (Masbate),29.26270332187414,33.44828635454178,0.07080294191837311,0.031128879636526108,8.69777561724186,2.4222178,0.0,3.545704602076371,3.1969610596172666,,4.7741576368920535,0.32806955390199244
2023-08-01,Milagros (Masbate),29.38428906351328,33.475753013044596,0.03723258152604103,0.03479110077023506,8.545183062553406,2.3639395,0.0,3.108304177002591,4.274249571544847,,5.284956410096782,0.3279842823145173
2023-08-02,Milagros (Masbate),29.48243658989668,33.50779744796455,0.017090365290641785,0.032959990203380585,8.545183062553406,1.9947548,0.0,3.4791956547269707,5.075538476977644,,6.153526893997586,0.3278990107270422
2023-08-03,Milagros (Masbate),29.579851672053337,33.536790031939745,0.009155552834272385,0.032959990203380585,8.545183062553406,1.4804318,2.427830725122417,3.0292510227731895,4.767940400334373,,5.6488598336401585,0.32781373913956713
2023-08-04,Milagros (Masbate),29.955595560371876,33.57036039233208,0.051271095871925354,0.03479110077023506,8.69777561724186,1.7577852,0.0,2.744330708526981,3.3970245091637628,,4.367050097448334,0.327728467552092
2023-08-05,Milagros (Masbate),30.064729750156403,33.59324927441776,0.07751701399683952,0.0024414807558059692,8.545183062553406,3.1228406,0.0,5.738184964283585,3.046977454538079,,6.496986862599735,0.3276431959646169
2023-08-06,Milagros (Masbate),30.05887019634247,33.622241858392954,0.08545182645320892,-0.0079348124563694,8.545183062553406,3.170338,0.0,6.862222648178652,3.050088418613114,,7.509536539263517,0.3275579243771418
2023-08-07,Milagros (Masbate),30.094027519226074,33.65123444236815,0.07812738418579102,-0.003662221133708954,8.545183062553406,3.2029796,0.0,6.459191170689951,3.0455814635022724,0.3274726527896667,7.141198570992664,0.3274726527896667
2023-08-08,Milagros (Masbate),30.142368838191032,33.67259739898145,0.07080294191837311,-0.0024414807558059692,8.545183062553406,2.3545816,0.0,6.035944131275572,2.736328974330652,,6.627225498777106,0.3210463321042093
2023-08-09,Milagros (Masbate),30.143101282417774,33.66496777161956,0.07629627361893654,-0.0048829615116119385,8.545183062553406,0.8954728,0.0,5.787116142646818,2.266590106211238,,6.215154379261874,0.3146200114187519
2023-08-10,Milagros (Masbate),30.129917286336422,33.67564924992621,0.06714072078466415,-0.0048829615116119385,8.545183062553406,0.8954734,0.0,4.746788277425384,2.2144113720650944,,5.237901934499562,0.3081936907332945
2023-08-11,Milagros (Masbate),30.069856859743595,33.655812218785286,0.05859553813934326,-0.0006103701889514923,8.545183062553406,0.92926013,0.0,4.827573611026674,1.969543611868518,,5.2138823355473995,0.30176737004783716
2023-08-12,Milagros (Masbate),29.951933339238167,33.6619159206748,0.040894802659749985,0.0006103701889514923,8.545183062553406,0.9498159,9.464484075503707,4.376475581921783,1.8723929263654233,,4.7601884195755195,0.29534104936237976
2023-08-13,Milagros (Masbate),29.902127131819725,33.6619159206748,0.03662221133708954,-0.001831110566854477,8.545183062553406,1.4755296,13.569050576092023,3.7808508728548094,1.5461855991885003,,4.084791699695944,0.28891472867692236
2023-08-14,Milagros (Masbate),29.975371554493904,33.61766408197582,0.040894802659749985,0.0158696249127388,8.69777561724186,1.4115603,9.046033437547045,2.9823690136081114,1.431213854432005,,3.3080051436549995,0.28248840799146496
2023-08-15,Milagros (Masbate),30.078646190464497,33.62681963481009,0.0476088747382164,-0.009155552834272385,8.69777561724186,1.5796264,9.046033437547045,3.350245964307952,1.429363852235407,,3.642420766940437,0.27606208730600756
2023-08-16,Milagros (Masbate),30.13797417283058,33.620715932920575,0.05859553813934326,-0.005493331700563431,8.545183062553406,1.7346119,8.875022446166188,3.967970341496746,1.6785615650596362,,4.30840545430595,0.26963576662055017
2023-08-17,Milagros (Masbate),30.15701772272587,33.622241858392954,0.04516739398241043,0.009155552834272385,8.545183062553406,1.4602975,0.0,4.08781140789141,2.274200444588689,,4.677840288921217,0.26320944593509277
2023-08-18,Milagros (Masbate),30.254432804882526,33.63597518764436,0.027466658502817154,0.03234962001442909,8.545183062553406,1.0499067,8.875022446166188,2.605980548466872,2.6052606271426395,,3.6849040088348786,0.2567831252496354
2023-08-19,Milagros (Masbate),30.39872431755066,33.63902703858912,0.0048829615116119385,0.0476088747382164,8.69777561724186,0.7865246,8.875022446166188,1.7296719972569536,2.36038892306184,,2.9262947709019147,0.250356804564178
2023-08-20,Milagros (Masbate),30.56279182434082,33.63902703858912,0.03906369209289551,0.02075258642435074,8.69777561724186,2.0080254,0.0,3.0464567368888367,0.7622703562260444,,3.1403749371239673,0.24393048387872063
2023-08-21,Milagros (Masbate),30.488082513213158,33.619190007448196,0.06653035059571266,-0.025025177747011185,8.545183062553406,0.4874207,8.163289351589055,3.854804169518167,0.040915164619934115,,3.8550213016312274,0.23750416319326323
2023-08-22,Milagros (Masbate),30.51371806114912,33.585619647055864,0.07568590342998505,-0.025635547935962677,8.545183062553406,0.4979996,7.3191840431027675,3.4528601263677063,0.8235104842060886,,3.549705983579113,0.23107784250780583
2023-08-23,Milagros (Masbate),30.298379458487034,33.55357521213591,0.03479110077023506,0.003662221133708954,8.545183062553406,2.0204265,9.336806295367815,2.946073732098044,2.2972371203870585,,3.735859850455089,0.22465152182234846
2023-08-24,Milagros (Masbate),30.34598833322525,33.561204839497805,0.05798516795039177,-0.009155552834272385,8.545183062553406,2.028515,3.211844574848972,4.100338701596947,1.7248342636502951,,4.448351459234734,0.2182252011368911
2023-08-25,Milagros (Masbate),30.425092309713364,33.584093721583486,0.056764427572488785,0.02136295661330223,8.545183062553406,1.8904922,0.0,4.812842159035005,2.596395812224256,,5.468520902540319,0.2117988804514337
2023-08-26,Milagros (Masbate),30.237586587667465,33.59324927441776,0.054322946816682816,0.007324442267417908,8.545183062553406,1.7492778,0.0,6.654664180546377,4.043706408518352,,7.786919601109246,0.2053725597659763
2023-08-27,Milagros (Masbate),29.974639110267162,33.57646409422159,0.04150517284870148,0.014038514345884323,8.545183062553406,0.9094149,30.559124615806592,6.989039862226527,5.49605415802624,,8.89119168074499,0.1989462390805189
2023-08-28,Milagros (Masbate),29.514664135873318,33.48033078946173,0.01831110566854477,0.022583696991205215,8.545183062553406,0.9714918,15.464671804261737,6.617510558990471,5.664858093838736,,8.71103112275927,0.19251991839506152
2023-08-29,Milagros (Masbate),29.14697713404894,33.43150117434561,0.0158696249127388,0.0238044373691082,8.545183062553406,1.0423062,0.0,6.008103857004456,5.478647247168896,,8.130983188733275,0.18609359770960412
2023-08-30,Milagros (Masbate),29.18872645497322,33.44981228001416,0.025635547935962677,0.022583696991205215,8.545183062553406,1.4614855,0.0,5.043444761350271,4.591505220802263,,6.820429257271563,0.17966727702414673
2023-08-31,Milagros (Masbate),29.451673932373524,33.475753013044596,0.043946653604507446,0.03234962001442909,8.545183062553406,3.3184514,0.0,4.33748452305216,3.8119469462050697,,5.77448798668758,0.17324095633868936
2023-09-01,Milagros (Masbate),29.60914944112301,33.49406411871314,0.03662221133708954,0.02685628831386566,8.545183062553406,2.2112312,0.0,4.593683917024095,3.9344924372777137,0.16681463565323196,6.048318995268136,0.16681463565323196
2023-09-02,Milagros (Masbate),29.685323640704155,33.513901149854064,0.019531846046447754,0.029908139258623123,8.545183062553406,2.2112377,0.0,4.317979821425895,4.658831937210919,,6.35213859715117,0.23180541807065042
2023-09-03,Milagros (Masbate),29.651631206274033,33.50932337343693,0.006714072078466415,0.03234962001442909,8.545183062553406,1.4500622,5.21362766436099,3.3409459540840114,5.036001822005531,,6.0434455585661855,0.2967962004880689
2023-09-04,Milagros (Masbate),29.74831384420395,33.51695300079882,0.03662221133708954,0.0238044373691082,8.545183062553406,1.6807395,0.0,2.8104938294614437,3.050081736372566,,4.147514215044277,0.3617869829054874
2023-09-05,Milagros (Masbate),30.192175045609474,33.54289373382926,0.04943998530507088,0.028077028691768646,8.69777561724186,3.7954714,0.0,1.3870165088523563,1.3771798655990273,,1.9545943768568284,0.42677776532290584
2023-09-06,Milagros (Masbate),30.594286926090717,33.548997435718775,0.0030518509447574615,0.01037629321217537,8.69777561724186,1.154229,4.076966274098982,0.22789665933517006,0.7224259439069717,0.4917685477403243,0.7575197236811788,0.4917685477403243
2023-09-07,Milagros (Masbate),30.73491621762514,33.56425669044256,-0.02624591812491417,0.07202368229627609,8.69777561724186,3.450022,4.076966274098982,-0.31170322539412204,1.5242467066152012,,1.5557914138303972,0.4687436876596469
2023-09-08,Milagros (Masbate),30.809625528752804,33.56730854138732,-0.009155552834272385,0.035401470959186554,8.69777561724186,1.2009264,4.076966274098982,0.5986426870165736,1.211743825141701,,1.3515532414549805,0.4457188275789695
2023-09-09,Milagros (Masbate),31.03302101790905,33.57493816874921,0.008545182645320892,0.02136295661330223,8.69777561724186,1.4117371,0.0,0.9121335874255669,0.47892057351840805,,1.030219683877684,0.42269396749829213
2023-09-10,Milagros (Masbate),31.07843255996704,33.584093721583486,0.038453321903944016,-0.009155552834272385,8.69777561724186,0.856408,4.076966274098982,2.810409208711949,0.6756462366436615,,2.890484000561786,0.39966910741761474
2023-09-11,Milagros (Masbate),30.935605935752392,33.57951594516635,0.05798516795039177,-0.019531846046447754,8.545183062553406,0.65500873,0.37964949888341565,3.910548049841067,0.7785529871703717,,3.9872961771039384,0.37664424733693735
2023-09-12,Milagros (Masbate),30.723197109997272,33.53221225552261,0.06408886983990669,-0.01831110566854477,8.545183062553406,0.453134,47.41032032840876,3.7513310822516885,0.1061254281687346,,3.752831930045845,0.3536193872562599
2023-09-13,Milagros (Masbate),30.549607828259468,33.451338205486536,0.06469924002885818,-0.009155552834272385,8.545183062553406,0.50641,25.913733666131755,3.5321207277609186,1.3477855286824536,,3.7805294162066985,0.3305945271755825
2023-09-14,Milagros (Masbate),30.500534065067768,33.41929377056658,-0.003662221133708954,0.03479110077023506,8.545183062553406,0.47205195,12.956866833065877,0.5883954484899813,2.4785593568256195,,2.547442970728011,0.30756966709490513
2023-09-15,Milagros (Masbate),30.658742018043995,33.37199008092284,-0.02868739888072014,0.05798516795039177,8.69777561724186,0.40569612,38.87060072552601,-0.16541785586383745,1.3885561817838132,,1.3983745338816176,0.28454480701422774
2023-09-16,Milagros (Masbate),31.022766798734665,33.379619708284736,-0.07751701399683952,0.017090365290641785,8.69777561724186,2.1807535,0.0,-1.330940778919968,0.08630736481823348,0.26151994693355035,1.3337362251262275,0.26151994693355035
2023-09-17,Milagros (Masbate),30.965636149048805,33.379619708284736,-0.09460737928748131,0.03418073058128357,8.69777561724186,1.5251296,0.0,-2.055902685474566,-0.6910915901518039,,2.1689498468429558,0.2624230564203098
2023-09-18,Milagros (Masbate),30.978820145130157,33.37656785733998,-0.09643848985433578,0.031128879636526108,8.69777561724186,2.843432,0.0,-2.3912273193838156,-0.559410621683564,,2.4557907762307236,0.2633261659070692
2023-09-19,Milagros (Masbate),31.04474012553692,33.368938229978085,-0.08667256683111191,0.03784295171499252,8.69777561724186,0.76758546,12.731018813096485,-2.314210871034644,-0.01768819173764004,,2.314278468063399,0.2642292753938286
2023-09-20,Milagros (Masbate),31.259346283972263,33.28959010541439,-0.046388134360313416,0.015259254723787308,8.69777561724186,0.62610775,25.46203762619297,-1.3270704816860348,-0.23991273988145193,,1.3485822874855762,0.26513238488058805
2023-09-21,Milagros (Masbate),31.126773878932,33.295693807303905,-0.017090365290641785,-0.030518509447574615,8.69777561724186,0.62610775,42.4924600303294,0.7102803459845374,-0.681318840537404,,0.9842222982452423,0.26603549436734747
2023-09-22,Milagros (Masbate),30.78765220195055,33.1598864402622,0.07385479286313057,-0.03479110077023506,8.69777561724186,0.5780762,28.816457984413624,3.3253347980984356,0.8793837448497654,,3.4396463902776926,0.2669386038541069
2023-09-23,Milagros (Masbate),30.51371806114912,33.1598864402622,0.031128879636526108,0.0024414807558059692,8.545183062553406,0.47710997,21.06308922757967,3.1133706538674835,2.092948182306525,,3.7514675691232395,0.2678417133408663
2023-09-24,Milagros (Masbate),30.429486975073814,33.129367930814624,0.04455702379345894,-0.01831110566854477,8.545183062553406,0.53754807,6.363717071424874,3.44061241939312,0.07175825400410804,,3.4413606418827856,0.26874482282762574
2023-09-25,Milagros (Masbate),30.33426922559738,33.08664201758802,0.07690664380788803,-0.04516739398241043,8.545183062553406,0.52541894,42.4924600303294,4.020330790767615,-1.378803818617814,,4.250195246977393,0.26964793231438516
2023-09-26,Milagros (Masbate),30.279335908591747,33.080538315698504,0.08667256683111191,-0.054322946816682816,8.545183062553406,0.82075024,0.1237157102047067,3.497116187910216,-1.47110677316598,0.2705510418011446,3.793939478931959,0.2705510418011446
2023-09-27,Milagros (Masbate),30.24417858570814,33.056123508140445,0.07629627361893654,-0.04699850454926491,8.545183062553406,0.50455743,16.681444691354315,3.577385358841972,-0.17411063231727839,,3.581619817616441,0.2753860595567387
2023-09-28,Milagros (Masbate),30.32474745064974,33.07443461380899,0.056764427572488785,-0.028077028691768646,8.69777561724186,0.48279148,8.710192843818279,3.3436408661743227,0.3161934634448657,,3.358558105538184,0.28022107731233287
2023-09-29,Milagros (Masbate),30.347453221678734,33.092745719477534,0.05310220643877983,-0.03662221133708954,8.69777561724186,0.42732444,17.69531833037402,3.412862445081286,-0.2280126123375522,,3.4204707015893603,0.285056095067927
2023-09-30,Milagros (Masbate),30.230262145400047,33.1095308996737,0.04821924492716789,-0.0048829615116119385,8.545183062553406,0.45252255,26.130579756916656,4.931692133244024,1.574903247805593,,5.177055875403471,0.28989111282352115
2023-10-01,Milagros (Masbate),30.118198178708553,33.140049409121275,0.017090365290641785,0.02136295661330223,8.545183062553406,0.47922945,2.4345717386590056,4.828256863687155,3.1857750604258883,,5.784568011301596,0.2947261305791153
2023-10-02,Milagros (Masbate),30.020783096551895,33.16904199309647,0.006103701889514923,0.028077028691768646,8.545183062553406,1.2232466,6.596438840243202,4.5739917316403025,3.680802706232693,,5.871090948309672,0.2995611483347094
2023-10-03,Milagros (Masbate),29.983428440988064,33.19345680065453,0.010986663401126862,0.02685628831386566,8.545183062553406,1.5013007,2.1871216930675703,4.362456475709877,3.661792494368669,,5.695590467570308,0.30439616609030357
2023-10-04,Milagros (Masbate),29.96511733531952,33.21787160821259,0.02075258642435074,0.021973326802253723,8.545183062553406,1.484799,0.0,3.809530547237625,3.2401712856638274,,5.001123168926854,0.3092311838458977
2023-10-05,Milagros (Masbate),30.033967092633247,33.23313086293638,0.017700735479593277,0.027466658502817154,8.545183062553406,1.3777735,0.0,2.3870219315682126,2.137333076929567,,3.2040702837991635,0.31406620160149185
2023-10-06,Milagros (Masbate),30.436811417341232,33.25601974502206,0.017700735479593277,0.032959990203380585,8.69777561724186,3.5945354,0.0,2.2626676531294345,0.5125894434260022,0.318901219357086,2.320002768539305,0.318901219357086
2023-10-07,Milagros (Masbate),30.491744734346867,33.249916043132544,0.030518509447574615,-0.03906369209289551,8.69777561724186,1.0656763,0.18184791278645668,0.6458199732082974,-1.3081651157998644,,1.4588966406125001,0.31417590438224263
2023-10-08,Milagros (Masbate),30.571581155061722,33.26822714880109,-0.04943998530507088,-0.036011841148138046,8.69777561724186,1.9440931,0.0,-1.6195128725734034,-2.3118234546801353,,2.8226493990646717,0.3094505894073993
2023-10-09,Milagros (Masbate),30.479293182492256,33.27890862710774,-0.05371257662773132,-0.017090365290641785,8.545183062553406,0.6750905,0.0,-2.833197424875626,-2.3105974607499196,,3.6559360325292696,0.3047252744325559
2023-10-10,Milagros (Masbate),30.228797256946564,33.152256812900305,-0.07019257172942162,-0.04455702379345894,8.69777561724186,0.5659874,36.93461760159197,-1.6886405484090725,-2.527232052647286,,3.039475077979602,0.2999999594577126
2023-10-11,Milagros (Masbate),30.23905147612095,33.01339759491384,-0.06836146116256714,-0.014648884534835815,8.69777561724186,1.0159372,30.353490775303715,-1.6094106951624865,-0.9990199379338072,,1.8942659850434589,0.2952746444828692
2023-10-12,Milagros (Masbate),30.577440708875656,33.13699755817652,-0.0634784996509552,-0.008545182645320892,8.69777561724186,2.869079,0.0,-0.9650565811611796,-1.1706396702005548,,1.5171458210369129,0.29054932950802587
2023-10-13,Milagros (Masbate),30.75835443288088,33.11410867609084,-0.0006103701889514923,-0.0158696249127388,8.69777561724186,2.569908,0.0,0.8051377551832037,-0.3592329524885609,,0.8816434194021396,0.2858240145331825
2023-10-14,Milagros (Masbate),30.725394442677498,33.10037534683943,0.02929776906967163,-0.05066072568297386,8.69777561724186,1.2111176,0.4271169008638022,0.06223793097281146,-0.1547953248143205,,0.16683870245284046,0.28109869955833916
2023-10-15,Milagros (Masbate),30.772270873188972,33.08359016664326,-0.021973326802253723,-0.0476088747382164,8.69777561724186,1.3998083,0.0,-0.120704710891645,-0.4094152258619802,,0.42683773778691575,0.2763733845834958
2023-10-16,Milagros (Masbate),30.896786391735077,33.115634601563215,-0.051881466060876846,-0.05066072568297386,8.69777561724186,0.6535187,0.2120385730967802,-0.6969978983140522,-0.9832486841474848,,1.2052319466110937,0.27164806960865245
2023-10-17,Milagros (Masbate),30.882869951426983,33.15530866384506,-0.05737479776144028,-0.06897183135151863,8.69777561724186,3.257262,0.0,-2.3358189601679564,-1.8781940333154885,,2.997275936823638,0.2669227546338091
2023-10-18,Milagros (Masbate),30.862361513078213,33.2026123534888,-0.08301034569740295,-0.022583696991205215,8.69777561724186,2.0672076,0.0,-2.970290878716134,-1.4854365031217942,,3.3210163367546035,0.26219743965896575
2023-10-19,Milagros (Masbate),30.940733045339584,33.246864192187786,-0.07263405248522758,-0.006714072078466415,8.69777561724186,0.83438385,0.0,-2.5838149879444408,-0.4279601002979374,,2.619016941406327,0.2574721246841224
2023-10-20,Milagros (Masbate),31.038148127496243,33.26517529785633,-0.02624591812491417,0.0024414807558059692,8.69777561724186,2.2956293,0.0,0.02722127603213507,-0.49939138499193264,,0.5001327356542244,0.252746809709279
2023-10-21,Milagros (Masbate),31.112124994397163,33.3033234346658,-0.006714072078466415,-0.07263405248522758,8.69777561724186,2.2400947,0.0,-0.7375883035948115,-1.5964069096471116,0.24802149473443566,1.7585651897978969,0.24802149473443566
2023-10-22,Milagros (Masbate),30.98028503358364,33.29111603088677,-0.07263405248522758,-0.051271095871925354,8.69777561724186,1.2714872,0.0,-2.7788191329553427,-2.091911373023611,,3.4782077232770634,0.26730864222200357
2023-10-23,Milagros (Masbate),30.717337556183338,33.28806417994201,-0.06469924002885818,-0.02868739888072014,8.69777561724186,0.5803372,31.81235291749904,-3.348624403526787,-1.4706275895225311,,3.6573256490173227,0.2865957897095715
2023-10-24,Milagros (Masbate),30.740043327212334,33.321634540334344,-0.05859553813934326,-0.027466658502817154,8.69777561724186,0.94519156,0.0,-3.009224871927357,-1.8662062127348629,,3.540926426555121,0.30588293719713944
2023-10-25,Milagros (Masbate),30.936338379979134,33.33689379505813,-0.06164738908410072,-0.036011841148138046,8.69777561724186,1.3479778,0.0,-2.1607972162761584,-1.3354978237035449,,2.5401966551792206,0.3251700846847074
2023-10-26,Milagros (Masbate),31.015442356467247,33.379619708284736,-0.06469924002885818,-0.020142216235399246,8.69777561724186,1.3275553,0.0,-1.885319818578433,-1.2300951107161457,0.3444572321722753,2.2511252296867856,0.3444572321722753
2023-10-27,Milagros (Masbate),31.128238767385483,33.42081969603896,-0.043946653604507446,-0.038453321903944016,8.69777561724186,0.89135647,0.0,-1.556538128524535,-1.5698418789106532,,2.2107045190012147,0.33873620738567733
2023-10-28,Milagros (Masbate),31.01690724492073,33.451338205486536,-0.05493331700563431,-0.048829615116119385,8.69777561724186,0.7665257,0.0,-2.784392943574113,-2.3345106315205615,,3.6335635336275383,0.33301518259907936
2023-10-29,Milagros (Masbate),30.85357218235731,33.48643449135125,-0.05005035549402237,-0.03418073058128357,8.545183062553406,0.8657861,0.0,-4.234119000623057,-3.310113156132537,,5.374440698141426,0.32729415781248145
2023-10-30,Milagros (Masbate),30.612598031759262,33.51542707532644,-0.024414807558059692,-0.028077028691768646,8.545183062553406,0.86731064,9.737790597138007,-3.6168963281693247,-3.3356707963643415,,4.9202275059637905,0.3215731330258835
2023-10-31,Milagros (Masbate),30.356974996626377,33.50474559701979,-0.01892147585749626,-0.03357036039233208,8.545183062553406,1.2835552,43.76273460465561,-2.8309233385431316,-2.320321440109795,,3.6603303859271206,0.3158521082392855
2023-11-01,Milagros (Masbate),30.57890559732914,33.53373818099499,-0.03357036039233208,0.009765923023223877,8.69777561724186,0.898439,0.0,-1.965857594056683,0.42374160654939713,,2.011007963492784,0.31013108345268753
2023-11-02,Milagros (Masbate),30.71807000041008,33.55052336119115,-0.059205908328294754,0.0024414807558059692,8.69777561724186,0.89691144,0.0,-2.107599972935766,-0.9953432574768472,,2.330812271746368,0.30441005866608956
2023-11-03,Milagros (Masbate),30.675588235259056,33.58104187063873,-0.05493331700563431,-0.03357036039233208,8.69777561724186,3.303417,0.0,-2.775892555112976,-2.1326523794652092,,3.50054076524903,0.29868903387949164
2023-11-04,Milagros (Masbate),30.600878924131393,33.597827050834894,-0.05066072568297386,-0.022583696991205215,8.545183062553406,1.5902363,21.549624367611404,-3.7652373477875045,-1.9348205563214869,,4.233266217749371,0.29296800909289367
2023-11-05,Milagros (Masbate),30.65727712959051,33.59477519989014,-0.06591998040676117,-0.016479995101690292,8.69777561724186,1.0356379,0.0,-3.278241536169568,-1.7511316161952077,0.2872469843062957,3.7166287824728808,0.2872469843062957
2023-11-06,Milagros (Masbate),30.61992247402668,33.632923336699605,-0.05066072568297386,-0.019531846046447754,8.545183062553406,1.4749583,0.0,-3.7433806295458725,-2.462897049279311,,4.480932984659332,0.2958120235266667
2023-11-07,Milagros (Masbate),30.420697644352913,33.62987148575485,-0.03906369209289551,-0.021973326802253723,8.545183062553406,1.4514059,18.97383496050419,-4.527847685477524,-2.839082606086934,,5.344323596777196,0.30437706274703774
2023-11-08,Milagros (Masbate),30.326212339103222,33.634449262171984,-0.056764427572488785,-0.024414807558059692,8.545183062553406,2.1968803,19.338732301584365,-4.09756554184588,-2.4937711249535726,,4.796763262177416,0.31294210196740874
2023-11-09,Milagros (Masbate),30.315225675702095,33.681752951815724,-0.05249183624982834,-0.014648884534835815,8.545183062553406,3.2434387,0.0,-4.4159400964005195,-2.5399043713177947,,5.094275331235746,0.3215071411877798
2023-11-10,Milagros (Masbate),30.372356325387955,33.716849237680435,-0.043946653604507446,-0.027466658502817154,8.545183062553406,1.2039248,0.0,-2.8635435415255173,-2.5558128881769937,0.3300721804081508,3.8382367219315863,0.3300721804081508
2023-11-11,Milagros (Masbate),30.458052299916744,33.73821219429374,-0.05310220643877983,-0.027466658502817154,8.69777561724186,1.0606835,0.0,-3.5261134233407967,-1.6628507526207545,,3.8985315825007194,0.30612142499821127
2023-11-12,Milagros (Masbate),30.44340341538191,33.7626270018518,-0.05249183624982834,-0.017090365290641785,8.545183062553406,1.3091918,0.0,-3.4752476038277282,-2.6479131287084616,,4.369071966115573,0.2821706695882717
2023-11-13,Milagros (Masbate),30.328409671783447,33.77483440563083,-0.029908139258623123,-0.03357036039233208,8.545183062553406,0.7498969,22.18367688022327,-4.520643557646759,-3.759672690514501,,5.879741228582572,0.2582199141783321
2023-11-14,Milagros (Masbate),30.07205419242382,33.76720477826893,-0.03723258152604103,-0.019531846046447754,8.545183062553406,0.7522622,29.882839164192248,-5.140464925336805,-3.3423862222506733,,6.131551623146383,0.2342691587683926
2023-11-15,Milagros (Masbate),29.938016898930073,33.79314551129937,-0.046388134360313416,-0.0158696249127388,8.545183062553406,1.3445666,0.6535336918086115,-5.723808527258748,-3.8962011048404768,0.21031840335845306,6.924042685171727,0.21031840335845306
2023-11-16,Milagros (Masbate),29.79372538626194,33.81908624432981,-0.03479110077023506,-0.02136295661330223,8.545183062553406,1.3248812,0.0,-5.034714507234949,-4.564123611925601,,6.795555497109772,0.21224051574973307
2023-11-17,Milagros (Masbate),29.66701253503561,33.84197512641549,-0.008545182645320892,-0.0317392498254776,8.545183062553406,0.8358611,0.0,-3.8837306558723603,-5.481103021114163,,6.71757799622971,0.2141626281410131
2023-11-18,Milagros (Masbate),29.31470686197281,33.848078828305006,0.008545182645320892,-0.036011841148138046,8.545183062553406,0.83603966,25.53653171531569,-4.412316804996352,-6.592295049080363,,7.932647326194622,0.21608474053229312
2023-11-19,Milagros (Masbate),29.002685621380806,33.812982542440295,0.012207403779029846,-0.03662221133708954,8.545183062553406,0.82949024,40.858449374928185,-4.156442940799134,-5.630590006721708,,6.998539972302318,0.21800685292357316
2023-11-20,Milagros (Masbate),28.66869105398655,33.75804922543466,-0.007324442267417908,-0.030518509447574615,8.545183062553406,1.4871719,25.53653171531569,-4.710439038300516,-4.259613496238008,,6.350790743748251,0.21992896531485318
2023-11-21,Milagros (Masbate),28.41160313040018,33.64207888953388,-0.02075258642435074,-0.030518509447574615,8.545183062553406,1.9175298,27.69696121138443,-3.561944360971103,-4.244898809030503,,5.541354846024789,0.22185107770613322
2023-11-22,Milagros (Masbate),28.389629803597927,33.64818259142339,-0.020142216235399246,-0.02868739888072014,8.545183062553406,1.9178272,13.848480605692215,-2.0488519177123927,-3.3238517892700914,,3.904585112114696,0.22377319009741323
2023-11-23,Milagros (Masbate),28.512680433690548,33.67259739898145,-0.032959990203380585,-0.039674062281847,8.69777561724186,3.1621988,0.0,-2.074246935151487,-2.7635588569268417,,3.4553954771753883,0.22569530248869327
2023-11-24,Milagros (Masbate),28.597643963992596,33.680227026343346,-0.05798516795039177,-0.01831110566854477,8.545183062553406,2.659294,0.0,-4.5938856671778865,-3.2244921278628906,,5.61258719359906,0.22761741487997328
2023-11-25,Milagros (Masbate),28.59544663131237,33.704641833901405,-0.03418073058128357,-0.024414807558059692,8.545183062553406,2.0695956,13.848480605692215,-3.805731212499463,-3.943796113845302,,5.480612908185903,0.22953952727125332
2023-11-26,Milagros (Masbate),28.643055506050587,33.7336344178766,-0.0317392498254776,-0.021973326802253723,8.545183062553406,1.1168263,0.0,-3.974219308577003,-3.451154141290727,,5.263542915148921,0.23146163966253333
2023-11-27,Milagros (Masbate),28.715567484498024,33.75957515090704,-0.048829615116119385,-0.020142216235399246,8.545183062553406,1.2363344,12.921930758029404,-4.323472904933398,-2.822435600958069,,5.163192876626708,0.23338375205381334
2023-11-28,Milagros (Masbate),28.755851916968822,33.76873070374131,-0.06408886983990669,-0.006103701889514923,8.545183062553406,1.1147116,0.6634051166248128,-4.771289709228966,-2.2496790694808935,,5.275060322409085,0.23530586444509338
2023-11-29,Milagros (Masbate),28.830561228096485,33.77178255468607,-0.07446516305208206,-0.016479995101690292,8.69777561724186,0.846715,0.0,-4.6650136995612685,-2.7836803357246627,,5.432423863119896,0.2372279768363734
2023-11-30,Milagros (Masbate),28.859858997166157,33.800775138661265,-0.06286812946200371,-0.009765923023223877,8.545183062553406,0.9630122,0.0,-5.028714506247749,-3.246190499036034,,5.985459242312018,0.23915008922765343
2023-12-01,Milagros (Masbate),28.89867854118347,33.823664020746946,-0.06775109097361565,-0.006103701889514923,8.545183062553406,1.391403,0.0,-5.128346081559168,-3.1362531897801422,,6.011324113924434,0.24107220161893345
2023-12-02,Milagros (Masbate),28.89355143159628,33.849604753777385,-0.06714072078466415,-0.0048829615116119385,8.545183062553406,1.3931303,0.0,-5.491083216305851,-3.4978309143450694,,6.510515800898104,0.24299431401021349
2023-12-03,Milagros (Masbate),28.83715322613716,33.8770714122802,-0.0634784996509552,-0.006714072078466415,8.545183062553406,2.629519,0.0,-5.351468123732295,-3.4377586553349695,,6.360534226906837,0.2449164264014935
2023-12-04,Milagros (Masbate),28.84521011263132,33.89996029436588,-0.07263405248522758,0.007324442267417908,8.545183062553406,1.2858495,24.34967075835377,-3.660490451844732,-1.6433944216745888,,4.012472501243791,0.2468385387927735
2023-12-05,Milagros (Masbate),28.982909627258778,33.91827140003443,-0.08606219664216042,0.006103701889514923,8.545183062553406,1.1340169,0.0,-3.7316944131998655,-1.7251463227661237,0.24876065118405355,4.111164437049505,0.24876065118405355
2023-12-06,Milagros (Masbate),28.948484748601913,33.910641772672534,-0.06897183135151863,0.003662221133708954,8.545183062553406,1.3101406,0.0,-3.227245309974828,-1.8265773231171218,,3.708301094582293,0.25171522465577817
2023-12-07,Milagros (Masbate),28.90160831809044,33.94268620759249,-0.05859553813934326,0.0012207403779029846,8.545183062553406,2.1603444,0.0,-4.025469865732187,-2.37725855330429,,4.675015066197789,0.25466979812750273
2023-12-08,Milagros (Masbate),28.859858997166157,33.96710101515055,-0.04577776417136192,-0.010986663401126862,8.545183062553406,1.7983638,0.0,-3.470405543984904,-3.0345332153540996,,4.610000702256828,0.25762437159922735
2023-12-09,Milagros (Masbate),28.9184545353055,33.98541212081909,-0.05859553813934326,-0.0079348124563694,8.545183062553406,2.0208733,0.0,-4.124499303889794,-3.1806645444360395,,5.208466324362663,0.2605789450709519
2023-12-10,Milagros (Masbate),28.904538094997406,34.006775077432394,-0.06103701889514923,-0.0006103701889514923,8.545183062553406,1.7540008,0.0,-3.8729914174977513,-2.913942092427364,0.26353351854267654,4.8467639758947625,0.26353351854267654
2023-12-11,Milagros (Masbate),28.923581644892693,34.018982481211424,-0.056764427572488785,-0.007324442267417908,8.545183062553406,0.6629597,0.0,-3.6016868160214646,-2.8359289986599916,,4.584172903168411,0.2595253680917034
2023-12-12,Milagros (Masbate),28.89428387582302,34.03271581046283,-0.054322946816682816,-0.006714072078466415,8.545183062553406,1.8443396,0.0,-4.749137964842182,-3.442723713028255,,5.865718879502529,0.25551721764073027
2023-12-13,Milagros (Masbate),28.85766166448593,34.052552841603756,-0.059205908328294754,-0.0048829615116119385,8.545183062553406,1.2266649,0.0,-5.509727117217259,-4.439986083019475,,7.07605605712715,0.25150906718975713
2023-12-14,Milagros (Masbate),28.784417241811752,34.0708639472723,-0.06775109097361565,0.001831110566854477,8.545183062553406,0.75009996,0.0,-5.610597058473821,-3.5150678559664312,,6.62076290049746,0.24750091673878397
2023-12-15,Milagros (Masbate),28.78734701871872,34.08459727652371,-0.06408886983990669,0.0006103701889514923,8.545183062553406,1.8360975,0.0,-4.156314558593647,-3.0542781930472707,0.24349276628781083,5.157864479656441,0.24349276628781083
2023-12-16,Milagros (Masbate),28.765373691916466,34.09375282935798,-0.04516739398241043,-0.012207403779029846,8.545183062553406,1.1423649,0.0,-3.310973012756408,-3.947436424179878,,5.152164265058254,0.24991736568158646
2023-12-17,Milagros (Masbate),28.602038629353046,34.10596023313701,-0.025635547935962677,-0.017090365290641785,8.545183062553406,1.0227563,51.07482656358947,-4.54576897045238,-5.542471943208645,,7.168194387290478,0.25634196507536205
2023-12-18,Milagros (Masbate),28.417462684214115,34.11664171144366,-0.0555436871945858,-0.001831110566854477,8.545183062553406,1.0277631,75.25535212085407,-5.95925811379036,-3.4119517361900424,,6.866889537255313,0.26276656446913765
2023-12-19,Milagros (Masbate),28.467268891632557,34.115115785971284,-0.07751701399683952,0.017700735479593277,8.545183062553406,2.470436,0.48331344248556946,-4.334357532577081,-0.8177637491824855,,4.410826767136142,0.2691911638629133
2023-12-20,Milagros (Masbate),28.453352451324463,34.12274541333318,-0.06958220154047012,0.010986663401126862,8.545183062553406,2.4790552,0.0,-3.8809092266851772,-1.910950670664893,0.2756157632566889,4.325874349941841,0.2756157632566889
2023-12-21,Milagros (Masbate),28.621814623475075,34.13342689163983,-0.07568590342998505,0.008545182645320892,8.545183062553406,0.60745066,0.0,-3.9614022723784204,-1.8999253964183864,,4.393452455138268,0.2755250324563194
2023-12-22,Milagros (Masbate),28.629139065742493,34.14410836994648,-0.07568590342998505,0.0048829615116119385,8.545183062553406,0.8856364,0.0,-4.924189219301283,-3.1261516708678045,,5.832706381839612,0.27543430165594984
2023-12-23,Milagros (Masbate),28.589587077498436,34.15936762467027,-0.06591998040676117,0.0024414807558059692,8.545183062553406,0.69008666,0.0,-4.864827110947293,-3.2214889541040233,,5.834769395684976,0.27534357085558026
2023-12-24,Milagros (Masbate),28.616687513887882,34.17004910297692,-0.05066072568297386,-0.009765923023223877,8.545183062553406,1.6599615,0.0,-4.167995295585858,-4.079664236967889,,5.832310440161827,0.2752528400552107
2023-12-25,Milagros (Masbate),28.618152402341366,34.17920465581119,-0.04028443247079849,-0.010986663401126862,8.545183062553406,0.90331423,0.0,-4.492347672578234,-3.492943738458597,0.2751621092548412,5.690504685118552,0.2751621092548412
2023-12-26,Milagros (Masbate),28.598376408219337,34.18988613411784,-0.0555436871945858,-0.004272591322660446,8.545183062553406,1.1387774,0.0,-5.383180988606182,-3.4168048150008055,,6.375985625760437,0.2716207045873624
2023-12-27,Milagros (Masbate),28.596179075539112,34.20056761242449,-0.05859553813934326,-0.0006103701889514923,8.545183062553406,0.9283067,0.0,-4.962519720514258,-3.1718678991284146,,5.889596586016245,0.2680792999198836
2023-12-28,Milagros (Masbate),28.610827960073948,34.21277501620352,-0.05615405738353729,-0.005493331700563431,8.545183062553406,2.017256,0.0,-4.501122271347913,-3.5760724036654508,,5.74877339420174,0.26453789525240484
2023-12-29,Milagros (Masbate),28.555162198841572,34.220404643565416,-0.05493331700563431,-0.0024414807558059692,8.545183062553406,1.3174943,0.0,-5.010259635045497,-3.044724983622069,,5.862853557480235,0.260996490584926
2023-12-30,Milagros (Masbate),28.58299507945776,34.21735279262066,-0.06591998040676117,0.01037629321217537,8.545183062553406,1.2198967,0.7047189089637741,-4.40369415958163,-1.6685496466060226,0.25745508591744726,4.709201649358673,0.25745508591744726
2023-12-31,Milagros (Masbate),28.638660840690136,34.21735279262066,-0.06286812946200371,0.0030518509447574615,8.545183062553406,1.6363952,0.0,-3.992554932614914,-2.0180329171609257,,4.473583769718939,0.2574568788458699
2024-01-01,Milagros (Masbate),28.739738143980503,34.223456494510174,-0.06408886983990669,-0.0006103701889514923,8.545183062553406,2.6862125,0.0,-3.729159811275062,-2.5559794622363015,,4.521024652598438,0.25745867177429244
2024-01-02,Milagros (Masbate),28.82396923005581,34.22803427092731,-0.059205908328294754,0.007324442267417908,8.69777561724186,1.5087049,0.0,-2.747275644985104,-2.113089371400665,,3.4659299128884267,0.25746046470271505
2024-01-03,Milagros (Masbate),28.969725631177425,34.235663898289204,-0.05493331700563431,0.012817773967981339,8.69777561724186,2.807274,0.0,-1.803475173860983,-1.8587319046655557,,2.589866212018402,0.2574622576311376
2024-01-04,Milagros (Masbate),28.92651142179966,34.23718982376158,-0.05005035549402237,-0.01037629321217537,8.545183062553406,1.372507,0.0,-3.473676259521888,-3.29355512596899,0.25746405055956023,4.78684991656962,0.25746405055956023
2024-01-05,Milagros (Masbate),28.839350558817387,34.232612047344446,-0.04516739398241043,-0.012207403779029846,8.545183062553406,1.3702545,42.393808817524935,-4.858000768231506,-4.357373758475315,,6.525862206267245,0.2752595698280215
2024-01-06,Milagros (Masbate),28.76683858036995,34.22650834545493,-0.046388134360313416,-0.011597033590078354,8.545183062553406,0.9046451,0.0,-3.990346400707866,-3.81123954411222,,5.51800790686702,0.29305508909648287
2024-01-07,Milagros (Masbate),28.651844836771488,34.232612047344446,-0.038453321903944016,-0.012207403779029846,8.545183062553406,1.3567684,0.0,-4.676888626331055,-4.726123207981326,,6.649024575088024,0.31085060836494416
2024-01-08,Milagros (Masbate),28.64012572914362,34.24024167470634,-0.05310220643877983,-0.004272591322660446,8.545183062553406,1.9754608,0.0,-5.008254742088644,-3.4584076721325814,,6.086312445834414,0.3286461276334055
2024-01-09,Milagros (Masbate),28.733146145939827,34.246345376595855,-0.06591998040676117,0.010986663401126862,8.545183062553406,1.6402903,0.0,-3.1663257397269375,-1.8733584736482813,0.3464416469018668,3.679006749225551,0.3464416469018668
2024-01-10,Milagros (Masbate),28.895748764276505,34.246345376595855,-0.05737479776144028,-0.012207403779029846,8.69777561724186,1.7893897,0.0,-2.525366069518728,-3.1617199452402627,,4.046473377795356,0.33851093480662364
2024-01-11,Milagros (Masbate),28.757316805422306,34.25397500395775,-0.04516739398241043,-0.01037629321217537,8.545183062553406,1.689103,0.0,-4.648812409996739,-4.583383692980859,,6.528312408304503,0.3305802227113805
2024-01-12,Milagros (Masbate),28.470198668539524,34.2646564822644,-0.039674062281847,-0.01037629321217537,8.545183062553406,1.2195956,0.0,-5.596839104517486,-5.505196836161811,,7.8505923449598445,0.3226495106161373
2024-01-13,Milagros (Masbate),28.020477913320065,34.27838981151581,-0.032959990203380585,-0.012817773967981339,8.545183062553406,1.2368652,21.58639580531246,-5.226608751626993,-5.174657207542644,,7.354897433557922,0.3147187985208941
2024-01-14,Milagros (Masbate),27.816858418285847,34.29212314076722,-0.048829615116119385,-0.006714072078466415,8.545183062553406,1.7993459,0.0,-5.75580550292903,-5.038361535071226,,7.6494695205375765,0.306788086425651
2024-01-15,Milagros (Masbate),27.67036957293749,34.31043424643576,-0.046388134360313416,-0.0079348124563694,8.545183062553406,1.9660467,0.0,-5.9155589723249555,-5.67538164292714,,8.197792065423997,0.2988573743304078
2024-01-16,Milagros (Masbate),27.426465645432472,34.331797203049064,-0.05371257662773132,-0.003662221133708954,8.545183062553406,1.5778506,24.319810356619875,-6.355958724372231,-5.417066125743562,,8.351216481244027,0.2909266622351646
2024-01-17,Milagros (Masbate),27.21625415235758,34.34705645777285,-0.059205908328294754,0.0,8.545183062553406,1.6720054,0.0,-5.441063752476277,-4.552601184961621,,7.094459268177187,0.28299595013992146
2024-01-18,Milagros (Masbate),27.195013269782066,34.34705645777285,-0.06408886983990669,0.0030518509447574615,8.545183062553406,1.6738898,0.0,-4.85381143263133,-3.3627823921559137,,5.904895497850615,0.2750652380446783
2024-01-19,Milagros (Masbate),27.288766130805016,34.340952755883336,-0.07751701399683952,0.009155552834272385,8.545183062553406,1.4827387,0.0,-4.552551969802144,-3.1472176857678393,,5.534501657724863,0.26713452594943515
2024-01-20,Milagros (Masbate),27.34369944781065,34.33484905399382,-0.06897183135151863,0.01037629321217537,8.545183062553406,1.6360776,0.0,-3.5297985177231217,-2.8203534900303007,,4.518171243373412,0.259203813854192
2024-01-21,Milagros (Masbate),27.42207098007202,34.32721942663193,-0.0555436871945858,-0.001831110566854477,8.545183062553406,0.97693294,0.0,-3.327136665511585,-3.5380686936043566,,4.8567240473033655,0.2512731017589488
2024-01-22,Milagros (Masbate),27.492385625839233,34.318063873797655,-0.06103701889514923,0.003662221133708954,8.545183062553406,0.6794863,0.0,-4.309286195696826,-2.8424113604075836,,5.16229114426892,0.24334238966370564
2024-01-23,Milagros (Masbate),27.645466469228268,34.31196017190814,-0.06164738908410072,0.0006103701889514923,8.545183062553406,0.8106504,0.0,-2.8072477626345673,-3.0913343705143492,,4.17576198928293,0.23541167756846249
2024-01-24,Milagros (Masbate),27.603717148303986,34.30433054454625,-0.05249183624982834,-0.0079348124563694,8.545183062553406,0.7796518,0.0,-5.033221009869109,-4.631500448682821,0.2274809654732193,6.8398910912628565,0.2274809654732193
2024-01-25,Milagros (Masbate),27.382518991827965,34.29822684265673,-0.05493331700563431,-0.003662221133708954,8.545183062553406,0.67250854,0.0,-5.821663805224068,-6.185827897047848,,8.494482693663658,0.2275878934877881
2024-01-26,Milagros (Masbate),27.07782219350338,34.30890832096338,-0.03723258152604103,-0.0079348124563694,8.545183062553406,1.1592938,0.0,-5.538419178847452,-5.792193155782443,,8.01396210089106,0.22769482150235687
2024-01-27,Milagros (Masbate),26.745292514562607,34.32111572474241,-0.051881466060876846,-0.004272591322660446,8.545183062553406,0.7899246,0.0,-5.55599116435353,-5.287769037215964,,7.670041669333638,0.22780174951692567
2024-01-28,Milagros (Masbate),26.482345037162304,34.328745352104306,-0.04821924492716789,-0.006714072078466415,8.545183062553406,0.72450256,0.0,-5.92748347318432,-5.728869384688151,,8.243482562102647,0.22790867753149444
2024-01-29,Milagros (Masbate),26.3578295186162,34.331797203049064,-0.0555436871945858,-0.0024414807558059692,8.545183062553406,0.74967057,48.27702978416582,-6.39307178419474,-5.312164390203595,,8.312066971963956,0.22801560554606323
2024-01-30,Milagros (Masbate),26.277260653674603,34.331797203049064,-0.05249183624982834,-0.004272591322660446,8.545183062553406,1.3368901,0.0,-5.055072187377779,-4.4611583873761385,,6.742083429983408,0.22812253356063203
2024-01-31,Milagros (Masbate),26.384197510778904,34.330271277576685,-0.06591998040676117,0.004272591322660446,8.545183062553406,1.4598532,0.0,-5.220885080395777,-3.55000846361562,,6.31349357443577,0.2282294615752008
2024-02-01,Milagros (Masbate),26.520432136952877,34.330271277576685,-0.06714072078466415,0.003662221133708954,8.545183062553406,1.186644,0.0,-3.6630957816617196,-2.927411418968425,,4.689137268361272,0.2283363895897696
2024-02-02,Milagros (Masbate),26.609057888388634,34.328745352104306,-0.07568590342998505,0.0079348124563694,8.545183062553406,1.5163174,0.0,-4.189136443390132,-2.768569367850264,,5.021338515369994,0.22844331760433836
2024-02-03,Milagros (Masbate),26.73870051652193,34.32569350115955,-0.08972441777586937,0.017090365290641785,8.69777561724186,1.8044779,0.0,-4.81089527800098,-2.230618374963404,0.22855024561890716,5.302864481637872,0.22855024561890716
2024-02-04,Milagros (Masbate),26.958433784544468,34.32569350115955,-0.09216589853167534,0.017090365290641785,8.69777561724186,2.0831501,0.0,-4.313057547267083,-1.79988926393691,,4.673549696801447,0.22296638305544425
2024-02-05,Milagros (Masbate),27.038270205259323,34.32264165021479,-0.08606219664216042,0.014648884534835815,8.69777561724186,1.3365358,14.28953748590806,-4.16521768921549,-2.723144947175695,,4.976399984113229,0.21738252049198134
2024-02-06,Milagros (Masbate),27.05291908979416,34.318063873797655,-0.06530961021780968,0.0006103701889514923,8.545183062553406,1.5060749,0.0,-4.451295874964157,-3.559885550814506,,5.6997210546982755,0.21179865792851843
2024-02-07,Milagros (Masbate),27.145939506590366,34.32416757568717,-0.07080294191837311,0.0024414807558059692,8.545183062553406,1.720513,0.0,-3.5562515638820833,-2.1905201677084243,,4.176757569066118,0.2062147953650555
2024-02-08,Milagros (Masbate),27.485793627798557,34.330271277576685,-0.09094515815377235,0.02685628831386566,8.69777561724186,2.6732957,0.0,-2.6732556339923916,-1.6471002404621378,0.20063093280159258,3.139941860417561,0.20063093280159258
2024-02-09,Milagros (Masbate),27.497512735426426,34.330271277576685,-0.08423108607530594,0.0012207403779029846,8.69777561724186,1.0031747,8.637734457638876,-3.991576307965696,-2.968900588294416,,4.974640904174691,0.20341595596506024
2024-02-10,Milagros (Masbate),27.463820300996304,34.33790090493858,-0.05493331700563431,-0.009155552834272385,8.545183062553406,0.92641014,0.0,-4.600735869570158,-4.577203016252147,,6.489804156793734,0.20620097912852786
2024-02-11,Milagros (Masbate),27.364940330386162,34.35010830871761,-0.038453321903944016,-0.014038514345884323,8.545183062553406,0.8145894,0.0,-5.502784189531202,-5.782613612806002,,7.982434091902285,0.20898600229199552
2024-02-12,Milagros (Masbate),27.101260408759117,34.36231571249664,-0.04577776417136192,-0.007324442267417908,8.545183062553406,0.83495235,5.373114667122553,-6.709505163492521,-5.6891265477168655,,8.796796031218959,0.21177102545546314
2024-02-13,Milagros (Masbate),27.025818653404713,34.36841941438615,-0.07202368229627609,0.003662221133708954,8.545183062553406,1.5881587,0.0,-6.201708793126579,-3.213714150889432,,6.98492309180069,0.2145560486189308
2024-02-14,Milagros (Masbate),27.149601727724075,34.377574967220426,-0.09277626872062683,0.01831110566854477,8.545183062553406,1.8335545,0.0,-5.0322583229947675,-2.2284442132157043,,5.503597681586533,0.21734107178239842
2024-02-15,Milagros (Masbate),27.232367925345898,34.36994533985853,-0.08301034569740295,0.0012207403779029846,8.545183062553406,1.723653,0.0,-4.993135151619893,-3.0418185831189235,,5.846713515724011,0.22012609494586607
2024-02-16,Milagros (Masbate),27.293160796165466,34.37147126533091,-0.079348124563694,0.003662221133708954,8.545183062553406,0.898005,0.0,-4.559039748368864,-2.965772504063329,,5.4388096099298515,0.2229111181093337
2024-02-17,Milagros (Masbate),27.34736166894436,34.38367866910994,-0.07629627361893654,0.006714072078466415,8.545183062553406,1.7260829,0.2566969921816193,-4.660805130767881,-3.028124365873342,,5.558114936036141,0.22569614127280135
2024-02-18,Milagros (Masbate),27.38398388028145,34.389782370999455,-0.07995849475264549,0.003662221133708954,8.545183062553406,0.61727035,7.508629761167763,-5.412166812876773,-3.0085458464966943,,6.192164219469412,0.22848116443626898
2024-02-19,Milagros (Masbate),27.435254976153374,34.401989774778485,-0.07263405248522758,0.0024414807558059692,8.545183062553406,1.6126559,0.0,-4.737184718036865,-3.327654380497176,,5.789145250280395,0.23126618759973663
2024-02-20,Milagros (Masbate),27.43012786656618,34.412671253085136,-0.059816278517246246,-0.004272591322660446,8.545183062553406,1.152528,0.0,-5.139078886676399,-3.540918991880991,,6.240852434607521,0.2340512107632043
2024-02-21,Milagros (Masbate),27.485061183571815,34.424878656864166,-0.06714072078466415,-0.0012207403779029846,8.545183062553406,1.5552229,0.0,-4.599737597131776,-3.086411176814383,,5.5392707024329795,0.2368362339266719
2024-02-22,Milagros (Masbate),27.641071803867817,34.43098235875368,-0.07629627361893654,-0.0024414807558059692,8.69777561724186,0.761476,0.0,-4.104463605589477,-2.69796068207632,,4.9117831112171775,0.23962125709013954
2024-02-23,Milagros (Masbate),27.729697555303574,34.437086060643196,-0.07629627361893654,-0.001831110566854477,8.545183062553406,1.0071323,0.0,-4.344903538452497,-3.1765215136801443,0.2424062802536072,5.382237052130817,0.2424062802536072
2024-02-24,Milagros (Masbate),27.766319766640663,34.437086060643196,-0.0634784996509552,-0.012207403779029846,8.545183062553406,0.60141367,8.403350625028473,-4.3455860143221745,-3.1829227091431735,,5.386567996438159,0.25252695705691347
2024-02-25,Milagros (Masbate),27.750205993652344,34.44166383706033,-0.06897183135151863,-0.001831110566854477,8.545183062553406,0.78365076,4.503890787128502,-5.241565088857475,-4.06585618447997,,6.633640862573394,0.2626476338602197
2024-02-26,Milagros (Masbate),27.56855982542038,34.45539716631174,-0.05249183624982834,-0.006714072078466415,8.545183062553406,1.5090586,0.0,-5.312281820093433,-4.502151870802739,,6.963455292013283,0.272768310663526
2024-02-27,Milagros (Masbate),27.42573320120573,34.47218234650791,-0.05615405738353729,-0.0048829615116119385,8.545183062553406,1.5336206,0.0,-5.77393776016498,-3.9448952304004594,,6.992893223630351,0.28288898746683233
2024-02-28,Milagros (Masbate),27.272652357816696,34.48896752670407,-0.08178960531949997,0.01037629321217537,8.545183062553406,1.0914798,0.0,-6.592803198875431,-3.148305331847239,0.2930096642701386,7.305948294481687,0.2930096642701386
2024-02-29,Milagros (Masbate),27.348826557397842,34.50422678142786,-0.08484145626425743,0.012207403779029846,8.545183062553406,1.7665101,0.0,-5.190551777474375,-2.68083931495707,,5.841979731842784,0.30273945880730463
2024-03-01,Milagros (Masbate),27.54878383129835,34.51796011067927,-0.08239997550845146,0.0079348124563694,8.545183062553406,1.5386065,0.0,-4.5642971749287025,-2.7698627814979537,,5.339002578140389,0.3124692533444707
2024-03-02,Milagros (Masbate),27.619098477065563,34.5301675144583,-0.07385479286313057,0.003662221133708954,8.545183062553406,1.5096842,0.0,-4.00361288953849,-2.8131499201052472,,4.893130760797927,0.3221990478816367
2024-03-03,Milagros (Masbate),27.676229126751423,34.534745290875435,-0.07629627361893654,0.0079348124563694,8.545183062553406,1.1861576,11.152295464676243,-4.008612559899814,-2.277742013526665,,4.610540460246613,0.33192884241880277
2024-03-04,Milagros (Masbate),27.918668165802956,34.54237491823733,-0.09765923023223877,0.04211554303765297,8.69777561724186,2.018948,0.0,-4.37189380843251,-0.7983200369876058,0.3416586369559688,4.444183879371601,0.3416586369559688
2024-03-05,Milagros (Masbate),28.160374760627747,34.55458232201636,-0.09399700909852982,0.051881466060876846,8.69777561724186,1.6715336,0.0,-3.1642979847045023,-0.6502564997845076,,3.2304202902280337,0.3362063560614254
2024-03-06,Milagros (Masbate),28.55076753348112,34.56068602390587,-0.1110873743891716,0.06958220154047012,8.69777561724186,1.2200012,0.0,-2.8771492100943146,-0.9676813152131876,,3.0355221470052007,0.330754075166882
2024-03-07,Milagros (Masbate),28.459212005138397,34.56526380032301,-0.10193182155489922,0.017700735479593277,8.545183062553406,1.1911596,0.0,-4.440799232005743,-2.3890078685697995,,5.0426239612994355,0.3253017942723385
2024-03-08,Milagros (Masbate),28.310525827109814,34.57899712957442,-0.06530961021780968,-0.0079348124563694,8.545183062553406,1.3256152,0.0,-4.1221509109286965,-3.5537152330695103,,5.442519645368362,0.3198495133777951
2024-03-09,Milagros (Masbate),28.211645856499672,34.595782309770584,-0.048829615116119385,-0.011597033590078354,8.545183062553406,1.3526641,0.0,-5.203194347140661,-3.785532081647142,0.3143972324832517,6.43455395154134,0.3143972324832517
2024-03-10,Milagros (Masbate),28.158909872174263,34.606463788077235,-0.062257759273052216,-0.010986663401126862,8.545183062553406,0.54359454,8.612218033711278,-4.942381269336251,-3.6728664525922183,,6.1576846777066425,0.30906900605729754
2024-03-11,Milagros (Masbate),28.20651874691248,34.61409341543913,-0.08667256683111191,0.011597033590078354,8.545183062553406,1.5432402,0.0,-3.8715223336698497,-1.8745080629617712,,4.30144925091685,0.3037407796313433
2024-03-12,Milagros (Masbate),28.517075099051,34.62172304280102,-0.10864589363336563,0.04516739398241043,8.69777561724186,2.1138947,7.640511824199684,-3.526097938073342,-1.558774514265799,,3.8552749130522006,0.2984125532053892
2024-03-13,Milagros (Masbate),28.322977378964424,34.62630081921816,-0.08545182645320892,0.0079348124563694,8.545183062553406,0.76103836,0.0,-5.25074463244062,-2.7759947569537724,,5.939399471810161,0.29308432677943497
2024-03-14,Milagros (Masbate),28.430646680295467,34.63850822299719,-0.0952177494764328,0.0079348124563694,8.545183062553406,2.0312672,0.0,-4.084246880073291,-2.6386759784718876,0.2877561003534808,4.862477094727849,0.2877561003534808
2024-03-15,Milagros (Masbate),28.474593333899975,34.6446119248867,-0.1031525619328022,0.025025177747011185,8.545183062553406,1.2878902,0.0,-4.8317087452194665,-2.50112467592923,,5.440683233121771,0.2834217817115979
2024-03-16,Milagros (Masbate),28.470198668539524,34.65071562677622,-0.08789330720901489,0.006103701889514923,8.545183062553406,2.025146,0.0,-5.035460143559198,-2.7862722847459684,,5.754925898924914,0.27908746306971494
2024-03-17,Milagros (Masbate),28.5346537604928,34.66139710508287,-0.08178960531949997,-0.0024414807558059692,8.545183062553406,2.0903528,0.0,-3.582783291198463,-2.986452644004649,,4.664250797992454,0.274753144427832
2024-03-18,Milagros (Masbate),28.448957785964012,34.667500806972384,-0.06591998040676117,-0.006103701889514923,8.545183062553406,1.0496165,1.8746283262303103,-3.9937056344750745,-2.824685594523647,,4.8916800184340925,0.27041882578594906
2024-03-19,Milagros (Masbate),28.502426214516163,34.678182285279036,-0.08484145626425743,0.0048829615116119385,8.545183062553406,1.5454623,0.0,-3.7084830762679895,-2.462572469877476,0.2660845071440661,4.45164125872296,0.2660845071440661
2024-03-20,Milagros (Masbate),28.404278688132763,34.68428598716855,-0.05798516795039177,-0.008545182645320892,8.545183062553406,0.8316709,0.0,-4.842282175742641,-4.066901754320506,,6.323558060839648,0.2627690846165231
2024-03-21,Milagros (Masbate),28.31711782515049,34.69801931641996,-0.06653035059571266,-0.0012207403779029846,8.545183062553406,1.2104505,0.0,-4.963624187401327,-2.9957098743898856,,5.797572140583724,0.25945366208898013
2024-03-22,Milagros (Masbate),28.38670002669096,34.70564894378185,-0.1031525619328022,0.036011841148138046,8.545183062553406,2.065485,0.0,-5.046156449284552,-1.306563503696915,,5.212562047577835,0.2561382395614371
2024-03-23,Milagros (Masbate),28.421124905347824,34.70564894378185,-0.10986663401126862,0.030518509447574615,8.545183062553406,0.97077686,0.0,-5.618479248376723,-1.584111045659418,,5.837526605457147,0.2528228170338941
2024-03-24,Milagros (Masbate),28.319315157830715,34.70717486925423,-0.09094515815377235,0.014038514345884323,8.545183062553406,0.62559646,0.0,-5.567741275228015,-2.443111168805411,,6.080175580607802,0.24950739450635107
2024-03-25,Milagros (Masbate),28.331034265458584,34.70870079472661,-0.07019257172942162,-0.001831110566854477,8.545183062553406,0.6497571,7.86309700515159,-4.246110951939917,-3.124483346517237,,5.271798023335839,0.24619197197880807
2024-03-26,Milagros (Masbate),28.691396825015545,34.691915614530444,-0.11597033590078354,0.030518509447574615,8.69777561724186,1.0005168,6.201186449967823,-3.9876668121422414,-2.143068879730418,,4.527055425762938,0.24287654945126508
2024-03-27,Milagros (Masbate),28.810785233974457,34.67665635980666,-0.10864589363336563,0.007324442267417908,8.69777561724186,1.7776489,2.461010583757629,-4.416683429589187,-2.396090828370054,,5.024773007311554,0.23956112692372206
2024-03-28,Milagros (Masbate),28.999023400247097,34.667500806972384,-0.10864589363336563,0.038453321903944016,8.69777561724186,0.9242013,0.0,-3.707804844401251,-0.4899228159781008,,3.7400322364628487,0.23624570439617903
2024-03-29,Milagros (Masbate),29.198248229920864,34.667500806972384,-0.12329477816820145,0.039674062281847,8.69777561724186,1.4502381,0.0,-4.460651323000956,-1.1044829228592155,0.23293028186863604,4.595355563204856,0.23293028186863604
2024-03-30,Milagros (Masbate),29.08984648436308,34.67055265791714,-0.0952177494764328,0.016479995101690292,8.545183062553406,1.4680539,0.0,-4.3983954745023475,-1.8574160137436226,,4.77450280115469,0.23801483844377078
2024-03-31,Milagros (Masbate),29.267830431461334,34.67513043433428,-0.11352885514497757,0.039674062281847,8.69777561724186,1.0393745,0.0,-4.14607300587054,-0.8939752470888499,,4.241357461051349,0.2430993950189055
2024-04-01,Milagros (Masbate),29.39307839423418,34.67513043433428,-0.11230811476707458,0.040894802659749985,8.69777561724186,1.3586148,0.0,-4.634880573843634,-1.1866101635833073,,4.78436637540566,0.24818395159404028
2024-04-02,Milagros (Masbate),29.346934407949448,34.6736045088619,-0.10071108117699623,0.025025177747011185,8.545183062553406,0.7862497,0.0,-5.109846623331429,-1.4991935268806784,,5.325233679850354,0.253268508169175
2024-04-03,Milagros (Masbate),29.434827715158463,34.67665635980666,-0.09949034079909325,0.017700735479593277,8.545183062553406,2.621061,0.0,-4.200304466702863,-1.8001619124561108,0.25835306474430975,4.569807493107524,0.25835306474430975
2024-04-04,Milagros (Masbate),29.639179654419422,34.67513043433428,-0.1110873743891716,0.03479110077023506,8.69777561724186,1.1812695,0.0,-4.669852080808455,-1.609086250028149,,4.939299243481884,0.2530876447534704
2024-04-05,Milagros (Masbate),29.64284187555313,34.67207858338952,-0.10437330231070518,0.024414807558059692,8.545183062553406,1.6306146,0.0,-4.953192564366148,-1.9503960764970274,,5.323359976077806,0.24782222476263105
2024-04-06,Milagros (Masbate),29.677999198436737,34.66902673244476,-0.09704886004328728,0.023194067180156708,8.545183062553406,0.6277347,0.0,-4.850424044553533,-1.6284315591684186,,5.116483436392493,0.2425568047717917
2024-04-07,Milagros (Masbate),29.774681836366653,34.67207858338952,-0.10132145136594772,0.02929776906967163,8.545183062553406,1.9741186,0.0,-4.638075365104238,-1.7689895961585254,,4.963976962446937,0.23729138478095238
2024-04-08,Milagros (Masbate),29.710959188640118,34.67207858338952,-0.08178960531949997,0.0030518509447574615,8.545183062553406,2.5028956,0.0,-4.146134636752264,-1.9262712029679314,0.23202596479011303,4.571756027333518,0.23202596479011303
2024-04-09,Milagros (Masbate),29.90798668563366,34.67665635980666,-0.10071108117699623,0.02136295661330223,8.69777561724186,1.8249586,0.0,-4.170042147571484,-2.3133692316059262,,4.7687449831442645,0.21837771448996468
2024-04-10,Milagros (Masbate),29.792260497808456,34.678182285279036,-0.06591998040676117,-0.014038514345884323,8.545183062553406,1.7158546,0.0,-4.508086133878114,-2.9606921675847357,,5.393379154265137,0.20472946418981633
2024-04-11,Milagros (Masbate),29.790795609354973,34.68886376358569,-0.07507553324103355,-0.007324442267417908,8.545183062553406,1.3864859,2.574886591874562,-4.424030449364917,-2.7470853624916853,,5.207544853932995,0.19108121388966798
2024-04-12,Milagros (Masbate),29.845728926360607,34.69344154000282,-0.09033478796482086,0.0079348124563694,8.545183062553406,0.6165919,2.4293576902114835,-4.123245390683599,-1.6986794225141917,,4.45944663969272,0.17743296358951965
2024-04-13,Milagros (Masbate),29.93215734511614,34.70107116736472,-0.09765923023223877,0.019531846046447754,8.545183062553406,0.9736771,2.646518039413205,-4.232660410083049,-1.6404281771451712,0.1637847132893713,4.5394293420490905,0.1637847132893713
2024-04-14,Milagros (Masbate),29.996612437069416,34.702597092837095,-0.10193182155489922,0.027466658502817154,8.69777561724186,1.3034533,3.1911296970220415,-4.357862417510275,-1.2684217318084314,,4.538706703420304,0.17631949367439445
2024-04-15,Milagros (Masbate),30.081575967371464,34.70870079472661,-0.10132145136594772,0.011597033590078354,8.69777561724186,1.893191,5.539108453125789e-05,-4.0112026461693615,-1.8302742178068314,,4.4090418892322285,0.1888542740594176
2024-04-16,Milagros (Masbate),30.099154628813267,34.71938227303326,-0.09033478796482086,0.017090365290641785,8.69777561724186,1.1702641,0.0,-3.96021951478356,-1.7878037100618127,,4.345063947858917,0.20138905444444072
2024-04-17,Milagros (Masbate),30.118198178708553,34.725485974922776,-0.09094515815377235,0.019531846046447754,8.69777561724186,1.9792143,0.0,-3.677329131425074,-1.4026327274773558,,3.935750005909681,0.21392383482946387
2024-04-18,Milagros (Masbate),30.27567368745804,34.727011900395155,-0.08911404758691788,0.04577776417136192,8.69777561724186,2.3663275,0.0,-3.1803331984511813,-0.714907560708734,0.226458615214487,3.259695089042721,0.226458615214487
2024-04-19,Milagros (Masbate),30.262489691376686,34.728537825867534,-0.09155552834272385,0.03234962001442909,8.545183062553406,2.6852095,0.0,-4.163336881537356,-0.5712037252292184,,4.202338359162067,0.18905035091148226
2024-04-20,Milagros (Masbate),30.26761680096388,34.73311560228467,-0.0952177494764328,0.02868739888072014,8.545183062553406,1.141227,0.0,-4.7239562830692785,-1.1826325281738035,,4.869741539449961,0.15164208660847753
2024-04-21,Milagros (Masbate),30.195837266743183,34.73464152775705,-0.08850367739796638,0.016479995101690292,8.545183062553406,0.5198348,0.0,-4.779998147475719,-1.5836346039213358,,5.035502045338517,0.11423382230547278
2024-04-22,Milagros (Masbate),30.183385714888573,34.73158967681229,-0.08789330720901489,0.015259254723787308,8.545183062553406,0.7480574,6.440573421501484,-4.359394927310599,-0.8267704990975939,,4.437101935998255,0.07682555800246804
2024-04-23,Milagros (Masbate),30.35477766394615,34.73158967681229,-0.0952177494764328,0.04028443247079849,8.545183062553406,1.0646812,0.33153472033765685,-3.8092836031813615,0.463533234519219,0.0394172936994633,3.8373825231491097,0.0394172936994633
2024-04-24,Milagros (Masbate),30.51005584001541,34.73464152775705,-0.10864589363336563,0.04211554303765297,8.69777561724186,1.4006749,0.0,-4.373201400172263,-0.43668240107465817,,4.39494960219989,0.0743953633014748
2024-04-25,Milagros (Masbate),30.55473493784666,34.74074522964656,-0.08911404758691788,0.038453321903944016,8.545183062553406,0.6374149,0.0,-3.7703751202903995,-0.7330229062283532,,3.8409700765249792,0.10937343290348629
2024-04-26,Milagros (Masbate),30.655812241137028,34.74227115511894,-0.09155552834272385,0.035401470959186554,8.69777561724186,0.654381,0.0,-3.2459695739134964,0.21306384450720403,,3.2529547609224996,0.14435150250549778
2024-04-27,Milagros (Masbate),30.753227323293686,34.74074522964656,-0.09704886004328728,0.03723258152604103,8.545183062553406,2.067587,0.0,-4.126038693338094,0.5429377755033703,,4.16160746911475,0.17932957210750927
2024-04-28,Milagros (Masbate),30.805963307619095,34.74227115511894,-0.09582811966538429,0.03784295171499252,8.545183062553406,1.8200281,0.0,-4.412083119500168,-0.645410431486908,0.21430764170952077,4.459039367223668,0.21430764170952077
2024-04-29,Milagros (Masbate),30.851374849677086,34.751426707953215,-0.09338663890957832,0.012207403779029846,8.69777561724186,2.2428632,0.0,-4.181401024360695,-1.4348144462286703,,4.4207247167892225,0.20857596625740407
2024-04-30,Milagros (Masbate),30.838190853595734,34.75295263342559,-0.07873775437474251,0.03418073058128357,8.545183062553406,2.1037428,0.0,-3.6657526664930504,1.1592859302963587,,3.844695889154824,0.20284429080528737
2024-05-01,Milagros (Masbate),30.839655742049217,34.75753040984273,-0.08239997550845146,0.027466658502817154,8.545183062553406,2.3667865,0.0,-4.157880268644228,-0.1840416252434239,,4.161951423095089,0.1971126153531707
2024-05-02,Milagros (Masbate),30.781792648136616,34.766685962677,-0.07995849475264549,0.020142216235399246,8.545183062553406,1.5035771,0.0,-4.2559048869589855,-1.5157923325454927,,4.517781845357861,0.191380939901054
2024-05-03,Milagros (Masbate),30.749565102159977,34.774315590038896,-0.079348124563694,0.0048829615116119385,8.545183062553406,1.8220698,0.0,-4.647528441119758,-2.0497597272106844,0.1856492644489373,5.079471975541539,0.1856492644489373
2024-05-04,Milagros (Masbate),30.77593309432268,34.78347114287317,-0.07751701399683952,0.0048829615116119385,8.545183062553406,1.8325615,0.0,-4.3378816930795985,-1.6582737013013267,,4.6440380329604025,0.1877683241710844
2024-05-05,Milagros (Masbate),30.797173976898193,34.788048919290304,-0.07324442267417908,0.011597033590078354,8.545183062553406,2.7185912,0.0,-4.256827918536224,-1.2558341680356966,,4.438209479692836,0.18988738389323154
2024-05-06,Milagros (Masbate),30.977355256676674,34.7956785466522,-0.08850367739796638,0.0158696249127388,8.69777561724186,1.5758508,0.0,-3.4632205565495346,-1.3788343550691384,,3.727610602252627,0.19200644361537864
2024-05-07,Milagros (Masbate),31.027893908321857,34.798730397596955,-0.08667256683111191,0.006103701889514923,8.69777561724186,1.5715082,0.0,-3.5086188616775735,-1.7905090816828533,,3.939077187376303,0.19412550333752576
2024-05-08,Milagros (Masbate),31.128971211612225,34.798730397596955,-0.08484145626425743,0.006714072078466415,8.69777561724186,1.9525127,0.0,-3.3749236316623685,-1.8212410257141243,0.19624456305967286,3.834974366706686,0.19624456305967286
2024-05-09,Milagros (Masbate),31.068178340792656,34.800256323069334,-0.08667256683111191,0.014648884534835815,8.545183062553406,0.58802634,0.0,-4.121173772805285,-1.1431891858114613,,4.276792580920241,0.17989586062517346
2024-05-10,Milagros (Masbate),31.133365876972675,34.80788595043123,-0.09033478796482086,0.02929776906967163,8.545183062553406,1.8170053,0.0,-3.9774735755430335,-0.8473210892353399,,4.066724612314688,0.16354715819067406
2024-05-11,Milagros (Masbate),31.133365876972675,34.80788595043123,-0.09216589853167534,0.0158696249127388,8.545183062553406,2.9689214,0.0,-4.107388509237837,-1.747208877475145,,4.4635612718262285,0.14719845575617468
2024-05-12,Milagros (Masbate),31.030823685228825,34.78041929192841,-0.08056886494159698,0.0238044373691082,8.545183062553406,0.75370175,3.1031609829250746,-3.6924242374300724,-0.3346656627935284,,3.7075595551540483,0.13084975332167526
2024-05-13,Milagros (Masbate),31.222724072635174,34.786522993817925,-0.0872829370200634,0.04272591322660446,8.69777561724186,2.7066007,0.0,-3.3802891448145878,0.08544490546279253,0.11450105088717587,3.3813688847005263,0.11450105088717587
2024-05-14,Milagros (Masbate),31.306222714483738,34.78957484476268,-0.08911404758691788,0.03784295171499252,8.545183062553406,2.0464015,0.0,-3.3288402646878597,-0.2795096353087317,,3.3405543168817893,0.12349838530964426
2024-05-15,Milagros (Masbate),31.29450360685587,34.78957484476268,-0.08056886494159698,0.03234962001442909,8.545183062553406,0.77889174,0.0,-3.3483916956953412,-0.33636088358988175,,3.365243764099547,0.13249571973211263
2024-05-16,Milagros (Masbate),31.428540900349617,34.79415262117982,-0.08362071588635445,0.031128879636526108,8.69777561724186,1.0569177,0.7391960300490049,-3.6479276666935436,-0.6414053583981506,,3.7038867551816512,0.14149305415458102
2024-05-17,Milagros (Masbate),31.484939105808735,34.798730397596955,-0.0714133121073246,0.040894802659749985,8.69777561724186,2.5228229,1.5576091373667997,-2.6703522628853444,0.04955987628033194,,2.6708121216652065,0.1504903885770494
2024-05-18,Milagros (Masbate),31.595538184046745,34.79720447212458,-0.07873775437474251,0.048829615116119385,8.69777561724186,1.1307199,0.5801142460192436,-2.5496625248051874,0.9425392415085356,0.1594877229995178,2.718300795015049,0.1594877229995178
2024-05-19,Milagros (Masbate),31.599200405180454,34.800256323069334,-0.07019257172942162,0.04699850454926491,8.545183062553406,1.1947813,1.7286944270859383,-2.2034819676551605,1.1184299188684028,,2.4710763373885154,0.15959480635064074
2024-05-20,Milagros (Masbate),31.640949726104736,34.80178224854171,-0.08178960531949997,0.039674062281847,8.545183062553406,1.5956656,1.4594102094429742,-3.5530366465461944,0.5178699235346089,,3.590579155150596,0.1597018897017637
2024-05-21,Milagros (Masbate),31.607989735901356,34.80483409948647,-0.08117923513054848,0.02929776906967163,8.545183062553406,2.137,0.0,-4.032456014970512,-0.12709534546991288,,4.034458419603799,0.15980897305288663
2024-05-22,Milagros (Masbate),31.677571937441826,34.812463726848364,-0.09643848985433578,0.03357036039233208,8.545183062553406,1.84904,0.0,-3.8175514840980664,-1.022931759637524,,3.9522257929696365,0.15991605640400958
2024-05-23,Milagros (Masbate),31.66731771826744,34.812463726848364,-0.09216589853167534,0.021973326802253723,8.545183062553406,2.2318633,0.0,-4.045789307342584,-1.710805549769413,0.16002313975513252,4.39263778936181,0.16002313975513252
2024-05-24,Milagros (Masbate),31.36481825262308,34.74074522964656,-0.04943998530507088,-0.011597033590078354,8.545183062553406,2.1403658,47.369709788664835,-3.247946024839764,-3.120333085895382,,4.503957365162977,0.16538389076153548
2024-05-25,Milagros (Masbate),30.433149196207523,33.74584182165563,0.029908139258623123,0.011597033590078354,8.69777561724186,2.103913,28.650233019196236,-1.5390850972171852,3.9697876638316654,,4.257698560535505,0.17074464176793844
2024-05-26,Milagros (Masbate),30.653614908456802,34.20056761242449,-0.040894802659749985,0.06775109097361565,8.69777561724186,1.1597693,29.903372604029656,1.4974850461578195,4.0966799962207885,,4.361794178420372,0.1761053927743414
2024-05-27,Milagros (Masbate),30.66020690649748,34.25397500395775,-0.01037629321217537,0.04028443247079849,8.545183062553406,1.3122933,0.0,2.143544275803386,3.584716857960705,,4.176718450419795,0.18146614378074433
2024-05-28,Milagros (Masbate),30.647022910416126,34.18988613411784,0.001831110566854477,0.05493331700563431,8.69777561724186,1.3420438,4.200569477816383,1.0506398957530776,3.0910206951813675,,3.2646980149146327,0.18682689478714729
2024-05-29,Milagros (Masbate),30.764946430921555,34.17767873033881,-0.007324442267417908,0.04272591322660446,8.69777561724186,1.350252,6.957438602408821,0.3468247877376722,2.6012982674328775,,2.6243170748860685,0.19218764579355024
2024-05-30,Milagros (Masbate),30.9795525893569,34.19141205959022,-0.08117923513054848,0.04699850454926491,8.69777561724186,1.0666854,0.0,-3.0351847022008376,1.4934581210589593,,3.3827153790750626,0.1975483967999532
2024-05-31,Milagros (Masbate),31.120181880891323,34.20056761242449,-0.10498367249965668,0.04028443247079849,8.69777561724186,1.2370005,0.0,-3.45165947703492,0.49317029025226533,,3.486713363698324,0.20290914780635616
2024-06-01,Milagros (Masbate),31.179509863257408,34.209723165258765,-0.10132145136594772,0.017700735479593277,8.69777561724186,4.094877,0.0,-3.715825698533253,-1.015352132861656,,3.8520514762379348,0.2082698988127591
2024-06-02,Milagros (Masbate),31.44245734065771,34.223456494510174,-0.09216589853167534,0.03662221133708954,8.69777561724186,2.354994,0.0,-1.751383618635713,0.3081026576887563,0.21363064981916205,1.778277770006812,0.21363064981916205
2024-06-03,Milagros (Masbate),31.559648416936398,34.21887871809304,0.02075258642435074,0.011597033590078354,8.69777561724186,2.3720279,0.0,2.039490943707377,1.2364170593301627,,2.3850053362764316,0.2170988445707779
2024-06-04,Milagros (Masbate),31.509842209517956,34.20361946336925,0.0317392498254776,-0.003662221133708954,8.69777561724186,1.16669,5.069969777886814,2.039908358001445,0.5411386876502801,,2.110463737740125,0.22056703932239377
2024-06-05,Milagros (Masbate),31.583819076418877,34.14105651900172,0.0024414807558059692,-0.0030518509447574615,8.69777561724186,0.9926058,0.0,0.7417502116584733,0.7634289063108052,,1.0644327463425307,0.22403523407400966
2024-06-06,Milagros (Masbate),31.517166651785374,34.138004668056965,0.015259254723787308,0.014648884534835815,8.69777561724186,0.50813,5.2118855045001355,1.6194130771297133,1.5059360353311526,,2.2114117791328773,0.22750342882562552
2024-06-07,Milagros (Masbate),31.22565384954214,34.08459727652371,-0.024414807558059692,0.01892147585749626,8.69777561724186,0.89544773,0.0,-0.5127395640447402,2.430813883376017,,2.4843023157720525,0.23097162357724138
2024-06-08,Milagros (Masbate),31.332590706646442,34.06781209632754,-0.05737479776144028,0.062257759273052216,8.69777561724186,0.9071725,3.9962510018029516,-0.7628235691134237,2.186828389077179,,2.3160566057134337,0.23443981832885724
2024-06-09,Milagros (Masbate),31.512771986424923,34.00372322648764,-0.07568590342998505,0.06714072078466415,8.69777561724186,2.5874286,10.205786544459345,-1.1089920626758514,0.7218431795878689,,1.323223704063513,0.2379080130804731
2024-06-10,Milagros (Masbate),31.469557777047157,34.052552841603756,-0.07446516305208206,0.0006103701889514923,8.69777561724186,1.6114775,10.205786544459345,-1.9006959466312796,-0.038875527909759636,,1.9010934717185366,0.241376207832089
2024-06-11,Milagros (Masbate),31.459303557872772,34.00067137554288,-0.06469924002885818,-0.03234962001442909,8.69777561724186,0.8965519,4.428971335563891,-1.524907640571163,-0.34955444462675894,,1.5644588911283777,0.24484440258370485
2024-06-12,Milagros (Masbate),31.635090172290802,34.015930630266666,-0.06775109097361565,0.0634784996509552,8.69777561724186,2.2979052,3.670329792262575,-0.9938654280028,1.639404285640953,0.2483125973353207,1.9171371627395657,0.2483125973353207
2024-06-13,Milagros (Masbate),31.60505995899439,34.015930630266666,-0.06164738908410072,0.05493331700563431,8.69777561724186,1.2636093,7.9197646744594605,-1.5556621557382886,1.9824129107255402,,2.5199296996955307,0.253340584721966
2024-06-14,Milagros (Masbate),31.52009642869234,33.98846397176385,-0.04272591322660446,0.04699850454926491,8.545183062553406,0.53823245,7.289814958707797,-0.44742038904937365,2.682487878178402,,2.719545223214933,0.2583685721086113
2024-06-15,Milagros (Masbate),31.702475041151047,33.97625656798482,-0.032959990203380585,0.039674062281847,8.69777561724186,1.2178495,5.552652559222364,-1.1646781187441195,1.8832934363657388,,2.214332695811452,0.2633965594952566
2024-06-16,Milagros (Masbate),31.587481297552586,33.9060639962554,-0.02624591812491417,0.0012207403779029846,8.69777561724186,1.4671491,0.0,-0.5252912908583863,0.6439150448294453,,0.8309979092689561,0.26842454688190187
2024-06-17,Milagros (Masbate),31.572099968791008,33.82824179716408,-0.059816278517246246,0.001831110566854477,8.69777561724186,1.4824759,2.5472821802444923,-1.4538814927148895,0.8021945319493757,,1.6605081938817263,0.2734525342685472
2024-06-18,Milagros (Masbate),31.501785323023796,33.68938257917762,-0.039674062281847,0.015259254723787308,8.69777561724186,0.3851063,8.545488903053391,-0.7546667864583291,0.9514918671781187,,1.2144376195957716,0.2784805216551925
2024-06-19,Milagros (Masbate),31.562578193843365,33.742789970710874,-0.06714072078466415,0.054322946816682816,8.69777561724186,0.84226453,12.677375128012883,-1.8555315514969564,1.608729640908751,,2.4558111483049956,0.2835085090418378
2024-06-20,Milagros (Masbate),31.440992452204227,33.75957515090704,-0.07446516305208206,0.05310220643877983,8.545183062553406,0.8791768,18.694145332243572,-1.8833703954400118,2.5057583330631146,,3.1346305795316782,0.2885364964284831
2024-06-21,Milagros (Masbate),31.276924945414066,33.7336344178766,-0.02929776906967163,0.0317392498254776,8.545183062553406,2.4230382,0.0,0.5473579486174459,3.6132478148343514,,3.6544713017507626,0.2935644838151284
2024-06-22,Milagros (Masbate),31.72884303331375,33.742789970710874,-0.0024414807558059692,0.01037629321217537,8.69777561724186,2.93953,10.902925313365387,-0.7845960446472983,1.075408871572415,0.2985924712017737,1.3312006589289385,0.2985924712017737
2024-06-23,Milagros (Masbate),31.517166651785374,33.716849237680435,-0.011597033590078354,-0.06836146116256714,8.69777561724186,2.670942,8.637372289661462,-0.6162941725274783,-0.42937812039243034,,0.7511218791668004,0.29249458124076616
2024-06-24,Milagros (Masbate),31.338450260460377,33.668019622564316,-0.0872829370200634,-0.014038514345884323,8.69777561724186,0.948937,16.077549112254175,-3.6452694630309224,-0.2665814697600317,,3.655004122860215,0.28639669127975864
2024-06-25,Milagros (Masbate),31.161931201815605,33.62681963481009,-0.07385479286313057,0.0024414807558059692,8.545183062553406,1.1557236,0.0,-4.562239821887637,-0.840200398773292,,4.638962050126746,0.2802988013187512
2024-06-26,Milagros (Masbate),30.956114374101162,33.57646409422159,-0.07812738418579102,0.0012207403779029846,8.545183062553406,0.75082475,12.773123400690103,-5.713680960635184,-0.6108072429485016,,5.746236647403529,0.27420091135774366
2024-06-27,Milagros (Masbate),30.74736776947975,33.584093721583486,-0.07202368229627609,0.017700735479593277,8.545183062553406,1.1295248,12.773123400690103,-4.374891855430764,1.5692684821545486,,4.647825547048649,0.26810302139673614
2024-06-28,Milagros (Masbate),30.94366282224655,33.60393075272441,-0.07080294191837311,0.004272591322660446,8.69777561724186,2.6824954,0.0,-3.182001432149866,-0.8551978233438499,,3.2949197913235855,0.2620051314357286
2024-06-29,Milagros (Masbate),30.872615732252598,33.60240482725203,-0.04699850454926491,-0.030518509447574615,8.69777561724186,1.6473305,0.0,-3.094554623215646,-2.0038468196251014,,3.6866882689735188,0.2559072414747211
2024-06-30,Milagros (Masbate),30.95977659523487,33.585619647055864,-0.06775109097361565,-0.024414807558059692,8.69777561724186,0.70656985,0.8223327052520689,-2.0198168079250913,-0.7703293719303792,,2.1617278456908857,0.24980935151371358
2024-07-01,Milagros (Masbate),31.1846369728446,33.56273076497018,-0.08362071588635445,0.01892147585749626,8.69777561724186,1.6099794,0.18141475507260335,-2.6204195846474274,1.3398327597820519,,2.943085221971832,0.2437114615527061
2024-07-02,Milagros (Masbate),30.792779311537743,33.501693746075034,-0.059816278517246246,0.019531846046447754,8.545183062553406,1.3889763,29.41888089209009,-2.243452827218258,1.936347425190318,,2.9635320040442905,0.23761357159169857
2024-07-03,Milagros (Masbate),30.986877031624317,33.51695300079882,-0.06958220154047012,-0.009765923023223877,8.69777561724186,0.5410571,0.0,-1.9106347936329011,-0.9771807142583874,,2.146021309996518,0.23151568163069108
2024-07-04,Milagros (Masbate),30.753227323293686,33.391827112063766,-0.04699850454926491,-0.08117923513054848,8.69777561724186,0.48648673,20.508559043218835,-1.9139466333026123,-1.3925534357005922,,2.3669382726239245,0.22541779166968356
2024-07-05,Milagros (Masbate),30.83306374400854,33.43455302529037,-0.08667256683111191,0.03479110077023506,8.69777561724186,0.84118986,19.431171604876102,-2.8165517076729576,1.5834722760017308,,3.2311527309710315,0.21931990170867605
2024-07-06,Milagros (Masbate),30.6448255777359,33.39487896300852,-0.07751701399683952,0.019531846046447754,8.69777561724186,0.62450683,14.620163677672103,-2.979269330414802,1.280557259494263,,3.242818625516037,0.21322201174766853
2024-07-07,Milagros (Masbate),30.643360689282417,33.38267155922949,-0.06958220154047012,0.0006103701889514923,8.545183062553406,0.6412959,8.681462700903777,-2.987901864276316,-0.5708260140571971,,3.041940152085559,0.207124121786661
2024-07-08,Milagros (Masbate),30.784722425043583,33.2026123534888,-0.06836146116256714,-0.06714072078466415,8.69777561724186,2.1740432,24.089377362636235,-0.8396653300735142,-1.028711949158507,,1.3278878495072384,0.20102623182565352
2024-07-09,Milagros (Masbate),30.76274909824133,33.11868645250797,-0.03784295171499252,-0.025025177747011185,8.69777561724186,1.5514213,12.128332062618728,-0.31868547673903663,0.5034731053895185,,0.5958570306163654,0.19492834186464603
2024-07-10,Milagros (Masbate),30.79570908844471,33.22702716104686,-0.0048829615116119385,-0.02929776906967163,8.69777561724186,1.4315151,17.588282532914413,0.05171202615514446,0.7603376428387112,,0.7620941311718638,0.1888304519036385
2024-07-11,Milagros (Masbate),31.00811791419983,33.26975307427347,-0.03418073058128357,-0.008545182645320892,8.69777561724186,0.78024876,16.27815156050676,-0.6199858537022173,0.5570937010020198,,0.833508158620535,0.182732561942631
2024-07-12,Milagros (Masbate),31.211004965007305,33.34910119883716,-0.06286812946200371,0.02868739888072014,8.69777561724186,0.8327356,6.571445655145704,-1.6551799799114095,0.7844416809793674,,1.8316575872027145,0.17663467198162347
2024-07-13,Milagros (Masbate),31.20075074583292,33.368938229978085,-0.07080294191837311,0.06164738908410072,8.69777561724186,0.7289157,8.711374251886024,-2.7114457480310796,2.3370054359940053,,3.5795994821182653,0.17053678202061598
2024-07-14,Milagros (Masbate),31.27912227809429,33.34757527336478,-0.06530961021780968,0.04699850454926491,8.69777561724186,0.72608757,0.06114071184433014,-1.9733716744772791,1.53156435453889,,2.497976208398188,0.16443889205960846
2024-07-15,Milagros (Masbate),31.23810540139675,33.332316018640995,-0.04943998530507088,0.031128879636526108,8.69777561724186,0.7311839,0.14769966897326117,-2.118502136707049,1.404895298076929,,2.542003560538615,0.15834100209860094
2024-07-16,Milagros (Masbate),31.076235227286816,33.346049347892404,-0.05005035549402237,-0.02685628831386566,8.69777561724186,0.7252313,40.37102188976977,-2.9638624492815175,-1.3384496034388453,,3.252065183726587,0.15224311213759345
2024-07-17,Milagros (Masbate),30.668263792991638,32.99966426566243,-0.0024414807558059692,-0.13855403289198875,8.69777561724186,1.3097864,47.03024442877779,-0.33924640726241645,-2.5086033883869896,,2.5314381456135053,0.14614522217658593
2024-07-18,Milagros (Masbate),30.490279845893383,32.92794576846063,0.07507553324103355,-0.0030518509447574615,8.69777561724186,1.1893413,32.890103024836726,1.277863057102274,4.071295544270122,,4.267128003880424,0.1400473322155784
2024-07-19,Milagros (Masbate),30.499069176614285,33.141575334593654,0.028077028691768646,0.01831110566854477,8.69777561724186,1.1893057,0.0,2.4088696685880224,2.7971520640499925,,3.6914377618568217,0.1339494422545709
2024-07-20,Milagros (Masbate),30.5378887206316,33.176671620458364,0.06286812946200371,-0.0024414807558059692,8.69777561724186,3.504664,0.0,4.13390095045552,2.370967586560106,,4.765566531347108,0.1278515522935634
2024-07-21,Milagros (Masbate),30.441938526928425,33.19040494970977,0.05066072568297386,0.009765923023223877,8.545183062553406,3.5040815,19.210587426083084,5.53226363320508,3.4622115999728464,,6.526319795280493,0.12175366233255588
2024-07-22,Milagros (Masbate),30.147495947778225,33.188879024237394,0.01342814415693283,0.02868739888072014,8.545183062553406,3.5038528,24.506460302016315,5.209525145386831,5.69992002291591,,7.721932433533421,0.11565577237154837
2024-07-23,Milagros (Masbate),29.83840448409319,33.19193087518215,-0.012207403779029846,0.038453321903944016,8.545183062553406,3.3527265,37.06526985710097,4.885304472924967,6.501873400644373,,8.13268452057422,0.10955788241054087
2024-07-24,Milagros (Masbate),29.654560983181,33.223975310102105,-0.01892147585749626,0.04028443247079849,8.545183062553406,6.3101206,8.605821407349067,3.499708914886998,6.828811800977856,,7.673371690600812,0.10345999244953336
2024-07-25,Milagros (Masbate),29.70729696750641,33.26822714880109,-0.007324442267417908,0.03906369209289551,8.545183062553406,6.2786403,0.0,2.072172964597741,5.2986557834083685,,5.689433531227581,0.09736210248852584
2024-07-26,Milagros (Masbate),30.094027519226074,33.31553083844483,0.01037629321217537,0.04699850454926491,8.69777561724186,5.7481766,0.0,0.5289798596884913,2.6474540707184473,,2.6997838336651574,0.09126421252751835
2024-07-27,Milagros (Masbate),30.21561326086521,33.25144196860492,0.051881466060876846,-0.05249183624982834,8.69777561724186,5.8548083,19.314131336328224,1.5237170196751537,0.5659538666205512,,1.6254283543701595,0.08516632256651083
2024-07-28,Milagros (Masbate),29.876491583883762,33.211767906323075,0.06958220154047012,-0.030518509447574615,8.69777561724186,5.677831,37.383442025639226,3.6121279627499705,1.2096620435778547,,3.8092979246776175,0.07906843260550331
2024-07-29,Milagros (Masbate),30.150425724685192,33.2026123534888,0.062257759273052216,-0.021973326802253723,8.69777561724186,4.868281,0.0,1.566400023348213,1.0986919383359273,,1.9133042122228339,0.07297054264449582
2024-07-30,Milagros (Masbate),30.46098207682371,33.234656788408756,0.036011841148138046,-0.059205908328294754,8.69777561724186,2.1282678,24.358740375201553,1.3562388664777942,-0.3064582938001252,,1.390431785016387,0.0668726526834883
2024-07-31,Milagros (Masbate),30.68144778907299,33.23313086293638,0.019531846046447754,-0.05615405738353729,8.69777561724186,3.2714188,18.691721012819613,1.3987267600801305,-0.07109353747567045,,1.400532341802596,0.06077476272248078
2024-08-01,Milagros (Masbate),30.635303802788258,33.23007901199162,0.0317392498254776,-0.04455702379345894,8.69777561724186,1.6486996,3.697601407343185,1.755723848334825,0.041557219865019666,0.05467687276147329,1.7562156001284572,0.05467687276147329
2024-08-02,Milagros (Masbate),30.576708264648914,33.24533826671541,0.051271095871925354,-0.035401470959186554,8.69777561724186,0.49679947,0.052129664720918296,2.54011114073383,0.5455632204275442,,2.598038459061642,0.062050262047569985
2024-08-03,Milagros (Masbate),30.540086053311825,33.23923456482589,0.059816278517246246,-0.011597033590078354,8.69777561724186,0.47383317,4.440684940461938,3.1368504475883294,1.7897487595518036,,3.6115137204297483,0.06942365133366668
2024-08-04,Milagros (Masbate),30.365031883120537,33.19040494970977,0.06530961021780968,-0.006103701889514923,8.545183062553406,1.3979475,12.015345408998686,4.740482459298298,1.9399530286467597,,5.122069083902576,0.07679704061976336
2024-08-05,Milagros (Masbate),30.132114619016647,33.13241978175938,0.054322946816682816,0.001831110566854477,8.545183062553406,0.62214273,6.0759100551295715,4.559987420842815,3.0248138858718283,,5.472018304282958,0.08417042990586006
2024-08-06,Milagros (Masbate),30.04275642335415,33.140049409121275,0.03418073058128357,0.010986663401126862,8.545183062553406,0.6441224,0.0,3.0631447576432884,3.3515341396524,,4.540444570252247,0.09154381919195675
2024-08-07,Milagros (Masbate),30.31302834302187,33.187353098765016,0.05066072568297386,0.014648884534835815,8.69777561724186,0.5063696,0.0,2.9308964746696633,2.5269408221244443,,3.869829978661856,0.09891720847805345
2024-08-08,Milagros (Masbate),30.397259429097176,33.21634568274021,0.05493331700563431,0.005493331700563431,8.69777561724186,0.67427474,0.0,3.55688407584533,2.309523366810643,,4.240910575671982,0.10629059776415015
2024-08-09,Milagros (Masbate),30.506393618881702,33.24533826671541,0.051881466060876846,0.014648884534835815,8.69777561724186,1.0595464,5.67249518137191,3.223643528075298,2.7073594950393436,,4.209711751590771,0.11366398705024683
2024-08-10,Milagros (Masbate),30.499801620841026,33.26822714880109,0.05310220643877983,0.003662221133708954,8.545183062553406,0.76018673,11.20879116019661,3.995042011796333,2.1744118324288295,,4.548453307776633,0.12103737633634352
2024-08-11,Milagros (Masbate),30.5957518145442,33.30027158372104,0.048829615116119385,0.009765923023223877,8.545183062553406,0.65331745,0.0,3.26604481243759,2.276634897385316,,3.981220312020316,0.12841076562244022
2024-08-12,Milagros (Masbate),30.69756156206131,33.321634540334344,0.059205908328294754,-0.0048829615116119385,8.69777561724186,0.9369827,8.8807643509298,3.9661272697351886,1.7799752493144565,,4.347237905602724,0.1357841549085369
2024-08-13,Milagros (Masbate),30.70635089278221,33.34910119883716,0.05615405738353729,-0.019531846046447754,8.545183062553406,0.9415256,2.606990635274148,3.2529126405074,1.3919201631510805,,3.53820327106278,0.1431575441946336
2024-08-14,Milagros (Masbate),30.84478285163641,33.38572341017425,0.043946653604507446,-0.0012207403779029846,8.69777561724186,0.5866886,0.0,2.8178034036358883,1.4084431934708845,,3.150194954407816,0.15053093348073032
2024-08-15,Milagros (Masbate),31.00445569306612,33.41471599414945,0.023194067180156708,0.028077028691768646,8.69777561724186,0.5820536,0.0,1.3673241666137497,1.8467900002311763,,2.2978704666625256,0.15790432276682698
2024-08-16,Milagros (Masbate),31.20514541119337,33.43760487623513,-0.014648884534835815,0.04516739398241043,8.69777561724186,0.5395041,5.506945379849138,0.1985388684707455,1.1303064667249572,,1.1476107314825446,0.1652777120529237
2024-08-17,Milagros (Masbate),31.586016409099102,33.452864130958915,-0.0634784996509552,0.012207403779029846,8.69777561724186,0.7602638,0.0,-0.8237235666981237,0.015569148682495183,,0.8238706893224057,0.1726511013390204
2024-08-18,Milagros (Masbate),31.410962238907814,33.45896783284843,-0.09338663890957832,0.059816278517246246,8.69777561724186,0.7381102,0.0,-1.9252677773391211,1.005002815646936,,2.171793423398871,0.18002449062511708
2024-08-19,Milagros (Masbate),31.398510687053204,33.46201968379319,-0.08117923513054848,0.04516739398241043,8.69777561724186,0.5238661,22.50752188661277,-1.902287164736972,0.5881388351471389,,1.9911312730534019,0.18739787991121376
2024-08-20,Milagros (Masbate),31.571367524564266,33.46659746021032,-0.07446516305208206,0.025635547935962677,8.69777561724186,1.6649622,0.0,-1.8453741391463152,0.027803010698079743,,1.8455835718909837,0.19477126919731047
2024-08-21,Milagros (Masbate),31.693685710430145,33.48338264040649,-0.0634784996509552,0.010986663401126862,8.69777561724186,0.60274994,6.878135497381431,-1.3436098764085596,-0.5583379302119116,,1.455001286699069,0.20214465848340715
2024-08-22,Milagros (Masbate),31.561845749616623,33.44370857812464,-0.07080294191837311,-0.02075258642435074,8.69777561724186,0.5561433,16.240259259516034,-2.055209648949392,-1.2878844428038596,,2.425393378227724,0.20951804776950386
2024-08-23,Milagros (Masbate),31.41389201581478,33.36436045356095,0.01831110566854477,-0.027466658502817154,8.69777561724186,0.42800185,19.81176502854539,0.02852282585368834,0.27148389484306623,,0.27297812504638697,0.21689143705560054
2024-08-24,Milagros (Masbate),31.435132898390293,33.35062712430954,0.03418073058128357,-0.014648884534835815,8.69777561724186,0.5724121,7.819403929836126,1.1412154180892238,1.1899180836526786,,1.6487200114901939,0.22426482634169723
2024-08-25,Milagros (Masbate),31.260078728199005,33.31705676391721,0.05798516795039177,-0.025635547935962677,8.69777561724186,0.6827617,14.485829424906454,2.761779625366831,1.730145786356785,,3.258961666104634,0.23163821562779394
2024-08-26,Milagros (Masbate),31.06964322924614,33.297219732776284,0.04455702379345894,0.003662221133708954,8.545183062553406,0.6492674,9.015978693236686,3.461499180791195,2.3914086616665635,,4.207233291096653,0.23901160491389062
2024-08-27,Milagros (Masbate),30.81987974792719,33.27585677616298,0.03234962001442909,0.014038514345884323,8.545183062553406,0.64378583,15.309249463961526,3.722899823218495,3.8144946009188914,,5.330136222852064,0.24638499419998733
2024-08-28,Milagros (Masbate),30.55473493784666,33.237708639353514,0.021973326802253723,0.016479995101690292,8.545183062553406,0.41892174,7.872047955317623,3.7281875542855576,3.513213929822606,,5.122699928419517,0.25375838348608404
2024-08-29,Milagros (Masbate),30.539353609085083,33.24076049029827,-0.0030518509447574615,0.039674062281847,8.545183062553406,0.41484946,7.69618703675802,1.964411613968521,4.775954749292755,,5.164170480956882,0.2611317727721807
2024-08-30,Milagros (Masbate),30.43607897311449,33.08359016664326,0.012207403779029846,0.04699850454926491,8.69777561724186,0.5193958,13.577189451298898,0.5046831127019724,2.080050892715813,,2.140401074690069,0.2685051620582774
2024-08-31,Milagros (Masbate),30.674123346805573,33.17209384404123,0.029908139258623123,-0.0012207403779029846,8.69777561724186,0.5071452,19.53000289963418,0.8116860751033113,-0.7254763142366905,,1.0886460246724237,0.2758785513443741
2024-09-01,Milagros (Masbate),30.106479071080685,32.99356056377292,0.07873775437474251,-0.011597033590078354,8.545183062553406,0.593544,103.9924919793862,5.936482821788151,1.506466893344964,,6.124644544308692,0.28325194063047077
2024-09-02,Milagros (Masbate),29.8017822727561,32.947782799601555,-0.0012207403779029846,0.035401470959186554,8.545183062553406,0.9958003,29.28616362024273,2.832118228560494,5.925383623934444,,6.567424514323337,0.2906253299165675
2024-09-03,Milagros (Masbate),29.90359202027321,32.97982723452151,0.001831110566854477,0.039674062281847,8.545183062553406,1.1241428,0.0,3.1603471734118616,4.298147644306276,,5.334966488062313,0.2979987192026642
2024-09-04,Milagros (Masbate),29.982695996761322,33.019501296803355,0.0024414807558059692,0.03723258152604103,8.545183062553406,0.89214855,0.0,3.1827503417453284,4.682381863410275,,5.6616781657626465,0.30537210848876084
2024-09-05,Milagros (Masbate),29.891140468418598,33.043916104361415,-0.003662221133708954,0.03357036039233208,8.545183062553406,0.8567914,28.01741239845632,2.0442183996605974,5.115008904627813,,5.508370445052942,0.3127454977748576
2024-09-06,Milagros (Masbate),30.066927082836628,33.08511609211564,-0.0030518509447574615,0.04028443247079849,8.545183062553406,1.2821134,10.369944092709927,0.3700724759554163,3.288098977138304,,3.308859096564514,0.32011888706095426
2024-09-07,Milagros (Masbate),30.568651378154755,33.12326422892511,0.023194067180156708,-0.003662221133708954,8.69777561724186,1.2351305,7.271754853865679,0.6175653566919075,0.5894119876908819,,0.8536940090100897,0.3274922763470509
2024-09-08,Milagros (Masbate),30.717337556183338,33.140049409121275,0.062257759273052216,-0.06591998040676117,8.69777561724186,1.1575164,0.0,2.6265224615090887,-0.2822284173099745,,2.6416421257144305,0.3348656656331477
2024-09-09,Milagros (Masbate),30.491012290120125,33.14920496195555,0.08423108607530594,-0.04028443247079849,8.545183062553406,0.78214616,0.11638235707312036,4.3009902266816304,0.8718088556320925,,4.388458454943996,0.34223905491924433
2024-09-10,Milagros (Masbate),30.552537605166435,33.17972347140312,0.07202368229627609,-0.01831110566854477,8.545183062553406,0.5491956,4.057183257948313,4.88765365183835,0.8058543190404778,0.349612444205341,4.953641024927518,0.349612444205341
2024-09-11,Milagros (Masbate),30.35843988507986,33.130893856287,0.07995849475264549,-0.02136295661330223,8.545183062553406,0.6521465,15.848460388957367,5.475357017073964,-0.5873149070971581,,5.506766134903464,0.32328746636441863
2024-09-12,Milagros (Masbate),30.08450574427843,33.01034574396908,0.08117923513054848,-0.003662221133708954,8.545183062553406,0.65205115,12.25583199119955,5.302690156029411,1.7055635962066984,,5.5702307018252615,0.29696248852349627
2024-09-13,Milagros (Masbate),29.625263214111328,32.78145692311227,0.04211554303765297,0.020142216235399246,8.69777561724186,0.65789443,28.390315572340153,7.025978159396426,4.251700274521906,,8.212266698097745,0.27063751068257397
2024-09-14,Milagros (Masbate),29.11035492271185,32.56477550603449,0.009765923023223877,0.019531846046447754,8.545183062553406,0.66542685,33.628499183886916,8.429251709500866,5.040675462048845,,9.821440500039932,0.2443125328416516
2024-09-15,Milagros (Masbate),28.7309488132596,32.42439036257565,0.08301034569740295,-0.005493331700563431,8.545183062553406,0.65900356,26.33559483495252,8.976309993833988,3.500388409772444,,9.63466969463267,0.21798755500072925
2024-09-16,Milagros (Masbate),28.45188756287098,32.35114593990147,0.07507553324103355,-0.0006103701889514923,8.545183062553406,1.6742744,22.46260776867973,6.7227623048347,2.898566725015805,,7.321012366242473,0.19166257715980692
2024-09-17,Milagros (Masbate),28.226294741034508,32.273323740810156,0.025635547935962677,0.0238044373691082,8.545183062553406,1.6831399,7.563161566581494,4.534477961376105,5.296534274236836,,6.9724289670366035,0.1653375993188846
2024-09-18,Milagros (Masbate),28.183080531656742,32.28400521911681,-0.007324442267417908,0.028077028691768646,8.545183062553406,1.743184,8.553338397105374,2.2009857100554178,4.809240872717443,,5.2889635910719015,0.13901262147796223
2024-09-19,Milagros (Masbate),28.205786302685738,32.29010892100632,-0.0012207403779029846,0.028077028691768646,8.69777561724186,1.7696769,13.763646576515802,1.237092954487569,4.455727622833461,,4.624273740483353,0.11268764363703987
2024-09-20,Milagros (Masbate),28.254860065877438,32.30231632478535,-0.03662221133708954,0.02868739888072014,8.69777561724186,1.7520529,34.87033588262406,-0.3255094037678473,2.7170745206801783,,2.7365033021852394,0.08636266579611751
2024-09-21,Milagros (Masbate),28.446760453283787,32.33130890876055,-0.07324442267417908,0.04516739398241043,8.69777561724186,0.93958896,9.374408879579926,-1.5189783937225472,1.6571090727441538,,2.247955924738499,0.06003768795519521
2024-09-22,Milagros (Masbate),28.847407445311546,32.3419903870672,-0.09826960042119026,0.054322946816682816,8.69777561724186,1.9973221,0.0,-1.9694802424881825,0.1843216569251818,,1.9780866762513099,0.03371271011427285
2024-09-23,Milagros (Masbate),28.953611858189106,32.383190374821424,-0.11963255703449249,0.012817773967981339,8.69777561724186,3.9135742,0.0,-3.635208994711864,-1.0715912623867292,,3.7898617743735223,0.007387732273350489
2024-09-24,Milagros (Masbate),29.316171750426292,32.3923459276557,-0.12878810986876488,0.0,8.69777561724186,1.0337636,0.0,-2.457462110944194,-1.4497614875281073,,2.853231220466719,-0.018937245567571814
2024-09-25,Milagros (Masbate),29.453138820827007,32.428968138992786,-0.12024292722344398,0.019531846046447754,8.69777561724186,0.72567797,0.0,-2.198208091754034,-0.12384636723653146,-0.045262223408494145,2.2016940607928697,-0.045262223408494145
2024-09-26,Milagros (Masbate),29.827417820692062,32.467116275802255,0.025025177747011185,0.001831110566854477,8.69777561724186,0.4592602,0.0,1.8754812961487104,0.5780764519595138,,1.9625499933794672,0.028884155132982245
2024-09-27,Milagros (Masbate),29.833277374505997,32.49610885977745,0.09094515815377235,-0.043946653604507446,8.69777561724186,1.0353997,0.0,3.805154233595455,1.2850201919139534,,4.016276339481135,0.10303053367445864
2024-09-28,Milagros (Masbate),29.80544449388981,32.51899774186313,0.08056886494159698,0.0079348124563694,8.69777561724186,0.58556825,3.500700225694668,4.231355491624685,3.705226654905165,,5.624328747568201,0.17717691221593504
2024-09-29,Milagros (Masbate),29.83840448409319,32.551042176783085,0.043946653604507446,0.020142216235399246,8.545183062553406,0.75079626,0.0,4.33574198906179,3.8312794045674194,,5.785962363477313,0.25132329075741144
2024-09-30,Milagros (Masbate),29.9980773255229,32.58156068623066,0.020142216235399246,0.0317392498254776,8.69777561724186,1.2619398,0.0,1.709157093129384,3.3600858630506028,0.32546966929888776,3.7698003894194447,0.32546966929888776
2024-10-01,Milagros (Masbate),30.369426548480988,32.61818289756775,-0.003662221133708954,0.05310220643877983,8.69777561724186,1.2975569,0.6920477391256523,-0.2889633910895696,2.3991708407558674,,2.4165099967770045,0.3172104447188723
2024-10-02,Milagros (Masbate),30.6448255777359,32.633442152291536,-0.03662221133708954,-0.017090365290641785,8.69777561724186,1.2878733,0.897677760336994,-1.2293387066080843,-0.6653762027679733,,1.3978551952097058,0.30895122013885673
2024-10-03,Milagros (Masbate),30.540818497538567,32.645649556070566,-0.08301034569740295,0.017090365290641785,8.69777561724186,0.7569329,2.9891585462233596,-2.4136586521247576,-0.7848422131691357,,2.538055434490927,0.30069199555884124
2024-10-04,Milagros (Masbate),30.451460301876068,32.63039030134678,-0.06591998040676117,-0.02075258642435074,8.69777561724186,0.8486487,9.444274766933603,-1.3658045134789047,-1.6160495463715436,,2.115901251326966,0.2924327709788257
2024-10-05,Milagros (Masbate),30.42728964239359,32.57240513339639,-0.004272591322660446,-0.04272591322660446,8.69777561724186,1.7889858,7.977151510923435,-0.23026358903357683,-1.3410995143020565,,1.3607237881715142,0.2841735463988102
2024-10-06,Milagros (Masbate),30.352580331265926,32.515945890918374,0.054322946816682816,-0.039674062281847,8.69777561724186,1.3367386,21.999539818289797,1.2418004711533208,-0.21229984817325873,,1.2598173025050095,0.27591432181879466
2024-10-07,Milagros (Masbate),30.48075807094574,32.55409402772784,0.03784295171499252,-0.06714072078466415,8.69777561724186,1.2710037,0.0,1.4187579661371599,-0.3105786955625298,,1.452354396356128,0.26765509723877917
2024-10-08,Milagros (Masbate),30.630909137427807,32.586138462647796,0.06103701889514923,-0.056764427572488785,8.69777561724186,1.0859169,1.169189149419386,2.1370830638599965,-0.3336044059587319,,2.162964614022224,0.2593958726587636
2024-10-09,Milagros (Masbate),30.679250456392765,32.60444956831634,0.07263405248522758,-0.06591998040676117,8.69777561724186,1.3303521,0.0,2.461850474087841,-0.6369133327124492,,2.542905100500883,0.25113664807874814
2024-10-10,Milagros (Masbate),30.79131442308426,32.60292364284396,0.017090365290641785,-0.07263405248522758,8.69777561724186,1.0808746,16.326443033818055,-0.026938925487131806,-0.7283802687621997,0.24287742349873262,0.7288782625572638,0.24287742349873262
2024-10-11,Milagros (Masbate),30.920957051217556,32.633442152291536,-0.06164738908410072,-0.031128879636526108,8.69777561724186,0.40061072,3.3936667722814224,-1.2451571345613577,-1.5822978355360175,,2.013475286684944,0.24501007327851781
2024-10-12,Milagros (Masbate),30.961241483688354,32.670064363628626,-0.07446516305208206,-0.014038514345884323,8.69777561724186,1.035387,9.587489596245012,-1.3331335474045536,-1.2692020133656992,,1.8406843308799565,0.24714272305830304
2024-10-13,Milagros (Masbate),31.01251257956028,32.73567915894091,-0.04699850454926491,-0.023194067180156708,8.69777561724186,0.47479063,2.2679147159352024,-1.69106720458435,-1.0840427535012536,,2.0086953432114356,0.24927537283808823
2024-10-14,Milagros (Masbate),31.005920581519604,32.74941248819232,-0.08362071588635445,0.03234962001442909,8.69777561724186,1.2589577,0.0,-2.7251307019931326,-1.0683077035092219,,2.9270494858001173,0.25140802261787343
2024-10-15,Milagros (Masbate),31.085024558007717,32.766197668388486,-0.06958220154047012,0.014038514345884323,8.69777561724186,1.1746886,0.0,-2.471021493459374,-1.2251719117063737,,2.7580778513980433,0.25354067239765865
2024-10-16,Milagros (Masbate),31.072573006153107,32.78450877405703,-0.07080294191837311,-0.01892147585749626,8.69777561724186,1.8601693,0.0,-2.674066297512199,-1.6431889927692622,,3.138582582862631,0.2556733221774438
2024-10-17,Milagros (Masbate),31.13190098851919,32.792138401418924,-0.036011841148138046,-0.03234962001442909,8.69777561724186,1.2940224,0.0,-0.7816260486247403,-1.4509197345136888,,1.6480616966272827,0.25780597195722904
2024-10-18,Milagros (Masbate),31.170720532536507,32.80892358161509,-0.040894802659749985,-0.04577776417136192,8.69777561724186,1.3224818,0.0,-1.1604253526962451,-1.300548979333478,,1.7429901453609988,0.25993862173701426
2024-10-19,Milagros (Masbate),31.226386293768883,32.82418283633888,-0.0158696249127388,-0.07263405248522758,8.69777561724186,0.76942676,9.928845683169412,-0.1136406863943523,-1.8697651793327834,,1.8732154257985212,0.26207127151679943
2024-10-20,Milagros (Masbate),31.112857438623905,32.83486431464553,0.009765923023223877,-0.10132145136594772,8.69777561724186,0.46642447,20.55076339907385,-0.25348070759307023,-2.9095624136790845,,2.9205831452324627,0.26420392129658465
2024-10-21,Milagros (Masbate),30.85357218235731,32.792138401418924,0.07202368229627609,-0.11047700420022011,8.69777561724186,0.4664434,43.4135397471956,3.5758635851592033,-3.860263995752306,,5.2619804728418735,0.2663365710763699
2024-10-22,Milagros (Masbate),29.87136447429657,32.2412793058902,0.15381328761577606,-0.028077028691768646,8.545183062553406,0.47214788,69.46166317458085,12.367499678783652,2.8954741448858665,,12.70192185570421,0.26846922085615504
2024-10-23,Milagros (Masbate),29.244392216205597,32.07190157845616,0.03723258152604103,0.01892147585749626,8.545183062553406,0.52469265,17.846506942841877,7.8517845920328275,6.986265169518647,,10.509920185163802,0.27060187063594027
2024-10-24,Milagros (Masbate),29.0568864941597,32.189397839829326,-0.05493331700563431,0.048829615116119385,8.545183062553406,1.8573501,39.08665685286144,5.073633947723856,7.247248658190069,,8.846715466721744,0.2727345204157255
2024-10-25,Milagros (Masbate),28.986571848392487,32.28247929364443,-0.05066072568297386,0.048829615116119385,8.545183062553406,1.878931,13.770890564754092,3.456698095810414,4.73833919796671,,5.865204180637461,0.27486717019551066
2024-10-26,Milagros (Masbate),29.154301576316357,32.33893853612244,0.031128879636526108,0.0079348124563694,8.69777561724186,2.5194745,0.0,4.364599235535256,1.8686347428500922,,4.747791306388833,0.2769998199752959
2024-10-27,Milagros (Masbate),28.886959433555603,32.322153355926275,0.10376293212175369,-0.019531846046447754,8.545183062553406,3.089271,0.22001270541796578,6.904450444370355,-0.3528889090714614,,6.913462701202028,0.2791324697550811
2024-10-28,Milagros (Masbate),28.806390568614006,32.38929407671094,0.13672292232513428,-0.02136295661330223,8.545183062553406,2.6896346,6.534457923432635,7.48055279996819,0.8110761342484067,,7.524394639348687,0.28126511953486627
2024-10-29,Milagros (Masbate),28.741203032433987,32.465590350329876,0.13733329251408577,-0.014648884534835815,8.545183062553406,2.6503556,6.534457923432635,8.690011362908795,3.944628151510943,,9.54339503222918,0.2833977693146515
2024-10-30,Milagros (Masbate),28.62767417728901,32.53425699658692,0.06897183135151863,0.0079348124563694,8.545183062553406,1.2082266,15.809820556253738,5.2463722546033305,4.722638009795684,,7.058876086562122,0.28553041909443666
2024-10-31,Milagros (Masbate),28.62034973502159,32.5571458786726,-0.02136295661330223,0.0476088747382164,8.69777561724186,1.171832,0.0,0.16258044242492062,3.7105544987013914,,3.7141145765972565,0.2876630688742219
2024-11-01,Milagros (Masbate),29.2531815469265,32.63801992870867,-0.03357036039233208,0.0158696249127388,8.69777561724186,1.2328655,0.0,-1.2722822593279879,-0.02550858900688072,,1.2725379505200822,0.2897957186540071
2024-11-02,Milagros (Masbate),29.193853564560413,32.69753102213144,-0.11841181665658951,0.0012207403779029846,8.69777561724186,1.9200624,0.0,-3.6181515103001276,-2.7152905703251227,,4.523695749360652,0.2919283684337923
2024-11-03,Milagros (Masbate),29.185064233839512,32.71736805327237,-0.07873775437474251,-0.01342814415693283,8.69777561724186,1.6743205,0.0,-3.18696733573481,-2.9443861062420877,,4.338913497832387,0.2940610182135775
2024-11-04,Milagros (Masbate),29.28174687176943,32.76161989197135,-0.03723258152604103,-0.03357036039233208,8.69777561724186,0.69470423,0.0,-1.283527074350615,-2.5173601163186534,,2.825693491131498,0.2961936679933627
2024-11-05,Milagros (Masbate),29.422376163303852,32.76924951933324,0.01892147585749626,-0.031128879636526108,8.69777561724186,0.7464591,35.06514720645927,1.661476112070501,-1.6441097290609994,,2.337434420935471,0.2983263177731479
2024-11-06,Milagros (Masbate),29.661885425448418,32.80587173067033,-0.021973326802253723,-0.009155552834272385,8.69777561724186,1.1055427,0.0,-0.7172916692186754,0.08548464167254716,,0.7223676091107611,0.3004589675529331
2024-11-07,Milagros (Masbate),29.710959188640118,32.839442091062665,-0.05859553813934326,0.056764427572488785,8.69777561724186,0.6523973,0.0,-1.724091415910026,1.834846533833215,,2.517767466056864,0.30259161733271833
2024-11-08,Milagros (Masbate),29.902127131819725,32.85622727125883,-0.08362071588635445,0.046388134360313416,8.69777561724186,0.5942913,0.0,-2.6004274024790233,-0.37027264661133796,,2.6266565265356574,0.3047242671125035
2024-11-09,Milagros (Masbate),29.956328004598618,32.876064302399755,-0.04272591322660446,-0.032959990203380585,8.69777561724186,1.2409028,0.0,-0.26406476949579816,-2.4907012976300797,0.3068569168922887,2.50466028764482,0.3068569168922887
2024-11-10,Milagros (Masbate),29.803247161209583,32.88369392976165,0.04821924492716789,-0.022583696991205215,8.545183062553406,1.2409028,24.45878421559053,3.214119909148792,-1.3664763758793108,,3.4925384001071333,0.2996891670597863
2024-11-11,Milagros (Masbate),29.880886249244213,32.88521985523403,0.0048829615116119385,0.0317392498254776,8.545183062553406,1.8856436,0.0,-0.42652922116276737,2.874280157800142,,2.905755255011909,0.292521417227284
2024-11-12,Milagros (Masbate),30.205359041690826,32.898953184485435,0.014038514345884323,0.0,8.69777561724186,1.8980192,0.0,-0.20569362982629547,0.013951789159867951,,0.2061662478968817,0.2853536673947816
2024-11-13,Milagros (Masbate),30.162877276539803,32.912686513736844,0.048829615116119385,-0.035401470959186554,8.545183062553406,0.9686498,6.709203777158478,2.0259889567005644,0.038860075711672076,,2.026361605971885,0.27818591756227923
2024-11-14,Milagros (Masbate),30.22659992426634,32.937101321294904,-0.005493331700563431,0.0238044373691082,8.69777561724186,0.6233568,3.354601888579239,-1.4022874492472412,0.5198320934190888,,1.4955385303176933,0.2710181677297768
2024-11-15,Milagros (Masbate),30.307901233434677,32.95693835243583,-0.03662221133708954,-0.030518509447574615,8.69777561724186,1.1733159,1.8533636517747176,-1.876276751684862,-2.5596409215222082,,3.1736691850355414,0.2638504178972745
2024-11-16,Milagros (Masbate),29.98196355253458,32.96914575621486,0.08362071588635445,-0.02868739888072014,8.545183062553406,0.92740613,38.307343790545666,5.184809143822581,-0.9417662401549294,,5.269646051582763,0.2566826680647721
2024-11-17,Milagros (Masbate),29.737327180802822,32.984405010938644,-0.02685628831386566,0.01892147585749626,8.545183062553406,0.7458003,0.0,-2.848237502482297,3.357530115870239,,4.402892838750701,0.2495149182322697
2024-11-18,Milagros (Masbate),29.839869372546673,33.00424204207957,-0.06469924002885818,-0.003662221133708954,8.545183062553406,1.0302018,0.0,-5.0253498118073585,-2.1078143327527257,,5.449497407320245,0.24234716839976733
2024-11-19,Milagros (Masbate),29.779808945953846,33.031708700582385,-0.05310220643877983,-0.011597033590078354,8.545183062553406,1.25473,0.0,-5.497422299042822,-3.299167208024488,0.23517941856726496,6.411408285276907,0.23517941856726496
2024-11-20,Milagros (Masbate),29.726340517401695,33.06222721002996,-0.05066072568297386,-0.012207403779029846,8.545183062553406,1.2205111,0.0,-4.840994726759589,-3.3459005315667514,,5.884749808755918,0.23466408814134662
2024-11-21,Milagros (Masbate),29.664082758128643,33.0881679430604,-0.04821924492716789,-0.009765923023223877,8.545183062553406,1.1719328,0.0,-5.229888792404425,-3.0499209776613583,,6.054234447962536,0.23414875771542829
2024-11-22,Milagros (Masbate),29.672872088849545,33.11105682514608,-0.0555436871945858,-0.008545182645320892,8.545183062553406,1.459307,0.0,-4.870398707550868,-2.795359706665903,,5.615587187477766,0.23363342728950992
2024-11-23,Milagros (Masbate),29.632587656378746,33.13699755817652,-0.04150517284870148,-0.015259254723787308,8.545183062553406,1.6924106,0.0,-4.883369075306491,-3.2566450176830326,,5.869670373782458,0.23311809686359158
2024-11-24,Milagros (Masbate),29.54835657030344,33.16904199309647,-0.030518509447574615,-0.017700735479593277,8.545183062553406,1.0026951,0.0,-5.843790878506016,-3.6884718238413274,0.23260276643767325,6.910478726324356,0.23260276643767325
2024-11-25,Milagros (Masbate),29.52418591082096,33.19803457707167,-0.0317392498254776,-0.01892147585749626,8.545183062553406,1.4851501,0.0,-5.370932293723241,-3.4976226180982155,,6.409389805776476,0.24147396601828258
2024-11-26,Milagros (Masbate),29.491958364844322,33.222449384629726,-0.02624591812491417,-0.022583696991205215,8.545183062553406,0.99473804,0.0,-5.234253831932807,-3.6803616314303347,,6.398630706268945,0.2503451655988919
2024-11-27,Milagros (Masbate),29.476577036082745,33.24533826671541,-0.015259254723787308,-0.030518509447574615,8.545183062553406,2.1394188,0.0,-5.002680476963247,-4.262678731816651,,6.572460872859666,0.2592163651795013
2024-11-28,Milagros (Masbate),29.42164371907711,33.260597521439195,-0.012817773967981339,-0.031128879636526108,8.545183062553406,1.4843047,27.318828474435552,-4.769094103711854,-4.206561326109378,,6.359199380454922,0.26808756476011064
2024-11-29,Milagros (Masbate),29.247321993112564,33.26975307427347,-0.01831110566854477,-0.025025177747011185,8.545183062553406,1.5237745,0.1505261009169882,-4.52466995476374,-3.5444963194973806,,5.747703224634357,0.27695876434072
2024-11-30,Milagros (Masbate),29.018066950142384,33.20871605537832,-0.009155552834272385,-0.02685628831386566,8.545183062553406,1.3966261,24.29664240018833,-4.043990832969348,-2.1661125218027304,,4.587581641153725,0.2858299639213293
2024-12-01,Milagros (Masbate),29.018799394369125,33.126316079869866,-0.051271095871925354,0.0238044373691082,8.545183062553406,2.6810696,68.95225254082051,-3.3916667103629843,1.7287437435993551,,3.8068304408284828,0.29470116350193865
2024-12-02,Milagros (Masbate),29.234137997031212,33.14462718553841,-0.05615405738353729,0.020142216235399246,8.545183062553406,2.7737842,7.571036443265409,-3.077993262354269,0.31357397032807505,,3.093924879172988,0.303572363082548
2024-12-03,Milagros (Masbate),29.38428906351328,33.16599014215171,-0.05493331700563431,-0.006103701889514923,8.545183062553406,1.3432882,0.0,-3.7681106912492743,-1.0089578340856722,,3.9008529954959767,0.31244356266315737
2024-12-04,Milagros (Masbate),29.5073396936059,33.19193087518215,-0.02929776906967163,-0.025025177747011185,8.69777561724186,0.9770687,0.0,-3.156657787293359,-1.8949889280821917,0.3213147622437667,3.6817755802919194,0.3213147622437667
2024-12-05,Milagros (Masbate),29.534440129995346,33.21939753368497,-0.017700735479593277,-0.03906369209289551,8.545183062553406,2.1684556,0.0,-3.02727789225528,-2.7245816890253765,,4.07280699482678,0.3058769947384834
2024-12-06,Milagros (Masbate),29.582781448960304,33.234656788408756,-0.03357036039233208,-0.035401470959186554,8.69777561724186,1.4035715,0.0,-3.461773820946479,-2.2771401994090255,,4.1435788245374265,0.29043922723320004
2024-12-07,Milagros (Masbate),29.631122767925262,33.2529678940773,-0.03784295171499252,-0.03662221133708954,8.69777561724186,1.514413,0.0,-3.2854677626642603,-2.6047480115340993,,4.192733073199025,0.2750014597279167
2024-12-08,Milagros (Masbate),29.497817918658257,33.26517529785633,-0.04028443247079849,-0.0238044373691082,8.545183062553406,1.5144415,22.274762149756626,-5.2483105891685735,-3.242540658212678,,6.169184221640758,0.25956369222263337
2024-12-09,Milagros (Masbate),29.292001090943813,33.26212344691157,-0.059205908328294754,-0.0048829615116119385,8.545183062553406,0.75976616,0.49265442320105995,-5.908345696614131,-2.179737748196606,,6.297603156885319,0.24412592471735003
2024-12-10,Milagros (Masbate),29.275887317955494,33.29264195635915,-0.0555436871945858,-0.006714072078466415,8.545183062553406,1.0266683,15.255029025474379,-4.778429947043211,-2.134899771904081,,5.233659312075584,0.2286881572120667
2024-12-11,Milagros (Masbate),29.28174687176943,33.3246863912791,-0.051271095871925354,-0.008545182645320892,8.545183062553406,1.0092099,0.0,-4.708670621679805,-2.220673502073883,,5.206051270039853,0.21325038970678337
2024-12-12,Milagros (Masbate),29.20923489332199,33.36436045356095,-0.05859553813934326,-0.005493331700563431,8.545183062553406,1.9091349,34.73939586894749,-5.667939601801792,-2.8743025610305515,,6.35508886971849,0.19781262220150003
2024-12-13,Milagros (Masbate),29.121341586112976,33.41319006867707,-0.05371257662773132,-0.008545182645320892,8.545183062553406,1.5103613,0.0,-5.082382579025503,-3.6695593663642696,,6.268674391197366,0.1823748546962167
2024-12-14,Milagros (Masbate),29.022461615502834,33.451338205486536,-0.021973326802253723,-0.0238044373691082,8.545183062553406,1.3441449,0.0,-4.440236041312749,-4.6638360152713,0.16693708719093336,6.439492408560972,0.16693708719093336
2024-12-15,Milagros (Masbate),28.86132388561964,33.48185671493411,-0.007324442267417908,-0.027466658502817154,8.545183062553406,1.3602182,0.0,-5.198866484926173,-5.149226133048842,,7.317290652786846,0.18379530210046893
2024-12-16,Milagros (Masbate),28.642323061823845,33.50474559701979,-0.019531846046447754,-0.024414807558059692,8.545183062553406,1.3777779,44.01824300429401,-5.286697343777066,-5.046937702013737,,7.308949922711688,0.2006535170100045
2024-12-17,Milagros (Masbate),28.322977378964424,33.523056702688336,-0.036011841148138046,-0.014648884534835815,8.545183062553406,0.86428034,53.257899920790486,-5.949796076801814,-4.462739050796428,,7.437480298530522,0.21751173191954004
2024-12-18,Milagros (Masbate),28.01388591527939,33.53373818099499,-0.03234962001442909,-0.017090365290641785,8.545183062553406,0.9968748,0.0,-4.3142582075404565,-4.7419229181319595,,6.4108234137929045,0.2343699468290756
2024-12-19,Milagros (Masbate),27.93331705033779,33.55662706308067,-0.015259254723787308,-0.0238044373691082,8.545183062553406,0.9772426,0.0,-5.130529629009414,-6.071005459060686,,7.948549651231231,0.2512281617386112
2024-12-20,Milagros (Masbate),27.722373113036156,33.46659746021032,-0.0555436871945858,-0.0079348124563694,8.545183062553406,0.9164682,22.619090823082605,-6.820022135140741,-3.575718605781539,,7.700549686323824,0.2680863766481467
2024-12-21,Milagros (Masbate),27.74800866097212,33.45439005643129,-0.07507553324103355,0.003662221133708954,8.545183062553406,0.9093749,0.0,-6.339482143903038,-2.3565198084842023,,6.76329945075951,0.28494459155768226
2024-12-22,Milagros (Masbate),27.799279756844044,33.49101226776838,-0.07751701399683952,0.0048829615116119385,8.545183062553406,4.3845134,16.877560424030914,-5.787775887187715,-2.9296225719391744,,6.4869899132284035,0.30180280646721785
2024-12-23,Milagros (Masbate),27.792687758803368,33.535264106467366,-0.06836146116256714,0.006103701889514923,8.545183062553406,4.4865394,40.843345278416884,-5.41931279324249,-2.71225902276531,,6.060140275403991,0.31866102137675345
2024-12-24,Milagros (Masbate),27.93331705033779,33.46049375832081,-0.06530961021780968,-0.01037629321217537,8.69777561724186,4.8967566,69.8573481499786,-4.353268640152684,-1.8774264344656244,0.335519236286289,4.740852019433543,0.335519236286289
2024-12-25,Milagros (Masbate),27.778038874268532,33.346049347892404,-0.06408886983990669,-0.015259254723787308,8.69777561724186,4.8974147,50.632681902717145,-4.055615954586556,-2.121257556604508,,4.576871681896789,0.32841487331239505
2024-12-26,Milagros (Masbate),27.999237030744553,33.51084929890931,-0.05066072568297386,-0.014648884534835815,8.69777561724186,1.8620768,0.0,-4.805083426193728,-2.994032447122961,,5.6615419301729775,0.3213105103385011
2024-12-27,Milagros (Masbate),27.802941977977753,33.513901149854064,-0.04150517284870148,-0.009765923023223877,8.545183062553406,1.5615771,62.435856786267514,-5.106651724471579,-2.994015110988912,,5.919629914097544,0.31420614736460717
2024-12-28,Milagros (Masbate),27.622760698199272,33.47117523662746,-0.036011841148138046,-0.017090365290641785,8.545183062553406,2.1379654,12.016428893284672,-4.367574630732609,-3.4261835983362787,,5.551075770022205,0.3071017843907133
2024-12-29,Milagros (Masbate),27.419873647391796,33.39793081395328,-0.046388134360313416,-0.011597033590078354,8.545183062553406,2.1952977,19.222607026477373,-5.416091643321404,-2.228922519878989,,5.856803248230185,0.29999742141681934
2024-12-30,Milagros (Masbate),27.45429852604866,33.426923397928476,-0.059205908328294754,0.0048829615116119385,8.545183062553406,2.1896226,23.64520816532158,-4.317867048548426,-1.1522485530232456,,4.468965492917176,0.2928930584429254
2024-12-31,Milagros (Masbate),27.730429999530315,33.44370857812464,-0.07690664380788803,0.003662221133708954,8.69777561724186,1.2019252,12.48717073011108,-3.622542347465261,-1.7545641185008654,,4.025084881727321,0.28578869546903146
2025-01-01,Milagros (Masbate),27.598590038716793,33.417767845094204,-0.06897183135151863,0.0048829615116119385,8.69777561724186,1.520818,0.0,-3.533891038744622,-1.2767237660536193,,3.757447198368286,0.2786843324951375
2025-01-02,Milagros (Masbate),27.735557109117508,33.417767845094204,-0.06836146116256714,0.0012207403779029846,8.69777561724186,2.1658022,26.470135756486812,-2.8798722967715236,-0.7604235456360148,,2.9785748965687837,0.27157996952124364
2025-01-03,Milagros (Masbate),28.01022369414568,33.41929377056658,-0.06286812946200371,0.003662221133708954,8.69777561724186,1.0908623,0.0,-2.2095138896968836,-0.7626244091365838,,2.337423286051197,0.2644756065473497
2025-01-04,Milagros (Masbate),28.10910366475582,33.43607895076275,-0.06775109097361565,-0.019531846046447754,8.69777561724186,0.913323,55.296684791301864,-2.934469731333293,-1.9963094455589283,,3.5491356703483574,0.25737124357345575
2025-01-05,Milagros (Masbate),27.903286837041378,33.46659746021032,-0.025635547935962677,-0.014038514345884323,8.545183062553406,1.0516417,0.0,-2.4973584702679066,-2.371014046397555,,3.4436182914535354,0.2502668805995618
2025-01-06,Milagros (Masbate),28.044648572802544,33.49101226776838,-0.01831110566854477,-0.036011841148138046,8.69777561724186,2.5449812,0.0,-2.4852041582280244,-3.1252676041477123,,3.992935925557665,0.24316251762566787
2025-01-07,Milagros (Masbate),28.032929465174675,33.50321967154741,-0.03357036039233208,-0.028077028691768646,8.69777561724186,0.6955225,0.0,-3.888133028395608,-3.633008879288792,,5.3213092339660175,0.23605815465177393
2025-01-08,Milagros (Masbate),27.735557109117508,33.49101226776838,-0.038453321903944016,-0.012817773967981339,8.545183062553406,0.6955632,23.024387104274297,-5.769769368368677,-3.679844318596122,,6.843353912612561,0.22895379167788
2025-01-09,Milagros (Masbate),27.594195373356342,33.477278938516974,-0.03662221133708954,-0.017700735479593277,8.545183062553406,0.63092655,66.36066613187654,-3.6120761050949803,-4.7650911264010904,,5.979396895331881,0.22184942870398608
2025-01-10,Milagros (Masbate),27.345164336264133,33.429975248873234,-0.02075258642435074,-0.02075258642435074,8.545183062553406,0.81990135,23.328093956256733,-3.5230225836077924,-4.783457745551257,,5.940804333428667,0.21474506573009217
2025-01-11,Milagros (Masbate),27.15106661617756,33.44981228001416,-0.04577776417136192,-0.008545182645320892,8.545183062553406,1.2242861,0.0,-6.598893345131379,-4.024636337065461,,7.729365499576721,0.20764070275619823
2025-01-12,Milagros (Masbate),27.08587907999754,33.34757527336478,-0.0872829370200634,0.0012207403779029846,8.69777561724186,1.2668817,2.4010991721317683,-6.894265920623043,-2.706455729009372,,7.406470495273167,0.20053633978230428
2025-01-13,Milagros (Masbate),27.015564434230328,33.38267155922949,-0.07019257172942162,0.001831110566854477,8.545183062553406,1.3722477,7.294515427904727,-7.008355644044716,-3.9236379170639717,,8.031935217470041,0.19343197680841034
2025-01-14,Milagros (Masbate),27.07342752814293,33.42387154698372,-0.06653035059571266,-0.0012207403779029846,8.545183062553406,1.45275,101.58195121873463,-6.32410429484918,-3.9593792876625757,,7.461298779415099,0.18632761383451643
2025-01-15,Milagros (Masbate),27.13495284318924,33.463545609265566,-0.04455702379345894,-0.012207403779029846,8.545183062553406,1.440423,2.2320555479966604,-5.468309186185192,-4.10896031296577,,6.840026331034488,0.1792232508606225
2025-01-16,Milagros (Masbate),27.232367925345898,33.49101226776838,-0.02136295661330223,-0.024414807558059692,8.545183062553406,1.2583619,0.0,-4.462101846467954,-4.912926916241949,,6.636806745158951,0.17211888788672855
2025-01-17,Milagros (Masbate),27.328318119049072,33.52153077721596,-0.02868739888072014,-0.024414807558059692,8.545183062553406,2.5050354,0.0,-4.515390340947529,-3.5956594827441273,,5.772132798798899,0.16501452491283464
2025-01-18,Milagros (Masbate),27.50337228924036,33.55204928666353,-0.04943998530507088,-0.012817773967981339,8.69777561724186,1.4770361,0.0,-3.898977645755466,-1.9974215664820665,0.1579101619389407,4.380835490673954,0.1579101619389407
2025-01-19,Milagros (Masbate),27.660847797989845,33.57799001969397,-0.048829615116119385,-0.022583696991205215,8.69777561724186,1.6308943,0.0,-2.809654028656501,-2.0078933337017406,,3.4533739155019973,0.12346706457989065
2025-01-20,Milagros (Masbate),27.823450416326523,33.59477519989014,-0.04699850454926491,-0.028077028691768646,8.69777561724186,1.0055103,0.0,-2.772857954029084,-2.6985000026474575,,3.8691915819083817,0.0890239672208406
2025-01-21,Milagros (Masbate),27.772179320454597,33.61308630555868,-0.03662221133708954,-0.02136295661330223,8.545183062553406,0.9432286,8.976290944623656,-4.524570749157969,-3.3537956009975662,,5.632023206398082,0.05458086986179056
2025-01-22,Milagros (Masbate),27.758995324373245,33.6405529640615,-0.046388134360313416,-0.015259254723787308,8.545183062553406,0.9778119,11.359677154200556,-5.274186310488239,-3.361837361581382,,6.254517701906839,0.020137772502740514
2025-01-23,Milagros (Masbate),27.802941977977753,33.66038999520242,-0.04821924492716789,-0.017090365290641785,8.545183062553406,1.4971874,8.750571630063938,-3.5722741038168895,-2.1653908567892994,-0.014305324856309524,4.177326876779869,-0.014305324856309524
2025-01-24,Milagros (Masbate),27.991180144250393,33.68633072823286,-0.051271095871925354,-0.02624591812491417,8.69777561724186,1.6848212,2.414409830894238,-2.5242596933021666,-2.1519115278927927,,3.3170182729535638,0.022870529298323818
2025-01-25,Milagros (Masbate),28.097384557127953,33.71379738673568,-0.043336283415555954,-0.028077028691768646,8.69777561724186,1.8079436,0.8169435949402938,-2.118753198284637,-2.611380796724489,,3.3628001398749237,0.06004638345295716
2025-01-26,Milagros (Masbate),28.074678786098957,33.739738119766116,-0.02075258642435074,-0.036011841148138046,8.545183062553406,1.529989,0.0,-2.7788706037372575,-4.41168138711065,,5.213928892274387,0.0972222376075905
2025-01-27,Milagros (Masbate),27.68355356901884,33.77025662921369,-0.0024414807558059692,-0.02685628831386566,8.545183062553406,1.50254,0.0,-3.920449941788685,-4.969834464377135,,6.330022302439516,0.13439809176222384
2025-01-28,Milagros (Masbate),27.406689651310444,33.8053529150784,-0.012207403779029846,-0.0238044373691082,8.545183062553406,1.2130474,0.0,-5.016157138539292,-5.228647155352341,,7.245728639253118,0.17157394591685718
2025-01-29,Milagros (Masbate),27.10711996257305,33.70006405748427,-0.05066072568297386,-0.015259254723787308,8.545183062553406,0.8714324,0.0,-5.8440189319020455,-3.5876837192347297,,6.857407071604505,0.20874980007149052
2025-01-30,Milagros (Masbate),27.028015986084938,33.63750111311674,-0.08606219664216042,0.01037629321217537,8.545183062553406,0.97705454,0.0,-5.942337970649639,-1.733838829464872,,6.190119356198601,0.2459256542261239
2025-01-31,Milagros (Masbate),27.199407935142517,33.67870110087097,-0.08545182645320892,0.014038514345884323,8.545183062553406,0.88307923,0.0,-4.3549862837771265,-1.349279100834952,,4.55921699679198,0.2831015083807572
2025-02-01,Milagros (Masbate),27.473342075943947,33.71074553579092,-0.079348124563694,0.0012207403779029846,8.69777561724186,1.9639829,0.0,-3.083716612227541,-1.5671854777027618,,3.4591008175609073,0.3202773625353905
2025-02-02,Milagros (Masbate),27.74800866097212,33.741264045238495,-0.07263405248522758,0.009765923023223877,8.69777561724186,2.450308,2.7557062048457457,-2.6046936586275673,-1.488514481365557,0.3574532166900239,3.0000174027044637,0.3574532166900239
2025-02-03,Milagros (Masbate),27.677694015204906,33.77025662921369,-0.0555436871945858,-0.01342814415693283,8.69777561724186,1.1193681,0.0,-3.7702486188019755,-2.3944349668238543,,4.466328856894324,0.35313826287166156
2025-02-04,Milagros (Masbate),27.693807788193226,33.8053529150784,-0.035401470959186554,-0.024414807558059692,8.545183062553406,1.2207575,0.0,-2.8530925891887073,-2.912625229095476,,4.077195488034269,0.3488233090532992
2025-02-05,Milagros (Masbate),27.69527267664671,33.835871424525976,-0.048829615116119385,-0.017090365290641785,8.545183062553406,1.7226295,0.0,-4.337352474512198,-2.4570581661993676,,4.9849534922849665,0.3445083552349369
2025-02-06,Milagros (Masbate),27.49971006810665,33.75652329996228,-0.07690664380788803,-0.008545182645320892,8.69777561724186,1.7226295,54.22207788618293,-7.032827434516684,-2.5646017846423614,,7.485842907614433,0.34019340141657456
2025-02-07,Milagros (Masbate),27.402294985949993,33.72447886504233,-0.07690664380788803,0.0079348124563694,8.545183062553406,2.7052689,18.618779768566572,-5.454638303724726,-1.4963701300019807,,5.656165007354639,0.3358784475982123
2025-02-08,Milagros (Masbate),27.47407452017069,33.75041959807277,-0.07629627361893654,0.0006103701889514923,8.545183062553406,2.705125,12.524853646392511,-5.388448865516928,-2.8979050012467154,,6.118270554048864,0.33156349377984995
2025-02-09,Milagros (Masbate),27.293160796165466,33.74584182165563,-0.07690664380788803,0.0048829615116119385,8.545183062553406,2.619552,31.49797055397266,-6.977423643146957,-3.7669929101821302,,7.92935535092914,0.3272485399614876
2025-02-10,Milagros (Masbate),27.072695083916187,33.718375163152814,-0.08545182645320892,0.012207403779029846,8.545183062553406,2.1903198,33.920959379803584,-6.721967172499797,-2.2266126411567697,,7.081147260290809,0.3229335861431253
2025-02-11,Milagros (Masbate),27.162785723805428,33.739738119766116,-0.09643848985433578,0.02075258642435074,8.545183062553406,2.434233,0.0,-5.639269859096218,-0.9951381396308239,,5.7264006549191935,0.31861863232476295
2025-02-12,Milagros (Masbate),27.363475441932678,33.75957515090704,-0.09155552834272385,0.02075258642435074,8.69777561724186,2.4422994,10.110376442179959,-3.9271829314429585,-0.6656397128712261,0.3143036785064006,3.9831949493300223,0.3143036785064006
2025-02-13,Milagros (Masbate),27.231635481119156,33.72295293956995,-0.06836146116256714,0.0158696249127388,8.545183062553406,2.447764,15.476529307104268,-3.1659729893972925,-0.26471989368858667,,3.177020867370519,0.31144329437957974
2025-02-14,Milagros (Masbate),27.461622968316078,33.73821219429374,-0.08545182645320892,0.01831110566854477,8.69777561724186,1.5581087,0.0,-3.6971079539276936,-0.44898671096577547,,3.7242712427559947,0.30858291025275886
2025-02-15,Milagros (Masbate),27.742881551384926,33.73210849240422,-0.08911404758691788,0.032959990203380585,8.69777561724186,1.3192217,0.17833087410452883,-2.7755355465200293,-0.6232191621821629,,2.8446440364494245,0.305722526125938
2025-02-16,Milagros (Masbate),27.939176604151726,33.765678852796555,-0.0952177494764328,0.024414807558059692,8.69777561724186,2.086265,0.0,-3.6383640149325824,-0.982277657932681,,3.7686286766448687,0.3028621419991171
2025-02-17,Milagros (Masbate),28.008758805692196,33.78551588393748,-0.08667256683111191,0.008545182645320892,8.69777561724186,1.2326804,0.0,-4.508136336221467,-2.095050239372239,0.3000017578722962,4.971169754841811,0.3000017578722962
2025-02-18,Milagros (Masbate),28.046113461256027,33.80993069149554,-0.07995849475264549,0.007324442267417908,8.545183062553406,1.7555338,0.0,-4.8189039073895374,-2.21362441645667,,5.303014984495828,0.30709513031949237
2025-02-19,Milagros (Masbate),28.007293917238712,33.83129364810884,-0.06591998040676117,-0.0024414807558059692,8.545183062553406,1.5310646,24.67489422455763,-5.930099025250619,-3.288835204906744,,6.7810405878679365,0.31418850276668847
2025-02-20,Milagros (Masbate),27.74434643983841,33.837397349998355,-0.09887997061014175,0.017700735479593277,8.545183062553406,1.5418081,0.0,-7.212625881224121,-2.355357464840526,,7.587468674708583,0.3212818752138846
2025-02-21,Milagros (Masbate),27.465285189449787,33.835871424525976,-0.09460737928748131,0.0158696249127388,8.545183062553406,1.5807035,46.10283629164009,-6.516839753206772,-2.710078470339563,,7.057883938148468,0.3283752476610807
2025-02-22,Milagros (Masbate),27.304879903793335,33.848078828305006,-0.07568590342998505,0.006103701889514923,8.545183062553406,1.316303,0.0,-6.075221041384382,-3.5262466920358464,,7.024437802043185,0.3354686201082769
2025-02-23,Milagros (Masbate),27.336375005543232,33.86333808302879,-0.07202368229627609,0.0012207403779029846,8.545183062553406,1.3256332,0.0,-6.036210093794258,-3.997760991819437,,7.240022461576816,0.34256199255547304
2025-02-24,Milagros (Masbate),27.28290657699108,33.87859733775258,-0.04211554303765297,-0.010986663401126862,8.545183062553406,1.4281998,0.0,-6.077928687913738,-5.920629720402109,,8.48499106784878,0.34965536500266914
2025-02-25,Milagros (Masbate),27.16791283339262,33.9060639962554,-0.04821924492716789,-0.008545182645320892,8.545183062553406,1.4438225,7.479487289521563,-6.695091917089467,-5.00277546209797,,8.357751976605089,0.3567487374498653
2025-02-26,Milagros (Masbate),27.116641737520695,33.9274269528687,-0.04272591322660446,-0.011597033590078354,8.545183062553406,1.7012388,0.7883423028804709,-5.254372870319577,-5.267175164843753,,7.439863471697395,0.3638421098970614
2025-02-27,Milagros (Masbate),27.10199285298586,33.94726398400962,-0.031128879636526108,-0.017700735479593277,8.545183062553406,1.7578804,0.5935514268841269,-4.682078149118958,-3.90885185933093,0.37093548234425755,6.099260500474797,0.37093548234425755
2025-02-28,Milagros (Masbate),27.226508371531963,33.96099731326103,-0.04943998530507088,-0.015259254723787308,8.545183062553406,1.6250066,6.194500640729861,-4.763849888483243,-3.434230256698729,,5.872665767437035,0.3452741900970036
2025-03-01,Milagros (Masbate),27.369334995746613,33.96252323873341,-0.06836146116256714,-0.0030518509447574615,8.545183062553406,0.98011875,25.4785802910826,-5.3752541263632265,-2.4058280921053896,,5.8890887012973705,0.3196128978497497
2025-03-02,Milagros (Masbate),27.55684071779251,33.97320471704006,-0.08239997550845146,0.003662221133708954,8.545183062553406,0.9609332,10.132997890031364,-5.920692164885629,-2.4978538678695497,,6.426030629912135,0.2939516056024958
2025-03-03,Milagros (Masbate),27.483596295118332,33.95489361137152,-0.07568590342998505,0.01037629321217537,8.545183062553406,1.6404828,0.0,-4.887894462306589,-1.6685370406661366,,5.164835731242798,0.26829031335524184
2025-03-04,Milagros (Masbate),27.815393529832363,33.948789909482,-0.09399700909852982,0.017700735479593277,8.69777561724186,2.105044,0.0,-3.3486032272469166,-1.0230913540062259,0.24262902110798792,3.50140821558566,0.24262902110798792
2025-03-05,Milagros (Masbate),28.097384557127953,33.96252323873341,-0.10376293212175369,0.016479995101690292,8.69777561724186,1.774638,0.0,-3.8595907230341977,-1.147477728961587,,4.026555064542702,0.2050737634374811
2025-03-06,Milagros (Masbate),28.19040497392416,33.97167879156768,-0.1031525619328022,0.0030518509447574615,8.69777561724186,1.065015,0.0,-2.8668498297417764,-2.010795622754532,,3.501731997566238,0.1675185057669743
2025-03-07,Milagros (Masbate),28.234351627528667,33.982360269874334,-0.08789330720901489,-0.005493331700563431,8.545183062553406,1.33545,0.0,-4.896432075310472,-2.542116950498984,,5.517010572596673,0.12996324809646748
2025-03-08,Milagros (Masbate),28.24753562361002,33.9991454500705,-0.08484145626425743,0.0,8.545183062553406,1.0887687,0.0,-5.628804699385458,-2.7312467684699198,,6.256448773393832,0.09240799042596065
2025-03-09,Milagros (Masbate),28.25925473123789,34.02356025762856,-0.07873775437474251,-0.0006103701889514923,8.545183062553406,0.68265057,0.0,-5.8665368724065585,-2.98840831355761,0.054852732755453826,6.583831644555165,0.054852732755453826
2025-03-10,Milagros (Masbate),28.381572917103767,34.04492321424186,-0.08911404758691788,0.0006103701889514923,8.545183062553406,0.7680904,0.0,-5.305542755919299,-3.175535287368443,,6.183268415345554,0.10677840311159767
2025-03-11,Milagros (Masbate),28.454084895551205,34.066286170855165,-0.09887997061014175,0.006103701889514923,8.545183062553406,0.48426002,0.0,-4.934541719731427,-2.2417644355762776,,5.419890198923278,0.1587040734677415
2025-03-12,Milagros (Masbate),28.487044885754585,34.08764912746847,-0.08850367739796638,-0.0006103701889514923,8.545183062553406,0.4229335,0.0,-5.643591260495521,-2.033739916553258,,5.998851587072602,0.21062974382388533
2025-03-13,Milagros (Masbate),28.49290443956852,34.11969356238842,-0.05798516795039177,-0.012817773967981339,8.545183062553406,0.6735216,6.026214661511156,-5.2516976506244735,-3.1379285589054233,,6.117754805021927,0.26255541418002915
2025-03-14,Milagros (Masbate),28.655507057905197,34.14410836994648,-0.07507553324103355,-0.021973326802253723,8.69777561724186,1.2433554,0.0,-4.272731440444572,-3.472983731738567,0.314481084536173,5.506164723569781,0.314481084536173
2025-03-15,Milagros (Masbate),28.72582170367241,34.15326392278075,-0.06775109097361565,-0.032959990203380585,8.69777561724186,1.8278143,0.0,-2.6991200202409553,-2.5860980345346496,,3.7380679405127877,0.31088788031633136
2025-03-16,Milagros (Masbate),28.651112392544746,34.174626879394054,-0.05005035549402237,-0.01892147585749626,8.545183062553406,0.731545,0.0,-3.1216150485274334,-3.2854266183927834,,4.531943134687015,0.3072946760964897
2025-03-17,Milagros (Masbate),28.657704390585423,34.199041686952114,-0.0634784996509552,-0.016479995101690292,8.545183062553406,0.666379,0.0,-4.281452683560967,-3.935200218145954,,5.815207463063323,0.30370147187664803
2025-03-18,Milagros (Masbate),28.487044885754585,34.21887871809304,-0.05859553813934326,-0.007324442267417908,8.545183062553406,0.76769626,0.0,-5.076779034313986,-4.202730432493209,,6.590647043458981,0.30010826765680637
2025-03-19,Milagros (Masbate),27.945768602192402,34.101382456719875,-0.0476088747382164,-0.01342814415693283,8.545183062553406,0.697594,18.958284617921162,-6.309226171568145,-5.235913082768123,,8.198848742006577,0.29651506343696477
2025-03-20,Milagros (Masbate),27.497512735426426,34.066286170855165,-0.020142216235399246,-0.02136295661330223,8.545183062553406,0.5956351,21.65650966249663,-5.559053169313655,-5.685751090820812,,7.951782039645343,0.2929218592171231
2025-03-21,Milagros (Masbate),27.301950126886368,34.09833060577512,-0.009155552834272385,-0.02685628831386566,8.545183062553406,0.74317497,0.0,-4.859012802872934,-6.272248681540378,,7.93417348824489,0.28932865499728144
2025-03-22,Milagros (Masbate),27.19647815823555,34.10443430766463,-0.004272591322660446,-0.02685628831386566,8.545183062553406,1.0325781,0.0,-3.1392172117840005,-5.500576508046112,,6.333326663265497,0.2857354507774398
2025-03-23,Milagros (Masbate),27.685750901699066,34.113589860498905,-0.08362071588635445,0.0079348124563694,8.69777561724186,1.5095671,11.2370815238411,-1.7902261590359716,-4.494165334841665,,4.8376059944345595,0.2821422465575981
2025-03-24,Milagros (Masbate),27.978728592395782,34.1212194878608,-0.10559404268860817,0.030518509447574615,8.69777561724186,1.5495396,0.0,-2.6232512407792936,-1.5300252668875363,0.27854904233775646,3.0368444789887383,0.27854904233775646
2025-03-25,Milagros (Masbate),28.041718795895576,34.11664171144366,-0.10864589363336563,0.012817773967981339,8.69777561724186,1.6558622,0.0,-2.7041711810735825,-1.422734966314025,,3.0556041237243843,0.27750125205985726
2025-03-26,Milagros (Masbate),28.184545420110226,34.115115785971284,-0.11291848495602608,0.0158696249127388,8.69777561724186,1.1509951,0.0,-3.557902847237656,-1.0044607485575956,,3.6969736360670336,0.27645346178195807
2025-03-27,Milagros (Masbate),28.1244849935174,34.11816763691604,-0.08606219664216042,0.02136295661330223,8.545183062553406,0.8591469,0.0,-3.617029887436445,-0.9416155426564037,,3.7375854554485595,0.27540567150405887
2025-03-28,Milagros (Masbate),28.095187224447727,34.08612320199609,-0.0872829370200634,0.0006103701889514923,8.69777561724186,0.46373478,43.66557841271948,-4.5091021791661055,-2.0242867903100854,,4.942644987411541,0.2743578812261596
2025-03-29,Milagros (Masbate),28.13254188001156,34.05560469254851,-0.10437330231070518,0.01831110566854477,8.69777561724186,0.59501934,17.381384725744777,-4.969321701891451,-0.8435583241637535,,5.040411572793962,0.2733100909482604
2025-03-30,Milagros (Masbate),28.151585429906845,34.02661210857332,-0.09826960042119026,0.011597033590078354,8.545183062553406,0.7888109,26.044722920740835,-4.593213284948312,-1.622916954674623,,4.871495429823989,0.2722623006703612
2025-03-31,Milagros (Masbate),28.37791069597006,34.043397288769484,-0.10681478306651115,0.016479995101690292,8.69777561724186,1.2898257,0.0,-3.4671455001508242,-1.7456439986890337,,3.8817999548373363,0.271214510392462
2025-04-01,Milagros (Masbate),28.556627087295055,34.05713061802089,-0.0952177494764328,-0.009155552834272385,8.69777561724186,1.8100253,0.0,-3.4587838047696535,-2.249634364621714,,4.126019896052828,0.27016672011456283
2025-04-02,Milagros (Masbate),28.733146145939827,34.06933802179992,-0.09949034079909325,-0.01342814415693283,8.69777561724186,1.5287886,0.0,-3.228676853551159,-2.648112923055898,,4.175746194144547,0.26911892983666363
2025-04-03,Milagros (Masbate),28.749259918928146,34.08612320199609,-0.08178960531949997,-0.017090365290641785,8.69777561724186,1.4405855,0.0,-4.255418075360797,-2.939791077384124,,5.172132497797664,0.26807113955876444
2025-04-04,Milagros (Masbate),28.9096652045846,34.10443430766463,-0.09887997061014175,-0.004272591322660446,8.69777561724186,0.66350657,0.0,-4.052889492816399,-2.032988954501956,,4.53419864255069,0.26702334928086524
2025-04-05,Milagros (Masbate),29.029786057770252,34.124271338805556,-0.10132145136594772,-0.001831110566854477,8.69777561724186,0.7705484,25.682266993648383,-3.8200971738899083,-1.7922140215807616,,4.219617697980748,0.265975559002966
2025-04-06,Milagros (Masbate),29.083254486322403,34.14563429541886,-0.09704886004328728,0.02136295661330223,8.69777561724186,1.573186,0.0,-3.052137278035857,-1.167130572005908,,3.2676804825574624,0.2649277687250668
2025-04-07,Milagros (Masbate),29.116946920752525,34.15173799730837,-0.09399700909852982,0.004272591322660446,8.69777561724186,0.8941096,0.0,-4.075963222592582,-1.6435292757825768,,4.394845238717935,0.2638799784471676
2025-04-08,Milagros (Masbate),29.19312112033367,34.17004910297692,-0.08667256683111191,-0.0158696249127388,8.69777561724186,0.55055577,0.0,-3.9832081806844033,-2.496332933338012,0.2628321881692684,4.70081115603883,0.2628321881692684
2025-04-09,Milagros (Masbate),29.246589548885822,34.19141205959022,-0.08789330720901489,-0.0030518509447574615,8.69777561724186,0.6177291,0.0,-3.7855330674921026,-1.8768921017014017,,4.225279229412569,0.25174670725098197
2025-04-10,Milagros (Masbate),29.387218840420246,34.211249090731144,-0.09399700909852982,0.014038514345884323,8.69777561724186,0.730073,0.0,-3.016429344574592,-0.8737219771253797,,3.1404197305651014,0.24066122633269557
2025-04-11,Milagros (Masbate),29.49488814175129,34.221930569037795,-0.10681478306651115,0.017700735479593277,8.69777561724186,0.5917353,0.0,-3.9605842619384655,-1.0024997494717598,,4.085490600112256,0.22957574541440917
2025-04-12,Milagros (Masbate),29.55275123566389,34.221930569037795,-0.10498367249965668,0.02929776906967163,8.69777561724186,0.6725393,0.3573643759830003,-3.772487644636042,-0.11070685287981515,,3.7741116883587513,0.21849026449612274
2025-04-13,Milagros (Masbate),29.71535385400057,34.244819451123476,-0.10925626382231712,0.03479110077023506,8.69777561724186,2.2390509,0.0,-3.69401884354099,-0.7095724435501516,0.20740478357783634,3.7615513115045562,0.20740478357783634
2025-04-14,Milagros (Masbate),29.82595293223858,34.26618240773678,-0.09338663890957832,0.03723258152604103,8.69777561724186,1.0786505,0.0,-2.4290179764640283,-0.40030707079719163,,2.4617827038379385,0.23190509871276796
2025-04-15,Milagros (Masbate),30.02664265036583,34.282967587932944,-0.1031525619328022,0.03723258152604103,8.69777561724186,0.5128043,0.0,-3.2313314172724352,-0.42202791848341525,,3.2587743542981507,0.25640541384769955
2025-04-16,Milagros (Masbate),29.96072266995907,34.29212314076722,-0.09887997061014175,0.03357036039233208,8.545183062553406,0.8949818,0.0,-4.232399800730005,-0.4236526466147772,,4.253550239294594,0.28090572898263116
2025-04-17,Milagros (Masbate),30.07132174819708,34.31043424643576,-0.10559404268860817,0.017700735479593277,8.69777561724186,1.7778131,0.0,-3.7769220721786767,-0.6809226298058928,,3.8378113511599605,0.3054060441175628
2025-04-18,Milagros (Masbate),30.21048615127802,34.32264165021479,-0.10559404268860817,0.031128879636526108,8.69777561724186,0.9871301,0.0,-3.9948027795879226,-1.0036875634516595,,4.118960787969573,0.3299063592524944
2025-04-19,Milagros (Masbate),30.162877276539803,34.33332312852144,-0.09155552834272385,0.006714072078466415,8.545183062553406,1.4274558,0.0,-4.4124539156163305,-1.357140828897535,,4.616446770720808,0.354406674387426
2025-04-20,Milagros (Masbate),30.367961660027504,34.353160159662366,-0.10498367249965668,0.02075258642435074,8.69777561724186,2.241965,0.0,-3.873564470345281,-1.2270980532861362,0.37890698952235763,4.06328331996428,0.37890698952235763
2025-04-21,Milagros (Masbate),30.389934986829758,34.365367563441396,-0.09887997061014175,0.0158696249127388,8.69777561724186,0.5084249,0.0,-3.7839186416239783,-1.3138186681434751,,4.005516168884074,0.4508840507312669
2025-04-22,Milagros (Masbate),30.54594560712576,34.37452311627567,-0.09826960042119026,0.017090365290641785,8.69777561724186,0.43263134,0.0,-3.1105863007868946,-0.5692604953247323,,3.162246771866556,0.5228611119401763
2025-04-23,Milagros (Masbate),30.835261076688766,34.38825644552708,-0.08972441777586937,0.017700735479593277,8.69777561724186,0.96540725,0.0,-2.3339903143536396,-0.9513576009271878,0.5948381731490855,2.52043489746086,0.5948381731490855
2025-04-24,Milagros (Masbate),30.720267333090305,34.39436014741659,-0.08972441777586937,0.006103701889514923,8.69777561724186,0.54889274,0.0,-3.131805678314132,-1.2560465981184645,,3.3742939799853846,0.5611329264910548
2025-04-25,Milagros (Masbate),30.68950467556715,34.401989774778485,-0.07812738418579102,-0.014038514345884323,8.545183062553406,1.3561245,0.0,-3.8422480311079372,-2.319081647688264,,4.487873619120456,0.5274276798330242
2025-04-26,Milagros (Masbate),30.577440708875656,34.40656755119562,-0.06653035059571266,-0.009155552834272385,8.545183062553406,0.6673084,0.0,-4.620222738462464,-2.196772701749986,,5.115883936932065,0.4937224331749935
2025-04-27,Milagros (Masbate),30.485885180532932,34.403515700250864,-0.06714072078466415,-0.009155552834272385,8.545183062553406,0.7844587,0.21841688717112823,-3.8857608869705063,-2.1272048213700345,,4.429913997220458,0.4600171865169628
2025-04-28,Milagros (Masbate),30.56205938011408,34.3867305200547,-0.08667256683111191,0.01037629321217537,8.69777561724186,1.2618628,0.0,-3.0490208047749,-0.9642827088066741,0.4263119398589321,3.1978694486257124,0.4263119398589321
2025-04-29,Milagros (Masbate),30.55034027248621,34.39436014741659,-0.08117923513054848,0.010986663401126862,8.545183062553406,1.7078081,0.0,-4.02022786715992,-0.8344639416373375,,4.105917945329902,0.41843746098067086
2025-04-30,Milagros (Masbate),30.60820336639881,34.39741199836135,-0.08850367739796638,0.0079348124563694,8.545183062553406,0.9226519,0.0,-3.789799592304031,-0.876641779443339,,3.889869118530003,0.4105629821024096
2025-05-01,Milagros (Masbate),30.65727712959051,34.40046384930611,-0.08301034569740295,0.0030518509447574615,8.545183062553406,0.9754116,0.0,-3.6176623015671896,-1.710539291708164,,4.001677797706592,0.40268850322414834
2025-05-02,Milagros (Masbate),30.482222959399223,34.366893488913774,-0.06042664870619774,-0.009765923023223877,8.545183062553406,0.8607792,4.105785369873046,-4.019443647541792,-1.9998945916778386,,4.489488346525284,0.3948140243458871
2025-05-03,Milagros (Masbate),30.162877276539803,34.26160463131964,-0.06958220154047012,0.010986663401126862,8.545183062553406,0.6693417,22.994217824258865,-4.723225574125115,0.15751302721904087,,4.725851264884796,0.38693954546762577
2025-05-04,Milagros (Masbate),30.015655986964703,34.20514538884163,-0.06714072078466415,0.028077028691768646,8.545183062553406,1.0956472,7.664739326337772,-2.6622533804820634,1.8461765472646292,,3.2397470434523314,0.37906506658936456
2025-05-05,Milagros (Masbate),30.311563454568386,34.17920465581119,-0.07873775437474251,0.06103701889514923,8.69777561724186,1.4366411,5.059058260966024,-1.6698438239579974,0.5749359703566516,,1.7660491970555667,0.37119058771110325
2025-05-06,Milagros (Masbate),30.45585496723652,34.125797264277935,-0.01037629321217537,0.01342814415693283,8.69777561724186,1.0200883,8.424366408380967,-0.25665448524280826,0.06350434487650455,,0.26439426357893037,0.363316108832842
2025-05-07,Milagros (Masbate),30.24710836261511,34.064760245382786,-0.04272591322660446,-0.006103701889514923,8.69777561724186,0.37200427,16.89977588421433,-1.8702527332401284,-0.5212723513146218,,1.9415380888453477,0.35544162995458073
2025-05-08,Milagros (Masbate),30.31302834302187,34.09375282935798,-0.09277626872062683,0.046388134360313416,8.69777561724186,0.93449837,7.80098441261307,-3.453312484197722,1.256582883350922,0.34756715107631947,3.6748289288409546,0.34756715107631947
2025-05-09,Milagros (Masbate),30.426557198166847,34.10748615860939,-0.09277626872062683,0.04028443247079849,8.545183062553406,1.6904024,1.4564243059371114,-3.5893198286664414,0.7294681724268378,,3.662695816887043,0.2919554986650339
2025-05-10,Milagros (Masbate),30.51811272650957,34.113589860498905,-0.08056886494159698,0.043336283415555954,8.545183062553406,0.96427727,2.7669217277008435,-2.886173465892218,0.6722241649353301,0.23634384625374832,2.9634241348722425,0.23634384625374832
2025-05-11,Milagros (Masbate),30.752494879066944,34.1212194878608,-0.08362071588635445,0.07019257172942162,8.69777561724186,1.7903978,0.0,-2.531263406170874,1.5765509035084946,,2.982081015461053,0.2508696889274381
2025-05-12,Milagros (Masbate),30.95977659523487,34.12884911522269,-0.08423108607530594,0.09399700909852982,8.69777561724186,2.2454906,0.0,-2.2434342288450053,1.168152651407873,,2.529343344851511,0.26539553160112783
2025-05-13,Milagros (Masbate),31.026429019868374,34.13190096616745,-0.10254219174385071,0.059205908328294754,8.69777561724186,2.1649945,0.0,-3.5159663587673338,-0.4238108161394666,0.2799213742748176,3.5414170954379864,0.2799213742748176
2025-05-14,Milagros (Masbate),30.970030814409256,34.13190096616745,-0.08239997550845146,0.021973326802253723,8.545183062553406,1.3369359,0.0,-4.410259282481663,-1.0932829925138885,,4.543748963184013,0.21103750973481175
2025-05-15,Milagros (Masbate),30.895321503281593,34.054078767076135,-0.09216589853167534,0.014648884534835815,8.69777561724186,1.4405872,14.101173867076696,-4.378152717727084,-0.7262512598874816,,4.437979507864948,0.1421536451948059
2025-05-16,Milagros (Masbate),30.637501135468483,33.9777824934572,-0.07385479286313057,0.01342814415693283,8.545183062553406,1.0077655,3.9950791701341983,-3.862584763723609,-0.15633334088430045,,3.8657471684555125,0.07326978065480003
2025-05-17,Milagros (Masbate),30.759819321334362,34.00219730101526,-0.07080294191837311,0.014648884534835815,8.545183062553406,1.5621339,3.1964349345309735,-4.036539470849565,-0.42887362656900363,,4.059258982535228,0.004385916114794164
2025-05-18,Milagros (Masbate),30.801568642258644,34.00982692837715,-0.07263405248522758,0.003662221133708954,8.545183062553406,1.1685667,2.2115092715191795,-4.417927035570824,-0.8170881104823288,-0.06449794842521166,4.49285124079567,-0.06449794842521166
2025-05-19,Milagros (Masbate),30.805230863392353,34.00830100290477,-0.0714133121073246,0.01342814415693283,8.545183062553406,1.1550456,3.26331481633757,-4.239520058300653,0.07858789791574072,,4.240248386879286,0.012953120851245573
2025-05-20,Milagros (Masbate),30.78398998081684,33.99761952459812,-0.07446516305208206,0.011597033590078354,8.545183062553406,0.60873955,3.276450811003091,-4.089849841659807,0.05244683560907625,,4.090186107977258,0.0904041901277028
2025-05-21,Milagros (Masbate),30.93487349152565,34.01135285384953,-0.079348124563694,-0.0012207403779029846,8.545183062553406,0.7878278,0.0,-3.608618410012017,-1.1170110428862428,,3.7775442418332403,0.16785525940416002
2025-05-22,Milagros (Masbate),30.937803268432617,34.02203433215618,-0.06836146116256714,0.01342814415693283,8.545183062553406,1.2348756,0.0,-3.4356439323258026,-0.14097840604951578,,3.4385351736894254,0.24530632868061725
2025-05-23,Milagros (Masbate),31.006653025746346,34.029663959518075,-0.07690664380788803,0.012817773967981339,8.545183062553406,0.88717353,15.861867212136909,-3.5750472786811893,0.281687552382904,0.3227573979570745,3.5861275663273955,0.3227573979570745
2025-05-24,Milagros (Masbate),30.84038818627596,34.017456555739045,-0.07019257172942162,0.014038514345884323,8.545183062553406,0.88630766,12.248035235530708,-4.115854403873398,0.6952275545361024,,4.174158457278581,0.3203323462706139
2025-05-25,Milagros (Masbate),30.619190029799938,33.98693804629147,-0.06530961021780968,0.01037629321217537,8.545183062553406,0.696034,0.0,-4.022211641648685,-0.1356701175105857,,4.024499083239993,0.31790729458415334
2025-05-26,Milagros (Masbate),30.602343812584877,33.994567673653364,-0.06653035059571266,0.006103701889514923,8.545183062553406,0.6610013,0.0,-3.789982363814363,-0.21721885141771347,,3.796202095178171,0.3154822428976928
2025-05-27,Milagros (Masbate),30.57524337619543,33.9777824934572,-0.06714072078466415,0.024414807558059692,8.545183062553406,0.8910483,4.59693747166446,-3.2857326606171195,0.7981400735213743,,3.3812818122727895,0.31305719121123216
2025-05-28,Milagros (Masbate),30.45658741146326,33.91521954908967,-0.05798516795039177,0.03784295171499252,8.545183062553406,0.7921754,27.965922616799993,-2.1034684586556147,2.6257763256686624,,3.364413896802985,0.3106321395247716
2025-05-29,Milagros (Masbate),30.55473493784666,33.91521954908967,0.0024414807558059692,0.02685628831386566,8.69777561724186,0.5878749,18.362856501256235,1.850286602763013,1.491160086754955,,2.376366747094256,0.308207087838311
2025-05-30,Milagros (Masbate),30.745902881026268,33.94116028212011,0.04516739398241043,0.001831110566854477,8.69777561724186,0.7128753,1.007556406527939,2.5055934233393646,0.893487464080307,0.30578203615185046,2.6601350062638054,0.30578203615185046
2025-05-31,Milagros (Masbate),30.89825128018856,33.948789909482,0.040894802659749985,0.0048829615116119385,8.69777561724186,0.75788486,0.0,0.9906050094192473,1.82903001269741,,2.0800598722234884,0.30816545347883517
2025-06-01,Milagros (Masbate),31.007385469973087,33.95947138778865,0.0048829615116119385,0.0476088747382164,8.69777561724186,2.0163512,0.0,0.9262751253469789,2.5401159292625017,,2.7037334450588255,0.3105488708058199
2025-06-02,Milagros (Masbate),31.109927661716938,33.970152866095304,0.028077028691768646,0.03662221133708954,8.69777561724186,2.6360247,0.0,2.1830101990408144,2.9654327350099665,0.3129322881328046,3.682298851938135,0.3129322881328046
2025-06-03,Milagros (Masbate),31.199285857379436,33.97930841892958,0.02929776906967163,0.02868739888072014,8.69777561724186,2.5188663,0.0,1.2018077312428104,2.611689879514775,,2.874937538388424,0.2919410503636784
2025-06-04,Milagros (Masbate),31.213934741914272,33.9777824934572,0.015259254723787308,0.02624591812491417,8.545183062553406,2.002156,8.429056028323531,1.4695608960875126,1.7820052379589373,,2.309794773442572,0.27094981259455225
2025-06-05,Milagros (Masbate),31.345042258501053,33.933530654758215,-0.0030518509447574615,0.010986663401126862,8.69777561724186,1.0640036,8.429056028323531,0.1041326063102424,0.34225493116978173,,0.35774577231184157,0.24995857482542605
2025-06-06,Milagros (Masbate),30.88579972833395,33.80840476602316,0.04821924492716789,-0.05798516795039177,8.69777561724186,1.0372944,28.181316526618012,2.4078238677021098,-1.7003253514660865,,2.9476638340750827,0.2289673370562999
2025-06-07,Milagros (Masbate),30.261024802923203,33.46049375832081,0.10376293212175369,-0.04150517284870148,8.69777561724186,0.99730587,16.368351236076432,4.408397477795064,1.4328569502580697,,4.635412318460218,0.2079760992871737
2025-06-08,Milagros (Masbate),30.025910206139088,33.50932337343693,0.05249183624982834,0.004272591322660446,8.545183062553406,0.9697595,4.764332183234347,4.274609076902493,3.408016441436774,,5.466887489736784,0.18698486151804752
2025-06-09,Milagros (Masbate),29.743186734616756,33.477278938516974,0.010986663401126862,0.0238044373691082,8.545183062553406,1.0160987,6.974578930930239,4.4649446629608525,3.8545102019870874,,5.898557428772322,0.16599362374892135
2025-06-10,Milagros (Masbate),29.582781448960304,33.43607895076275,-0.006103701889514923,0.03418073058128357,8.545183062553406,2.1677501,16.136903675768,3.384248728971865,3.6372873943231134,,4.968198773041343,0.14500238597979517
2025-06-11,Milagros (Masbate),29.40113528072834,33.38419748470187,-0.01892147585749626,0.03906369209289551,8.545183062553406,2.4085324,9.228337477477035,2.3059989319681082,4.960438226129341,,5.470244827197706,0.124011148210669
2025-06-12,Milagros (Masbate),29.18433178961277,33.33994564600289,-0.036011841148138046,0.02868739888072014,8.545183062553406,2.450665,0.6246424434634784,0.1467862270439448,2.985533142834501,,2.989139398457865,0.10301991044154282
2025-06-13,Milagros (Masbate),29.530777908861637,33.35978267714381,-0.09460737928748131,0.03784295171499252,8.69777561724186,2.4568694,3.724194012597415,-3.224584271627368,0.0581080788547731,,3.2251077925636524,0.08202867267241665
2025-06-14,Milagros (Masbate),29.67067475616932,33.37656785733998,-0.09765923023223877,0.023194067180156708,8.69777561724186,2.034496,1.56572568513317,-3.2215704295403937,-0.03216280578805791,,3.221730975510717,0.061037434903290444
2025-06-15,Milagros (Masbate),29.772484503686428,33.367412304505706,-0.09338663890957832,0.04272591322660446,8.545183062553406,0.5562182,9.645537658830685,-2.949260091147007,1.3637527536819496,,3.2493009491900797,0.040046197134164296
2025-06-16,Milagros (Masbate),29.60182499885559,33.330790093168616,-0.06653035059571266,0.02868739888072014,8.545183062553406,0.5909212,8.388967898022573,-2.148990073381217,1.4603070750292635,,2.5982022802067455,0.019054959365038093
2025-06-17,Milagros (Masbate),29.897000022232533,33.332316018640995,-0.07202368229627609,0.04272591322660446,8.69777561724186,0.66476524,9.925772387405921,-1.2618825778804181,0.6221760472606462,,1.4069295199628913,-0.0019362784040880543
2025-06-18,Milagros (Masbate),30.072786636650562,33.33994564600289,-0.08545182645320892,0.030518509447574615,8.69777561724186,0.58330005,0.0,-2.9631604880532425,-0.6805299180628236,,3.0403027887594556,-0.022927516173214257
2025-06-19,Milagros (Masbate),30.041291534900665,33.342997496947646,-0.07629627361893654,0.020142216235399246,8.545183062553406,0.42730922,0.0,-2.9543517877417487,0.29113545228136584,-0.04391875394234043,2.968662044980523,-0.04391875394234043
2025-06-20,Milagros (Masbate),30.204626597464085,33.31705676391721,-0.07873775437474251,0.015259254723787308,8.69777561724186,0.42565712,28.76818672009946,-2.4886006232692384,1.0154090373917208,,2.6877850686676608,0.09060346325898716
2025-06-21,Milagros (Masbate),30.086703076958656,33.28653825446963,-0.03418073058128357,0.03784295171499252,8.545183062553406,0.711627,12.001607010862648,-0.5170684809757753,2.3072363568852614,,2.3644659905678003,0.22512568046031475
2025-06-22,Milagros (Masbate),30.314493231475353,33.283486403524876,0.029908139258623123,0.012817773967981339,8.69777561724186,0.7855015,12.514801464506384,1.0732116851818376,1.5487006702591102,0.3596478976616423,1.8842125907847704,0.3596478976616423
2025-06-23,Milagros (Masbate),30.1943723782897,33.26670122332871,0.035401470959186554,-0.020142216235399246,8.69777561724186,0.7853383,15.684169697713173,1.9679227794204381,0.9866176992941381,,2.2013937744806857,0.351197321252099
2025-06-24,Milagros (Masbate),30.41117586940527,33.26364937238395,0.02136295661330223,-0.015259254723787308,8.69777561724186,1.5070161,0.0,0.820975365790232,1.2965285191399123,,1.5345966089424083,0.34274674484255574
2025-06-25,Milagros (Masbate),30.495406955480576,33.246864192187786,0.046388134360313416,-0.03479110077023506,8.69777561724186,0.79641277,15.20614930050368,1.7961966450539573,0.9429880672348894,,2.0286815626535586,0.3342961684330125
2025-06-26,Milagros (Masbate),30.17825860530138,33.236182713881135,0.07568590342998505,-0.0476088747382164,8.69777561724186,0.3684547,0.0,3.70422932360482,1.0825486748445419,,3.85917433076837,0.32584559202346924
2025-06-27,Milagros (Masbate),30.085238188505173,33.222449384629726,0.10010071098804474,-0.0555436871945858,8.69777561724186,0.45523173,14.472334958476905,4.187390048005543,0.8035081952468681,0.31739501561392597,4.263784801554219,0.31739501561392597
2025-06-28,Milagros (Masbate),29.984160885214806,33.17819754593074,0.09887997061014175,-0.05737479776144028,8.69777561724186,0.7297648,24.844853205806587,3.6762401059330667,0.3718841036004886,,3.69500190838672,0.31040338494156167
2025-06-29,Milagros (Masbate),29.73293251544237,33.117160527035594,0.09704886004328728,-0.05371257662773132,8.69777561724186,0.8468651,10.679743329603337,4.374005784217333,-0.04050061480615109,,4.374193285643235,0.30341175426919736
2025-06-30,Milagros (Masbate),29.426770828664303,33.05154573172331,0.06775109097361565,-0.02136295661330223,8.545183062553406,0.88042945,19.490077353394295,3.881871042017552,1.347552450998663,,4.109114307858439,0.296420123596833
2025-07-01,Milagros (Masbate),29.185796678066254,33.02865684963763,0.029908139258623123,-0.0024414807558059692,8.545183062553406,0.71121854,14.321915518197763,3.2783758901652855,1.5750862465554802,,3.6371204491060314,0.2894284929244687
2025-07-02,Milagros (Masbate),29.472914814949036,33.06985683739185,0.02929776906967163,0.03479110077023506,8.69777561724186,0.7089676,4.934182987251824,2.458437492145155,2.484125862984357,,3.49496726822051,0.2824368622521044
2025-07-03,Milagros (Masbate),29.50294502824545,33.09884942136705,0.031128879636526108,0.01342814415693283,8.69777561724186,0.6948076,1.8140003103271698,3.095763047508703,2.666106899065809,,4.085569096657977,0.2754452315797401
2025-07-04,Milagros (Masbate),29.67067475616932,33.13699755817652,-0.011597033590078354,0.0555436871945858,8.69777561724186,0.7430722,4.4977599674983155,1.2905005475485982,3.7065682451911535,,3.924798060981311,0.2684536009073758
2025-07-05,Milagros (Masbate),29.755638286471367,33.152256812900305,0.01037629321217537,0.035401470959186554,8.69777561724186,0.79276896,10.308195001938763,1.8495392277384,3.0818140399722886,,3.594213840593444,0.2614619702350115
2025-07-06,Milagros (Masbate),29.860377810895443,33.19040494970977,0.003662221133708954,0.040894802659749985,8.545183062553406,0.8167699,0.0,1.8807525360379755,3.1473565560431194,,3.666481064001406,0.2544703395626472
2025-07-07,Milagros (Masbate),30.077181302011013,33.22855308651924,0.04943998530507088,0.025635547935962677,8.69777561724186,2.1030369,0.0,3.8918137618216826,2.55338240786785,,4.654672499490555,0.24747870889028284
2025-07-08,Milagros (Masbate),30.037629313766956,33.25144196860492,0.06530961021780968,0.0024414807558059692,8.545183062553406,2.1371026,0.0,5.686884429383456,2.4386633057183085,,6.18770823745116,0.24048707821791854
2025-07-09,Milagros (Masbate),29.98562577366829,33.26670122332871,0.06408886983990669,0.0006103701889514923,8.545183062553406,0.76091534,0.0,5.716088405837736,2.87793460788429,,6.399701107912048,0.23349544754555424
2025-07-10,Milagros (Masbate),29.992950215935707,33.2819604780525,0.03357036039233208,0.02075258642435074,8.545183062553406,0.70450836,0.0,3.7476538850285563,3.4120963857085695,,5.068265125990857,0.22650381687318993
2025-07-11,Milagros (Masbate),29.95266578346491,33.27890862710774,0.0012207403779029846,0.02868739888072014,8.545183062553406,1.1912004,11.888163833540787,1.8762394357565797,2.7313037426143953,,3.313652751075099,0.2195121862008256
2025-07-12,Milagros (Masbate),29.917508460581303,33.24381234124303,0.025025177747011185,0.009155552834272385,8.545183062553406,1.0893135,8.317795063854472,2.63781513857084,2.078714419882228,,3.358440463176295,0.2125205555284613
2025-07-13,Milagros (Masbate),30.0559404194355,33.23007901199162,0.05005035549402237,0.012207403779029846,8.545183062553406,0.69869834,5.9440819167703935,3.584229272313738,1.7386330401441648,,3.9836596647795615,0.20552892485609697
2025-07-14,Milagros (Masbate),29.99441510438919,33.223975310102105,0.05859553813934326,-0.0024414807558059692,8.545183062553406,0.62137574,0.5811978276312714,5.040887559136112,1.2575499642600518,,5.195380572822716,0.19853729418373267
2025-07-15,Milagros (Masbate),29.83840448409319,33.18277532234788,0.05859553813934326,-0.0030518509447574615,8.545183062553406,0.62137425,24.054428675111843,5.160307945769716,0.9214968027468047,,5.241939951262953,0.19154566351136837
2025-07-16,Milagros (Masbate),29.538834795355797,33.13241978175938,0.07202368229627609,-0.012817773967981339,8.545183062553406,0.6313673,26.481963604507293,5.119903868588587,-0.16998733462842763,,5.122724989448726,0.18455403283900404
2025-07-17,Milagros (Masbate),29.169682905077934,32.995086489245296,0.0634784996509552,0.003662221133708954,8.545183062553406,0.6327378,34.373495778979446,5.958702504859539,2.1792017533344636,,6.344687212397104,0.17756240216663974
2025-07-18,Milagros (Masbate),28.744132809340954,32.84554579295218,0.0048829615116119385,0.02624591812491417,8.545183062553406,0.63112557,23.423141193196454,7.687195014087904,5.904261154205543,,9.692949342778931,0.17057077149427544
2025-07-19,Milagros (Masbate),28.51414532214403,32.76314581744373,-0.027466658502817154,0.04211554303765297,8.545183062553406,0.5997876,37.672530106550305,4.634421794705598,5.775685599340147,,7.405161005249474,0.1635791408219111
2025-07-20,Milagros (Masbate),28.467268891632557,32.755516190081835,-0.01892147585749626,0.039674062281847,8.545183062553406,0.8801856,15.679553812464158,2.8683731680109332,4.2923472077216145,,5.1625390248017125,0.1565875101495468
2025-07-21,Milagros (Masbate),28.498031549155712,32.72499768063426,0.015259254723787308,0.031128879636526108,8.69777561724186,3.1581752,67.77374385965281,4.208616461256062,3.0922288902906905,,5.222483320021606,0.1495958794771825
2025-07-22,Milagros (Masbate),28.4365062341094,32.66090881079435,0.02685628831386566,0.022583696991205215,8.545183062553406,3.1557624,11.53785324870452,5.788351767521124,3.8158383745992723,,6.932938676032649,0.14260424880481817
2025-07-23,Milagros (Masbate),28.371318697929382,32.6288643758744,0.006103701889514923,0.032959990203380585,8.545183062553406,3.3867543,3.9859831154225565,4.597463923405203,5.710669412091289,,7.331331370304267,0.13561261813245387
2025-07-24,Milagros (Masbate),28.479720443487167,32.636494003236294,-0.012817773967981339,0.038453321903944016,8.545183062553406,3.3937824,0.0,3.8383057031808283,7.374969252366929,,8.314009991840766,0.12862098746008957
2025-07-25,Milagros (Masbate),28.602038629353046,32.63801992870867,-0.0006103701889514923,0.032959990203380585,8.545183062553406,3.4197102,0.0,4.05768276836443,6.394943716379484,,7.573644735815318,0.12162935678772524
2025-07-26,Milagros (Masbate),28.90160831809044,32.671590289101005,0.025025177747011185,0.03357036039233208,8.69777561724186,4.8954215,0.0,3.7482625555007196,4.523897052022143,,5.874956742161037,0.11463772611536094
2025-07-27,Milagros (Masbate),29.12280647456646,32.70210879854858,0.032959990203380585,0.029908139258623123,8.545183062553406,1.8936502,0.0,4.490915610410771,4.662679810314528,,6.473708831369069,0.10764609544299664
2025-07-28,Milagros (Masbate),29.284676648676395,32.73567915894091,0.022583696991205215,0.032959990203380585,8.545183062553406,1.6801504,0.9516388542995491,4.281179274327114,4.767470438055408,,6.407594740357746,0.10065446477063231
2025-07-29,Milagros (Masbate),29.39234595000744,32.766197668388486,0.006103701889514923,0.03723258152604103,8.545183062553406,1.2018105,5.894931942164052,3.299235512012794,5.2791820581953965,,6.225328759776347,0.093662834098268
2025-07-30,Milagros (Masbate),29.612811662256718,32.79671617783606,0.02136295661330223,0.03906369209289551,8.545183062553406,3.0577698,0.0,3.194915460856092,4.752926139100093,,5.7269356278692545,0.0866712034259037
2025-07-31,Milagros (Masbate),29.798852495849133,32.825708761811256,0.03418073058128357,0.029908139258623123,8.545183062553406,2.1701066,0.0,3.088642711831621,3.80062615767801,,4.897394510530768,0.07967957275353937
2025-08-01,Milagros (Masbate),30.109408847987652,32.85622727125883,0.03906369209289551,0.027466658502817154,8.69777561724186,2.6780064,0.0,1.9651487593889616,2.36052895956878,0.07268794208117507,3.0714665252108544,0.07268794208117507
2025-08-02,Milagros (Masbate),30.477828294038773,32.88064207881689,0.040894802659749985,-0.010986663401126862,8.69777561724186,1.0822575,0.0,1.856440325426738,0.9011842677919525,,2.063614248445249,0.08894334943697055
2025-08-03,Milagros (Masbate),30.671193569898605,32.89590133354068,0.043946653604507446,-0.043336283415555954,8.69777561724186,0.5451922,0.0,1.7254109360986658,0.6295179111130909,,1.8366642858239128,0.10519875679276601
2025-08-04,Milagros (Masbate),30.80816064029932,32.91421243920922,0.02929776906967163,-0.05249183624982834,8.69777561724186,1.5716711,0.0,1.1251047571509316,0.06104939368534331,,1.1267598426608063,0.12145416414856147
2025-08-05,Milagros (Masbate),30.957579262554646,32.92184206657112,-0.005493331700563431,-0.06591998040676117,8.69777561724186,1.20562,0.0,0.4362484004389498,-1.2101443089543056,,1.2863754954833508,0.13770957150435695
2025-08-06,Milagros (Masbate),30.64043091237545,32.89132355712354,0.06408886983990669,-0.062257759273052216,8.69777561724186,1.2220696,12.70715729750194,3.596806635865066,-0.7076567089074354,,3.665759947604954,0.15396497886015242
2025-08-07,Milagros (Masbate),30.37821587920189,32.87148652598262,0.0634784996509552,-0.01831110566854477,8.69777561724186,0.9044323,0.0,3.1834339393048174,2.6475119873948976,,4.140479606195092,0.17022038621594787
2025-08-08,Milagros (Masbate),30.116000846028328,32.84859764389694,0.014648884534835815,0.012207403779029846,8.545183062553406,0.9008088,18.353838568526882,1.3812179075350108,2.5401533725711234,,2.8913910258351163,0.18647579357174335
2025-08-09,Milagros (Masbate),30.418500311672688,32.851649494841695,-0.012817773967981339,0.05798516795039177,8.69777561724186,0.54886395,0.0,0.2480549699701303,1.5742995110518454,,1.5937221271680209,0.20273120092753882
2025-08-10,Milagros (Masbate),30.618457585573196,32.86080504767597,-0.0030518509447574615,0.039674062281847,8.69777561724186,0.5882887,9.176919284263441,0.692247652807587,0.5687306324457496,,0.8959136928855123,0.2189866082833343
2025-08-11,Milagros (Masbate),30.625049583613873,32.82113098539412,0.048829615116119385,-0.03234962001442909,8.69777561724186,2.1828752,6.68753125169456,1.5965909625541357,-0.22695577630667296,0.23524201563912978,1.6126411957123339,0.23524201563912978
2025-08-12,Milagros (Masbate),30.600878924131393,32.83333838917315,0.0555436871945858,-0.03662221133708954,8.69777561724186,2.1486259,6.68753125169456,1.4412907499819134,0.5950024606301348,,1.559277702700626,0.23033609817373388
2025-08-13,Milagros (Masbate),30.547410495579243,32.825708761811256,0.01892147585749626,0.03357036039233208,8.69777561724186,1.7743596,13.37506250338912,0.4899143646273102,1.81182846588138,,1.8768959679338266,0.22543018070833795
2025-08-14,Milagros (Masbate),30.261024802923203,32.74941248819232,0.009155552834272385,0.022583696991205215,8.545183062553406,1.4385703,29.88054544011671,1.081979590476921,2.317942197776426,,2.558033593688952,0.22052426324294205
2025-08-15,Milagros (Masbate),29.935087122023106,32.62123474851251,0.017090365290641785,0.02685628831386566,8.69777561724186,1.2228334,19.131923284782115,0.6667288568847243,3.4583978618197335,,3.522079377192132,0.21561834577754613
2025-08-16,Milagros (Masbate),29.88747824728489,32.610553270205855,-0.017090365290641785,0.03662221133708954,8.545183062553406,1.4217072,12.384850269882481,-1.1902986091140124,2.530758622564053,,2.7967034137607536,0.21071242831215023
2025-08-17,Milagros (Masbate),30.233191922307014,32.61665697209537,-0.02685628831386566,0.014038514345884323,8.69777561724186,1.4246248,11.640526169937473,-0.8815049471438082,-0.23228099181272588,,0.9115949928540151,0.2058065108467543
2025-08-18,Milagros (Masbate),30.221472814679146,32.6288643758744,-0.08362071588635445,-0.0024414807558059692,8.69777561724186,1.8063065,12.2142420163261,-3.6068166829189967,-1.302668377274467,0.2009005933813584,3.8348496040045283,0.2009005933813584
2025-08-19,Milagros (Masbate),30.178991049528122,32.6075014192611,-0.08545182645320892,0.011597033590078354,8.69777561724186,0.6680975,12.2142420163261,-3.5668694409363755,-0.1104423341975596,,3.5685788653004122,0.19203686884013596
2025-08-20,Milagros (Masbate),30.171666607260704,32.599871791899204,-0.08117923513054848,-0.001831110566854477,8.69777561724186,0.6524407,12.2142420163261,-2.9671203487973474,-0.6759004107217842,,3.04313071185928,0.18317314429891352
2025-08-21,Milagros (Masbate),30.042023979127407,32.51747181639075,0.05798516795039177,-0.031128879636526108,8.69777561724186,0.56849104,19.235030330944255,2.5045078796133162,1.2428067486344303,,2.795912790753044,0.17430941975769104
2025-08-22,Milagros (Masbate),29.807641826570034,32.49610885977745,0.05371257662773132,0.0006103701889514923,8.545183062553406,0.5686449,29.0196575412402,3.9966720408206258,3.6870161931838834,,5.437598349517687,0.1654456952164686
2025-08-23,Milagros (Masbate),29.730002738535404,32.51136811450124,0.06469924002885818,-0.03723258152604103,8.545183062553406,0.70176876,0.0,2.695396082044904,-0.0034065915672712678,,2.695398234764044,0.15658197067524615
2025-08-24,Milagros (Masbate),29.842066705226898,32.50526441261172,0.030518509447574615,-0.10071108117699623,8.69777561724186,1.0851156,10.950847987470956,1.3882042884606565,-2.2300674680545063,,2.6268445059758663,0.1477182461340237
2025-08-25,Milagros (Masbate),29.432630382478237,32.40302740596235,0.11597033590078354,-0.0714133121073246,8.69777561724186,0.93804944,17.050713744173184,5.776679317128963,0.04667985603455187,,5.776867917990245,0.13885452159280126
2025-08-26,Milagros (Masbate),29.103762924671173,32.31604965403676,0.10681478306651115,-0.01831110566854477,8.545183062553406,0.5593415,7.805614719042672,5.180802121438636,1.8733847067350422,,5.509108900805266,0.1299907970515788
2025-08-27,Milagros (Masbate),28.86571855098009,32.2412793058902,0.024414807558059692,0.023194067180156708,8.545183062553406,1.9679706,16.409110839178307,3.239410186164222,4.16572066922125,,5.277026345225279,0.12112707251035636
2025-08-28,Milagros (Masbate),28.911862537264824,32.19550154171884,0.006103701889514923,0.03723258152604103,8.69777561724186,0.9893135,0.0,1.99868827237011,3.5388682690370326,,4.0642764959715745,0.1122633479691339
2025-08-29,Milagros (Masbate),29.02099672704935,32.22144227474928,0.0024414807558059692,0.024414807558059692,8.69777561724186,1.4814489,16.409110839178307,1.5661727093267335,2.106346895130004,,2.624803649430496,0.10339962342791145
2025-08-30,Milagros (Masbate),29.231940664350986,32.1695608086884,0.056764427572488785,-0.04577776417136192,8.69777561724186,0.74169075,31.222458876170688,2.8498651513467164,0.37269453908289496,,2.8741316254344813,0.09453589888668901
2025-08-31,Milagros (Masbate),28.892086543142796,32.105471938848495,0.09949034079909325,-0.029908139258623123,8.69777561724186,0.7458089,54.639302275001874,5.0871039698037555,0.9696393018686291,,5.17868971606925,0.08567217434546655
2025-09-01,Milagros (Masbate),28.64891505986452,32.07495342940092,0.05737479776144028,0.007324442267417908,8.545183062553406,1.8186529,13.65399068364265,5.055049296993229,3.319818078421549,,6.04770332182774,0.0768084498042441
2025-09-02,Milagros (Masbate),28.70238348841667,32.10089416243136,0.03234962001442909,0.02075258642435074,8.545183062553406,1.8029486,0.0,3.4209643782941326,3.4519201924557126,,4.859912580761185,0.06794472526302164
2025-09-03,Milagros (Masbate),29.059816271066666,32.16803488321602,0.030518509447574615,0.0317392498254776,8.69777561724186,1.0518087,0.0,2.213490378041388,2.500821397078754,,3.339707668908873,0.0590810007217992
2025-09-04,Milagros (Masbate),29.320566415786743,32.213812647387385,0.028077028691768646,0.017090365290641785,8.69777561724186,1.040684,16.753573810353,1.0921321842191551,2.1832632506679635,,2.4411864184294787,0.05021727618057675
2025-09-05,Milagros (Masbate),29.136722914874554,32.20770894549787,-0.01342814415693283,0.020142216235399246,8.69777561724186,0.8040408,5.64468492020458,-0.7427858512157091,2.3073840201089024,,2.4239950158818737,0.04135355163935431
2025-09-06,Milagros (Masbate),29.371105067431927,32.140568224713206,-0.059205908328294754,0.07873775437474251,8.69777561724186,1.2953466,9.414293645119812,-1.2276275205432439,1.6360687701204515,,2.045431580317122,0.032489827098131835
2025-09-07,Milagros (Masbate),29.541032128036022,32.24280523136258,-0.1031525619328022,0.043336283415555954,8.69777561724186,1.8652437,8.484146569853621,-3.1330301201300426,0.22874857228630754,0.023626102556909376,3.141369708099493,0.023626102556909376
2025-09-08,Milagros (Masbate),29.464857928454876,32.24280523136258,-0.09277626872062683,-0.009765923023223877,8.69777561724186,1.8641905,3.437332873895734,-3.1820722964829917,-2.640262846461039,,4.1348001159000525,0.03666280759981744
2025-09-09,Milagros (Masbate),29.50367747247219,32.25653856061399,-0.08484145626425743,-0.02685628831386566,8.69777561724186,0.76312923,15.863387714293134,-2.8239552512316717,-1.8260637895631213,,3.362920193003777,0.0496995126427255
2025-09-10,Milagros (Masbate),29.619403660297394,32.239753380417824,-0.06408886983990669,-0.009765923023223877,8.69777561724186,1.6311128,11.6196057085575,-1.6359097278065862,-0.9708306157081821,0.06273621768563356,1.9022914397979471,0.06273621768563356
2025-09-11,Milagros (Masbate),29.778344057500362,32.226020051166415,-0.10071108117699623,0.009765923023223877,8.69777561724186,1.1348524,8.200639049615145,-2.010644769951035,-1.0031392373106227,,2.246993707237203,0.07297859099637671
2025-09-12,Milagros (Masbate),29.861842699348927,32.248908933252096,-0.08178960531949997,-0.036011841148138046,8.69777561724186,0.44815657,40.41729952597472,-2.1835615294687067,-2.0414249789981684,,2.98920673387663,0.08322096430711987
2025-09-13,Milagros (Masbate),29.72780540585518,32.250434858724475,-0.040894802659749985,-0.05005035549402237,8.69777561724186,0.45611048,3.9180095684214002,-0.838848759920948,-1.8859597075599022,,2.0641005936146484,0.09346333761786303
2025-09-14,Milagros (Masbate),29.914578683674335,32.19244969077408,-0.023194067180156708,0.024414807558059692,8.69777561724186,0.39923245,19.76518270790456,-1.276160398275359,1.282265106525153,,1.8090851736549842,0.10370571092860618
2025-09-15,Milagros (Masbate),29.819360934197903,32.12378304451704,-0.06103701889514923,0.05493331700563431,8.69777561724186,0.39700344,16.512357634414766,-0.49342001932512314,0.9183661090162075,,1.0425255995228,0.11394808423934934
2025-09-16,Milagros (Masbate),29.733664959669113,32.166508957743645,0.011597033590078354,0.027466658502817154,8.69777561724186,0.57430977,45.64487799282731,0.9378032362986567,3.5968845051722815,,3.7171296794113444,0.1241904575500925
2025-09-17,Milagros (Masbate),29.831812486052513,32.16193118132651,0.029908139258623123,0.030518509447574615,8.69777561724186,0.75185627,7.009677335650153,0.7398635141757262,3.708925233619819,,3.7820000539648704,0.13443283086083566
2025-09-18,Milagros (Masbate),30.122592844069004,32.17261265963316,0.06408886983990669,0.004272591322660446,8.69777561724186,0.7037201,0.0,1.7539643033008059,2.022060096130911,,2.6767737688528017,0.1446752041715788
2025-09-19,Milagros (Masbate),29.99441510438919,32.154301553964615,0.10742515325546265,-0.056764427572488785,8.69777561724186,0.60425776,29.41956986278356,4.853268987463569,0.6888805607464031,,4.901915573696668,0.15491757748232196
2025-09-20,Milagros (Masbate),29.705832079052925,32.13446452282369,0.1355021819472313,-0.06286812946200371,8.69777561724186,0.5780987,22.064677917449515,6.255517751824462,0.5664011860400018,,6.281107597147058,0.1651599507930651
2025-09-21,Milagros (Masbate),29.485366366803646,32.13293859735131,0.08117923513054848,-0.0012207403779029846,8.545183062553406,0.6610365,18.44865812878096,6.513794124763795,4.192562927492895,,7.746424839937139,0.1754023241038083
2025-09-22,Milagros (Masbate),29.32276374846697,32.1695608086884,-0.005493331700563431,0.032959990203380585,8.545183062553406,0.6770893,13.24678218582339,3.9537754727928567,5.693260185094382,,6.931489884897712,0.18564469741455142
2025-09-23,Milagros (Masbate),29.32349619269371,32.21228672191501,-0.04150517284870148,0.039674062281847,8.545183062553406,0.5742299,9.256695144800336,0.8969040411473679,3.239582268409852,,3.361447624584087,0.1958870707252946
2025-09-24,Milagros (Masbate),29.624530769884586,32.251960784196854,0.0079348124563694,-0.014038514345884323,8.69777561724186,2.4466965,0.0,2.086676971537671,-0.13813904423247447,,2.0912444092183695,0.20612944403603775
2025-09-25,Milagros (Masbate),29.198980674147606,32.09021268412471,0.12146366760134697,-0.04699850454926491,8.69777561724186,3.7203348,53.873112189116874,6.513652336084803,-4.490207889335176,,7.911361048822817,0.2163718173467809
2025-09-26,Milagros (Masbate),28.55076753348112,31.299783289432526,0.03234962001442909,0.04455702379345894,8.69777561724186,3.7399254,28.833919018325652,0.2681880171495783,6.093191011455097,,6.099090220239393,0.22661419065752406
2025-09-27,Milagros (Masbate),29.181402012705803,31.49815360084176,-0.04516739398241043,0.02929776906967163,8.69777561724186,3.7874177,0.0,-0.7948222061663155,0.6285110734886312,,1.0132958644507144,0.2368565639682672
2025-09-28,Milagros (Masbate),29.535172574222088,31.627857265993953,-0.10925626382231712,-0.04577776417136192,8.69777561724186,5.568896,0.0,-1.907581467565752,-1.4125303371895903,,2.3736278159983817,0.24709893727901036
2025-09-29,Milagros (Masbate),29.472182370722294,31.736197974532843,-0.12878810986876488,0.007324442267417908,8.69777561724186,2.1768842,8.34857159454005,-2.395588308804328,-1.2212212701808196,,2.6889077217379613,0.2573413105897535
2025-09-30,Milagros (Masbate),29.383556619286537,31.624805415049195,-0.09094515815377235,0.08423108607530594,8.69777561724186,2.1726677,0.0,-1.824970885252657,1.6260027649842992,0.2675836839004967,2.444259340527607,0.2675836839004967
2025-10-01,Milagros (Masbate),29.955595560371876,31.75298315472901,-0.017090365290641785,0.01037629321217537,8.69777561724186,1.5165845,5.995253919829703,-0.0844013731482763,0.07967588773864318,,0.11606825093993381,0.2630377669850397
2025-10-02,Milagros (Masbate),29.6633503139019,31.781975738704205,0.06958220154047012,-0.05859553813934326,8.69777561724186,1.5130816,29.97626806417778,3.0661170198528738,0.3536034423173854,,3.086439530243574,0.25849185006958275
2025-10-03,Milagros (Masbate),29.5966978892684,31.778923887759447,0.01037629321217537,0.03723258152604103,8.69777561724186,0.7678728,11.990507839659406,0.12895202211200554,3.0828801674314232,,3.0855759188113936,0.2539459331541258
2025-10-04,Milagros (Masbate),29.925565347075462,31.768242409452796,-0.0079348124563694,0.009765923023223877,8.69777561724186,0.7717815,0.0,0.09191067242257384,-0.16701374053771667,,0.19063357845240544,0.2494000162386688
2025-10-05,Milagros (Masbate),29.91238135099411,31.8109683226794,-0.016479995101690292,-0.0952177494764328,8.69777561724186,1.0185934,5.995253919829703,0.204121653121548,-2.280831986037078,0.24485409932321184,2.2899476408431076,0.24485409932321184
2025-10-06,Milagros (Masbate),29.992950215935707,31.864375714212656,-0.048829615116119385,-0.09033478796482086,8.69777561724186,2.0444436,15.183544230509481,-0.8053176425880576,-2.6045629322478407,,2.7262216662448884,0.2539680595383864
2025-10-07,Milagros (Masbate),29.845728926360607,31.82164980098605,-0.06286812946200371,-0.0714133121073246,8.69777561724186,1.8200026,20.412828437696845,-1.657955432398538,-1.9112304490257648,,2.5301419021673563,0.263082019753561
2025-10-08,Milagros (Masbate),29.96584977954626,31.81249424815178,-0.03784295171499252,-0.021973326802253723,8.69777561724186,1.4178396,8.370875518172072,-0.8269591174113567,-0.08167333375106307,,0.8309825000057357,0.27219597996873557
2025-10-09,Milagros (Masbate),29.696310304105282,31.722464645281434,0.08972441777586937,-0.04272591322660446,8.69777561724186,1.4676999,13.123043079647042,2.943261784015687,0.5661863381701788,,2.997224866235058,0.28130994018391015
2025-10-10,Milagros (Masbate),29.682393863797188,31.789605366066098,0.07873775437474251,-0.056764427572488785,8.69777561724186,1.6446775,5.923681887845239,2.597848247918672,1.1738293970426292,,2.850735163528099,0.2904239003990847
2025-10-11,Milagros (Masbate),29.639912098646164,31.78655351512134,0.0238044373691082,-0.03723258152604103,8.69777561724186,1.6838552,28.107706994604147,0.20131308832153172,0.07622471201629841,,0.21526069369840944,0.2995378606142593
2025-10-12,Milagros (Masbate),29.840601816773415,31.82470165193081,-0.08239997550845146,-0.0158696249127388,8.69777561724186,1.0062288,7.298587991548117,-2.211996644283682,-1.6093734149630596,,2.735509448551061,0.3086518208294339
2025-10-13,Milagros (Masbate),29.738059625029564,31.875057192519307,-0.08911404758691788,-0.019531846046447754,8.69777561724186,0.9996983,18.73002187330389,-3.5130406817029702,-2.572437616887208,,4.354180763826464,0.31776578104460845
2025-10-14,Milagros (Masbate),29.844264037907124,31.92083495669067,-0.09216589853167534,-0.022583696991205215,8.69777561724186,1.0489312,9.953449973711862,-4.07083222654033,-1.786637592080905,,4.445643811876515,0.32687974125978303
2025-10-15,Milagros (Masbate),29.856715589761734,31.95593124255538,-0.07324442267417908,-0.03357036039233208,8.69777561724186,2.1521227,1.1412860626623065,-3.495170802646018,-2.429099727331725,0.3359937014749576,4.256376912938077,0.3359937014749576
2025-10-16,Milagros (Masbate),29.78127383440733,31.983397901058197,-0.056764427572488785,-0.036011841148138046,8.69777561724186,0.88725996,0.8341246212230008,-4.427956487281624,-2.8659486190586225,,5.274510417123417,0.2890213215177031
2025-10-17,Milagros (Masbate),29.848658703267574,31.987975677475333,-0.03234962001442909,-0.06408886983990669,8.69777561724186,0.5366476,18.271603296059382,-1.8990384763695203,-2.890633145206955,,3.458627923743883,0.24204894156044854
2025-10-18,Milagros (Masbate),29.649433873593807,31.878109043464065,0.07629627361893654,-0.025635547935962677,8.69777561724186,0.5323557,54.81481036017922,2.9473581179828585,1.776572824973438,,3.4413850232244516,0.19507656160319403
2025-10-19,Milagros (Masbate),29.550553902983665,31.85979793779552,-0.03906369209289551,0.03784295171499252,8.69777561724186,1.0059872,0.0,-2.727853195292554,2.8846949654475056,,3.970220157465576,0.1481041816459395
2025-10-20,Milagros (Masbate),29.94460889697075,31.897946074604988,-0.07751701399683952,-0.0006103701889514923,8.69777561724186,1.174079,0.0,-3.2071117093282644,-1.3054324784492728,0.10113180168868495,3.4626174307741064,0.10113180168868495
2025-10-21,Milagros (Masbate),29.950468450784683,31.913205329328775,-0.07385479286313057,-0.056764427572488785,8.69777561724186,1.693167,0.7681499485070032,-3.153003641271308,-2.1963008869812213,,3.8425472733623756,0.11795671782812808
2025-10-22,Milagros (Masbate),30.044221311807632,31.954405317083,-0.06653035059571266,-0.04699850454926491,8.69777561724186,1.7778901,0.0,-2.9874446618574395,-1.9227015828891891,,3.552690105329355,0.1347816339675712
2025-10-23,Milagros (Masbate),30.113803513348103,31.963560869917274,-0.06653035059571266,-0.032959990203380585,8.69777561724186,0.83804977,0.0,-3.0079961146232814,-1.048578116827556,,3.185522985740078,0.15160655010701432
2025-10-24,Milagros (Masbate),30.21927548199892,31.983397901058197,-0.05249183624982834,0.006714072078466415,8.69777561724186,1.6202115,16.19562091401818,-2.230195876974098,0.2917464086482851,,2.249197549489915,0.16843146624645744
2025-10-25,Milagros (Masbate),30.238319031894207,31.975768273696303,-0.05371257662773132,-0.035401470959186554,8.69777561724186,1.2220396,31.578779669368963,-3.1764125879732164,-1.2606944025401952,,3.4174474839609292,0.1852563823859006
2025-10-26,Milagros (Masbate),30.140171505510807,31.939146062359214,-0.08362071588635445,-0.021973326802253723,8.69777561724186,0.8465042,20.625586558065354,-4.456997849315999,-1.4295121952885619,,4.680634032402679,0.2020812985253437
2025-10-27,Milagros (Masbate),30.11673329025507,32.0047608576715,-0.07202368229627609,0.0158696249127388,8.69777561724186,0.9343425,19.827828614271677,-4.5765376650779945,0.7299924932522852,,4.634391658036924,0.21890621466478682
2025-10-28,Milagros (Masbate),30.31376078724861,32.045960845425725,-0.043946653604507446,-0.004272591322660446,8.69777561724186,1.7770693,0.0,-2.245518478817899,-0.45695623638758487,,2.2915414551533115,0.23573113080422997
2025-10-29,Milagros (Masbate),30.324015006422997,31.97882012464106,-0.048829615116119385,-0.051881466060876846,8.69777561724186,0.81823224,0.6016378750907481,-1.2123115889356089,-0.16034787442557802,,1.2228699151996427,0.25255604694367306
2025-10-30,Milagros (Masbate),30.425092309713364,31.994079379364848,-0.04821924492716789,0.020142216235399246,8.69777561724186,1.0435165,0.0,-3.084043407579579,1.8994020307987542,0.2693809630831162,3.6220231659167355,0.2693809630831162
2025-10-31,Milagros (Masbate),30.453657634556293,31.997131230309606,-0.039674062281847,0.035401470959186554,8.69777561724186,2.401689,0.0,-2.1172890954040016,2.1085985453736464,,2.9881601260756683,0.26191756724142634
2025-11-01,Milagros (Masbate),30.60820336639881,32.01544233597815,-0.051271095871925354,0.0048829615116119385,8.69777561724186,0.71083194,0.0,-2.633434143054668,-0.1784397703343625,,2.6394727006436445,0.25445417139973653
2025-11-02,Milagros (Masbate),30.575975820422173,32.04290899448097,-0.03723258152604103,-0.05493331700563431,8.69777561724186,0.7806401,0.0,-2.3963251462376327,-2.815221995589861,,3.6970054220874187,0.24699077555804666
2025-11-03,Milagros (Masbate),30.31376078724861,32.032227516174316,0.019531846046447754,-0.08911404758691788,8.69777561724186,0.7757762,64.52414708785547,-3.5131567491275617,-6.7025806287846486,,7.567486863503613,0.23952737971635682
2025-11-04,Milagros (Masbate),29.75637073069811,31.928464584052563,-0.1348918117582798,0.043946653604507446,8.545183062553406,0.8130559,15.050382016396666,-8.245132186282769,1.9317887288642415,,8.468412629427252,0.23206398387466698
2025-11-05,Milagros (Masbate),29.58864100277424,31.888790521770716,-0.07019257172942162,0.03234962001442909,8.545183062553406,3.441176,0.0,-2.1314212513828346,2.3596250433327195,,3.1797463571752553,0.22460058803297714
2025-11-06,Milagros (Masbate),30.025910206139088,31.934568285942078,-0.022583696991205215,-0.05310220643877983,8.69777561724186,3.494713,0.0,-0.41848200432602584,-1.8516891246044105,0.2171371921912873,1.8983887384102804,0.2171371921912873
2025-11-07,Milagros (Masbate),29.938749343156815,31.96813864633441,0.025635547935962677,-0.1593066193163395,8.69777561724186,3.0171926,7.13677347504343,0.8650504987563928,-4.212648836023323,,4.3005491022713995,0.2195500649453713
2025-11-08,Milagros (Masbate),29.612079218029976,32.01391641050577,0.12512588873505592,-0.1263466291129589,8.69777561724186,1.8206681,40.64272501792675,5.904998202646356,-6.175162762676315,,8.544099655247525,0.22196293769945533
2025-11-09,Milagros (Masbate),28.670888386666775,31.911679403856397,0.1269569993019104,-0.017090365290641785,8.545183062553406,1.8209686,37.84812887009935,6.886722194496435,8.843515879888335,,11.208689294561026,0.22437581045353933
2025-11-10,Milagros (Masbate),28.61156040430069,32.01544233597815,-0.023194067180156708,0.040894802659749985,8.545183062553406,5.76473,0.45540877336420826,2.488216751125631,6.547912322234096,,7.0047397082437906,0.22678868320762335
2025-11-11,Milagros (Masbate),28.87304299324751,32.1268348954618,-0.03784295171499252,0.051271095871925354,8.69777561724186,4.674813,0.0,1.4091288418905192,2.626897772712628,,2.980979034030646,0.22920155596170735
2025-11-12,Milagros (Masbate),29.250984214246273,32.203131169080734,-0.023194067180156708,-0.004272591322660446,8.69777561724186,4.3113627,0.0,0.3343127230349225,0.09191875283888135,,0.3467189840583872,0.23161442871579135
2025-11-13,Milagros (Masbate),29.149174466729164,32.25959041155875,-0.09704886004328728,-0.006103701889514923,8.69777561724186,1.346919,11.462818011309022,-2.345151796626333,-1.2550705049723714,,2.659875734253636,0.23402730146987538
2025-11-14,Milagros (Masbate),28.95068208128214,32.274849666282535,-0.08972441777586937,-0.0048829615116119385,8.69777561724186,0.98604137,32.13225709400602,-4.567680760634588,-2.5064129374725876,,5.21016442583162,0.23644017422395938
2025-11-15,Milagros (Masbate),28.846675001084805,32.31452372856438,-0.07324442267417908,0.0048829615116119385,8.545183062553406,1.0058428,0.6044224522418473,-5.321570100101272,-2.5436344886341504,,5.898235731306522,0.23885304697804338
2025-11-16,Milagros (Masbate),28.892086543142796,32.36640519462526,-0.07751701399683952,0.0030518509447574615,8.545183062553406,1.0908302,26.348194830316075,-5.617862150149855,-2.499581020963643,,6.14884382778161,0.2412659197321274
2025-11-17,Milagros (Masbate),28.94335763901472,32.406079256907105,-0.0634784996509552,-0.0030518509447574615,8.545183062553406,2.6103477,0.0,-4.142517442446102,-2.7600110706452896,,4.977761733053798,0.2436787924862114
2025-11-18,Milagros (Masbate),28.95068208128214,32.419812586158514,-0.04272591322660446,-0.01892147585749626,8.545183062553406,0.8109295,0.0,-4.52422776667189,-3.2158675263483567,,5.550715344146808,0.24609166524029544
2025-11-19,Milagros (Masbate),28.97119051963091,32.444227393716574,-0.04150517284870148,-0.02136295661330223,8.545183062553406,0.5576983,0.0,-4.773832733626182,-3.35889680966642,,5.837094032703951,0.24850453799437944
2025-11-20,Milagros (Masbate),28.93896297365427,32.467116275802255,-0.0317392498254776,-0.02075258642435074,8.545183062553406,1.4600942,0.0,-4.652440720039548,-3.6127088921410695,,5.890404926050269,0.25091741074846347
2025-11-21,Milagros (Masbate),28.998290956020355,32.490005157887936,-0.03784295171499252,-0.025635547935962677,8.545183062553406,0.5527526,9.197172330310813,-4.422996784964106,-3.0624168599804644,,5.379711663657767,0.25333028350254744
2025-11-22,Milagros (Masbate),28.98803673684597,32.503738487139344,-0.024414807558059692,-0.03234962001442909,8.545183062553406,0.5517262,8.451224209087131,-4.534086921745304,-3.503209186568701,,5.7297834879514555,0.25574315625663147
2025-11-23,Milagros (Masbate),28.99169895797968,32.503738487139344,-0.012817773967981339,-0.048829615116119385,8.545183062553406,0.7743777,9.671800060156151,-4.093320059348953,-4.554164664416472,,6.123372020291444,0.2581560290107155
2025-11-24,Milagros (Masbate),28.77050080150366,32.47016812674701,0.001831110566854477,-0.04211554303765297,8.545183062553406,0.7748043,28.88863367386329,-6.159204833864645,-4.941305480513978,,7.896347512442641,0.2605689017647995
2025-11-25,Milagros (Masbate),28.577135525643826,32.418286660686135,-0.06530961021780968,0.017090365290641785,8.545183062553406,2.8307264,16.13839445442989,-5.938870794250926,1.5936669952292213,,6.148980468540257,0.2629817745188835
2025-11-26,Milagros (Masbate),28.719229705631733,32.40913110785186,-0.06653035059571266,0.024414807558059692,8.545183062553406,2.8951735,5.8766163541627465,-3.6048834115709276,1.6385382687057823,,3.959796973208676,0.2653946472729675
2025-11-27,Milagros (Masbate),28.895748764276505,32.38929407671094,-0.05066072568297386,0.024414807558059692,8.69777561724186,3.213446,8.945737927728926,-2.5503652576887017,1.47955600350937,,2.948465518731087,0.26780752002705155
2025-11-28,Milagros (Masbate),29.150639355182648,32.406079256907105,-0.03784295171499252,-0.009155552834272385,8.69777561724186,0.7951912,1.8743006254548231,-1.1804679386688566,-0.272869986399787,,1.2115950576421641,0.2702203927811355
2025-11-29,Milagros (Masbate),29.242927327752113,32.428968138992786,-0.039674062281847,-0.07446516305208206,8.69777561724186,1.5365388,0.24827523342131602,-1.2751633124458244,-1.4968849004841882,0.27263326553521955,1.966394131069701,0.27263326553521955
2025-11-30,Milagros (Masbate),29.22974333167076,32.46253849938512,-0.046388134360313416,-0.08056886494159698,8.69777561724186,2.2094874,0.9771197161374663,-1.5765751632821317,-2.0522306851858687,,2.587902631610498,0.27603763975024803
2025-12-01,Milagros (Masbate),29.292001090943813,32.49305700883269,-0.032959990203380585,-0.08117923513054848,8.69777561724186,1.1417878,0.0,-1.0323229898387758,-1.676021643772209,,1.9684357509816182,0.2794420139652765
2025-12-02,Milagros (Masbate),29.447279267013073,32.538834773004055,-0.014038514345884323,-0.0952177494764328,8.69777561724186,2.9816644,0.0,-0.35207947819716606,-2.359482763363624,,2.3856066041109196,0.282846388180305
2025-12-03,Milagros (Masbate),29.407727278769016,32.60139771737158,-0.023194067180156708,-0.09704886004328728,8.69777561724186,1.168275,0.0,-1.9505330757853045,-4.24752738052299,,4.673977762893719,0.2862507623953335
2025-12-04,Milagros (Masbate),29.09057892858982,32.670064363628626,0.004272591322660446,-0.06286812946200371,8.545183062553406,1.1682032,47.451352102035926,-3.2970304268489885,-7.0568918137470025,,7.789103395545438,0.28965513661036196
2025-12-05,Milagros (Masbate),28.561754196882248,32.72499768063426,0.056764427572488785,-0.05249183624982834,8.545183062553406,1.1706969,36.85000674961547,0.00409214416277649,-8.046397932676806,,8.046398973244456,0.29305951082539045
2025-12-06,Milagros (Masbate),28.12155521661043,32.744834711775184,0.04577776417136192,-0.040894802659749985,8.545183062553406,1.1907904,76.98642100862267,-1.9441474366989566,-5.710465413972554,,6.032339885964637,0.29646388504041893
2025-12-07,Milagros (Masbate),28.033661909401417,32.732627307996154,-0.05249183624982834,0.0079348124563694,8.545183062553406,1.8144553,14.619347614884132,-4.262063207860379,0.5185177814264427,,4.293488497417049,0.2998682592554474
2025-12-08,Milagros (Masbate),28.232154294848442,32.77382729575038,-0.07690664380788803,0.0048829615116119385,8.69777561724186,1.7619044,0.0,-4.3285849511288665,-1.117354331745424,,4.470472948336625,0.3032726334704759
2025-12-09,Milagros (Masbate),28.37498091906309,32.82113098539412,-0.06042664870619774,-0.009155552834272385,8.69777561724186,1.8462557,0.0,-3.2570174620952845,-2.6621155048830794,,4.2065451037320996,0.3066770076855044
2025-12-10,Milagros (Masbate),28.486312441527843,32.85927912220359,-0.035401470959186554,-0.03234962001442909,8.69777561724186,1.6865431,0.0,-2.819990758208442,-3.431834997310208,,4.441828376372075,0.31008138190053286
2025-12-11,Milagros (Masbate),28.5346537604928,32.89742725901306,-0.051881466060876846,-0.017700735479593277,8.545183062553406,0.83638084,26.67274814009908,-4.911400172772595,-3.534859886764792,,6.051205340770504,0.3134857561155614
2025-12-12,Milagros (Masbate),28.514877766370773,32.91726429015398,-0.05249183624982834,-0.014648884534835815,8.545183062553406,1.0623975,29.153906104530815,-5.2629448665509875,-3.75803221692598,,6.46694632819919,0.3168901303305899
2025-12-13,Milagros (Masbate),28.4767906665802,32.959990203380585,-0.030518509447574615,-0.01892147585749626,8.545183062553406,1.0644042,10.563472925770355,-4.20466612399436,-4.198780055559271,,5.942135236531399,0.32029450454561836
2025-12-14,Milagros (Masbate),28.466536447405815,33.00576796755195,0.0012207403779029846,-0.0317392498254776,8.545183062553406,2.0826163,10.563472925770355,-3.151345750333456,-5.193323697793649,,6.07466798008005,0.32369887876064685
2025-12-15,Milagros (Masbate),28.528061762452126,33.04849388077855,-0.04211554303765297,-0.01892147585749626,8.545183062553406,1.976533,0.0,-5.538505509006251,-3.464044762406041,,6.5325836687519985,0.32710325297567533
2025-12-16,Milagros (Masbate),28.50901821255684,33.08359016664326,-0.051271095871925354,-0.0079348124563694,8.545183062553406,1.5381113,0.0,-4.721395491086406,-2.626593950666165,,5.4028299218952975,0.3305076271907038
2025-12-17,Milagros (Masbate),28.547837756574154,33.11868645250797,-0.05249183624982834,-0.012207403779029846,8.545183062553406,0.68223304,0.0,-5.390124913261197,-3.6240284280947916,,6.495154242063712,0.3339120014057323
2025-12-18,Milagros (Masbate),28.451155118644238,33.164464216679335,-0.0555436871945858,-0.006714072078466415,8.545183062553406,0.5641638,28.284440998131554,-6.373514290240756,-3.882620988786106,,7.463004096907995,0.3373163756207608
2025-12-19,Milagros (Masbate),28.425519570708275,33.2026123534888,-0.05615405738353729,-0.001831110566854477,8.545183062553406,0.69178975,34.7581309150247,-5.239053548496589,-2.2624304814011844,,5.7066867591613875,0.34072074983578926
2025-12-20,Milagros (Masbate),28.27243872731924,33.20413827896118,-0.07019257172942162,0.006103701889514923,8.545183062553406,0.8827523,1.1879977057961855,-5.221896080688675,-0.649604259073592,,5.262146365402458,0.34412512405081774
2025-12-21,Milagros (Masbate),28.154515206813812,33.22855308651924,-0.051271095871925354,0.0006103701889514923,8.545183062553406,2.768591,0.0,-4.028126970824209,-1.1259735794156889,,4.182537913112515,0.3475294982658462
2025-12-22,Milagros (Masbate),28.08786278218031,33.237708639353514,-0.05066072568297386,0.0,8.545183062553406,1.4461176,0.0,-3.606994573001963,-1.366308479421331,,3.8570984833945117,0.3509338724808747
2025-12-23,Milagros (Masbate),28.159642316401005,33.260597521439195,-0.05371257662773132,-0.005493331700563431,8.545183062553406,1.217037,24.989464901040094,-3.569078162538335,-1.4239270694623205,,3.842640658382666,0.3543382466959032
2025-12-24,Milagros (Masbate),28.220435187220573,33.297219732776284,-0.051881466060876846,-0.0079348124563694,8.545183062553406,1.9199136,0.0,-3.9907318240120295,-2.3192564939772113,0.3577426209109317,4.615722172752369,0.3577426209109317
2025-12-25,Milagros (Masbate),28.27243872731924,33.31400491297245,-0.039674062281847,-0.019531846046447754,8.69777561724186,1.0657933,0.0,-2.872035287537844,-2.5072295666566324,,3.8124515462861677,0.34095829146449724
2025-12-26,Milagros (Masbate),28.28489027917385,33.33994564600289,-0.04272591322660446,-0.017090365290641785,8.545183062553406,1.958338,0.0,-4.492775611477968,-3.24036754898974,,5.539405613207703,0.3241739620180628
2025-12-27,Milagros (Masbate),28.323709823191166,33.379619708284736,-0.05066072568297386,-0.0079348124563694,8.545183062553406,2.0918462,0.0,-4.204913130466071,-1.8152012492300995,,4.579983625513577,0.3073896325716284
2025-12-28,Milagros (Masbate),28.39548935741186,33.40098266489804,-0.048829615116119385,-0.014038514345884323,8.69777561724186,1.9905139,0.5832576364822851,-2.3585903773134294,-2.06089682864798,,3.1321309529275445,0.29060530312519395
2025-12-29,Milagros (Masbate),28.48850977420807,33.426923397928476,-0.05493331700563431,-0.008545182645320892,8.69777561724186,1.8099917,0.0,-2.1637148095219034,-1.5619721775449635,0.2738209736787595,2.6685986697832558,0.2738209736787595
2025-12-30,Milagros (Masbate),28.53758353739977,33.439130801707506,-0.05066072568297386,-0.02075258642435074,8.69777561724186,1.1829109,0.0,-2.1727259278123183,-1.7890167677986664,,2.8144837808828616,0.2867148209522067
2025-12-31,Milagros (Masbate),28.470198668539524,33.439130801707506,-0.05005035549402237,-0.011597033590078354,8.69777561724186,1.2027454,0.0,-2.5308816752641765,-1.5912011377865904,,2.989528911899222,0.2996086682256538
2026-01-01,Milagros (Masbate),28.617419958114624,33.45896783284843,-0.05249183624982834,-0.009765923023223877,8.69777561724186,1.1983187,0.0,-1.8819451028727159,-1.7231821816869402,,2.551680662134265,0.31250251549910096
2026-01-02,Milagros (Masbate),28.44016845524311,33.45591598190367,-0.032959990203380585,-0.021973326802253723,8.545183062553406,1.1224871,0.0,-2.858288439578924,-2.979602756844327,,4.128903655018465,0.3253963627725481
2026-01-03,Milagros (Masbate),28.099581889808178,33.452864130958915,-0.023194067180156708,-0.01831110566854477,8.545183062553406,0.9093633,50.26477504985569,-5.545348707726666,-6.946809925421522,,8.888704091723426,0.33829021004599524
2026-01-04,Milagros (Masbate),27.44184697419405,33.28043455258012,-0.0079348124563694,-0.032959990203380585,8.545183062553406,0.89799947,40.95420537952477,-4.50098307835743,-5.860360022342814,,7.389361830573313,0.35118405731944236
2026-01-05,Milagros (Masbate),27.235297702252865,33.20871605537832,-0.0158696249127388,-0.023194067180156708,8.545183062553406,1.2609653,16.754923961709043,-2.830081579758393,-4.102002791527903,,4.983551810685876,0.3640779045928895
2026-01-06,Milagros (Masbate),27.325388342142105,33.225501235574484,-0.036011841148138046,-0.025635547935962677,8.545183062553406,1.3823806,2.985045782209168,-3.1853545447369433,-3.757337856644878,,4.925857422282239,0.37697175186633664
2026-01-07,Milagros (Masbate),27.29096346348524,33.225501235574484,-0.014648884534835815,-0.0238044373691082,8.545183062553406,1.0614008,9.647329734740342,-2.623966962431511,-4.526399868315426,,5.231968882535327,0.3898655991397838
2026-01-08,Milagros (Masbate),27.423535868525505,33.234656788408756,-0.043336283415555954,-0.012207403779029846,8.69777561724186,1.2160712,1.838619085161004,-4.264855423490123,-2.6608507967937975,,5.026839836922528,0.4027594464132309
2026-01-09,Milagros (Masbate),27.383251436054707,33.260597521439195,-0.051271095871925354,-0.001831110566854477,8.545183062553406,1.1410795,17.145880169123714,-4.54112567779825,-1.0760658091788602,,4.666876905087852,0.4156532936866781
2026-01-10,Milagros (Masbate),27.32392345368862,33.26212344691157,-0.051881466060876846,0.0006103701889514923,8.545183062553406,1.0494664,4.823664867370171,-2.919772471333569,-0.5137808116200026,,2.964631850120053,0.42854714096012525
2026-01-11,Milagros (Masbate),27.58027893304825,33.28806417994201,-0.05371257662773132,-0.007324442267417908,8.69777561724186,1.085673,0.0,-1.8888151350090325,-1.7285253740712418,,2.5603559485054643,0.44144098823357236
2026-01-12,Milagros (Masbate),27.616168700158596,33.31400491297245,-0.03662221133708954,-0.027466658502817154,8.69777561724186,0.76857,0.13157682196363715,-2.933233068304637,-2.0428993240651074,,3.57453407890616,0.4543348355070195
2026-01-13,Milagros (Masbate),27.819055750966072,33.346049347892404,-0.048829615116119385,-0.01831110566854477,8.69777561724186,0.6396335,7.432798081914504,-2.6122684789828243,-2.188497094486628,0.46722868278046664,3.4078535970407606,0.46722868278046664
2026-01-14,Milagros (Masbate),27.657918021082878,33.37656785733998,-0.029908139258623123,-0.02136295661330223,8.545183062553406,0.6457018,18.233563577911188,-2.9442629546731767,-3.7353870228388026,,4.756238067701548,0.44129031288662324
2026-01-15,Milagros (Masbate),27.4953154027462,33.405560441315174,0.012817773967981339,-0.030518509447574615,8.545183062553406,0.6232006,5.772488485727059,-0.29548242128998586,-5.484558177733479,,5.492512017850719,0.4153519429927798
2026-01-16,Milagros (Masbate),27.170842610299587,33.31095306202769,0.08911404758691788,-0.04699850454926491,8.545183062553406,0.804124,49.17942650661506,3.581471342445842,-7.050712550041335,,7.9081909713961265,0.3894135730989363
2026-01-17,Milagros (Masbate),26.748954735696316,33.01339759491384,0.15686513856053352,-0.051881466060876846,8.69777561724186,0.85561603,30.74458107551745,8.387489951842657,-4.03357272329161,,9.306970323705972,0.3634752032050929
2026-01-18,Milagros (Masbate),26.63615832477808,33.05307165719569,0.09338663890957832,-0.028077028691768646,8.545183062553406,0.7503962,0.0,5.112993591188862,-1.1327355298934345,,5.23696412477891,0.3375368333112495
2026-01-19,Milagros (Masbate),26.776787616312504,33.10190127231181,0.04272591322660446,-0.03418073058128357,8.545183062553406,1.6717827,0.0,2.296668488095839,-3.3275994931342865,,4.043217101630828,0.31159846341740605
2026-01-20,Milagros (Masbate),26.989928886294365,33.1598864402622,-0.017090365290641785,-0.043336283415555954,8.69777561724186,4.3870945,0.0,-0.3911184917936803,-3.9319806039053633,,3.951385218389995,0.2856600935235626
2026-01-21,Milagros (Masbate),26.899105802178383,33.21939753368497,-0.023194067180156708,-0.024414807558059692,8.545183062553406,1.0519098,0.0,-2.7528850148389763,-5.926249616017149,,6.534432677460867,0.2597217236297192
2026-01-22,Milagros (Masbate),26.649342320859432,33.28653825446963,-0.0079348124563694,-0.022583696991205215,8.545183062553406,2.4057262,0.0,-3.8325429249198644,-6.582722968675145,,7.617127211336084,0.23378335373587575
2026-01-23,Milagros (Masbate),26.368083737790585,33.34757527336478,-0.016479995101690292,-0.02075258642435074,8.545183062553406,2.4540956,0.0,-5.167935643950667,-5.649733978424158,0.20784498384203232,7.656830470042827,0.20784498384203232
2026-01-24,Milagros (Masbate),26.139561139047146,33.39945673942566,-0.023194067180156708,-0.017090365290641785,8.545183062553406,2.80881,0.0,-4.371362429672466,-5.010979765515592,,6.649716362519432,0.22770184977431152
2026-01-25,Milagros (Masbate),26.171056240797043,33.442182652652264,-0.02624591812491417,-0.02136295661330223,8.545183062553406,2.7602413,11.667166721506486,-3.5041825612679536,-4.435966225181765,,5.65306039005845,0.24755871570659072
2026-01-26,Milagros (Masbate),26.093417152762413,33.45439005643129,-0.046388134360313416,-0.007324442267417908,8.545183062553406,0.7692118,11.914375015011181,-5.606845973684142,-3.3247024405964596,,6.518463629654317,0.2674155816388699
2026-01-27,Milagros (Masbate),26.07144382596016,33.45744190737605,-0.054322946816682816,-0.004272591322660446,8.545183062553406,0.72883326,0.0,-4.8725081622137445,-3.243202391124907,,5.853178413532076,0.2872724475711491
2026-01-28,Milagros (Masbate),26.13296914100647,33.48490856587887,-0.036011841148138046,-0.0158696249127388,8.545183062553406,0.94012165,0.0,-4.413118596461766,-4.286793561704031,0.3071293135034283,6.15241536204309,0.3071293135034283
2026-01-29,Milagros (Masbate),26.069246493279934,33.523056702688336,-0.02136295661330223,-0.017090365290641785,8.545183062553406,2.0604808,0.0,-4.139665401149725,-4.5444423220085906,,6.147258384966338,0.28844630971927476
2026-01-30,Milagros (Masbate),26.068514049053192,33.55510113760829,-0.025635547935962677,-0.023194067180156708,8.545183062553406,1.4348412,20.108936538077273,-4.337220918124378,-4.789686545049863,,6.461623827835179,0.2697633059351212
2026-01-31,Milagros (Masbate),26.00698873400688,33.5398418828845,-0.03357036039233208,-0.014648884534835815,8.545183062553406,1.4264272,24.90795102999612,-5.035970699439572,-3.895213717542728,,6.366607478944099,0.25108030215096766
2026-02-01,Milagros (Masbate),26.062654495239258,33.47880486398935,-0.059816278517246246,-0.015259254723787308,8.69777561724186,0.97935146,5.2514976836121345,-5.373843312034222,-4.38627695327484,,6.936686345303855,0.23239729836681405
2026-02-02,Milagros (Masbate),26.05533005297184,33.46049375832081,-0.05066072568297386,-0.014038514345884323,8.545183062553406,0.9788445,5.3363948545397895,-5.007344313590048,-4.3382019238138545,0.2137142945826605,6.625216449794287,0.2137142945826605
2026-02-03,Milagros (Masbate),26.05972471833229,33.49559004418552,-0.0317392498254776,-0.017090365290641785,8.545183062553406,1.0783151,0.0,-4.927338020436001,-5.044499602361096,,7.0516406747547355,0.17736315524411908
2026-02-04,Milagros (Masbate),26.110995814204216,33.538315957412124,-0.039674062281847,-0.01831110566854477,8.545183062553406,2.1350732,5.212774870603612,-4.876013748388455,-4.894973977115193,,6.909144687376879,0.14101201590557766
2026-02-05,Milagros (Masbate),26.099276706576347,33.56730854138732,-0.006714072078466415,-0.02868739888072014,8.545183062553406,2.135069,23.565724452175427,-3.3984803085886917,-6.127322468191617,,7.006693159905813,0.10466087656703624
2026-02-06,Milagros (Masbate),25.97329629957676,33.452864130958915,-0.05005035549402237,-0.029908139258623123,8.69777561724186,1.9932586,40.40115890348174,-4.901495916750424,-3.238593454296401,,5.874789339553596,0.06830973722849482
2026-02-07,Milagros (Masbate),26.391521953046322,33.44523450359702,-0.10925626382231712,0.05371257662773132,8.69777561724186,1.9932584,0.0,-3.0964666211483105,0.9432618429004362,0.0319585978899534,3.2369504846626187,0.0319585978899534
2026-02-08,Milagros (Masbate),26.716727189719677,33.47880486398935,-0.08423108607530594,0.009765923023223877,8.69777561724186,1.5388476,13.45937369851505,-2.854068210706572,-1.6666019195244397,,3.3050366578191475,0.04091598607685304
2026-02-09,Milagros (Masbate),26.230384223163128,33.51084929890931,-0.0634784996509552,-0.0024414807558059692,8.545183062553406,1.5385447,10.512823062300924,-5.6404255949833715,-6.138649771017096,,8.336511374894883,0.04987337426375267
2026-02-10,Milagros (Masbate),25.996002070605755,33.52153077721596,-0.03234962001442909,-0.016479995101690292,8.545183062553406,1.38851,26.9187473970301,-5.046847694790798,-4.486347647692316,,6.752628145423793,0.0588307624506523
2026-02-11,Milagros (Masbate),26.056794941425323,33.53373818099499,-0.062257759273052216,-0.01342814415693283,8.545183062553406,1.2871482,12.92815095464308,-4.34498418814513,-3.89462222025132,,5.834978134809634,0.06778815063755195
2026-02-12,Milagros (Masbate),26.175450906157494,33.55204928666353,-0.05859553813934326,-0.014648884534835815,8.545183062553406,1.7440128,16.775119903363272,-4.7957549182825225,-4.2200584304507895,,6.388126360103547,0.07674553882445156
2026-02-13,Milagros (Masbate),26.34537796676159,33.584093721583486,-0.07568590342998505,-0.008545182645320892,8.69777561724186,1.9167396,26.778050563881894,-4.41026532101589,-2.9466701739659182,,5.3040838337921965,0.08570292701135121
2026-02-14,Milagros (Masbate),26.63615832477808,33.62376778386533,-0.10010071098804474,0.0079348124563694,8.69777561724186,2.268293,0.0,-4.625922215902876,-1.6324718627794694,,4.905519414939711,0.09466031519825086
2026-02-15,Milagros (Masbate),26.88152714073658,33.6619159206748,-0.10254219174385071,0.005493331700563431,8.69777561724186,2.269957,0.0,-4.3398930925123045,-2.389560653417053,,4.954257983875582,0.10361770338515047
2026-02-16,Milagros (Masbate),27.01629687845707,33.70158998295665,-0.09338663890957832,-0.0006103701889514923,8.69777561724186,1.0134609,0.0,-4.606401570403253,-2.701431391110594,,5.3400999043736315,0.11257509157205012
2026-02-17,Milagros (Masbate),27.1430097296834,33.74889367260039,-0.07751701399683952,-0.0079348124563694,8.545183062553406,0.9844394,0.0,-4.861750170234277,-3.704861545482042,0.12153247975894975,6.112496526703684,0.12153247975894975
2026-02-18,Milagros (Masbate),27.052186645567417,33.79619736224413,-0.043946653604507446,-0.014038514345884323,8.545183062553406,1.2040484,0.0,-5.351242195579562,-5.401922652387411,,7.603720232762869,0.12572493902076887
2026-02-19,Milagros (Masbate),26.91814935207367,33.85723438113928,-0.06775109097361565,-0.0006103701889514923,8.545183062553406,1.124384,0.0,-6.096781167867359,-4.071616825117259,,7.331357594568692,0.12991739828258797
2026-02-20,Milagros (Masbate),26.786309391260147,33.90301214531064,-0.06042664870619774,-0.0030518509447574615,8.545183062553406,0.9541502,0.0,-4.336147736802413,-3.6348880227689273,,5.65814352358136,0.13410985754440707
2026-02-21,Milagros (Masbate),26.913022242486477,33.94116028212011,-0.051881466060876846,-0.01342814415693283,8.545183062553406,1.1177355,0.15691679581606846,-4.108433486993646,-4.5398387732308825,,6.122855690278945,0.13830231680622618
2026-02-22,Milagros (Masbate),26.95037689805031,33.96557508967817,-0.054322946816682816,-0.008545182645320892,8.545183062553406,1.1813961,6.546780776784097,-4.804884975218244,-3.784968923464107,,6.116609303909076,0.14249477606804528
2026-02-23,Milagros (Masbate),26.870540477335453,33.95489361137152,-0.06958220154047012,0.0006103701889514923,8.545183062553406,0.6823719,6.966703068653904,-5.229678924399731,-3.0657238560058913,,6.06202972721137,0.14668723532986438
2026-02-24,Milagros (Masbate),27.105655074119568,33.982360269874334,-0.0952177494764328,0.009765923023223877,8.545183062553406,0.8967032,2.1844386478950235,-5.123379435243217,-2.6573604582566395,,5.771531984021145,0.1508796945916835
2026-02-25,Milagros (Masbate),27.345896780490875,34.006775077432394,-0.07995849475264549,-0.0030518509447574615,8.69777561724186,1.6765753,0.5310296531139473,-3.25390147221933,-3.078705114532923,,4.4795423843471225,0.1550721538535026
2026-02-26,Milagros (Masbate),27.419141203165054,34.031189884990454,-0.04272591322660446,-0.01892147585749626,8.545183062553406,2.1262765,0.0,-1.778073334457306,-2.670813337088786,,3.208549308375899,0.1592646131153217
2026-02-27,Milagros (Masbate),27.56416516005993,34.05560469254851,-0.036011841148138046,-0.023194067180156708,8.69777561724186,2.2629714,0.0,-0.5839519599041797,-2.162676086590119,,2.240126725652967,0.1634570723771408
2026-02-28,Milagros (Masbate),27.635944694280624,34.066286170855165,-0.048829615116119385,-0.022583696991205215,8.69777561724186,3.9004328,0.0,-2.2107422923535527,-3.1302983753955753,,3.8322512185665514,0.1676495316389599
2026-03-01,Milagros (Masbate),27.746543772518635,34.08459727652371,-0.07812738418579102,-0.004272591322660446,8.69777561724186,0.769898,0.0,-4.115204248751886,-2.693978375137306,,4.918579621664471,0.171841990900779
2026-03-02,Milagros (Masbate),27.87545395642519,34.10443430766463,-0.07324442267417908,-0.01037629321217537,8.69777561724186,0.7810181,0.0,-3.0968970267880342,-2.628271572772736,,4.061844735434115,0.17603445016259814
2026-03-03,Milagros (Masbate),27.874721512198448,34.125797264277935,-0.059816278517246246,-0.008545182645320892,8.545183062553406,1.1811731,0.0,-3.179620466211023,-3.217549427920777,,4.52356171951498,0.18022690942441724
2026-03-04,Milagros (Masbate),27.92086549848318,34.148686146363616,-0.05615405738353729,-0.01892147585749626,8.545183062553406,1.9564898,0.0,-3.196189222138463,-3.052050053848653,,4.419347811036334,0.18441936868623635
2026-03-05,Milagros (Masbate),28.0754112303257,34.17004910297692,-0.08362071588635445,-0.0048829615116119385,8.69777561724186,8.314473,0.0,-2.586830957273913,-2.3266956894679636,,3.479253832777866,0.18861182794805545
2026-03-06,Milagros (Masbate),28.188940085470676,34.18378243222833,-0.08667256683111191,-0.01342814415693283,8.69777561724186,1.4384308,0.0,-3.3383227280263066,-3.0210899708408405,0.19280428720987455,4.502375289596827,0.19280428720987455
2026-03-07,Milagros (Masbate),28.229956962168217,34.20209353789687,-0.06042664870619774,-0.02685628831386566,8.545183062553406,2.1513894,0.0,-3.657786079751261,-4.339503760227417,,5.675446404491015,0.21088915852830645
2026-03-08,Milagros (Masbate),28.15817742794752,34.21735279262066,-0.06469924002885818,-0.006714072078466415,8.545183062553406,1.1528488,0.0,-6.243746618489429,-4.531035163061593,,7.714573966512913,0.22897402984673837
2026-03-09,Milagros (Masbate),27.782433539628983,34.23718982376158,-0.04455702379345894,-0.01342814415693283,8.545183062553406,1.0457062,51.34023495378165,-4.84661689906205,-5.9243841479398505,,7.65428134436113,0.24705890116517026
2026-03-10,Milagros (Masbate),27.604449592530727,34.26313055679202,-0.025635547935962677,-0.02075258642435074,8.545183062553406,0.7720965,9.068379144881366,-3.9513195864520942,-5.3155330146988655,,6.623278471016718,0.26514377248360216
2026-03-11,Milagros (Masbate),27.49971006810665,34.28449351340532,-0.029908139258623123,-0.020142216235399246,8.545183062553406,0.6713645,0.0,-3.4240262657873943,-4.506235091280355,,5.65951504695309,0.28322864380203405
2026-03-12,Milagros (Masbate),27.56050293892622,34.307382395491004,-0.046388134360313416,-0.025025177747011185,8.545183062553406,1.5573251,0.0,-4.217121921013719,-4.271455282761101,,6.002453459155028,0.301313515120466
2026-03-13,Milagros (Masbate),27.288033686578274,34.3363749794662,-0.027466658502817154,-0.01831110566854477,8.545183062553406,1.0304428,0.0,-4.750517480602099,-7.199061975450514,,8.625190412963853,0.3193983864388979
2026-03-14,Milagros (Masbate),26.767998285591602,34.38062681816518,-0.01831110566854477,-0.02136295661330223,8.545183062553406,1.0021031,0.0,-5.039366064828051,-6.03428024967429,0.3374832577573298,7.8617904110291414,0.3374832577573298
2026-03-15,Milagros (Masbate),26.449385046958923,34.40961940214038,-0.040894802659749985,-0.014648884534835815,8.545183062553406,1.5443107,0.0,-4.963942015791903,-4.635067199576735,,6.791507069917273,0.34307176273537854
2026-03-16,Milagros (Masbate),26.381267733871937,34.43403420969844,-0.05005035549402237,-0.005493331700563431,8.545183062553406,2.6358173,0.0,-3.642542597266085,-3.1732106972441363,0.34866026771342723,4.830878046691158,0.34866026771342723
2026-03-17,Milagros (Masbate),26.613452553749084,34.44776753894985,-0.09765923023223877,0.022583696991205215,8.545183062553406,1.9523413,0.0,-4.713189524763849,-2.1442115330881353,,5.178011065551313,0.33902356806313594
2026-03-18,Milagros (Masbate),26.723319187760353,34.45387124083936,-0.10193182155489922,0.01892147585749626,8.545183062553406,1.2566872,0.0,-4.601750427415274,-2.546820249545757,,5.259505716292451,0.32938686841284465
2026-03-19,Milagros (Masbate),26.88152714073658,34.46455271914601,-0.09033478796482086,0.003662221133708954,8.545183062553406,2.2344315,0.0,-3.8412337667970116,-2.9571835136164135,0.31975016876255336,4.8476810109975546,0.31975016876255336
2026-03-20,Milagros (Masbate),26.952574230730534,34.473708271980286,-0.07690664380788803,-0.0012207403779029846,8.545183062553406,1.6590506,0.0,-3.5854644431491227,-3.164787123887225,,4.78240868314378,0.3152554257683883
2026-03-21,Milagros (Masbate),27.072695083916187,34.48133789934218,-0.08239997550845146,-0.001831110566854477,8.545183062553406,1.0714883,0.0,-4.029136913906145,-3.0750989518501965,,5.068547901980538,0.31076068277422314
2026-03-22,Milagros (Masbate),27.09027374535799,34.487441601231694,-0.08484145626425743,0.005493331700563431,8.545183062553406,0.75501823,0.0,-4.679407962937293,-3.2471319707836295,,5.695675984401336,0.306265939780058
2026-03-23,Milagros (Masbate),27.185491494834423,34.49659715406597,-0.06836146116256714,-0.008545182645320892,8.545183062553406,1.9870423,0.0,-2.7846410778707997,-3.5330846245650718,,4.498545642416398,0.3017711967858929
2026-03-24,Milagros (Masbate),27.299752794206142,34.50270085595548,-0.054322946816682816,-0.021973326802253723,8.545183062553406,2.2519515,0.0,-2.262684954515887,-3.5260254407224303,,4.18958215243649,0.29727645379172785
2026-03-25,Milagros (Masbate),27.746543772518635,34.50270085595548,-0.12329477816820145,0.04821924492716789,8.69777561724186,1.4981554,0.0,-3.3319990699663005,-1.900715060890322,,3.836005154447996,0.2927817107975627
2026-03-26,Milagros (Masbate),27.800012201070786,34.49659715406597,-0.12146366760134697,0.0238044373691082,8.69777561724186,1.1286354,0.0,-3.7727272716868208,-2.2390718340497715,,4.387130468149367,0.2882869678033976
2026-03-27,Milagros (Masbate),27.880581066012383,34.50422678142786,-0.10132145136594772,0.01892147585749626,8.69777561724186,0.53228414,0.0,-3.500192895468606,-1.6957943226174308,,3.8893532483062545,0.2837922248092325
2026-03-28,Milagros (Masbate),28.008758805692196,34.51490825973451,-0.09949034079909325,0.017700735479593277,8.69777561724186,3.730566,0.0,-3.3066348090466375,-1.4965711340224506,,3.6295397669109697,0.2792974818150674
2026-03-29,Milagros (Masbate),28.15305031836033,34.524063812568784,-0.10376293212175369,0.027466658502817154,8.69777561724186,1.5729212,0.0,-3.5059662705999637,-1.578110419252174,0.2748027388209023,3.844766831153339,0.2748027388209023
2026-03-30,Milagros (Masbate),28.17795342206955,34.52864158898592,-0.10376293212175369,0.01892147585749626,8.545183062553406,1.1216282,0.0,-4.655147065491995,-1.6503913128446621,,4.93904704238296,0.2677531862672192
2026-03-31,Milagros (Masbate),28.334696486592293,34.53932306729257,-0.11047700420022011,0.02685628831386566,8.69777561724186,1.5220622,0.0,-4.29961441498425,-1.6811443971243167,,4.6165929646789134,0.26070363371353616
2026-04-01,Milagros (Masbate),28.388164915144444,34.55305639654398,-0.09765923023223877,0.019531846046447754,8.545183062553406,2.0635095,0.0,-3.7522198038565597,-1.7515842217245012,,4.140917862291836,0.2536540811598531
2026-04-02,Milagros (Masbate),28.532456427812576,34.56526380032301,-0.09826960042119026,0.0048829615116119385,8.69777561724186,1.6206787,0.0,-3.5784109024481,-2.6107785248446445,,4.429581141885698,0.24660452860617008
2026-04-03,Milagros (Masbate),28.561021752655506,34.571367502212524,-0.0952177494764328,0.01037629321217537,8.545183062553406,1.1398937,0.0,-3.798064191888521,-1.602167342615014,0.23955497605248702,4.122163485288746,0.23955497605248702
2026-04-04,Milagros (Masbate),28.804925680160522,34.583574905991554,-0.10071108117699623,0.03662221133708954,8.69777561724186,1.4776925,0.0,-2.821522601559231,-0.6076701185925023,,2.886217726392068,0.24588072730552946
2026-04-05,Milagros (Masbate),29.044434942305088,34.58967860788107,-0.12024292722344398,0.04272591322660446,8.69777561724186,1.834849,5.537856024612519,-3.9607183836599393,-0.8858353779933869,0.2522064785585719,4.058570491141738,0.2522064785585719
2026-04-06,Milagros (Masbate),29.114017143845558,34.595782309770584,-0.11291848495602608,0.03906369209289551,8.69777561724186,1.6555849,0.0,-4.004228687000253,-1.1026102836998306,,4.153263393467405,0.2525125300565555
2026-04-07,Milagros (Masbate),29.31543930619955,34.60341193713248,-0.11230811476707458,0.02624591812491417,8.69777561724186,1.723259,0.24012181096338114,-3.458433051028246,-1.5106792260485526,,3.773978125593628,0.2528185815545391
2026-04-08,Milagros (Masbate),29.321298860013485,34.60341193713248,-0.1031525619328022,0.0006103701889514923,8.69777561724186,1.4191891,0.0,-4.2689034119873135,-1.917714863540998,0.2531246330525227,4.679868228777707,0.2531246330525227
2026-04-09,Milagros (Masbate),29.387218840420246,34.61409341543913,-0.10498367249965668,0.0238044373691082,8.69777561724186,2.019907,0.0,-4.0658806845521696,-1.403321868319247,,4.301243774435186,0.24569762836686043
2026-04-10,Milagros (Masbate),29.62233343720436,34.6232489682734,-0.10193182155489922,0.039674062281847,8.69777561724186,1.4541986,0.0,-2.7902193621898013,-0.9837249168405829,,2.9585534981054296,0.2382706236811982
2026-04-11,Milagros (Masbate),29.653828538954258,34.630878595635295,-0.09460737928748131,0.029908139258623123,8.69777561724186,2.022476,0.0,-2.7752645113842513,-1.2474059220763094,,3.0427150117255337,0.23084361899553593
2026-04-12,Milagros (Masbate),29.566667675971985,34.63850822299719,-0.08117923513054848,0.0048829615116119385,8.545183062553406,1.256136,0.0,-2.484677514971948,-1.8379949172081071,,3.0906063594527873,0.2234166143098737
2026-04-13,Milagros (Masbate),29.611346773803234,34.64003414846957,-0.08362071588635445,-0.014648884534835815,8.69777561724186,0.56957704,0.0,-3.040100954561859,-2.2367360973204087,0.21598960962421143,3.7742816777479735,0.21598960962421143
2026-04-14,Milagros (Masbate),29.439222380518913,34.65071562677622,-0.05798516795039177,-0.0158696249127388,8.545183062553406,2.3550966,0.0,-3.3437219827081055,-2.4843508317677987,,4.165630294799429,0.22585961983373049
2026-04-15,Milagros (Masbate),29.530777908861637,34.66902673244476,-0.07690664380788803,0.024414807558059692,8.69777561724186,1.9558227,0.0,-2.4239336830055227,-1.8117057482768355,,3.0261745187526854,0.2357296300432495
2026-04-16,Milagros (Masbate),29.590105891227722,34.6736045088619,-0.0872829370200634,0.014648884534835815,8.69777561724186,0.5932654,0.0,-2.41265935624175,-1.6718876802221576,,2.935325124162481,0.24559964025276856
2026-04-17,Milagros (Masbate),29.571062341332436,34.67513043433428,-0.0872829370200634,0.017700735479593277,8.545183062553406,1.687948,0.0,-2.778024681091896,-1.4926113000291341,,3.153618496541773,0.2554696504622876
2026-04-18,Milagros (Masbate),29.590838335454464,34.68276006169617,-0.07995849475264549,0.006714072078466415,8.69777561724186,2.422415,0.0,-2.307779909179838,-1.36962026283827,0.26533966067180664,2.683599778952009,0.26533966067180664
2026-04-19,Milagros (Masbate),29.606952108442783,34.68581191264093,-0.07873775437474251,0.04028443247079849,8.69777561724186,1.7073514,0.0,-2.1006636886250387,-1.0333276928475346,,2.3410583191183774,0.25208683170669005
2026-04-20,Milagros (Masbate),29.561540566384792,34.679708210751414,-0.10437330231070518,0.023194067180156708,8.545183062553406,1.6981229,6.570891528294004,-4.208790292959231,-1.4801777295951104,,4.461484264378524,0.23883400274157343
2026-04-21,Milagros (Masbate),29.428235717117786,34.679708210751414,-0.10193182155489922,0.021973326802253723,8.545183062553406,2.2508934,0.0,-5.157084756460967,-1.8186400353206986,,5.468361250264411,0.2255811737764568
2026-04-22,Milagros (Masbate),29.42530594021082,34.68581191264093,-0.10010071098804474,0.04028443247079849,8.545183062553406,2.5807266,0.0,-3.9826552516286653,-1.1042026013390396,,4.1328932042976,0.21232834481134022
2026-04-23,Milagros (Masbate),29.54835657030344,34.68581191264093,-0.10803552344441414,0.0476088747382164,8.545183062553406,1.9866619,0.0,-3.476710807324299,-0.35944307724396385,0.1990755158462236,3.495242103709583,0.1990755158462236
2026-04-24,Milagros (Masbate),29.67506942152977,34.679708210751414,-0.11719107627868652,0.05310220643877983,8.69777561724186,0.8415114,0.0,-3.8488200972910915,-0.5396114147225749,,3.8864632534234396,0.2288527071358507
2026-04-25,Milagros (Masbate),29.68678852915764,34.67513043433428,-0.1110873743891716,0.02929776906967163,8.69777561724186,2.453913,0.0,-4.526827192919118,-1.7574093625383915,0.2586298984254778,4.855991361410106,0.2586298984254778
2026-04-26,Milagros (Masbate),29.7124240770936,34.667500806972384,-0.10620441287755966,0.012207403779029846,8.545183062553406,1.4076488,0.0,-4.642760155081556,-1.6001061193117112,,4.91075976307859,0.26274855027240496
2026-04-27,Milagros (Masbate),29.570329897105694,34.63393044658005,-0.09826960042119026,0.02685628831386566,8.545183062553406,1.4064884,0.0,-4.468028133764148,-0.5807454575574511,,4.505612132727532,0.2668672021193322
2026-04-28,Milagros (Masbate),29.65895564854145,34.632404521107674,-0.10376293212175369,0.04211554303765297,8.545183062553406,1.3966742,0.0,-4.218320410667415,-0.6589874333900272,0.27098585396625935,4.269483753853536,0.27098585396625935
2026-04-29,Milagros (Masbate),29.72048096358776,34.632404521107674,-0.10742515325546265,0.035401470959186554,8.545183062553406,0.73688716,0.0,-4.254182848896243,-1.835199559594184,,4.633144627073241,0.2603460119839595
2026-04-30,Milagros (Masbate),29.656025871634483,34.6232489682734,-0.09277626872062683,0.01037629321217537,8.545183062553406,1.5218939,0.0,-4.402049374319938,-1.8879261613855072,,4.789812510401046,0.24970617000165965
2026-05-01,Milagros (Masbate),29.824488043785095,34.62172304280102,-0.10681478306651115,0.022583696991205215,8.69777561724186,0.79070836,2.047625723523494,-4.476234294587039,-2.161672966325638,,4.970865465226374,0.23906632801935981
2026-05-02,Milagros (Masbate),29.65529342740774,34.5805230550468,-0.07568590342998505,-0.0006103701889514923,8.545183062553406,0.4693312,7.186445354206326,-4.478695705768024,-2.183319783043849,,4.982529528251245,0.22842648603705995
2026-05-03,Milagros (Masbate),29.60182499885559,34.56068602390587,-0.08606219664216042,0.014648884534835815,8.545183062553406,1.6070148,4.456794152153433,-3.9834454136817707,-0.9680811952779785,,4.099392462845339,0.21778664405476011
2026-05-04,Milagros (Masbate),29.782738722860813,34.56373787485063,-0.10193182155489922,0.014038514345884323,8.545183062553406,2.7312481,0.13946611171259599,-4.084419973282294,-1.6654080540521832,,4.410903592762963,0.20714680207246028
2026-05-05,Milagros (Masbate),29.811304047703743,34.557634172961116,-0.09216589853167534,0.0158696249127388,8.545183062553406,1.9370197,4.507171978089679,-4.126059117432017,-1.3889375617938993,,4.353563068465398,0.19650696009016044
2026-05-06,Milagros (Masbate),29.891140468418598,34.557634172961116,-0.08056886494159698,-0.006103701889514923,8.545183062553406,2.5640047,0.0,-4.226802571057007,-2.6965899565594227,,5.013726894088994,0.18586711810786058
2026-05-07,Milagros (Masbate),29.89260535687208,34.536271216347814,-0.08606219664216042,0.001831110566854477,8.545183062553406,0.6652344,0.0,-4.417575829138581,-2.097007454189028,,4.890032358698026,0.17522727612556072
2026-05-08,Milagros (Masbate),30.046418644487858,34.534745290875435,-0.10071108117699623,0.011597033590078354,8.69777561724186,0.72193956,0.0,-4.355096175071045,-1.892261138887843,0.16458743414326088,4.748422360307007,0.16458743414326088
2026-05-09,Milagros (Masbate),30.105746626853943,34.534745290875435,-0.08423108607530594,-0.001831110566854477,8.545183062553406,0.72393525,0.0,-4.350315592877543,-2.533630774354777,,5.03433517541205,0.16555383172305277
2026-05-10,Milagros (Masbate),30.16653949767351,34.53932306729257,-0.08117923513054848,-0.006714072078466415,8.545183062553406,1.1741599,0.0,-4.062906876097498,-2.6067523453563752,,4.827252849588604,0.16652022930284469
2026-05-11,Milagros (Masbate),30.29691457003355,34.546952694654465,-0.06469924002885818,-0.022583696991205215,8.69777561724186,1.4071447,0.0,-1.4841234535976175,-2.0291099015708447,,2.5139430021723568,0.16748662688263657
2026-05-12,Milagros (Masbate),30.66972868144512,34.5515304710716,-0.0012207403779029846,-0.0317392498254776,8.69777561724186,1.644631,0.0,0.6026402878499011,-0.9237927211524064,,1.1029815538774796,0.16845302446242846
2026-05-13,Milagros (Masbate),30.83599352091551,34.55000454559922,0.005493331700563431,0.0,8.69777561724186,0.73516595,0.0,0.4474232307772736,0.024495970029924097,,0.44809329384278934,0.16941942204222035
2026-05-14,Milagros (Masbate),30.997863695025444,34.55000454559922,0.009765923023223877,-0.006103701889514923,8.69777561724186,1.6677082,0.0,0.5625766431636943,-0.17786176348293792,,0.59002312356601,0.17038581962201227
2026-05-15,Milagros (Masbate),31.20514541119337,34.5515304710716,-0.06164738908410072,0.051271095871925354,8.69777561724186,1.5658766,0.0,-1.8200240202322038,-0.5041037483741362,0.17135221720180416,1.8885465372468446,0.17135221720180416
2026-05-16,Milagros (Masbate),31.244697399437428,34.55610824748874,-0.07019257172942162,0.025635547935962677,8.69777561724186,1.6905833,0.0,-1.6742865108088243,-1.5222761663659476,,2.2628654504769377,0.16383704500364804
2026-05-17,Milagros (Masbate),31.31134982407093,34.559160098433495,-0.07385479286313057,0.006103701889514923,8.69777561724186,0.55500853,0.0,-1.1755701589331242,-1.4756739420545626,,1.8866846005183016,0.15632187280549192
2026-05-18,Milagros (Masbate),31.534012869000435,34.55610824748874,-0.046388134360313416,-0.040894802659749985,8.69777561724186,1.5033695,11.791322464391618,-0.9447488449786164,-1.6122379418620423,0.1488067006073358,1.8686523382555633,0.1488067006073358
2026-05-19,Milagros (Masbate),31.473952442407608,34.534745290875435,-0.06164738908410072,-0.01892147585749626,8.69777561724186,0.8371455,14.833964763741946,-1.406271196867982,-0.9505373183576242,,1.6973861884471106,0.16827632732051376
2026-05-20,Milagros (Masbate),31.389721356332302,34.54390084370971,-0.08178960531949997,0.032959990203380585,8.545183062553406,1.771051,0.0,-3.248231087201227,-0.2810007356957239,,3.2603629566847316,0.1877459540336917
2026-05-21,Milagros (Masbate),31.350901812314987,34.545426769182086,-0.08056886494159698,0.015259254723787308,8.545183062553406,1.0739359,0.0,-3.7820179929952635,-1.247770288860131,,3.9825357240208175,0.20721558074686963
2026-05-22,Milagros (Masbate),31.39338357746601,34.55610824748874,-0.07629627361893654,-0.012207403779029846,8.69777561724186,2.3434634,0.0,-3.495039001319287,-1.7316306613300276,,3.900492580175123,0.22668520746004758
2026-05-23,Milagros (Masbate),31.308420047163963,34.559160098433495,-0.05615405738353729,0.006103701889514923,8.545183062553406,0.9865059,6.107898390075498,-2.9744331011525285,-0.7297731322209204,0.24615483417322553,3.0626493592547255,0.24615483417322553
2026-05-24,Milagros (Masbate),31.348704479634762,34.559160098433495,-0.06836146116256714,0.0030518509447574615,8.545183062553406,1.0437591,1.9174371907000125,-3.3706451660761956,-0.5991516776502714,,3.4234823744871186,0.2316992451239423
2026-05-25,Milagros (Masbate),31.497390657663345,34.56526380032301,-0.0714133121073246,0.0317392498254776,8.69777561724186,1.9986439,0.0,-2.5083426004446916,0.3789597707616796,,2.536807661030174,0.21724365607465906
2026-05-26,Milagros (Masbate),31.69515059888363,34.56831565126777,-0.05005035549402237,0.043336283415555954,8.69777561724186,1.717889,3.5469910522987105,-1.2020603207516958,0.6613188710375211,,1.3719663494109509,0.20278806702537583
2026-05-27,Milagros (Masbate),31.840174555778503,34.55305639654398,-0.038453321903944016,0.04577776417136192,8.69777561724186,1.157381,0.26426808460489004,-0.5451853014485764,0.8619708262807507,,1.0199121130149869,0.18833247797609262
2026-05-28,Milagros (Masbate),31.910489201545715,34.5515304710716,0.038453321903944016,-0.04821924492716789,8.69777561724186,0.65970707,1.0138459356754836,2.4158070863086505,-0.36474416815177213,0.1738768889268094,2.443186891430907,0.1738768889268094
2026-05-29,Milagros (Masbate),31.788171015679836,34.54390084370971,0.08606219664216042,-0.04943998530507088,8.69777561724186,0.59086263,5.51738919012445,4.94989093670213,0.29678877785312396,,4.958780481520173,0.181533358882344
2026-05-30,Milagros (Masbate),31.506179988384247,34.52558973804116,0.09582811966538429,-0.020142216235399246,8.545183062553406,0.7216899,5.436636820284396,6.501386864605899,2.2450883984886705,,6.8781140642111005,0.18918982883787863
2026-05-31,Milagros (Masbate),31.325266264379025,34.508804557845,0.03906369209289551,0.01342814415693283,8.545183062553406,1.7035512,16.580577169422206,3.6400738119006073,3.3155752770560856,,4.923736058513916,0.19684629879341325
2026-06-01,Milagros (Masbate),31.293038718402386,34.4584490172565,0.012207403779029846,0.032959990203380585,8.545183062553406,1.5981214,20.469750305701947,1.8908086199055762,2.6107789004103052,,3.2235576160411457,0.20450276874894788
2026-06-02,Milagros (Masbate),31.235908068716526,34.438611986115575,-0.0012207403779029846,0.01831110566854477,8.545183062553406,0.94789255,14.755917243493254,0.4402800628300566,2.3195818000614157,,2.3609968786302526,0.2121592387044825
2026-06-03,Milagros (Masbate),31.383129358291626,34.44624161347747,0.0079348124563694,0.03723258152604103,8.545183062553406,1.1726071,1.1857818860794904,0.9707422753152173,2.247954263275555,,2.4485993822720182,0.2198157086600171
2026-06-04,Milagros (Masbate),31.389721356332302,34.4584490172565,0.009765923023223877,0.03662221133708954,8.545183062553406,1.1748742,1.9263620087631332,1.1478950426536154,2.4521621177449426,,2.707538010933938,0.22747217861555172
2026-06-05,Milagros (Masbate),31.4300057888031,34.463026793673635,-0.006103701889514923,0.03906369209289551,8.545183062553406,0.9888635,2.4268778903489183,0.8631461479726392,2.2452526321887274,,2.4054481193969686,0.23512864857108634
2026-06-06,Milagros (Masbate),31.65120394527912,34.4584490172565,0.01342814415693283,0.022583696991205215,8.69777561724186,1.5890722,3.796333152430536,-0.3653765759914506,1.2811342919090176,,1.3322181188485827,0.24278511852662096
2026-06-07,Milagros (Masbate),31.750816360116005,34.47065642103553,-0.04516739398241043,0.059816278517246246,8.69777561724186,2.5100198,12.258989432762407,-1.021647580743469,1.8309893304728133,0.2504415884821556,2.0967321496901468,0.2504415884821556
2026-06-08,Milagros (Masbate),31.809411898255348,34.438611986115575,-0.020142216235399246,0.06653035059571266,8.69777561724186,1.5038267,12.258989432762407,0.21326880825878203,1.9872944860038724,,1.9987053206207053,0.32717874661972446
2026-06-09,Milagros (Masbate),31.773522131145,34.44318976253271,0.0012207403779029846,0.04211554303765297,8.545183062553406,1.5036752,0.0,1.0431646748738745,1.7064641035651325,,2.000053068211208,0.4039159047572934
2026-06-10,Milagros (Masbate),31.936124749481678,34.440137911587954,0.020142216235399246,0.03234962001442909,8.69777561724186,3.1412282,0.0,1.021067122714649,1.3849373241325222,,1.7206479770319445,0.4806530628948623
2026-06-11,Milagros (Masbate),32.10898158699274,34.42182680591941,0.017700735479593277,0.004272591322660446,8.69777561724186,2.1820388,25.71988840857577,0.688720825498164,0.8778933752077398,,1.1158105366541893,0.5573902210324312
2026-06-12,Milagros (Masbate),32.404889054596424,34.389782370999455,-0.04821924492716789,0.014038514345884323,8.69777561724186,0.98106045,0.0,-0.9934497124067184,0.34812555036890347,0.6341273791700001,1.0526793100943153,0.6341273791700001
2026-06-13,Milagros (Masbate),32.21591844409704,34.33484905399382,-0.05615405738353729,0.079348124563694,8.69777561724186,0.5503126,0.0,-0.83031918560691,1.5834153703711882,,1.7879133606287103,0.5666262990346089
2026-06-14,Milagros (Masbate),32.103122033178806,34.31348609738052,-0.04150517284870148,0.04272591322660446,8.545183062553406,2.7337909,0.0,-1.193355773346123,2.061843974442287,,2.382288516683588,0.49912521889921785
2026-06-15,Milagros (Masbate),32.3799859508872,34.32111572474241,-0.0317392498254776,0.014038514345884323,8.69777561724186,1.239818,0.0,-1.2847573444452438,0.3000225674896041,,1.3193236809475712,0.43162413876382677
2026-06-16,Milagros (Masbate),32.22617266327143,34.33332312852144,-0.06897183135151863,0.025635547935962677,8.545183062553406,2.4264026,0.0,-2.9306355720025237,0.47138464174799594,,2.968303949457071,0.36412305862843564
2026-06-17,Milagros (Masbate),32.1661122366786,34.33484905399382,-0.07385479286313057,0.015259254723787308,8.545183062553406,2.8916638,0.0,-3.2238098449437054,0.31865597072037577,0.2966219784930445,3.2395202644885095,0.2966219784930445
2026-06-18,Milagros (Masbate),31.972014516592026,34.3150120228529,-0.048829615116119385,-0.0048829615116119385,8.545183062553406,0.87333333,2.0099583605481937,-3.110256812950126,-0.7180435178609836,,3.192065778777883,0.2972962049401777
2026-06-19,Milagros (Masbate),31.9207434207201,34.27991573698819,-0.04150517284870148,-0.030518509447574615,8.69777561724186,2.3712375,0.0,-1.7732771271806067,-1.4605064829071355,,2.2973007979791578,0.2979704313873109
2026-06-20,Milagros (Masbate),31.85042877495289,34.27533796057105,-0.04577776417136192,-0.019531846046447754,8.545183062553406,2.364695,0.0,-1.0968067677757063,-1.0284013169225763,,1.5035273042039115,0.29864465783444405
2026-06-21,Milagros (Masbate),31.970549628138542,34.25092315301299,0.0012207403779029846,-0.05005035549402237,8.69777561724186,2.124817,1.2232597072516205,1.9052544039243444,-0.6164459410754797,,2.0024984249535738,0.29931888428157727
2026-06-22,Milagros (Masbate),31.596270628273487,34.24024167470634,0.02868739888072014,0.0158696249127388,8.545183062553406,2.0409591,7.492264520324025,4.134515430865099,3.864708349240524,,5.65952192969963,0.2999931107287105
2026-06-23,Milagros (Masbate),31.246894732117653,34.25092315301299,0.01342814415693283,0.025025177747011185,8.545183062553406,2.0409598,6.472910052138942,5.02356304532886,4.553421757424627,,6.780105852520427,0.30066733717584365
2026-06-24,Milagros (Masbate),30.891659282147884,34.2432935256511,0.016479995101690292,0.019531846046447754,8.545183062553406,1.175866,0.0,3.5554243155704737,3.551584551468089,,5.0254148972971935,0.3013415636229768
2026-06-25,Milagros (Masbate),30.945127710700035,34.24787130206823,0.05249183624982834,0.012817773967981339,8.545183062553406,1.1758722,0.0,3.3235906248358966,2.6171487561280253,,4.230333586515316,0.30201579007011004
2026-06-26,Milagros (Masbate),30.986144587397575,34.235663898289204,0.07263405248522758,-0.0030518509447574615,8.545183062553406,0.91590446,0.0,3.735462280427211,2.3156067188890805,,4.394964496450308,0.30269001651724325
2026-06-27,Milagros (Masbate),30.915829941630363,34.22803427092731,0.051271095871925354,-0.012817773967981339,8.545183062553406,0.87650627,0.0,1.8643466590853763,1.9690774726321105,0.3033642429643764,2.7116516292603046,0.3033642429643764
2026-06-28,Milagros (Masbate),31.13116854429245,34.24024167470634,0.05859553813934326,-0.043946653604507446,8.69777561724186,0.8632897,0.9078283774199882,2.1779688820397642,-0.43226581014516813,,2.2204508960465663,0.2996807467113782
2026-06-29,Milagros (Masbate),30.78765220195055,33.78551588393748,0.016479995101690292,-0.079348124563694,8.69777561724186,0.7440291,51.03819856005315,1.08637189494618,-0.9552704188739147,,1.4466324575732767,0.29599725045837993
2026-06-30,Milagros (Masbate),30.47636340558529,33.825189946219325,0.035401470959186554,0.006714072078466415,8.69777561724186,0.9530686,0.0,0.07703354391870851,3.9166987796629082,,3.9174562534253767,0.2923137542053817
2026-07-01,Milagros (Masbate),30.510788284242153,33.92437510192394,-0.031128879636526108,0.048829615116119385,8.69777561724186,1.8357209,28.48855538203798,-0.7437296447061338,2.2207156636731624,,2.3419461657557474,0.28863025795238345
2026-07-02,Milagros (Masbate),30.735648661851883,33.944212133064866,-0.056764427572488785,0.02868739888072014,8.69777561724186,2.3392868,12.391424662684813,-1.9401670636851216,-0.21772087171486923,,1.9523449011352552,0.28494676169938515
2026-07-03,Milagros (Masbate),30.803033530712128,33.96252323873341,-0.08484145626425743,0.0048829615116119385,8.69777561724186,2.3688028,0.0,-2.250689164520511,-1.0800023390903997,,2.4963987597599004,0.2812632654463869
2026-07-04,Milagros (Masbate),30.99566636234522,33.97473064251244,-0.08423108607530594,-0.006103701889514923,8.69777561724186,3.0895653,0.0,-1.6015196626429757,-0.8955918436591851,,1.834925061211201,0.27757976919338867
2026-07-05,Milagros (Masbate),31.28717916458845,33.98541212081909,-0.06469924002885818,-0.025025177747011185,8.69777561724186,0.74444467,0.0,-0.5822682552717678,-0.6306612729310934,,0.8583530522298477,0.27389627294039043
2026-07-06,Milagros (Masbate),31.35602892190218,33.99609359912574,-0.006103701889514923,-0.0634784996509552,8.69777561724186,2.34043,0.0,1.1744914281935919,-0.9140391305039703,,1.4882532200511704,0.2702127766873922
2026-07-07,Milagros (Masbate),31.312082268297672,33.994567673653364,0.06653035059571266,-0.08301034569740295,8.69777561724186,2.9294925,2.9576767259872465,3.603041890456371,-0.9529825863228165,0.26652928043439394,3.726940658800183,0.26652928043439394
2026-07-08,Milagros (Masbate),30.952452152967453,33.9777824934572,0.11841181665658951,-0.04455702379345894,8.545183062553406,3.0759103,27.660534257095673,6.572632566214763,0.7117112440204187,,6.611053754533535,0.2879198384528111
2026-07-09,Milagros (Masbate),30.444868303835392,33.97625656798482,0.12146366760134697,-0.01892147585749626,8.545183062553406,2.996011,24.798484554638964,9.191258218528878,3.747998186226707,,9.926062564966701,0.30931039647122827
2026-07-10,Milagros (Masbate),30.033967092633247,33.91674547456205,0.02929776906967163,0.01831110566854477,8.545183062553406,3.2086606,6.3167254581412715,6.691269937593465,6.120560644782408,,9.06831605008346,0.3307009544896454
2026-07-11,Milagros (Masbate),29.63771476596594,33.85113067924976,-0.025025177747011185,0.040894802659749985,8.545183062553406,2.3119998,22.517359406662763,4.094587249896722,6.91876537555529,,8.039586996170856,0.3520915125080626
2026-07-12,Milagros (Masbate),29.657490760087967,33.860286232084036,-0.025025177747011185,0.05005035549402237,8.545183062553406,2.7204452,0.0,1.7191706738918413,4.485561231602447,,4.803728486126645,0.37348207052647975
2026-07-13,Milagros (Masbate),29.76076539605856,33.87554548680782,-0.014038514345884323,0.046388134360313416,8.545183062553406,2.6818032,3.2188080329198625,1.0245746849078254,2.6909792775768113,,2.879430978040937,0.3948726285448969
2026-07-14,Milagros (Masbate),30.15775016695261,33.9060639962554,0.012817773967981339,0.03906369209289551,8.69777561724186,3.294941,0.0,1.0639416637196155,1.2528088340961765,0.41626318656331407,1.6436246039129145,0.41626318656331407
2026-07-15,Milagros (Masbate),30.37015899270773,33.91827140003443,0.03723258152604103,-0.007324442267417908,8.69777561724186,2.4088924,0.0,2.011458516570272,0.583612571680433,,2.0944137599114767,0.40818365083241304
2026-07-16,Milagros (Masbate),30.45219274610281,33.935056580230594,0.06103701889514923,-0.009155552834272385,8.69777561724186,1.9965044,13.659811137897732,3.3632443421656775,0.8308157527324778,,3.464342263705749,0.400104115101512
2026-07-17,Milagros (Masbate),30.426557198166847,33.95184176042676,0.06775109097361565,-0.01892147585749626,8.545183062553406,0.85064465,5.379271331229994,3.9869872631041003,1.3020302070930507,,4.194204346039556,0.392024579370611
2026-07-18,Milagros (Masbate),30.52616961300373,33.97167879156768,0.06653035059571266,-0.007324442267417908,8.545183062553406,2.3435066,0.0,3.7896140615282925,1.330128484931815,,4.016268980255178,0.38394504363971
2026-07-19,Milagros (Masbate),30.563524268567562,33.97930841892958,0.06042664870619774,-0.015259254723787308,8.545183062553406,1.9853982,13.659811137897732,3.838229437554486,0.8586703081187472,,3.933105632112437,0.37586550790880896
2026-07-20,Milagros (Masbate),30.687307342886925,33.95184176042676,0.06042664870619774,-0.051881466060876846,8.69777561724186,1.6540899,0.0,2.475222072488336,-0.041062224900798625,,2.4755626460356956,0.367785972177908
2026-07-21,Milagros (Masbate),30.784722425043583,33.95336768589914,0.04455702379345894,-0.06408886983990669,8.69777561724186,0.5284191,8.479824767393223,1.6087174037390741,-1.0030999440799833,,1.895832583037398,0.35970643644700695
2026-07-22,Milagros (Masbate),30.805230863392353,33.89538251794875,0.0006103701889514923,-0.08056886494159698,8.69777561724186,0.5038466,18.04286274319972,1.3947979787448999,-1.5095894012517932,,2.055315440968273,0.3516269007161059
2026-07-23,Milagros (Masbate),30.57524337619543,33.89080474153161,0.06714072078466415,-0.05005035549402237,8.69777561724186,0.4723474,33.25330894810674,3.4102333104649873,0.49522723375040606,,3.4460036629192756,0.3435473649852049
2026-07-24,Milagros (Masbate),30.160679943859577,33.874019561335444,-0.003662221133708954,0.04150517284870148,8.545183062553406,0.47228357,0.0,2.7010515366932903,5.468133271680501,,6.098865540470005,0.33546782925430385
2026-07-25,Milagros (Masbate),29.996612437069416,33.85113067924976,-0.029908139258623123,0.03479110077023506,8.545183062553406,0.4826526,0.0,0.9413163566398605,3.1885702568747947,,3.3246137770129534,0.3273882935234029
2026-07-26,Milagros (Masbate),30.365031883120537,33.81756031885743,0.01892147585749626,0.012207403779029846,8.69777561724186,1.129391,12.898761273397636,1.0088290820461812,1.047578952213243,,1.4543582013734913,0.31930875779250184
2026-07-27,Milagros (Masbate),30.306436344981194,33.73821219429374,0.03234962001442909,-0.0555436871945858,8.69777561724186,0.8535625,0.0,1.0516636102545656,0.020801935381903655,,1.051869321564851,0.3112292220616008
2026-07-28,Milagros (Masbate),30.144566170871258,33.657338144257665,0.04455702379345894,-0.09643848985433578,8.69777561724186,0.93898106,83.42515166245899,2.3767100728212003,-1.2507292730311759,,2.6857167543631344,0.30314968633069983
2026-07-29,Milagros (Masbate),29.815698713064194,33.46201968379319,0.04821924492716789,-0.079348124563694,8.69777561724186,1.8118808,0.0,1.82020290279968,0.4381267201745499,,1.8721895284108632,0.2950701505997988
2026-07-30,Milagros (Masbate),30.330607004463673,33.70921961031854,0.04150517284870148,-0.08301034569740295,8.69777561724186,2.6739202,0.0,1.6234449921722494,-0.6722162637043682,,1.7571136411165371,0.28699061486889776
2026-07-31,Milagros (Masbate),30.066194638609886,33.68480480276048,0.07568590342998505,-0.09155552834272385,8.69777561724186,1.9852266,34.13798822012199,2.8305478177076853,-1.574755476322419,,3.23911342168458,0.27891107913799673
2026-08-01,Milagros (Masbate),29.84279914945364,33.64207888953388,0.0872829370200634,-0.0872829370200634,8.69777561724186,1.9103091,22.07314020238106,3.7039399982296564,-0.7595397044405662,,3.781014688295613,0.2708315434070957
2026-08-02,Milagros (Masbate),29.696310304105282,33.66496777161956,0.09949034079909325,-0.025635547935962677,8.69777561724186,1.729411,23.21591065814964,4.932366386047921,2.408626211910158,,5.4890544171939215,0.2627520076761947
2026-08-03,Milagros (Masbate),29.73659473657608,33.70311590842903,0.05249183624982834,0.017090365290641785,8.545183062553406,1.8549712,0.0,5.380784865883426,4.01462587642435,0.2546724719452937,6.713424364702123,0.2546724719452937
2026-08-04,Milagros (Masbate),29.845728926360607,33.74584182165563,0.027466658502817154,0.032959990203380585,8.545183062553406,2.9457958,0.0,5.287264107795795,3.753402142994623,,6.484071976206178,0.2594258835525018
2026-08-05,Milagros (Masbate),29.864772476255894,33.77330848015845,0.0317392498254776,0.021973326802253723,8.545183062553406,1.8801569,0.0,6.611005111642685,3.9111723031105563,,7.681318726025164,0.26417929515970984
2026-08-06,Milagros (Masbate),29.686056084930897,33.78246403299272,0.043946653604507446,0.010986663401126862,8.545183062553406,1.0188056,0.0,7.704681337205288,3.9387684583352143,,8.653092596075453,0.26893270676691794
2026-08-07,Milagros (Masbate),29.472914814949036,33.776360331103206,0.05737479776144028,0.005493331700563431,8.545183062553406,1.018758,15.68508042186559,8.22483066074921,4.23525958131282,,9.251230357044534,0.27368611837412604
2026-08-08,Milagros (Masbate),29.33521530032158,33.78093810752034,0.025025177747011185,0.023194067180156708,8.545183062553406,1.4723527,36.597589686240916,6.798176774759277,5.3668808512196495,,8.661328854861972,0.27843952998133414
2026-08-09,Milagros (Masbate),29.31177708506584,33.800775138661265,-0.014648884534835815,0.038453321903944016,8.545183062553406,1.4788259,0.0,5.100290285696368,5.984542883646581,,7.863060124695326,0.28319294158854225
2026-08-10,Milagros (Masbate),29.374767288565636,33.82213809527457,-0.024414807558059692,0.043946653604507446,8.545183062553406,0.906065,0.0,4.051930216773032,5.776978622648256,,7.056317771198608,0.2879463531957503
2026-08-11,Milagros (Masbate),29.464125484228134,33.84044920094311,-0.008545182645320892,0.04028443247079849,8.545183062553406,3.5380063,0.0,4.11569730490297,4.921925987708716,0.2926997648029584,6.4159426224108325,0.2926997648029584
2026-08-12,Milagros (Masbate),29.618671216070652,33.85876030661166,0.010986663401126862,0.038453321903944016,8.545183062553406,2.3515651,0.0,3.8571835550237346,4.393861078612575,,5.846698226802201,0.30307269899975914
2026-08-13,Milagros (Masbate),29.751976065337658,33.87096771039069,0.021973326802253723,0.03234962001442909,8.545183062553406,0.8197498,10.79603523463313,3.345100913747328,3.8432265131168535,,5.095104528297485,0.3134456331965599
2026-08-14,Milagros (Masbate),29.948271118104458,33.88927881605923,0.04211554303765297,0.029908139258623123,8.69777561724186,1.3530997,10.79603523463313,3.095503382356691,3.504849782466192,,4.67612159677601,0.3238185673933607
2026-08-15,Milagros (Masbate),30.094027519226074,33.90758992172778,0.06775109097361565,0.008545182645320892,8.69777561724186,2.3816283,0.0,5.004542512832784,2.790331809775115,,5.729868879075118,0.3341915015901614
2026-08-16,Milagros (Masbate),30.10061951726675,33.9274269528687,0.05615405738353729,0.01342814415693283,8.545183062553406,3.1090038,18.426791504478842,5.448205138070829,3.463393625658066,0.34456443578696216,6.455852742492684,0.34456443578696216
2026-08-17,Milagros (Masbate),29.89187291264534,33.91827140003443,0.03234962001442909,0.017700735479593277,8.545183062553406,3.1090038,17.224419624761925,5.798747062169548,4.1160806811161255,,7.11108906317994,
2026-08-18,Milagros (Masbate),29.70802941173315,33.92895287834108,-0.0024414807558059692,0.03479110077023506,8.545183062553406,3.1674855,19.917810289177883,3.7395433422528517,6.12107557496233,,7.172987564675408,
2026-08-19,Milagros (Masbate),29.730002738535404,33.948789909482,0.006103701889514923,0.036011841148138046,8.545183062553406,3.7108076,0.3737273851133746,2.3383585446173796,3.931283793602368,,4.574157075246295,
2026-08-20,Milagros (Masbate),30.056672863662243,33.97167879156768,0.05249183624982834,0.031128879636526108,8.69777561724186,3.6180139,0.0011398023406221222,3.0801568799077916,2.622059253291246,,4.045066270484768,
2026-08-21,Milagros (Masbate),30.16653949767351,33.98693804629147,0.06836146116256714,0.006714072078466415,8.69777561724186,0.9510626,0.026424973054541535,4.308112857066464,2.3440004444569844,,4.904505527862714,
2026-08-22,Milagros (Masbate),30.203894153237343,34.00219730101526,0.056764427572488785,0.014038514345884323,8.545183062553406,0.837612,2.756880451409376,4.65286403176821,2.5871423876407524,,5.323762713725117,
2026-08-23,Milagros (Masbate),30.310098566114902,34.018982481211424,0.05310220643877983,0.01892147585749626,8.545183062553406,0.6404573,0.0,3.9596521635772315,2.7274088213577463,,4.8080769685334594,
2026-08-24,Milagros (Masbate),30.352580331265926,34.03576766140759,0.03479110077023506,0.024414807558059692,8.545183062553406,1.8068691,0.0,3.9349106115802943,2.747107054528956,,4.798970586508107,
2026-08-25,Milagros (Masbate),30.35770744085312,34.043397288769484,0.022583696991205215,0.02868739888072014,8.545183062553406,1.8075073,4.636910286201183,3.39153679995108,2.96353536562256,,4.503894284807099,
2026-08-26,Milagros (Masbate),30.325834274291992,34.12285614013672,-0.0035640413407236338,0.03977605700492859,8.541186332702637,3.1001453,3.8827917024523444,3.89154690551303,3.485689642722996,,5.224382222157411,
2026-08-27,Milagros (Masbate),30.21862030029297,34.11012268066406,0.0051606218330562115,0.02158399485051632,8.541186332702637,2.1846085,22.79123460448538,4.615110663801295,3.9969395582414933,,6.105306894118275,
2026-08-28,Milagros (Masbate),30.021028518676758,34.123897552490234,0.009085561148822308,0.020801570266485214,8.541186332702637,2.1883948,3.7440001326206973,4.69411145772317,4.513359231374404,,6.511919373653247,
2026-08-29,Milagros (Masbate),29.937191009521484,34.144927978515625,0.018820378929376602,0.017298052087426186,8.541186332702637,1.4454346,7.7120135280229976,4.377615832908308,4.231506784619418,,6.088445618448905,
2026-08-30,Milagros (Masbate),29.96030044555664,34.16462326049805,0.002387791872024536,0.020489303395152092,8.541186332702637,1.3959073,1.1807553192664835,4.620863127941369,3.9853393318323147,,6.1020738800032355,
2026-08-31,Milagros (Masbate),29.939855575561523,34.18381118774414,-0.016314834356307983,0.024148697033524513,8.541186332702637,1.023407,1.1226914503269698,4.212073732187257,4.4135371457797685,,6.100891349840588,
2026-09-01,Milagros (Masbate),30.040908813476562,34.20240020751953,-0.01977655477821827,0.03629861772060394,8.541186332702637,1.5572482,,3.627985117847952,4.752744521890403,,5.979201995725304,
2026-09-02,Milagros (Masbate),30.12347412109375,34.22382354736328,-0.04627383500337601,0.049227360635995865,8.541186332702637,1.6019408,,4.216652326321949,5.1354247812803315,,6.644753157587153,
2026-09-03,Milagros (Masbate),30.141963958740234,34.24748992919922,-0.031169455498456955,0.034673891961574554,8.541186332702637,2.9486477,,4.415151886595553,4.4590897586897915,,6.27511335816019,
2026-09-04,Milagros (Masbate),30.137779235839844,34.24727249145508,0.0023085258435457945,0.0242532379925251,8.541186332702637,0.6195802,,5.0549599053043694,3.648046021938728,,6.233847882521496,
2026-09-05,Milagros (Masbate),30.122013092041016,34.2490119934082,0.0528407096862793,-0.002952571026980877,8.541186332702637,0.6219172,,5.283605290317601,3.760897232758209,,6.485432357155573,
2026-09-06,Milagros (Masbate),30.11028289794922,34.2635612487793,0.06865402311086655,-0.011811205185949802,8.541186332702637,0.5428986,,5.298122841795185,2.9086390258404036,,6.04402900633292,
2026-09-07,Milagros (Masbate),30.153627395629883,34.2740478515625,0.07990619540214539,-0.014449864625930786,8.541186332702637,0.5300144,,6.123051272070275,2.7619266647936347,,6.7171419355332596,
