Date,Location_Name,thetao,so,uo,vo,mlotst,CHL,precip_mm_day,wind_u_ms,wind_v_ms,NDVI_raw,wind_speed_ms,NDVI_daily
2015-01-01,San Pedro Bay,27.169377721846104,33.73668626882136,-0.1672414317727089,-0.05798516795039177,12.665182039141655,5.417682,0.0,-2.848167116590364,-1.5298328326390953,,3.2330240363856295,
2015-01-02,San Pedro Bay,27.096865743398666,33.77025662921369,-0.18616290763020515,-0.08484145626425743,14.343700140714645,5.448202,161.1276397705078,-3.8510432815431757,-2.438388882468762,,4.558099900009442,
2015-01-03,San Pedro Bay,27.06537064164877,33.79467143677175,-0.1666310615837574,-0.07629627361893654,14.343700140714645,4.115554,0.0,-3.322217332637029,-2.1516431258588335,,3.9581177529640863,
2015-01-04,San Pedro Bay,27.129825733602047,33.814508467912674,-0.1501510664820671,-0.06469924002885818,13.428144812583923,5.145324,0.0,-2.923403020773245,-1.644689917872304,,3.3542942846173975,
2015-01-05,San Pedro Bay,27.22943814843893,33.83129364810884,-0.1434369944036007,-0.06164738908410072,13.428144812583923,4.8904634,0.0,-2.610989074145211,-1.6991217066037025,,3.115169099608807,
2015-01-06,San Pedro Bay,27.341502115130424,33.85113067924976,-0.12390514835715294,-0.05310220643877983,13.27555225789547,1.2977562,0.0,-1.0179982978039623,-2.3499068388189492,,2.5609339478908533,
2015-01-07,San Pedro Bay,27.37226477265358,33.861812157556415,-0.12085329741239548,-0.05310220643877983,13.73332992196083,1.0074289,18.30647087097168,-1.9789160728075623,-2.255717890761105,,3.0007285825138927,
2015-01-08,San Pedro Bay,27.244819477200508,33.86486400850117,-0.14526810497045517,-0.07263405248522758,14.343700140714645,0.82862127,18.30647087097168,-2.6467835122966266,-3.3051005946507437,,4.234283044592788,
2015-01-09,San Pedro Bay,27.071230195462704,33.88317511416972,-0.16296884045004845,-0.08667256683111191,14.343700140714645,0.79771924,0.0,-3.1851596381381784,-3.9318614478332017,,5.060116240303333,
2015-01-10,San Pedro Bay,26.93426312506199,33.919797325506806,-0.1422162540256977,-0.07324442267417908,14.343700140714645,0.78822654,0.0,-2.5521379664399166,-2.9885476295565434,,3.9299904750357992,
2015-01-11,San Pedro Bay,26.842707596719265,33.957945462316275,-0.13672292232513428,-0.07080294191837311,14.343700140714645,0.9924488,0.0,-2.904102610660647,-2.4979636210528056,,3.830617995225996,
2015-01-12,San Pedro Bay,26.76726584136486,33.97320471704006,-0.14770958572626114,-0.07751701399683952,14.343700140714645,1.6403531,131.14341735839844,-2.955130491345772,-2.187758828190054,,3.676830824392798,
2015-01-13,San Pedro Bay,26.780449837446213,33.97930841892958,-0.13611255213618279,-0.06836146116256714,14.343700140714645,1.9312748,0.0,-2.3286912406120126,-1.5900551389247286,,2.819765635460517,
2015-01-14,San Pedro Bay,26.94305245578289,33.98846397176385,-0.11169774457812309,-0.0555436871945858,13.122959703207016,1.9784424,0.0,-1.392887421811414,-1.5030439401969302,,2.0492136189287735,
2015-01-15,San Pedro Bay,27.068300418555737,33.9991454500705,-0.09155552834272385,-0.05005035549402237,13.580737367272377,2.4938295,0.0,0.10273801903826046,-3.3613596517713327,,3.3629293494083696,
2015-01-16,San Pedro Bay,27.058778643608093,33.993041748180985,-0.09033478796482086,-0.046388134360313416,14.343700140714645,2.5609264,82.59842681884766,1.9926979977750285,-3.9854740639523705,,4.455878008291254,
2015-01-17,San Pedro Bay,27.04559464752674,33.884701039642096,-0.06958220154047012,-0.015259254723787308,10.83407138288021,2.6869357,115.63780212402344,4.839115352849786,0.7675118192756989,,4.899603227906766,
2015-01-18,San Pedro Bay,27.32758567482233,33.85418253019452,-0.03662221133708954,0.01831110566854477,10.528886273503304,2.6794856,0.0,0.8798108313429298,-0.07530631539174061,,0.8830278252049691,
2015-01-19,San Pedro Bay,27.608111813664436,33.87859733775258,-0.03479110077023506,0.02136295661330223,10.528886273503304,2.6810133,0.0,-0.832962420785875,0.12685028425359798,,0.8425659553154777,
2015-01-20,San Pedro Bay,27.86300240457058,33.88775289058685,-0.08239997550845146,-0.009765923023223877,10.528886273503304,3.1287155,0.0,-0.468952527314008,0.17513238171787718,,0.5005874788689502,
2015-01-21,San Pedro Bay,28.01022369414568,33.88164918869734,-0.0555436871945858,-0.043336283415555954,10.83407138288021,2.7069504,36.49664306640625,-0.2273647381822134,-0.2882552045537539,,0.36713183888215545,
2015-01-22,San Pedro Bay,27.877651289105415,33.898434368893504,-0.05005035549402237,-0.027466658502817154,12.359996929764748,1.8745933,0.0,0.42782170324580093,-1.055182402564545,,1.1386137678993804,
2015-01-23,San Pedro Bay,27.772179320454597,33.896908443421125,-0.09582811966538429,-0.04577776417136192,14.038515031337738,1.6998546,0.0,-2.515572062011776,-2.1393931678323783,,3.3022879834657117,
2015-01-24,San Pedro Bay,27.612506479024887,33.88927881605923,-0.14587847515940666,-0.07019257172942162,14.343700140714645,0.709948,36.49664306640625,-3.828631723722139,-3.126644510458271,,4.943109018691617,
2015-01-25,San Pedro Bay,27.44257941842079,33.88927881605923,-0.1593066193163395,-0.06897183135151863,14.343700140714645,0.51561207,0.0,-3.07447096530756,-2.144247317552583,,3.7483554094229974,
2015-01-26,San Pedro Bay,27.363475441932678,33.89538251794875,-0.1501510664820671,-0.06042664870619774,14.191107586026192,0.5670274,0.0,-2.151743309601576,-1.9597034570404819,,2.910401503221087,
2015-01-27,San Pedro Bay,27.399365209043026,33.89538251794875,-0.12085329741239548,-0.04150517284870148,13.122959703207016,0.63908356,0.0,-1.4562315326612099,-0.9163981475879975,,1.7205800886966958,
2015-01-28,San Pedro Bay,27.47846918553114,33.884701039642096,-0.10193182155489922,-0.03784295171499252,12.512589484453201,0.5757244,0.0,-1.7652385453687094,-0.9473185075324957,,2.0033670349611503,
2015-01-29,San Pedro Bay,27.471877187490463,33.86791585944593,-0.09887997061014175,-0.04455702379345894,12.970367148518562,1.0963506,0.0,-2.6222455608141297,-1.0408666556904245,,2.8212719075157535,
2015-01-30,San Pedro Bay,27.416211426258087,33.849604753777385,-0.09949034079909325,-0.05310220643877983,13.580737367272377,0.5568845,0.0,-2.0981922999810947,-2.38965704332275,,3.1800741677517497,
2015-01-31,San Pedro Bay,27.26606035977602,33.84197512641549,-0.11169774457812309,-0.06103701889514923,14.343700140714645,0.50265414,0.0,-2.357910280172711,-3.3295984915593055,,4.079946936461081,
2015-02-01,San Pedro Bay,27.01629687845707,33.83281957358122,-0.1355021819472313,-0.07995849475264549,14.343700140714645,0.5022842,28.56441307067871,-3.490827180153567,-3.931281107025784,,5.25745618566211,
2015-02-02,San Pedro Bay,26.72258674353361,33.82213809527457,-0.1501510664820671,-0.0872829370200634,14.343700140714645,0.3911804,85.6932373046875,-2.69563858752551,-3.8174915678793737,,4.673297472383568,
2015-02-03,San Pedro Bay,26.51310769468546,33.823664020746946,-0.12451551854610443,-0.0714133121073246,14.343700140714645,0.6828865,0.0,-2.705958828640914,-2.8641948891804,,3.94028241951092,
2015-02-04,San Pedro Bay,26.441328160464764,33.83129364810884,-0.09033478796482086,-0.05371257662773132,14.343700140714645,0.86121887,0.0,-2.972074505951052,-1.6320476566405393,,3.390694091549703,
2015-02-05,San Pedro Bay,26.430341497063637,33.84350105188787,-0.06653035059571266,-0.04455702379345894,13.580737367272377,0.94221777,0.0,-2.010474642173085,-1.4589054573528877,,2.484031686656801,
2015-02-06,San Pedro Bay,26.42741172015667,33.8557084556669,-0.06591998040676117,-0.043946653604507446,13.580737367272377,1.7908131,0.0,-2.2656950166157697,-1.407019084806876,,2.6670351728704875,
2015-02-07,San Pedro Bay,26.4647663757205,33.861812157556415,-0.06836146116256714,-0.03906369209289551,13.122959703207016,1.7832437,0.0,-2.6379357970023816,-0.2674377414594226,,2.6514577527585663,
2015-02-08,San Pedro Bay,26.531418800354004,33.86638993397355,-0.05310220643877983,-0.0317392498254776,12.817774593830109,0.7023527,0.0,-1.6124898351038586,-0.11562552017221012,,1.61663005329864,
2015-02-09,San Pedro Bay,26.625171661376953,33.872493635863066,-0.036011841148138046,-0.02929776906967163,12.359996929764748,0.4965659,0.0,-0.5590350411966059,-0.9246904084015953,,1.0805427009959394,
2015-02-10,San Pedro Bay,26.646412543952465,33.8770714122802,-0.043336283415555954,-0.02929776906967163,12.665182039141655,0.23575625,0.0,-0.44124370837450044,-2.3592606711303947,,2.4001681033883275,
2015-02-11,San Pedro Bay,26.687429420650005,33.88012326322496,-0.06591998040676117,-0.02136295661330223,12.512589484453201,0.5895303,0.0,-0.9695879786178306,-0.9636162012663496,,1.3669883070543072,
2015-02-12,San Pedro Bay,26.858821369707584,33.861812157556415,-0.1031525619328022,-0.023194067180156708,10.986663937568665,0.7633636,0.0,-0.7151510992368505,0.6985554455273895,,0.9997103606623496,
2015-02-13,San Pedro Bay,26.850764483213425,33.86944178491831,-0.14526810497045517,-0.03418073058128357,11.59703415632248,0.35967377,0.0,-2.5582668991450155,1.0924688134732499,,2.781765201391502,
2015-02-14,San Pedro Bay,26.859553813934326,33.884701039642096,-0.15991698950529099,-0.05005035549402237,12.817774593830109,0.40957147,0.0,-3.802052612509648,0.660768189101166,,3.859043750467138,
2015-02-15,San Pedro Bay,26.896176025271416,33.91369362361729,-0.15564439818263054,-0.05615405738353729,13.27555225789547,1.2640259,0.0,-3.385679517220849,-1.0607704663088766,,3.5479655826292835,
2015-02-16,San Pedro Bay,26.91888179630041,33.96404916420579,-0.13367107138037682,-0.051271095871925354,13.885922476649284,1.2651315,0.0,-2.7192690552635,-1.6995340823906129,,3.2066868091725067,
2015-02-17,San Pedro Bay,26.94305245578289,34.018982481211424,-0.11413922533392906,-0.04516739398241043,13.428144812583923,0.77548337,0.0,-2.4208187501283196,-1.3903894983417069,,2.7916923860038274,
2015-02-18,San Pedro Bay,26.925473794341087,34.0708639472723,-0.11597033590078354,-0.05005035549402237,13.885922476649284,0.4700059,0.0,-3.003467106678619,-2.039486024670115,,3.630470755387673,
2015-02-19,San Pedro Bay,26.872005365788937,34.11816763691604,-0.12512588873505592,-0.05859553813934326,14.343700140714645,0.53785306,0.0,-3.5411981016099436,-1.8810149031811596,,4.009775687097159,
2015-02-20,San Pedro Bay,26.790704056620598,34.16699725203216,-0.13794366270303726,-0.06958220154047012,14.343700140714645,0.5166201,0.0,-3.783151797122754,-2.299972635111641,,4.427427203504933,
2015-02-21,San Pedro Bay,26.735770739614964,34.21887871809304,-0.119022186845541,-0.05859553813934326,14.343700140714645,1.2455245,0.0,-3.0369095610612216,-1.7670312941220434,,3.5135764224606936,
2015-02-22,San Pedro Bay,26.710135191679,34.26007870584726,-0.09216589853167534,-0.04516739398241043,13.885922476649284,1.3229715,0.0,-2.1583318707169084,-1.5041773381774197,,2.6307690755440425,
2015-02-23,San Pedro Bay,26.716727189719677,34.293649066239595,-0.07629627361893654,-0.03784295171499252,13.428144812583923,1.323015,0.0,-2.6623830427056996,-1.3089639250352154,,2.966760863826145,
2015-02-24,San Pedro Bay,26.819269381463528,34.32111572474241,-0.06775109097361565,-0.030518509447574615,12.817774593830109,0.60692924,0.0,-2.4661778275623525,-0.1993494492444355,,2.474221752405031,
2015-02-25,San Pedro Bay,26.93865779042244,34.33790090493858,-0.07690664380788803,-0.030518509447574615,12.665182039141655,0.4742428,0.0,-2.7814230074731876,-0.5100268922236451,,2.8277979732103393,
2015-02-26,San Pedro Bay,27.05291908979416,34.354686085134745,-0.11474959552288055,-0.04150517284870148,12.817774593830109,0.4462589,0.0,-2.9822222948216455,-0.8263923654935875,,3.094604038884033,
2015-02-27,San Pedro Bay,27.13934750854969,34.377574967220426,-0.16541032120585442,-0.05798516795039177,13.27555225789547,0.5619677,0.0,-3.6967067562970866,-1.65301979487365,,4.049458640892218,
2015-02-28,San Pedro Bay,27.22064881771803,34.408093476668,-0.1825006864964962,-0.06591998040676117,13.27555225789547,0.35890102,0.0,-3.439421483906494,-2.1493401469612086,,4.055771592594531,
2015-03-01,San Pedro Bay,27.293893240392208,34.440137911587954,-0.16235847026109695,-0.059205908328294754,13.122959703207016,0.65728563,0.0,-2.38675767777416,-2.1187110607557265,,3.191480655022455,
2015-03-02,San Pedro Bay,27.31147190183401,34.461500868201256,-0.14770958572626114,-0.054322946816682816,13.428144812583923,0.6455845,0.0,-2.381819174963794,-1.9941528864006017,,3.1063979649370523,
2015-03-03,San Pedro Bay,27.362742997705936,34.46913049556315,-0.13611255213618279,-0.04028443247079849,12.970367148518562,0.5167612,0.0,-2.4624494345853396,-0.12781555203066988,,2.465764391265022,
2015-03-04,San Pedro Bay,27.506302066147327,34.475234197452664,-0.13855403289198875,-0.04516739398241043,12.512589484453201,0.4470128,0.0,-2.4480136989070784,-0.5701035884478461,,2.513521269374466,
2015-03-05,San Pedro Bay,27.549516275525093,34.48133789934218,-0.13306070119142532,-0.051881466060876846,13.27555225789547,0.4641337,0.0,-2.2107285323289227,-1.6828479515463246,,2.7783624442604413,
2015-03-06,San Pedro Bay,27.624958030879498,34.48438975028694,-0.12451551854610443,-0.04699850454926491,12.970367148518562,0.4189598,0.0,-2.66797867998618,-1.0568289182716524,,2.8696685521774166,
2015-03-07,San Pedro Bay,27.702597118914127,34.48438975028694,-0.12329477816820145,-0.04943998530507088,12.970367148518562,0.55226964,0.0,-2.3844734657773192,-1.592682218952711,,2.86746409908899,
2015-03-08,San Pedro Bay,27.653523355722427,34.487441601231694,-0.1263466291129589,-0.05615405738353729,14.343700140714645,0.5220188,0.0,-2.9236801161861754,-2.043727260984738,,3.567173466356043,
2015-03-09,San Pedro Bay,27.680623792111874,34.49507122859359,-0.11169774457812309,-0.04821924492716789,13.27555225789547,0.6010456,0.0,-1.7660232008083807,-1.298758857510281,,2.1921707314337744,
2015-03-10,San Pedro Bay,27.63887447118759,34.499649005010724,-0.1110873743891716,-0.04943998530507088,13.73332992196083,0.61047816,0.0,-2.380525430454088,-1.5071073476743504,,2.8174942559750917,
2015-03-11,San Pedro Bay,27.56489760428667,34.50727863237262,-0.12512588873505592,-0.05737479776144028,14.343700140714645,0.61879236,0.0,-3.2482889335718723,-1.5429638344859895,,3.5961254692373013,
2015-03-12,San Pedro Bay,27.534134946763515,34.510330483317375,-0.12146366760134697,-0.05371257662773132,14.038515031337738,0.6330132,0.0,-2.4035478183011896,-1.257017885377782,,2.7124041142536335,
2015-03-13,San Pedro Bay,27.56123538315296,34.510330483317375,-0.11597033590078354,-0.04821924492716789,13.428144812583923,0.6040321,0.0,-2.6934582381637235,-1.3278946961477995,,3.003002098698815,
2015-03-14,San Pedro Bay,27.614703811705112,34.511856408789754,-0.119022186845541,-0.04943998530507088,13.122959703207016,0.2523906,0.0,-3.0140168211287848,-1.153984386562962,,3.2273793335271828,
2015-03-15,San Pedro Bay,27.627887807786465,34.51338233426213,-0.12512588873505592,-0.054322946816682816,13.580737367272377,0.24601987,0.0,-3.317286356923375,-1.1780252534985207,,3.5202460527227655,
2015-03-16,San Pedro Bay,27.657918021082878,34.51490825973451,-0.11169774457812309,-0.05066072568297386,13.428144812583923,0.23347539,0.0,-1.8226055048958294,-1.7844297155275022,,2.5507019104815334,
2015-03-17,San Pedro Bay,27.696737565100193,34.51796011067927,-0.0872829370200634,-0.039674062281847,13.122959703207016,0.28516516,0.0,-0.7897088955124371,-1.53692830951887,,1.7279435084087686,
2015-03-18,San Pedro Bay,27.835901968181133,34.51796011067927,-0.051271095871925354,-0.03357036039233208,12.665182039141655,0.6987945,0.0,0.5332800050833121,-1.0251662227142506,,1.1555748993535044,
2015-03-19,San Pedro Bay,27.91647083312273,34.511856408789754,-0.0317392498254776,-0.025635547935962677,12.512589484453201,0.41542292,0.0,0.7602367265957606,-0.49765134694615887,,0.9086345489702465,
2015-03-20,San Pedro Bay,28.1735587567091,34.49659715406597,-0.014648884534835815,-0.006103701889514923,11.291849046945572,0.26309758,0.0,0.36054930840748756,0.920051105859793,,0.9881750053441676,
2015-03-21,San Pedro Bay,28.290749832987785,34.49049345217645,-0.06714072078466415,0.004272591322660446,11.59703415632248,0.17665838,0.0,-2.057572867611527,1.192514490335933,,2.3781709179939723,
2015-03-22,San Pedro Bay,28.35740225762129,34.485915675759315,-0.1031525619328022,-0.028077028691768646,11.902219265699387,0.25552747,0.0,-1.8462908829795708,0.3736999932879115,,1.883730795404924,
2015-03-23,San Pedro Bay,28.31345560401678,34.4798119738698,-0.11963255703449249,-0.03479110077023506,12.665182039141655,0.5129812,0.0,-2.4643423728606857,-0.14998114141409535,,2.4689021190514033,
2015-03-24,San Pedro Bay,28.27610094845295,34.47676012292504,-0.13733329251408577,-0.048829615116119385,13.27555225789547,0.35938525,0.0,-3.3158859149597606,-0.6721181757869024,,3.383318229675069,
2015-03-25,San Pedro Bay,28.207983635365963,34.47828604839742,-0.15259254723787308,-0.06103701889514923,13.73332992196083,0.3548958,3.139517068862915,-4.267829584770625,-1.512866218134744,,4.5280385995060515,
2015-03-26,San Pedro Bay,28.082003228366375,34.475234197452664,-0.16846217215061188,-0.07507553324103355,14.343700140714645,0.1603619,5.680786609649658,-4.694352611231246,-1.1787495699550345,,4.8400823326925755,
2015-03-27,San Pedro Bay,27.992645032703876,34.46760457009077,-0.15381328761577606,-0.06530961021780968,14.191107586026192,0.12666805,0.0,-3.9369591943427698,-1.0587057892601492,,4.0768254372897825,
2015-03-28,San Pedro Bay,27.996307253837585,34.461500868201256,-0.13000885024666786,-0.05005035549402237,13.122959703207016,0.25625208,0.0,-3.7309693338318506,-1.0437815930481915,,3.8742240750865076,
2015-03-29,San Pedro Bay,28.028534799814224,34.45387124083936,-0.11963255703449249,-0.05066072568297386,13.122959703207016,0.31217158,0.0,-3.155623738959465,-1.6032210741068988,,3.539530900323515,
2015-03-30,San Pedro Bay,28.073946341872215,34.438611986115575,-0.11169774457812309,-0.04577776417136192,12.970367148518562,0.31302664,5.826000690460205,-3.0750816513729524,-1.1527781363662264,,3.284056119236484,
2015-03-31,San Pedro Bay,28.168431647121906,34.43403420969844,-0.10254219174385071,-0.04272591322660446,12.817774593830109,0.27336666,0.0,-3.2625540724431636,-0.6683456649037497,,3.3303070434137307,
2015-04-01,San Pedro Bay,28.291482277214527,34.440137911587954,-0.09765923023223877,-0.04699850454926491,12.665182039141655,0.2403232,0.0,-2.0555624173282676,-1.5775146467242471,,2.591117386797047,
2015-04-02,San Pedro Bay,28.328104488551617,34.449293464422226,-0.07507553324103355,-0.039674062281847,12.817774593830109,0.2860424,0.0,-0.6985692065222722,-1.6273364887402402,,1.7709384472325882,
2015-04-03,San Pedro Bay,28.43577378988266,34.45692309178412,-0.031128879636526108,-0.025025177747011185,12.359996929764748,0.21158324,0.0,1.2265625462341612,-1.0098602195726865,,1.5887961930026844,
2015-04-04,San Pedro Bay,28.604235962033272,34.45997494272888,-0.005493331700563431,0.028077028691768646,11.749626711010933,0.25265154,8.273336410522461,-0.5508359964260701,1.2635821819905455,,1.378426721158107,
2015-04-05,San Pedro Bay,28.667958609759808,34.46913049556315,-0.09460737928748131,-0.012207403779029846,11.749626711010933,0.34245238,0.0,-2.5090859739881015,0.8598901007979016,,2.652343003895621,
2015-04-06,San Pedro Bay,28.678212828934193,34.4798119738698,-0.13061922043561935,-0.04211554303765297,12.665182039141655,0.29119042,0.0,-2.9385344654813146,-0.6362722756981227,,3.006630541593633,
2015-04-07,San Pedro Bay,28.66136661171913,34.49659715406597,-0.14038514345884323,-0.04516739398241043,13.122959703207016,0.2832267,0.0,-2.782668075266876,-1.0793785058044347,,2.984677465975524,
2015-04-08,San Pedro Bay,28.643055506050587,34.51643418520689,-0.1355021819472313,-0.03906369209289551,13.122959703207016,0.23727049,0.0,-1.9181768198946207,-0.7355953105846551,,2.0543862278878273,
2015-04-09,San Pedro Bay,28.64012572914362,34.533219365403056,-0.12939848005771637,-0.04150517284870148,12.970367148518562,0.1775835,0.0,-1.8765639548854682,-1.2985638337653556,,2.282051775735767,
2015-04-10,San Pedro Bay,28.667226165533066,34.54390084370971,-0.12878810986876488,-0.04028443247079849,12.817774593830109,0.3510684,0.0,-2.188497216664085,-1.275936525004914,,2.533285235260345,
2015-04-11,San Pedro Bay,28.69286171346903,34.55305639654398,-0.1269569993019104,-0.043946653604507446,12.817774593830109,0.87411463,0.0,-2.3472248817391805,-1.3566158257917789,,2.711064577660263,
2015-04-12,San Pedro Bay,28.675283052027225,34.54084899276495,-0.12207403779029846,-0.03784295171499252,12.817774593830109,0.78109884,0.0,-2.3840747783022835,-1.1637619137803452,,2.6529520049376645,
2015-04-13,San Pedro Bay,28.769768357276917,34.51643418520689,-0.11230811476707458,-0.03479110077023506,12.05481182038784,0.3574984,0.0,-1.7275545110259758,0.19380261958202027,,1.7383912229193554,
2015-04-14,San Pedro Bay,28.919919423758984,34.5011749304831,-0.1110873743891716,-0.038453321903944016,11.902219265699387,0.3963128,0.0,-1.5924206567020622,-0.3595374715163208,,1.6325044383755212,
2015-04-15,San Pedro Bay,28.826899006962776,34.49507122859359,-0.12329477816820145,-0.029908139258623123,12.665182039141655,0.38976818,0.0,-2.9600720920028403,0.20635950780086976,,2.967256483068811,
2015-04-16,San Pedro Bay,28.91039764881134,34.49049345217645,-0.14160588383674622,-0.039674062281847,12.512589484453201,0.35634705,0.0,-3.0800006149446615,-0.40823041510049835,,3.1069367325184816,
2015-04-17,San Pedro Bay,28.88549454510212,34.47676012292504,-0.1428266242146492,-0.03784295171499252,12.817774593830109,1.5066633,0.0,-2.708834373822267,-0.030044541350105175,,2.7090009854678923,
2015-04-18,San Pedro Bay,28.929441198706627,34.46455271914601,-0.13855403289198875,-0.02868739888072014,12.665182039141655,1.4109595,48.45585250854492,-2.5436256905645482,0.8674269557449235,,2.6874637071508296,
2015-04-19,San Pedro Bay,28.988769181072712,34.45387124083936,-0.12329477816820145,-0.017700735479593277,12.359996929764748,1.5414261,0.0,-2.7332448882925267,1.1831654881205702,,2.978339838174417,
2015-04-20,San Pedro Bay,29.179204680025578,34.449293464422226,-0.10498367249965668,-0.0006103701889514923,11.902219265699387,1.5349258,0.0,-2.2642740030716295,1.1076269111172856,,2.5206693823699373,
2015-04-21,San Pedro Bay,29.280281983315945,34.44471568800509,-0.10864589363336563,-0.02685628831386566,12.05481182038784,1.0489882,0.0,-2.683726805347079,0.04786631574503786,,2.684153637540415,
2015-04-22,San Pedro Bay,29.201910451054573,34.44318976253271,-0.10681478306651115,-0.038453321903944016,12.970367148518562,1.0153329,0.0,-3.173065598496255,-0.725671737073581,,3.2549876746844655,
2015-04-23,San Pedro Bay,29.18433178961277,34.437086060643196,-0.10376293212175369,-0.03906369209289551,13.122959703207016,0.9001614,0.0,-2.862944299223029,-1.1123778044336625,,3.0714547758758055,
2015-04-24,San Pedro Bay,29.197515785694122,34.4294564332813,-0.09887997061014175,-0.040894802659749985,12.970367148518562,0.82729816,0.0,-2.1013562453646593,-1.2538590143986814,,2.4470105226422487,
2015-04-25,San Pedro Bay,29.23340555280447,34.424878656864166,-0.09582811966538429,-0.03662221133708954,12.970367148518562,0.3355878,0.0,-2.532107947117304,-1.0521302558829575,,2.7419972157533175,
2015-04-26,San Pedro Bay,29.28174687176943,34.42335273139179,-0.09643848985433578,-0.03418073058128357,12.817774593830109,0.2729983,0.0,-2.222528257798862,-0.8492714633246243,,2.37926330512871,
2015-04-27,San Pedro Bay,29.341074854135513,34.42030088044703,-0.09643848985433578,-0.029908139258623123,12.665182039141655,0.27528465,0.0,-2.2513705634527614,-0.5950351753837424,,2.3286769363579753,
2015-04-28,San Pedro Bay,29.546159237623215,34.415723104029894,-0.08606219664216042,-0.036011841148138046,12.05481182038784,0.31644502,0.0,-1.3551531172136622,-0.4945436750344785,,1.44257180674326,
2015-04-29,San Pedro Bay,29.610614329576492,34.40961940214038,-0.08850367739796638,-0.03234962001442909,11.749626711010933,0.22384349,0.0,-1.0304381657739423,-0.30396476596607686,,1.0743357912833298,
2015-04-30,San Pedro Bay,29.631122767925262,34.40046384930611,-0.09582811966538429,-0.03234962001442909,12.05481182038784,0.22471423,15.826436042785645,-1.1850062104453867,-0.5625638533083838,,1.3117613379892368,
2015-05-01,San Pedro Bay,29.709494300186634,34.389782370999455,-0.11291848495602608,-0.02868739888072014,11.749626711010933,0.33259237,0.0,-1.6848702581365096,-0.2022108773347029,,1.6969611149538633,
2015-05-02,San Pedro Bay,29.810571603477,34.379100892692804,-0.12146366760134697,-0.022583696991205215,11.749626711010933,0.38640508,13.048952102661133,-1.4452511919864053,-0.22774900416758168,,1.4630859909237908,
2015-05-03,San Pedro Bay,30.01052887737751,34.37604904174805,-0.12146366760134697,-0.02136295661330223,11.291849046945572,0.63093245,0.0,-1.3566760568399605,0.16841972235836208,,1.3670900212063914,
2015-05-04,San Pedro Bay,30.04788353294134,34.38367866910994,-0.12024292722344398,-0.028077028691768646,11.902219265699387,0.73773706,0.0,-1.3700410217723753,0.015044619274562594,,1.3701236228560585,
2015-05-05,San Pedro Bay,30.242713697254658,34.39436014741659,-0.09460737928748131,-0.03234962001442909,11.749626711010933,1.1646779,0.0,-1.5351356970205143,-0.06251382140878321,,1.5364080142116514,
2015-05-06,San Pedro Bay,30.336466558277607,34.39588607288897,-0.09460737928748131,-0.028077028691768646,11.59703415632248,1.1751059,0.0,-1.33755762016973,0.09776736117410412,,1.3411259613418343,
2015-05-07,San Pedro Bay,30.348918110132217,34.40656755119562,-0.07690664380788803,-0.03234962001442909,12.05481182038784,1.175106,0.0,-1.0119067105609652,-0.750649610349884,,1.2599325491456856,
2015-05-08,San Pedro Bay,30.21854303777218,34.408093476668,-0.015259254723787308,-0.02075258642435074,12.817774593830109,0.8203604,8.088907241821289,2.1198844712604332,-0.7970164915656198,,2.2647616782608044,
2015-05-09,San Pedro Bay,30.234656810760498,34.40504162572324,0.04028443247079849,0.02929776906967163,12.512589484453201,0.42881384,4.0444536209106445,0.7681887751897051,1.6872510867637076,,1.8538959582761843,
2015-05-10,San Pedro Bay,30.229529701173306,34.40504162572324,-0.016479995101690292,0.027466658502817154,12.512589484453201,0.4227803,0.0,-1.7913267474291668,1.8664391748209934,,2.5869763642835295,
2015-05-11,San Pedro Bay,30.285927906632423,34.41724902950227,-0.08117923513054848,-0.005493331700563431,12.665182039141655,0.42771104,0.0,-2.7115780125312345,1.1597411078927977,,2.949178657758674,
2015-05-12,San Pedro Bay,30.351847887039185,34.4294564332813,-0.09826960042119026,-0.023194067180156708,12.817774593830109,0.46329823,0.0,-3.069413240512196,0.6375011881579391,,3.134917129037762,
2015-05-13,San Pedro Bay,30.31376078724861,34.44318976253271,-0.09643848985433578,-0.02624591812491417,13.27555225789547,0.22600292,0.0,-2.8010058381224456,-0.20408969686887027,,2.8084312898064736,
2015-05-14,San Pedro Bay,30.312295898795128,34.45997494272888,-0.10132145136594772,-0.031128879636526108,13.122959703207016,0.24440747,0.0,-2.7562160029680696,-0.007006618359032213,,2.756224908768896,
2015-05-15,San Pedro Bay,30.318887896835804,34.47218234650791,-0.09155552834272385,-0.02868739888072014,12.970367148518562,0.87331426,0.0,-1.889492743591164,-0.23578847589946927,,1.9041478496825446,
2015-05-16,San Pedro Bay,30.408246092498302,34.48438975028694,-0.07507553324103355,-0.030518509447574615,12.512589484453201,1.0419736,0.0,-1.1494652958324916,-0.540547401693943,,1.2702212247484097,
2015-05-17,San Pedro Bay,30.38700520992279,34.49049345217645,-0.06836146116256714,-0.020142216235399246,12.665182039141655,1.0434033,0.0,-1.468679468018605,0.005910090211448523,,1.468691359321529,
2015-05-18,San Pedro Bay,30.586230039596558,34.498123079538345,-0.06530961021780968,-0.005493331700563431,12.207404375076294,0.6253044,0.0,-1.2171875535356216,0.6093226888573117,,1.3611831910651615,
2015-05-19,San Pedro Bay,30.678518012166023,34.49507122859359,-0.05615405738353729,0.009155552834272385,11.902219265699387,1.5064301,0.0,-0.8688097794061153,0.9651373275203163,,1.2985840341559574,
2015-05-20,San Pedro Bay,30.62431713938713,34.49049345217645,-0.07995849475264549,0.012207403779029846,12.207404375076294,1.7375544,0.0,-1.7313252326565651,1.3388989487660075,,2.1886382652782137,
2015-05-21,San Pedro Bay,30.65727712959051,34.49201937764883,-0.10376293212175369,-0.0006103701889514923,12.359996929764748,1.1410106,0.0,-2.0928911165777717,1.2172205467335917,,2.4211193868210166,
2015-05-22,San Pedro Bay,30.70635089278221,34.498123079538345,-0.10925626382231712,-0.003662221133708954,12.665182039141655,0.6231072,0.0,-2.370054637353873,1.3733834648410237,,2.7392227228798562,
2015-05-23,San Pedro Bay,30.740043327212334,34.5011749304831,-0.08911404758691788,0.003662221133708954,12.512589484453201,0.52496433,0.0,-1.801070904998608,1.330574877246799,,2.2392601253076516,
2015-05-24,San Pedro Bay,30.87774284183979,34.499649005010724,-0.08301034569740295,0.007324442267417908,12.05481182038784,1.3017802,0.0,-1.4822633249237487,1.2935557167169567,,1.9673309220019712,
2015-05-25,San Pedro Bay,30.822077080607414,34.49507122859359,-0.06836146116256714,0.010986663401126862,12.512589484453201,2.5914824,0.0,-1.6051042794123322,1.4804328456210165,,2.1835844747069717,
2015-05-26,San Pedro Bay,30.97149570286274,34.49659715406597,-0.08850367739796638,-0.003662221133708954,12.207404375076294,1.240437,0.0,-1.4999180265795877,0.6235960705152879,,1.6243848514500843,
2015-05-27,San Pedro Bay,31.025696575641632,34.49201937764883,-0.08423108607530594,-0.009155552834272385,12.05481182038784,1.6072762,0.0,-0.8544201566901568,0.4493472960873372,,0.96537391546459,
2015-05-28,San Pedro Bay,31.145817428827286,34.487441601231694,-0.07751701399683952,-0.009155552834272385,11.749626711010933,1.5015533,0.0,-1.0246311217572124,0.6927072683291148,,1.2368153844731344,
2015-05-29,San Pedro Bay,31.2249214053154,34.487441601231694,-0.07812738418579102,0.0,11.902219265699387,1.4440614,0.0,-1.8262920039830222,0.8879374564187451,,2.030708105642885,
2015-05-30,San Pedro Bay,31.221991628408432,34.485915675759315,-0.07812738418579102,0.003662221133708954,12.05481182038784,1.5206653,0.0,-1.6519359737936652,0.5022819535417566,,1.7266092848028323,
2015-05-31,San Pedro Bay,31.185369417071342,34.49201937764883,-0.079348124563694,-0.001831110566854477,12.512589484453201,0.79695874,8.61644458770752,-2.2628289682595604,0.3445729110341837,,2.2889135917751893,
2015-06-01,San Pedro Bay,31.125308990478516,34.49507122859359,-0.0872829370200634,-0.009765923023223877,13.122959703207016,0.8771976,0.0,-2.54270997992635,0.7114417800856582,,2.640364264352271,
2015-06-02,San Pedro Bay,31.14801476150751,34.49354530312121,-0.09033478796482086,-0.012817773967981339,12.665182039141655,0.9995293,0.0,-2.085365496010834,0.48419278798904536,,2.140839066322622,
2015-06-03,San Pedro Bay,31.18903163820505,34.4798119738698,-0.07873775437474251,-0.01037629321217537,12.207404375076294,0.5650641,0.0,-0.8877287578626977,-0.11089709981623626,,0.8946287019116368,
2015-06-04,San Pedro Bay,31.09820855408907,34.47065642103553,-0.08484145626425743,-0.01342814415693283,12.512589484453201,0.4335227,0.0,-1.5810511161005334,0.14040969918836735,,1.5872736107391536,
2015-06-05,San Pedro Bay,31.010315246880054,34.45997494272888,-0.06164738908410072,0.007324442267417908,12.817774593830109,0.50076425,34.080562591552734,-1.138777346743346,0.7667549476298886,,1.3728535956797172,
2015-06-06,San Pedro Bay,31.006653025746346,34.45539716631174,-0.056764427572488785,0.01342814415693283,12.665182039141655,0.49199584,0.0,-1.3218336929603243,0.9045489961970398,,1.6017032179421382,
2015-06-07,San Pedro Bay,31.11505477130413,34.45234531536698,-0.08362071588635445,0.0006103701889514923,12.05481182038784,0.5951141,0.0,-1.674773778700025,1.014380348969062,,1.958018054614348,
2015-06-08,San Pedro Bay,31.18903163820505,34.43098235875368,-0.1031525619328022,-0.006103701889514923,11.59703415632248,0.38156635,0.0,-2.0045864321994613,0.6728659612989261,,2.1145012097496876,
2015-06-09,San Pedro Bay,31.0777001157403,34.43250828422606,-0.07385479286313057,0.0030518509447574615,12.665182039141655,0.6485496,0.0,-1.5822502215561214,0.7243008914076893,,1.740151586761443,
2015-06-10,San Pedro Bay,31.198553413152695,34.426404582336545,-0.08972441777586937,-0.011597033590078354,12.05481182038784,0.58244544,0.0,-1.6572829166369156,0.4861967914175046,,1.7271288272046292,
2015-06-11,San Pedro Bay,31.13995787501335,34.424878656864166,-0.09216589853167534,-0.02075258642435074,12.512589484453201,0.22081982,0.0,-1.7089579588719983,0.08210339547940554,,1.7109290671273296,
2015-06-12,San Pedro Bay,31.129703655838966,34.41724902950227,-0.09033478796482086,-0.006714072078466415,12.665182039141655,0.37465617,0.0,-2.403529866940691,0.4640558349572236,,2.447918225601865,
2015-06-13,San Pedro Bay,31.104800552129745,34.408093476668,-0.08911404758691788,-0.012207403779029846,12.665182039141655,0.37276936,13.044833183288574,-2.1497795900309105,0.39098502183656864,,2.1850449819200546,
2015-06-14,San Pedro Bay,31.04474012553692,34.39741199836135,-0.08362071588635445,-0.003662221133708954,12.970367148518562,0.3806163,26.08966636657715,-2.3125100772865124,0.4764948331944176,,2.3610908884692785,
2015-06-15,San Pedro Bay,31.01324502378702,34.377574967220426,-0.08423108607530594,-0.0012207403779029846,12.665182039141655,0.42473078,13.044833183288574,-2.3823798234924296,0.7616045961428008,,2.5011547701511114,
2015-06-16,San Pedro Bay,30.9304788261652,34.354686085134745,-0.06653035059571266,0.0024414807558059692,12.817774593830109,0.44866505,0.0,-1.613799843806148,0.8763654916221257,,1.8364003950050867,
2015-06-17,San Pedro Bay,31.186834305524826,34.305856470018625,-0.0079348124563694,-0.009765923023223877,10.528886273503304,0.5551911,4.216363430023193,0.0243791871626998,0.11852625641840817,,0.12100751310260115,
2015-06-18,San Pedro Bay,31.04474012553692,34.30890832096338,0.006714072078466415,-0.003662221133708954,11.444441601634026,0.55523485,8.432726860046387,0.5989086189777839,-0.004427490017099707,,0.5989249840787474,
2015-06-19,San Pedro Bay,30.847712628543377,34.3150120228529,0.03234962001442909,-0.005493331700563431,12.512589484453201,0.5724299,16.865453720092773,1.1788557831897934,-0.43431418732670235,,1.2563159518502005,
2015-06-20,San Pedro Bay,30.662404239177704,34.30433054454625,0.038453321903944016,0.0158696249127388,13.122959703207016,0.5722453,12.649091720581055,1.4193494741044557,-0.03251613855472469,,1.419721884351687,
2015-06-21,San Pedro Bay,30.592089593410492,34.305856470018625,0.03357036039233208,0.012207403779029846,13.122959703207016,0.53490454,7.65266227722168,0.766246785801115,-0.16655019805386997,,0.7841384477388692,
2015-06-22,San Pedro Bay,30.7341837733984,34.30890832096338,0.009155552834272385,0.01342814415693283,12.05481182038784,0.34387147,15.30532455444336,-0.20341092140060824,0.6427105093201279,,0.6741311457984882,
2015-06-23,San Pedro Bay,30.99273658543825,34.26770833320916,-0.04272591322660446,-0.02929776906967163,10.528886273503304,0.32260272,7.65266227722168,0.5151621215161415,-0.3353985928172221,,0.6147228867618193,
2015-06-24,San Pedro Bay,30.811090417206287,34.27991573698819,-0.11230811476707458,-0.02868739888072014,11.139256492257118,0.31910524,22.957990646362305,-0.30567352698649686,-0.37645538136362044,,0.48492778767358086,
2015-06-25,San Pedro Bay,30.866756178438663,34.25092315301299,-0.08362071588635445,-0.04272591322660446,11.291849046945572,0.35877421,38.26331329345703,-0.09333094783757441,-0.1686578924525328,,0.19275930719628082,
2015-06-26,San Pedro Bay,30.925351716578007,34.24176760017872,-0.09338663890957832,-0.028077028691768646,11.444441601634026,0.3491142,31.815364837646484,0.5871925249155944,-0.830688960615851,,1.017270470723393,
2015-06-27,San Pedro Bay,30.937070824205875,34.23718982376158,-0.08301034569740295,-0.03906369209289551,11.59703415632248,0.30938637,27.270313262939453,0.38052598993796705,-0.906945484885712,,0.9835395983756064,
2015-06-28,San Pedro Bay,30.892391726374626,34.209723165258765,-0.05066072568297386,-0.04272591322660446,11.444441601634026,0.30246335,23.86152458190918,1.005721255496398,-1.309961285146785,,1.6515065280950807,
2015-06-29,San Pedro Bay,30.743705548346043,34.21582686714828,-0.0012207403779029846,-0.01831110566854477,12.512589484453201,0.3040654,7.953841209411621,1.8202087012132488,-1.0012370376320376,,2.0774107252776473,
2015-06-30,San Pedro Bay,30.555467382073402,34.22498241998255,0.027466658502817154,0.014038514345884323,13.428144812583923,0.28949973,0.0,1.8102619650822007,-0.08102296028589444,,1.8120742540847383,
2015-07-01,San Pedro Bay,30.395794540643692,34.232612047344446,0.05798516795039177,0.035401470959186554,13.27555225789547,0.26908758,4.689131736755371,2.156648547051403,0.554598992467282,,2.2268167858952053,
2015-07-02,San Pedro Bay,30.10794395953417,34.244819451123476,0.07873775437474251,0.05066072568297386,14.496292695403099,0.35329545,7.033698081970215,3.3415356023444733,1.3712210248294936,,3.61193954554476,
2015-07-03,San Pedro Bay,29.806909382343292,34.26618240773678,0.09643848985433578,0.06653035059571266,14.343700140714645,0.3483333,14.06739616394043,2.993509674823887,2.495549198388817,,3.897289567743624,
2015-07-04,San Pedro Bay,29.584246337413788,34.2860194388777,0.09826960042119026,0.06530961021780968,14.343700140714645,0.30388287,0.0,2.4483624579646084,3.4365318483276495,,4.2195058798561655,
2015-07-05,San Pedro Bay,29.404065057635307,34.31348609738052,0.09399700909852982,0.059205908328294754,14.343700140714645,0.32399243,4.689131736755371,2.1697548316072828,2.7673628778045196,,3.5165513399826342,
2015-07-06,San Pedro Bay,29.321298860013485,34.34858238324523,0.08239997550845146,0.0476088747382164,14.343700140714645,0.3380319,0.0,2.3720242636544366,1.6142539616112395,,2.869201101342141,
2015-07-07,San Pedro Bay,29.30664997547865,34.379100892692804,0.08239997550845146,0.04577776417136192,13.580737367272377,0.34590146,0.0,2.461731506811956,1.4750941652155487,,2.869847523455492,
2015-07-08,San Pedro Bay,29.28614153712988,34.403515700250864,0.08911404758691788,0.05310220643877983,13.428144812583923,0.34778932,0.0,2.3628113866365545,2.1884855614947094,,3.2206127835693272,
2015-07-09,San Pedro Bay,29.15942868590355,34.41877495497465,0.0872829370200634,0.05737479776144028,14.343700140714645,0.36008537,5.163267612457275,1.6954636436415413,2.8372691049663605,,3.305252326359799,
2015-07-10,San Pedro Bay,29.037842944264412,34.43250828422606,0.07507553324103355,0.04943998530507088,14.343700140714645,0.38126943,2.5816338062286377,0.9506645553814226,2.6167548504465654,,2.784092140033118,
2015-07-11,San Pedro Bay,29.03711050003767,34.44318976253271,0.04455702379345894,0.03662221133708954,13.580737367272377,0.40461323,0.0,0.7572923002515269,2.202900742788142,,2.3294341181061116,
2015-07-12,San Pedro Bay,29.133793137967587,34.450819389894605,0.031128879636526108,0.032959990203380585,13.122959703207016,0.43666488,0.0,0.7157929996061235,1.2244892569596948,,1.4183559351216597,
2015-07-13,San Pedro Bay,29.276619762182236,34.4584490172565,0.021973326802253723,0.03357036039233208,12.665182039141655,0.36342925,0.0,0.4358201214190123,1.0653621513911908,,1.1510585093080843,
2015-07-14,San Pedro Bay,29.349131740629673,34.463026793673635,0.015259254723787308,0.0317392498254776,12.817774593830109,0.41295484,0.0,1.0497554367492907,1.2104061325620092,,1.6022076902600408,
2015-07-15,San Pedro Bay,29.382824175059795,34.473708271980286,0.011597033590078354,0.0317392498254776,13.122959703207016,0.43110752,0.0,1.1828360956420536,1.4963393795844757,,1.907388992326681,
2015-07-16,San Pedro Bay,29.431165494024754,34.48286382481456,-0.006103701889514923,0.035401470959186554,12.970367148518562,0.42978814,0.0,-0.1229801909387787,2.0387123489041974,,2.0424182159728717,
2015-07-17,San Pedro Bay,29.456068597733974,34.49049345217645,-0.014648884534835815,0.032959990203380585,13.122959703207016,0.4298254,0.0,-0.4578341075983875,1.9129575109219692,,1.9669820814316505,
2015-07-18,San Pedro Bay,29.54396190494299,34.499649005010724,-0.0238044373691082,0.031128879636526108,12.817774593830109,0.21921676,0.0,-0.8361992579878968,1.4786192390395916,,1.6986889218210408,
2015-07-19,San Pedro Bay,29.651631206274033,34.51338233426213,-0.05798516795039177,0.017700735479593277,12.512589484453201,0.17589785,0.0,-1.9335704414139792,0.99421993754022,,2.1742051274229692,
2015-07-20,San Pedro Bay,29.857448033988476,34.50727863237262,-0.11597033590078354,-0.0158696249127388,11.59703415632248,0.20359816,0.0,-1.394444690941896,0.3329286203296606,,1.4336378421102907,
2015-07-21,San Pedro Bay,30.08890040963888,34.46913049556315,-0.08911404758691788,-0.02136295661330223,10.528886273503304,0.2720812,7.846498966217041,0.2997543861458765,0.5630175387893296,,0.6378412349465072,
2015-07-22,San Pedro Bay,29.958525337278843,34.4798119738698,-0.04211554303765297,0.01892147585749626,11.59703415632248,0.2933073,7.846498966217041,0.32729685913688245,0.6261548956022082,,0.7065360481160748,
2015-07-23,San Pedro Bay,29.909451574087143,34.5011749304831,-0.014038514345884323,0.015259254723787308,12.512589484453201,0.22686,0.0,0.5255166355746734,0.21049522895656347,,0.5661059756610949,
2015-07-24,San Pedro Bay,29.951933339238167,34.498123079538345,-0.019531846046447754,0.02136295661330223,12.512589484453201,0.2285402,0.0,0.2484546387003735,0.2563284882268129,,0.3569789928950673,
2015-07-25,San Pedro Bay,30.056672863662243,34.487441601231694,-0.04455702379345894,0.01892147585749626,12.207404375076294,0.20604311,7.846498966217041,-0.48088637711441407,0.4303593638322394,,0.6453378105553061,
2015-07-26,San Pedro Bay,30.07205419242382,34.46607864461839,-0.09949034079909325,0.005493331700563431,12.05481182038784,0.20376533,0.0,-0.901805587016681,0.6246928858025926,,1.0970389775877938,
2015-07-27,San Pedro Bay,30.1050141826272,34.45997494272888,-0.09399700909852982,-0.006714072078466415,12.207404375076294,0.20873035,10.509841918945312,-0.6924542262148515,-0.2347687040940761,,0.7311697476132479,
2015-07-28,San Pedro Bay,30.282998129725456,34.463026793673635,-0.08606219664216042,-0.0317392498254776,11.902219265699387,0.28461865,0.0,0.08826700644237616,-0.35121842878323867,,0.3621400960170875,
2015-07-29,San Pedro Bay,30.27274391055107,34.44776753894985,-0.043336283415555954,-0.04028443247079849,12.05481182038784,0.57924575,0.0,0.5553408046141074,-0.8405733162207717,,1.007455661164217,
2015-07-30,San Pedro Bay,30.31669056415558,34.43556013517082,-0.08972441777586937,-0.03662221133708954,11.749626711010933,0.5310976,10.509841918945312,-0.26123693016350874,-0.612750506967936,,0.6661140423911783,
2015-07-31,San Pedro Bay,30.338663890957832,34.41877495497465,-0.08789330720901489,-0.035401470959186554,11.749626711010933,0.2512283,5.254920959472656,-0.7412653114000007,-0.23440848528071664,,0.7774455607028316,
2015-08-01,San Pedro Bay,30.52104250341654,34.408093476668,-0.01037629321217537,-0.014648884534835815,11.291849046945572,0.2842674,0.0,0.39696472405961,0.07246411989142433,,0.4035245231945154,
2015-08-02,San Pedro Bay,30.545213162899017,34.403515700250864,0.0,0.0024414807558059692,11.444441601634026,0.3155386,0.0,0.5660717279060417,0.09636133435120037,,0.5742148621313067,
2015-08-03,San Pedro Bay,30.46391185373068,34.39741199836135,0.003662221133708954,-0.001831110566854477,12.207404375076294,0.3197694,0.0,0.7977984784825669,-0.11152341990480676,,0.8055556377162055,
2015-08-04,San Pedro Bay,30.338663890957832,34.38367866910994,0.011597033590078354,0.008545182645320892,12.665182039141655,0.29716808,0.0,1.5697091799539022,0.2800757483746313,,1.5944997129065788,
2015-08-05,San Pedro Bay,30.082308411598206,34.377574967220426,0.051271095871925354,0.0476088747382164,14.343700140714645,0.29039255,12.444326400756836,2.7460358746202274,1.1431028198205808,,2.974457443195824,
2015-08-06,San Pedro Bay,29.791528053581715,34.365367563441396,0.08117923513054848,0.06469924002885818,14.343700140714645,0.33632785,5.616447448730469,3.258470553216165,2.539045500482138,,4.1309057602050725,
2015-08-07,San Pedro Bay,29.582781448960304,34.35926386155188,0.09216589853167534,0.062257759273052216,14.343700140714645,0.34920475,5.616447448730469,2.2706180809744074,3.4448220980420827,,4.125833946829048,
2015-08-08,San Pedro Bay,29.443617045879364,34.3577379360795,0.079348124563694,0.051271095871925354,14.343700140714645,0.34863377,0.0,1.2895700761802755,2.255131343601792,,2.5978083759728747,
2015-08-09,San Pedro Bay,29.4091921672225,34.35926386155188,0.043946653604507446,0.035401470959186554,14.191107586026192,0.34711263,0.0,-0.04097262381938869,1.4176192650440336,,1.41821124538153,
2015-08-10,San Pedro Bay,29.54029968380928,34.3577379360795,0.02868739888072014,0.027466658502817154,12.512589484453201,0.3432931,2.8082237243652344,-0.5118086789805286,0.7154843588839843,,0.8796965338612059,
2015-08-11,San Pedro Bay,29.721945852041245,34.34705645777285,-0.0079348124563694,0.0238044373691082,11.902219265699387,0.34261745,0.0,-1.1555826691288267,0.29616707567742623,,1.1929317842635518,
2015-08-12,San Pedro Bay,29.880886249244213,34.342478681355715,-0.03234962001442909,0.015259254723787308,11.902219265699387,0.6517047,0.0,-1.278981932946977,0.9037986164006485,,1.5660928209440563,
2015-08-13,San Pedro Bay,30.143833726644516,34.318063873797655,-0.07629627361893654,0.006103701889514923,11.444441601634026,0.41671017,0.0,-1.1909231735038495,1.0639763144959171,,1.5969795249147043,
2015-08-14,San Pedro Bay,30.323282562196255,34.3150120228529,-0.05737479776144028,0.0030518509447574615,11.291849046945572,0.5728206,0.0,0.10833622046721457,0.04356478160481965,,0.11676740496130139,
2015-08-15,San Pedro Bay,30.442670971155167,34.29975276812911,-0.09765923023223877,-0.02075258642435074,10.528886273503304,0.55249685,0.0,0.36969827353476664,-0.32216559151828167,,0.4903748380707471,
2015-08-16,San Pedro Bay,30.459517188370228,34.28449351340532,-0.0714133121073246,-0.05798516795039177,10.528886273503304,0.3258205,32.41874313354492,1.167074379206288,-0.7844734630234805,,1.4062223226744037,
2015-08-17,San Pedro Bay,30.412640757858753,34.27533796057105,-0.05249183624982834,-0.06469924002885818,10.528886273503304,0.33145788,10.806246757507324,1.6344063603030872,-0.8112019840806785,,1.8246459408815767,
2015-08-18,San Pedro Bay,30.255165249109268,34.29822684265673,-0.007324442267417908,-0.03723258152604103,11.444441601634026,0.34341404,0.0,2.432996278441073,-0.45040679836961656,,2.474335703764887,
2015-08-19,San Pedro Bay,30.050080865621567,34.33332312852144,0.039674062281847,0.029908139258623123,13.27555225789547,0.34139702,0.0,2.7296149149439386,0.9223934491428054,,2.88125098853015,
2015-08-20,San Pedro Bay,29.840601816773415,34.37147126533091,0.06103701889514923,0.059816278517246246,14.343700140714645,0.3386213,0.0,3.191665751482921,2.5258915338526338,,4.0702405715114,
2015-08-21,San Pedro Bay,29.600360110402107,34.40504162572324,0.07995849475264549,0.06897183135151863,14.343700140714645,1.1117092,11.113957405090332,2.6227947442024244,3.2576107247727335,,4.182233841426157,
2015-08-22,San Pedro Bay,29.47071748226881,34.426404582336545,0.07385479286313057,0.06042664870619774,14.343700140714645,1.2126864,0.0,1.7443455638565903,2.83585721114999,,3.3293884675984513,
2015-08-23,San Pedro Bay,29.45020904392004,34.43403420969844,0.043336283415555954,0.04577776417136192,14.191107586026192,1.2080054,0.0,0.652837642258118,2.283092746001,,2.374596697123856,
2015-08-24,San Pedro Bay,29.522721022367477,34.43556013517082,0.016479995101690292,0.03357036039233208,13.27555225789547,1.2079444,0.0,-0.21378613202032948,1.6302977658650821,,1.644255246495778,
2015-08-25,San Pedro Bay,29.65822320431471,34.427930507808924,0.004272591322660446,0.0238044373691082,12.665182039141655,1.1705527,0.0,-0.0007448835131016367,0.6969148457875369,,0.6969152438643558,
2015-08-26,San Pedro Bay,30.005401767790318,34.42335273139179,-0.005493331700563431,0.02624591812491417,11.291849046945572,0.7840577,0.0,0.167454628906816,-0.34114409664686385,,0.3800267719770862,
2015-08-27,San Pedro Bay,30.061067529022694,34.403515700250864,-0.06408886983990669,-0.03906369209289551,11.59703415632248,0.78250694,12.690350532531738,0.2561656898343411,-1.1667161469459855,,1.1945071905153146,
2015-08-28,San Pedro Bay,30.066194638609886,34.3363749794662,-0.06164738908410072,-0.040894802659749985,10.986663937568665,0.30196962,12.690350532531738,1.714978318442114,-0.730147678888873,,1.8639383749773888,
2015-08-29,San Pedro Bay,30.15775016695261,34.377574967220426,-0.02075258642435074,-0.012207403779029846,12.359996929764748,0.24934317,0.0,2.5047033976794815,-0.3425181792172244,,2.5280145991353415,
2015-08-30,San Pedro Bay,30.233924366533756,34.38367866910994,-0.01037629321217537,-0.003662221133708954,12.359996929764748,0.6945177,0.0,1.8042420093504299,-0.2260875438600117,,1.8183522226987623,
2015-08-31,San Pedro Bay,30.303506568074226,34.377574967220426,-0.0048829615116119385,0.007324442267417908,12.359996929764748,0.49521217,0.0,1.7652227684822897,-0.2627672016150873,,1.7846730862017568,
2015-09-01,San Pedro Bay,30.425092309713364,34.36994533985853,-0.024414807558059692,-0.006103701889514923,11.749626711010933,0.20637876,9.726526260375977,1.1265831275352292,-0.21243921771208354,,1.1464379461921086,
2015-09-02,San Pedro Bay,30.601611368358135,34.36078978702426,-0.08117923513054848,0.011597033590078354,11.59703415632248,0.24636292,0.0,0.030342534706524527,0.2237322581067797,,0.22578040820668063,
2015-09-03,San Pedro Bay,30.67705312371254,34.35621201060712,-0.10376293212175369,0.007324442267417908,11.59703415632248,0.23886563,0.0,-0.22831395095733228,0.39067190019048065,,0.45249507599551625,
2015-09-04,San Pedro Bay,30.920224606990814,34.330271277576685,-0.05859553813934326,-0.014038514345884323,10.528886273503304,0.34365746,29.179576873779297,0.8316224423676378,-0.4069622285840244,,0.9258585972726023,
2015-09-05,San Pedro Bay,31.040345460176468,34.31196017190814,-0.027466658502817154,-0.016479995101690292,11.139256492257118,0.3339863,9.726526260375977,1.3720054419295378,-0.30162896731174726,,1.404770076064342,
2015-09-06,San Pedro Bay,30.849909961223602,34.318063873797655,0.021973326802253723,0.001831110566854477,12.05481182038784,0.25242814,4.529496669769287,1.43479694439975,0.013326439836008034,,1.4348588312644426,
2015-09-07,San Pedro Bay,30.73857843875885,34.318063873797655,0.031128879636526108,0.025025177747011185,12.665182039141655,0.2840326,4.529496669769287,1.8110476420315555,0.836718769805843,,1.9949916945825765,
2015-09-08,San Pedro Bay,30.61113314330578,34.32569350115955,0.02136295661330223,0.029908139258623123,13.122959703207016,0.28591692,0.0,1.5531234938274574,0.5778765234380964,,1.6571463011513825,
2015-09-09,San Pedro Bay,30.5869624838233,34.330271277576685,0.019531846046447754,0.01892147585749626,12.817774593830109,0.24076296,0.0,1.8624194039280932,0.003255847953267345,,1.8624222498332028,
2015-09-10,San Pedro Bay,30.592822037637234,34.316537948325276,0.017700735479593277,0.0024414807558059692,12.512589484453201,0.2420536,4.529496669769287,2.258395019481731,-0.36293135019191586,,2.28737124861095,
2015-09-11,San Pedro Bay,30.462446965277195,34.32111572474241,0.012817773967981339,0.012207403779029846,13.122959703207016,0.24141294,0.0,1.7279623036542802,0.17388388969873117,,1.736689186339043,
2015-09-12,San Pedro Bay,30.500534065067768,34.32264165021479,0.011597033590078354,0.016479995101690292,12.665182039141655,0.28606296,5.555413722991943,1.0214778902167654,-0.13496588452682323,,1.0303557008081248,
2015-09-13,San Pedro Bay,30.62431713938713,34.30433054454625,-0.014038514345884323,-0.011597033590078354,11.749626711010933,0.43780985,11.110827445983887,0.5931570208604009,-0.22374703917442418,,0.6339542482981776,
2015-09-14,San Pedro Bay,30.695364229381084,34.28449351340532,-0.046388134360313416,-0.03418073058128357,11.444441601634026,0.83229345,5.555413722991943,0.7011922819976486,-0.9578939646677876,,1.1871105525097663,
2015-09-15,San Pedro Bay,30.636036247015,34.29212314076722,-0.08911404758691788,-0.02685628831386566,12.207404375076294,0.95162827,0.0,0.816160357521894,-0.5418935311267736,,0.9796766447493324,
2015-09-16,San Pedro Bay,30.772270873188972,34.25244907848537,-0.04150517284870148,-0.03784295171499252,11.291849046945572,0.93459964,0.0,0.8843405601228104,-0.46649745934309095,,0.9998390399718771,
2015-09-17,San Pedro Bay,30.846980184316635,34.27228610962629,-0.05615405738353729,-0.040894802659749985,11.902219265699387,1.0636057,0.0,0.7093930530251238,-0.6372075860599341,,0.9535575553749415,
2015-09-18,San Pedro Bay,31.084292113780975,34.25397500395775,-0.0952177494764328,-0.03723258152604103,10.986663937568665,1.3002324,0.0,0.5110759449617793,-0.6987601380702226,,0.8657160920731994,
2015-09-19,San Pedro Bay,31.030823685228825,34.25397500395775,-0.11841181665658951,-0.04699850454926491,11.291849046945572,1.3002324,17.468181610107422,0.7914048197474872,-0.48405152003854646,,0.9277000931180185,
2015-09-20,San Pedro Bay,31.126773878932,34.26007870584726,-0.10620441287755966,-0.04577776417136192,11.59703415632248,2.1133058,0.0,0.6077559687331923,-0.3162551668276257,,0.6851165215319146,
2015-09-21,San Pedro Bay,31.197820968925953,34.24024167470634,-0.0079348124563694,-0.022583696991205215,11.59703415632248,0.5617029,0.0,1.5631933298811422,-0.4612450646330911,,1.6298221977360838,
2015-09-22,San Pedro Bay,30.879207730293274,34.25092315301299,0.009155552834272385,0.0012207403779029846,12.970367148518562,0.59312683,12.292228698730469,2.4963470432203936,-0.5831020115558593,,2.5635437417909785,
2015-09-23,San Pedro Bay,30.638966023921967,34.257026854902506,0.029908139258623123,0.02624591812491417,14.191107586026192,0.59406924,6.146114349365234,2.956918160483825,-0.2652760903656392,,2.9687937637900554,
2015-09-24,San Pedro Bay,30.381145656108856,34.2646564822644,0.04577776417136192,0.038453321903944016,14.343700140714645,0.589979,0.0,2.773370491036423,0.0793027930152646,,2.77450406623087,
2015-09-25,San Pedro Bay,30.176061272621155,34.27228610962629,0.05310220643877983,0.04516739398241043,14.343700140714645,0.5928274,0.0,2.2679995627693486,0.8614640300641336,,2.4260961011090005,
2015-09-26,San Pedro Bay,30.03909420222044,34.282967587932944,0.04943998530507088,0.04699850454926491,14.343700140714645,0.5855488,3.9897799491882324,2.3657129197904188,1.3165130719845481,,2.707361129877117,
2015-09-27,San Pedro Bay,29.959990225732327,34.28754536435008,0.031128879636526108,0.04516739398241043,13.73332992196083,1.1461585,0.0,1.8658015312236766,1.7955124752277873,,2.589417000526418,
2015-09-28,San Pedro Bay,29.94460889697075,34.282967587932944,-0.011597033590078354,0.031128879636526108,13.428144812583923,1.0511713,0.0,0.18005886592014844,1.7339681027480192,,1.7432918793317473,
2015-09-29,San Pedro Bay,30.07937863469124,34.27228610962629,-0.10681478306651115,0.006103701889514923,12.359996929764748,1.0436512,0.0,-0.4412973036204863,0.6114908539622784,,0.7540983852669545,
2015-09-30,San Pedro Bay,30.214148372411728,34.223456494510174,-0.16113772988319397,-0.04699850454926491,11.902219265699387,1.0470302,11.969339370727539,0.40010192386519333,-0.05673803895646766,,0.40410488062538247,
2015-10-01,San Pedro Bay,30.170934163033962,34.173100953921676,-0.051271095871925354,0.01342814415693283,12.359996929764748,1.0435275,12.911654472351074,0.8422874289243,1.4577549996853854,,1.683596671424497,
2015-10-02,San Pedro Bay,30.162877276539803,34.136478742584586,-0.036011841148138046,0.02075258642435074,12.970367148518562,1.044455,0.0,-0.5598714301598626,0.8915673869912599,,1.0527812801601637,
2015-10-03,San Pedro Bay,30.396526984870434,34.09680468030274,-0.09094515815377235,-0.012207403779029846,11.902219265699387,1.0444442,12.911654472351074,-0.823664300464954,-0.65808842158316,,1.054278545016561,
2015-10-04,San Pedro Bay,30.246375918388367,34.06933802179992,-0.08850367739796638,-0.03234962001442909,13.122959703207016,0.9850781,25.82330894470215,-1.2827920760214035,-0.6890790065445405,,1.4561543144748477,
2015-10-05,San Pedro Bay,30.343791000545025,34.043397288769484,-0.08301034569740295,-0.035401470959186554,12.512589484453201,0.49355546,0.0,-0.33202837956599884,-0.48598009289886096,,0.5885741206774289,
2015-10-06,San Pedro Bay,30.470503851771355,34.028138034045696,-0.059816278517246246,-0.03662221133708954,12.359996929764748,0.5050774,0.0,0.6171013548939631,-0.5896237993155088,,0.8535047199232236,
2015-10-07,San Pedro Bay,30.55034027248621,34.015930630266666,-0.022583696991205215,-0.027466658502817154,12.359996929764748,0.31515792,0.0,1.0199857455735586,-0.27505360267692724,,1.0564210361019915,
2015-10-08,San Pedro Bay,30.71440777927637,34.00372322648764,0.008545182645320892,-0.008545182645320892,12.05481182038784,0.8198958,0.0,0.7864580811929353,-0.11837424324935575,,0.7953167764724514,
2015-10-09,San Pedro Bay,30.890926837921143,34.00219730101526,-0.012817773967981339,0.003662221133708954,11.749626711010933,0.20440482,0.0,0.36282066920236444,-0.11004121291399778,,0.37914101141928097,
2015-10-10,San Pedro Bay,31.0374156832695,33.99761952459812,-0.04516739398241043,0.006103701889514923,11.59703415632248,1.0977693,0.0,0.20351833030477853,-0.08378695132629913,,0.2200908084918599,
2015-10-11,San Pedro Bay,31.259346283972263,33.982360269874334,-0.10742515325546265,-0.01342814415693283,11.291849046945572,1.8083874,0.0,0.3732085860527954,-0.33958178211090634,,0.5045794639550304,
2015-10-12,San Pedro Bay,31.191228970885277,33.96099731326103,-0.14160588383674622,-0.028077028691768646,12.05481182038784,1.3443295,0.0,0.08778344095049334,-0.7396475304925008,,0.7448385072408406,
2015-10-13,San Pedro Bay,31.015442356467247,33.91827140003443,-0.09216589853167534,-0.025025177747011185,12.665182039141655,0.23303352,0.0,0.7829415552331421,-0.8692514732725786,,1.1698699084502684,
2015-10-14,San Pedro Bay,30.8901943936944,33.88164918869734,-0.0317392498254776,-0.0158696249127388,13.122959703207016,0.23303352,8.724664688110352,2.013862408757312,-1.940271873183263,,2.796479347907274,
2015-10-15,San Pedro Bay,30.67339090257883,33.86333808302879,0.04211554303765297,0.012207403779029846,13.885922476649284,0.23304696,17.449329376220703,3.4378730561829736,-0.6661086425740829,,3.5018097998236204,
2015-10-16,San Pedro Bay,30.41117586940527,33.85113067924976,0.13733329251408577,0.06714072078466415,13.885922476649284,0.33273545,14.373784065246582,3.4960212946269706,1.4997133032297711,,3.8041168336907836,
2015-10-17,San Pedro Bay,30.17825860530138,33.88012326322496,0.14648884534835815,0.07507553324103355,14.038515031337738,0.6695481,11.499027252197266,3.1727077006125226,3.7263205368018744,,4.894030945602757,
2015-10-18,San Pedro Bay,29.99441510438919,33.945738058537245,0.09949034079909325,0.05310220643877983,14.343700140714645,0.67970186,0.0,2.793082785295315,3.4624595087532564,,4.448588236201332,
2015-10-19,San Pedro Bay,29.869899585843086,33.99609359912574,0.08056886494159698,0.046388134360313416,14.343700140714645,0.6763185,0.0,2.5520793540216107,2.6422250491276875,,3.6734809431193693,
2015-10-20,San Pedro Bay,29.782738722860813,34.05560469254851,0.07995849475264549,0.043336283415555954,14.343700140714645,1.1325387,0.0,1.8607172822942801,2.1414825095349705,,2.8369378109632235,
2015-10-21,San Pedro Bay,29.746848955750465,34.10596023313701,0.07446516305208206,0.03784295171499252,13.428144812583923,1.1325948,0.0,1.9280035409384817,1.8724174971959164,,2.6875909170996883,
2015-10-22,San Pedro Bay,29.72487562894821,34.138004668056965,0.05493331700563431,0.03357036039233208,13.27555225789547,0.77708364,0.0,0.8230382947228871,1.5972888349689343,,1.7968649523257927,
2015-10-23,San Pedro Bay,29.75344095379114,34.136478742584586,0.01831110566854477,0.020142216235399246,12.817774593830109,0.49359143,0.0,-1.074562230025848,1.4645896051267782,,1.8165094818479577,
2015-10-24,San Pedro Bay,29.84353159368038,34.115115785971284,-0.031128879636526108,0.0024414807558059692,12.207404375076294,0.45481488,0.0,-2.3637212020244434,1.23765666816904,,2.6681401667009865,
2015-10-25,San Pedro Bay,29.89553513377905,34.09527875483036,-0.062257759273052216,-0.020142216235399246,12.207404375076294,0.47281942,0.0,-2.3057686410145113,0.6617284440403706,,2.398844213269798,
2015-10-26,San Pedro Bay,30.061799973249435,34.089175052940845,-0.0714133121073246,-0.02624591812491417,11.902219265699387,0.4646512,0.0,-1.8706565314124328,0.39397767964037256,,1.9116940839398981,
2015-10-27,San Pedro Bay,30.03543198108673,34.089175052940845,-0.07080294191837311,-0.03234962001442909,12.207404375076294,1.34536,0.0,-1.7021989470578576,-0.4408476272713501,,1.7583594302177408,
2015-10-28,San Pedro Bay,29.92849512398243,34.08612320199609,-0.07019257172942162,-0.03906369209289551,12.970367148518562,1.0061615,0.0,-2.314352513022815,-1.0084206504974629,,2.524507825871163,
2015-10-29,San Pedro Bay,29.80983915925026,34.07238987274468,-0.08178960531949997,-0.040894802659749985,13.73332992196083,1.0037943,18.746389389038086,-2.6900098435065076,-0.3286510710606031,,2.710011897514693,
2015-10-30,San Pedro Bay,29.716818742454052,34.052552841603756,-0.10681478306651115,-0.046388134360313416,13.428144812583923,1.0026906,0.0,-2.762371846181414,-1.0334138052772552,,2.949346081678671,
2015-10-31,San Pedro Bay,29.565935231745243,34.029663959518075,-0.12268440797924995,-0.05371257662773132,14.038515031337738,0.99737763,18.746389389038086,-3.0524098430218958,-1.088977007338824,,3.240845070701402,
2015-11-01,San Pedro Bay,29.442884601652622,34.00219730101526,-0.12573625892400742,-0.0476088747382164,13.428144812583923,1.100835,37.040470123291016,-3.1710539497644814,-0.6577960995461217,,3.238561233155089,
2015-11-02,San Pedro Bay,29.320566415786743,33.970152866095304,-0.10132145136594772,-0.02929776906967163,13.428144812583923,1.1111451,37.040470123291016,-3.428259403565536,0.33625732469940856,,3.4447106593369385,
2015-11-03,San Pedro Bay,29.267830431461334,33.94726398400962,-0.08178960531949997,-0.025635547935962677,13.122959703207016,1.4015174,0.0,-2.6921965994892694,0.02494502197836353,,2.6923121632572786,
2015-11-04,San Pedro Bay,29.22095400094986,33.94268620759249,-0.07873775437474251,-0.0317392498254776,13.27555225789547,1.2430668,0.0,-2.8783041176333937,-0.47436428428509425,,2.917131479345876,
2015-11-05,San Pedro Bay,29.181402012705803,33.94268620759249,-0.07751701399683952,-0.027466658502817154,13.27555225789547,0.8358732,0.0,-2.986694362338975,0.15412738403900392,,2.990668564809234,
2015-11-06,San Pedro Bay,29.12280647456646,33.945738058537245,-0.07751701399683952,-0.029908139258623123,13.27555225789547,0.8933849,35.9098014831543,-2.675586327408093,-0.42362500208956944,,2.7089149742670986,
2015-11-07,San Pedro Bay,29.067140713334084,33.95031583495438,-0.079348124563694,-0.03234962001442909,13.27555225789547,0.5972631,17.95490074157715,-2.612320928449181,-0.46484259345119505,,2.653356227478705,
2015-11-08,San Pedro Bay,28.998290956020355,33.96099731326103,-0.07324442267417908,-0.029908139258623123,13.73332992196083,0.66859055,0.0,-2.1954886309318464,0.14785741665432947,,2.2004618024884426,
2015-11-09,San Pedro Bay,28.974120296537876,33.96710101515055,-0.06958220154047012,-0.025635547935962677,13.122959703207016,0.57501775,0.0,-2.191274848345281,-0.3576952562054875,,2.220277315405115,
2015-11-10,San Pedro Bay,28.93823052942753,33.97930841892958,-0.08117923513054848,-0.029908139258623123,13.122959703207016,0.31323716,0.0,-2.525063145530959,-0.841800272871354,,2.6616858545525215,
2015-11-11,San Pedro Bay,28.8781701028347,33.994567673653364,-0.0952177494764328,-0.03234962001442909,13.428144812583923,0.253948,0.0,-2.775524000449169,-0.3429140737494283,,2.7966271719778426,
2015-11-12,San Pedro Bay,28.86864832788706,34.015930630266666,-0.11535996571183205,-0.03784295171499252,13.27555225789547,1.6064849,0.0,-2.7982223381134954,0.02132193084047034,,2.7983035714968674,
2015-11-13,San Pedro Bay,28.913327425718307,34.041871363297105,-0.12268440797924995,-0.035401470959186554,12.970367148518562,0.6029644,0.0,-2.4100088781059577,-0.5121410577074093,,2.4638245180083747,
2015-11-14,San Pedro Bay,28.925778977572918,34.06170839443803,-0.12085329741239548,-0.036011841148138046,12.970367148518562,0.5765829,0.0,-2.5547053935046358,-0.22000219766032075,,2.5641608012324513,
2015-11-15,San Pedro Bay,28.953611858189106,34.06781209632754,-0.1263466291129589,-0.04272591322660446,12.817774593830109,0.43698528,0.0,-3.0930045048948456,-0.5984572966577707,,3.15036950264929,
2015-11-16,San Pedro Bay,28.958006523549557,34.07238987274468,-0.13122959062457085,-0.04943998530507088,13.27555225789547,0.8941059,0.0,-3.4629644670188964,-0.4911122511329931,,3.4976154938827086,
2015-11-17,San Pedro Bay,28.99609362334013,34.06781209632754,-0.13061922043561935,-0.04943998530507088,12.970367148518562,1.1738837,0.0,-3.270536489048986,-0.5566998788778164,,3.317577984214304,
2015-11-18,San Pedro Bay,28.972655408084393,34.05102691613138,-0.12329477816820145,-0.051881466060876846,13.27555225789547,0.39697152,0.0,-2.859186448627091,-0.19353238000199616,,2.8657288654235997,
2015-11-19,San Pedro Bay,28.929441198706627,34.03576766140759,-0.12024292722344398,-0.05310220643877983,13.580737367272377,0.7223148,0.0,-2.76330313116314,-1.2133554421605572,,3.0179588505671604,
2015-11-20,San Pedro Bay,28.884762100875378,34.0205084066838,-0.12024292722344398,-0.0555436871945858,13.73332992196083,0.53200835,30.881874084472656,-2.9714747711288765,-1.1805321478482094,,3.197392448161238,
2015-11-21,San Pedro Bay,28.834223449230194,33.99151582270861,-0.11780144646763802,-0.054322946816682816,13.580737367272377,0.5316914,45.739158630371094,-2.447232129739779,-1.1810734847719537,,2.7173295113515517,
2015-11-22,San Pedro Bay,28.875972770154476,33.97473064251244,-0.10437330231070518,-0.043336283415555954,12.970367148518562,0.479259,0.0,-1.418682851020181,-1.1078955337175256,,1.8000259846485522,
2015-11-23,San Pedro Bay,28.977050073444843,33.970152866095304,-0.07324442267417908,-0.032959990203380585,12.512589484453201,0.57195437,0.0,0.1933073193768459,-1.5042359594462198,,1.5166059281882527,
2015-11-24,San Pedro Bay,29.12646869570017,33.96404916420579,-0.05737479776144028,-0.029908139258623123,12.05481182038784,0.821645,22.869579315185547,-0.02546694092548749,-0.975887683868661,,0.9762199222545307,
2015-11-25,San Pedro Bay,29.11548203229904,33.957945462316275,-0.08056886494159698,-0.03234962001442909,12.359996929764748,0.48010045,0.0,-0.7448109885037076,-0.9153967621752945,,1.1801248411913388,
2015-11-26,San Pedro Bay,29.076662488281727,33.957945462316275,-0.1275673694908619,-0.04699850454926491,13.27555225789547,1.8447933,0.0,-2.4071866876834735,-1.153715510614361,,2.6693833049587856,
2015-11-27,San Pedro Bay,29.022461615502834,33.94116028212011,-0.15320291742682457,-0.06469924002885818,13.73332992196083,0.58717996,0.0,-3.368310676078006,-1.316701951062603,,3.6165205430790985,
2015-11-28,San Pedro Bay,28.925778977572918,33.89385659247637,-0.1580858789384365,-0.07019257172942162,13.73332992196083,0.5357946,63.59285354614258,-3.849853707264651,-1.3487549008766668,,4.0792785330225,
2015-11-29,San Pedro Bay,28.851069666445255,33.838923275470734,-0.1513718068599701,-0.06286812946200371,13.428144812583923,1.6449527,0.0,-2.6923200365202082,-1.1024328007888493,,2.9092860394439257,
2015-11-30,San Pedro Bay,28.821771897375584,33.78551588393748,-0.12817773967981339,-0.048829615116119385,13.27555225789547,2.0826166,0.0,-2.350414489987623,-0.6457629048419288,,2.4375106161848126,
2015-12-01,San Pedro Bay,28.75438702851534,33.741264045238495,-0.11535996571183205,-0.043336283415555954,13.885922476649284,2.0774639,0.0,-2.302101288230872,-1.031154113634113,,2.5224886813103433,
2015-12-02,San Pedro Bay,28.716299928724766,33.70006405748427,-0.10681478306651115,-0.04150517284870148,13.27555225789547,2.5187006,0.0,-2.309298901804568,-0.3001312789194426,,2.328720722298319,
2015-12-03,San Pedro Bay,28.715567484498024,33.66496777161956,-0.09826960042119026,-0.043336283415555954,13.122959703207016,2.6771572,0.0,-2.319463068558306,-1.1578321632497939,,2.5923896783974456,
2015-12-04,San Pedro Bay,28.658436834812164,33.62834556028247,-0.10254219174385071,-0.04821924492716789,13.428144812583923,0.39135492,41.27781295776367,-2.9837540989482996,-1.1500221304533793,,3.1977084644356353,
2015-12-05,San Pedro Bay,28.61156040430069,33.57646409422159,-0.10681478306651115,-0.043946653604507446,13.122959703207016,0.4041234,41.27781295776367,-3.0327077190152347,-0.0585136023473484,,3.033272152417955,
2015-12-06,San Pedro Bay,28.634266175329685,33.52763447910547,-0.10437330231070518,-0.039674062281847,12.817774593830109,0.34571055,42.12814712524414,-2.18034061955114,-0.09933043243127261,,2.1826020599439633,
2015-12-07,San Pedro Bay,28.621814623475075,33.49864189513028,-0.10376293212175369,-0.04028443247079849,13.27555225789547,0.3524595,0.0,-3.0228906684904286,-1.0184717231716132,,3.189851508228348,
2015-12-08,San Pedro Bay,28.5837275236845,33.477278938516974,-0.12085329741239548,-0.051881466060876846,13.73332992196083,0.34552404,0.0,-3.6667477447107557,-0.6033588047256233,,3.7160571672918796,
2015-12-09,San Pedro Bay,28.552232421934605,33.4681233856827,-0.11597033590078354,-0.046388134360313416,13.580737367272377,0.3401703,0.0,-3.177373135774387,-0.022988125191389208,,3.177456293616102,
2015-12-10,San Pedro Bay,28.66502883285284,33.47880486398935,-0.08911404758691788,-0.02929776906967163,12.665182039141655,0.4172267,0.0,-2.147052207050896,0.21855380329219498,,2.1581471091507196,
2015-12-11,San Pedro Bay,28.70238348841667,33.500167820602655,-0.07080294191837311,-0.0317392498254776,12.970367148518562,0.78660655,0.0,-1.9647277276463377,-0.7716519553832357,,2.110829643535715,
2015-12-12,San Pedro Bay,28.673818163573742,33.51542707532644,-0.05310220643877983,-0.03234962001442909,13.73332992196083,1.5858041,11.316093444824219,-0.41477759998123714,-1.942613936321682,,1.986401108295456,
2015-12-13,San Pedro Bay,28.654774613678455,33.51084929890931,-0.03662221133708954,-0.019531846046447754,13.122959703207016,1.5617211,33.94827651977539,1.5316202123399305,-2.1349431013175137,,2.627516416830056,
2015-12-14,San Pedro Bay,28.688467048108578,33.475753013044596,-0.0158696249127388,0.010986663401126862,11.902219265699387,1.642974,56.58046340942383,-0.03406056884709033,3.2355057222020975,,3.2356849971455355,
2015-12-15,San Pedro Bay,28.666493721306324,33.477278938516974,-0.0238044373691082,-0.001831110566854477,13.122959703207016,0.7038177,0.0,-2.62356469621563,2.598100788001628,,3.6923189759071047,
2015-12-16,San Pedro Bay,28.719962149858475,33.48185671493411,-0.02929776906967163,-0.0048829615116119385,12.665182039141655,0.7583897,0.0,-2.293613633301663,0.9931972927348933,,2.4994208051392977,
2015-12-17,San Pedro Bay,28.66136661171913,33.48490856587887,-0.048829615116119385,-0.02624591812491417,13.122959703207016,0.7209203,20.327716827392578,-2.6106789314365515,-0.8724239011325302,,2.7525929496229544,
2015-12-18,San Pedro Bay,28.48045288771391,33.47880486398935,-0.08789330720901489,-0.05005035549402237,14.343700140714645,0.72145885,50.81929016113281,-3.8780888464523633,-2.0351221950032543,,4.379645584927288,
2015-12-19,San Pedro Bay,28.281228058040142,33.48185671493411,-0.11780144646763802,-0.06164738908410072,14.343700140714645,1.1064359,40.655433654785156,-4.487541054090813,-1.1682909920765274,,4.6371250311284085,
2015-12-20,San Pedro Bay,28.144260987639427,33.523056702688336,-0.1031525619328022,-0.0476088747382164,14.343700140714645,2.0925958,0.0,-3.600161294541111,-0.5293238377111608,,3.638865904630342,
2015-12-21,San Pedro Bay,28.13254188001156,33.58256779611111,-0.09155552834272385,-0.04272591322660446,13.428144812583923,2.3911376,0.0,-3.502897923747012,-0.8364060288099624,,3.601370420995427,
2015-12-22,San Pedro Bay,28.102511666715145,33.655812218785286,-0.0952177494764328,-0.04821924492716789,14.343700140714645,2.459001,0.0,-3.0655378468645056,-1.4441010037497406,,3.3886501736812074,
2015-12-23,San Pedro Bay,28.045381017029285,33.7336344178766,-0.08178960531949997,-0.040894802659749985,14.343700140714645,2.2547817,74.51751708984375,-3.0453463376803986,-1.432416822146214,,3.3654052161353283,
2015-12-24,San Pedro Bay,28.040986351668835,33.800775138661265,-0.06530961021780968,-0.03479110077023506,13.580737367272377,4.5713186,0.0,-2.172361459058755,-1.8044639558095443,,2.824047534412215,
2015-12-25,San Pedro Bay,28.064424566924572,33.86638993397355,-0.06775109097361565,-0.03418073058128357,13.580737367272377,5.1506042,0.0,-2.4239106841162825,-1.7727655142583205,,3.003005256924575,
2015-12-26,San Pedro Bay,28.05197301506996,33.932004729285836,-0.09338663890957832,-0.04211554303765297,14.191107586026192,3.0850608,0.0,-3.0129374579819905,-1.4942524269074193,,3.363120937615787,
2015-12-27,San Pedro Bay,28.024872578680515,33.9991454500705,-0.14831995591521263,-0.05371257662773132,13.885922476649284,1.1749488,0.0,-2.6287188491755606,-1.7636628444482656,,3.1655440949224243,
2015-12-28,San Pedro Bay,27.95382548868656,34.0708639472723,-0.1910458691418171,-0.06836146116256714,14.343700140714645,1.0822904,0.0,-2.39991374754481,-1.6148643298167742,,2.892641145971818,
2015-12-29,San Pedro Bay,27.876918844878674,34.125797264277935,-0.15198217704892159,-0.06530961021780968,14.343700140714645,1.0158062,0.0,-2.233058035701338,-2.3727056428891746,,3.2582633807917447,
2015-12-30,San Pedro Bay,27.80220953375101,34.13342689163983,-0.119022186845541,-0.05615405738353729,14.343700140714645,1.399649,0.0,-1.6937346594547926,-1.3945043361915708,,2.193941530737667,
2015-12-31,San Pedro Bay,27.783898428082466,34.10443430766463,-0.10437330231070518,-0.0476088747382164,13.27555225789547,1.2314925,0.0,-3.094392803396024,-0.011613200133869564,,3.09441459538415,
2016-01-01,San Pedro Bay,27.778771318495274,34.07391579821706,-0.11474959552288055,-0.05737479776144028,13.27555225789547,3.3878534,0.0,-3.747195323718859,-0.8317962607545359,,3.8384056343103854,
2016-01-02,San Pedro Bay,27.783165983855724,34.040345437824726,-0.11474959552288055,-0.05737479776144028,13.428144812583923,1.5473831,0.0,-3.7530559754638504,-0.3712775678269571,,3.7713759010918566,
2016-01-03,San Pedro Bay,27.80587175488472,34.015930630266666,-0.1031525619328022,-0.051881466060876846,13.27555225789547,0.74479586,0.0,-3.106561798040058,-0.7102656580216128,,3.1867230049075106,
2016-01-04,San Pedro Bay,27.841761521995068,33.9991454500705,-0.07751701399683952,-0.03906369209289551,13.27555225789547,2.8879924,0.0,-2.2411709074326978,-0.8145970268528686,,2.384620588789805,
2016-01-05,San Pedro Bay,27.83516952395439,33.98998989723623,-0.06042664870619774,-0.02929776906967163,13.27555225789547,0.98817784,0.0,-2.3787535518295324,-0.5249663665204799,,2.43599223034872,
2016-01-06,San Pedro Bay,27.881313510239124,33.98541212081909,-0.04455702379345894,-0.02685628831386566,12.970367148518562,0.4604707,0.0,-2.4953100896843283,-0.24891394117398172,,2.5076942783742946,
2016-01-07,San Pedro Bay,27.94503615796566,33.98998989723623,-0.031128879636526108,-0.025025177747011185,12.970367148518562,1.4274392,0.0,-1.8866895190200488,-0.7265200861100845,,2.02173904762744,
2016-01-08,San Pedro Bay,27.96481215208769,33.99609359912574,-0.02624591812491417,-0.022583696991205215,13.122959703207016,1.7107017,0.0,-1.890928347384395,-1.0019430987558127,,2.1399766326028606,
2016-01-09,San Pedro Bay,27.967741928994656,33.994567673653364,-0.04150517284870148,-0.02929776906967163,13.122959703207016,1.6618352,0.0,-2.475691078253808,-1.6566194243143393,,2.9788310176915163,
2016-01-10,San Pedro Bay,27.931852161884308,33.99151582270861,-0.04577776417136192,-0.023194067180156708,13.580737367272377,1.6254189,35.44038009643555,-2.5474388567972945,-0.9698158286645627,,2.7258003358003022,
2016-01-11,San Pedro Bay,28.0842005610466,33.99761952459812,-0.04150517284870148,-0.006714072078466415,12.207404375076294,0.4934805,0.0,-2.225851762980861,0.7689510750939528,,2.3549313847017186,
2016-01-12,San Pedro Bay,28.156712539494038,33.99761952459812,-0.06408886983990669,-0.01831110566854477,12.207404375076294,0.49997976,0.0,-1.9082127658331882,-0.3430674228930965,,1.938806647486865,
2016-01-13,San Pedro Bay,28.155247651040554,34.01287877932191,-0.09094515815377235,-0.01831110566854477,12.970367148518562,0.3972991,0.0,-2.546001584145066,0.4890907849292186,,2.592553540888185,
2016-01-14,San Pedro Bay,28.21970274299383,34.03729358687997,-0.10864589363336563,-0.02685628831386566,12.665182039141655,0.90824413,0.0,-2.541623242272945,-0.19943597767714502,,2.5494359013032817,
2016-01-15,San Pedro Bay,28.208716079592705,34.066286170855165,-0.10254219174385071,-0.0238044373691082,13.122959703207016,1.4767003,0.0,-2.921165485888635,0.3598649251128643,,2.943248300818922,
2016-01-16,San Pedro Bay,28.216772966086864,34.09375282935798,-0.09704886004328728,-0.02685628831386566,12.970367148518562,0.97318655,0.0,-2.6155455521269584,-0.12925722349699828,,2.6187374754024635,
2016-01-17,San Pedro Bay,28.25119784474373,34.1212194878608,-0.08301034569740295,-0.014038514345884323,12.817774593830109,1.6291108,0.0,-2.277072378969941,1.012107961801071,,2.4918710129958463,
2016-01-18,San Pedro Bay,28.37424847483635,34.14105651900172,-0.08362071588635445,-0.027466658502817154,12.359996929764748,1.6176857,0.0,-2.179958241437001,-0.3327870453041163,,2.2052131760742193,
2016-01-19,San Pedro Bay,28.257057398557663,34.160893550142646,-0.09949034079909325,-0.040894802659749985,13.580737367272377,0.8437833,0.0,-2.959724083176685,-1.898708605752085,,3.5163988707331106,
2016-01-20,San Pedro Bay,28.180883198976517,34.18225650675595,-0.12939848005771637,-0.059205908328294754,14.191107586026192,0.35944846,0.0,-4.202890643331973,-1.620669513169058,,4.504537648940574,
2016-01-21,San Pedro Bay,28.11203344166279,34.211249090731144,-0.13183996081352234,-0.05249183624982834,14.191107586026192,0.34679154,0.0,-3.8652293560670556,-0.05628503539781868,,3.865639142523818,
2016-01-22,San Pedro Bay,28.14133121073246,34.244819451123476,-0.11413922533392906,-0.04028443247079849,12.970367148518562,0.701434,0.0,-2.7104857519720005,-1.0510152797129257,,2.9071233427278695,
2016-01-23,San Pedro Bay,28.155247651040554,34.27838981151581,-0.10437330231070518,-0.03906369209289551,12.970367148518562,0.63200265,0.0,-1.8513097844145,-1.6391635372967301,,2.4726918570400134,
2016-01-24,San Pedro Bay,28.045381017029285,34.30127869360149,-0.11963255703449249,-0.05249183624982834,14.191107586026192,1.9291682,0.0,-2.7258825839469822,-1.6068464906983557,,3.1642363227380943,
2016-01-25,San Pedro Bay,27.800744645297527,34.319589799270034,-0.16785180196166039,-0.08362071588635445,14.343700140714645,1.9290599,0.0,-4.500061186033099,-3.0074321187816,,5.412503914744155,
2016-01-26,San Pedro Bay,27.439649641513824,34.34858238324523,-0.198370311409235,-0.09949034079909325,14.343700140714645,1.9290283,131.98277282714844,-4.981268085085863,-2.343543030266826,,5.505018226146685,
2016-01-27,San Pedro Bay,27.29462568461895,34.35926386155188,-0.17212439328432083,-0.08423108607530594,14.343700140714645,0.9315267,0.0,-5.208257235314754,-1.433337929691098,,5.401888655822114,
2016-01-28,San Pedro Bay,27.312204346060753,34.35926386155188,-0.15503402799367905,-0.07080294191837311,14.343700140714645,0.91891825,0.0,-5.351316625467634,-0.06953446155621112,,5.351768368245231,
2016-01-29,San Pedro Bay,27.468214966356754,34.3577379360795,-0.12451551854610443,-0.0476088747382164,12.817774593830109,3.0731363,0.0,-2.644197351435604,-0.1375184991642516,,2.647770943822643,
2016-01-30,San Pedro Bay,27.56123538315296,34.353160159662366,-0.1110873743891716,-0.039674062281847,12.665182039141655,2.9122813,0.0,-2.521277751999349,-0.4050332987827216,,2.553604017041347,
2016-01-31,San Pedro Bay,27.62569047510624,34.35010830871761,-0.12512588873505592,-0.05493331700563431,13.122959703207016,2.1792963,0.0,-3.8232948477753466,-0.8647102065667137,,3.919860614150222,
2016-02-01,San Pedro Bay,27.636677138507366,34.33942683041096,-0.13000885024666786,-0.056764427572488785,13.428144812583923,2.1792963,0.0,-3.416636859780866,-1.0652831343279996,,3.578859537324278,
2016-02-02,San Pedro Bay,27.635944694280624,34.330271277576685,-0.11413922533392906,-0.04211554303765297,13.428144812583923,1.3812051,87.16092681884766,-2.8378340284495467,-0.9371484113265385,,2.988569744522961,
2016-02-03,San Pedro Bay,27.75679799169302,34.32721942663193,-0.10986663401126862,-0.040894802659749985,12.359996929764748,0.59670186,0.0,-2.7876526802073593,-0.459879377944808,,2.8253312208883012,
2016-02-04,San Pedro Bay,27.76924954354763,34.32416757568717,-0.10498367249965668,-0.038453321903944016,12.817774593830109,0.6659739,0.0,-2.7358418411668217,-0.19635495923040594,,2.742879116894042,
2016-02-05,San Pedro Bay,27.926725052297115,34.32264165021479,-0.08911404758691788,-0.016479995101690292,11.902219265699387,0.6322356,0.0,-2.6540467911141152,0.8708685946406115,,2.793273434262111,
2016-02-06,San Pedro Bay,28.015350803732872,34.30890832096338,-0.07873775437474251,-0.03418073058128357,11.902219265699387,2.5750659,0.0,-1.8319240679479736,-0.11174881009046857,,1.8353292857914318,
2016-02-07,San Pedro Bay,27.860072627663612,34.31348609738052,-0.10071108117699623,-0.04150517284870148,13.428144812583923,1.1994114,0.0,-2.688417814797823,-0.7260552554566686,,2.7847345620181736,
2016-02-08,San Pedro Bay,27.715048670768738,34.319589799270034,-0.14587847515940666,-0.06836146116256714,14.343700140714645,1.209079,0.0,-4.1612968341239505,-1.0121021442708926,,4.282609262135381,
2016-02-09,San Pedro Bay,27.546586498618126,34.33790090493858,-0.16479995101690292,-0.07629627361893654,14.343700140714645,1.0077714,0.0,-4.145206429096349,-1.6186205606301405,,4.450018972893973,
2016-02-10,San Pedro Bay,27.40888698399067,34.35621201060712,-0.15686513856053352,-0.07019257172942162,14.343700140714645,1.0033171,0.0,-4.066032206706632,-1.9327056629546109,,4.501996122343113,
2016-02-11,San Pedro Bay,27.31952878832817,34.37147126533091,-0.14526810497045517,-0.06653035059571266,14.191107586026192,0.42100316,0.0,-3.8131053117231244,-1.8969581537952853,,4.258899195278226,
2016-02-12,San Pedro Bay,27.2990203499794,34.3867305200547,-0.12207403779029846,-0.04821924492716789,13.428144812583923,0.42522737,0.0,-2.5032422603049085,-1.2693342428048233,,2.806676189682971,
2016-02-13,San Pedro Bay,27.33564256131649,34.37604904174805,-0.10742515325546265,-0.02929776906967163,12.512589484453201,0.37590834,0.0,-3.445133814820234,-0.5461138778273196,,3.488149562385967,
2016-02-14,San Pedro Bay,27.263130582869053,34.37147126533091,-0.09460737928748131,-0.023194067180156708,13.428144812583923,0.29827565,0.0,-3.088215638773434,1.1393197897499199,,3.291675168494092,
2016-02-15,San Pedro Bay,27.33564256131649,34.365367563441396,-0.10010071098804474,-0.03662221133708954,12.512589484453201,0.27072355,0.0,-2.4257708555247204,-0.510606404582162,,2.4789278214408457,
2016-02-16,San Pedro Bay,27.27045502513647,34.36384163796902,-0.10986663401126862,-0.04821924492716789,13.580737367272377,0.26608914,0.0,-1.8950413827020074,-1.4441874460065847,,2.382616045727082,
2016-02-17,San Pedro Bay,27.210394598543644,34.36078978702426,-0.12512588873505592,-0.05859553813934326,13.885922476649284,0.57631505,0.0,-3.1838608582340826,-1.7813235802779621,,3.64829873533533,
2016-02-18,San Pedro Bay,27.137150175869465,34.354686085134745,-0.13367107138037682,-0.05859553813934326,14.191107586026192,0.5895664,0.0,-3.787510911615743,-1.457609444171737,,4.058308046137818,
2016-02-19,San Pedro Bay,27.11078218370676,34.35010830871761,-0.12939848005771637,-0.05371257662773132,13.428144812583923,0.6638708,0.0,-3.130375455804152,-0.8090839573259946,,3.2332440898118633,
2016-02-20,San Pedro Bay,27.16425061225891,34.34553053230047,-0.119022186845541,-0.04516739398241043,12.817774593830109,1.1149881,0.0,-2.845416896761202,-0.6066253341675691,,2.909362750230377,
2016-02-21,San Pedro Bay,27.129093289375305,34.342478681355715,-0.1263466291129589,-0.051881466060876846,13.428144812583923,1.4452243,0.0,-3.0186824326136548,-1.441261044266414,,3.3450974614635975,
2016-02-22,San Pedro Bay,27.14374217391014,34.33790090493858,-0.12451551854610443,-0.04943998530507088,13.27555225789547,0.5133202,0.0,-2.879348560598278,-1.3030777822559942,,3.160484114819844,
2016-02-23,San Pedro Bay,27.209662154316902,34.33484905399382,-0.11230811476707458,-0.04577776417136192,12.970367148518562,0.8656449,0.0,-2.5671235328399944,-1.273361814867638,,2.8655843286184925,
2016-02-24,San Pedro Bay,27.197943046689034,34.328745352104306,-0.11169774457812309,-0.05371257662773132,13.428144812583923,0.8606316,0.0,-3.035259981898806,-2.0735276325845313,,3.6759107716058548,
2016-02-25,San Pedro Bay,27.17230749875307,34.32264165021479,-0.12817773967981339,-0.06653035059571266,14.191107586026192,0.61764103,0.0,-3.120709910077902,-2.273222761790842,,3.8608771111733677,
2016-02-26,San Pedro Bay,27.104922629892826,34.30890832096338,-0.12817773967981339,-0.06591998040676117,14.343700140714645,0.6245406,0.0,-3.730133488025244,-1.6598568382669947,,4.082771186587497,
2016-02-27,San Pedro Bay,27.109317295253277,34.29212314076722,-0.11169774457812309,-0.051271095871925354,13.122959703207016,0.5242472,0.0,-3.1104498890442787,-0.6648133678841776,,3.180703589832455,
2016-02-28,San Pedro Bay,27.20892971009016,34.281441662460566,-0.10681478306651115,-0.04028443247079849,12.512589484453201,0.48225525,0.0,-2.5177155209263478,-0.32456174045376807,,2.5385491462013907,
2016-02-29,San Pedro Bay,27.334177672863007,34.27838981151581,-0.11658070608973503,-0.043946653604507446,12.359996929764748,0.33084944,0.0,-2.240628214512166,-1.027966540423014,,2.4651835639353994,
2016-03-01,San Pedro Bay,27.37592699378729,34.282967587932944,-0.14709921553730965,-0.0476088747382164,12.665182039141655,0.31215116,4.102383136749268,-2.5863033549597234,-1.3030510636321504,,2.896015731709481,
2016-03-02,San Pedro Bay,27.45869319140911,34.28754536435008,-0.16846217215061188,-0.05249183624982834,12.512589484453201,0.21896939,6.02275276184082,-2.361642614438271,-1.1965816548995067,,2.6474824825053846,
2016-03-03,San Pedro Bay,27.602252259850502,34.28754536435008,-0.16113772988319397,-0.03906369209289551,11.902219265699387,0.9510195,6.2827582359313965,-2.8091117948070643,0.6141547340850609,,2.875464330003636,
2016-03-04,San Pedro Bay,27.77730643004179,34.28907128982246,-0.14465773478150368,-0.025635547935962677,11.59703415632248,0.62997156,0.0,-2.4939228044739545,0.9468617840897714,,2.6676203239675806,
2016-03-05,San Pedro Bay,27.991912588477135,34.282967587932944,-0.13855403289198875,-0.023194067180156708,11.139256492257118,1.4439077,6.49228048324585,-2.79987868711454,0.986689879551764,,2.9686491171858145,
2016-03-06,San Pedro Bay,28.09591966867447,34.27991573698819,-0.12451551854610443,-0.017700735479593277,11.902219265699387,1.4477837,0.0,-2.8689407816122086,0.9899880025740356,,3.034946038010923,
2016-03-07,San Pedro Bay,28.229224517941475,34.269234258681536,-0.12451551854610443,-0.028077028691768646,11.902219265699387,0.4231101,0.0,-2.326629451208774,-0.21615600060118662,,2.3366488867238786,
2016-03-08,San Pedro Bay,28.254127621650696,34.2646564822644,-0.12146366760134697,-0.030518509447574615,12.665182039141655,0.29743806,0.0,-3.588868999095916,0.31712789044126594,,3.6028531459896405,
2016-03-09,San Pedro Bay,28.353007592260838,34.2646564822644,-0.12146366760134697,-0.0317392498254776,12.512589484453201,0.8463674,0.0,-3.2246270776308172,0.4757924425861712,,3.259539574573682,
2016-03-10,San Pedro Bay,28.438703566789627,34.2646564822644,-0.1110873743891716,-0.029908139258623123,12.512589484453201,0.2862995,0.0,-2.299785921357153,-0.030340618617929884,,2.299986051525245,
2016-03-11,San Pedro Bay,28.45994444936514,34.26160463131964,-0.10132145136594772,-0.032959990203380585,12.512589484453201,0.28573698,0.0,-2.4878397003705404,-0.593288607451764,,2.5576039072678616,
2016-03-12,San Pedro Bay,28.459212005138397,34.2646564822644,-0.11291848495602608,-0.035401470959186554,12.970367148518562,1.2269664,0.0,-3.444619263597763,-0.6336427029177594,,3.5024141597060905,
2016-03-13,San Pedro Bay,28.4767906665802,34.27381203509867,-0.10925626382231712,-0.029908139258623123,13.122959703207016,1.2246553,0.0,-2.7582762141568478,0.04506582352126448,,2.7586443413446906,
2016-03-14,San Pedro Bay,28.71410259604454,34.282967587932944,-0.09094515815377235,-0.035401470959186554,12.05481182038784,1.1215737,0.0,-1.7405457796344015,-0.5513840691444377,,1.825794074563012,
2016-03-15,San Pedro Bay,28.576403081417084,34.28754536435008,-0.09216589853167534,-0.029908139258623123,12.817774593830109,0.66133094,0.0,-2.479558934596321,-0.9455057435244452,,2.653713176131542,
2016-03-16,San Pedro Bay,28.600573740899563,34.29670091718435,-0.09460737928748131,-0.025635547935962677,12.665182039141655,0.5246213,0.0,-2.8054691434451318,0.06097790893162076,,2.8061317538919006,
2016-03-17,San Pedro Bay,28.604235962033272,34.307382395491004,-0.09643848985433578,-0.031128879636526108,12.817774593830109,0.39605662,0.0,-2.4770174968226066,-0.23432142641048692,,2.48807600576035,
2016-03-18,San Pedro Bay,28.622547067701817,34.32111572474241,-0.09216589853167534,-0.029908139258623123,12.817774593830109,0.20935895,0.0,-2.4226937717503683,-0.5804412451806672,,2.4912561391364214,
2016-03-19,San Pedro Bay,28.676015496253967,34.331797203049064,-0.08484145626425743,-0.025025177747011185,12.512589484453201,0.659631,0.0,-1.8869840100598074,-0.12723389790779602,,1.8912686533113698,
2016-03-20,San Pedro Bay,28.670155942440033,34.33942683041096,-0.08484145626425743,-0.031128879636526108,12.817774593830109,0.6490681,0.0,-2.308945562028042,-1.0294101465158145,,2.5280258816235843,
2016-03-21,San Pedro Bay,28.64891505986452,34.35163423418999,-0.07995849475264549,-0.031128879636526108,13.122959703207016,0.37289235,0.0,-2.4145735721650037,-0.8553611722337668,,2.5616026761312516,
2016-03-22,San Pedro Bay,28.604235962033272,34.36231571249664,-0.07812738418579102,-0.025635547935962677,13.27555225789547,0.35542384,0.0,-2.8041212711123267,-0.14994030330692573,,2.8081271690684493,
2016-03-23,San Pedro Bay,28.645252838730812,34.37299719080329,-0.07507553324103355,-0.02075258642435074,12.817774593830109,0.19237728,0.0,-2.592037901261586,0.45161055034261277,,2.6310858159241644,
2016-03-24,San Pedro Bay,28.7624439150095,34.38062681816518,-0.07324442267417908,-0.02136295661330223,12.207404375076294,0.28109846,0.0,-2.471432938181933,0.05047336183831317,,2.471948285904429,
2016-03-25,San Pedro Bay,28.874507881700993,34.38367866910994,-0.06530961021780968,-0.031128879636526108,12.207404375076294,0.5146644,0.0,-2.2896361434070456,-0.01712455822305258,,2.289700181178799,
2016-03-26,San Pedro Bay,28.871578104794025,34.38062681816518,-0.08117923513054848,-0.02685628831386566,12.207404375076294,1.3690338,0.0,-1.9772621250537874,0.39517774972878383,,2.0163657815616998,
2016-03-27,San Pedro Bay,28.867915883660316,34.38215274363756,-0.158696249127388,-0.03479110077023506,12.359996929764748,1.2837758,0.0,-2.480456222058195,0.3975957803232275,,2.5121197173060943,
2016-03-28,San Pedro Bay,28.821771897375584,34.37299719080329,-0.2929776906967163,-0.07324442267417908,12.665182039141655,1.369763,0.0,-3.1403657207189632,-0.6016574684093549,,3.197481597939148,
2016-03-29,San Pedro Bay,28.70165104418993,34.342478681355715,-0.20752586424350739,-0.06836146116256714,14.038515031337738,1.3860906,0.0,-3.7432535378551925,-0.4854774498941093,,3.7746040061205233,
2016-03-30,San Pedro Bay,28.666493721306324,34.257026854902506,-0.18677327781915665,-0.054322946816682816,12.817774593830109,0.31051674,0.0,-3.363659706926716,-0.3508543296321054,,3.381908541729642,
2016-03-31,San Pedro Bay,28.73461103439331,34.17920465581119,-0.16541032120585442,-0.04028443247079849,12.207404375076294,0.49722663,0.0,-3.1089065331198134,0.1905412025598195,,3.114740082502551,
2016-04-01,San Pedro Bay,28.80858790129423,34.13190096616745,-0.15503402799367905,-0.03784295171499252,12.359996929764748,0.43859673,0.0,-3.1436857694315985,0.011324759279389168,,3.1437061674239652,
2016-04-02,San Pedro Bay,28.827631451189518,34.0998565312475,-0.13733329251408577,-0.040894802659749985,12.970367148518562,0.2901014,0.0,-3.112806411395524,-0.5943050204906191,,3.169031746796714,
2016-04-03,San Pedro Bay,28.863521218299866,34.07238987274468,-0.11169774457812309,-0.03418073058128357,12.817774593830109,0.19433762,0.0,-3.2765158064531663,-0.4537650550925279,,3.3077875619756125,
2016-04-04,San Pedro Bay,28.949949637055397,34.05713061802089,-0.08972441777586937,-0.01892147585749626,12.512589484453201,0.24762882,0.0,-2.885546312433844,0.6857642136517642,,2.96591471184287,
2016-04-05,San Pedro Bay,28.980712294578552,34.04644913971424,-0.08667256683111191,-0.02929776906967163,12.817774593830109,0.40836504,0.0,-3.7149430254814884,0.18165478212753347,,3.7193816881900355,
2016-04-06,San Pedro Bay,29.018066950142384,34.04797506518662,-0.08606219664216042,-0.02624591812491417,12.970367148518562,1.0863891,0.0,-3.854385088844736,0.15617652838337034,,3.8575478637505625,
2016-04-07,San Pedro Bay,29.07373271137476,34.05102691613138,-0.08117923513054848,-0.025025177747011185,12.817774593830109,1.0899521,0.0,-3.7715929890241098,0.57552690544352,,3.8152516160464716,
2016-04-08,San Pedro Bay,29.13159580528736,34.05865654349327,-0.07690664380788803,-0.027466658502817154,12.817774593830109,0.7639461,0.0,-3.5341627280264793,-0.16014778136385935,,3.537789352130414,
2016-04-09,San Pedro Bay,29.242927327752113,34.06781209632754,-0.06714072078466415,-0.021973326802253723,12.512589484453201,0.29613626,0.0,-3.0899047270477413,0.21049302421237348,,3.0970661173882044,
2016-04-10,San Pedro Bay,29.374034844338894,34.064760245382786,-0.05005035549402237,-0.006103701889514923,11.749626711010933,0.27299446,0.0,-2.1625111301542637,0.6195767574716431,,2.249517669732813,
2016-04-11,San Pedro Bay,29.50294502824545,34.078493574634194,-0.03479110077023506,0.010986663401126862,12.05481182038784,0.2976251,51.602882385253906,-2.89195389308332,1.1516930678481496,,3.1128434336229076,
2016-04-12,San Pedro Bay,29.615008994936943,34.08307135105133,-0.048829615116119385,0.0006103701889514923,11.749626711010933,0.39950433,0.0,-2.756296156447363,1.3360619960742979,,3.063042631012592,
2016-04-13,San Pedro Bay,29.7036347463727,34.09527875483036,-0.03662221133708954,0.010986663401126862,11.749626711010933,1.0163231,0.0,-2.6104636920888784,1.2972316609304373,,2.9150181251296945,
2016-04-14,San Pedro Bay,29.795190274715424,34.10748615860939,-0.04821924492716789,0.003662221133708954,11.749626711010933,0.9567344,0.0,-2.638456532572886,1.190209502486632,,2.8944864024703953,
2016-04-15,San Pedro Bay,29.86257514357567,34.12884911522269,-0.06591998040676117,-0.01037629321217537,12.207404375076294,1.0584993,0.0,-2.9642127466735495,0.450300440139917,,2.998220754703054,
2016-04-16,San Pedro Bay,29.874294251203537,34.15631577372551,-0.06836146116256714,-0.015259254723787308,12.817774593830109,0.9491241,0.0,-3.325848081686835,0.28975612118162225,,3.338446356049805,
2016-04-17,San Pedro Bay,29.89187291264534,34.18988613411784,-0.06958220154047012,-0.0158696249127388,12.970367148518562,0.8058444,0.0,-3.152249797486858,-0.06947741807553223,,3.1530153658646163,
2016-04-18,San Pedro Bay,29.935087122023106,34.22650834545493,-0.07324442267417908,-0.024414807558059692,12.665182039141655,0.36640885,0.0,-3.0885216818873364,-0.6229050373097856,,3.15071053335499,
2016-04-19,San Pedro Bay,29.876491583883762,34.26007870584726,-0.08545182645320892,-0.02624591812491417,13.122959703207016,0.16824704,0.0,-3.5556312003698776,-0.09619350017747454,,3.5569321644529754,
2016-04-20,San Pedro Bay,29.835474707186222,34.29822684265673,-0.08789330720901489,-0.025025177747011185,13.27555225789547,0.3953007,0.0,-3.634353576428734,-0.17789843452080212,,3.6387049580180695,
2016-04-21,San Pedro Bay,29.873561806976795,34.340952755883336,-0.08484145626425743,-0.02075258642435074,12.665182039141655,0.30569208,0.0,-3.0615219693758995,0.19704768078020374,,3.0678566715986166,
2016-04-22,San Pedro Bay,29.870632030069828,34.38062681816518,-0.07385479286313057,-0.012207403779029846,12.665182039141655,0.6845993,0.0,-2.575077230831323,0.18338631825681098,,2.581598978631209,
2016-04-23,San Pedro Bay,29.93288978934288,34.415723104029894,-0.07263405248522758,-0.006714072078466415,12.359996929764748,0.5857001,0.0,-2.5993891217722958,0.24314978872910978,,2.610736606045726,
2016-04-24,San Pedro Bay,29.951933339238167,34.449293464422226,-0.07263405248522758,-0.01037629321217537,12.512589484453201,0.4011149,0.0,-2.7695802056605445,0.532687222478374,,2.8203422119626596,
2016-04-25,San Pedro Bay,29.94094667583704,34.4798119738698,-0.07263405248522758,-0.023194067180156708,12.817774593830109,0.47917935,0.0,-2.722326494066974,-0.3441618878886087,,2.7439950702167875,
2016-04-26,San Pedro Bay,29.97024444490671,34.49507122859359,-0.06042664870619774,-0.02075258642435074,12.207404375076294,0.6475155,0.0,-2.5741899307061997,-0.6122933376134645,,2.6460077344246415,
2016-04-27,San Pedro Bay,29.992950215935707,34.511856408789754,-0.031128879636526108,0.009155552834272385,12.512589484453201,0.61147636,0.0,-2.132709751398218,1.5310767179246345,,2.625385076494479,
2016-04-28,San Pedro Bay,30.19071015715599,34.534745290875435,-0.016479995101690292,0.019531846046447754,11.902219265699387,0.8761269,0.0,-1.9395541734226143,1.5436087563161198,,2.4788300434311505,
2016-04-29,San Pedro Bay,30.320352785289288,34.55458232201636,-0.036011841148138046,0.009155552834272385,11.59703415632248,1.3308568,0.0,-2.0842854399832365,1.1838757686168437,,2.3970414328593144,
2016-04-30,San Pedro Bay,30.262489691376686,34.56221194937825,-0.054322946816682816,-0.0024414807558059692,12.207404375076294,1.2839336,0.0,-2.7446987197070545,1.1275012552031574,,2.967259702561648,
2016-05-01,San Pedro Bay,30.30057679116726,34.571367502212524,-0.05859553813934326,-0.010986663401126862,12.359996929764748,0.7905993,0.0,-2.9785226138113856,0.9059025240825561,,3.1132388832412063,
2016-05-02,San Pedro Bay,30.279335908591747,34.57747120410204,-0.06591998040676117,-0.0158696249127388,12.817774593830109,0.2390865,4.5401225090026855,-2.697063195167752,0.44617943528772414,,2.7337201698787967,
2016-05-03,San Pedro Bay,30.326944783329964,34.58662675693631,-0.07751701399683952,-0.017090365290641785,12.512589484453201,0.7025497,0.0,-2.9047249713728185,0.4069428533913719,,2.9330921644645147,
2016-05-04,San Pedro Bay,30.346720777451992,34.60036008618772,-0.10376293212175369,-0.0238044373691082,12.665182039141655,0.4416467,0.0,-2.880404870078552,-0.07966999117369149,,2.8815064676425517,
2016-05-05,San Pedro Bay,30.257362581789494,34.61561934091151,-0.11963255703449249,-0.028077028691768646,13.122959703207016,0.3197637,0.0,-3.5623941772054684,0.5174776763582525,,3.5997826905684964,
2016-05-06,San Pedro Bay,30.237586587667465,34.630878595635295,-0.1422162540256977,-0.031128879636526108,12.970367148518562,0.2299376,0.0,-3.255898114047829,0.5214568027653232,,3.297391351691583,
2016-05-07,San Pedro Bay,30.240516364574432,34.6522415522486,-0.16479995101690292,-0.032959990203380585,12.817774593830109,0.7885446,0.0,-3.1995815835699233,0.6553429736468294,,3.266006234382918,
2016-05-08,San Pedro Bay,30.191442601382732,34.66902673244476,-0.17273476347327232,-0.036011841148138046,12.817774593830109,0.5127237,0.0,-3.045158868278445,0.24574224510226975,,3.055058392908843,
2016-05-09,San Pedro Bay,30.17020171880722,34.67055265791714,-0.16418958082795143,-0.032959990203380585,12.665182039141655,0.5120065,0.0,-3.2341635014507286,0.43246075803692424,,3.2629489516935304,
2016-05-10,San Pedro Bay,30.241981253027916,34.667500806972384,-0.14526810497045517,-0.017090365290641785,12.207404375076294,0.6242114,0.0,-2.5137776302118096,0.9366295580374767,,2.682601890542609,
2016-05-11,San Pedro Bay,30.320352785289288,34.66444895602763,-0.13306070119142532,-0.006714072078466415,12.207404375076294,0.80123276,0.0,-2.5938443386583936,0.935832746447818,,2.7575009306461284,
2016-05-12,San Pedro Bay,30.376018546521664,34.65987117961049,-0.13611255213618279,-0.028077028691768646,12.359996929764748,0.28897893,0.0,-2.813276063891403,0.24175249996528908,,2.8236441848972,
2016-05-13,San Pedro Bay,30.323282562196255,34.655293403193355,-0.1355021819472313,-0.031128879636526108,12.665182039141655,0.82645136,0.0,-2.901572719947638,0.5537586110942023,,2.953941916914636,
2016-05-14,San Pedro Bay,30.28885768353939,34.64766377583146,-0.13183996081352234,-0.038453321903944016,13.122959703207016,0.7754926,0.0,-3.522963330819755,0.2646547679956705,,3.532890144983773,
2016-05-15,San Pedro Bay,30.299111902713776,34.632404521107674,-0.11780144646763802,-0.027466658502817154,12.817774593830109,0.37629738,0.0,-2.5306839206785754,0.30772277683412425,,2.5493243053333936,
2016-05-16,San Pedro Bay,30.336466558277607,34.61256748996675,-0.10376293212175369,-0.017090365290641785,12.512589484453201,0.2052164,0.0,-2.3355636776847644,0.7602931841673999,,2.4561969421061876,
2016-05-17,San Pedro Bay,30.46024963259697,34.58815268240869,-0.08972441777586937,0.003662221133708954,12.05481182038784,0.2270805,10.561129570007324,-2.6234076807092963,0.9734279062189138,,2.798183294176825,
2016-05-18,San Pedro Bay,30.38261054456234,34.57747120410204,-0.08362071588635445,-0.003662221133708954,12.512589484453201,0.2865665,5.280564785003662,-2.1592916066350196,0.8216546796648639,,2.3103369137637944,
2016-05-19,San Pedro Bay,30.44779808074236,34.571367502212524,-0.08239997550845146,-0.003662221133708954,12.359996929764748,0.9353909,0.0,-2.4194504631553344,1.1389957303929485,,2.6741450629156094,
2016-05-20,San Pedro Bay,30.466109186410904,34.56221194937825,-0.06714072078466415,0.006103701889514923,12.512589484453201,0.9504131,0.0,-2.360017373393061,0.9585882374621189,,2.5472678327411535,
2016-05-21,San Pedro Bay,30.42362742125988,34.55458232201636,-0.06591998040676117,0.0,12.817774593830109,0.5991363,0.0,-2.4470185023979276,1.314914804932708,,2.7779309738200872,
2016-05-22,San Pedro Bay,30.37382121384144,34.53779714182019,-0.030518509447574615,0.014648884534835815,12.970367148518562,0.4886596,38.925636291503906,-1.7273053561419762,1.8988207356488758,,2.5669250046479535,
2016-05-23,San Pedro Bay,30.294717237353325,34.5301675144583,0.0,0.019531846046447754,13.428144812583923,0.4744877,12.975212097167969,-0.08628931834418394,1.1075681314475332,,1.11092439538363,
2016-05-24,San Pedro Bay,30.34598833322525,34.522537887096405,0.03418073058128357,0.02868739888072014,12.512589484453201,0.6842077,0.0,-0.7611770393659093,0.8375532555575403,,1.1317623165456983,
2016-05-25,San Pedro Bay,30.301309235394,34.51796011067927,0.01892147585749626,0.0238044373691082,13.122959703207016,1.4910576,0.0,-1.0019679622497297,1.3377564143041831,,1.6713862573884175,
2016-05-26,San Pedro Bay,30.477828294038773,34.521011961624026,-0.005493331700563431,0.025025177747011185,12.359996929764748,1.7971673,9.399678230285645,-2.0531477263071842,1.225578196215009,,2.3911205534389093,
2016-05-27,San Pedro Bay,30.519577614963055,34.51796011067927,-0.01342814415693283,0.0158696249127388,12.359996929764748,2.3447874,0.0,-1.83637477575655,1.1902497052293683,,2.1883707816166615,
2016-05-28,San Pedro Bay,30.717337556183338,34.51643418520689,-0.03479110077023506,0.012817773967981339,12.05481182038784,0.64353967,0.0,-1.5131117394210665,0.8805727175161755,,1.7506899916340608,
2016-05-29,San Pedro Bay,30.822809524834156,34.522537887096405,-0.02075258642435074,0.02136295661330223,12.207404375076294,0.466598,0.0,-1.7360316774957076,1.380324948030605,,2.2179050807967986,
2016-05-30,San Pedro Bay,30.830133967101574,34.51796011067927,-0.03479110077023506,0.01342814415693283,12.512589484453201,1.1231221,9.399678230285645,-1.898010791915246,1.0659967251617914,,2.176877117405207,
2016-05-31,San Pedro Bay,30.928281493484974,34.51338233426213,-0.02136295661330223,0.017700735479593277,12.207404375076294,0.48662624,9.399678230285645,-1.141043865512528,0.9252218852272746,,1.4690189379062761,
2016-06-01,San Pedro Bay,31.018372133374214,34.521011961624026,0.03234962001442909,0.032959990203380585,12.207404375076294,0.45859614,0.0,-0.025819222203421508,0.86985341156782,,0.8702365137428819,
2016-06-02,San Pedro Bay,30.974425479769707,34.533219365403056,0.06286812946200371,0.03357036039233208,12.665182039141655,1.1668544,0.0,0.14622781582877878,0.7822383607852632,,0.7957885568453915,
2016-06-03,San Pedro Bay,31.11944943666458,34.54237491823733,0.036011841148138046,0.027466658502817154,11.749626711010933,1.0669982,3.0978922843933105,0.037499237616367385,0.4897260887590148,,0.49115968363966034,
2016-06-04,San Pedro Bay,31.083559669554234,34.54084899276495,-0.004272591322660446,0.02929776906967163,12.05481182038784,0.5318956,0.0,-0.12243206810971763,0.5405130287189106,,0.5542056888164469,
2016-06-05,San Pedro Bay,31.16046631336212,34.5301675144583,-0.03234962001442909,0.014648884534835815,10.681478828191757,0.24894814,9.293676376342773,0.11040996917786762,-0.3037325565100774,,0.3231777021670973,
2016-06-06,San Pedro Bay,31.223456516861916,34.533219365403056,-0.06958220154047012,0.0012207403779029846,11.291849046945572,0.22030696,18.175878524780273,0.0750899019679673,0.31011313581728794,,0.31907467838108156,
2016-06-07,San Pedro Bay,31.31940671056509,34.55610824748874,-0.027466658502817154,-0.0024414807558059692,11.59703415632248,0.42592394,0.0,0.3093202125947992,0.37592135369284235,,0.48682220376843005,
2016-06-08,San Pedro Bay,31.332590706646442,34.56221194937825,-0.011597033590078354,-0.017090365290641785,10.528886273503304,0.35322347,0.0,0.22939793566487732,0.4771143817547907,,0.5293973424230266,
2016-06-09,San Pedro Bay,31.276924945414066,34.56678972579539,-0.046388134360313416,0.01342814415693283,12.05481182038784,0.29172164,0.0,-0.3235307818525272,0.8367537264476843,,0.8971226033994426,
2016-06-10,San Pedro Bay,31.337717816233635,34.57747120410204,-0.08911404758691788,0.007324442267417908,12.05481182038784,0.53084046,9.087939262390137,-1.2790762877746946,1.1311377484843121,,1.7074860924744462,
2016-06-11,San Pedro Bay,31.27033294737339,34.57441935315728,-0.13122959062457085,-0.004272591322660446,12.512589484453201,1.1597526,0.0,-1.7282750416263086,1.403026314861483,,2.226076696725028,
2016-06-12,San Pedro Bay,31.16046631336212,34.56221194937825,-0.10254219174385071,-0.006103701889514923,13.122959703207016,1.1088307,12.91625690460205,-1.103836774052322,1.0433867048353491,,1.5189178514907924,
2016-06-13,San Pedro Bay,31.214667186141014,34.55000454559922,-0.06164738908410072,0.011597033590078354,12.359996929764748,1.1381408,0.0,-0.18598037773792744,0.8045731180353239,,0.8257884736230129,
2016-06-14,San Pedro Bay,31.30695515871048,34.545426769182086,-0.07385479286313057,0.017090365290641785,12.207404375076294,1.7180637,0.0,-1.2453412715942942,0.9500049773300951,,1.5663282988211789,
2016-06-15,San Pedro Bay,31.208075188100338,34.536271216347814,-0.05371257662773132,0.014648884534835815,12.665182039141655,1.57222,0.0,-1.8217542129554882,1.1115525427287172,,2.1340893766821827,
2016-06-16,San Pedro Bay,31.190496526658535,34.53169343993068,-0.07385479286313057,-0.004272591322660446,12.817774593830109,0.29451847,0.0,-1.8706573164457523,0.678575210977417,,1.9899304290665716,
2016-06-17,San Pedro Bay,31.12750632315874,34.51948603615165,-0.0872829370200634,-0.02075258642435074,13.27555225789547,0.27566984,10.205963134765625,-2.9809594707967784,0.7080657684816432,,3.0638989048316376,
2016-06-18,San Pedro Bay,31.074770338833332,34.510330483317375,-0.0952177494764328,-0.028077028691768646,13.27555225789547,0.217709,10.205963134765625,-3.7010368553326867,0.31226026781332156,,3.7141863549619734,
2016-06-19,San Pedro Bay,30.965636149048805,34.499649005010724,-0.07446516305208206,-0.015259254723787308,14.038515031337738,0.199848,15.308944702148438,-2.6695432385685223,0.9186363681214273,,2.823181517264209,
2016-06-20,San Pedro Bay,31.068178340792656,34.463026793673635,-0.06836146116256714,-0.0048829615116119385,12.05481182038784,0.21716784,0.0,-1.6453054444396238,0.46189035887086266,,1.708909801341347,
2016-06-21,San Pedro Bay,31.097476109862328,34.461500868201256,-0.03723258152604103,-0.017700735479593277,12.207404375076294,0.46714175,27.944011688232422,-0.903434802178587,0.024600232118833575,,0.9037696682273438,
2016-06-22,San Pedro Bay,31.107730329036713,34.44471568800509,-0.014038514345884323,0.010986663401126862,12.207404375076294,0.58970493,5.588802337646484,-1.1611786435649798,0.8124744507072543,,1.4171981425769162,
2016-06-23,San Pedro Bay,30.929746381938457,34.438611986115575,-0.009765923023223877,0.016479995101690292,13.122959703207016,0.73242927,5.588802337646484,-1.2915547772175162,1.4103170177290572,,1.9123566176447242,
2016-06-24,San Pedro Bay,31.01690724492073,34.40656755119562,-0.04028443247079849,0.008545182645320892,12.207404375076294,0.6303167,0.0,-1.2900036513011928,0.7296954171848155,,1.482081246838692,
2016-06-25,San Pedro Bay,30.86895351111889,34.38825644552708,-0.05249183624982834,-0.0024414807558059692,12.665182039141655,0.5609874,16.766407012939453,-1.1793596669533168,0.2765538220263782,,1.211350998065233,
2016-06-26,San Pedro Bay,30.86602373421192,34.353160159662366,-0.02136295661330223,-0.014038514345884323,12.05481182038784,0.5315342,0.0,-0.4784475928213797,0.7353159734307319,,0.877269445415123,
2016-06-27,San Pedro Bay,30.740775771439075,34.366893488913774,-0.035401470959186554,0.015259254723787308,13.885922476649284,0.4152045,27.656681060791016,-1.382897434427893,1.1172430097318597,,1.7778181169461496,
2016-06-28,San Pedro Bay,30.650685131549835,34.35926386155188,-0.06653035059571266,-0.0006103701889514923,13.73332992196083,0.27510336,0.0,-2.1052485898722324,0.6803173908169471,,2.2124428529132683,
2016-06-29,San Pedro Bay,30.556932270526886,34.35163423418999,-0.08667256683111191,-0.003662221133708954,13.580737367272377,0.27595097,13.828340530395508,-1.4080197248200534,0.3066181897311758,,1.4410184800190324,
2016-06-30,San Pedro Bay,30.53862116485834,34.34400460682809,-0.09765923023223877,-0.006103701889514923,12.512589484453201,0.30491948,13.828340530395508,-1.4631117847204385,0.5490370128982012,,1.5627340580277906,
2016-07-01,San Pedro Bay,30.510788284242153,34.34705645777285,-0.0872829370200634,-0.0024414807558059692,12.207404375076294,0.30113223,39.93553924560547,-0.2036743886629172,0.4703502596447078,,0.512554995434692,
2016-07-02,San Pedro Bay,30.49687184393406,34.33790090493858,-0.014038514345884323,-0.009155552834272385,11.749626711010933,0.24233413,39.93553924560547,1.6605734975142656,-0.057970309598579,,1.6615850557349499,
2016-07-03,San Pedro Bay,30.43168430775404,34.34705645777285,-0.01342814415693283,-0.02624591812491417,11.902219265699387,0.23806962,0.0,2.215401989220389,-0.5872681486945303,,2.2919183781960384,
2016-07-04,San Pedro Bay,30.33793144673109,34.34553053230047,-0.017090365290641785,-0.025025177747011185,11.902219265699387,0.24507834,9.983884811401367,2.440815531912999,-0.5066785820588915,,2.4928505062167177,
2016-07-05,San Pedro Bay,30.282265685498714,34.3577379360795,0.0079348124563694,0.006103701889514923,12.512589484453201,0.24317971,0.0,2.1127238573953178,-0.10181514051025439,,2.1151757422125645,
2016-07-06,San Pedro Bay,30.124057732522488,34.35621201060712,0.02136295661330223,0.027466658502817154,13.428144812583923,0.26819566,0.0,2.0453777395342274,0.6571970385773719,,2.148366366543894,
2016-07-07,San Pedro Bay,29.987823106348515,34.36231571249664,0.035401470959186554,0.04150517284870148,14.343700140714645,0.51035213,0.0,1.3347023575422312,1.9001155816385225,,2.3220399666703178,
2016-07-08,San Pedro Bay,29.8999297991395,34.36384163796902,0.020142216235399246,0.03723258152604103,14.343700140714645,0.57590634,5.7466864585876465,0.10764618963348574,2.1986845665652597,,2.2013181336178724,
2016-07-09,San Pedro Bay,29.849391147494316,34.354686085134745,0.01037629321217537,0.025025177747011185,13.73332992196083,1.0452709,11.493372917175293,-0.05870061356844955,1.7047712837783648,,1.7057816073661503,
2016-07-10,San Pedro Bay,29.913846239447594,34.34705645777285,-0.005493331700563431,0.022583696991205215,12.817774593830109,1.0407491,0.0,-1.5001670670150902,1.6028502180020665,,2.195365584659177,
2016-07-11,San Pedro Bay,30.234656810760498,34.33942683041096,-0.03662221133708954,0.020142216235399246,11.444441601634026,0.811834,0.0,-0.6835038773594602,0.5015078246163188,,0.8477544741945089,
2016-07-12,San Pedro Bay,30.42362742125988,34.33332312852144,-0.04577776417136192,0.003662221133708954,11.139256492257118,0.8134684,11.3608980178833,-0.4920930796107266,0.4684419351442342,,0.6794066864569732,
2016-07-13,San Pedro Bay,30.438276305794716,34.328745352104306,-0.029908139258623123,0.02075258642435074,12.05481182038784,1.0702533,11.3608980178833,0.08986146703162126,0.3621067265199743,,0.37309029020879997,
2016-07-14,San Pedro Bay,30.47709584981203,34.331797203049064,-0.043946653604507446,0.020142216235399246,12.512589484453201,1.0699791,0.0,-0.9194743830176,1.08667656695403,,1.423481331873584,
2016-07-15,San Pedro Bay,30.647755354642868,34.33332312852144,-0.08545182645320892,0.0024414807558059692,12.05481182038784,1.3288488,0.0,-1.6144622978575778,1.346866233245104,,2.102507351107107,
2016-07-16,San Pedro Bay,30.777397982776165,34.33484905399382,-0.10010071098804474,-0.0030518509447574615,12.05481182038784,2.1782243,0.0,-0.8912857035957699,0.37671962644305557,,0.967630033836074,
2016-07-17,San Pedro Bay,30.797173976898193,34.33484905399382,-0.11658070608973503,-0.0030518509447574615,12.207404375076294,2.1778796,15.59360122680664,-0.9927545882619859,0.3233501869634695,,1.044086689851248,
2016-07-18,San Pedro Bay,30.749565102159977,34.33484905399382,-0.11352885514497757,-0.0048829615116119385,12.665182039141655,0.45307013,7.79680061340332,-1.4008849478926955,0.45346272791511244,,1.4724493481408911,
2016-07-19,San Pedro Bay,30.719534888863564,34.3363749794662,-0.10864589363336563,-0.014038514345884323,12.817774593830109,1.2661018,7.79680061340332,-1.577691810416405,0.3951749863770792,,1.6264300533724525,
2016-07-20,San Pedro Bay,30.70195622742176,34.342478681355715,-0.10254219174385071,-0.009155552834272385,12.970367148518562,1.7086657,0.0,-2.1530405233155676,0.6348399268340508,,2.244683770098059,
2016-07-21,San Pedro Bay,30.849909961223602,34.34400460682809,-0.10254219174385071,-0.025025177747011185,12.05481182038784,1.1795768,0.0,-0.880271244123287,-0.0013639466858390175,,0.8802723008143114,
2016-07-22,San Pedro Bay,30.806695751845837,34.34705645777285,-0.08178960531949997,-0.02624591812491417,12.512589484453201,1.0411448,7.098385810852051,-0.015826488727054444,-0.31935645855138683,,0.31974837820372326,
2016-07-23,San Pedro Bay,31.043275237083435,34.34705645777285,-0.06408886983990669,-0.012817773967981339,11.444441601634026,0.60244924,3.5491929054260254,0.03298252362653555,0.10447999973772096,,0.10956238957767007,
2016-07-24,San Pedro Bay,31.26227606087923,34.35010830871761,-0.0158696249127388,-0.0006103701889514923,11.291849046945572,1.151869,0.0,-0.20430815239617095,0.5692679614955697,,0.6048204966110676,
2016-07-25,San Pedro Bay,31.14362009614706,34.35621201060712,-0.03662221133708954,0.017700735479593277,12.05481182038784,1.888375,0.0,-0.9554959208817344,0.9473237312268767,,1.345509088251449,
2016-07-26,San Pedro Bay,31.071108117699623,34.36231571249664,-0.08056886494159698,0.0006103701889514923,12.665182039141655,1.5673943,7.673545837402344,-1.7259539520750775,0.8366030861000422,,1.9180254868889761,
2016-07-27,San Pedro Bay,31.17658008635044,34.34400460682809,-0.08545182645320892,-0.035401470959186554,12.207404375076294,0.46414182,7.673545837402344,-1.4428353687652462,0.05227664521422813,,1.4437820988621513,
2016-07-28,San Pedro Bay,31.07843255996704,34.32569350115955,-0.06958220154047012,-0.021973326802253723,12.359996929764748,0.46240026,38.36772918701172,0.3917221833762842,-0.7837268457372296,,0.8761700963159554,
2016-07-29,San Pedro Bay,30.94366282224655,34.3150120228529,-0.025635547935962677,-0.006103701889514923,13.27555225789547,0.45827863,53.714820861816406,3.751602205063889,-0.9545601181450548,,3.871137316628453,
2016-07-30,San Pedro Bay,30.749565102159977,34.318063873797655,0.020142216235399246,0.03357036039233208,14.343700140714645,1.5904044,7.673545837402344,2.0769977871491676,1.6559524517105437,,2.6563317432407985,
2016-07-31,San Pedro Bay,30.563524268567562,34.32416757568717,0.03723258152604103,0.04943998530507088,14.343700140714645,1.5944325,0.0,1.4458255905514168,2.415425334957958,,2.8150828028763413,
2016-08-01,San Pedro Bay,30.48954740166664,34.32569350115955,0.009765923023223877,0.02929776906967163,13.73332992196083,1.6142635,0.0,-0.1561238018359023,1.6114541511281737,,1.6189994202247013,
2016-08-02,San Pedro Bay,30.61186558753252,34.28754536435008,0.0238044373691082,0.014648884534835815,11.749626711010933,1.4393263,0.0,0.36942501524140714,0.20188659358098812,,0.42099054449458717,
2016-08-03,San Pedro Bay,30.770073540508747,34.28449351340532,-0.03906369209289551,-0.0238044373691082,11.902219265699387,1.094451,0.0,0.7447832928516114,-0.3154660161105724,,0.8088392674886433,
2016-08-04,San Pedro Bay,30.65654468536377,34.281441662460566,-0.007324442267417908,-0.012817773967981339,12.817774593830109,0.43352854,16.479721069335938,1.9372103844141209,-0.7253095836021686,,2.068540080720472,
2016-08-05,San Pedro Bay,30.549607828259468,34.27991573698819,0.017700735479593277,0.014648884534835815,13.428144812583923,0.45121166,12.35979175567627,2.31294448347753,-0.36606791669370736,,2.34173395228442,
2016-08-06,San Pedro Bay,30.389202542603016,34.28754536435008,0.0476088747382164,0.04455702379345894,14.343700140714645,0.53250784,4.2566375732421875,2.511585243048752,1.1645888015445287,,2.768452186652892,
2016-08-07,San Pedro Bay,30.236854143440723,34.30433054454625,0.07385479286313057,0.059816278517246246,14.343700140714645,0.5328272,4.2566375732421875,2.5948449196788026,1.5434023941563524,,3.019157350564964,
2016-08-08,San Pedro Bay,30.087435521185398,34.32111572474241,0.08362071588635445,0.06286812946200371,14.343700140714645,0.53278697,4.2566375732421875,2.6956890590522957,2.1716411332277534,,3.4616130220781427,
2016-08-09,San Pedro Bay,29.9980773255229,34.328745352104306,0.08423108607530594,0.059205908328294754,14.343700140714645,0.3684878,0.0,2.712979394842105,2.0274025597109038,,3.386830130957288,
2016-08-10,San Pedro Bay,29.96511733531952,34.331797203049064,0.07690664380788803,0.05493331700563431,14.343700140714645,0.36753404,0.0,1.8136876895337861,1.9044880881531525,,2.6299311612822973,
2016-08-11,San Pedro Bay,29.975371554493904,34.340952755883336,0.07385479286313057,0.04699850454926491,13.73332992196083,0.34230703,0.0,2.289234235149495,1.5008888013458104,,2.73738206638857,
2016-08-12,San Pedro Bay,29.988555550575256,34.35010830871761,0.07690664380788803,0.04211554303765297,13.580737367272377,0.32415715,4.424982070922852,2.395744031166761,1.0920446702712217,,2.632897837884893,
2016-08-13,San Pedro Bay,29.958525337278843,34.35010830871761,0.08301034569740295,0.0476088747382164,14.343700140714645,0.3142539,0.0,2.5814029971008488,1.3797831070155482,,2.9270194491746593,
2016-08-14,San Pedro Bay,29.92849512398243,34.340952755883336,0.08484145626425743,0.04943998530507088,14.038515031337738,0.33379343,0.0,2.6996666182981555,1.4103223931450697,,3.0458511294151975,
2016-08-15,San Pedro Bay,29.88015380501747,34.33484905399382,0.07812738418579102,0.05005035549402237,14.343700140714645,0.3216673,4.424982070922852,2.3339744975641237,1.305279079758811,,2.6741709801984825,
2016-08-16,San Pedro Bay,29.885280914604664,34.330271277576685,0.07202368229627609,0.04455702379345894,13.73332992196083,0.38947228,7.906458854675293,1.9822447802248493,0.863011892185013,,2.161962972574095,
2016-08-17,San Pedro Bay,29.915311127901077,34.330271277576685,0.06653035059571266,0.04272591322660446,13.428144812583923,0.38311732,0.0,2.3881939028310373,0.865447303934424,,2.5401710874283068,
2016-08-18,San Pedro Bay,29.923368014395237,34.33484905399382,0.059205908328294754,0.03784295171499252,13.428144812583923,0.38161084,2.635486364364624,1.618387906959858,0.05018312168860327,,1.6191657614636998,
2016-08-19,San Pedro Bay,29.946073785424232,34.330271277576685,0.05859553813934326,0.02685628831386566,13.122959703207016,0.31117842,5.270972728729248,2.889116901792085,-0.35792971683721764,,2.9112042447097157,
2016-08-20,San Pedro Bay,29.814966268837452,34.3150120228529,0.06042664870619774,0.03723258152604103,14.343700140714645,0.30013064,7.906458854675293,3.4551982423613206,0.08034154072258834,,3.4561321816710713,
2016-08-21,San Pedro Bay,29.661885425448418,34.29975276812911,0.07629627361893654,0.05005035549402237,14.343700140714645,0.3580229,0.0,2.0697928507664836,1.469222023247236,,2.538238719797401,
2016-08-22,San Pedro Bay,29.672872088849545,34.293649066239595,0.0714133121073246,0.04943998530507088,13.428144812583923,0.35674518,0.0,2.08116273711364,2.1302346592510335,,2.9781098102361345,
2016-08-23,San Pedro Bay,29.731467626988888,34.29975276812911,0.06469924002885818,0.0476088747382164,13.122959703207016,0.3491845,0.0,2.0326415305185317,1.5044697232179765,,2.528845732674948,
2016-08-24,San Pedro Bay,29.866237364709377,34.305856470018625,0.06591998040676117,0.04577776417136192,12.665182039141655,0.66474634,0.0,1.582467055603387,0.7686706317782489,,1.7592772726970658,
2016-08-25,San Pedro Bay,29.919705793261528,34.305856470018625,0.054322946816682816,0.04150517284870148,12.970367148518562,0.6647985,0.0,1.3399058554897134,1.0896728841490568,,1.7270595519626255,
2016-08-26,San Pedro Bay,29.939481787383556,34.30127869360149,0.04455702379345894,0.04211554303765297,12.970367148518562,0.7499744,0.0,1.240060709511115,1.0628268791197217,,1.633202846633748,
2016-08-27,San Pedro Bay,29.93215734511614,34.29975276812911,0.04211554303765297,0.03662221133708954,13.27555225789547,0.71315426,0.0,1.2482696526634338,0.9952901805723825,,1.5964897961791973,
2016-08-28,San Pedro Bay,30.025910206139088,34.30433054454625,0.03784295171499252,0.03906369209289551,12.817774593830109,0.69363654,5.550815582275391,0.7628263973291288,0.9720859095563764,,1.2356597946118444,
2016-08-29,San Pedro Bay,30.13357950747013,34.31043424643576,0.036011841148138046,0.03418073058128357,12.665182039141655,0.6199041,0.0,0.3283226864094275,0.7074987195139572,,0.7799680919915842,
2016-08-30,San Pedro Bay,30.27640613168478,34.316537948325276,0.025635547935962677,0.03357036039233208,12.359996929764748,0.6259824,0.0,0.3289738346925753,0.6398026274485229,,0.7194242044874298,
2016-08-31,San Pedro Bay,30.37015899270773,34.32264165021479,0.02075258642435074,0.02929776906967163,12.512589484453201,0.62767255,0.0,-0.28421832776336503,1.1124595691134689,,1.1481926453120699,
2016-09-01,San Pedro Bay,30.678518012166023,34.32721942663193,0.027466658502817154,0.025025177747011185,11.749626711010933,0.22821455,0.0,0.5190042184594373,0.49960369102622787,,0.7203951879806819,
2016-09-02,San Pedro Bay,30.69829400628805,34.330271277576685,0.021973326802253723,0.025635547935962677,12.207404375076294,0.902327,0.0,1.1872261441206333,0.1832186008843454,,1.2012805554880026,
2016-09-03,San Pedro Bay,30.654347352683544,34.331797203049064,0.01892147585749626,0.017090365290641785,12.817774593830109,0.90128446,9.81363582611084,1.0993923369334448,0.45063025310770777,,1.1881629246546526,
2016-09-04,San Pedro Bay,30.674855791032314,34.33332312852144,0.0024414807558059692,0.0317392498254776,12.817774593830109,0.5201535,0.0,-0.2096134961160637,1.4564469568507867,,1.4714535520613339,
2016-09-05,San Pedro Bay,30.71440777927637,34.33484905399382,-0.016479995101690292,0.025635547935962677,12.665182039141655,0.52677417,0.0,-0.8632523895249524,1.0952494362346605,,1.3945522634856256,
2016-09-06,San Pedro Bay,30.912900164723396,34.32721942663193,-0.05859553813934326,0.006714072078466415,11.749626711010933,0.528616,5.004460334777832,-0.8710616441647482,0.22488458280224183,,0.8996229563084374,
2016-09-07,San Pedro Bay,31.023499242961407,34.307382395491004,-0.0555436871945858,-0.035401470959186554,11.59703415632248,0.45552796,10.008920669555664,-0.18101330524770243,-0.40936762490440853,,0.4476021324754546,
2016-09-08,San Pedro Bay,30.86089662462473,34.32264165021479,-0.06530961021780968,-0.02624591812491417,12.665182039141655,0.63931173,30.026763916015625,-0.7866335695362603,-0.10341698832524222,,0.7934024490733701,
2016-09-09,San Pedro Bay,30.978820145130157,34.316537948325276,-0.05493331700563431,-0.032959990203380585,12.05481182038784,0.68975234,15.013381958007812,-0.5644349312259629,0.37542533988991805,,0.6778871420963212,
2016-09-10,San Pedro Bay,30.999328583478928,34.30280461907387,-0.011597033590078354,-0.016479995101690292,11.749626711010933,0.68896,0.0,0.18463359643974178,0.3918676241808944,,0.4331856412849485,
2016-09-11,San Pedro Bay,30.936338379979134,34.32721942663193,0.0,0.0030518509447574615,12.665182039141655,0.48574317,4.753396987915039,1.182947206942481,-0.4386417143344405,,1.2616539335203112,
2016-09-12,San Pedro Bay,30.850642405450344,34.3363749794662,-0.0024414807558059692,-0.0079348124563694,12.970367148518562,0.47898987,14.2601900100708,2.2403078725364987,-0.6773190472061109,,2.34045731758928,
2016-09-13,San Pedro Bay,30.679982900619507,34.34553053230047,0.0079348124563694,0.014038514345884323,13.73332992196083,0.5126113,0.0,1.4698384634445296,0.010534113942017509,,1.4698762111747776,
2016-09-14,San Pedro Bay,30.588427372276783,34.35010830871761,0.012817773967981339,0.012817773967981339,13.27555225789547,1.0448232,4.753396987915039,1.8300552778713304,-0.06377591227165036,,1.8311662095644932,
2016-09-15,San Pedro Bay,30.536423832178116,34.34400460682809,0.023194067180156708,0.02929776906967163,13.122959703207016,1.0474586,4.753396987915039,1.56158949449462,0.9320070977258055,,1.8185705868970943,
2016-09-16,San Pedro Bay,30.491012290120125,34.340952755883336,0.01892147585749626,0.03357036039233208,13.428144812583923,0.70726526,0.0,0.30081095759604454,1.7237374048073866,,1.7497879508506031,
2016-09-17,San Pedro Bay,30.596484258770943,34.33942683041096,0.007324442267417908,0.029908139258623123,12.665182039141655,0.70168424,0.0,-0.390897925180018,1.4928885321402694,,1.5432165620242582,
2016-09-18,San Pedro Bay,30.84551529586315,34.331797203049064,0.0048829615116119385,0.027466658502817154,11.902219265699387,1.0489618,17.840307235717773,-0.2597212375524905,0.9164956123183537,,0.9525856017359234,
2016-09-19,San Pedro Bay,30.892391726374626,34.316537948325276,-0.01831110566854477,0.022583696991205215,12.05481182038784,1.2070981,0.0,0.13962670188604173,-0.08370814050094239,,0.16279640249618257,
2016-09-20,San Pedro Bay,30.97589036822319,34.3150120228529,-0.08239997550845146,0.001831110566854477,12.359996929764748,1.208036,17.840307235717773,-0.750847187316357,0.4027693369537168,,0.852053189355583,
2016-09-21,San Pedro Bay,30.957579262554646,34.29670091718435,-0.08301034569740295,-0.005493331700563431,12.817774593830109,1.1276559,7.240701675415039,-1.4783551439527445,0.8553393155235716,,1.707963487997291,
2016-09-22,San Pedro Bay,31.11944943666458,34.27533796057105,-0.06286812946200371,-0.0158696249127388,12.05481182038784,1.128522,7.240701675415039,-0.6363761967022267,0.4539149260550937,,0.781673476475179,
2016-09-23,San Pedro Bay,31.07037567347288,34.257026854902506,-0.022583696991205215,-0.027466658502817154,12.359996929764748,0.96867126,7.240701675415039,1.1773511175525389,-0.7779516383933504,,1.4111571158737466,
2016-09-24,San Pedro Bay,30.911435276269913,34.25244907848537,0.006103701889514923,-0.003662221133708954,12.970367148518562,0.9244686,3.6203508377075195,2.222873440530334,-0.5856281714736568,,2.298722838412396,
2016-09-25,San Pedro Bay,30.731986440718174,34.25550092943013,0.038453321903944016,0.035401470959186554,13.885922476649284,0.45962107,0.0,2.277303450486069,0.36456062075428425,,2.3062990811688984,
2016-09-26,San Pedro Bay,30.540818497538567,34.26618240773678,0.056764427572488785,0.05371257662773132,14.343700140714645,0.5240426,0.0,1.591124464560916,1.7891695313172924,,2.394327603632887,
2016-09-27,San Pedro Bay,30.41923275589943,34.27228610962629,0.048829615116119385,0.046388134360313416,13.73332992196083,0.4964043,15.705985069274902,0.38715844508377684,2.0555957632512003,,2.0917374604610335,
2016-09-28,San Pedro Bay,30.307901233434677,34.2646564822644,0.0048829615116119385,0.012817773967981339,14.343700140714645,0.4957125,26.1766414642334,-0.4901109611177233,1.511748046107273,,1.5892107818401233,
2016-09-29,San Pedro Bay,30.328409671783447,34.244819451123476,0.0079348124563694,0.005493331700563431,12.665182039141655,0.41036227,0.0,0.1815631565048771,0.2973620775117173,,0.34840979455534693,
2016-09-30,San Pedro Bay,30.408978536725044,34.246345376595855,0.025635547935962677,-0.0030518509447574615,12.665182039141655,0.41938826,5.235328674316406,2.0705323270144262,-0.9002493777743429,,2.257776131372388,
2016-10-01,San Pedro Bay,30.347453221678734,34.24939722754061,0.0238044373691082,-0.0030518509447574615,12.970367148518562,0.97957045,6.1204752922058105,2.448719294862768,-0.9239080492507009,,2.617218422009032,
2016-10-02,San Pedro Bay,30.287392795085907,34.25397500395775,0.028077028691768646,0.016479995101690292,13.122959703207016,0.9849236,18.361425399780273,1.6545834561848265,-0.14049902221400012,,1.6605379817166532,
2016-10-03,San Pedro Bay,30.213415928184986,34.2646564822644,0.02136295661330223,0.01831110566854477,13.428144812583923,1.0015887,12.240950584411621,1.0974565977544626,-0.13014485075881338,,1.1051464455599693,
2016-10-04,San Pedro Bay,30.097689740359783,34.26770833320916,0.0030518509447574615,0.012207403779029846,14.343700140714645,0.92436945,12.240950584411621,1.7203468069097634,-0.11778545387533851,,1.7243742485867846,
2016-10-05,San Pedro Bay,30.024445317685604,34.26160463131964,0.006103701889514923,0.02624591812491417,13.27555225789547,1.2638247,18.361425399780273,0.5777455513126307,1.5772258520552684,,1.6797116747980896,
2016-10-06,San Pedro Bay,30.02298042923212,34.25244907848537,-0.023194067180156708,0.01892147585749626,12.817774593830109,1.2838855,18.1331729888916,-1.2258749380199487,1.4877851647062408,,1.9277640052624152,
2016-10-07,San Pedro Bay,30.099154628813267,34.223456494510174,-0.09582811966538429,-0.014038514345884323,12.207404375076294,1.53503,0.0,-1.2398175630469035,0.46417446199320245,,1.3238600835459318,
2016-10-08,San Pedro Bay,30.188512824475765,34.20819723978639,-0.08911404758691788,-0.04028443247079849,12.05481182038784,1.2860473,0.0,0.19396042654834705,-0.36849602364303186,,0.41642522318844066,
2016-10-09,San Pedro Bay,30.187780380249023,34.199041686952114,-0.05737479776144028,-0.031128879636526108,12.359996929764748,0.9592424,6.044391632080078,0.48948647908181003,-0.4841129644808134,,0.6884492541809517,
2016-10-10,San Pedro Bay,30.225867480039597,34.160893550142646,-0.06286812946200371,-0.03234962001442909,11.749626711010933,1.1662937,0.0,0.7772647163648307,-0.7792632201940259,,1.1006323662571729,
2016-10-11,San Pedro Bay,30.222205258905888,34.14105651900172,-0.07690664380788803,-0.023194067180156708,11.902219265699387,0.98042774,25.768524169921875,-0.008878866926203724,-0.3470522700512565,,0.34716582842443394,
2016-10-12,San Pedro Bay,30.192907489836216,34.13495281711221,-0.038453321903944016,-0.0238044373691082,12.512589484453201,0.5874296,0.0,1.2306538353266958,-0.6348149149502671,,1.3847378230725198,
2016-10-13,San Pedro Bay,30.025177761912346,34.11969356238842,-0.025635547935962677,-0.0079348124563694,13.428144812583923,0.5883388,25.768524169921875,2.3206594160072247,-0.933913153089019,,2.501530312152077,
2016-10-14,San Pedro Bay,29.865504920482635,34.09375282935798,0.012817773967981339,0.02075258642435074,13.73332992196083,0.48164177,45.094913482666016,3.426575960185451,1.2369691413620054,,3.6430091226351196,
2016-10-15,San Pedro Bay,29.74025695770979,34.0708639472723,0.04028443247079849,0.043336283415555954,14.038515031337738,0.9068743,19.326391220092773,0.635010574470175,2.423653786613007,,2.5054612563463254,
2016-10-16,San Pedro Bay,29.814966268837452,34.049500990659,0.017700735479593277,0.02685628831386566,12.207404375076294,0.65724224,0.0,0.02967533735859765,0.7649556653879678,,0.7655310546649922,
2016-10-17,San Pedro Bay,30.041291534900665,34.03271581046283,-0.025635547935962677,-0.025025177747011185,11.59703415632248,0.6203989,6.936916351318359,1.4383836711224396,-1.0388581445023073,,1.7743093951592668,
2016-10-18,San Pedro Bay,29.83108004182577,34.03576766140759,0.01342814415693283,0.0006103701889514923,12.970367148518562,0.5083894,0.0,3.8029541068933246,-0.8997833435326528,,3.9079495908258086,
2016-10-19,San Pedro Bay,29.667744979262352,34.041871363297105,0.04699850454926491,0.05066072568297386,14.343700140714645,0.4813037,6.936916351318359,0.9305862039199326,2.3427708676985795,,2.520826456038429,
2016-10-20,San Pedro Bay,29.61793877184391,34.03576766140759,0.01892147585749626,0.029908139258623123,13.27555225789547,0.29931366,0.0,-1.0552385175960004,1.4515887165205377,,1.7946136439211495,
2016-10-21,San Pedro Bay,29.612079218029976,34.00830100290477,-0.043336283415555954,0.0012207403779029846,12.970367148518562,0.3292449,0.0,-1.9084498448848444,1.0339646030241345,,2.170544542447319,
2016-10-22,San Pedro Bay,29.709494300186634,33.97473064251244,-0.08117923513054848,-0.009155552834272385,12.207404375076294,0.34437495,0.0,-1.993711391579466,0.7127802919983052,,2.117295647181782,
2016-10-23,San Pedro Bay,29.888943135738373,33.95947138778865,-0.09216589853167534,-0.008545182645320892,11.749626711010933,0.31948102,0.0,-1.7708754572017882,0.2718169282261004,,1.7916150053485027,
2016-10-24,San Pedro Bay,29.9087191298604,33.93963435664773,-0.0872829370200634,-0.019531846046447754,12.05481182038784,1.8791951,0.0,-1.816668507721071,-0.5041123851970913,,1.885315295608298,
2016-10-25,San Pedro Bay,29.807641826570034,33.92437510192394,-0.08362071588635445,-0.030518509447574615,12.817774593830109,0.6387808,0.0,-2.427193535361924,-0.23129017841453559,,2.438188590887453,
2016-10-26,San Pedro Bay,29.78127383440733,33.909115847200155,-0.08789330720901489,-0.035401470959186554,12.817774593830109,0.85246336,7.381416320800781,-2.3378366380268716,-0.3523822407729106,,2.3642447821054664,
2016-10-27,San Pedro Bay,29.713888965547085,33.90758992172778,-0.09399700909852982,-0.03906369209289551,13.428144812583923,0.84981656,14.762832641601562,-2.6776726862493514,-0.6376362143782512,,2.7525462678350103,
2016-10-28,San Pedro Bay,29.639912098646164,33.909115847200155,-0.09887997061014175,-0.035401470959186554,13.428144812583923,0.8526854,0.0,-2.5341143070905363,-0.2741480266205467,,2.548900245576686,
2016-10-29,San Pedro Bay,29.555681012570858,33.91521954908967,-0.09277626872062683,-0.028077028691768646,13.428144812583923,0.8655758,29.525665283203125,-2.6296301697159343,-0.3853070772091311,,2.6577088578750865,
2016-10-30,San Pedro Bay,29.504409916698933,33.93047880381346,-0.0872829370200634,-0.032959990203380585,13.428144812583923,0.9602633,22.14424705505371,-1.8353634004411623,-1.362813518318769,,2.2860051394061496,
2016-10-31,San Pedro Bay,29.42530594021082,33.94726398400962,-0.08850367739796638,-0.036011841148138046,14.038515031337738,0.95094275,51.6699104309082,-1.8765596772149766,-1.6908664902880288,,2.525966292357864,
2016-11-01,San Pedro Bay,29.324961081147194,33.96404916420579,-0.07751701399683952,-0.036011841148138046,14.343700140714645,1.2404612,35.91093063354492,-1.6505100458171544,-1.323339064994927,,2.115516412672091,
2016-11-02,San Pedro Bay,29.301522865891457,33.97473064251244,-0.04455702379345894,-0.0238044373691082,12.970367148518562,0.9131865,47.8812370300293,-0.5592501480079297,-0.8988691728251987,,1.058643716224844,
2016-11-03,San Pedro Bay,29.242927327752113,33.96710101515055,-0.016479995101690292,-0.01342814415693283,12.665182039141655,0.92605036,83.79216766357422,1.151004551625329,-0.5928299305446735,,1.2947041377904942,
2016-11-04,San Pedro Bay,29.243659771978855,33.96557508967817,0.009765923023223877,-0.007324442267417908,12.512589484453201,0.91877764,71.82186126708984,1.1803647987542072,-1.285359897710794,,1.7451106339659852,
2016-11-05,San Pedro Bay,29.19678334146738,33.98541212081909,-0.010986663401126862,-0.017700735479593277,13.580737367272377,0.883881,35.91093063354492,0.8111767392733594,-1.735370099043181,,1.9155983616069678,
2016-11-06,San Pedro Bay,29.14404735714197,33.98998989723623,-0.036011841148138046,-0.028077028691768646,13.73332992196083,0.8923529,22.30372428894043,-0.4210939560830889,-2.209198247052888,,2.2489724352759994,
2016-11-07,San Pedro Bay,29.02465894818306,33.98693804629147,-0.06408886983990669,-0.04211554303765297,14.343700140714645,0.8272381,0.0,-1.4922942686999936,-2.507876712617925,,2.9182850769049513,
2016-11-08,San Pedro Bay,28.851802110671997,33.98693804629147,-0.08178960531949997,-0.04943998530507088,14.343700140714645,1.3082452,0.0,-1.3323477693200627,-2.4748193829397045,,2.810672794294314,
2016-11-09,San Pedro Bay,28.715567484498024,34.005249151960015,-0.09033478796482086,-0.04028443247079849,14.343700140714645,2.189842,0.0,-0.927757560168602,-1.792386424802804,,2.0182624175927604,
2016-11-10,San Pedro Bay,28.76683858036995,34.03424173593521,-0.12085329741239548,-0.04028443247079849,12.970367148518562,0.40532768,0.0,-0.6528605990350165,-1.0390143474843123,,1.2271013715462191,
2016-11-11,San Pedro Bay,28.758049249649048,34.02356025762856,-0.21973326802253723,-0.0555436871945858,12.817774593830109,0.39827374,0.0,-1.663813270964491,-1.4812660631939896,,2.227649826747413,
2016-11-12,San Pedro Bay,28.69798882305622,33.93658250570297,-0.23926511406898499,-0.06469924002885818,13.27555225789547,0.42253312,0.0,-1.5547693032635401,-1.1200536215918788,,1.916201372928137,
2016-11-13,San Pedro Bay,28.698721267282963,33.837397349998355,-0.2136295661330223,-0.06591998040676117,13.122959703207016,0.39574996,0.0,-1.2450738074771772,-1.5565414912527435,,1.993246146379576,
2016-11-14,San Pedro Bay,28.778557687997818,33.58714557252824,-0.1672414317727089,-0.0317392498254776,10.528886273503304,0.37591675,0.0,-1.2522265787148008,-0.5534183275100373,,1.3690665614438848,
2016-11-15,San Pedro Bay,28.837885670363903,33.2026123534888,-0.16235847026109695,-0.0024414807558059692,10.528886273503304,2.0963259,0.0,-1.838394945872147,0.1367826088507986,,1.8434764601405371,
2016-11-16,San Pedro Bay,28.7800225764513,33.092745719477534,-0.1422162540256977,-0.0317392498254776,10.528886273503304,0.5814776,18.110675811767578,-1.7460876993252212,-0.4103686848541973,,1.793662373816156,
2016-11-17,San Pedro Bay,28.75438702851534,33.14920496195555,-0.12146366760134697,-0.046388134360313416,11.902219265699387,0.5782886,63.38737106323242,-2.5887507084497785,-1.04868393088344,,2.7930929482192988,
2016-11-18,San Pedro Bay,28.757316805422306,33.15378273837268,-0.10254219174385071,-0.04028443247079849,13.580737367272377,0.5750452,45.27669143676758,-3.9267130163744017,0.22066902353223708,,3.9329085841029694,
2016-11-19,San Pedro Bay,28.682607494294643,33.11105682514608,-0.08911404758691788,-0.036011841148138046,14.343700140714645,0.5574598,45.27669143676758,-3.3460266484165126,0.6982168129038533,,3.418099040363672,
2016-11-20,San Pedro Bay,28.658436834812164,33.08969386853278,-0.08423108607530594,-0.03784295171499252,13.580737367272377,2.2241066,27.166015625,-2.8986810047157996,-0.2734275302221241,,2.9115484164587695,
2016-11-21,San Pedro Bay,28.700186155736446,33.0881679430604,-0.07873775437474251,-0.03723258152604103,13.122959703207016,2.1825223,0.0,-2.9335531066352862,-0.7056100005163676,,3.0172204596744745,
2016-11-22,San Pedro Bay,28.723624370992184,33.09427164494991,-0.06530961021780968,-0.03479110077023506,12.970367148518562,2.6822789,36.99905014038086,-2.5747094646069586,-0.9183397220297281,,2.7335831196790576,
2016-11-23,San Pedro Bay,28.698721267282963,33.10190127231181,-0.04943998530507088,-0.03357036039233208,13.122959703207016,1.5955453,36.99905014038086,-2.152359895322787,-2.158944066711369,,3.048555822382484,
2016-11-24,San Pedro Bay,28.61961729079485,33.08969386853278,-0.03723258152604103,-0.02136295661330223,13.73332992196083,1.596677,61.66508102416992,-3.9996007293634475,-0.8771480691931138,,4.094654409057476,
2016-11-25,San Pedro Bay,28.585924856364727,33.042390178889036,-0.025635547935962677,-0.0030518509447574615,12.207404375076294,2.1379302,24.666032791137695,-3.374508069535662,1.8767562579205437,,3.8612846001046366,
2016-11-26,San Pedro Bay,28.613025292754173,33.05154573172331,-0.04028443247079849,-0.007324442267417908,12.970367148518562,3.8236244,7.627289295196533,-2.9119232926070913,1.6808435078906467,,3.3622213133649987,
2016-11-27,San Pedro Bay,28.825434118509293,33.07596053928137,-0.051881466060876846,-0.0079348124563694,11.749626711010933,3.82371,0.0,-2.388691061418952,0.6859036882915787,,2.485218070213314,
2016-11-28,San Pedro Bay,28.806390568614006,33.10037534683943,-0.06714072078466415,-0.021973326802253723,12.512589484453201,2.2875266,0.0,-2.8665347917560426,-0.39277132189552544,,2.893318341221964,
2016-11-29,San Pedro Bay,28.782219909131527,33.11258275061846,-0.07995849475264549,-0.0317392498254776,13.122959703207016,2.2814753,0.0,-3.5586797066323532,-0.700000899873417,,3.626872277075735,
2016-11-30,San Pedro Bay,28.765373691916466,33.126316079869866,-0.07873775437474251,-0.035401470959186554,13.122959703207016,0.9881313,7.627289295196533,-3.275750269802354,-0.908129245589542,,3.399299715648096,
2016-12-01,San Pedro Bay,28.753654584288597,33.15378273837268,-0.07568590342998505,-0.03723258152604103,13.27555225789547,1.1365341,0.0,-3.387857657061862,-0.9223488792535272,,3.5111688879307597,
2016-12-02,San Pedro Bay,28.70970793068409,33.17819754593074,-0.07995849475264549,-0.04211554303765297,13.27555225789547,1.7871631,12.968835830688477,-3.3569765054940373,-0.6790831693316686,,3.4249737530831537,
2016-12-03,San Pedro Bay,28.613025292754173,33.201086428016424,-0.07263405248522758,-0.03723258152604103,14.191107586026192,1.7850727,12.968835830688477,-2.9798245137239494,-1.0353660720161624,,3.1545739864001203,
2016-12-04,San Pedro Bay,28.60789818316698,33.231604937464,-0.054322946816682816,-0.024414807558059692,12.970367148518562,2.463109,25.937671661376953,-2.7258870843404397,-0.13533076772437808,,2.729244366718908,
2016-12-05,San Pedro Bay,28.547837756574154,33.260597521439195,-0.051271095871925354,-0.027466658502817154,13.428144812583923,2.5272207,0.0,-2.2109073400102677,-0.569997417704934,,2.2832013319682454,
2016-12-06,San Pedro Bay,28.55882441997528,33.26364937238395,-0.05310220643877983,-0.025025177747011185,12.207404375076294,0.8879734,0.0,-1.5450181028165366,-0.5929433518320104,,1.654890557261292,
2016-12-07,San Pedro Bay,28.50096132606268,33.2743308506906,-0.03906369209289551,-0.009155552834272385,13.27555225789547,0.90145457,36.644500732421875,-2.6251876306372752,0.8648353742285197,,2.7639736468656744,
2016-12-08,San Pedro Bay,28.516342654824257,33.26975307427347,-0.02929776906967163,-0.0012207403779029846,12.359996929764748,2.5396957,24.429668426513672,-1.2708047649403886,0.2520797224232389,,1.2955651033630744,
2016-12-09,San Pedro Bay,28.629139065742493,33.260597521439195,0.0048829615116119385,0.01892147585749626,11.291849046945572,2.6805327,0.0,-0.0889667147429181,0.5909769183176625,,0.59763600486951,
2016-12-10,San Pedro Bay,28.789544351398945,33.223975310102105,0.03418073058128357,0.001831110566854477,10.528886273503304,2.4639616,0.0,0.8762493648942129,-0.21657458874822266,,0.902617029514164,
2016-12-11,San Pedro Bay,28.65623950213194,33.13699755817652,0.029908139258623123,-0.0238044373691082,10.528886273503304,0.67067015,0.0,0.6256292092894092,0.03900501971860953,,0.6268439192329622,
2016-12-12,San Pedro Bay,28.682607494294643,33.09884942136705,-0.043336283415555954,0.016479995101690292,10.528886273503304,0.51050085,0.0,-0.9710225059746259,1.339130719763308,,1.6541329425783884,
2016-12-13,San Pedro Bay,28.608630627393723,33.164464216679335,-0.02624591812491417,0.0048829615116119385,10.528886273503304,0.5485469,15.898723602294922,-1.0312054659153536,0.8678984540654725,,1.3478250774870375,
2016-12-14,San Pedro Bay,28.63646350800991,33.17361976951361,-0.06286812946200371,-0.022583696991205215,10.528886273503304,0.5546822,0.0,-1.3420001686831264,0.2742637453967273,,1.3697390462363919,
2016-12-15,San Pedro Bay,28.670888386666775,33.21787160821259,-0.07080294191837311,-0.035401470959186554,11.902219265699387,0.38449898,7.949361801147461,-1.8611501574366287,-0.6380418230108936,,1.9674799303772967,
2016-12-16,San Pedro Bay,28.55003508925438,33.213293831795454,-0.059205908328294754,-0.04028443247079849,13.428144812583923,0.41472313,92.67428588867188,-3.971485325323604,-0.9227188769551536,,4.077266954118913,
2016-12-17,San Pedro Bay,28.319315157830715,33.17972347140312,-0.08667256683111191,-0.05737479776144028,14.191107586026192,0.43915752,15.445714950561523,-3.979729688019932,-1.3283565327682056,,4.195566644430189,
2016-12-18,San Pedro Bay,28.103244110941887,33.16599014215171,-0.08972441777586937,-0.05005035549402237,14.191107586026192,0.8921429,15.445714950561523,-3.4031243454708124,-1.352245883828276,,3.661942686753393,
2016-12-19,San Pedro Bay,27.999969474971294,33.188879024237394,-0.08606219664216042,-0.03906369209289551,14.191107586026192,0.87605935,15.445714950561523,-3.0098279796378393,-0.9016170897336345,,3.1419703759759647,
2016-12-20,San Pedro Bay,27.99337747693062,33.23007901199162,-0.09460737928748131,-0.03662221133708954,13.122959703207016,0.95078224,0.0,-2.9420862751801655,-1.0357983246395324,,3.119094390993893,
2016-12-21,San Pedro Bay,27.9860530346632,33.271278999745846,-0.08972441777586937,-0.03662221133708954,13.122959703207016,2.0758858,0.0,-3.1125249993415043,-1.07300917983363,,3.292288045043002,
2016-12-22,San Pedro Bay,27.992645032703876,33.30179750919342,-0.07385479286313057,-0.03479110077023506,12.665182039141655,1.6740088,0.0,-2.5011181217746645,-1.4811894345878807,,2.906804775041556,
2016-12-23,San Pedro Bay,27.92452771961689,33.32926416769624,-0.05737479776144028,-0.03357036039233208,13.428144812583923,1.5104227,0.0,-1.1801150631246151,-2.1185127568328626,,2.4250294561256758,
2016-12-24,San Pedro Bay,27.86373484879732,33.35062712430954,-0.036011841148138046,-0.023194067180156708,14.038515031337738,1.5072639,18.536224365234375,2.064954054577476,-2.2985907995951114,,3.0899117967183547,
2016-12-25,San Pedro Bay,28.05124057084322,33.31400491297245,0.020142216235399246,0.02136295661330223,10.83407138288021,1.1393652,27.804332733154297,1.357224648539946,1.3532511079553757,,1.9165978471726488,
2016-12-26,San Pedro Bay,27.964079707860947,33.3536789752543,-0.0012207403779029846,0.009155552834272385,10.986663937568665,0.65688366,0.0,-2.031078316390227,1.362539695022801,,2.4457705427581278,
2016-12-27,San Pedro Bay,28.019745469093323,33.356730826199055,-0.03418073058128357,-0.0030518509447574615,11.139256492257118,0.6720346,0.0,-1.941035072679859,0.6500731017212338,,2.047000779422121,
2016-12-28,San Pedro Bay,28.10104677826166,33.36588637903333,-0.07873775437474251,-0.023194067180156708,11.291849046945572,0.9247662,0.0,-2.5269720254492958,-0.09344473010823066,,2.5286991784291613,
2016-12-29,San Pedro Bay,28.10397655516863,33.379619708284736,-0.08117923513054848,-0.029908139258623123,12.359996929764748,0.4653137,0.0,-2.4942643155293074,-0.8721220892023129,,2.6423382474992656,
2016-12-30,San Pedro Bay,28.058565013110638,33.3964048884809,-0.10620441287755966,-0.051271095871925354,14.038515031337738,0.3408904,0.0,-3.4304876165821407,-2.6166816229883105,,4.314541459252438,
2016-12-31,San Pedro Bay,27.979461036622524,33.416241919621825,-0.12817773967981339,-0.06714072078466415,14.343700140714645,0.30818912,0.0,-4.101214335291455,-2.6922676601080844,,4.905941721796539,
2017-01-01,San Pedro Bay,27.85494551807642,33.45591598190367,-0.13306070119142532,-0.06958220154047012,14.191107586026192,0.84439874,0.0,-3.6521737347360372,-2.105653749403476,,4.215702871535504,
2017-01-02,San Pedro Bay,27.763389989733696,33.51542707532644,-0.12573625892400742,-0.062257759273052216,14.191107586026192,1.6681283,38.54311752319336,-3.8081414446119246,-1.981257571432873,,4.292705769853215,
2017-01-03,San Pedro Bay,27.754600659012794,33.584093721583486,-0.12329477816820145,-0.05493331700563431,13.27555225789547,1.7332511,0.0,-2.9003163464646198,-1.768216842357288,,3.396825828794561,
2017-01-04,San Pedro Bay,27.76485487818718,33.64818259142339,-0.13977477326989174,-0.05737479776144028,13.27555225789547,0.86435926,0.0,-3.935344230197851,-1.10254541873395,,4.086874185795636,
2017-01-05,San Pedro Bay,27.712851338088512,33.69853813201189,-0.14831995591521263,-0.05859553813934326,14.191107586026192,0.7330703,0.0,-2.6580753301625166,-2.215465071438339,,3.4602962219413897,
2017-01-06,San Pedro Bay,27.60078737139702,33.76110107637942,-0.13855403289198875,-0.056764427572488785,14.343700140714645,0.7454308,8.196967124938965,-2.618263759236595,-2.2403646061472386,,3.4459452522361724,
2017-01-07,San Pedro Bay,27.463820300996304,33.78246403299272,-0.11597033590078354,-0.051881466060876846,14.343700140714645,0.7457275,40.984832763671875,-2.0615028438129777,-1.9214782908038752,,2.818132856534549,
2017-01-08,San Pedro Bay,27.3480941131711,33.7626270018518,-0.10132145136594772,-0.046388134360313416,14.191107586026192,0.7555052,65.57573699951172,-1.8087337906214256,-2.842325125832346,,3.3690250884007398,
2017-01-09,San Pedro Bay,27.29535812884569,33.716849237680435,-0.08056886494159698,-0.0317392498254776,12.359996929764748,0.7495392,16.39393424987793,-4.251054816091603,0.30322923594906254,,4.26185581864871,
2017-01-10,San Pedro Bay,27.21625415235758,33.70158998295665,-0.09216589853167534,-0.04516739398241043,14.343700140714645,0.7971044,40.984832763671875,-4.328813552422211,0.36642531016242613,,4.344294451296072,
2017-01-11,San Pedro Bay,27.250679031014442,33.68480480276048,-0.08239997550845146,-0.04028443247079849,12.665182039141655,0.8998106,24.432403564453125,-3.2430886614203445,-0.32567003538485545,,3.259399490363336,
2017-01-12,San Pedro Bay,27.243354588747025,33.67870110087097,-0.06591998040676117,-0.043336283415555954,13.428144812583923,0.9025907,36.64860534667969,-1.7908594253655497,-1.853039795266484,,2.5770009631860598,
2017-01-13,San Pedro Bay,27.322458565235138,33.64818259142339,-0.025635547935962677,-0.027466658502817154,11.59703415632248,0.9596922,36.64860534667969,0.4546087290942413,-0.7616176547116101,,0.8869783247278902,
2017-01-14,San Pedro Bay,27.57222204655409,33.62529370933771,-0.0012207403779029846,-0.02868739888072014,10.528886273503304,0.73596954,12.216201782226562,0.6323825286171975,-0.19492145335960884,,0.6617416682362557,
2017-01-15,San Pedro Bay,27.53193761408329,33.60393075272441,-0.02868739888072014,-0.025025177747011185,10.681478828191757,0.7834626,24.432403564453125,-0.6948400222905402,-0.9343378982746694,,1.1643839421466808,
2017-01-16,San Pedro Bay,27.402294985949993,33.55357521213591,-0.06042664870619774,-0.04028443247079849,12.207404375076294,0.84713215,78.65667724609375,-2.772630269910036,-3.411729831570497,,4.396291511859678,
2017-01-17,San Pedro Bay,27.227240815758705,33.51695300079882,-0.1428266242146492,-0.07690664380788803,14.343700140714645,0.8277801,33.71000671386719,-4.58022042299487,-3.129851936607126,,5.547467193981654,
2017-01-18,San Pedro Bay,27.025818653404713,33.51695300079882,-0.16296884045004845,-0.0714133121073246,14.343700140714645,1.2321763,11.236668586730957,-3.695220521755018,-1.9707579804426851,,4.187904215938798,
2017-01-19,San Pedro Bay,26.962096005678177,33.55052336119115,-0.13733329251408577,-0.051881466060876846,13.580737367272377,1.3520255,44.94667434692383,-2.7458066668476646,-1.4753703359531503,,3.117077458119319,
2017-01-20,San Pedro Bay,26.973082669079304,33.58714557252824,-0.12451551854610443,-0.04699850454926491,12.817774593830109,1.3813317,0.0,-2.1284258464952446,-1.5705756251089888,,2.6451662288437543,
2017-01-21,San Pedro Bay,26.977477334439754,33.619190007448196,-0.12573625892400742,-0.04943998530507088,13.428144812583923,1.2955204,20.433801651000977,-2.921695808644595,-0.760202693721302,,3.0189757424981933,
2017-01-22,San Pedro Bay,26.98846399784088,33.65886406973004,-0.13000885024666786,-0.05310220643877983,13.580737367272377,1.2880349,20.433801651000977,-4.002385448008881,-0.4777077471343831,,4.030793217978995,
2017-01-23,San Pedro Bay,26.98773155361414,33.72447886504233,-0.16235847026109695,-0.08056886494159698,14.191107586026192,1.3130285,0.0,-5.25683450447786,-2.2162174435749504,,5.7049039224753715,
2017-01-24,San Pedro Bay,26.95110934227705,33.82213809527457,-0.17761772498488426,-0.08972441777586937,14.343700140714645,0.5895757,0.0,-5.3521824674627165,-2.6456734300551887,,5.970380646450884,
2017-01-25,San Pedro Bay,26.886654250323772,33.9274269528687,-0.17578661441802979,-0.09033478796482086,14.343700140714645,0.62568134,0.0,-4.529152932052731,-2.7457866511429234,,5.296467748935749,
2017-01-26,San Pedro Bay,26.851496927440166,34.005249151960015,-0.14893032610416412,-0.07568590342998505,14.343700140714645,0.47685185,0.0,-3.5745206979720265,-2.4582596578868983,,4.338229911591205,
2017-01-27,San Pedro Bay,26.81560716032982,34.041871363297105,-0.13611255213618279,-0.07446516305208206,14.343700140714645,0.47253796,0.0,-3.206256072879178,-2.868779252724851,,4.302321745957543,
2017-01-28,San Pedro Bay,26.7504196241498,34.04492321424186,-0.13306070119142532,-0.07202368229627609,14.343700140714645,0.47321185,33.696109771728516,-3.416008733709851,-2.393087055834881,,4.170848993380897,
2017-01-29,San Pedro Bay,26.796563610434532,34.02661210857332,-0.09582811966538429,-0.043946653604507446,12.817774593830109,0.3268554,0.0,-2.227427875658512,0.2608147640955892,,2.2426455989368517,
2017-01-30,San Pedro Bay,26.972350224852562,33.945738058537245,-0.07751701399683952,-0.017700735479593277,10.528886273503304,0.27566618,0.0,-1.8373570237872507,0.5400582385288974,,1.9150832185216597,
2017-01-31,San Pedro Bay,27.10638751834631,33.935056580230594,-0.08362071588635445,-0.031128879636526108,10.83407138288021,0.26487663,0.0,-2.8425353569608314,0.33425157346806944,,2.8621200830744895,
2017-02-01,San Pedro Bay,27.15106661617756,33.95031583495438,-0.09949034079909325,-0.048829615116119385,12.512589484453201,0.30372116,11.546536445617676,-2.520237562964157,-1.05160454476351,,2.730836775119081,
2017-02-02,San Pedro Bay,27.12689595669508,33.957945462316275,-0.13245033100247383,-0.06591998040676117,14.191107586026192,0.36604163,5.773268222808838,-2.9322403786521742,-3.1346509209515454,,4.29232687879437,
2017-02-03,San Pedro Bay,27.010437324643135,33.97167879156768,-0.15503402799367905,-0.07812738418579102,14.343700140714645,0.30440095,5.773268222808838,-2.8455668483335335,-3.4526774037223014,,4.4741738838035126,
2017-02-04,San Pedro Bay,26.880794696509838,33.99609359912574,-0.13916440308094025,-0.06714072078466415,14.343700140714645,0.31937924,28.86634063720703,-1.1021099202766647,-3.4656899638251457,,3.636709117008202,
2017-02-05,San Pedro Bay,26.831720933318138,34.017456555739045,-0.08239997550845146,-0.04516739398241043,13.428144812583923,0.3028932,0.0,1.0354710928343236,-3.0658317911947823,,3.235973571584928,
2017-02-06,San Pedro Bay,26.858821369707584,34.03424173593521,-0.0476088747382164,-0.02868739888072014,13.27555225789547,0.2734833,0.0,1.1841303056435473,-3.3997509516866904,,3.6000654319384306,
2017-02-07,San Pedro Bay,26.91814935207367,34.054078767076135,-0.04699850454926491,-0.02868739888072014,12.970367148518562,0.26882693,0.0,0.6294670543320741,-2.814489755845873,,2.884021733318052,
2017-02-08,San Pedro Bay,26.978209778666496,34.06170839443803,-0.051271095871925354,-0.02929776906967163,12.665182039141655,0.2968355,0.0,1.0645198575691939,-2.977235210834809,,3.161824161428609,
2017-02-09,San Pedro Bay,26.986999109387398,34.07544172368944,-0.0714133121073246,-0.03234962001442909,13.580737367272377,0.34402514,12.461755752563477,0.10043946060331242,-3.280334957578071,,3.281872258201865,
2017-02-10,San Pedro Bay,26.92254401743412,34.0922269038856,-0.1031525619328022,-0.0476088747382164,14.343700140714645,0.34315926,24.923511505126953,-1.546375072415329,-3.2588624839269853,,3.6071402181969963,
2017-02-11,San Pedro Bay,26.73430585116148,34.10901208408177,-0.14954069629311562,-0.07568590342998505,14.343700140714645,0.644813,0.0,-3.556184236944428,-3.8443678709140436,,5.236946691919654,
2017-02-12,San Pedro Bay,26.442793048918247,34.138004668056965,-0.17212439328432083,-0.08667256683111191,14.343700140714645,0.7587379,0.0,-3.436509137106571,-4.010735337209509,,5.281627873540318,
2017-02-13,San Pedro Bay,26.12491225451231,34.1715750284493,-0.1672414317727089,-0.08850367739796638,14.343700140714645,0.69964194,0.0,-2.562769865009104,-4.206627837916353,,4.925800153044335,
2017-02-14,San Pedro Bay,25.856837667524815,34.19598983600736,-0.17578661441802979,-0.0952177494764328,14.343700140714645,0.67795604,0.0,-2.8128114892075464,-4.219099125772749,,5.070769754870985,
2017-02-15,San Pedro Bay,25.730124816298485,34.18988613411784,-0.17700735479593277,-0.09704886004328728,14.343700140714645,0.6397356,0.0,-3.6433384146893437,-4.003333930961659,,5.413002620241375,
2017-02-16,San Pedro Bay,25.75283058732748,34.148686146363616,-0.1507614366710186,-0.08056886494159698,14.343700140714645,0.48614085,35.19055938720703,-3.206634970956848,-2.7742868127929627,,4.240185745530538,
2017-02-17,San Pedro Bay,25.935941644012928,34.090700978413224,-0.13733329251408577,-0.06286812946200371,11.291849046945572,0.5286074,7.038112640380859,-3.445513042182084,-0.07805116383143078,,3.4463969748162038,
2017-02-18,San Pedro Bay,26.21134067326784,34.006775077432394,-0.14099551364779472,-0.05005035549402237,10.528886273503304,0.5914735,7.038112640380859,-3.5087192424741587,0.027850941850915016,,3.5088297760749834,
2017-02-19,San Pedro Bay,26.285317540168762,33.97473064251244,-0.1348918117582798,-0.05798516795039177,11.59703415632248,0.57984465,21.114337921142578,-3.008530799857323,-0.1765174034518338,,3.0137046914738543,
2017-02-20,San Pedro Bay,26.458174377679825,33.96404916420579,-0.12146366760134697,-0.04699850454926491,12.05481182038784,0.5186764,21.114337921142578,-2.888894330650712,-0.14008569549239935,,2.8922887918994906,
2017-02-21,San Pedro Bay,26.649342320859432,33.96252323873341,-0.12573625892400742,-0.05066072568297386,12.207404375076294,0.5266102,0.0,-3.418651926050882,-1.200448562012689,,3.62329376969764,
2017-02-22,San Pedro Bay,26.784844502806664,33.948789909482,-0.13977477326989174,-0.05249183624982834,11.902219265699387,0.48526385,0.0,-3.785707999636886,-0.5939829443786248,,3.8320230683970853,
2017-02-23,San Pedro Bay,26.86101870238781,33.94268620759249,-0.1348918117582798,-0.04150517284870148,12.207404375076294,0.28364184,72.29966735839844,-2.842775938818649,0.20649890070190827,,2.850266098861183,
2017-02-24,San Pedro Bay,27.018494211137295,33.948789909482,-0.1348918117582798,-0.04028443247079849,11.59703415632248,0.31861654,0.0,-2.8167708822809097,-0.6916998360865843,,2.900456320393014,
2017-02-25,San Pedro Bay,27.05291908979416,33.96404916420579,-0.1348918117582798,-0.04577776417136192,12.512589484453201,0.55292326,0.0,-3.3074558475758273,-1.1346048986337796,,3.4966544667249155,
2017-02-26,San Pedro Bay,27.12762840092182,33.97473064251244,-0.13855403289198875,-0.048829615116119385,12.512589484453201,0.7347303,0.0,-2.837376151845048,-1.8172960745766435,,3.369461151242241,
2017-02-27,San Pedro Bay,27.120303958654404,33.98846397176385,-0.14038514345884323,-0.051271095871925354,13.27555225789547,0.43618944,0.0,-2.7943661756267284,-1.599472591170997,,3.2197507501969795,
2017-02-28,San Pedro Bay,27.157658614218235,34.00219730101526,-0.14954069629311562,-0.05737479776144028,13.122959703207016,0.36477652,0.0,-3.383142068848893,-1.635180773565458,,3.7575878459795584,
2017-03-01,San Pedro Bay,27.195013269782066,34.01287877932191,-0.14465773478150368,-0.05310220643877983,12.817774593830109,0.40830508,0.0,-2.536993645589015,-1.1052309642430846,,2.767286078828992,
2017-03-02,San Pedro Bay,27.21332437545061,34.02508618310094,-0.1422162540256977,-0.05310220643877983,12.970367148518562,0.29711077,0.0,-2.5457946657305466,-1.6224698272396598,,3.0188538918545227,
2017-03-03,San Pedro Bay,27.181096829473972,34.040345437824726,-0.1580858789384365,-0.06103701889514923,13.73332992196083,0.29576218,0.0,-3.541397738594102,-1.4407681573328657,,3.8232591889778753,
2017-03-04,San Pedro Bay,27.14374217391014,34.049500990659,-0.1666310615837574,-0.06775109097361565,13.580737367272377,0.28544596,0.0,-2.8873583173837103,-2.138266074032932,,3.5929124476286782,
2017-03-05,San Pedro Bay,27.09027374535799,34.04797506518662,-0.15747550874948502,-0.06530961021780968,13.885922476649284,0.28864175,7.4462480545043945,-2.3560648197543186,-2.982329047036508,,3.800700985302795,
2017-03-06,San Pedro Bay,27.056581310927868,34.02508618310094,-0.13977477326989174,-0.051881466060876846,13.27555225789547,0.29187396,40.553375244140625,-2.5955893400765646,-1.730113608007029,,3.1193552408999836,
2017-03-07,San Pedro Bay,27.03753776103258,33.98846397176385,-0.13672292232513428,-0.05249183624982834,12.970367148518562,0.29115802,15.448906898498535,-2.2986497995876953,-1.735248193937277,,2.8800828452853806,
2017-03-08,San Pedro Bay,27.00384532660246,33.95031583495438,-0.1342814415693283,-0.056764427572488785,13.27555225789547,0.4232159,13.517792701721191,-2.737737402993959,-2.379999309574913,,3.6276166833513668,
2017-03-09,San Pedro Bay,26.95989867299795,33.91674547456205,-0.1428266242146492,-0.059205908328294754,14.191107586026192,0.59538466,20.276687622070312,-2.5897671722072557,-2.3858989705722995,,3.521279299348509,
2017-03-10,San Pedro Bay,26.986999109387398,33.88317511416972,-0.13733329251408577,-0.05310220643877983,12.817774593830109,0.5973064,27.035585403442383,-2.258719355919968,-2.326833465887432,,3.242833191328415,
2017-03-11,San Pedro Bay,27.085146635770798,33.837397349998355,-0.14099551364779472,-0.039674062281847,11.444441601634026,0.6039267,96.6527328491211,-2.449565024642457,-0.6068027683800995,,2.5236042498112408,
2017-03-12,San Pedro Bay,27.19721060246229,33.79161958582699,-0.1513718068599701,-0.031128879636526108,10.528886273503304,0.6020975,18.410045623779297,-1.6323395088039665,0.4105072203705079,,1.6831661979670027,
2017-03-13,San Pedro Bay,27.42207098007202,33.73210849240422,-0.13306070119142532,0.0079348124563694,10.528886273503304,0.60140824,0.0,-0.8076369043169959,0.8051627208021385,,1.1404228935724865,
2017-03-14,San Pedro Bay,27.71138644963503,33.69090850465,-0.12512588873505592,-0.030518509447574615,10.528886273503304,0.5385068,0.0,-0.9616713387909788,-0.09713354665906677,,0.9665643743375827,
2017-03-15,San Pedro Bay,27.534867390990257,33.70158998295665,-0.14770958572626114,-0.05005035549402237,11.291849046945572,0.38510948,0.0,-2.1043397169632985,-1.2332728161339066,,2.4390997280562416,
2017-03-16,San Pedro Bay,27.490188293159008,33.70769368484616,-0.13061922043561935,-0.051271095871925354,13.27555225789547,0.3601963,0.0,-2.9555806377185285,-1.4301182894337545,,3.283396903791802,
2017-03-17,San Pedro Bay,27.496780291199684,33.70311590842903,-0.12573625892400742,-0.0555436871945858,13.428144812583923,0.51708364,0.0,-3.253705490408406,-2.0940554603629344,,3.8693239318244763,
2017-03-18,San Pedro Bay,27.42133853584528,33.7122714612633,-0.1275673694908619,-0.059816278517246246,14.343700140714645,0.55763525,0.0,-3.8591387095818637,-1.7941492065482365,,4.2558104933315395,
2017-03-19,San Pedro Bay,27.370067439973354,33.718375163152814,-0.12268440797924995,-0.05615405738353729,13.580737367272377,0.83643526,12.743698120117188,-2.4998367686517686,-2.1464167885278522,,3.294888298558471,
2017-03-20,San Pedro Bay,27.37592699378729,33.716849237680435,-0.10437330231070518,-0.03479110077023506,13.27555225789547,0.8271399,63.71848678588867,-2.856820416944739,0.16467879606292804,,2.8615628597927127,
2017-03-21,San Pedro Bay,27.694540232419968,33.704641833901405,-0.10803552344441414,-0.001831110566854477,10.986663937568665,0.5506456,0.0,-2.032170624091567,0.9986867570381258,,2.2643084339603647,
2017-03-22,San Pedro Bay,27.81466108560562,33.71532331220806,-0.13306070119142532,-0.02929776906967163,10.986663937568665,0.6889658,0.0,-1.9703208127000633,0.5596369154066888,,2.048257206027835,
2017-03-23,San Pedro Bay,28.024872578680515,33.729056641459465,-0.1428266242146492,-0.01831110566854477,11.291849046945572,1.952935,0.0,-2.3897390699724514,0.6448001014261786,,2.475201000596115,
2017-03-24,San Pedro Bay,28.126682326197624,33.73210849240422,-0.1342814415693283,-0.029908139258623123,11.291849046945572,0.7251107,0.0,-2.792897701737139,-0.1741907318283118,,2.798324495733737,
2017-03-25,San Pedro Bay,28.318582713603973,33.73821219429374,-0.11841181665658951,-0.03357036039233208,11.139256492257118,0.4985356,0.0,-2.388903388298698,-0.32225351843172934,,2.410540754429725,
2017-03-26,San Pedro Bay,28.328104488551617,33.730582566931844,-0.10437330231070518,-0.038453321903944016,11.444441601634026,0.4542444,0.0,-2.4617642797344654,-0.7138381590787303,,2.563171528855114,
2017-03-27,San Pedro Bay,28.27683339267969,33.727530715987086,-0.119022186845541,-0.05737479776144028,13.27555225789547,0.5380247,20.728302001953125,-3.7256028321699026,-2.453274798974335,,4.460792945470005,
2017-03-28,San Pedro Bay,28.18234808743,33.718375163152814,-0.1269569993019104,-0.059816278517246246,14.038515031337738,0.41556212,27.637739181518555,-3.979498879326378,-1.415866025102574,,4.2238712020609315,
2017-03-29,San Pedro Bay,28.117892995476723,33.718375163152814,-0.1275673694908619,-0.0555436871945858,13.122959703207016,0.44608688,13.818869590759277,-3.706497892211374,-1.6683835372426463,,4.064680830312467,
2017-03-30,San Pedro Bay,28.029999688267708,33.730582566931844,-0.13245033100247383,-0.05493331700563431,13.580737367272377,0.4382737,27.637739181518555,-3.2122991205927662,-1.1694098926946908,,3.4185355252349314,
2017-03-31,San Pedro Bay,28.013153471052647,33.741264045238495,-0.11352885514497757,-0.03357036039233208,12.970367148518562,0.44376662,27.637739181518555,-2.1031726308749743,-0.4549294441486402,,2.1518122395820116,
2017-04-01,San Pedro Bay,28.03146457672119,33.7336344178766,-0.1031525619328022,-0.03418073058128357,12.05481182038784,0.2672244,0.0,-1.726231837716353,-1.0706026559002675,,2.0312721148005464,
2017-04-02,San Pedro Bay,27.918668165802956,33.74889367260039,-0.12512588873505592,-0.04577776417136192,13.428144812583923,0.25726578,0.0,-2.742825566360403,-1.9176059447263947,,3.346685621137766,
2017-04-03,San Pedro Bay,27.78536331653595,33.74889367260039,-0.16174810007214546,-0.06958220154047012,14.343700140714645,0.34004155,34.649009704589844,-3.7949986266129794,-2.709720478680633,,4.6631105121555505,
2017-04-04,San Pedro Bay,27.60151981562376,33.753471449017525,-0.15625476837158203,-0.06530961021780968,14.343700140714645,0.4612417,103.94702911376953,-3.46394396804091,-2.222127171839868,,4.1154291369863305,
2017-04-05,San Pedro Bay,27.545854054391384,33.76720477826893,-0.14526810497045517,-0.05493331700563431,13.27555225789547,0.46562922,0.0,-3.6273846679653134,-1.0008588359327346,,3.762929435805893,
2017-04-06,San Pedro Bay,27.570757158100605,33.79314551129937,-0.14954069629311562,-0.051271095871925354,13.122959703207016,0.4696512,33.2335090637207,-3.498120733314543,-0.7512159152996999,,3.5778728339957304,
2017-04-07,San Pedro Bay,27.676961570978165,33.82061216980219,-0.16052735969424248,-0.04699850454926491,12.817774593830109,0.47278374,0.0,-3.07486349952577,-0.09078505248595206,,3.0762034176027346,
2017-04-08,San Pedro Bay,27.909878835082054,33.84350105188787,-0.16418958082795143,-0.03662221133708954,11.902219265699387,0.45220956,0.0,-2.774802512195349,0.4140820374859273,,2.8055289903071965,
2017-04-09,San Pedro Bay,28.196996971964836,33.8557084556669,-0.16907254233956337,-0.04150517284870148,11.444441601634026,0.33451417,0.0,-2.0142152988245114,-0.3580575843971845,,2.0457928789990114,
2017-04-10,San Pedro Bay,28.437238678336143,33.86791585944593,-0.16052735969424248,-0.04272591322660446,11.59703415632248,0.31593117,0.0,-1.574627821015494,-0.016798098692555122,,1.5747174193599587,
2017-04-11,San Pedro Bay,28.596911519765854,33.86333808302879,-0.15625476837158203,-0.038453321903944016,11.444441601634026,0.61822146,0.0,-2.1334127660728988,0.024328771510087263,,2.1335514804114775,
2017-04-12,San Pedro Bay,28.617419958114624,33.85418253019452,-0.1428266242146492,-0.039674062281847,11.902219265699387,0.420003,0.0,-2.3292983055304233,-0.42945599901778025,,2.3685571665550444,
2017-04-13,San Pedro Bay,28.699453711509705,33.838923275470734,-0.1355021819472313,-0.05310220643877983,12.359996929764748,1.0912797,0.0,-2.396405992938064,-1.6597050398151976,,2.9150270156856926,
2017-04-14,San Pedro Bay,28.667226165533066,33.80687884055078,-0.12512588873505592,-0.04577776417136192,12.970367148518562,0.5209283,0.0,-1.6936832450463983,-2.1447370430437718,,2.73284831601665,
2017-04-15,San Pedro Bay,28.67748038470745,33.75957515090704,-0.10620441287755966,-0.01892147585749626,12.665182039141655,0.5670594,37.19974136352539,-2.91257502311223,2.2417543893129173,,3.6753987548646934,
2017-04-16,San Pedro Bay,28.716299928724766,33.72295293956995,-0.10010071098804474,-0.019531846046447754,12.512589484453201,0.7270816,32.807334899902344,-2.693314816258714,1.2962711639882432,,2.989023859066057,
2017-04-17,San Pedro Bay,28.933103419840336,33.70769368484616,-0.10742515325546265,-0.02075258642435074,11.749626711010933,1.5326434,0.0,-2.4699865123026976,0.6390963812617801,,2.5513285863446025,
2017-04-18,San Pedro Bay,29.289071314036846,33.70006405748427,-0.10864589363336563,-0.012207403779029846,10.986663937568665,1.3157492,0.0,-1.7672693003833797,0.7926623727937545,,1.9368929803478006,
2017-04-19,San Pedro Bay,29.37183751165867,33.68480480276048,-0.11291848495602608,0.0079348124563694,11.291849046945572,2.230265,0.0,-2.2249631785076898,1.2481844388883603,,2.5511616058568483,
2017-04-20,San Pedro Bay,29.430433049798012,33.68633072823286,-0.1348918117582798,-0.009765923023223877,11.59703415632248,0.8947877,0.0,-1.9965446804902345,1.017830343228775,,2.241019693976619,
2017-04-21,San Pedro Bay,29.520523689687252,33.680227026343346,-0.1263466291129589,-0.006714072078466415,11.749626711010933,1.7753814,0.0,-1.9100872193656147,1.0565631218371516,,2.1828327503521963,
2017-04-22,San Pedro Bay,29.784203611314297,33.668019622564316,-0.10071108117699623,-0.006103701889514923,10.986663937568665,0.9509407,0.0,-1.3018985417072517,0.8466042697615193,,1.5529580169720956,
2017-04-23,San Pedro Bay,29.864772476255894,33.655812218785286,-0.08972441777586937,-0.020142216235399246,11.444441601634026,0.47668874,0.0,-1.5073870982197835,0.2548594744807562,,1.528780303252258,
2017-04-24,San Pedro Bay,29.80251471698284,33.65428629331291,-0.06836146116256714,-0.024414807558059692,11.902219265699387,0.64117914,0.0,-1.645130935493104,-0.08795099519279526,,1.6474802494936984,
2017-04-25,San Pedro Bay,29.816431157290936,33.655812218785286,-0.05066072568297386,-0.029908139258623123,12.207404375076294,1.317532,0.0,-1.8102956376839052,-0.5578838634888885,,1.8943085020552133,
2017-04-26,San Pedro Bay,29.845728926360607,33.65123444236815,-0.03784295171499252,-0.028077028691768646,12.05481182038784,1.31575,0.0,-0.49414003241953536,-0.5122430969906275,,0.7117354579154596,
2017-04-27,San Pedro Bay,29.92483290284872,33.643604815006256,-0.012207403779029846,-0.028077028691768646,11.902219265699387,0.47649327,0.0,-0.008218146024204136,-0.08284556022487148,,0.08325217578566911,
2017-04-28,San Pedro Bay,30.129917286336422,33.643604815006256,-0.03662221133708954,-0.02868739888072014,11.444441601634026,1.7322198,0.0,-0.8622544802327102,0.2096880049379908,,0.887384836525989,
2017-04-29,San Pedro Bay,30.230262145400047,33.6405529640615,-0.10437330231070518,-0.015259254723787308,10.986663937568665,0.90173525,0.0,-1.4993265193537757,0.5424351331547986,,1.5944327785510972,
2017-04-30,San Pedro Bay,30.348918110132217,33.65428629331291,-0.1422162540256977,-0.009765923023223877,11.291849046945572,1.2935399,0.0,-1.6681059022495803,0.8717746944709825,,1.882171198121962,
2017-05-01,San Pedro Bay,30.515182949602604,33.66344184614718,-0.1580858789384365,-0.02868739888072014,11.139256492257118,1.3131573,0.0,-1.8804165790693532,0.27089718788915523,,1.8998294126697641,
2017-05-02,San Pedro Bay,30.364299438893795,33.657338144257665,-0.1513718068599701,-0.0317392498254776,12.05481182038784,0.3089502,0.0,-2.1916789134390844,0.2154452847332282,,2.202242750090759,
2017-05-03,San Pedro Bay,30.360637217760086,33.65276036784053,-0.1348918117582798,-0.024414807558059692,12.05481182038784,0.29264453,17.37065887451172,-1.9946200500080007,0.46192183564992867,,2.0474083437712465,
2017-05-04,San Pedro Bay,30.332071892917156,33.6619159206748,-0.11597033590078354,-0.02624591812491417,12.512589484453201,0.37776965,8.68532943725586,-2.600151631222457,0.5826584020113502,,2.664634931615065,
2017-05-05,San Pedro Bay,30.327677227556705,33.66649369709194,-0.10132145136594772,-0.01892147585749626,12.512589484453201,0.38337317,0.0,-2.8574473472437063,0.22466368783080062,,2.8662657090541743,
2017-05-06,San Pedro Bay,30.274208799004555,33.66344184614718,-0.09338663890957832,-0.02685628831386566,12.817774593830109,0.32772756,0.0,-2.75102422309874,-0.36617475277904304,,2.775287052837746,
2017-05-07,San Pedro Bay,30.25150302797556,33.66038999520242,-0.08667256683111191,-0.024414807558059692,12.665182039141655,0.30350748,11.882411003112793,-2.5341507753589094,-0.04998762549623858,,2.5346437451750323,
2017-05-08,San Pedro Bay,30.249305695295334,33.66038999520242,-0.07812738418579102,-0.012207403779029846,12.512589484453201,0.6052221,0.0,-2.364907654352287,0.4886442872418245,,2.4148626157750894,
2017-05-09,San Pedro Bay,30.28446301817894,33.66038999520242,-0.08606219664216042,-0.020142216235399246,12.359996929764748,0.82313067,5.9412055015563965,-2.7334041821182122,0.5923691142891502,,2.796855303798365,
2017-05-10,San Pedro Bay,30.21561326086521,33.66649369709194,-0.09582811966538429,-0.027466658502817154,12.970367148518562,0.63006246,5.9412055015563965,-3.5029546974178842,-0.05226990713789904,,3.5033446526646825,
2017-05-11,San Pedro Bay,30.111606180667877,33.669545548036695,-0.09094515815377235,-0.029908139258623123,13.428144812583923,0.6026193,24.732425689697266,-3.8160541617038968,0.3065842163153016,,3.828349937865046,
2017-05-12,San Pedro Bay,30.028107538819313,33.67412332445383,-0.08301034569740295,-0.028077028691768646,13.27555225789547,0.58215284,16.488283157348633,-3.0677214720460935,0.4180417581854834,,3.0960739560997994,
2017-05-13,San Pedro Bay,30.007599100470543,33.67870110087097,-0.07080294191837311,-0.015259254723787308,12.817774593830109,0.50499195,0.0,-2.5471644359547954,0.3639941493030638,,2.573040692355986,
2017-05-14,San Pedro Bay,29.99880976974964,33.67870110087097,-0.062257759273052216,-0.0012207403779029846,12.512589484453201,0.7655647,0.0,-2.5684687431714917,0.5382274202624965,,2.624256169007013,
2017-05-15,San Pedro Bay,29.921903125941753,33.680227026343346,-0.029908139258623123,0.014648884534835815,12.817774593830109,0.81932074,0.0,-2.165817992404105,1.2239724593617618,,2.487745195452587,
2017-05-16,San Pedro Bay,29.922635570168495,33.693960355594754,-0.0030518509447574615,0.01831110566854477,12.665182039141655,0.8192715,5.592850208282471,-1.6886534688014672,1.5698140845550468,,2.3056163596233064,
2017-05-17,San Pedro Bay,30.08890040963888,33.7122714612633,0.006714072078466415,0.03234962001442909,12.05481182038784,1.2088959,0.0,-1.7584274893794225,1.6620679582236693,,2.419615079544475,
2017-05-18,San Pedro Bay,30.19071015715599,33.7122714612633,-0.03418073058128357,0.02075258642435074,11.749626711010933,0.43801644,0.0,-2.169808242800883,0.6353413637398617,,2.260912749091721,
2017-05-19,San Pedro Bay,30.26029235869646,33.7122714612633,-0.05798516795039177,0.0048829615116119385,11.59703415632248,0.42709982,0.0,-1.6906900256191222,0.8976409254077892,,1.9142079285424927,
2017-05-20,San Pedro Bay,30.37894832342863,33.7122714612633,-0.0030518509447574615,0.025635547935962677,11.902219265699387,0.29986146,5.592850208282471,-0.657516294555543,1.0594362107655317,,1.2468892341692903,
2017-05-21,San Pedro Bay,30.393597207963467,33.72447886504233,0.0079348124563694,0.027466658502817154,12.359996929764748,0.32313582,8.536772727966309,-0.21453511789939494,1.0427227755699484,,1.0645638090337302,
2017-05-22,San Pedro Bay,30.470503851771355,33.73668626882136,0.0238044373691082,0.025025177747011185,11.902219265699387,0.36959684,8.536772727966309,0.48974503630146665,0.5813121624249987,,0.7601144853014926,
2017-05-23,San Pedro Bay,30.62871180474758,33.74584182165563,0.0012207403779029846,0.012817773967981339,10.528886273503304,0.8020745,8.536772727966309,0.04688015232986866,0.5761960729225337,,0.5781000459555607,
2017-05-24,San Pedro Bay,30.552537605166435,33.739738119766116,0.001831110566854477,0.007324442267417908,10.528886273503304,0.8735922,34.147090911865234,-0.15244212656812534,0.6385437244452803,,0.6564881491550799,
2017-05-25,San Pedro Bay,30.589892260730267,33.742789970710874,-0.017090365290641785,0.006714072078466415,10.528886273503304,0.6492506,0.0,-0.0105047913780038,0.4286808216916827,,0.4288095119375871,
2017-05-26,San Pedro Bay,30.646290466189384,33.739738119766116,-0.08484145626425743,0.009765923023223877,10.986663937568665,0.34344375,0.0,-1.4216628575831887,1.4801590440683676,,2.0523148092748786,
2017-05-27,San Pedro Bay,30.841853074729443,33.753471449017525,-0.12085329741239548,-0.0006103701889514923,11.59703415632248,0.30624083,0.0,-2.2088887691971517,1.319974431305328,,2.573231838366907,
2017-05-28,San Pedro Bay,30.85283973813057,33.74889367260039,-0.10681478306651115,-0.0048829615116119385,12.05481182038784,0.43286514,0.0,-1.7738051919465325,1.2431259761307287,,2.166044101930395,
2017-05-29,San Pedro Bay,31.01617480069399,33.739738119766116,-0.11780144646763802,-0.015259254723787308,11.444441601634026,0.5146898,0.0,-2.406033605556234,1.2363668037444617,,2.705106390600419,
2017-05-30,San Pedro Bay,30.95171970874071,33.74584182165563,-0.09216589853167534,-0.0079348124563694,12.359996929764748,0.5517445,0.0,-2.0151905773791174,1.2483552137710647,,2.3705239511354828,
2017-05-31,San Pedro Bay,31.027893908321857,33.74736774712801,-0.059205908328294754,0.012817773967981339,12.05481182038784,0.56599057,0.0,-1.2526070919247827,1.3749539273662659,,1.8599792550241465,
2017-06-01,San Pedro Bay,30.961973927915096,33.765678852796555,-0.009155552834272385,0.019531846046447754,12.817774593830109,1.400988,0.0,-0.7391452404021965,1.5693114260757466,,1.7346682790727206,
2017-06-02,San Pedro Bay,30.978820145130157,33.77330848015845,0.014038514345884323,0.022583696991205215,12.359996929764748,1.3659903,0.0,-0.5981453916348957,1.1745395917230523,,1.3180747938030744,
2017-06-03,San Pedro Bay,31.034485906362534,33.77941218204796,0.03357036039233208,0.02624591812491417,12.05481182038784,1.3878407,0.0,0.02376710282973844,0.915882906413835,,0.916191231915026,
2017-06-04,San Pedro Bay,31.112124994397163,33.79772328771651,0.0024414807558059692,0.0158696249127388,11.749626711010933,0.3911432,0.0,-0.38607959102594236,0.42179781841563824,,0.5718136499131081,
2017-06-05,San Pedro Bay,31.288644053041935,33.7549973744899,-0.07019257172942162,-0.004272591322660446,10.528886273503304,0.72237134,0.0,0.016090336489562162,-0.024570436744202333,,0.02937014283499799,
2017-06-06,San Pedro Bay,31.23297829180956,33.739738119766116,-0.08484145626425743,-0.009155552834272385,10.986663937568665,0.6698091,0.0,-1.074433060748442,0.750074113020874,,1.3103501734472798,
2017-06-07,San Pedro Bay,31.2337107360363,33.741264045238495,-0.07507553324103355,-0.009155552834272385,12.05481182038784,0.6704767,6.15432596206665,-1.6608590577578608,0.2087183799465111,,1.673922391230796,
2017-06-08,San Pedro Bay,31.112857438623905,33.73210849240422,-0.08239997550845146,-0.01342814415693283,13.122959703207016,0.6701384,35.167579650878906,-2.4138808377697516,0.524761157719866,,2.4702621260917823,
2017-06-09,San Pedro Bay,30.976622812449932,33.71074553579092,-0.06897183135151863,-0.003662221133708954,13.885922476649284,0.6275941,28.134063720703125,-1.918098381871664,1.33342939264309,,2.3360512296829485,
2017-06-10,San Pedro Bay,30.868221066892147,33.69853813201189,-0.030518509447574615,0.0079348124563694,13.428144812583923,0.6132246,0.0,-1.1570809746634938,1.6466131906366028,,2.012503759377029,
2017-06-11,San Pedro Bay,31.032288573682308,33.706167759373784,-0.02929776906967163,0.01831110566854477,12.05481182038784,0.6125611,0.0,-1.4913207100309183,1.0189425369565617,,1.8061786605390389,
2017-06-12,San Pedro Bay,30.969298370182514,33.71074553579092,-0.07019257172942162,-0.0006103701889514923,12.359996929764748,0.9197317,0.0,-1.8525194472149908,1.0526524234097545,,2.130705382454403,
2017-06-13,San Pedro Bay,30.88579972833395,33.71379738673568,-0.05798516795039177,-0.0006103701889514923,13.27555225789547,0.671176,8.749338150024414,-2.6241657583750952,1.5364890055464109,,3.0408953272997308,
2017-06-14,San Pedro Bay,31.009582802653313,33.718375163152814,-0.032959990203380585,0.0158696249127388,12.207404375076294,1.1440002,0.0,-1.6793337050822648,0.7806616018320428,,1.8519163667942184,
2017-06-15,San Pedro Bay,31.182439640164375,33.73516034334898,-0.04577776417136192,-0.001831110566854477,11.902219265699387,1.6149198,0.0,-1.3252099711292273,0.9258902207598229,,1.616618126979591,
2017-06-16,San Pedro Bay,31.288644053041935,33.753471449017525,-0.0555436871945858,-0.015259254723787308,11.902219265699387,0.5017431,0.0,-1.4592972355051876,0.812350168726493,,1.6701680209437146,
2017-06-17,San Pedro Bay,31.26667072623968,33.765678852796555,-0.025635547935962677,0.01892147585749626,12.359996929764748,0.30579397,11.238729476928711,-1.4654499399274368,1.5062945508840062,,2.1015391503505656,
2017-06-18,San Pedro Bay,31.255684062838554,33.75804922543466,-0.02685628831386566,0.015259254723787308,12.207404375076294,0.31449926,0.0,-1.7499767084675628,0.8880418498466027,,1.9624058722032864,
2017-06-19,San Pedro Bay,31.145817428827286,33.7626270018518,-0.040894802659749985,0.005493331700563431,12.970367148518562,0.43747443,0.0,-1.9065728606005459,1.152921282508467,,2.2280591456331487,
2017-06-20,San Pedro Bay,31.146549873054028,33.74431589618325,-0.021973326802253723,0.012817773967981339,12.359996929764748,1.0988408,0.0,-0.960094833525611,1.0279669123806303,,1.4065909363819806,
2017-06-21,San Pedro Bay,31.14801476150751,33.741264045238495,-0.001831110566854477,0.022583696991205215,12.359996929764748,0.6993202,0.0,-0.7307804029851145,1.2257677553599935,,1.4270762374405102,
2017-06-22,San Pedro Bay,31.04913479089737,33.75957515090704,0.0030518509447574615,0.017700735479593277,12.817774593830109,1.2261323,0.0,-0.14811406614638475,0.5893818271484619,,0.60770775440443,
2017-06-23,San Pedro Bay,31.28205205500126,33.75957515090704,-0.038453321903944016,-0.014038514345884323,11.444441601634026,1.2082108,8.391459465026855,-0.4503577936168569,0.0962728693655954,,0.4605329604353292,
2017-06-24,San Pedro Bay,31.257148951292038,33.7839899584651,-0.06591998040676117,-0.0030518509447574615,12.05481182038784,1.3546478,5.594306468963623,-1.4544123750434381,0.6719871361339808,,1.6021492027302089,
2017-06-25,San Pedro Bay,31.281319610774517,33.776360331103206,-0.07446516305208206,-0.017700735479593277,11.59703415632248,0.351221,2.7971532344818115,-1.072511606906785,0.4569932294449308,,1.1658147188589967,
2017-06-26,San Pedro Bay,31.47541733086109,33.7626270018518,-0.06286812946200371,-0.03784295171499252,10.528886273503304,0.2480591,12.40897274017334,-0.15744341726421215,0.0050466134300436605,,0.15752427732557645,
2017-06-27,San Pedro Bay,31.35236670076847,33.76110107637942,-0.09338663890957832,-0.02868739888072014,11.444441601634026,1.0707966,12.40897274017334,-0.39021934311203116,0.6322932798851878,,0.7430113912496588,
2017-06-28,San Pedro Bay,31.289376497268677,33.76720477826893,-0.07873775437474251,0.001831110566854477,12.359996929764748,0.42421487,0.0,-0.11117152383259746,0.7682041990590402,,0.7762066729700301,
2017-06-29,San Pedro Bay,31.358958698809147,33.75804922543466,-0.09399700909852982,-0.006103701889514923,12.207404375076294,0.31640637,0.0,-0.5019325516825364,0.04606139841470683,,0.5040416042971656,
2017-06-30,San Pedro Bay,31.396313354372978,33.753471449017525,-0.11413922533392906,-0.03662221133708954,12.05481182038784,0.29219103,24.81794548034668,-0.4994991618802638,-0.1162077035799083,,0.512838808097049,
2017-07-01,San Pedro Bay,31.420484013855457,33.74889367260039,-0.03662221133708954,-0.03418073058128357,10.986663937568665,0.29100206,5.703474998474121,0.19222051088790548,0.21053781001897387,,0.2850875203399702,
2017-07-02,San Pedro Bay,31.293038718402386,33.75957515090704,-0.008545182645320892,0.01037629321217537,12.512589484453201,0.3609114,5.703474998474121,0.27462352459869194,0.9392086229100751,,0.9785350875730763,
2017-07-03,San Pedro Bay,31.1758476421237,33.75957515090704,-0.04516739398241043,0.0048829615116119385,13.27555225789547,0.36869648,22.813899993896484,-0.7151079847999137,1.1577863349007553,,1.3608264500690443,
2017-07-04,San Pedro Bay,31.09820855408907,33.74736774712801,-0.05493331700563431,-0.0006103701889514923,13.73332992196083,0.9159383,22.813899993896484,-1.2917468441551951,0.9353959877859385,,1.5948591045452691,
2017-07-05,San Pedro Bay,31.130436100065708,33.73210849240422,-0.07629627361893654,-0.004272591322660446,12.817774593830109,0.9159383,5.703474998474121,-1.5668141601085503,0.36542344934948706,,1.6088632352226646,
2017-07-06,San Pedro Bay,31.09454633295536,33.716849237680435,-0.07995849475264549,-0.009155552834272385,12.817774593830109,0.900292,8.102445602416992,-1.8060319276351524,0.5901942222479504,,1.9000211955692514,
2017-07-07,San Pedro Bay,30.978820145130157,33.71074553579092,-0.07019257172942162,-0.006103701889514923,13.73332992196083,0.9291033,24.307336807250977,-1.6241759642503686,0.6225864254360096,,1.739414102502852,
2017-07-08,San Pedro Bay,30.968565925955772,33.69853813201189,-0.062257759273052216,0.0024414807558059692,12.817774593830109,0.24794431,32.40978240966797,-1.2249962918702653,0.5209586513351152,,1.3311700986338306,
2017-07-09,San Pedro Bay,30.936338379979134,33.69853813201189,-0.06530961021780968,-0.0024414807558059692,12.970367148518562,0.25781062,8.102445602416992,-1.2307991948978219,0.5604613059103446,,1.352399176864529,
2017-07-10,San Pedro Bay,30.864558845758438,33.68785665370524,-0.05371257662773132,0.003662221133708954,13.122959703207016,0.30035245,0.0,-1.2347223327462904,0.549478003912252,,1.3514678374884967,
2017-07-11,San Pedro Bay,30.74663532525301,33.66496777161956,-0.043946653604507446,0.001831110566854477,13.27555225789547,0.3084097,14.864625930786133,-1.3490796297920868,0.6644316027595378,,1.5038235276339982,
2017-07-12,San Pedro Bay,30.678518012166023,33.63750111311674,-0.014038514345884323,0.009155552834272385,13.122959703207016,0.29473788,14.864625930786133,0.6520423417975946,0.03497072418554467,,0.6529794537709074,
2017-07-13,San Pedro Bay,30.70561844855547,33.60393075272441,0.02075258642435074,-0.003662221133708954,12.359996929764748,0.26497206,14.864625930786133,1.0211516858505192,-0.48296335455013195,,1.1296036328525478,
2017-07-14,San Pedro Bay,30.633106470108032,33.60698260366917,0.01892147585749626,0.011597033590078354,13.122959703207016,0.2573696,14.864625930786133,0.9202000352513499,-0.1290400654395311,,0.9292036608651646,
2017-07-15,San Pedro Bay,30.59135714918375,33.597827050834894,0.0030518509447574615,0.017700735479593277,13.122959703207016,0.26751253,0.0,-0.010039829830435212,0.38749942591477887,,0.3876294664590236,
2017-07-16,San Pedro Bay,30.543748274445534,33.55662706308067,-0.03906369209289551,0.0012207403779029846,12.665182039141655,0.26685944,0.0,-1.302213408471859,0.3102782035838753,,1.338668116010512,
2017-07-17,San Pedro Bay,30.397259429097176,33.52916040457785,-0.05066072568297386,-0.01037629321217537,13.27555225789547,0.23328362,13.668789863586426,-2.2480657381587927,0.2590629521786232,,2.2629434761555447,
2017-07-18,San Pedro Bay,30.285927906632423,33.49101226776838,-0.04455702379345894,-0.0048829615116119385,12.970367148518562,0.19293688,27.33757972717285,-2.5090711704665707,1.0128756147148168,,2.7058002789101794,
2017-07-19,San Pedro Bay,30.181188382208347,33.475753013044596,-0.012817773967981339,0.0079348124563694,13.580737367272377,0.43362817,13.668789863586426,-0.4149663304799408,1.2641284081215687,,1.33049527907917,
2017-07-20,San Pedro Bay,30.212683483958244,33.4681233856827,0.0317392498254776,0.015259254723787308,12.970367148518562,0.4293335,0.0,1.148428361931734,-0.013233523359677053,,1.1485046054020491,
2017-07-21,San Pedro Bay,30.17825860530138,33.46659746021032,0.03479110077023506,0.021973326802253723,13.122959703207016,0.43262863,11.07529354095459,0.586091831524851,0.04085044145852543,,0.5875137390287233,
2017-07-22,San Pedro Bay,30.11233862489462,33.477278938516974,0.025635547935962677,0.014038514345884323,14.343700140714645,0.42681912,4.363111972808838,1.8665761916682742,-0.4719196367645922,,1.925309020096998,
2017-07-23,San Pedro Bay,30.07937863469124,33.47270116209984,0.02868739888072014,0.004272591322660446,13.27555225789547,0.48046675,25.438823699951172,2.822437480408843,-0.9423764682509299,,2.9756052726680187,
2017-07-24,San Pedro Bay,30.05960264056921,33.45591598190367,0.043336283415555954,0.007324442267417908,12.817774593830109,0.49098587,9.023093223571777,2.4611082263352566,-0.6830146958381264,,2.554126617156229,
2017-07-25,San Pedro Bay,29.927762679755688,33.47117523662746,0.05737479776144028,0.03418073058128357,14.343700140714645,0.5095309,33.22587966918945,2.0127827298034067,0.4975222218264822,,2.073360238503192,
2017-07-26,San Pedro Bay,29.844264037907124,33.49253819324076,0.05859553813934326,0.04455702379345894,14.343700140714645,0.53158,11.463857650756836,1.5955095229871117,0.63441484591386,,1.7170127648501823,
2017-07-27,San Pedro Bay,29.869899585843086,33.50932337343693,0.06530961021780968,0.043946653604507446,13.428144812583923,0.56349224,0.0,1.0382229470047653,1.2960837468839468,,1.6606444431677692,
2017-07-28,San Pedro Bay,29.89260535687208,33.526108553633094,0.07263405248522758,0.048829615116119385,13.580737367272377,0.7749396,0.0,1.403126524539884,1.6102121245648675,,2.1357778746777667,
2017-07-29,San Pedro Bay,29.91164890676737,33.55357521213591,0.07446516305208206,0.05249183624982834,13.580737367272377,1.5421718,0.0,1.171717015344802,2.087196824550471,,2.3935979922414083,
2017-07-30,San Pedro Bay,29.976103998720646,33.58256779611111,0.06469924002885818,0.04699850454926491,13.27555225789547,1.436276,0.0,1.4281412328392538,1.2726075397721113,,1.9128819438795615,
2017-07-31,San Pedro Bay,30.05887019634247,33.59935297630727,0.054322946816682816,0.04028443247079849,12.817774593830109,0.89992887,0.0,1.6600877884500302,0.44611331735812204,,1.7189847460885688,
2017-08-01,San Pedro Bay,30.02224798500538,33.610034454613924,0.05493331700563431,0.025635547935962677,13.27555225789547,0.8892394,3.035414934158325,2.2833366492574796,0.48175010947851443,,2.333604384171605,
2017-08-02,San Pedro Bay,29.92922756820917,33.61613815650344,0.0555436871945858,0.027466658502817154,13.885922476649284,0.9941313,12.1416597366333,2.718064884135515,-0.02245558907760043,,2.7181576422002154,
2017-08-03,San Pedro Bay,29.823755599558353,33.620715932920575,0.05310220643877983,0.03906369209289551,14.343700140714645,1.0839193,10.407136917114258,2.0880166643762816,0.5390677016984156,,2.1564803680366453,
2017-08-04,San Pedro Bay,29.786400943994522,33.62834556028247,0.043336283415555954,0.03723258152604103,13.580737367272377,1.2452282,0.0,1.6124315107095335,0.5902225609622782,,1.7170608749249103,
2017-08-05,San Pedro Bay,29.935087122023106,33.631397411227226,0.02685628831386566,0.030518509447574615,12.512589484453201,1.5487851,3.035414934158325,0.2830383077947753,0.9707833570284167,,1.0112027541312831,
2017-08-06,San Pedro Bay,30.143101282417774,33.6115603800863,-0.017700735479593277,0.027466658502817154,11.749626711010933,0.9312082,0.0,-0.44202261869856385,0.7868285959023847,,0.9024872490904534,
2017-08-07,San Pedro Bay,30.138706617057323,33.58867149800062,-0.06897183135151863,0.016479995101690292,12.05481182038784,0.9802519,0.0,-1.6234902655322772,1.404771535994557,,2.1468823234212375,
2017-08-08,San Pedro Bay,30.233191922307014,33.56273076497018,-0.08117923513054848,0.009155552834272385,12.359996929764748,2.8578215,0.0,-1.0338697416418094,1.6897266342968522,,1.9809247187449275,
2017-08-09,San Pedro Bay,30.449262969195843,33.547471510246396,-0.06653035059571266,0.01831110566854477,11.902219265699387,1.4032667,0.0,0.20861101760020428,0.690180030759024,,0.7210180521476006,
2017-08-10,San Pedro Bay,30.658009573817253,33.53373818099499,-0.056764427572488785,0.0012207403779029846,11.291849046945572,0.42571354,0.0,0.5627410392728387,-0.274208256492347,,0.625993326809837,
2017-08-11,San Pedro Bay,30.77520065009594,33.535264106467366,-0.1263466291129589,-0.008545182645320892,11.444441601634026,0.38441867,3.921692371368408,-1.210226069823726,0.008213173135936455,,1.210253938764069,
2017-08-12,San Pedro Bay,30.759819321334362,33.513901149854064,-0.11047700420022011,-0.015259254723787308,11.749626711010933,0.466667,15.686769485473633,-1.1287436104742958,0.22634614451893662,,1.1512144523611298,
2017-08-13,San Pedro Bay,30.82500685751438,33.513901149854064,-0.06653035059571266,0.009155552834272385,12.05481182038784,1.2876399,0.0,-0.435719289892722,0.5118923946456156,,0.6722240127224263,
2017-08-14,San Pedro Bay,30.825739301741123,33.49864189513028,-0.046388134360313416,0.01342814415693283,12.05481182038784,0.9361008,0.0,-0.2823496365738244,0.5128300916723041,,0.585419524954536,
2017-08-15,San Pedro Bay,31.02056946605444,33.49101226776838,-0.05005035549402237,-0.006103701889514923,11.749626711010933,0.94152313,3.921692371368408,-1.0720359514987945,0.2983100222660157,,1.1127667997789459,
2017-08-16,San Pedro Bay,30.82427441328764,33.48033078946173,-0.051881466060876846,0.005493331700563431,12.512589484453201,0.9043065,9.85252571105957,-1.7276565976960507,0.5851741563532478,,1.8240685603415319,
2017-08-17,San Pedro Bay,30.76787620782852,33.47270116209984,-0.04821924492716789,0.001831110566854477,12.817774593830109,0.74222946,11.260029792785645,-1.1547260760660951,0.6453368581677993,,1.3228197047432002,
2017-08-18,San Pedro Bay,30.92608416080475,33.429975248873234,-0.02075258642435074,-0.0317392498254776,11.139256492257118,0.4597782,3.753343343734741,0.5942314936709061,0.04239870620978669,,0.5957421576140302,
2017-08-19,San Pedro Bay,30.70635089278221,33.45896783284843,0.028077028691768646,0.012817773967981339,12.817774593830109,0.44268563,11.260029792785645,1.5589278440805796,0.04064886662666194,,1.5594577113239576,
2017-08-20,San Pedro Bay,30.564989157021046,33.48185671493411,0.03234962001442909,0.031128879636526108,13.428144812583923,0.44707635,9.85252571105957,1.7446655950780592,0.8108733787119125,,1.9238954428327832,
2017-08-21,San Pedro Bay,30.413373202085495,33.4971159696579,0.03906369209289551,0.046388134360313416,13.73332992196083,0.5262559,8.652029037475586,0.8755579864483762,1.8363497738048995,,2.034399734414759,
2017-08-22,San Pedro Bay,30.23905147612095,33.500167820602655,0.02075258642435074,0.03906369209289551,14.343700140714645,0.5119383,0.0,-0.3011931306882066,1.6475918141569759,,1.6748958439410009,
2017-08-23,San Pedro Bay,30.185583047568798,33.48643449135125,-0.008545182645320892,0.017700735479593277,13.122959703207016,0.5118584,21.63007164001465,-0.6787411837366545,0.6357999703482891,,0.9300167723192524,
2017-08-24,San Pedro Bay,30.216345705091953,33.44828635454178,-0.0006103701889514923,-0.0158696249127388,12.207404375076294,0.69335216,17.304058074951172,0.9442153911462993,0.08602942968174372,,0.9481264512969381,
2017-08-25,San Pedro Bay,30.232459478080273,33.463545609265566,0.001831110566854477,0.02685628831386566,12.665182039141655,0.6945106,0.0,0.008191539275029587,1.2008319086203934,,1.200859847807641,
2017-08-26,San Pedro Bay,30.230262145400047,33.45744190737605,-0.020142216235399246,0.02075258642435074,12.817774593830109,0.6628608,0.0,-1.3269061470625456,1.004820612536589,,1.6644351553877899,
2017-08-27,San Pedro Bay,30.40311898291111,33.39945673942566,-0.06042664870619774,-0.012817773967981339,10.986663937568665,0.620678,0.0,0.03699728412117831,-0.575276415863924,,0.5764648763641941,
2017-08-28,San Pedro Bay,30.28446301817894,33.42081969603896,-0.02868739888072014,-0.015259254723787308,12.817774593830109,0.6597428,11.688070297241211,1.9197678732883063,-0.5857058359586734,,2.0071273037816897,
2017-08-29,San Pedro Bay,30.30936612188816,33.41319006867707,0.028077028691768646,0.027466658502817154,12.665182039141655,0.7354397,0.0,2.1239851342659852,0.855454995652857,,2.2897851646323337,
2017-08-30,San Pedro Bay,30.18704793602228,33.42234562151134,0.03784295171499252,0.04577776417136192,13.580737367272377,0.45483044,0.0,1.7963816461298463,1.922861327484859,,2.6314221826398385,
2017-08-31,San Pedro Bay,30.142368838191032,33.429975248873234,0.03906369209289551,0.04211554303765297,13.27555225789547,0.9396338,0.0,1.5571857127490223,1.7291081558198234,,2.326938408835161,
2017-09-01,San Pedro Bay,30.18997771292925,33.440656727179885,0.036011841148138046,0.038453321903944016,12.970367148518562,1.2896249,0.0,0.9965597250357523,1.1697482086268554,,1.5366984600594455,
2017-09-02,San Pedro Bay,30.299111902713776,33.440656727179885,0.03234962001442909,0.035401470959186554,12.359996929764748,1.1354586,13.398584365844727,0.45331927291351687,1.0569174349154058,,1.1500316636610493,
2017-09-03,San Pedro Bay,30.3503829985857,33.43607895076275,0.0079348124563694,0.027466658502817154,12.359996929764748,0.41719773,6.699292182922363,0.05135448917394221,0.09207799730888937,,0.10543074099489383,
2017-09-04,San Pedro Bay,30.5378887206316,33.404034515842795,-0.01831110566854477,0.0024414807558059692,11.291849046945572,0.25595292,20.097875595092773,0.5884120896191178,0.0807423838259124,,0.5939260221238228,
2017-09-05,San Pedro Bay,30.548142939805984,33.42387154698372,0.01831110566854477,0.009155552834272385,11.902219265699387,0.20719379,0.0,0.36692951565444437,0.339627760926243,,0.4999842852032236,
2017-09-06,San Pedro Bay,30.966368593275547,33.41166414320469,-0.06714072078466415,-0.006714072078466415,10.83407138288021,1.1873772,4.627843856811523,-0.6338475818104742,0.28589600327394055,,0.6953411261064592,
2017-09-07,San Pedro Bay,30.797173976898193,33.41319006867707,-0.11230811476707458,-0.025635547935962677,11.291849046945572,0.46220446,0.0,-1.2136202812889596,0.19716773111146452,,1.2295321473420433,
2017-09-08,San Pedro Bay,30.93414104729891,33.41471599414945,-0.10010071098804474,-0.031128879636526108,11.291849046945572,0.5038104,0.0,-0.7462629215536831,0.004887129204250646,,0.7462789238064396,
2017-09-09,San Pedro Bay,31.09820855408907,33.39793081395328,-0.0317392498254776,-0.032959990203380585,10.528886273503304,1.1010395,9.255687713623047,0.9061438656933333,-0.5143401425550677,,1.0419416910639603,
2017-09-10,San Pedro Bay,31.058656565845013,33.39487896300852,-0.007324442267417908,-0.04028443247079849,10.528886273503304,1.2024322,27.76706314086914,2.1869362763469837,-0.027179140343209104,,2.1871051603597405,
2017-09-11,San Pedro Bay,30.732718884944916,33.477278938516974,0.03418073058128357,0.028077028691768646,12.817774593830109,1.3024809,24.571155548095703,1.2513621017249015,2.112469078997238,,2.455286687813218,
2017-09-12,San Pedro Bay,30.515915393829346,33.513901149854064,0.014038514345884323,0.03906369209289551,14.343700140714645,1.7322148,6.142788887023926,0.28359346865376023,2.4287284491069903,,2.4452294646852097,
2017-09-13,San Pedro Bay,30.388470098376274,33.52000485174358,-0.01037629321217537,0.019531846046447754,13.73332992196083,1.8016185,6.142788887023926,-1.3334602939821218,1.8089624975712792,,2.2473232240259096,
2017-09-14,San Pedro Bay,30.367229215800762,33.52000485174358,-0.014038514345884323,0.01037629321217537,13.122959703207016,1.8029476,6.142788887023926,-1.2628085260652095,1.5782202650548702,,2.0212532197952964,
2017-09-15,San Pedro Bay,30.72246466577053,33.48490856587887,-0.0158696249127388,-0.020142216235399246,10.681478828191757,0.43295896,0.0,0.1812900374192924,-0.11781573016103968,,0.2162096758724441,
2017-09-16,San Pedro Bay,30.66020690649748,33.487960416823626,-0.023194067180156708,-0.04516739398241043,10.986663937568665,0.43333694,0.0,0.35863635470373084,-0.3398966608367083,,0.4941151434262307,
2017-09-17,San Pedro Bay,30.635303802788258,33.50932337343693,0.040894802659749985,-0.011597033590078354,11.749626711010933,0.68465286,14.43066692352295,1.0984738461899752,-0.03407377624789626,,1.0990021897117352,
2017-09-18,San Pedro Bay,30.540086053311825,33.538315957412124,0.03723258152604103,0.02136295661330223,12.665182039141655,0.6891563,14.43066692352295,0.5015835365686002,0.31881241117362846,,0.5943293680065012,
2017-09-19,San Pedro Bay,30.55400249361992,33.54441965930164,0.02685628831386566,0.016479995101690292,12.207404375076294,0.57060343,14.43066692352295,0.6067482151016591,0.4952229244897395,,0.7831916377676791,
2017-09-20,San Pedro Bay,30.654347352683544,33.55357521213591,0.01342814415693283,-0.004272591322660446,11.59703415632248,0.5718262,0.0,1.022267991907984,0.06895571564576414,,1.024591010110767,
2017-09-21,San Pedro Bay,30.797906421124935,33.50779744796455,-0.015259254723787308,-0.009765923023223877,10.528886273503304,0.56566614,36.14456558227539,0.6726158738838963,-0.16170205683240482,,0.6917800726997185,
2017-09-22,San Pedro Bay,30.50126650929451,33.53068633005023,0.019531846046447754,0.014038514345884323,12.359996929764748,1.3567072,28.915653228759766,0.7674002254220049,1.3202138837974384,,1.5270454495362147,
2017-09-23,San Pedro Bay,30.584032706916332,33.57036039233208,0.017090365290641785,0.009155552834272385,12.512589484453201,1.4770688,0.0,0.6191989802170987,-0.6160776636143995,,0.8734752799630178,
2017-09-24,San Pedro Bay,30.616992697119713,33.56273076497018,-0.07568590342998505,-0.02868739888072014,12.207404375076294,1.6826923,7.228913307189941,-0.473470516193465,-0.9342932042653013,,1.0474149708882483,
2017-09-25,San Pedro Bay,30.577440708875656,33.55204928666353,-0.04028443247079849,0.005493331700563431,12.970367148518562,1.268283,21.686738967895508,-1.0513864353371185,1.3181496501182106,,1.6860996223585527,
2017-09-26,San Pedro Bay,30.619190029799938,33.56730854138732,-0.012207403779029846,0.020142216235399246,12.970367148518562,1.2577826,0.0,-0.595267690533131,1.5865740465070959,,1.6945680359438355,
2017-09-27,San Pedro Bay,30.638233579695225,33.57799001969397,-0.006103701889514923,0.02075258642435074,12.817774593830109,1.3580623,0.0,-0.35062746032435926,0.689855086763171,,0.7738473083667942,
2017-09-28,San Pedro Bay,30.784722425043583,33.585619647055864,0.01831110566854477,0.0006103701889514923,12.207404375076294,0.562085,16.361032485961914,0.6742487385127868,-0.8932456563455284,,1.1191510907675684,
2017-09-29,San Pedro Bay,30.870418399572372,33.57646409422159,-0.06408886983990669,-0.008545182645320892,11.59703415632248,0.44405785,32.72206497192383,-0.2687186234770599,0.2517515884913295,,0.3682235203124776,
2017-09-30,San Pedro Bay,30.84844507277012,33.58714557252824,-0.051881466060876846,0.0030518509447574615,12.207404375076294,0.5079942,0.0,-0.6601335123932373,0.7694638965540245,,1.0138298389200897,
2017-10-01,San Pedro Bay,30.78398998081684,33.57799001969397,-0.05859553813934326,0.0012207403779029846,12.665182039141655,0.6502264,0.0,-1.84975852968835,0.6542782680239375,,1.9620618415746254,
2017-10-02,San Pedro Bay,30.850642405450344,33.55052336119115,-0.04821924492716789,0.007324442267417908,12.05481182038784,0.54900604,0.0,-1.0538024134300854,0.45129502184367826,,1.1463711106321368,
2017-10-03,San Pedro Bay,30.953917041420937,33.56425669044256,-0.03723258152604103,-0.0030518509447574615,11.902219265699387,1.2822204,12.155752182006836,0.38353430039756814,0.1990173489646854,,0.4320954347946567,
2017-10-04,San Pedro Bay,31.219061851501465,33.5688344668597,-0.0024414807558059692,-0.007324442267417908,10.83407138288021,1.2724599,0.0,-0.3426304659359314,0.07329684297362184,,0.35038273841240125,
2017-10-05,San Pedro Bay,31.006653025746346,33.58104187063873,-0.04455702379345894,0.0079348124563694,12.207404375076294,0.29039174,12.155752182006836,-0.5511434441236828,0.27932736802412206,,0.617885810265779,
2017-10-06,San Pedro Bay,31.195623636245728,33.56425669044256,-0.03357036039233208,-0.03479110077023506,10.528886273503304,0.22247863,4.653785228729248,0.53265752046422,-0.35493850457730686,,0.6400823198141516,
2017-10-07,San Pedro Bay,31.26960050314665,33.54594558477402,-0.015259254723787308,-0.012817773967981339,10.528886273503304,0.25996473,9.307570457458496,1.1080443197010734,-0.2292316311739543,,1.1315075585927328,
2017-10-08,San Pedro Bay,31.022034354507923,33.58104187063873,-0.0079348124563694,0.0158696249127388,12.512589484453201,0.2968547,13.961356163024902,-0.43865860369878307,1.2124914266990665,,1.2894017335251662,
2017-10-09,San Pedro Bay,30.98028503358364,33.59324927441776,0.016479995101690292,0.005493331700563431,12.817774593830109,1.7531012,13.961356163024902,-0.2421561665026208,-0.011293141974053702,,0.24241935572658208,
2017-10-10,San Pedro Bay,31.002990804612637,33.59935297630727,-0.0079348124563694,-0.017090365290641785,12.359996929764748,1.7480649,0.0,1.5780198882767618,-0.6815857075643791,,1.7189257821537958,
2017-10-11,San Pedro Bay,30.958311706781387,33.61766408197582,0.059205908328294754,0.012817773967981339,12.512589484453201,0.7037445,26.9039363861084,2.672212402886434,0.3530837821916237,,2.695438235869416,
2017-10-12,San Pedro Bay,30.834528632462025,33.64970851689577,0.0714133121073246,0.039674062281847,13.428144812583923,0.7037445,8.967979431152344,1.363684739566922,1.675640459020878,,2.1604182504402716,
2017-10-13,San Pedro Bay,30.66020690649748,33.668019622564316,0.05310220643877983,0.04028443247079849,14.343700140714645,0.70399946,0.0,0.4874210270503253,2.32266233507249,,2.3732550601178937,
2017-10-14,San Pedro Bay,30.50566117465496,33.65276036784053,0.028077028691768646,0.021973326802253723,14.343700140714645,0.64025056,8.967979431152344,-0.35581631994111645,1.5043625014611006,,1.545869266574227,
2017-10-15,San Pedro Bay,30.44413585960865,33.597827050834894,0.014648884534835815,-0.012207403779029846,12.512589484453201,0.657093,0.0,0.6651072043584305,-0.43434010710066634,,0.7943669944841021,
2017-10-16,San Pedro Bay,30.31669056415558,33.60087890177965,0.010986663401126862,-0.009155552834272385,13.428144812583923,0.58842444,12.855761528015137,1.4204351218443563,-1.3596686433187282,,1.9662997622420602,
2017-10-17,San Pedro Bay,30.18192082643509,33.59172334894538,0.0238044373691082,-0.0079348124563694,14.038515031337738,0.8215631,12.855761528015137,1.9686323621034767,-1.1768734865815795,,2.293587709362735,
2017-10-18,San Pedro Bay,30.003936879336834,33.56273076497018,0.07690664380788803,0.01831110566854477,13.580737367272377,0.7281832,25.711523056030273,3.0005527090588915,-0.736427948596312,,3.089602350354237,
2017-10-19,San Pedro Bay,29.78933072090149,33.619190007448196,0.119022186845541,0.06530961021780968,14.343700140714645,0.7030278,22.497583389282227,3.1978852113940652,0.6852593864697607,,3.270481654435288,
2017-10-20,San Pedro Bay,29.631855212152004,33.718375163152814,0.15686513856053352,0.079348124563694,14.343700140714645,0.61112154,12.855761528015137,3.6876809294314277,2.432375529387335,,4.417628476145833,
2017-10-21,San Pedro Bay,29.456801041960716,33.80687884055078,0.13977477326989174,0.06286812946200371,14.343700140714645,0.62156844,0.0,3.2699749827092828,1.4445935894901512,,3.5748548259112027,
2017-10-22,San Pedro Bay,29.346201963722706,33.84502697736025,0.08911404758691788,0.031128879636526108,13.885922476649284,0.60825723,9.321294784545898,2.4321530904270294,0.5386508170070455,,2.4910867824979737,
2017-10-23,San Pedro Bay,29.42603838443756,33.814508467912674,0.03906369209289551,-0.017090365290641785,11.749626711010933,0.3873024,4.660647392272949,1.243012534655422,-0.9818027035764799,,1.583987597824106,
2017-10-24,San Pedro Bay,29.34327218681574,33.78246403299272,-0.03906369209289551,-0.03234962001442909,12.817774593830109,0.40896842,0.0,0.17374492953238768,-1.5308443844196011,,1.5406725251808842,
2017-10-25,San Pedro Bay,29.289803758263588,33.739738119766116,-0.040894802659749985,-0.036011841148138046,13.27555225789547,0.37473714,0.0,1.0430999127782192,-1.4834436836902083,,1.8134670084449573,
2017-10-26,San Pedro Bay,29.24585710465908,33.727530715987086,-0.021973326802253723,-0.016479995101690292,13.27555225789547,0.4180322,0.0,2.3767394977213097,-1.1646051262141743,,2.6467330314999424,
2017-10-27,San Pedro Bay,29.295663312077522,33.72600479051471,-0.015259254723787308,-0.008545182645320892,12.665182039141655,0.48022473,0.0,1.5515096769150354,-0.47960486155612964,,1.6239467666119083,
2017-10-28,San Pedro Bay,29.452406376600266,33.706167759373784,-0.08301034569740295,-0.04028443247079849,12.05481182038784,0.48072174,0.0,-0.10974778103602628,-0.5060400310687905,,0.5178041024233334,
2017-10-29,San Pedro Bay,29.39747305959463,33.67412332445383,-0.13916440308094025,-0.04943998530507088,12.359996929764748,0.48664695,0.0,-0.8027750104379558,-0.8532541862299322,,1.171533364314719,
2017-10-30,San Pedro Bay,29.329355746507645,33.61613815650344,-0.17151402309536934,-0.056764427572488785,12.665182039141655,0.48554853,48.78178787231445,-1.77249335585797,-1.4211829522562562,,2.271892092583725,
2017-10-31,San Pedro Bay,29.218024224042892,33.55510113760829,-0.14648884534835815,-0.03784295171499252,13.27555225789547,0.4880222,24.390893936157227,-2.552053612852359,0.9387617739662211,,2.7192372664283977,
2017-11-01,San Pedro Bay,29.15210424363613,33.48185671493411,-0.1263466291129589,-0.029908139258623123,12.512589484453201,0.60436875,0.0,-2.612370833670654,1.0438459564640126,,2.813200268988928,
2017-11-02,San Pedro Bay,29.193853564560413,33.42081969603896,-0.11291848495602608,-0.0317392498254776,12.05481182038784,0.603895,0.0,-1.6228428379621984,-0.16416867477734823,,1.6311254490392064,
2017-11-03,San Pedro Bay,29.195318453013897,33.36588637903333,-0.10376293212175369,-0.03662221133708954,12.05481182038784,1.4273423,0.0,-1.8193000700230775,-0.5237326025449643,,1.8931847727452533,
2017-11-04,San Pedro Bay,29.166753128170967,33.307901211082935,-0.09460737928748131,-0.03723258152604103,12.665182039141655,1.3303095,16.948461532592773,-2.6146472121431423,0.021913988731248356,,2.6147390437422278,
2017-11-05,San Pedro Bay,29.161626018583775,33.25601974502206,-0.0952177494764328,-0.03784295171499252,12.817774593830109,0.87156034,25.422693252563477,-3.0337245757236055,0.2014797802389564,,3.040407687004246,
2017-11-06,San Pedro Bay,29.13159580528736,33.20719012990594,-0.10193182155489922,-0.04821924492716789,13.122959703207016,1.467796,21.58357810974121,-3.3453893818770966,-0.6421022911609913,,3.4064535030864893,
2017-11-07,San Pedro Bay,29.083254486322403,33.17056791856885,-0.09826960042119026,-0.0476088747382164,13.428144812583923,1.4675237,14.38905143737793,-2.8487788888269474,-0.26318863797119907,,2.8609105922036835,
2017-11-08,San Pedro Bay,29.06201360374689,33.13699755817652,-0.08789330720901489,-0.043336283415555954,13.27555225789547,0.93731064,28.77810287475586,-1.6149560550765747,-0.990114055901097,,1.894309611315271,
2017-11-09,San Pedro Bay,29.170415349304676,33.09884942136705,-0.06469924002885818,-0.008545182645320892,12.207404375076294,0.53304935,0.0,-2.040757400388394,1.4587088133358899,,2.50849001778835,
2017-11-10,San Pedro Bay,29.186529122292995,33.08511609211564,-0.05615405738353729,-0.016479995101690292,12.665182039141655,0.7247368,0.0,-1.8592085069485462,0.15781866685389936,,1.8658946926119342,
2017-11-11,San Pedro Bay,29.219489112496376,33.07596053928137,-0.06836146116256714,-0.031128879636526108,13.122959703207016,0.7250296,0.0,-1.9921984245890982,-0.5566644838246473,,2.068509103312588,
2017-11-12,San Pedro Bay,29.272225096821785,33.07138276286423,-0.06714072078466415,-0.024414807558059692,12.970367148518562,0.51129717,24.31944465637207,-2.689032435567184,-0.1383258303756532,,2.6925878769097764,
2017-11-13,San Pedro Bay,29.313974417746067,33.068330911919475,-0.06286812946200371,-0.020142216235399246,12.970367148518562,0.64409596,0.0,-2.674206090491374,0.2905657357573943,,2.6899454755101253,
2017-11-14,San Pedro Bay,29.428235717117786,33.066804986447096,-0.06530961021780968,-0.025635547935962677,12.512589484453201,0.83066535,0.0,-2.0025811234849433,-0.5644120140828568,,2.080598970916617,
2017-11-15,San Pedro Bay,29.42603838443756,33.07748646475375,-0.06408886983990669,-0.02868739888072014,13.122959703207016,0.6614227,12.159722328186035,-2.195630128308317,-1.242892297176867,,2.5230087044472884,
2017-11-16,San Pedro Bay,29.300790421664715,33.07596053928137,-0.07507553324103355,-0.03234962001442909,14.343700140714645,0.65553945,48.675926208496094,-4.23356709769881,0.15701622995006081,,4.236477837447714,
2017-11-17,San Pedro Bay,29.185064233839512,33.068330911919475,-0.05798516795039177,-0.01831110566854477,14.343700140714645,0.8310266,19.37706756591797,-2.6684465070411587,0.8895069265832997,,2.81279742131918,
2017-11-18,San Pedro Bay,29.174077570438385,33.079012390226126,-0.03723258152604103,-0.006103701889514923,13.27555225789547,1.0913883,6.9537034034729,-1.6579549448704418,0.5563407513043511,,1.7488080600175193,
2017-11-19,San Pedro Bay,29.239997550845146,33.09427164494991,-0.04699850454926491,-0.0238044373691082,12.665182039141655,2.0094252,0.0,-2.5614887808275437,-0.9088162198920341,,2.717935189779959,
2017-11-20,San Pedro Bay,29.242927327752113,33.10037534683943,-0.051881466060876846,-0.02685628831386566,12.665182039141655,1.6018624,0.0,-2.7148402125813793,-0.6476695994224223,,2.7910272821785367,
2017-11-21,San Pedro Bay,29.197515785694122,33.10800497420132,-0.05005035549402237,-0.02929776906967163,13.27555225789547,0.5564196,28.06285285949707,-2.6072676744719394,-0.9600785583429395,,2.778416017182483,
2017-11-22,San Pedro Bay,29.15210424363613,33.115634601563215,-0.05249183624982834,-0.0317392498254776,13.428144812583923,0.36772555,0.0,-2.239016309748645,-1.1514320834455638,,2.5177350690865454,
2017-11-23,San Pedro Bay,29.125003807246685,33.117160527035594,-0.051271095871925354,-0.03234962001442909,12.970367148518562,0.82882154,0.0,-3.0114694278645553,-1.0703394498262309,,3.1960248204319677,
2017-11-24,San Pedro Bay,29.054689161479473,33.127842005342245,-0.0714133121073246,-0.04211554303765297,13.580737367272377,0.36597273,0.0,-3.5869482982647383,-1.2337379599574454,,3.7931922503696356,
2017-11-25,San Pedro Bay,28.98730429261923,33.14462718553841,-0.08178960531949997,-0.043946653604507446,13.885922476649284,0.3406703,0.0,-3.8232199842388708,-1.1057649116199046,,3.9799154623752058,
2017-11-26,San Pedro Bay,28.904538094997406,33.16904199309647,-0.08606219664216042,-0.04516739398241043,14.191107586026192,0.29360503,0.0,-3.158029991306606,-0.7734407300751401,,3.251363404624461,
2017-11-27,San Pedro Bay,28.84008300304413,33.20719012990594,-0.10071108117699623,-0.04577776417136192,14.191107586026192,0.2921579,0.0,-3.686233834672728,-1.2675972616635414,,3.8980921874248837,
2017-11-28,San Pedro Bay,28.81225012242794,33.25754567049444,-0.10742515325546265,-0.04699850454926491,13.580737367272377,0.26986858,0.0,-2.9280162980141364,-1.9970470865764913,,3.5442173335505345,
2017-11-29,San Pedro Bay,28.769768357276917,33.31247898750007,-0.1031525619328022,-0.030518509447574615,13.580737367272377,0.28991178,0.0,-2.332523655051372,-0.002652583781342863,,2.3325251633315616,
2017-11-30,San Pedro Bay,28.79540390521288,33.356730826199055,-0.09460737928748131,-0.020142216235399246,12.665182039141655,0.365201,0.0,-2.810907800715999,0.41656975035904587,,2.841607471316236,
2017-12-01,San Pedro Bay,28.801263459026814,33.39945673942566,-0.10010071098804474,-0.02929776906967163,12.817774593830109,0.3344257,19.224746704101562,-2.538875466901361,-0.16372857683422914,,2.5441493044445656,
2017-12-02,San Pedro Bay,28.85766166448593,33.439130801707506,-0.10681478306651115,-0.03418073058128357,12.512589484453201,0.40728092,19.224746704101562,-2.3976889875552714,-0.4373004091552602,,2.4372410896116086,
2017-12-03,San Pedro Bay,28.884762100875378,33.48338264040649,-0.10376293212175369,-0.0317392498254776,12.817774593830109,0.6358831,0.0,-2.1099280389036292,-0.16276983134248682,,2.116197142835935,
2017-12-04,San Pedro Bay,28.952146969735622,33.5184789262712,-0.09765923023223877,-0.03784295171499252,12.512589484453201,1.8990344,0.0,-0.8944658858861835,-1.4888775437563035,,1.736901137461761,
2017-12-05,San Pedro Bay,28.88549454510212,33.52916040457785,-0.10620441287755966,-0.036011841148138046,12.817774593830109,0.8588593,38.449493408203125,-1.9017143267196923,-0.7374932525157772,,2.0397092140688176,
2017-12-06,San Pedro Bay,28.944090083241463,33.54289373382926,-0.10193182155489922,-0.032959990203380585,12.359996929764748,1.2578337,0.0,-1.5483067963042634,-0.19944764792630987,,1.5611000287442534,
2017-12-07,San Pedro Bay,28.949949637055397,33.561204839497805,-0.09949034079909325,-0.027466658502817154,12.665182039141655,0.65726525,0.0,-1.465315384141293,-0.15283019354473054,,1.4732638063361445,
2017-12-08,San Pedro Bay,29.120609141886234,33.55052336119115,-0.09582811966538429,-0.031128879636526108,11.444441601634026,0.4244924,0.0,-0.455216243745665,-0.31349083432867664,,0.5527190351145892,
2017-12-09,San Pedro Bay,29.19605089724064,33.548997435718775,-0.09643848985433578,-0.014648884534835815,11.139256492257118,0.90504855,0.0,-0.29384778734784833,-0.008902019416664566,,0.29398259825867407,
2017-12-10,San Pedro Bay,29.222418889403343,33.55510113760829,-0.04821924492716789,-0.02685628831386566,11.291849046945572,1.0291424,0.0,0.9173565723144567,-0.5738612215158458,,1.082062744173455,
2017-12-11,San Pedro Bay,29.119876697659492,33.56578261591494,-0.06591998040676117,-0.023194067180156708,12.512589484453201,1.0752354,51.224178314208984,-0.37495270093724203,-0.6010428972769765,,0.7084081396393147,
2017-12-12,San Pedro Bay,29.052491828799248,33.49559004418552,-0.05737479776144028,-0.02929776906967163,11.291849046945572,0.94775426,51.224178314208984,-0.20737646380689206,-1.6724580834421765,,1.6852658658538509,
2017-12-13,San Pedro Bay,28.916257202625275,33.442182652652264,-0.04455702379345894,-0.030518509447574615,10.528886273503304,0.95120674,76.83627319335938,0.9160376837477953,-2.951083010542084,,3.0899864033934126,
2017-12-14,San Pedro Bay,28.804925680160522,33.442182652652264,-0.05005035549402237,-0.02624591812491417,14.191107586026192,0.9493913,102.44835662841797,4.3502114030239385,-5.0076196502870225,,6.633294340894291,
2017-12-15,San Pedro Bay,28.610827960073948,33.391827112063766,-0.025025177747011185,-0.0158696249127388,14.343700140714645,2.0004928,102.44835662841797,7.038386671138415,-0.9630146479320824,,7.1039625663843875,
2017-12-16,San Pedro Bay,28.506820879876614,33.379619708284736,0.010986663401126862,0.008545182645320892,14.191107586026192,2.5973551,99.2771224975586,3.2287743237012436,4.27634988035443,,5.3583721345759265,
2017-12-17,San Pedro Bay,28.577135525643826,33.3536789752543,-0.011597033590078354,0.01037629321217537,11.59703415632248,2.5977836,0.0,-2.031322349767131,2.9023736950435173,,3.5426040640105434,
2017-12-18,San Pedro Bay,28.565416418015957,33.320108614861965,-0.04699850454926491,-0.009765923023223877,11.749626711010933,5.0276084,0.0,-2.297974339359857,0.30988987351626035,,2.318775064137161,
2017-12-19,San Pedro Bay,28.463606670498848,33.29264195635915,-0.06836146116256714,-0.0238044373691082,13.122959703207016,3.7996469,0.0,-2.061772615627403,-0.32142075758689653,,2.0866762139725457,
2017-12-20,San Pedro Bay,28.38230536133051,33.260597521439195,-0.09277626872062683,-0.04455702379345894,13.428144812583923,2.2282336,33.09237289428711,-2.1226228445490056,-2.0386400041505044,,2.9430563716524496,
2017-12-21,San Pedro Bay,28.225562296807766,33.21939753368497,-0.13183996081352234,-0.06653035059571266,14.343700140714645,2.2470536,90.49490356445312,-3.097600395975227,-2.919364918461777,,4.256503229211887,
2017-12-22,San Pedro Bay,28.03073213249445,33.18582717329264,-0.15503402799367905,-0.07324442267417908,14.343700140714645,0.5756404,90.49490356445312,-5.593201747105781,-0.9348701639470381,,5.670792537843853,
2017-12-23,San Pedro Bay,27.963347263634205,33.211767906323075,-0.12146366760134697,-0.04516739398241043,13.885922476649284,0.61110103,0.0,-4.271772088037515,0.8132721548704479,,4.348499553871889,
2017-12-24,San Pedro Bay,28.064424566924572,33.26975307427347,-0.09765923023223877,-0.0317392498254776,12.665182039141655,2.1164105,0.0,-2.597542422111007,-0.32718319941517604,,2.6180671268410722,
2017-12-25,San Pedro Bay,28.11716055124998,33.31705676391721,-0.09399700909852982,-0.035401470959186554,12.970367148518562,1.552556,0.0,-2.4539331434357123,-0.7545647486857813,,2.5673246449195926,
2017-12-26,San Pedro Bay,28.16183964908123,33.34757527336478,-0.10071108117699623,-0.043336283415555954,12.817774593830109,0.9601852,0.0,-2.9213890197364085,-0.5820285469516634,,2.978803624629042,
2017-12-27,San Pedro Bay,28.09225744754076,33.37809378281236,-0.10864589363336563,-0.051881466060876846,13.73332992196083,0.7834511,33.319705963134766,-3.417121614602332,-0.8892636688523471,,3.5309361367381293,
2017-12-28,San Pedro Bay,28.04245124012232,33.40708636678755,-0.11413922533392906,-0.05249183624982834,13.580737367272377,1.1699892,0.0,-2.509522593742222,-1.4241340084418266,,2.8854568654726545,
2017-12-29,San Pedro Bay,27.999969474971294,33.43760487623513,-0.12146366760134697,-0.05737479776144028,13.580737367272377,1.5208454,33.319705963134766,-2.369051267756667,-1.9468068151223257,,3.066343210514147,
2017-12-30,San Pedro Bay,27.92452771961689,33.47117523662746,-0.13000885024666786,-0.06042664870619774,14.343700140714645,1.3912612,33.319705963134766,-2.1556711752325177,-2.8199222684735554,,3.549490078301584,
2017-12-31,San Pedro Bay,27.87545395642519,33.487960416823626,-0.11719107627868652,-0.05249183624982834,13.27555225789547,2.0156877,33.319705963134766,-1.7408947707154168,-1.5840473904010592,,2.353703621474184,
2018-01-01,San Pedro Bay,27.775841541588306,33.487960416823626,-0.14099551364779472,-0.06469924002885818,14.343700140714645,0.79791206,109.1715087890625,-4.565061730701834,-2.981084484549988,,5.452215449626243,
2018-01-02,San Pedro Bay,27.64986113458872,33.489486342296004,-0.15625476837158203,-0.06897183135151863,14.343700140714645,0.810541,62.38372039794922,-4.292487278309269,-0.03743949084260131,,4.292650550641349,
2018-01-03,San Pedro Bay,27.60518203675747,33.50321967154741,-0.14831995591521263,-0.056764427572488785,13.27555225789547,0.7916445,0.0,-2.6055551538152235,-0.03585394086944512,,2.605801827585694,
2018-01-04,San Pedro Bay,27.614703811705112,33.526108553633094,-0.15320291742682457,-0.05859553813934326,13.428144812583923,0.79908806,15.595930099487305,-2.810478340561749,-0.6499101522703251,,2.884644121688282,
2018-01-05,San Pedro Bay,27.65498824417591,33.54441965930164,-0.14526810497045517,-0.05310220643877983,12.817774593830109,0.73438746,31.19186019897461,-3.2913454212300137,-0.7138929932597015,,3.367877356388898,
2018-01-06,San Pedro Bay,27.70332956314087,33.559678914025426,-0.1355021819472313,-0.046388134360313416,13.122959703207016,1.1566507,0.0,-2.9475260034161095,-0.2836307221449356,,2.9611409840395306,
2018-01-07,San Pedro Bay,27.747276216745377,33.561204839497805,-0.1269569993019104,-0.04455702379345894,12.665182039141655,1.356681,0.0,-1.9895058011714966,0.279382264048021,,2.009026575822141,
2018-01-08,San Pedro Bay,27.794885091483593,33.57036039233208,-0.12024292722344398,-0.03723258152604103,12.817774593830109,0.8969999,0.0,-2.144407082222986,-0.06274734526977249,,2.1453249086388997,
2018-01-09,San Pedro Bay,27.824915304780006,33.58256779611111,-0.13367107138037682,-0.05005035549402237,13.122959703207016,0.8699224,46.69745635986328,-2.6714313363577324,-1.5919361915388792,,3.109791990279313,
2018-01-10,San Pedro Bay,27.873256623744965,33.58714557252824,-0.13733329251408577,-0.05249183624982834,12.817774593830109,0.92403865,46.69745635986328,-2.5964179142507255,-0.7600108202944309,,2.7053654896162738,
2018-01-11,San Pedro Bay,27.85934018343687,33.57951594516635,-0.13245033100247383,-0.04943998530507088,12.970367148518562,0.7684439,12.83598804473877,-1.3413047004088685,-0.7652759349648547,,1.5442621396561067,
2018-01-12,San Pedro Bay,27.82638019323349,33.55510113760829,-0.14038514345884323,-0.06042664870619774,12.970367148518562,0.698885,0.0,-1.4858729513096203,-2.223613589905345,,2.6743739126467143,
2018-01-13,San Pedro Bay,27.66231268644333,33.53221225552261,-0.1593066193163395,-0.07751701399683952,14.343700140714645,0.6340456,51.34395217895508,-3.706280054402783,-1.8343297071713982,,4.13536906651334,
2018-01-14,San Pedro Bay,27.509231843054295,33.50474559701979,-0.1580858789384365,-0.07507553324103355,14.343700140714645,0.5155535,64.17993927001953,-3.556778895506773,-1.6843319775466217,,3.9354352138116178,
2018-01-15,San Pedro Bay,27.446974083781242,33.48643449135125,-0.13611255213618279,-0.059205908328294754,14.343700140714645,0.4686813,51.34395217895508,-2.2940791088963626,-0.6161947069092929,,2.3753936252119896,
2018-01-16,San Pedro Bay,27.4462416395545,33.4467604290694,-0.12512588873505592,-0.048829615116119385,12.970367148518562,0.51118535,36.07876205444336,-3.1098310233220428,0.2032366260660193,,3.1164650037808737,
2018-01-17,San Pedro Bay,27.575151823461056,33.426923397928476,-0.12024292722344398,-0.04272591322660446,12.665182039141655,0.79168373,12.026253700256348,-2.9748829234569336,0.38960709304349755,,3.000287002142541,
2018-01-18,San Pedro Bay,27.65425579994917,33.42081969603896,-0.12207403779029846,-0.05249183624982834,12.970367148518562,0.85671943,72.15752410888672,-3.1405225750373473,-0.20774748595520887,,3.1473863859144973,
2018-01-19,San Pedro Bay,27.71138644963503,33.42234562151134,-0.12085329741239548,-0.054322946816682816,13.428144812583923,0.8615714,36.07876205444336,-3.3917951435432974,-0.4226902006272331,,3.4180317876623367,
2018-01-20,San Pedro Bay,27.808069087564945,33.43150117434561,-0.11474959552288055,-0.051271095871925354,13.122959703207016,1.0973454,0.0,-2.5724656114957845,-0.6689903442966552,,2.658030737800174,
2018-01-21,San Pedro Bay,27.876918844878674,33.442182652652264,-0.10742515325546265,-0.04577776417136192,13.122959703207016,1.0932426,37.36613082885742,-2.703858092017691,-0.675560011998874,,2.7869750468171524,
2018-01-22,San Pedro Bay,27.934781938791275,33.45439005643129,-0.09826960042119026,-0.043946653604507446,13.122959703207016,0.75375307,17.0816593170166,-2.1578612814234446,-0.23164914716860419,,2.1702595783109384,
2018-01-23,San Pedro Bay,28.00582902878523,33.4681233856827,-0.09216589853167534,-0.04150517284870148,12.970367148518562,0.98994046,0.0,-1.7640104861644432,-0.7423413594169044,,1.9138452626059017,
2018-01-24,San Pedro Bay,28.0351267978549,33.4681233856827,-0.08239997550845146,-0.0317392498254776,12.817774593830109,0.9953973,29.89290428161621,-1.6076103985424084,-1.0199508173069864,,1.90386734391524,
2018-01-25,San Pedro Bay,28.154515206813812,33.475753013044596,-0.08056886494159698,-0.02868739888072014,12.512589484453201,1.0402936,0.0,-1.9243227582521354,-0.17307310207323243,,1.932090157468941,
2018-01-26,San Pedro Bay,28.197729416191578,33.46201968379319,-0.09277626872062683,-0.035401470959186554,12.207404375076294,0.38163576,0.0,-2.3435517261656593,-0.25752120596248196,,2.3576581314377223,
2018-01-27,San Pedro Bay,28.097384557127953,33.45744190737605,-0.11291848495602608,-0.051881466060876846,14.038515031337738,0.37856597,158.138671875,-3.9387975103200312,-0.660316461403249,,3.9937630946894416,
2018-01-28,San Pedro Bay,27.971404150128365,33.463545609265566,-0.13000885024666786,-0.059205908328294754,14.343700140714645,0.6928416,22.59123992919922,-3.3399623983529585,-0.42628411689620366,,3.367056128241646,
2018-01-29,San Pedro Bay,27.980925925076008,33.489486342296004,-0.10620441287755966,-0.04577776417136192,13.27555225789547,0.97064245,22.59123992919922,-1.9836829995483714,-1.1972429532074398,,2.316978405532105,
2018-01-30,San Pedro Bay,27.926725052297115,33.52000485174358,-0.10071108117699623,-0.04516739398241043,14.343700140714645,0.8432232,0.0,-2.2886420132758736,-1.9601841877845678,,3.0133377366256324,
2018-01-31,San Pedro Bay,27.870326846837997,33.547471510246396,-0.09643848985433578,-0.046388134360313416,14.343700140714645,0.8411583,0.0,-2.2904612213359363,-1.4987179313055594,,2.7372190347249385,
2018-02-01,San Pedro Bay,27.849818408489227,33.561204839497805,-0.08606219664216042,-0.043946653604507446,13.27555225789547,0.7810182,30.760229110717773,-1.8410028930973301,-1.9026532400458915,,2.647523560660012,
2018-02-02,San Pedro Bay,27.83077485859394,33.55662706308067,-0.08178960531949997,-0.04150517284870148,12.970367148518562,0.7341144,46.140342712402344,-1.8587302524953966,-1.8762783537132715,,2.641079062079472,
2018-02-03,San Pedro Bay,27.81759086251259,33.55815298855305,-0.06714072078466415,-0.032959990203380585,13.122959703207016,0.5313665,26.915199279785156,-1.3357756556766036,-1.1309400033742372,,1.750234810969768,
2018-02-04,San Pedro Bay,27.81466108560562,33.54136780835688,-0.059816278517246246,-0.0317392498254776,12.359996929764748,0.4758215,13.457599639892578,-0.7840394308665108,-1.1339719681023244,,1.378626219682239,
2018-02-05,San Pedro Bay,27.750938437879086,33.538315957412124,-0.046388134360313416,-0.03479110077023506,13.580737367272377,0.5275159,13.457599639892578,0.537355021772278,-2.989982360545765,,3.0378849444636167,
2018-02-06,San Pedro Bay,27.64180424809456,33.535264106467366,-0.08239997550845146,-0.04455702379345894,14.343700140714645,0.5504135,0.0,-0.4490447658222633,-3.793069005502013,,3.819556738970165,
2018-02-07,San Pedro Bay,27.52827539294958,33.53068633005023,-0.08911404758691788,-0.0476088747382164,14.343700140714645,0.6899744,52.34751510620117,-1.2656049386927115,-2.6936030515148683,,2.9761137847826977,
2018-02-08,San Pedro Bay,27.56855982542038,33.51084929890931,-0.043336283415555954,-0.030518509447574615,12.359996929764748,0.73334223,22.902036666870117,1.4521899836940855,-1.815493408027283,,2.324838072497082,
2018-02-09,San Pedro Bay,27.56855982542038,33.48185671493411,-0.009155552834272385,-0.012817773967981339,11.59703415632248,0.8613651,0.0,1.4826884835324894,-1.1260790610457108,,1.8618322134192067,
2018-02-10,San Pedro Bay,27.76924954354763,33.49101226776838,-0.02929776906967163,-0.025635547935962677,11.59703415632248,1.6086488,0.0,1.267668774241809,-1.4498961889883555,,1.9259239548929983,
2018-02-11,San Pedro Bay,27.734092220664024,33.49406411871314,-0.06103701889514923,-0.03357036039233208,12.512589484453201,1.1527431,15.31536865234375,-1.0835608144778832,-2.085370000304509,,2.3500791639521426,
2018-02-12,San Pedro Bay,27.614703811705112,33.45744190737605,-0.12512588873505592,-0.0634784996509552,14.343700140714645,1.1527597,76.57684326171875,-3.20129203139508,-3.527525302203052,,4.763581155806666,
2018-02-13,San Pedro Bay,27.410351872444153,33.3964048884809,-0.16479995101690292,-0.079348124563694,14.343700140714645,0.978821,122.52294921875,-6.100317677801606,-1.162572369708771,,6.2101087176400585,
2018-02-14,San Pedro Bay,27.32685323059559,33.37199008092284,-0.14038514345884323,-0.05493331700563431,13.580737367272377,1.6198552,45.94610595703125,-4.015184142367082,1.011750731533573,,4.140693569907679,
2018-02-15,San Pedro Bay,27.55171360820532,33.38572341017425,-0.11963255703449249,-0.02624591812491417,11.749626711010933,1.6157109,0.0,-2.170491459148752,0.7084476202637544,,2.2831844439061544,
2018-02-16,San Pedro Bay,27.868861958384514,33.41471599414945,-0.12207403779029846,-0.02136295661330223,11.291849046945572,1.7761387,0.0,-1.7860803165469903,-0.08856179404869816,,1.788274612167192,
2018-02-17,San Pedro Bay,27.776573985815048,33.43455302529037,-0.1342814415693283,-0.039674062281847,12.665182039141655,0.7354258,0.0,-2.025523306344612,-0.5765812822632209,,2.1059892306470873,
2018-02-18,San Pedro Bay,27.849085964262486,33.44828635454178,-0.16113772988319397,-0.051271095871925354,12.970367148518562,1.4439013,0.0,-3.010402552986297,-1.0040807625546158,,3.1734368921972713,
2018-02-19,San Pedro Bay,27.91647083312273,33.452864130958915,-0.16479995101690292,-0.05493331700563431,12.817774593830109,0.6623231,0.0,-3.204568718149059,-0.9248874382243522,,3.3353676623012203,
2018-02-20,San Pedro Bay,27.942106381058693,33.440656727179885,-0.14526810497045517,-0.043336283415555954,12.817774593830109,0.67474645,46.77399826049805,-3.3701939802942267,-0.1615244333724627,,3.3740624782875224,
2018-02-21,San Pedro Bay,28.008026361465454,33.426923397928476,-0.13183996081352234,-0.04028443247079849,12.817774593830109,1.0702745,0.0,-2.962166878851655,-0.27967438538963973,-0.17261614901342637,2.9753403805293988,-0.17261614901342637
2018-02-22,San Pedro Bay,28.03073213249445,33.41013821773231,-0.11963255703449249,-0.04577776417136192,12.817774593830109,1.5753521,0.0,-2.6724167183397847,-1.4899254591782858,,3.0596877275907763,-0.17218246808407484
2018-02-23,San Pedro Bay,27.983855701982975,33.38572341017425,-0.1269569993019104,-0.05737479776144028,13.580737367272377,1.8746754,0.0,-2.762244264276875,-2.497994021150685,,3.724240527306885,-0.17174878715472333
2018-02-24,San Pedro Bay,27.884975731372833,33.34147157147527,-0.12451551854610443,-0.056764427572488785,13.885922476649284,1.8746796,70.96401977539062,-2.7561248518061237,-1.1663989699891928,,2.9927764293269847,-0.1713151062253718
2018-02-25,San Pedro Bay,27.788293093442917,33.29874565824866,-0.11169774457812309,-0.04577776417136192,14.038515031337738,0.95115244,47.309349060058594,-3.1650208731472627,-0.49894238622845927,,3.204106838454862,-0.1708814252960203
2018-02-26,San Pedro Bay,27.767784655094147,33.26822714880109,-0.10925626382231712,-0.04272591322660446,12.970367148518562,0.550279,0.0,-2.0991964951296724,-0.6424978241808993,,2.1953198808469554,-0.17044774436666876
2018-02-27,San Pedro Bay,27.79415264725685,33.24228641577065,-0.10986663401126862,-0.03784295171499252,12.665182039141655,0.4509447,8.520316123962402,-2.7701904504802406,-0.47082991385761513,,2.8099174257823107,-0.17001406343731726
2018-02-28,San Pedro Bay,27.9281899407506,33.22855308651924,-0.10864589363336563,-0.028077028691768646,11.749626711010933,0.45124322,32.36226272583008,-2.497015704018477,0.08763528181248226,,2.498553055016692,-0.16958038250796573
2018-03-01,San Pedro Bay,28.016815692186356,33.23923456482589,-0.12085329741239548,-0.02685628831386566,12.207404375076294,0.5695135,0.0,-2.5691842841457806,-0.06919617125179382,,2.5701159499169632,-0.16914670157861422
2018-03-02,San Pedro Bay,28.09591966867447,33.2529678940773,-0.14831995591521263,-0.035401470959186554,12.359996929764748,0.7346963,0.0,-2.7289884802094915,-0.3276886933054685,,2.7485920040697844,-0.1687130206492627
2018-03-03,San Pedro Bay,28.2314218506217,33.26975307427347,-0.16907254233956337,-0.03723258152604103,12.05481182038784,0.57649446,0.0,-3.138825694996282,0.4826647823666476,,3.1757191367792488,-0.1682793397199112
2018-03-04,San Pedro Bay,28.33323159813881,33.30484936013818,-0.16052735969424248,-0.0476088747382164,12.665182039141655,0.5121318,0.0,-3.2569524511232064,-0.6333531051434005,,3.3179625411797904,-0.16784565879055965
2018-03-05,San Pedro Bay,28.396954245865345,33.344523422420025,-0.14099551364779472,-0.043946653604507446,13.122959703207016,0.5075621,0.0,-2.7868776650482148,-0.05732639708008323,,2.7874672080128176,-0.16741197786120815
2018-03-06,San Pedro Bay,28.4767906665802,33.38267155922949,-0.13794366270303726,-0.051881466060876846,13.122959703207016,0.6550084,0.0,-3.010238578780786,-1.5462736525482845,,3.3841540316222574,-0.16697829693185662
2018-03-07,San Pedro Bay,28.52513198554516,33.42234562151134,-0.13183996081352234,-0.05310220643877983,13.428144812583923,0.4224427,0.0,-2.554573334592156,-1.8558760151909524,,3.157549794630377,-0.1665446160025051
2018-03-08,San Pedro Bay,28.59910885244608,33.45439005643129,-0.10864589363336563,-0.0476088747382164,13.122959703207016,0.5207998,0.0,-1.7254397209546959,-1.4000262399486885,,2.221984631628464,-0.16611093507315358
2018-03-09,San Pedro Bay,28.577135525643826,33.48338264040649,-0.10620441287755966,-0.043946653604507446,13.580737367272377,0.5536738,0.0,-1.843603166114953,-1.24950712097742,,2.227137328384211,-0.16567725414380208
2018-03-10,San Pedro Bay,28.51780754327774,33.51084929890931,-0.12024292722344398,-0.05493331700563431,14.343700140714645,0.6631556,0.0,-2.8597490502805996,-1.7979073316358212,,3.3779632034305274,-0.16524357321445055
2018-03-11,San Pedro Bay,28.3698538094759,33.53373818099499,-0.13855403289198875,-0.06775109097361565,14.343700140714645,0.66355926,0.0,-3.3503273759853673,-1.9448661315014004,,3.873912466194638,-0.16480989228509904
2018-03-12,San Pedro Bay,28.245338290929794,33.55052336119115,-0.13245033100247383,-0.062257759273052216,14.343700140714645,0.653848,73.00827026367188,-2.8525844273073604,-1.9814694841079061,,3.473249088586552,-0.1643762113557475
2018-03-13,San Pedro Bay,28.200659193098545,33.573412243276834,-0.11780144646763802,-0.05737479776144028,14.343700140714645,0.8845494,0.0,-2.3219516253153993,-1.634742011036397,,2.8396902635590644,-0.163942530426396
2018-03-14,San Pedro Bay,28.232886739075184,33.59935297630727,-0.1031525619328022,-0.04943998530507088,13.580737367272377,0.89354795,0.0,-2.199485208839918,-1.7796834184915173,,2.829312328810524,-0.16350884949704447
2018-03-15,San Pedro Bay,28.31272315979004,33.608508529141545,-0.08056886494159698,-0.03479110077023506,12.817774593830109,0.8701356,0.0,-2.124984505618832,-0.45767647500495756,,2.173712700632969,-0.16307516856769297
2018-03-16,San Pedro Bay,28.433576457202435,33.610034454613924,-0.0714133121073246,-0.03784295171499252,12.512589484453201,0.4997523,0.0,-2.0835915974839905,-1.4575099634235211,,2.542771959611149,-0.16264148763834144
2018-03-17,San Pedro Bay,28.492171995341778,33.62987148575485,-0.10010071098804474,-0.043336283415555954,13.27555225789547,0.51094246,0.0,-2.837616395031319,-1.8086430313208384,,3.365004668658867,-0.16220780670898993
2018-03-18,San Pedro Bay,28.589587077498436,33.65123444236815,-0.12268440797924995,-0.04577776417136192,13.122959703207016,0.32169357,0.0,-2.085123612143455,-1.4012942123321501,,2.512243210247318,-0.1617741257796384
2018-03-19,San Pedro Bay,28.711172819137573,33.67564924992621,-0.12024292722344398,-0.03479110077023506,12.970367148518562,1.5958511,0.0,-2.229337110417719,-0.5553265547813964,,2.297461976688842,-0.1613404448502869
2018-03-20,San Pedro Bay,28.8781701028347,33.69701220653951,-0.10925626382231712,-0.036011841148138046,12.512589484453201,1.6844914,0.0,-1.4645604486141437,-0.2875623899908665,,1.4925245176485782,-0.16090676392093536
2018-03-21,San Pedro Bay,28.867183439433575,33.7122714612633,-0.09643848985433578,-0.03906369209289551,13.27555225789547,0.42978737,0.0,-1.6481755703393577,-1.2826259527248107,,2.0884472809402435,-0.16047308299158386
2018-03-22,San Pedro Bay,28.874507881700993,33.72447886504233,-0.09826960042119026,-0.04211554303765297,13.122959703207016,0.43265092,0.0,-2.1208762279985227,-1.7529300615419436,,2.7515231736524925,-0.16003940206223233
2018-03-23,San Pedro Bay,28.7800225764513,33.7336344178766,-0.10925626382231712,-0.05371257662773132,14.191107586026192,0.37607002,0.0,-2.338883990206871,-2.673531839441595,,3.5522036563454487,-0.1596057211328808
2018-03-24,San Pedro Bay,28.55882441997528,33.74736774712801,-0.14526810497045517,-0.07751701399683952,14.343700140714645,0.37299186,0.0,-3.1832258709693355,-3.3485924137121046,,4.620172951176043,-0.1591720402035293
2018-03-25,San Pedro Bay,28.3295693770051,33.7549973744899,-0.12939848005771637,-0.06958220154047012,14.343700140714645,0.40029666,73.53844451904297,-2.1893088938708467,-2.989417510156135,,3.7053596968189333,-0.15873835927417776
2018-03-26,San Pedro Bay,28.2226325199008,33.75957515090704,-0.09155552834272385,-0.0555436871945858,14.343700140714645,0.53018,0.0,-0.28075495782502635,-3.5944221226756436,,3.605370125565947,-0.15830467834482626
2018-03-27,San Pedro Bay,28.221900075674057,33.77025662921369,-0.046388134360313416,-0.03662221133708954,13.428144812583923,0.5376489,30.37019157409668,1.5286916628824385,-2.47192739434523,,2.9064279180947654,-0.15787099741547472
2018-03-28,San Pedro Bay,28.25925473123789,33.76720477826893,-0.007324442267417908,-0.023194067180156708,13.122959703207016,0.41442487,0.0,1.5654761970449784,-2.338037283959488,,2.8137402269397698,-0.15743731648612322
2018-03-29,San Pedro Bay,28.36252936720848,33.77178255468607,-0.0006103701889514923,-0.019531846046447754,12.970367148518562,0.24310464,0.0,1.974474360006631,-2.188842828743221,,2.9478096830128333,-0.1570036355567717
2018-03-30,San Pedro Bay,28.384502694010735,33.777886256575584,-0.010986663401126862,-0.019531846046447754,13.122959703207016,0.2467996,13.449143409729004,1.0488657766607823,-2.2134054034298973,,2.449343360450489,-0.15656995462742018
2018-03-31,San Pedro Bay,28.396954245865345,33.78551588393748,-0.036011841148138046,-0.025025177747011185,13.122959703207016,0.326961,0.0,0.07682928749880055,-2.072480585726849,,2.073904172721651,-0.15613627369806865
2018-04-01,San Pedro Bay,28.46433911472559,33.79314551129937,-0.0476088747382164,-0.025025177747011185,12.970367148518562,0.5535377,15.309800148010254,0.06694786488137441,-1.6801875602157634,,1.6815208158437929,-0.15570259276871715
2018-04-02,San Pedro Bay,28.552964866161346,33.79619736224413,-0.07019257172942162,-0.023194067180156708,12.512589484453201,0.95387554,0.0,-1.3063043927473694,-0.7635277853603277,,1.5130782681435617,-0.15526891183936561
2018-04-03,San Pedro Bay,28.613757736980915,33.80687884055078,-0.09155552834272385,-0.03357036039233208,12.817774593830109,0.9623825,0.0,-1.844540986535376,-0.685747373671759,,1.9678874234840298,-0.1548352309100141
2018-04-04,San Pedro Bay,28.6328012868762,33.82213809527457,-0.10132145136594772,-0.036011841148138046,13.122959703207016,0.55899245,0.0,-2.2633126050764796,-0.7744124726638375,,2.392132652282352,-0.15440154998066258
2018-04-05,San Pedro Bay,28.70604570955038,33.84502697736025,-0.10437330231070518,-0.036011841148138046,12.817774593830109,1.418538,0.0,-1.8309470084307409,-1.1094364563324048,,2.140844739424343,-0.15396786905131107
2018-04-06,San Pedro Bay,28.769768357276917,33.86333808302879,-0.10559404268860817,-0.03418073058128357,12.665182039141655,0.4956356,0.0,-2.0152364064229316,-1.0067001586008077,,2.2526923853689618,-0.15353418812195954
2018-04-07,San Pedro Bay,28.788811907172203,33.86944178491831,-0.10620441287755966,-0.043336283415555954,12.817774593830109,0.49468514,45.7758903503418,-1.889491156336724,-1.5252251403917108,,2.428268633977222,-0.15310050719260804
2018-04-08,San Pedro Bay,28.80785545706749,33.87554548680782,-0.11597033590078354,-0.04150517284870148,13.122959703207016,0.42258298,60.08085250854492,-3.1973123756952893,-0.21577756178600918,,3.204585212464254,-0.1526668262632565
2018-04-09,San Pedro Bay,28.89428387582302,33.86944178491831,-0.11230811476707458,-0.02624591812491417,12.359996929764748,0.29928538,20.02695083618164,-2.799284593610071,0.24996057961411694,,2.8104224820093733,-0.152233145333905
2018-04-10,San Pedro Bay,28.96386607736349,33.86791585944593,-0.11658070608973503,-0.035401470959186554,12.512589484453201,0.46362078,0.0,-2.8180122258008033,-0.24343649603940135,,2.8285074213031045,-0.15179946440455347
2018-04-11,San Pedro Bay,28.97997985035181,33.87096771039069,-0.11535996571183205,-0.03723258152604103,12.817774593830109,0.4681678,30.961339950561523,-2.492104208274381,-0.2616714785308883,,2.5058043314623393,-0.15136578347520196
2018-04-12,San Pedro Bay,29.081057153642178,33.87859733775258,-0.11841181665658951,-0.03418073058128357,12.665182039141655,1.5558403,0.0,-3.051113356801167,-0.08235615858598073,,3.052224639981062,-0.15093210254585043
2018-04-13,San Pedro Bay,29.156498908996582,33.88317511416972,-0.12329477816820145,-0.03723258152604103,12.665182039141655,0.32989913,0.0,-3.233484157529665,0.24295082890645536,,3.2425984799635095,-0.15049842161649893
2018-04-14,San Pedro Bay,29.2128971144557,33.89080474153161,-0.12451551854610443,-0.038453321903944016,12.817774593830109,0.6087619,0.0,-2.990077412422939,-0.16590533903777438,,2.9946765290767376,-0.1500647406871474
2018-04-15,San Pedro Bay,29.254646435379982,33.90148621983826,-0.12207403779029846,-0.04028443247079849,12.817774593830109,1.0794444,0.0,-2.727019502829381,-1.1250260498391231,,2.9499693187605236,-0.1496310597577959
2018-04-16,San Pedro Bay,29.29053620249033,33.91521954908967,-0.11474959552288055,-0.036011841148138046,12.970367148518562,1.0985545,0.0,-2.618239180758597,-0.737856750788614,,2.7202222321611482,-0.14919737882844436
2018-04-17,San Pedro Bay,29.43409527093172,33.9274269528687,-0.10376293212175369,-0.031128879636526108,12.207404375076294,1.0770724,0.0,-2.3137133976222435,-0.3542346902158579,,2.3406733864614666,-0.14876369789909283
2018-04-18,San Pedro Bay,29.535172574222088,33.93963435664773,-0.09643848985433578,-0.02868739888072014,12.207404375076294,1.0770725,0.0,-2.1178437003126778,-0.36920804624976267,,2.149785226567915,-0.14833001696974132
2018-04-19,San Pedro Bay,29.57765433937311,33.93658250570297,-0.09826960042119026,-0.032959990203380585,12.05481182038784,0.41504335,0.0,-1.9137379958129217,-0.5245237592687922,,1.9843180921050747,-0.14789633604038982
2018-04-20,San Pedro Bay,29.53151035308838,33.944212133064866,-0.09826960042119026,-0.0317392498254776,12.970367148518562,0.37773296,33.98855972290039,-1.9541884461525487,-0.48327299134369234,,2.0130586844993847,-0.1474626551110383
2018-04-21,San Pedro Bay,29.60988188534975,33.94726398400962,-0.10071108117699623,-0.02624591812491417,12.512589484453201,0.23281679,0.0,-2.053925924691485,-0.2397267394400929,,2.0678686161655317,-0.14702897418168676
2018-04-22,San Pedro Bay,29.697775192558765,33.948789909482,-0.1031525619328022,-0.025635547935962677,12.359996929764748,0.26888743,32.1486701965332,-2.306227242206847,0.16401860756434794,,2.312052377504529,-0.14659529325233525
2018-04-23,San Pedro Bay,29.73586229234934,33.957945462316275,-0.10803552344441414,-0.02929776906967163,12.512589484453201,0.41676912,0.0,-2.873824761856376,0.23589498177688878,,2.883490108234529,-0.14616161232298372
2018-04-24,San Pedro Bay,29.828150264918804,33.96557508967817,-0.1031525619328022,-0.025635547935962677,12.359996929764748,0.6783958,0.0,-1.676534463857308,-0.01866500334547359,,1.6766383601871926,-0.14572793139363222
2018-04-25,San Pedro Bay,29.882351137697697,33.97625656798482,-0.09582811966538429,-0.0317392498254776,12.512589484453201,0.5001967,0.0,-1.48876542727342,-0.4632384461104076,,1.5591704061453304,-0.14529425046428068
2018-04-26,San Pedro Bay,29.91238135099411,33.9777824934572,-0.10376293212175369,-0.027466658502817154,12.207404375076294,0.74120235,0.0,-2.2162250532946994,-0.4984692576247515,,2.2715908715365236,-0.14486056953492918
2018-04-27,San Pedro Bay,29.930692456662655,33.98693804629147,-0.10864589363336563,-0.03418073058128357,12.512589484453201,0.39340532,0.0,-2.2675936910062213,-0.06835200725166095,,2.2686236233422568,-0.14442688860557765
2018-04-28,San Pedro Bay,29.95266578346491,33.9991454500705,-0.10803552344441414,-0.03234962001442909,12.665182039141655,0.5810737,0.0,-2.303493709957073,-0.8084458444866806,,2.4412431167910302,-0.14399320767622614
2018-04-29,San Pedro Bay,30.01052887737751,34.006775077432394,-0.08911404758691788,-0.03357036039233208,12.512589484453201,1.2908034,0.0,-0.9455470715431877,-0.532864839859029,,1.085359019892444,-0.1435595267468746
2018-04-30,San Pedro Bay,30.083040855824947,34.01135285384953,-0.08423108607530594,-0.032959990203380585,12.207404375076294,1.2762464,51.43768310546875,-1.6113609988781479,-0.996848473778481,,1.8947799736064526,-0.1431258458175231
2018-05-01,San Pedro Bay,30.04348886758089,34.017456555739045,-0.09643848985433578,-0.02929776906967163,12.665182039141655,0.36060083,0.0,-2.640224215597324,-0.23085071671221447,,2.6502973346462557,-0.14269216488817157
2018-05-02,San Pedro Bay,30.086703076958656,34.015930630266666,-0.10132145136594772,-0.025025177747011185,12.359996929764748,0.39106208,22.37548065185547,-2.5572239648222856,0.01581646383294239,,2.557272876872859,-0.14225848395882007
2018-05-03,San Pedro Bay,30.148228392004967,34.01440470479429,-0.09582811966538429,-0.014648884534835815,12.359996929764748,0.34313667,44.75096130371094,-2.1829106673017007,0.00731938128771708,,2.1829229383471125,-0.14182480302946854
2018-05-04,San Pedro Bay,30.121860399842262,34.00982692837715,-0.10193182155489922,-0.025025177747011185,12.665182039141655,0.55320734,44.75096130371094,-2.368814305048351,0.2401559395035005,,2.3809569687586776,-0.14139112210011703
2018-05-05,San Pedro Bay,30.18704793602228,34.017456555739045,-0.1031525619328022,-0.027466658502817154,12.665182039141655,0.6129286,0.0,-1.9106747697809616,-0.038077588823190775,,1.9110541537717132,-0.1409574411707655
2018-05-06,San Pedro Bay,30.233191922307014,34.0205084066838,-0.09949034079909325,-0.02624591812491417,12.359996929764748,2.0124838,0.0,-1.721251016989853,0.1281742822556269,,1.7260167177986279,-0.140523760241414
2018-05-07,San Pedro Bay,30.320352785289288,34.031189884990454,-0.08667256683111191,-0.011597033590078354,12.359996929764748,1.8466141,0.0,-1.3723808360325598,0.25095058370168666,,1.395136321142004,-0.14009007931206247
2018-05-08,San Pedro Bay,30.395794540643692,34.043397288769484,-0.07568590342998505,-0.0048829615116119385,12.207404375076294,0.32333234,0.0,-0.9625273990713216,0.5599013362169913,,1.1135297482602677,-0.13965639838271096
2018-05-09,San Pedro Bay,30.515915393829346,34.054078767076135,-0.07385479286313057,-0.016479995101690292,12.05481182038784,1.2061168,0.0,-1.2462850794649116,0.05296572091303266,,1.247410063647355,-0.13922271745335943
2018-05-10,San Pedro Bay,30.402386538684368,34.064760245382786,-0.07995849475264549,-0.019531846046447754,12.665182039141655,0.42760953,0.0,-2.0172219006413137,0.5121297994207269,,2.0812162616800944,-0.13878903652400792
2018-05-11,San Pedro Bay,30.39506209641695,34.0708639472723,-0.08423108607530594,-0.02685628831386566,12.817774593830109,0.24371901,0.0,-2.037657379290862,0.10018479589579384,,2.0401187682846276,-0.1383553555946564
2018-05-12,San Pedro Bay,30.45585496723652,34.07238987274468,-0.08178960531949997,-0.02868739888072014,12.359996929764748,1.1669612,0.0,-1.2023148310880043,-0.3775264772960497,,1.2601933161676986,-0.13792167466530486
2018-05-13,San Pedro Bay,30.61113314330578,34.078493574634194,-0.08056886494159698,-0.01342814415693283,11.902219265699387,1.1670071,5.614378452301025,-1.0440095797525557,0.013795771530285775,,1.0441007259489976,-0.13748799373595336
2018-05-14,San Pedro Bay,30.622852250933647,34.08154542557895,-0.07812738418579102,0.0030518509447574615,12.207404375076294,1.0944332,5.614378452301025,-1.7068908393789628,0.71652725838898,,1.8511854714129128,-0.13705431280660185
2018-05-15,San Pedro Bay,30.617725141346455,34.090700978413224,-0.08178960531949997,-0.006103701889514923,12.512589484453201,0.6142186,5.614378452301025,-2.1960904621447908,0.6044385313348223,,2.277753115700979,-0.13662063187725032
2018-05-16,San Pedro Bay,30.602343812584877,34.0998565312475,-0.08484145626425743,-0.016479995101690292,12.665182039141655,0.29549295,0.0,-1.7034642362493546,0.34024397089225716,,1.737111500137262,-0.1361869509478988
2018-05-17,San Pedro Bay,30.6851100102067,34.10596023313701,-0.08239997550845146,-0.025635547935962677,12.359996929764748,0.38318217,5.319188117980957,-1.235392344567198,-0.09408948774234817,,1.2389701678082712,-0.13575327001854728
2018-05-18,San Pedro Bay,30.711478002369404,34.113589860498905,-0.07446516305208206,-0.0079348124563694,12.207404375076294,1.0093862,0.0,-1.4239074246710803,0.23324492588936327,,1.442884454655522,-0.13531958908919578
2018-05-19,San Pedro Bay,30.748832657933235,34.12274541333318,-0.08423108607530594,-0.010986663401126862,12.359996929764748,0.28579986,0.0,-1.7464515895225792,0.2201786109316199,,1.7602760508675113,-0.13488590815984425
2018-05-20,San Pedro Bay,30.774468205869198,34.127323189750314,-0.10071108117699623,-0.004272591322660446,12.207404375076294,0.28415957,4.654289722442627,-1.685868595663195,0.5216747318105877,,1.7647372177332923,-0.13445222723049272
2018-05-21,San Pedro Bay,30.87701039761305,34.13342689163983,-0.13855403289198875,-0.004272591322660446,12.05481182038784,0.8440155,6.639760494232178,-1.3004156003148992,0.4140386312590095,,1.36473760178182,-0.1340185463011412
2018-05-22,San Pedro Bay,30.833796188235283,34.139530593529344,-0.18738364800810814,-0.016479995101690292,12.359996929764748,0.59107757,0.0,-1.6458644371757811,0.889433423472806,,1.8708184199303006,-0.1335848653717897
2018-05-23,San Pedro Bay,30.90557572245598,34.13037504069507,-0.1898251287639141,-0.03418073058128357,12.359996929764748,0.31978604,0.0,-2.0306339602461234,0.5470542825604995,,2.1030317802098564,-0.13315118444243818
2018-05-24,San Pedro Bay,30.88213750720024,34.11206393502653,-0.16968291252851486,-0.03418073058128357,12.665182039141655,0.4411845,0.0,-2.5129502407169735,0.7175172696927421,,2.613379028121796,-0.13271750351308664
2018-05-25,San Pedro Bay,30.841853074729443,34.08154542557895,-0.14160588383674622,-0.025635547935962677,12.665182039141655,0.2477499,19.919281005859375,-1.8437530016834371,0.5477795551230447,,1.9234052022981234,-0.13228382258373514
2018-05-26,San Pedro Bay,30.852107293903828,34.05560469254851,-0.1275673694908619,-0.031128879636526108,12.665182039141655,0.45379248,0.0,-2.343897398042872,0.3534877118199652,,2.370402618746415,-0.1318501416543836
2018-05-27,San Pedro Bay,30.847712628543377,34.018982481211424,-0.11291848495602608,-0.02624591812491417,12.512589484453201,0.22762841,8.336267471313477,-2.3583373260447513,0.43969465360016813,,2.3989761007189045,-0.1314164607250321
2018-05-28,San Pedro Bay,30.837458409368992,33.98693804629147,-0.09582811966538429,-0.027466658502817154,12.665182039141655,0.2226653,16.672534942626953,-1.877877295100142,-0.05823658403872464,,1.8787800922867808,-0.13098277979568057
2018-05-29,San Pedro Bay,30.72685933113098,33.956419536843896,-0.08239997550845146,-0.024414807558059692,13.27555225789547,0.22150959,25.00880241394043,-2.2431727720811767,-0.06879430991528451,,2.2442274266399718,-0.13054909886632907
2018-05-30,San Pedro Bay,30.589892260730267,33.93047880381346,-0.06775109097361565,-0.016479995101690292,14.343700140714645,0.2755581,25.00880241394043,-2.2461134358994794,0.5412800936708704,,2.310413319458774,-0.13011541793697753
2018-05-31,San Pedro Bay,30.617725141346455,33.89385659247637,-0.07324442267417908,-0.01342814415693283,12.512589484453201,0.27297097,8.336267471313477,-1.5613927282207938,0.3285604705004607,,1.5955874261588605,-0.12968173700762603
2018-06-01,San Pedro Bay,30.645558021962643,33.84197512641549,-0.06591998040676117,-0.0030518509447574615,12.05481182038784,0.27217844,15.84761905670166,-0.8624590549005392,-0.020033114895503867,,0.8626916871468902,-0.1292480560782745
2018-06-02,San Pedro Bay,30.753959767520428,33.77941218204796,-0.008545182645320892,-0.01342814415693283,11.749626711010933,0.29841337,6.0371880531311035,1.0775285692149912,-0.6546410070254209,,1.2608023895733078,-0.128814375148923
2018-06-03,San Pedro Bay,30.593554481863976,33.80687884055078,-0.0012207403779029846,-0.0006103701889514923,13.580737367272377,0.2984338,21.130157470703125,2.457638343191043,-1.210630424449488,,2.7396372479811197,-0.12838069421957146
2018-06-04,San Pedro Bay,30.69316689670086,33.79161958582699,-0.0024414807558059692,-0.01831110566854477,12.512589484453201,0.29413557,26.412696838378906,1.5422972499696583,-1.4904257029806185,,2.1447726181041293,-0.12794701329021996
2018-06-05,San Pedro Bay,30.56645404547453,33.76110107637942,-0.003662221133708954,-0.011597033590078354,12.970367148518562,0.25112203,31.69523811340332,2.379669114670001,-1.7312772280807192,,2.9428125893072368,-0.12751333236086843
2018-06-06,San Pedro Bay,30.48075807094574,33.73210849240422,0.03906369209289551,0.006714072078466415,13.122959703207016,0.27186176,0.0,3.6511268629618177,-0.7951211422135067,,3.736702423292001,-0.12707965143151692
2018-06-07,San Pedro Bay,30.33353678137064,33.727530715987086,0.07263405248522758,0.04699850454926491,14.343700140714645,0.24474367,13.408416748046875,2.8390431041883017,1.1979615024339523,,3.0814408170128726,-0.1266459705021654
2018-06-08,San Pedro Bay,30.187780380249023,33.727530715987086,0.09155552834272385,0.06164738908410072,14.343700140714645,0.24498816,13.408416748046875,2.017455722837387,2.0651096747216666,,2.887006332213068,-0.12621228957281388
2018-06-09,San Pedro Bay,30.087435521185398,33.73516034334898,0.08789330720901489,0.05798516795039177,14.343700140714645,0.25015047,10.05631160736084,1.143240124541834,2.472170990771416,,2.7237157322257683,-0.12577860864346235
2018-06-10,San Pedro Bay,30.0559404194355,33.74736774712801,0.07324442267417908,0.05005035549402237,14.343700140714645,0.22647077,11.492928504943848,1.190567568127103,2.0820074362489227,,2.3983757209561425,-0.12534492771411082
2018-06-11,San Pedro Bay,30.065462194383144,33.764152927324176,0.054322946816682816,0.04028443247079849,13.885922476649284,0.22645651,25.673786163330078,1.068415560116949,1.705153214504359,,2.0122274459003293,-0.12491124678475932
2018-06-12,San Pedro Bay,30.17752616107464,33.777886256575584,0.05493331700563431,0.036011841148138046,12.817774593830109,0.23228216,0.0,0.6322694745977412,1.3373649127989133,,1.4792936147005262,-0.1244775658554078
2018-06-13,San Pedro Bay,30.22293770313263,33.79161958582699,0.048829615116119385,0.03784295171499252,13.122959703207016,0.28178957,0.0,1.0915796924280057,1.6056411568712217,,1.9415534372146377,-0.12404388492605628
2018-06-14,San Pedro Bay,30.290322571992874,33.800775138661265,0.04272591322660446,0.04028443247079849,12.817774593830109,0.46688557,0.0,0.019769884591166083,1.7255559852087106,,1.7256692343628173,-0.12361020399670476
2018-06-15,San Pedro Bay,30.338663890957832,33.79314551129937,0.03357036039233208,0.03723258152604103,12.817774593830109,1.1305977,0.0,-0.07606647702919521,1.6294226326826544,,1.631197175336601,-0.12317652306735324
2018-06-16,San Pedro Bay,30.33353678137064,33.79161958582699,0.0476088747382164,0.02929776906967163,12.970367148518562,1.1570444,0.0,0.9847871608722768,0.9728060212227846,,1.3842533392216123,-0.12274284213800173
2018-06-17,San Pedro Bay,30.266151912510395,33.79161958582699,0.028077028691768646,0.02685628831386566,13.428144812583923,1.1570425,9.75269889831543,0.006589458386498076,1.3249322047604029,,1.3249485907661058,-0.12230916120865021
2018-06-18,San Pedro Bay,30.307901233434677,33.79467143677175,0.023194067180156708,0.017090365290641785,12.817774593830109,1.248355,8.533611297607422,-0.3121406156753529,0.6309456531555732,,0.703934784756444,-0.12187548027929869
2018-06-19,San Pedro Bay,30.56279182434082,33.777886256575584,0.009765923023223877,0.0,11.749626711010933,1.7126924,17.067222595214844,0.6588557435547376,0.03317994039195589,,0.6596906845328953,-0.12144179934994717
2018-06-20,San Pedro Bay,30.52177494764328,33.77330848015845,0.0238044373691082,0.015259254723787308,12.207404375076294,1.696304,8.533611297607422,0.5453011253605031,0.49711887869142335,,0.737889217207332,-0.12100811842059565
2018-06-21,San Pedro Bay,30.56718648970127,33.77025662921369,-0.014038514345884323,0.027466658502817154,12.359996929764748,1.6334853,5.598518371582031,0.13992016059182735,0.6849361912399993,,0.6990817101100554,-0.12057443749124414
2018-06-22,San Pedro Bay,30.655079796910286,33.77330848015845,-0.056764427572488785,0.012817773967981339,12.207404375076294,0.6068447,0.0,-0.850925763511241,0.9143084319855759,,1.2490134361995915,-0.1201407565618926
2018-06-23,San Pedro Bay,30.647755354642868,33.76720477826893,-0.07385479286313057,0.007324442267417908,12.359996929764748,0.6067612,5.598518371582031,-1.5634331904355168,0.9171166180364266,,1.8125744762723413,-0.1197070756325411
2018-06-24,San Pedro Bay,30.793511755764484,33.765678852796555,-0.06591998040676117,-0.003662221133708954,12.05481182038784,0.31837034,2.7992591857910156,-0.9797101940759103,0.4650873796096173,,1.0844991171266107,-0.11927339470318957
2018-06-25,San Pedro Bay,30.792779311537743,33.753471449017525,-0.06591998040676117,-0.0079348124563694,11.902219265699387,0.87147784,11.197036743164062,-0.4822758286115674,0.43745317171879883,,0.6511184625779021,-0.11883971377383806
2018-06-26,San Pedro Bay,30.7429731041193,33.76110107637942,-0.04211554303765297,0.012207403779029846,12.512589484453201,0.4128586,0.0,-0.4777304073762985,0.8841776672092697,,1.004985815483756,-0.11840603284448653
2018-06-27,San Pedro Bay,30.98760947585106,33.77025662921369,-0.014038514345884323,-0.0030518509447574615,11.291849046945572,0.41385034,6.711268901824951,0.19712840769415507,0.2886970607055971,,0.3495791784132519,-0.11797235191513503
2018-06-28,San Pedro Bay,30.98760947585106,33.78093810752034,-0.004272591322660446,-0.023194067180156708,11.749626711010933,0.31200388,3.8350110054016113,0.9594064328881936,0.1832682276744781,,0.976753779998927,-0.1175386709857835
2018-06-29,San Pedro Bay,30.893124170601368,33.79467143677175,0.019531846046447754,0.016479995101690292,12.207404375076294,0.502459,10.066903114318848,0.47118948007926326,0.6946642068263135,,0.8393913785493616,-0.11710499005643199
2018-06-30,San Pedro Bay,30.830866411328316,33.802301064133644,0.031128879636526108,0.025025177747011185,12.665182039141655,0.41016406,3.3556344509124756,0.8907101236595145,0.6307413849706517,,1.0914207342286675,-0.11667130912708046
2018-07-01,San Pedro Bay,30.72246466577053,33.814508467912674,-0.001831110566854477,0.023194067180156708,13.27555225789547,0.40948346,12.489048957824707,-0.3251546277013928,1.189258949686671,,1.2329080993024075,-0.11623762819772895
2018-07-02,San Pedro Bay,30.81621752679348,33.80993069149554,0.007324442267417908,-0.003662221133708954,11.902219265699387,0.4164831,6.2445244789123535,0.020998691452979355,0.33994826483990204,,0.34059619465049457,-0.11580394726837742
2018-07-03,San Pedro Bay,30.878475286066532,33.814508467912674,0.01037629321217537,0.0,12.207404375076294,0.41306928,0.0,1.0420192755392126,-0.11166836901353412,,1.0479856846509918,-0.11537026633902592
2018-07-04,San Pedro Bay,30.800836198031902,33.814508467912674,0.01892147585749626,0.014038514345884323,12.665182039141655,0.41227627,6.2445244789123535,0.6879523666546562,0.03922932682799082,,0.689069952086956,-0.11493658540967439
2018-07-05,San Pedro Bay,30.684377565979958,33.826715871691704,0.016479995101690292,0.012817773967981339,13.122959703207016,0.4905757,6.2445244789123535,0.18916010880313947,0.2950273180206894,,0.35046064706454066,-0.11450290448032288
2018-07-06,San Pedro Bay,30.682912677526474,33.83129364810884,0.02075258642435074,0.015259254723787308,12.817774593830109,0.49148548,14.079404830932617,0.512732566859645,0.3046173206646164,,0.5963944979351923,-0.11406922355097135
2018-07-07,San Pedro Bay,30.67778556793928,33.837397349998355,0.029908139258623123,0.02075258642435074,12.970367148518562,1.3813803,14.079404830932617,0.833817323017329,0.5117376929948296,,0.9783285718997761,-0.11363554262161983
2018-07-08,San Pedro Bay,30.68877223134041,33.837397349998355,0.03723258152604103,0.02075258642435074,12.665182039141655,1.0174458,14.079404830932617,1.149836701725925,0.07817242216437027,,1.1524909406251307,-0.11320186169226831
2018-07-09,San Pedro Bay,30.597216702997684,33.85113067924976,0.0476088747382164,0.02868739888072014,13.580737367272377,0.2951759,0.0,1.6531550995174078,0.3570445933336612,,1.6912724868244058,-0.1127681807629168
2018-07-10,San Pedro Bay,30.499801620841026,33.86333808302879,0.04821924492716789,0.03662221133708954,13.73332992196083,0.53526205,0.0,1.0501107917541592,1.2947793188801875,,1.667089127658863,-0.11233449983356528
2018-07-11,San Pedro Bay,30.369426548480988,33.86486400850117,0.04028443247079849,0.025025177747011185,14.343700140714645,0.4399743,0.0,1.5489966212317552,0.5525975223882079,,1.6446138009687805,-0.11190081890421376
2018-07-12,San Pedro Bay,30.244911029934883,33.8557084556669,0.03357036039233208,0.017090365290641785,13.885922476649284,0.43970537,22.589982986450195,1.8384216791652315,0.23551781081673295,,1.853446225180708,-0.11146713797486224
2018-07-13,San Pedro Bay,30.15335550159216,33.85113067924976,0.0317392498254776,0.01342814415693283,13.73332992196083,0.24371758,28.237478256225586,1.5069945538957454,-0.08054664030920806,,1.5091455684381603,-0.11103345704551072
2018-07-14,San Pedro Bay,30.06399730592966,33.8557084556669,0.04516739398241043,0.025635547935962677,14.191107586026192,0.22723445,5.647495746612549,2.188707736337633,0.36121453698229833,,2.2183141113989113,-0.1105997761161592
2018-07-15,San Pedro Bay,29.905789352953434,33.85723438113928,0.06042664870619774,0.039674062281847,14.343700140714645,0.34417555,16.942485809326172,2.8549516799000054,0.8334441860824778,,2.9741180719464633,-0.11016609518680769
2018-07-16,San Pedro Bay,29.72487562894821,33.86486400850117,0.08606219664216042,0.059816278517246246,14.343700140714645,0.32533777,21.551830291748047,2.6935576735699334,2.0081752362776473,,3.3597649799422364,-0.10973241425745617
2018-07-17,San Pedro Bay,29.620868548750877,33.87859733775258,0.08606219664216042,0.05371257662773132,14.343700140714645,0.43804395,3.5919721126556396,1.7053718480995002,1.6396793479184868,,2.3657644650896037,-0.10929873332810465
2018-07-18,San Pedro Bay,29.63771476596594,33.88164918869734,0.07324442267417908,0.043946653604507446,13.428144812583923,0.4448865,3.5919721126556396,1.67743850618066,1.128402676295899,,2.0216558910678524,-0.10886505239875313
2018-07-19,San Pedro Bay,29.7036347463727,33.884701039642096,0.07507553324103355,0.03906369209289551,13.122959703207016,0.81275386,7.183944225311279,2.2276272762689433,0.6457194786481063,,2.3193268262758857,-0.10843137146940161
2018-07-20,San Pedro Bay,29.72853785008192,33.88927881605923,0.06653035059571266,0.04577776417136192,13.27555225789547,0.8120943,10.775915145874023,1.8606563906407816,1.0597876128048853,,2.1413061407204386,-0.1079976905400501
2018-07-21,San Pedro Bay,29.72414318472147,33.89233066700399,0.06653035059571266,0.05005035549402237,13.73332992196083,1.0297606,0.0,2.2237297112171652,2.0876916554899627,,3.0501525006058956,-0.10756400961069858
2018-07-22,San Pedro Bay,29.656758315861225,33.886226965114474,0.06469924002885818,0.04211554303765297,14.343700140714645,0.99603826,0.0,2.0818142637337074,1.3122190509981588,,2.4608676247388086,-0.10713032868134706
2018-07-23,San Pedro Bay,29.546159237623215,33.884701039642096,0.059816278517246246,0.03234962001442909,14.343700140714645,0.97075313,13.89631175994873,2.572351738777972,0.522019326967138,,2.624785257067953,-0.10669664775199554
2018-07-24,San Pedro Bay,29.514664135873318,33.8770714122802,0.046388134360313416,0.014038514345884323,13.428144812583923,0.8748394,4.63210391998291,3.408242935770845,-0.8593473498162327,,3.514910777938474,-0.10626296682264402
2018-07-25,San Pedro Bay,29.52858057618141,33.860286232084036,0.051881466060876846,0.014038514345884323,12.970367148518562,1.2228392,0.0,2.8815016069114745,-0.4774716093458241,,2.920792811612063,-0.1058292858932925
2018-07-26,San Pedro Bay,29.563005454838276,33.86333808302879,0.0555436871945858,0.02868739888072014,13.122959703207016,1.2673649,4.948455333709717,1.852751278941999,0.3595841950127223,,1.8873229969785672,-0.10539560496394099
2018-07-27,San Pedro Bay,29.647968985140324,33.86944178491831,0.05737479776144028,0.03662221133708954,12.817774593830109,0.96957743,0.0,1.6589971829490227,1.0775313778692261,,1.9782177643842818,-0.10496192403458947
2018-07-28,San Pedro Bay,29.7439191788435,33.86944178491831,0.05371257662773132,0.03662221133708954,12.665182039141655,0.5173693,0.0,1.970731270866715,0.5517094645628718,,2.046500690266238,-0.10452824310523794
2018-07-29,San Pedro Bay,29.799584940075874,33.861812157556415,0.04516739398241043,0.02868739888072014,12.665182039141655,0.33882383,0.0,1.8587584171842146,0.23543413993309442,,1.873609374362544,-0.10409456217588642
2018-07-30,San Pedro Bay,29.824488043785095,33.85265660472214,0.03906369209289551,0.023194067180156708,12.665182039141655,0.3295057,9.896910667419434,1.6892898248058184,0.08830672522650405,,1.6915963436685189,-0.1036608812465349
2018-07-31,San Pedro Bay,29.87502669543028,33.8343454990536,0.039674062281847,0.02624591812491417,12.359996929764748,0.27314726,14.845366477966309,1.7245083753380037,0.28781544015031596,,1.7483611938612231,-0.10322720031718338
2018-08-01,San Pedro Bay,29.831812486052513,33.82976772263646,0.04150517284870148,0.032959990203380585,13.122959703207016,0.28963926,0.0,1.8152358286727683,0.6747219721855205,,1.9365770972123033,-0.10279351938783186
2018-08-02,San Pedro Bay,29.7614978402853,33.82213809527457,0.059816278517246246,0.04150517284870148,13.580737367272377,0.30443162,5.709957599639893,2.1582574833622905,1.1246599906943113,,2.4337081704998766,-0.10235983845848035
2018-08-03,San Pedro Bay,29.64210943132639,33.82061216980219,0.0634784996509552,0.04455702379345894,14.343700140714645,0.3190575,2.8549787998199463,2.5726266512689837,1.1341086161579548,,2.8115138697974045,-0.10192615752912883
2018-08-04,San Pedro Bay,29.56007567793131,33.82061216980219,0.06653035059571266,0.04028443247079849,14.343700140714645,0.31549948,0.0,2.4575562870291665,1.4624112495421353,,2.859760403723356,-0.10149247659977731
2018-08-05,San Pedro Bay,29.492690809071064,33.82061216980219,0.06775109097361565,0.040894802659749985,14.343700140714645,0.3434815,5.709957599639893,2.154188632491377,1.2305194513080406,,2.480868151353979,-0.10105879567042579
2018-08-06,San Pedro Bay,29.46632281690836,33.81756031885743,0.06775109097361565,0.04211554303765297,13.73332992196083,0.3365491,0.0,2.008494966874432,1.1837512617735244,,2.331377078404593,-0.10062511474107427
2018-08-07,San Pedro Bay,29.42603838443756,33.81603439338505,0.0555436871945858,0.038453321903944016,14.343700140714645,0.3208182,0.0,1.570365767943495,1.2100771510196022,,1.982507340856139,-0.10019143381172275
2018-08-08,San Pedro Bay,29.41358683258295,33.80993069149554,0.05005035549402237,0.035401470959186554,14.038515031337738,0.39580104,2.774095296859741,1.7600823441628028,1.3005000504762718,,2.1884218605018577,-0.09975775288237124
2018-08-09,San Pedro Bay,29.38868372887373,33.812982542440295,0.05615405738353729,0.03479110077023506,14.343700140714645,0.22473153,2.427333354949951,1.8280966616172698,0.7533452367694166,,1.9772370748039738,-0.09932407195301972
2018-08-10,San Pedro Bay,29.370372623205185,33.825189946219325,0.06103701889514923,0.039674062281847,13.885922476649284,0.27213973,9.709333419799805,2.035543022759585,0.9985092688541602,,2.2672574087414286,-0.0988903910236682
2018-08-11,San Pedro Bay,29.333017967641354,33.84350105188787,0.07446516305208206,0.048829615116119385,14.343700140714645,0.28189275,2.001953601837158,2.3183375371908608,1.4871508347624163,,2.7543250610054613,-0.09845671009431668
2018-08-12,San Pedro Bay,29.297128200531006,33.86638993397355,0.08239997550845146,0.056764427572488785,14.343700140714645,0.2810075,0.0,2.94748704102949,2.3135148365534377,,3.7470029031199936,-0.09802302916496516
2018-08-13,San Pedro Bay,29.292001090943813,33.89538251794875,0.08056886494159698,0.05310220643877983,14.343700140714645,0.28849876,0.0,2.319817218316913,1.9979671409204476,,3.061604909618066,-0.09758934823561365
2018-08-14,San Pedro Bay,29.353526405990124,33.919797325506806,0.06286812946200371,0.04150517284870148,13.27555225789547,0.28124887,0.0,1.7438112501829963,1.3638612117678277,,2.213819116646523,-0.09715566730626213
2018-08-15,San Pedro Bay,29.452406376600266,33.92895287834108,0.04516739398241043,0.02136295661330223,12.817774593830109,0.52395934,0.0,2.020832275505832,0.378819618969455,,2.0560319524370825,-0.09672198637691061
2018-08-16,San Pedro Bay,29.415051721036434,33.9274269528687,0.03234962001442909,0.021973326802253723,13.428144812583923,0.52564675,0.8772456049919128,2.2874307540862224,0.37962408454712354,,2.3187181588773798,-0.09628830544755909
2018-08-17,San Pedro Bay,29.394543282687664,33.919797325506806,0.030518509447574615,0.027466658502817154,13.122959703207016,1.8481584,1.3005727529525757,1.7613178909799978,0.7703250093928744,,1.9224050908126413,-0.09585462451820757
2018-08-18,San Pedro Bay,29.414319276809692,33.909115847200155,0.032959990203380585,0.030518509447574615,12.817774593830109,1.8481858,0.9169902801513672,1.4176546167921522,0.7496384032728405,,1.6036528141008446,-0.09542094358885606
2018-08-19,San Pedro Bay,29.456801041960716,33.90453807078302,0.031128879636526108,0.035401470959186554,12.970367148518562,1.8481858,0.6776149868965149,1.2299327563588938,0.8949091925164059,,1.5210512969702736,-0.09498726265950454
2018-08-20,San Pedro Bay,29.563005454838276,33.90453807078302,0.04211554303765297,0.03662221133708954,12.665182039141655,0.40991414,0.6987158060073853,1.732731969413856,0.7395585292111534,,1.8839604284479503,-0.09455358173015302
2018-08-21,San Pedro Bay,29.583513893187046,33.90758992172778,0.040894802659749985,0.04150517284870148,12.970367148518562,0.4098937,0.0,1.6909832502486761,1.0315755762022154,,1.9808009799165867,-0.0941199008008015
2018-08-22,San Pedro Bay,29.633320100605488,33.91369362361729,0.038453321903944016,0.04272591322660446,12.970367148518562,0.33825108,0.0,1.5029681757969833,1.2246489909099614,,1.9387311542334327,-0.09368621987144998
2018-08-23,San Pedro Bay,29.717551186680794,33.91827140003443,0.03723258152604103,0.03906369209289551,12.665182039141655,0.34137082,0.0,1.2844816956095952,0.8760447481371914,,1.5547821799515378,-0.09325253894209846
2018-08-24,San Pedro Bay,29.72780540585518,33.919797325506806,0.032959990203380585,0.02929776906967163,12.970367148518562,0.27465367,0.0,1.2974566815823028,0.5702896619665757,,1.4172593760947614,-0.09281885801274695
2018-08-25,San Pedro Bay,29.67873164266348,33.90148621983826,0.01831110566854477,0.02868739888072014,12.970367148518562,0.25927746,13.532685279846191,0.05176185912600861,1.3611631203790446,,1.3621469562202893,-0.09238517708339541
2018-08-26,San Pedro Bay,29.7124240770936,33.88317511416972,0.0,0.025635547935962677,12.512589484453201,0.26658434,19.187284469604492,-1.208588154302211,1.5216647402657069,,1.9432315632696804,-0.0919514961540439
2018-08-27,San Pedro Bay,29.812036491930485,33.86333808302879,-0.01892147585749626,0.02136295661330223,12.207404375076294,0.29950044,0.0,-0.6409319556701324,0.9862652141626754,,1.17622822805206,-0.09151781522469238
2018-08-28,San Pedro Bay,29.948271118104458,33.85723438113928,-0.017090365290641785,0.017700735479593277,11.749626711010933,0.21942896,0.0,-0.28859404385725435,0.2529349738820925,,0.38374812463726476,-0.09108413429534086
2018-08-29,San Pedro Bay,30.099154628813267,33.84350105188787,-0.06469924002885818,-0.019531846046447754,11.59703415632248,0.35200122,6.395761013031006,-0.1099666982259535,0.03568445161380739,,0.11561165514642581,-0.09065045336598934
2018-08-30,San Pedro Bay,30.160679943859577,33.82824179716408,-0.030518509447574615,-0.03784295171499252,11.59703415632248,1.1935883,12.791522026062012,0.5539670307925699,-0.8649243752414311,,1.0271191002468585,-0.09021677243663782
2018-08-31,San Pedro Bay,30.03030487149954,33.83129364810884,-0.012207403779029846,-0.019531846046447754,12.359996929764748,1.1936827,31.978803634643555,2.103793258864056,-1.1294369678938176,,2.387796880073141,-0.0897830915072863
2018-09-01,San Pedro Bay,30.2434461414814,33.81756031885743,0.032959990203380585,-0.009155552834272385,11.444441601634026,1.1804,15.738855361938477,1.8151344524423716,-0.3354111327912778,,1.8458639463523838,-0.08934941057793479
2018-09-02,San Pedro Bay,29.996612437069416,33.84655290283263,0.07202368229627609,0.02929776906967163,13.122959703207016,1.1728555,7.869427680969238,1.9346121285986344,0.3351311679707197,,1.963424810851273,-0.08891572964858327
2018-09-03,San Pedro Bay,29.80617693811655,33.87554548680782,0.07385479286313057,0.04211554303765297,14.343700140714645,0.9905855,15.738855361938477,2.419801574975847,0.5315689072007965,,2.4774997811015522,-0.08848204871923175
2018-09-04,San Pedro Bay,29.60182499885559,33.9060639962554,0.07263405248522758,0.04577776417136192,14.496292695403099,1.1020241,0.0,2.332159559776771,0.8079742824994174,,2.4681553138809216,-0.08804836778988023
2018-09-05,San Pedro Bay,29.453138820827007,33.92895287834108,0.06530961021780968,0.03906369209289551,14.038515031337738,1.1115285,0.0,2.064197785475845,0.8901743857116367,,2.247959727072634,-0.08761468686052871
2018-09-06,San Pedro Bay,29.43775749206543,33.93658250570297,0.05310220643877983,0.04211554303765297,12.970367148518562,1.0851573,0.0,1.407458518907656,1.4586951046149788,,2.027000466372279,-0.0871810059311772
2018-09-07,San Pedro Bay,29.52784813195467,33.933530654758215,0.04516739398241043,0.036011841148138046,12.359996929764748,1.2025402,0.0,1.4884788975019918,0.5359225221182056,,1.582018450594772,-0.08674732500182568
2018-09-08,San Pedro Bay,29.787133388221264,33.935056580230594,0.025025177747011185,-0.005493331700563431,10.83407138288021,0.82510924,7.53646993637085,0.45425234725833924,0.3409920925572658,,0.5679971850073676,-0.08631364407247416
2018-09-09,San Pedro Bay,29.907254241406918,33.9060639962554,-0.05249183624982834,-0.05249183624982834,10.528886273503304,0.33988267,3.768234968185425,0.5396382403662683,-0.1755550989797395,,0.5674760111611665,-0.08587996314312264
2018-09-10,San Pedro Bay,30.12039551138878,33.85723438113928,-0.04699850454926491,-0.051881466060876846,10.528886273503304,0.42150393,3.768234968185425,1.6565457144528244,-0.705914670129874,,1.8006829886397513,-0.08544628221377112
2018-09-11,San Pedro Bay,29.982695996761322,33.8557084556669,-0.025025177747011185,-0.04699850454926491,11.139256492257118,0.64267933,4.708137512207031,2.071732733974284,-0.6487411171310397,,2.1709310348504833,-0.0850126012844196
2018-09-12,San Pedro Bay,29.829615153372288,33.86486400850117,0.007324442267417908,-0.004272591322660446,12.970367148518562,0.64267933,8.239240646362305,3.396336950555654,-1.0961211379201725,,3.568835416589716,-0.08457892035506809
2018-09-13,San Pedro Bay,29.60988188534975,33.86333808302879,0.04028443247079849,0.03662221133708954,14.496292695403099,0.6423218,32.95696258544922,5.220172040517287,-0.18102240661128696,,5.2233097978478895,-0.08414523942571657
2018-09-14,San Pedro Bay,29.3513290733099,33.87096771039069,0.09399700909852982,0.08056886494159698,14.343700140714645,0.6389539,20.598102569580078,2.7601520534035098,4.084259950046437,,4.929464341838871,-0.08371155849636505
2018-09-15,San Pedro Bay,29.244392216205597,33.874019561335444,0.04455702379345894,0.043336283415555954,14.343700140714645,0.45876122,0.0,-0.008363764683484508,2.7555812539718936,,2.755593946829067,-0.08327787756701353
2018-09-16,San Pedro Bay,29.404065057635307,33.838923275470734,-0.05798516795039177,0.0158696249127388,11.59703415632248,0.45282575,28.908157348632812,-0.8527485907918629,0.03524714024211092,,0.8534767249273733,-0.08284419663766202
2018-09-17,San Pedro Bay,29.500747695565224,33.79314551129937,-0.14587847515940666,-0.05859553813934326,11.749626711010933,0.4560507,0.0,-0.45826021792344046,-1.3156723105534003,,1.393196345131641,-0.0824105157083105
2018-09-18,San Pedro Bay,29.616473883390427,33.741264045238495,-0.16541032120585442,-0.051271095871925354,11.291849046945572,0.3949982,0.0,-1.0113837285518363,-0.6780115387693797,,1.2176192726315713,-0.08197683477895898
2018-09-19,San Pedro Bay,29.899197354912758,33.6832788772881,-0.13367107138037682,0.005493331700563431,10.528886273503304,0.41232637,0.0,-1.1758682370477975,0.4027854231732027,,1.2429409511391565,-0.08154315384960746
2018-09-20,San Pedro Bay,29.76882228255272,33.590197423473,-0.11841181665658951,-0.0030518509447574615,10.528886273503304,0.41307554,9.636052131652832,0.17108355832341512,-0.11431534459744237,,0.2057609825477935,-0.08110947292025594
2018-09-21,San Pedro Bay,29.852320924401283,33.58867149800062,-0.05798516795039177,-0.04943998530507088,11.749626711010933,0.7466932,0.0,0.873707060293138,-0.952019478392227,,1.2921706986479322,-0.08067579199090442
2018-09-22,San Pedro Bay,29.80544449388981,33.58256779611111,-0.06653035059571266,-0.036011841148138046,12.359996929764748,0.7696256,22.25358009338379,0.8854164366327663,-0.9863110103783401,,1.3254326370860978,-0.0802421110615529
2018-09-23,San Pedro Bay,29.78127383440733,33.56578261591494,-0.01037629321217537,-0.023194067180156708,12.817774593830109,1.057655,22.25358009338379,2.2614307920224896,-0.9724122322397569,,2.461636605292701,-0.07980843013220137
2018-09-24,San Pedro Bay,29.76882228255272,33.55357521213591,0.046388134360313416,0.010986663401126862,12.817774593830109,1.581005,0.0,2.841288672763707,0.19167828262227288,,2.8477468086198203,-0.07937474920284986
2018-09-25,San Pedro Bay,29.598895221948624,33.55052336119115,0.08789330720901489,0.051271095871925354,13.73332992196083,1.5941024,0.0,2.7574942222659393,1.1242223493752397,,2.9778600162977478,-0.07894106827349834
2018-09-26,San Pedro Bay,29.492690809071064,33.55815298855305,0.11352885514497757,0.06042664870619774,13.580737367272377,0.7706128,0.0,2.7119829783069194,1.365815865708484,,3.0364954558911306,-0.07850738734414682
2018-09-27,San Pedro Bay,29.476577036082745,33.58256779611111,0.10742515325546265,0.05310220643877983,13.122959703207016,0.738138,0.0,2.261637973614865,1.1866923367016304,,2.554064412986315,-0.0780737064147953
2018-09-28,San Pedro Bay,29.538834795355797,33.61308630555868,0.08545182645320892,0.04211554303765297,12.817774593830109,0.6504379,0.0,1.7394914540544049,0.9408240153762835,,1.9776198690944276,-0.07764002548544378
2018-09-29,San Pedro Bay,29.69924008101225,33.643604815006256,0.06897183135151863,0.0317392498254776,12.207404375076294,0.9469164,0.0,0.6477701317372644,0.4128954306494536,,0.7681723636151659,-0.07720634455609227
2018-09-30,San Pedro Bay,29.88747824728489,33.65428629331291,0.043336283415555954,-0.008545182645320892,11.291849046945572,1.0563866,11.836658477783203,1.4612019380533707,-0.21748155776661227,,1.4772979833938444,-0.07677266362674075
2018-10-01,San Pedro Bay,29.878688916563988,33.646656665951014,0.0158696249127388,-0.02929776906967163,11.444441601634026,1.0331264,0.0,1.72439362425008,-0.580159780063158,,1.8193731727595792,-0.07633898269738923
2018-10-02,San Pedro Bay,29.844264037907124,33.66344184614718,0.021973326802253723,-0.012817773967981339,12.359996929764748,0.96482205,0.0,2.2534822597512507,-0.237018744750831,,2.2659126594767205,-0.07590530176803771
2018-10-03,San Pedro Bay,29.882351137697697,33.67870110087097,0.029908139258623123,0.008545182645320892,12.512589484453201,1.1581131,0.0,1.3828414176992965,-0.14619479752414333,,1.390547843595367,-0.0754716208386862
2018-10-04,San Pedro Bay,30.058137752115726,33.681752951815724,0.0048829615116119385,0.012817773967981339,11.59703415632248,1.4838395,0.0,-0.38000122033426237,0.7740551026674823,,0.8623005447180787,-0.07503793990933467
2018-10-05,San Pedro Bay,30.154820390045643,33.655812218785286,-0.06958220154047012,0.004272591322660446,10.83407138288021,0.6349421,45.10169982910156,-0.468579871424445,0.38778218258073827,,0.6082286716615968,-0.07460425897998316
2018-10-06,San Pedro Bay,30.209021262824535,33.63902703858912,-0.15686513856053352,-0.043946653604507446,11.444441601634026,0.49367177,9.867565155029297,-0.7011749095273765,-0.3573638475512076,,0.7869912155083609,-0.07417057805063164
2018-10-07,San Pedro Bay,30.217810593545437,33.6405529640615,-0.158696249127388,-0.04272591322660446,12.05481182038784,1.2773683,0.0,-1.5209284664360976,-0.35227826368146353,,1.5611929333295376,-0.07373689712128012
2018-10-08,San Pedro Bay,30.328409671783447,33.631397411227226,-0.1263466291129589,-0.03784295171499252,12.05481182038784,0.6317186,0.0,-1.5417923798773638,0.05651329760441236,,1.5428277594903557,-0.0733032161919286
2018-10-09,San Pedro Bay,30.422162532806396,33.634449262171984,-0.11535996571183205,-0.02136295661330223,12.05481182038784,0.26061434,4.933782577514648,-1.4219748736201583,-0.019320692074315454,,1.4221061248547153,-0.07286953526257708
2018-10-10,San Pedro Bay,30.424359865486622,33.63750111311674,-0.12817773967981339,-0.029908139258623123,12.359996929764748,1.1658578,0.0,-1.7388589064311772,0.23650571445541138,,1.7548690120476498,-0.07243585433322557
2018-10-11,San Pedro Bay,30.38261054456234,33.632923336699605,-0.13306070119142532,-0.039674062281847,12.512589484453201,1.5037214,0.0,-2.1804182060318,-0.3101004880898457,,2.2023591591537683,-0.07200217340387405
2018-10-12,San Pedro Bay,30.372356325387955,33.6115603800863,-0.12329477816820145,-0.03723258152604103,12.512589484453201,0.840163,0.0,-1.7448340302958798,-0.7161236089762888,,1.8860749764025257,-0.07156849247452253
2018-10-13,San Pedro Bay,30.290322571992874,33.573412243276834,-0.10437330231070518,-0.03723258152604103,12.512589484453201,0.52098304,0.0,-2.1459881614332867,-0.2880785654251035,,2.16523773495411,-0.07113481154517101
2018-10-14,San Pedro Bay,30.14603105932474,33.535264106467366,-0.06897183135151863,-0.02868739888072014,13.122959703207016,0.5351415,29.7186336517334,-1.602069814818309,0.02035696445391568,,1.6021991441620949,-0.0707011306158195
2018-10-15,San Pedro Bay,30.142368838191032,33.50321967154741,-0.0476088747382164,-0.027466658502817154,12.665182039141655,0.61718917,0.0,-0.46975101291821486,-0.18681974500699963,,0.5055369731900617,-0.07026744968646798
2018-10-16,San Pedro Bay,30.200964376330376,33.48643449135125,-0.028077028691768646,-0.02136295661330223,12.207404375076294,0.36043307,8.690954208374023,-0.0315451750542772,-0.3392215263639052,,0.34068510683307335,-0.06983376875711646
2018-10-17,San Pedro Bay,30.27201146632433,33.47270116209984,-0.05493331700563431,-0.025635547935962677,12.207404375076294,0.32697284,0.0,-0.3011131100926513,-0.10191878913072445,,0.31789392043186704,-0.06940008782776494
2018-10-18,San Pedro Bay,30.2522354722023,33.452864130958915,-0.07751701399683952,-0.017700735479593277,12.359996929764748,1.2982285,0.0,-1.1112695600869789,-0.06270963402408362,,1.1130375255917215,-0.06896640689841342
2018-10-19,San Pedro Bay,30.204626597464085,33.43607895076275,-0.0714133121073246,-0.022583696991205215,12.665182039141655,0.58689564,0.0,-0.495160239462395,-0.9619198272430202,,1.0818841974942135,-0.0685327259690619
2018-10-20,San Pedro Bay,30.200964376330376,33.41013821773231,-0.07263405248522758,-0.0238044373691082,12.359996929764748,0.47075474,0.0,-0.8099071067155961,-0.9642613201522223,,1.2592654267667855,-0.06809904503971038
2018-10-21,San Pedro Bay,30.10061951726675,33.38267155922949,-0.07812738418579102,-0.023194067180156708,12.665182039141655,0.25988948,0.0,-1.3064046089156067,-0.36156796622697923,,1.3555162840768287,-0.06766536411035885
2018-10-22,San Pedro Bay,30.046418644487858,33.367412304505706,-0.09155552834272385,-0.028077028691768646,12.665182039141655,0.21006303,0.0,-1.0873406139365316,-0.6607500206785444,,1.272360090753624,-0.06723168318100733
2018-10-23,San Pedro Bay,29.984160885214806,33.36283452808857,-0.08911404758691788,-0.03723258152604103,12.817774593830109,0.37869093,32.656402587890625,-0.6831591871607596,-1.5883898029849106,,1.7290716125217582,-0.06679800225165582
2018-10-24,San Pedro Bay,29.891140468418598,33.368938229978085,-0.08545182645320892,-0.03357036039233208,12.970367148518562,0.6383406,0.0,-0.5412912898698748,-1.8585585194618088,,1.935777887763228,-0.0663643213223043
2018-10-25,San Pedro Bay,29.79006316512823,33.38267155922949,-0.07568590342998505,-0.03479110077023506,13.27555225789547,0.33124655,0.0,-0.40981565544057175,-1.965867974156694,,2.0081299169274707,-0.06593064039295278
2018-10-26,San Pedro Bay,29.705832079052925,33.404034515842795,-0.0714133121073246,-0.03234962001442909,13.27555225789547,0.3134454,0.0,0.43630188327331765,-1.749792241751733,,1.8033669129277046,-0.06549695946360126
2018-10-27,San Pedro Bay,29.56007567793131,33.439130801707506,-0.048829615116119385,-0.02075258642435074,14.191107586026192,0.7311124,0.0,1.9139440125823455,-2.4443309043241555,,3.104502416351766,-0.06506327853424974
2018-10-28,San Pedro Bay,29.391613505780697,33.477278938516974,-0.004272591322660446,-0.0012207403779029846,14.191107586026192,0.7314319,19.663408279418945,2.6966605087614783,-2.050251176202682,,3.3875518866925414,-0.06462959760489823
2018-10-29,San Pedro Bay,29.22461622208357,33.50932337343693,0.05615405738353729,0.043336283415555954,14.343700140714645,0.45395315,0.0,1.4454982333628894,2.191918417889359,,2.62563734992817,-0.06419591667554671
2018-10-30,San Pedro Bay,29.182866901159286,33.524582628160715,0.022583696991205215,0.032959990203380585,13.428144812583923,0.59361094,9.831704139709473,-0.8516093349526267,2.155887565468154,,2.3179925915150505,-0.06376223574619519
2018-10-31,San Pedro Bay,29.277352206408978,33.5184789262712,-0.03479110077023506,0.006714072078466415,12.512589484453201,0.7563564,0.0,-1.830179963161459,0.7263278828937413,,1.9690380623610566,-0.06332855481684367
2018-11-01,San Pedro Bay,29.37696462124586,33.50321967154741,-0.07507553324103355,-0.025025177747011185,12.05481182038784,0.8087498,0.0,-2.5943045902586954,0.08281713865065275,,2.5956261259071227,-0.06289487388749215
2018-11-02,San Pedro Bay,29.387218840420246,33.487960416823626,-0.06591998040676117,-0.030518509447574615,12.512589484453201,0.92835325,0.0,-2.779885048976489,-0.18064756107311375,,2.785748450030024,-0.062461192958140635
2018-11-03,San Pedro Bay,29.349864184856415,33.463545609265566,-0.043946653604507446,-0.03418073058128357,12.665182039141655,0.40720826,0.0,-2.06028714840977,-0.6700349429149692,,2.166501779050626,-0.06202751202878912
2018-11-04,San Pedro Bay,29.256111323833466,33.43760487623513,-0.036011841148138046,-0.03418073058128357,13.122959703207016,0.38335305,8.874975204467773,-2.7019779646867987,-1.2143611952171984,,2.9623230806416707,-0.0615938310994376
2018-11-05,San Pedro Bay,29.100833147764206,33.41471599414945,-0.06591998040676117,-0.04028443247079849,14.343700140714645,0.5211149,44.37487030029297,-3.626042830959063,-0.4568426811945376,,3.654708175396584,-0.06116015017008608
2018-11-06,San Pedro Bay,28.960203856229782,33.40098266489804,-0.09094515815377235,-0.043946653604507446,14.343700140714645,2.154755,14.699034690856934,-3.3518099824958583,-0.5783260134531414,,3.4013366691045874,-0.06072646924073456
2018-11-07,San Pedro Bay,28.8693807721138,33.40861229225993,-0.10071108117699623,-0.04577776417136192,14.191107586026192,1.9738898,0.0,-2.9872204830918276,-1.5187636940785139,,3.3511385189297065,-0.060292788311383044
2018-11-08,San Pedro Bay,28.810785233974457,33.43150117434561,-0.12024292722344398,-0.04150517284870148,13.580737367272377,1.6912873,0.0,-2.935570294750124,-1.4283105307157822,,3.2646047123002395,-0.059859107382031526
2018-11-09,San Pedro Bay,28.747795030474663,33.4681233856827,-0.14831995591521263,-0.04821924492716789,13.27555225789547,0.5583993,14.699034690856934,-3.1030557833173296,-1.4637885518607434,,3.430981218097484,-0.05942542645268001
2018-11-10,San Pedro Bay,28.66502883285284,33.50474559701979,-0.16357921063899994,-0.059205908328294754,13.73332992196083,0.45389426,73.49517059326172,-2.99718794981228,-1.52226143744191,,3.3616090626993866,-0.05899174552332849
2018-11-11,San Pedro Bay,28.59178441017866,33.547471510246396,-0.15625476837158203,-0.0555436871945858,13.885922476649284,0.39886084,0.0,-2.2475751028825797,-1.8607286897840323,,2.9178596779288477,-0.05855806459397697
2018-11-12,San Pedro Bay,28.606433294713497,33.60240482725203,-0.14893032610416412,-0.04455702379345894,12.665182039141655,0.40800712,24.041797637939453,-2.8178451682599275,-0.5743708667064142,,2.8757874199611657,-0.058124383664625454
2018-11-13,San Pedro Bay,28.659901723265648,33.62681963481009,-0.14099551364779472,-0.03662221133708954,12.359996929764748,0.46957558,36.06269454956055,-3.1954262446896102,-0.25737152393152085,,3.205774319346572,-0.057690702735273935
2018-11-14,San Pedro Bay,28.658436834812164,33.63597518764436,-0.13672292232513428,-0.03234962001442909,12.817774593830109,0.90567416,68.69084930419922,-3.3239790788193617,-0.2207344681452865,,3.3313001398637434,-0.05725702180592242
2018-11-15,San Pedro Bay,28.651112392544746,33.643604815006256,-0.13306070119142532,-0.04028443247079849,13.27555225789547,1.0263983,24.041797637939453,-2.5970999408900424,-0.0855712828489951,,2.598509293310202,-0.0568233408765709
2018-11-16,San Pedro Bay,28.695059046149254,33.657338144257665,-0.12146366760134697,-0.04150517284870148,12.970367148518562,1.0281861,0.0,-1.9038208650669457,-0.4598681445753064,,1.9585741233508085,-0.05638965994721938
2018-11-17,San Pedro Bay,28.69359415769577,33.67259739898145,-0.11169774457812309,-0.04516739398241043,13.27555225789547,0.9856054,0.0,-2.0457617108320836,-1.293531648054274,,2.420405978761542,-0.05595597901786786
2018-11-18,San Pedro Bay,28.66136661171913,33.68938257917762,-0.11169774457812309,-0.051271095871925354,14.191107586026192,1.0452479,8.962610244750977,-1.9083981270489765,-1.994573618538436,,2.7604904149613616,-0.055522298088516345
2018-11-19,San Pedro Bay,28.54564042389393,33.693960355594754,-0.1031525619328022,-0.051881466060876846,14.343700140714645,0.7965109,62.73827362060547,0.03300092772810941,-1.8633889806089807,,1.8636811836486122,-0.05508861715916481
2018-11-20,San Pedro Bay,28.420392461121082,33.67717517539859,-0.11230811476707458,-0.043946653604507446,14.343700140714645,0.42374086,44.81304931640625,-3.417715961818341,-0.8416357540485836,,3.5198200434341516,-0.054654936229813295
2018-11-21,San Pedro Bay,28.412335574626923,33.64818259142339,-0.10071108117699623,-0.0238044373691082,12.970367148518562,0.48726186,0.0,-3.7437162090432645,1.8795904401075174,,4.189065680601922,-0.054221255300461776
2018-11-22,San Pedro Bay,28.475325778126717,33.620715932920575,-0.08911404758691788,-0.016479995101690292,12.359996929764748,0.929512,0.0,-1.720780703269675,0.37640311938420434,,1.761466870828809,-0.05378757437111026
2018-11-23,San Pedro Bay,28.55882441997528,33.620715932920575,-0.06958220154047012,-0.03357036039233208,12.665182039141655,1.538335,0.0,-0.5825048683257963,-0.5583057463567807,,0.8068563862536227,-0.05335389344175874
2018-11-24,San Pedro Bay,28.59105196595192,33.619190007448196,-0.05005035549402237,-0.03418073058128357,12.665182039141655,1.3211453,0.0,-0.46105753537779415,-1.575267355160505,,1.641353493664,-0.05292021251240722
2018-11-25,San Pedro Bay,28.527329318225384,33.620715932920575,-0.05859553813934326,-0.039674062281847,13.73332992196083,0.6065739,47.138668060302734,-1.6191619548649814,-1.8887779490269847,,2.4878037657365124,-0.052486531583055704
2018-11-26,San Pedro Bay,28.54197820276022,33.62529370933771,-0.04943998530507088,-0.03357036039233208,13.122959703207016,0.8884729,0.0,-0.8557358366644569,-1.828295137639219,,2.0186497795474647,-0.052052850653704186
2018-11-27,San Pedro Bay,28.54564042389393,33.62529370933771,-0.05493331700563431,-0.027466658502817154,13.122959703207016,0.7539472,0.0,-1.628321613347391,-0.9551682503493909,,1.8877970396654846,-0.05161916972435267
2018-11-28,San Pedro Bay,28.55809197574854,33.619190007448196,-0.06958220154047012,-0.03479110077023506,12.970367148518562,1.3378618,16.255434036254883,-2.380362851942317,-0.8728426296163516,,2.53534643845423,-0.05118548879500115
2018-11-29,San Pedro Bay,28.479720443487167,33.61766408197582,-0.09399700909852982,-0.04699850454926491,13.73332992196083,2.2784014,0.0,-2.6018279899910706,-1.3811412068248325,,2.9456849666402767,-0.05075180786564963
2018-11-30,San Pedro Bay,28.388164915144444,33.610034454613924,-0.11474959552288055,-0.05493331700563431,13.580737367272377,0.92397934,0.0,-3.0312989381016684,-1.5162893396093717,,3.3893814499919195,-0.05031812693629811
2018-12-01,San Pedro Bay,28.287820056080818,33.608508529141545,-0.11535996571183205,-0.051271095871925354,13.885922476649284,0.38955462,0.0,-3.0007297232400676,-1.3230272728730945,,3.279448129899668,-0.049884446006946595
2018-12-02,San Pedro Bay,28.240943625569344,33.62681963481009,-0.11047700420022011,-0.04821924492716789,13.73332992196083,0.3731728,40.679935455322266,-3.168369941628053,-1.3186246230354515,,3.431812783863295,-0.04945076507759508
2018-12-03,San Pedro Bay,28.25998717546463,33.655812218785286,-0.09826960042119026,-0.032959990203380585,13.122959703207016,0.3612014,0.0,-2.5968736237631354,0.031870690834696735,,2.597069186358145,-0.04901708414824356
2018-12-04,San Pedro Bay,28.293679609894753,33.67564924992621,-0.10254219174385071,-0.03906369209289551,12.817774593830109,2.390621,23.40859031677246,-3.267324590250328,-0.38592097626449945,,3.290037230484698,-0.04858340321889204
2018-12-05,San Pedro Bay,28.29734183102846,33.693960355594754,-0.11413922533392906,-0.04821924492716789,13.122959703207016,2.0665705,0.0,-3.59101650829986,-0.4957885766188841,,3.625080119885338,-0.04814972228954052
2018-12-06,San Pedro Bay,28.320047602057457,33.72295293956995,-0.1269569993019104,-0.05310220643877983,13.428144812583923,0.733885,71.83399963378906,-3.7578302162736845,-0.861254102465759,,3.855262191259322,-0.047716041360189004
2018-12-07,San Pedro Bay,28.299539163708687,33.7626270018518,-0.13367107138037682,-0.0555436871945858,14.191107586026192,0.54991007,0.0,-3.1641255160642543,-1.3323807451407466,,3.4332096835804675,-0.04728236043083747
2018-12-08,San Pedro Bay,28.30539871752262,33.80382698960602,-0.13611255213618279,-0.051881466060876846,13.428144812583923,2.103828,0.0,-3.244581518429653,-1.1931037916095928,,3.456993764427188,-0.04684867950148597
2018-12-09,San Pedro Bay,28.3207800462842,33.85113067924976,-0.1348918117582798,-0.04821924492716789,13.428144812583923,0.8498986,0.0,-2.779094879457798,-1.2400800902067066,,3.0432165514724097,-0.046414998572134436
2018-12-10,San Pedro Bay,28.30906093865633,33.898434368893504,-0.13122959062457085,-0.04516739398241043,13.580737367272377,0.3385927,0.0,-2.5974432154912583,-0.80105263172013,,2.7181605133779927,-0.04598131764278293
2018-12-11,San Pedro Bay,28.298806719481945,33.935056580230594,-0.13306070119142532,-0.05005035549402237,14.038515031337738,0.8193241,0.0,-2.3544371035392886,-1.5847690183284688,,2.8381097434694547,-0.0455476367134314
2018-12-12,San Pedro Bay,28.295876942574978,33.96099731326103,-0.1275673694908619,-0.04943998530507088,13.428144812583923,0.5066726,31.583280563354492,-2.3308039667180176,-2.0484493038371525,,3.103029436157408,-0.045113955784079895
2018-12-13,San Pedro Bay,28.270973838865757,33.97473064251244,-0.14587847515940666,-0.06286812946200371,14.191107586026192,0.4984417,63.166561126708984,-2.8585147224788554,-1.881969405275377,,3.422413660126567,-0.04468027485472836
2018-12-14,San Pedro Bay,28.237281404435635,33.9777824934572,-0.16235847026109695,-0.07202368229627609,14.343700140714645,0.63034004,31.583280563354492,-3.7553154607507304,-2.010534207184067,,4.259652803693129,-0.04424659392537686
2018-12-15,San Pedro Bay,28.216040521860123,33.97625656798482,-0.16907254233956337,-0.07507553324103355,14.343700140714645,0.56017154,0.0,-3.1622870851726796,-1.8945949666586466,,3.6864006424611797,-0.04381291299602533
2018-12-16,San Pedro Bay,28.20725119113922,33.96710101515055,-0.15564439818263054,-0.06836146116256714,14.191107586026192,0.4887228,0.0,-2.6977617592675482,-1.5729503959952242,,3.122833882554093,-0.04337923206667382
2018-12-17,San Pedro Bay,28.258522287011147,33.95031583495438,-0.1342814415693283,-0.05737479776144028,13.27555225789547,0.4336899,0.0,-1.9673916606510213,-2.057418111357691,,2.84668214441687,-0.04294555113732229
2018-12-18,San Pedro Bay,28.22702718526125,33.93963435664773,-0.13855403289198875,-0.06530961021780968,14.343700140714645,0.43545038,0.0,-2.4348745628400894,-2.890480330656898,,3.779350563083574,-0.04251187020797079
2018-12-19,San Pedro Bay,28.150852985680103,33.921323250979185,-0.14465773478150368,-0.07202368229627609,14.343700140714645,0.4314476,16.776384353637695,-1.722373275964006,-2.9669528433531123,,3.4306528353122676,-0.042078189278619255
2018-12-20,San Pedro Bay,28.057832568883896,33.88164918869734,-0.11535996571183205,-0.05371257662773132,14.343700140714645,0.476291,67.10553741455078,-2.5168916956305747,-0.6780075355115827,,2.6066142840367923,-0.04164450834926775
2018-12-21,San Pedro Bay,28.021210357546806,33.835871424525976,-0.10254219174385071,-0.043336283415555954,14.038515031337738,0.70560247,37.110145568847656,-1.7524671459191685,-0.6031097139267821,,1.8533435797387707,-0.04121082741991622
2018-12-22,San Pedro Bay,28.008026361465454,33.77483440563083,-0.10254219174385071,-0.04150517284870148,12.817774593830109,0.97689456,53.75178909301758,-1.1625493632790997,-1.300849941402281,,1.744629356656295,-0.040777146490564714
2018-12-23,San Pedro Bay,28.025605022907257,33.718375163152814,-0.11047700420022011,-0.04150517284870148,12.665182039141655,1.0605491,37.0737190246582,-2.3684277302524546,-0.0628565863841685,,2.3692616706224463,-0.04034346556121318
2018-12-24,San Pedro Bay,28.060762345790863,33.6619159206748,-0.10742515325546265,-0.03723258152604103,12.207404375076294,2.2312376,12.001150131225586,-1.8186890254455559,0.2663234388033234,,1.8380854020779702,-0.03990978463186168
2018-12-25,San Pedro Bay,28.139866322278976,33.62987148575485,-0.09155552834272385,-0.03906369209289551,12.512589484453201,2.8765302,17.403430938720703,-1.0842019258425628,-0.7702676614820346,,1.3299646936387914,-0.039476103702510146
2018-12-26,San Pedro Bay,28.18234808743,33.60698260366917,-0.046388134360313416,-0.027466658502817154,12.512589484453201,3.1026208,0.0,0.6636520535813728,-1.9429644509272601,,2.053179219111143,-0.03904242277315864
2018-12-27,San Pedro Bay,27.95675526559353,33.49101226776838,0.012207403779029846,-0.006714072078466415,12.512589484453201,3.1375809,108.5936508178711,3.2810006507130383,-3.3986719613344007,,4.72397463697044,-0.03860874184380711
2018-12-28,San Pedro Bay,27.722373113036156,33.31400491297245,0.017700735479593277,-0.0006103701889514923,10.528886273503304,3.0903094,124.1070327758789,0.7868753847155922,-1.3513249526932445,,1.563730155379345,-0.038175060914455605
2018-12-29,San Pedro Bay,27.960417486727238,33.39030118659139,-0.029908139258623123,0.001831110566854477,12.05481182038784,3.09083,0.0,-4.048576911179954,1.5731185624059274,,4.343463711961401,-0.03774137998510407
2018-12-30,San Pedro Bay,28.024872578680515,33.37046415545046,-0.1031525619328022,-0.02929776906967163,12.359996929764748,3.0904322,0.0,-3.7526636594525633,-0.07119053194432697,,3.753338864639645,-0.03730769905575257
2018-12-31,San Pedro Bay,28.049043238162994,33.34147157147527,-0.10742515325546265,-0.025635547935962677,12.665182039141655,2.5300987,0.0,-3.6965640907106323,0.09861030281122984,,3.6978791311442083,-0.03687401812640104
2019-01-01,San Pedro Bay,28.10910366475582,33.332316018640995,-0.10498367249965668,-0.027466658502817154,12.817774593830109,2.8836598,0.0,-4.276505702204622,-0.8594336431226521,,4.362009537807055,-0.036440337197049505
2019-01-02,San Pedro Bay,28.05929745733738,33.31705676391721,-0.09704886004328728,-0.028077028691768646,13.580737367272377,2.8511207,0.0,-3.993110276419672,-1.1668904664082371,-0.036006656267698,4.160115748418885,-0.036006656267698
2019-01-03,San Pedro Bay,28.06369212269783,33.31247898750007,-0.08423108607530594,-0.024414807558059692,12.970367148518562,2.5047872,0.0,-4.0351566151756595,-1.6090120041762783,,4.344123448819019,-0.06407221240640047
2019-01-04,San Pedro Bay,27.91573838889599,33.2529678940773,-0.08606219664216042,-0.02624591812491417,12.817774593830109,0.9463549,47.183082580566406,-3.9374526491132955,-2.000540580644664,,4.416525328673594,-0.09213776854510294
2019-01-05,San Pedro Bay,27.87618640065193,33.26212344691157,-0.07507553324103355,-0.021973326802253723,13.73332992196083,1.112961,0.0,-3.756887866855576,-1.838772106955435,,4.182737059085111,-0.1202033246838054
2019-01-06,San Pedro Bay,27.839564189314842,33.2743308506906,-0.05493331700563431,-0.017090365290641785,13.580737367272377,0.44002622,0.0,-2.9135937711893947,-2.2041346959952803,,3.6533872531670997,-0.1482688808225079
2019-01-07,San Pedro Bay,27.774376653134823,33.29264195635915,-0.03906369209289551,-0.01037629321217537,13.27555225789547,1.1868198,0.0,-3.192181018071661,-1.656486806304844,-0.17633443696121034,3.5963826536673,-0.17633443696121034
2019-01-08,San Pedro Bay,27.71211889386177,33.30179750919342,-0.04577776417136192,-0.014038514345884323,13.580737367272377,1.6822917,0.0,-3.738064060606573,-1.5018387844692174,,4.028478950638129,-0.1194158965869805
2019-01-09,San Pedro Bay,27.67842645943165,33.309427136555314,-0.05249183624982834,-0.01831110566854477,13.27555225789547,1.8096893,0.0,-3.903540288449061,-2.015545748315811,,4.3931823826355,-0.062497356212750654
2019-01-10,San Pedro Bay,27.594927817583084,33.26822714880109,-0.059205908328294754,-0.01831110566854477,12.359996929764748,1.795789,0.0,-3.749221940333973,-1.6735208709553082,,4.105768778609513,-0.005578815838520795
2019-01-11,San Pedro Bay,27.541459389030933,33.30179750919342,-0.046388134360313416,-0.012207403779029846,13.73332992196083,0.45306015,0.0,-3.3729611749293453,-1.356620656061555,,3.635558649235855,0.051339724535709036
2019-01-12,San Pedro Bay,27.57661671191454,33.32316046580672,-0.02868739888072014,-0.006103701889514923,12.512589484453201,0.65426666,0.0,-2.9501058480085716,-1.0619944875560399,0.10825826490993885,3.135435664473725,0.10825826490993885
2019-01-13,San Pedro Bay,27.586138486862183,33.344523422420025,-0.043946653604507446,-0.01037629321217537,12.665182039141655,0.3093985,0.0,-3.40676808676204,-1.7919421949025942,,3.8493019661820007,0.10437591854593094
2019-01-14,San Pedro Bay,27.52314828336239,33.36588637903333,-0.06530961021780968,-0.014648884534835815,13.580737367272377,0.34578782,0.0,-4.003062248672111,-2.421500133263275,,4.678479481854962,0.10049357218192302
2019-01-15,San Pedro Bay,27.452833637595177,33.39487896300852,-0.08239997550845146,-0.017090365290641785,13.885922476649284,0.49574366,0.0,-3.7337322376589013,-2.115437037518928,,4.291366947982915,0.0966112258179151
2019-01-16,San Pedro Bay,27.354686111211777,33.43760487623513,-0.08239997550845146,-0.015259254723787308,14.343700140714645,0.30722168,0.0,-2.824039821672443,-2.834188689316446,,4.00097818552426,0.09272887945390719
2019-01-17,San Pedro Bay,27.353953666985035,33.49101226776838,-0.08056886494159698,-0.016479995101690292,12.970367148518562,0.3082724,0.0,-2.4778843152143284,-2.5861979074703636,,3.5816658549045677,0.08884653308989926
2019-01-18,San Pedro Bay,27.288766130805016,33.5398418828845,-0.09216589853167534,-0.01892147585749626,14.038515031337738,0.26584715,5.795772075653076,-3.0841049392915454,-3.052868167172443,,4.339551511699952,0.08496418672589134
2019-01-19,San Pedro Bay,27.238227479159832,33.57036039233208,-0.0872829370200634,-0.016479995101690292,13.885922476649284,0.25082138,5.795772075653076,-2.6216250525159435,-2.9727188778820484,,3.963581138679455,0.08108184036188343
2019-01-20,San Pedro Bay,27.077089749276638,33.37656785733998,-0.11413922533392906,-0.04028443247079849,10.681478828191757,0.3730676,46.36617660522461,-3.227085003624516,-2.999161121221369,,4.405569776052135,0.07719949399787551
2019-01-21,San Pedro Bay,27.046327091753483,32.72652360610664,-0.0952177494764328,-0.10071108117699623,10.528886273503304,0.42884424,0.0,-0.29354052142880926,-0.42974868800689214,,0.5204324860770534,0.0733171476338676
2019-01-22,San Pedro Bay,27.40522476285696,32.97982723452151,-0.04455702379345894,-0.08056886494159698,10.528886273503304,0.46723166,0.0,0.9434564075167429,-0.4498181243678325,,1.0452015776366745,0.06943480126985968
2019-01-23,San Pedro Bay,27.619830921292305,33.15530866384506,-0.158696249127388,-0.010986663401126862,10.528886273503304,0.48458165,0.0,-2.1010420786575725,0.3991947265024715,,2.1386290575873876,0.06555245490585176
2019-01-24,San Pedro Bay,27.64619891345501,33.23007901199162,-0.13367107138037682,-0.04516739398241043,10.528886273503304,0.48067653,99.15750885009766,-2.456200496914671,-1.3534374095578963,,2.804409688799885,0.06167010854184385
2019-01-25,San Pedro Bay,27.46675007790327,33.33689379505813,-0.1031525619328022,-0.04455702379345894,10.528886273503304,0.4817452,0.0,-2.399515241098306,-3.5787036208666216,,4.308688083195038,0.05778776217783593
2019-01-26,San Pedro Bay,27.386181212961674,33.501693746075034,-0.0872829370200634,-0.01892147585749626,13.73332992196083,0.51716894,40.404048919677734,-2.8422045823603854,-4.662061231721671,,5.460122875569061,0.05390541581382801
2019-01-27,San Pedro Bay,27.175237275660038,33.5688344668597,-0.07019257172942162,-0.017700735479593277,14.343700140714645,0.5191908,0.0,-2.4405099261287853,-3.673424146200491,,4.410230567376487,0.050023069449820094
2019-01-28,San Pedro Bay,27.077089749276638,33.60698260366917,-0.048829615116119385,-0.0158696249127388,13.580737367272377,0.54670596,0.0,-2.3260235001025706,-3.184472508592806,,3.9435073831568737,0.04614072308581218
2019-01-29,San Pedro Bay,27.000915549695492,33.63597518764436,-0.043946653604507446,-0.014038514345884323,13.73332992196083,0.45040837,0.0,-2.0890907430910923,-2.6723413368085893,,3.3920065379189364,0.042258376721804256
2019-01-30,San Pedro Bay,26.970152892172337,33.646656665951014,-0.048829615116119385,-0.0158696249127388,13.122959703207016,0.47038472,0.0,-2.862230683527322,-2.023767598465315,,3.505424336413974,0.03837603035779634
2019-01-31,San Pedro Bay,26.97967466711998,33.65276036784053,-0.04577776417136192,-0.01892147585749626,12.970367148518562,0.7001846,0.0,-2.233025753945734,-1.7845014615819679,,2.8584697801748917,0.034493683993788424
2019-02-01,San Pedro Bay,26.944517344236374,33.67412332445383,-0.03723258152604103,-0.015259254723787308,13.428144812583923,0.8713421,0.0,-2.3011160579625565,-2.347765926651879,,3.2874214756493716,0.030611337629780508
2019-02-02,San Pedro Bay,26.87786491960287,33.68480480276048,-0.05371257662773132,-0.01892147585749626,13.73332992196083,0.87379265,0.0,-4.007435650026194,-1.3906768270814427,,4.241877240854828,0.026728991265772592
2019-02-03,San Pedro Bay,26.91888179630041,33.69701220653951,-0.04272591322660446,-0.016479995101690292,12.512589484453201,0.6373489,0.0,-2.8163011234733033,-1.224969547468666,,3.07117280697498,0.022846644901764676
2019-02-04,San Pedro Bay,26.969420447945595,33.71532331220806,-0.029908139258623123,-0.014648884534835815,12.359996929764748,0.36267614,7.080105781555176,-2.5220142308667257,-2.0262885807728845,,3.2351817867416464,0.01896429853775676
2019-02-05,San Pedro Bay,27.083681747317314,33.727530715987086,-0.02929776906967163,-0.014648884534835815,11.749626711010933,0.44226816,0.0,-2.55111303543585,-1.3476818500903205,,2.8852078068370717,0.015081952173748844
2019-02-06,San Pedro Bay,27.100527964532375,33.751945523545146,-0.014648884534835815,-0.01037629321217537,12.817774593830109,0.41860896,0.0,-2.0220592506942916,-1.0782323898925823,0.011199605809740922,2.291573411421033,0.011199605809740922
2019-02-07,San Pedro Bay,27.197943046689034,33.77025662921369,-0.012207403779029846,-0.003662221133708954,12.05481182038784,0.34392837,0.0,-2.325556957040357,-0.45139606837934526,,2.3689604409924483,-0.012928920221341858
2019-02-08,San Pedro Bay,27.27411724627018,33.777886256575584,-0.020142216235399246,-0.009765923023223877,11.749626711010933,0.27071145,0.0,-2.6056471810182034,-0.8165174844257247,,2.7305856577520187,-0.03705744625242464
2019-02-09,San Pedro Bay,27.334177672863007,33.78093810752034,-0.027466658502817154,-0.014648884534835815,11.749626711010933,0.3066908,11.388346672058105,-2.8899050874973473,-1.1342130884665342,,3.104511353625856,-0.06118597228350741
2019-02-10,San Pedro Bay,27.364940330386162,33.790093660354614,-0.0476088747382164,-0.01831110566854477,12.359996929764748,1.3495482,0.0,-3.8776837635754013,-1.3420239010270256,,4.103347355662701,-0.0853144983145902
2019-02-11,San Pedro Bay,27.332712784409523,33.802301064133644,-0.059816278517246246,-0.02075258642435074,13.580737367272377,0.5305654,0.0,-3.9710950108030487,-1.8024153654776995,-0.10944302434567298,4.360997217900394,-0.10944302434567298
2019-02-12,San Pedro Bay,27.27411724627018,33.82213809527457,-0.059816278517246246,-0.012817773967981339,13.73332992196083,0.3795081,0.0,-3.964836783547759,-0.7493663864646088,,4.035031685295218,-0.11872367627940875
2019-02-13,San Pedro Bay,27.271919913589954,33.84350105188787,-0.05737479776144028,-0.01037629321217537,12.665182039141655,0.24913645,0.0,-3.2365529010908385,-0.6995184595391124,,3.3112838532502002,-0.1280043282131445
2019-02-14,San Pedro Bay,27.258735917508602,33.84197512641549,-0.07995849475264549,-0.016479995101690292,12.359996929764748,0.24342738,7.069004535675049,-3.9873312547101247,-1.4241308613607953,,4.234024001475246,-0.1372849801468803
2019-02-15,San Pedro Bay,27.17157505452633,33.861812157556415,-0.08117923513054848,-0.01342814415693283,13.27555225789547,0.88804126,0.0,-3.226896258219717,-0.7201361328223281,,3.3062751717164605,-0.14656563208061607
2019-02-16,San Pedro Bay,27.215521708130836,33.90148621983826,-0.08362071588635445,-0.010986663401126862,12.512589484453201,1.0483012,8.158965110778809,-3.1829817533350933,-0.7533257194714592,-0.15584628401435183,3.2709130960148323,-0.15584628401435183
2019-02-17,San Pedro Bay,27.23676259070635,33.94116028212011,-0.09582811966538429,-0.012207403779029846,12.512589484453201,1.1947693,0.0,-3.1996357527005928,-0.39398101568458915,,3.223800550697848,-0.1347483378840414
2019-02-18,San Pedro Bay,27.234565258026123,33.97473064251244,-0.11169774457812309,-0.015259254723787308,12.359996929764748,0.35712168,0.0,-3.570011108093241,-0.5022160356996453,,3.605163000257131,-0.11365039175373097
2019-02-19,San Pedro Bay,27.230170592665672,33.9991454500705,-0.1275673694908619,-0.0238044373691082,12.359996929764748,0.7411947,0.0,-3.603964746041806,-1.1442486459636176,,3.781252022082336,-0.09255244562342055
2019-02-20,San Pedro Bay,27.14374217391014,34.03729358687997,-0.12207403779029846,-0.024414807558059692,13.27555225789547,0.49757594,0.0,-3.114930501228312,-1.4599867297984233,,3.4401094864364357,-0.07145449949311011
2019-02-21,San Pedro Bay,27.16791283339262,34.07544172368944,-0.10803552344441414,-0.01831110566854477,12.512589484453201,0.2811197,0.0,-2.1078581005005232,-0.8294499384045516,-0.05035655336279968,2.265182767938382,-0.05035655336279968
2019-02-22,San Pedro Bay,27.336375005543232,34.101382456719875,-0.10803552344441414,-0.023194067180156708,11.59703415632248,0.7104123,7.7953619956970215,-2.1141813369024365,-1.070474921176667,,2.369742450599804,-0.06936450092993995
2019-02-23,San Pedro Bay,27.230170592665672,34.12274541333318,-0.09765923023223877,-0.021973326802253723,12.207404375076294,0.6380098,8.533106803894043,-2.5032011742417852,-1.204498727555796,,2.7779188799187393,-0.08837244849708024
2019-02-24,San Pedro Bay,27.27411724627018,34.15173799730837,-0.09460737928748131,-0.019531846046447754,12.359996929764748,1.0878657,0.0,-2.0776584692700544,-0.8861239482112355,,2.258734239905849,-0.10738039606422053
2019-02-25,San Pedro Bay,27.273384802043438,34.174626879394054,-0.09033478796482086,-0.02075258642435074,12.512589484453201,0.47134894,0.0,-1.7501309827681653,-1.153285753727749,,2.0959547911623586,-0.1263883436313608
2019-02-26,San Pedro Bay,27.263130582869053,34.199041686952114,-0.08972441777586937,-0.017700735479593277,12.665182039141655,1.0910903,0.0,-1.7517603946621114,-0.926325394077896,-0.1453962911985011,1.9816011748130162,-0.1453962911985011
2019-02-27,San Pedro Bay,27.288766130805016,34.21887871809304,-0.08972441777586937,-0.020142216235399246,12.665182039141655,0.9039385,0.0,-1.6729709707954028,-1.183712102883825,,2.049391668675795,-0.1196657398668462
2019-02-28,San Pedro Bay,27.33564256131649,34.22956019639969,-0.09155552834272385,-0.023194067180156708,11.902219265699387,0.44899014,6.508492946624756,-1.7870050848805437,-1.7388546890877394,,2.4933918270402944,-0.09393518853519132
2019-03-01,San Pedro Bay,27.377391882240772,34.24176760017872,-0.09277626872062683,-0.025025177747011185,12.359996929764748,0.4097893,0.0,-1.972669575165278,-1.972576477676206,,2.78971023819038,-0.06820463720353645
2019-03-02,San Pedro Bay,27.438917197287083,34.25397500395775,-0.09765923023223877,-0.021973326802253723,12.05481182038784,0.27689925,0.0,-1.744576213833386,-1.342728322646075,,2.2014689446615354,-0.04247408587188156
2019-03-03,San Pedro Bay,27.6425366923213,34.257026854902506,-0.119022186845541,-0.01892147585749626,11.291849046945572,0.27383372,0.0,-2.163646281890597,-0.1837559960853091,-0.016743534540226684,2.171435354606788,-0.016743534540226684
2019-03-04,San Pedro Bay,27.69600512087345,34.26007870584726,-0.13672292232513428,-0.023194067180156708,11.749626711010933,0.47858438,0.0,-3.110105726148713,-0.30420628243925185,,3.1249478539806903,-0.04396548999997196
2019-03-05,San Pedro Bay,27.737754441797733,34.24939722754061,-0.12878810986876488,-0.02868739888072014,11.902219265699387,0.72989595,0.0,-3.393470269353574,-0.5134724991014759,,3.4320976787265445,-0.07118744545971724
2019-03-06,San Pedro Bay,27.849818408489227,34.24939722754061,-0.11841181665658951,-0.024414807558059692,12.207404375076294,1.0440043,0.0,-2.737453885643409,-0.704253988531585,,2.8265929060242905,-0.09840940091946253
2019-03-07,San Pedro Bay,27.89156772941351,34.2432935256511,-0.11047700420022011,-0.019531846046447754,12.359996929764748,0.3027363,0.0,-2.971130114153084,-0.5997355051945122,,3.0310553989358615,-0.1256313563792078
2019-03-08,San Pedro Bay,27.923795275390148,34.24176760017872,-0.09765923023223877,-0.01342814415693283,12.512589484453201,0.30885938,0.0,-2.3563263122115954,-0.21130301155107012,-0.15285331183895307,2.3657816155155253,-0.15285331183895307
2019-03-09,San Pedro Bay,27.987517923116684,34.235663898289204,-0.09460737928748131,-0.009765923023223877,12.359996929764748,0.4986411,0.0,-2.4596607456128963,0.33567554514584497,,2.482460282686905,-0.13723622714271802
2019-03-10,San Pedro Bay,28.14499343186617,34.232612047344446,-0.09399700909852982,-0.0079348124563694,11.749626711010933,0.68738335,0.0,-1.6989152870302022,0.16670008157766358,,1.707074125427163,-0.12161914244648299
2019-03-11,San Pedro Bay,28.172826312482357,34.223456494510174,-0.09582811966538429,-0.006103701889514923,12.207404375076294,0.495121,0.0,-2.3115034644686947,0.30170584201844325,,2.3311101821575995,-0.10600205775024796
2019-03-12,San Pedro Bay,28.347148038446903,34.22956019639969,-0.1031525619328022,-0.011597033590078354,11.902219265699387,1.1579576,0.0,-2.148303660061733,-0.16366428306966643,,2.1545288611172855,-0.09038497305401291
2019-03-13,San Pedro Bay,28.20725119113922,34.22650834545493,-0.10437330231070518,-0.021973326802253723,12.665182039141655,1.5601367,0.0,-2.674433386209777,-1.1016249849635391,-0.07476788835777788,2.892433498763526,-0.07476788835777788
2019-03-14,San Pedro Bay,28.16989653557539,34.23108612187207,-0.09949034079909325,-0.01831110566854477,12.817774593830109,0.584823,0.0,-2.5440813654408143,-0.9392848303795048,,2.7119376811726803,-0.07168362396410999
2019-03-15,San Pedro Bay,28.2804956138134,34.234137972816825,-0.09765923023223877,-0.02075258642435074,12.207404375076294,0.33868346,0.0,-2.305411045295023,-1.1061204054298934,,2.557033914338385,-0.0685993595704421
2019-03-16,San Pedro Bay,28.2314218506217,34.235663898289204,-0.09216589853167534,-0.022583696991205215,12.512589484453201,0.7298501,0.0,-2.6695551592764124,-1.7134469383338784,,3.172132588481297,-0.0655150951767742
2019-03-17,San Pedro Bay,28.232154294848442,34.22956019639969,-0.09277626872062683,-0.02624591812491417,12.512589484453201,0.4124124,0.0,-2.8943351567742903,-2.1529424150729555,,3.60726170971276,-0.0624308307831063
2019-03-18,San Pedro Bay,28.20725119113922,34.22650834545493,-0.09338663890957832,-0.021973326802253723,12.817774593830109,0.35978046,0.0,-3.686055878375775,-1.5854769628548027,,4.012573381042632,-0.0593465663894384
2019-03-19,San Pedro Bay,28.07980589568615,34.19446391053498,-0.1031525619328022,-0.025025177747011185,13.122959703207016,0.42142323,39.616695404052734,-3.725272732386092,-1.31495215196595,,3.950538709166033,-0.05626230199577051
2019-03-20,San Pedro Bay,28.14133121073246,34.209723165258765,-0.10803552344441414,-0.023194067180156708,12.665182039141655,1.2218827,0.0,-3.612891317021808,-0.8317731967848084,,3.707402098437826,-0.053178037602102615
2019-03-21,San Pedro Bay,28.19406719505787,34.21887871809304,-0.09582811966538429,-0.0158696249127388,12.512589484453201,1.1396327,0.0,-2.8833445589371385,-0.1939394552665512,,2.8898595740730184,-0.05009377320843472
2019-03-22,San Pedro Bay,28.298074275255203,34.23108612187207,-0.08301034569740295,-0.006103701889514923,12.207404375076294,1.5662345,0.0,-2.402651534474317,0.2210687784116247,,2.412800406353621,-0.04700950881476682
2019-03-23,San Pedro Bay,28.283425390720367,34.235663898289204,-0.08301034569740295,-0.017700735479593277,12.359996929764748,0.3675728,0.0,-2.9164740699309775,-0.9500299926561757,-0.04392524442109893,3.0673079381643524,-0.04392524442109893
2019-03-24,San Pedro Bay,28.13766898959875,34.24939722754061,-0.08362071588635445,-0.019531846046447754,13.73332992196083,0.21497315,0.0,-3.56739230730398,-1.3597582635109582,,3.8177520099396127,-0.060532010915626794
2019-03-25,San Pedro Bay,28.135471656918526,34.269234258681536,-0.07385479286313057,-0.014648884534835815,13.122959703207016,0.7612558,0.0,-2.6628926328116123,-0.45653806911319206,,2.701744655298121,-0.07713877741015465
2019-03-26,San Pedro Bay,28.19479963928461,34.257026854902506,-0.08484145626425743,-0.01831110566854477,11.749626711010933,0.35558942,0.0,-3.253649889281969,-0.6837436061512122,,3.3247169685519453,-0.09374554390468252
2019-03-27,San Pedro Bay,28.191137418150902,34.25092315301299,-0.08423108607530594,-0.016479995101690292,12.207404375076294,0.34622243,0.0,-3.276333731273538,-0.5704345282233073,,3.325621486229323,-0.1103523103992104
2019-03-28,San Pedro Bay,28.298074275255203,34.26313055679202,-0.08301034569740295,-0.0158696249127388,12.207404375076294,1.0879534,0.0,-2.739517775187627,-0.47967190789547937,-0.12695907689373825,2.781194487948129,-0.12695907689373825
2019-03-29,San Pedro Bay,28.315652936697006,34.281441662460566,-0.07263405248522758,-0.005493331700563431,12.665182039141655,0.7355396,0.0,-2.4980193225980103,0.39123219702842105,,2.528470519516632,-0.11356053195955856
2019-03-30,San Pedro Bay,28.282692946493626,34.29822684265673,-0.07324442267417908,-0.0079348124563694,12.817774593830109,0.28484532,0.0,-2.761543453130527,0.22294506504643202,,2.770528243053413,-0.10016198702537886
2019-03-31,San Pedro Bay,28.26364939659834,34.319589799270034,-0.07202368229627609,-0.014038514345884323,12.665182039141655,0.7277539,0.0,-2.3378231068290356,-0.7518007968923054,,2.455732338230628,-0.08676344209119917
2019-04-01,San Pedro Bay,28.16989653557539,34.330271277576685,-0.0634784996509552,-0.015259254723787308,12.817774593830109,0.5327019,0.0,-2.7219941548317728,-1.3503595296101298,,3.038539622606101,-0.07336489715701947
2019-04-02,San Pedro Bay,28.172826312482357,34.33790090493858,-0.07568590342998505,-0.016479995101690292,12.665182039141655,0.25592443,0.0,-3.1081675195924507,-0.9706354432962172,-0.059966352222839775,3.2562000082354174,-0.059966352222839775
2019-04-03,San Pedro Bay,28.22775962948799,34.3577379360795,-0.07019257172942162,-0.011597033590078354,12.512589484453201,1.0907785,0.0,-2.580361960557796,-0.23260755796007418,,2.5908249889781865,-0.062249794930941495
2019-04-04,San Pedro Bay,28.277565836906433,34.37604904174805,-0.06836146116256714,-0.011597033590078354,12.512589484453201,0.91191137,0.0,-2.674171089375996,-0.25452268362850605,,2.686256281842047,-0.06453323763904321
2019-04-05,San Pedro Bay,28.384502694010735,34.38520459458232,-0.0714133121073246,-0.01037629321217537,11.902219265699387,0.47223967,0.0,-2.9332665109233336,0.1523038234068974,,2.93721788070424,-0.06681668034714494
2019-04-06,San Pedro Bay,28.54271064698696,34.3867305200547,-0.06897183135151863,-0.014038514345884323,11.444441601634026,0.48566234,0.0,-2.2914612335087856,-0.3365960016069969,,2.316050831258119,-0.06910012305524665
2019-04-07,San Pedro Bay,28.62840662151575,34.40046384930611,-0.06469924002885818,-0.014648884534835815,11.749626711010933,0.9204054,16.914501190185547,-2.500096578615077,-0.9682340211241097,,2.6810371168756646,-0.07138356576334838
2019-04-08,San Pedro Bay,28.477523110806942,34.35926386155188,-0.06591998040676117,-0.014648884534835815,11.749626711010933,0.92044157,50.74350357055664,-2.9723018589647596,-0.6065890777662928,,3.03356698460257,-0.07366700847145011
2019-04-09,San Pedro Bay,28.551499977707863,34.36841941438615,-0.07629627361893654,-0.0079348124563694,12.207404375076294,0.1604499,0.0,-3.671677832398496,0.9449039691567811,,3.791313969569753,-0.07595045117955182
2019-04-10,San Pedro Bay,28.670155942440033,34.365367563441396,-0.08301034569740295,-0.007324442267417908,11.749626711010933,0.1739576,0.0,-2.871561354221481,0.7610176484453275,,2.970692254728443,-0.07823389388765355
2019-04-11,San Pedro Bay,28.79100923985243,34.37604904174805,-0.08484145626425743,-0.0024414807558059692,11.749626711010933,0.562435,0.0,-2.8264133504656215,1.19967356424662,,3.0704770131760455,-0.08051733659575526
2019-04-12,San Pedro Bay,28.985106959939003,34.391308296471834,-0.10010071098804474,-0.006103701889514923,11.444441601634026,0.463454,0.0,-3.1973182797724062,0.8632817229290454,-0.08280077930385699,3.3118121195668877,-0.08280077930385699
2019-04-13,San Pedro Bay,29.0166020616889,34.408093476668,-0.09949034079909325,-0.008545182645320892,12.207404375076294,1.3563774,0.0,-3.315975714712019,0.5986453790255386,,3.369580275106755,-0.08566452541072636
2019-04-14,San Pedro Bay,29.081057153642178,34.424878656864166,-0.10132145136594772,-0.012207403779029846,12.05481182038784,0.38612425,0.0,-2.921252572352511,0.13118428645982547,,2.9241966261676278,-0.08852827151759574
2019-04-15,San Pedro Bay,29.191656231880188,34.44624161347747,-0.09155552834272385,-0.0012207403779029846,12.05481182038784,0.5420624,0.0,-2.6496641861538954,0.8851400378745347,,2.7935986086113225,-0.09139201762446511
2019-04-16,San Pedro Bay,29.199713118374348,34.45997494272888,-0.09277626872062683,-0.006103701889514923,12.207404375076294,0.44105384,0.0,-2.8298118656238533,1.1100581267612866,,3.03974739733655,-0.09425576373133447
2019-04-17,San Pedro Bay,29.320566415786743,34.48438975028694,-0.08789330720901489,-0.0024414807558059692,12.05481182038784,1.6726385,0.0,-2.1291628274880345,1.0339496779800272,-0.09711950983820385,2.366936053752159,-0.09711950983820385
2019-04-18,San Pedro Bay,29.38868372887373,34.499649005010724,-0.09094515815377235,0.0,11.902219265699387,1.857768,0.0,-2.8195755408610625,1.0728748996444581,,3.0167974378318907,-0.08725940941943269
2019-04-19,San Pedro Bay,29.40113528072834,34.51948603615165,-0.10742515325546265,-0.0158696249127388,12.359996929764748,0.7448601,0.0,-2.7399431976847906,0.39828395298738595,,2.768739574923292,-0.07739930900066155
2019-04-20,San Pedro Bay,29.537369906902313,34.54237491823733,-0.11963255703449249,-0.0079348124563694,12.05481182038784,0.44985715,0.0,-3.0417270184163265,0.8195970995125057,,3.150213113440611,-0.0675392085818904
2019-04-21,San Pedro Bay,29.484633922576904,34.559160098433495,-0.1275673694908619,-0.015259254723787308,12.665182039141655,0.78497905,6.874542577861575e-06,-3.1625621028116693,0.6930652310796286,,3.2376130819898825,-0.05767910816311925
2019-04-22,San Pedro Bay,29.431165494024754,34.57899712957442,-0.12878810986876488,-0.020142216235399246,12.970367148518562,0.6529174,1.7590495347976685,-3.6918565346015297,0.18073308276012168,-0.0478190077443481,3.6962777383854686,-0.0478190077443481
2019-04-23,San Pedro Bay,29.451673932373524,34.594256384298205,-0.1269569993019104,-0.01892147585749626,12.817774593830109,0.6355668,0.672677218914032,-3.4912029604649994,0.40435101818711533,,3.5145409169717365,-0.04773207164040964
2019-04-24,San Pedro Bay,29.443617045879364,34.606463788077235,-0.1269569993019104,-0.021973326802253723,12.970367148518562,0.46912262,0.2539921998977661,-3.734942565636017,0.29992722877564587,,3.746965747262816,-0.04764513553647119
2019-04-25,San Pedro Bay,29.410657055675983,34.617145266383886,-0.119022186845541,-0.020142216235399246,13.27555225789547,0.40610835,0.2558683753013611,-3.187655729539774,0.13014395040852778,,3.190311348112545,-0.047558199432532734
2019-04-26,San Pedro Bay,29.42164371907711,34.62630081921816,-0.11474959552288055,-0.01831110566854477,12.817774593830109,1.2104049,0.0,-3.0136706504263433,-0.23022925922417295,,3.022452034531574,-0.047471263328594276
2019-04-27,San Pedro Bay,29.471449926495552,34.629352670162916,-0.11291848495602608,-0.02075258642435074,12.512589484453201,1.2944436,0.0,-2.915368143237422,-0.6791806330198611,,2.9934357756385674,-0.047384327224655826
2019-04-28,San Pedro Bay,29.475844591856003,34.620197117328644,-0.11230811476707458,-0.016479995101690292,12.359996929764748,0.20802855,0.0,-2.8808383917649056,-0.1316978442794449,,2.883847111352206,-0.04729739112071737
2019-04-29,San Pedro Bay,29.553483679890633,34.6232489682734,-0.11291848495602608,-0.017090365290641785,12.359996929764748,0.2977378,0.0,-2.642076839318425,-0.20208750991554753,,2.649794215882944,-0.04721045501677891
2019-04-30,San Pedro Bay,29.656025871634483,34.62477489374578,-0.11230811476707458,-0.007324442267417908,12.05481182038784,0.26277903,0.0,-2.3262881258716885,0.6141454389501276,,2.4059906618178837,-0.04712351891284045
2019-05-01,San Pedro Bay,29.877224028110504,34.62630081921816,-0.11658070608973503,0.001831110566854477,11.749626711010933,1.1207925,0.0,-1.6777668929003717,0.7958862246705317,,1.856969743838838,-0.047036582808902
2019-05-02,San Pedro Bay,29.87942136079073,34.62782674469054,-0.1110873743891716,0.0024414807558059692,12.359996929764748,1.4461111,0.0,-1.9456947929725419,1.2022876811505976,-0.046949646704963544,2.2871868956530297,-0.046949646704963544
2019-05-03,San Pedro Bay,29.98123110830784,34.629352670162916,-0.10681478306651115,0.006103701889514923,12.05481182038784,1.0715553,0.0,-1.2991759634166375,1.2348888518992023,,1.7924309360375585,-0.047799592566892556
2019-05-04,San Pedro Bay,30.237586587667465,34.63393044658005,-0.10620441287755966,0.004272591322660446,11.444441601634026,0.7698603,0.0,-0.5134953198760415,0.6957289889297924,,0.8647058861670073,-0.04864953842882157
2019-05-05,San Pedro Bay,30.412640757858753,34.618671191856265,-0.10071108117699623,0.006714072078466415,11.139256492257118,0.7696521,1.786980390548706,-0.10823040259927381,0.6730218274094852,,0.6816686880122952,-0.04949948429075059
2019-05-06,San Pedro Bay,30.67265845835209,34.62630081921816,-0.08911404758691788,0.006714072078466415,10.528886273503304,0.40686694,0.0,0.39323112176533487,0.5676305163134817,,0.6905324888628582,-0.0503494301526796
2019-05-07,San Pedro Bay,30.855037070810795,34.618671191856265,-0.05310220643877983,-0.009765923023223877,10.528886273503304,0.49257982,0.0,0.9666783557489886,-0.047798517705810076,,0.9678593605314983,-0.05119937601460861
2019-05-08,San Pedro Bay,31.08209478110075,34.60493786260486,-0.04150517284870148,-0.03479110077023506,10.528886273503304,0.27995455,7.172603607177734,0.6619401948563635,-0.254008744069145,,0.7090030067849253,-0.05204932187653762
2019-05-09,San Pedro Bay,30.991271696984768,34.3577379360795,-0.04150517284870148,-0.032959990203380585,10.528886273503304,0.5174275,7.172603607177734,0.700979088780043,0.036053785015174165,,0.7019056619808818,-0.052899267738466635
2019-05-10,San Pedro Bay,31.112857438623905,34.35621201060712,-0.03479110077023506,-0.025635547935962677,10.528886273503304,1.348818,0.0,-0.14337064117870235,0.21208015710551642,,0.2559944018721752,-0.053749213600395654
2019-05-11,San Pedro Bay,31.120181880891323,34.43098235875368,-0.07690664380788803,-0.0024414807558059692,10.528886273503304,0.37970608,0.0,-0.5945118026738452,0.29449459295161035,,0.6634541045138237,-0.054599159462324666
2019-05-12,San Pedro Bay,31.15607164800167,34.473708271980286,-0.08178960531949997,0.012817773967981339,10.528886273503304,0.5573371,3.0044326782226562,-1.6853508506202406,0.6603160033802993,-0.05544910532425368,1.810089697779229,-0.05544910532425368
2019-05-13,San Pedro Bay,31.18829919397831,34.5011749304831,-0.08423108607530594,0.004272591322660446,10.986663937568665,0.7769179,0.0,-2.3941471891392463,1.2019778852613094,,2.678934788291907,-0.036472803104653534
2019-05-14,San Pedro Bay,31.170720532536507,34.521011961624026,-0.09460737928748131,-0.0012207403779029846,12.359996929764748,0.27955958,0.0,-2.302183235502455,1.3853136188692272,,2.6868460083252086,-0.017496500885053397
2019-05-15,San Pedro Bay,31.178777419030666,34.52711566351354,-0.11535996571183205,-0.007324442267417908,12.359996929764748,0.8204577,3.0044326782226562,-1.870706268063965,1.0252265096366058,,2.1332208834144355,0.0014798013345467403
2019-05-16,San Pedro Bay,31.234443180263042,34.52864158898592,-0.1110873743891716,-0.003662221133708954,12.05481182038784,1.4073874,0.0,-1.3702616847913875,1.1596241430522858,,1.795089200557198,0.020456103554146884
2019-05-17,San Pedro Bay,31.287911608815193,34.51643418520689,-0.05859553813934326,-0.0006103701889514923,11.902219265699387,0.63545316,0.0,0.33023100431742786,0.744176734361485,,0.8141569432102272,0.03943240577374703
2019-05-18,San Pedro Bay,31.459303557872772,34.498123079538345,-0.039674062281847,-0.0048829615116119385,10.528886273503304,1.4600164,0.0,0.050241853474102205,0.47307151769579575,,0.4757319672835921,0.05840870799334716
2019-05-19,San Pedro Bay,31.631427951157093,34.5011749304831,-0.04943998530507088,-0.02136295661330223,10.528886273503304,1.5444299,0.0,-0.13044029239376884,0.5906972472292992,,0.604928018663414,0.0773850102129473
2019-05-20,San Pedro Bay,31.652668833732605,34.49201937764883,-0.009765923023223877,-0.027466658502817154,10.528886273503304,1.0179248,0.0,0.9504072142717926,0.196151997010529,,0.9704377769187923,0.09636131243254745
2019-05-21,San Pedro Bay,31.82186345010996,34.487441601231694,-0.010986663401126862,-0.03234962001442909,10.528886273503304,0.76380354,10.080527305603027,1.0650102433577873,0.12967092689753162,,1.0728752806078992,0.11533761465214759
2019-05-22,San Pedro Bay,31.660725720226765,34.45997494272888,-0.005493331700563431,-0.0555436871945858,10.528886273503304,1.0818931,10.080527305603027,1.2073720898783928,-0.47319997831783334,,1.2967904930625131,0.13431391687174773
2019-05-23,San Pedro Bay,31.77278968691826,34.365367563441396,-0.04943998530507088,-0.043946653604507446,10.528886273503304,0.3290849,10.080527305603027,0.3528924986608566,-0.08243464182462035,,0.36239286111050273,0.15329021909134788
2019-05-24,San Pedro Bay,31.559648416936398,34.365367563441396,-0.08362071588635445,-0.0079348124563694,10.528886273503304,0.18158843,10.080527305603027,-0.6750719208252794,0.3943776292937964,,0.7818285059871681,0.172266521310948
2019-05-25,San Pedro Bay,31.463698223233223,34.37604904174805,-0.11719107627868652,-0.007324442267417908,10.528886273503304,0.17253928,15.840678215026855,-1.4634304454653648,0.9108992982632326,,1.7237651232959221,0.19124282353054814
2019-05-26,San Pedro Bay,31.336985372006893,34.39893792383373,-0.14038514345884323,-0.02624591812491417,10.528886273503304,0.8246092,0.0,-1.506208459717824,1.2266892860311416,,1.942531989077434,0.21021912575014828
2019-05-27,San Pedro Bay,31.333323150873184,34.41877495497465,-0.12512588873505592,-0.017700735479593277,11.59703415632248,0.77274936,9.035964965820312,-1.9858704579651014,1.372916162846949,,2.414245278762063,0.22919542796974846
2019-05-28,San Pedro Bay,31.312814712524414,34.43403420969844,-0.11291848495602608,-0.007324442267417908,12.512589484453201,0.57940334,0.0,-2.4246681789916376,1.31616435408458,,2.758859254325509,0.24817173018934857
2019-05-29,San Pedro Bay,31.341380037367344,34.45234531536698,-0.10681478306651115,-0.01037629321217537,12.359996929764748,1.0647788,7.745113849639893,-2.3731415433610183,0.6545269349464732,,2.461748625143587,0.2671480324089487
2019-05-30,San Pedro Bay,31.181707195937634,34.449293464422226,-0.09277626872062683,-0.015259254723787308,12.665182039141655,1.035983,13.553947448730469,-2.0766652070163016,0.3353479737295632,,2.1035675994644394,0.28612433462854886
2019-05-31,San Pedro Bay,31.06598100811243,34.44318976253271,-0.08301034569740295,-0.0079348124563694,12.665182039141655,1.1563444,0.0,-2.48697433102817,0.8285504083726903,,2.6213616885900284,0.305100636848149
2019-06-01,San Pedro Bay,31.031556129455566,34.44776753894985,-0.09155552834272385,-0.011597033590078354,12.512589484453201,0.6948283,0.0,-2.951535199839466,0.6998377366605694,0.32407693906774915,3.0333698906571853,0.32407693906774915
2019-06-02,San Pedro Bay,30.945860154926777,34.44318976253271,-0.07812738418579102,-0.009765923023223877,12.665182039141655,0.28536656,12.167746543884277,-2.4714381506414766,0.6187210053874607,,2.5477092092611024,0.2676727868677177
2019-06-03,San Pedro Bay,30.90191350132227,34.424878656864166,-0.07690664380788803,-0.006714072078466415,12.359996929764748,0.2704574,12.167746543884277,-2.2323131801292706,0.47927549552645893,,2.283183552584196,0.21126863466768633
2019-06-04,San Pedro Bay,30.83306374400854,34.39741199836135,-0.07446516305208206,-0.006103701889514923,12.512589484453201,0.26254833,24.335493087768555,-2.3938584917941252,0.540249160618425,,2.454063494346419,0.15486448246765494
2019-06-05,San Pedro Bay,30.62797936052084,34.365367563441396,-0.06775109097361565,-0.010986663401126862,12.817774593830109,0.25597337,24.335493087768555,-2.3872255978817036,0.5618528425950106,,2.452452786887803,0.09846033026762352
2019-06-06,San Pedro Bay,30.586230039596558,34.366893488913774,-0.07080294191837311,-0.0024414807558059692,12.665182039141655,0.29986724,16.455642700195312,-2.8105770709206865,0.9957516753789613,0.042056178067592105,2.9817553337933536,0.042056178067592105
2019-06-07,San Pedro Bay,30.64409313350916,34.365367563441396,-0.06897183135151863,-0.0012207403779029846,12.207404375076294,0.3341823,0.0,-2.29146192777914,0.7105213051339999,,2.39909113864201,0.021365783829160455
2019-06-08,San Pedro Bay,30.66020690649748,34.35010830871761,-0.07324442267417908,-0.0012207403779029846,12.207404375076294,0.7963612,41.13911056518555,-2.4649274174097604,0.43972835606933075,,2.5038426867975927,0.0006753895907288046
2019-06-09,San Pedro Bay,30.586230039596558,34.32416757568717,-0.05310220643877983,0.006103701889514923,12.359996929764748,0.7950599,24.6834659576416,-1.2326645615227345,1.0656031277552531,,1.62940846539958,-0.020015004647702846
2019-06-10,San Pedro Bay,30.8411206305027,34.29822684265673,0.0024414807558059692,0.016479995101690292,10.986663937568665,1.3718187,0.0,-0.12008405314414612,0.9679740269347227,,0.9753942262694348,-0.040705398886134496
2019-06-11,San Pedro Bay,30.993469029664993,34.316537948325276,-0.0079348124563694,0.023194067180156708,10.528886273503304,0.9758116,0.20114943385124207,-0.25238647021334004,1.124746533590987,-0.061395793124566146,1.1527157911522208,-0.061395793124566146
2019-06-12,San Pedro Bay,31.097476109862328,34.29670091718435,-0.054322946816682816,0.01831110566854477,10.986663937568665,0.36343747,0.5930235981941223,-1.0588205579937957,1.6215789309084219,,1.9366515440823096,-0.050019916113898985
2019-06-13,San Pedro Bay,31.32746359705925,34.26770833320916,-0.05493331700563431,0.003662221133708954,10.528886273503304,0.36838257,1.1203404664993286,-0.31334763639407,0.7484649126636594,,0.8114101716902307,-0.03864403910323182
2019-06-14,San Pedro Bay,31.17145297676325,34.29212314076722,-0.0317392498254776,0.012817773967981339,10.528886273503304,0.9400224,0.5094290971755981,0.15833996940080725,1.1580695817783042,,1.168844173596303,-0.027268162092564656
2019-06-15,San Pedro Bay,31.40510268509388,34.25550092943013,-0.036011841148138046,0.0006103701889514923,10.528886273503304,1.0519276,0.7145287394523621,-0.44713746453683206,0.9702625308291661,,1.0683357575797252,-0.015892285081897495
2019-06-16,San Pedro Bay,31.271797835826874,34.232612047344446,-0.06530961021780968,0.008545182645320892,10.528886273503304,0.34871504,0.0,-0.5352722105817912,1.1540898199278484,-0.004516408071230333,1.2721790958360426,-0.004516408071230333
2019-06-17,San Pedro Bay,31.18024230748415,34.26160463131964,-0.07751701399683952,-0.005493331700563431,11.59703415632248,0.87335086,0.0,-2.270555955896758,0.8743387745092923,,2.4330829499769737,-0.010373034819099418
2019-06-18,San Pedro Bay,31.2249214053154,34.282967587932944,-0.079348124563694,-0.003662221133708954,12.207404375076294,0.70716745,0.0,-2.07141171629772,0.6598564386130945,,2.1739726350611277,-0.016229661566968503
2019-06-19,San Pedro Bay,31.218329407274723,34.28449351340532,-0.07263405248522758,0.0012207403779029846,12.359996929764748,0.21547595,0.0,-2.1587602473922227,1.056361701040207,,2.403361364661064,-0.02208628831483759
2019-06-20,San Pedro Bay,31.27912227809429,34.29670091718435,-0.07385479286313057,0.0048829615116119385,11.902219265699387,0.28037053,0.0,-1.139157863490368,1.2903118269341984,,1.7212162120658197,-0.027942915062706675
2019-06-21,San Pedro Bay,31.34723959118128,34.29670091718435,-0.06958220154047012,0.0024414807558059692,11.444441601634026,1.4408246,0.0,-0.6323434707305078,0.845248726166055,-0.03379954181057576,1.055605832714486,-0.03379954181057576
2019-06-22,San Pedro Bay,31.449049338698387,34.29670091718435,-0.07812738418579102,-0.012817773967981339,10.528886273503304,0.2022348,0.0,-0.1049565649307345,0.34483260749641553,,0.36045167181584337,-0.037820331662757244
2019-06-23,San Pedro Bay,31.13116854429245,34.28907128982246,-0.01892147585749626,-0.04821924492716789,10.528886273503304,0.20225663,6.087045192718506,1.7809368222981499,-0.3793760285297603,,1.8208959706804904,-0.041841121514938726
2019-06-24,San Pedro Bay,30.81255530565977,34.281441662460566,-0.006714072078466415,-0.036011841148138046,10.528886273503304,0.6092283,12.174090385437012,1.6983207767314012,0.13101360521392952,,1.7033666738047628,-0.045861911367120214
2019-06-25,San Pedro Bay,30.765678875148296,34.2646564822644,0.011597033590078354,-0.036011841148138046,10.528886273503304,0.6238609,6.087045192718506,1.1758544873114387,0.1929277852952334,,1.1915766469973175,-0.049882701219301696
2019-06-26,San Pedro Bay,30.674123346805573,34.20361946336925,0.019531846046447754,-0.016479995101690292,10.528886273503304,0.5632808,8.61920166015625,0.7967190643013435,0.5580481458116078,-0.05390349107148318,0.9727173281405971,-0.05390349107148318
2019-06-27,San Pedro Bay,30.61552780866623,34.173100953921676,0.04211554303765297,-0.010986663401126862,10.528886273503304,0.5030372,4.309600830078125,1.0593355539990021,0.9626901673200046,,1.4314203345701748,-0.052569237579547554
2019-06-28,San Pedro Bay,30.441938526928425,34.21582686714828,0.05371257662773132,0.0,10.528886273503304,0.61088765,8.61920166015625,1.5913562343897305,0.8966071237056525,,1.826559333558805,-0.05123498408761192
2019-06-29,San Pedro Bay,30.5869624838233,34.24939722754061,0.01037629321217537,-0.001831110566854477,10.528886273503304,0.6286509,12.928802490234375,0.8985607433464364,0.7512943022013803,,1.171261942523345,-0.0499007305956763
2019-06-30,San Pedro Bay,30.46830651909113,34.2646564822644,0.03357036039233208,0.012817773967981339,12.05481182038784,0.7546416,12.928802490234375,0.5081805934005325,1.6228142284906435,,1.7005215481435687,-0.048566477103740666
2019-07-01,San Pedro Bay,30.54155094176531,34.269234258681536,-0.014038514345884323,0.014038514345884323,11.902219265699387,0.95164263,5.853618144989014,-0.7576362883478565,1.4548561018629178,,1.6403106481850567,-0.04723222361180504
2019-07-02,San Pedro Bay,30.64043091237545,34.25244907848537,-0.03357036039233208,0.006714072078466415,11.749626711010933,0.94278276,3.3449251651763916,-0.9881376194096505,0.8759831152449258,,1.3205159495768222,-0.045897970119869416
2019-07-03,San Pedro Bay,30.598681591451168,34.269234258681536,-0.059816278517246246,-0.006714072078466415,11.749626711010933,0.9411325,2.926809072494507,-1.464716926411498,0.5709641732493098,,1.572067352771698,-0.044563716627933785
2019-07-04,San Pedro Bay,30.597216702997684,34.24787130206823,-0.04577776417136192,0.008545182645320892,11.749626711010933,0.53769785,2.926809072494507,-1.2799135942444586,0.9913524131015702,,1.6189374341505833,-0.04322946313599816
2019-07-05,San Pedro Bay,30.70635089278221,34.258552780374885,-0.043946653604507446,0.01892147585749626,11.749626711010933,1.4118214,0.0,-0.9507961038232869,1.4216386364172515,,1.710283498020093,-0.04189520964406253
2019-07-06,San Pedro Bay,30.753959767520428,34.23871574923396,-0.04821924492716789,0.005493331700563431,10.528886273503304,1.0357802,3.572592258453369,-0.28197777496283327,1.079430833250665,-0.040560956152126904,1.115653346405242,-0.040560956152126904
2019-07-07,San Pedro Bay,31.022034354507923,34.22803427092731,-0.05249183624982834,-0.03662221133708954,10.528886273503304,0.5441765,0.0,0.41840400129874444,0.5630203673157268,,0.7014654961686538,-0.06246451723788179
2019-07-08,San Pedro Bay,31.17218542098999,34.13190096616745,-0.08789330720901489,-0.0714133121073246,10.528886273503304,0.99606705,3.1260180473327637,0.3369073513462272,0.2668988052223904,,0.4298156995972456,-0.08436807832363667
2019-07-09,San Pedro Bay,31.116519659757614,34.06170839443803,-0.10864589363336563,-0.05310220643877983,10.528886273503304,0.5155642,3.1260180473327637,0.17410735015293105,0.31448692747737983,,0.3594654321787258,-0.10627163940939155
2019-07-10,San Pedro Bay,31.156804092228413,34.101382456719875,-0.12268440797924995,-0.043946653604507446,10.528886273503304,0.5007994,3.1260180473327637,-0.10602655226966863,0.3798929091060119,,0.39441127288050654,-0.12817520049514644
2019-07-11,San Pedro Bay,31.203680522739887,34.138004668056965,-0.14954069629311562,-0.029908139258623123,10.528886273503304,0.59497505,5.644174098968506,-0.8092307446689683,0.28446978728923905,-0.15007876158090133,0.8577747128459068,-0.15007876158090133
2019-07-12,San Pedro Bay,30.936338379979134,34.14410836994648,-0.11474959552288055,-0.02929776906967163,10.528886273503304,1.0926967,5.644174098968506,-0.9405866295653893,-0.0066685345214094905,,0.9406102684267497,-0.15477630920396354
2019-07-13,San Pedro Bay,30.781792648136616,33.89233066700399,0.02136295661330223,-0.05798516795039177,10.528886273503304,1.0926394,16.93252182006836,1.5984301554761164,-0.46060040625714893,,1.6634697761545452,-0.15947385682702575
2019-07-14,San Pedro Bay,30.55107271671295,34.13495281711221,0.039674062281847,-0.03357036039233208,10.528886273503304,0.8373687,16.93252182006836,2.2258317962183267,-0.12931193257887733,,2.229584885346101,-0.16417140445008796
2019-07-15,San Pedro Bay,30.248573251068592,34.18073058128357,0.0555436871945858,0.014648884534835815,12.970367148518562,0.86281294,16.93252182006836,3.3346380408816536,0.3174921403745049,,3.3497182154465794,-0.16886895207315017
2019-07-16,San Pedro Bay,29.972441777586937,34.19598983600736,0.05615405738353729,0.03784295171499252,14.343700140714645,1.7982455,14.849361419677734,2.9812129467352717,2.9514395423942594,,4.195071633022544,-0.17356649969621235
2019-07-17,San Pedro Bay,29.918240904808044,34.197515761479735,0.030518509447574615,0.0238044373691082,13.580737367272377,2.3601782,0.0,0.8646416081854172,3.4211410684880543,,3.5287124168882125,-0.1782640473192746
2019-07-18,San Pedro Bay,30.110141292214394,34.185308357700706,-0.031128879636526108,0.014648884534835815,12.207404375076294,2.4066315,0.0,-1.0488019810977287,2.2537601513691765,,2.4858440046499566,-0.18296159494233677
2019-07-19,San Pedro Bay,30.564256712794304,34.17615280486643,-0.0555436871945858,0.01342814415693283,10.83407138288021,1.3518074,0.0,-0.5156961191299777,0.9215522015739794,,1.0560307512149296,-0.18765914256539898
2019-07-20,San Pedro Bay,30.65288246423006,34.15478984825313,-0.06164738908410072,-0.0006103701889514923,10.528886273503304,1.3983399,0.0,-0.465840900344591,0.32332162544722437,,0.567049043659977,-0.1923566901884612
2019-07-21,San Pedro Bay,30.841853074729443,34.04797506518662,-0.05493331700563431,-0.02868739888072014,10.528886273503304,0.8063349,4.332618713378906,-0.061282233423220034,0.2059452933060017,-0.1970542378115234,0.21486967205316132,-0.1970542378115234
2019-07-22,San Pedro Bay,30.68071534484625,34.02508618310094,0.006103701889514923,-0.05737479776144028,10.528886273503304,0.5582581,0.0,1.5519459041840782,-0.24671509581864684,,1.5714338764385027,-0.19221355824612116
2019-07-23,San Pedro Bay,30.68144778907299,34.04797506518662,-0.05005035549402237,-0.05310220643877983,10.528886273503304,0.31295782,17.330474853515625,1.0021080842230665,0.4627806154953201,,1.103805467708623,-0.18737287868071892
2019-07-24,San Pedro Bay,30.534958943724632,34.08459727652371,-0.06714072078466415,-0.030518509447574615,10.528886273503304,0.75167906,0.0,1.2989431583721107,0.6871740628065702,,1.469510640068932,-0.1825321991153167
2019-07-25,San Pedro Bay,30.600878924131393,34.10901208408177,-0.03357036039233208,-0.046388134360313416,10.528886273503304,0.5861796,0.0,1.7200536196717713,0.5037516228165309,,1.7923030301922303,-0.17769151954991447
2019-07-26,San Pedro Bay,30.65215002000332,34.174626879394054,-0.023194067180156708,-0.04455702379345894,10.528886273503304,1.1701223,10.757746696472168,1.8390339212754256,0.017619383430645178,-0.17285083998451223,1.8391183230760724,-0.17285083998451223
2019-07-27,San Pedro Bay,30.496139399707317,34.1715750284493,-0.02624591812491417,-0.03357036039233208,10.528886273503304,1.1697105,17.92957878112793,1.0435229155612913,0.18045864465876332,,1.0590115191694638,-0.16618150335879073
2019-07-28,San Pedro Bay,30.32474745064974,34.17004910297692,-0.02624591812491417,-0.0012207403779029846,12.05481182038784,1.1606971,10.757746696472168,1.0738701502355776,0.6494069185009997,,1.2549607345905076,-0.15951216673306923
2019-07-29,San Pedro Bay,30.363566994667053,34.17004910297692,-0.0030518509447574615,0.0048829615116119385,12.359996929764748,0.6246454,8.196378707885742,1.3095109425314897,0.1515812597272254,,1.3182548262419536,-0.15284283010734773
2019-07-30,San Pedro Bay,30.41483809053898,34.18073058128357,0.010986663401126862,-0.0079348124563694,12.512589484453201,0.6010306,3.5859158039093018,2.2189050534599097,-0.30404685547718335,,2.2396392849285993,-0.1461734934816262
2019-07-31,San Pedro Bay,30.279335908591747,34.18836020864546,0.003662221133708954,0.009765923023223877,13.27555225789547,0.46987027,3.5859158039093018,2.0085446290586466,0.4052725473660745,,2.0490235148892078,-0.1395041568559047
2019-08-01,San Pedro Bay,30.299844346940517,34.18988613411784,0.01892147585749626,0.010986663401126862,12.665182039141655,0.48255166,7.044898986816406,2.4925366453527897,0.21550141022579428,,2.5018352835939948,-0.1328348202301832
2019-08-02,San Pedro Bay,30.083040855824947,34.17767873033881,0.017090365290641785,0.017700735479593277,14.343700140714645,1.1128219,14.089797973632812,2.532554590083865,0.5027912195111452,,2.581982138236506,-0.1261654836044617
2019-08-03,San Pedro Bay,29.929960012435913,34.16852317750454,0.031128879636526108,0.021973326802253723,13.885922476649284,1.1475499,1.7612247467041016,3.157668345321432,1.4399604124378327,,3.470497855990279,-0.1194961469787402
2019-08-04,San Pedro Bay,29.775414280593395,34.16852317750454,0.03479110077023506,0.02685628831386566,14.343700140714645,1.1494545,1.7612247467041016,2.8536429749757963,2.185196937050312,,3.5942125538597156,-0.11282681035301868
2019-08-05,San Pedro Bay,29.74025695770979,34.1715750284493,0.05249183624982834,0.029908139258623123,13.580737367272377,1.4966292,1.7612247467041016,3.5096183520167457,2.2060375187411054,,4.14536156576313,-0.10615747372729718
2019-08-06,San Pedro Bay,29.689718306064606,34.174626879394054,0.05615405738353729,0.03418073058128357,13.885922476649284,1.4746499,3.285207748413086,3.8475511922166157,2.7919855792282893,,4.753823056377491,-0.09948813710157568
2019-08-07,San Pedro Bay,29.697775192558765,34.186834283173084,0.05310220643877983,0.03784295171499252,13.428144812583923,0.7965668,3.285207748413086,2.9221828001383496,3.5459350632613806,,4.5948675487211705,-0.09281880047585417
2019-08-08,San Pedro Bay,29.735129848122597,34.19598983600736,0.04211554303765297,0.0317392498254776,13.27555225789547,0.8195906,3.285207748413086,2.3274477690811612,3.8302350286000837,,4.48193189284665,-0.08614946385013267
2019-08-09,San Pedro Bay,29.81862848997116,34.20667131431401,0.024414807558059692,0.023194067180156708,12.970367148518562,0.8494494,0.0,1.8102557115803037,2.6834739977117006,,3.2369829220593562,-0.07948012722441117
2019-08-10,San Pedro Bay,30.069856859743595,34.21582686714828,0.020142216235399246,0.024414807558059692,12.207404375076294,2.6133063,0.0,1.7505872546935666,1.650439579270993,-0.07281079059868965,2.405931532924362,-0.07281079059868965
2019-08-11,San Pedro Bay,30.330607004463673,34.223456494510174,0.0238044373691082,0.01892147585749626,11.749626711010933,0.993768,0.0,1.9516670308655342,0.980732813758782,,2.184225503777187,-0.07640011097870948
2019-08-12,San Pedro Bay,30.3415936678648,34.22498241998255,0.04150517284870148,0.017090365290641785,12.05481182038784,0.7310528,0.0,2.206973180398853,1.0843207135769903,,2.4589595419388135,-0.07998943135872931
2019-08-13,San Pedro Bay,30.400921650230885,34.22803427092731,0.04943998530507088,0.022583696991205215,12.207404375076294,0.78656507,0.0,2.044965671603984,1.1910984041327808,,2.366558684327602,-0.08357875173874914
2019-08-14,San Pedro Bay,30.637501135468483,34.23871574923396,0.0158696249127388,0.01892147585749626,11.139256492257118,1.0659314,0.0,1.0199916656226211,1.1886292599125317,,1.5662766407821518,-0.08716807211876897
2019-08-15,San Pedro Bay,30.74736776947975,34.24176760017872,-0.004272591322660446,0.0030518509447574615,11.139256492257118,0.69994867,0.0,1.0513991363412205,1.018856980870264,,1.4640729802052677,-0.0907573924987888
2019-08-16,San Pedro Bay,30.973693035542965,34.24176760017872,-0.043946653604507446,-0.01037629321217537,10.528886273503304,0.49370357,0.0,0.8550525593026538,0.5035855024016783,,0.9923271826364373,-0.09434671287880864
2019-08-17,San Pedro Bay,31.187566749751568,34.22956019639969,-0.04028443247079849,-0.04028443247079849,10.528886273503304,0.34836003,0.0,1.1270240775101454,0.15963798324369713,,1.13827393758344,-0.09793603325882846
2019-08-18,San Pedro Bay,31.15167698264122,34.234137972816825,-0.03479110077023506,-0.039674062281847,10.528886273503304,0.7586221,3.183986186981201,1.6124662098264653,0.04590749787971652,,1.6131195790125734,-0.10152535363884829
2019-08-19,San Pedro Bay,31.063051231205463,34.24176760017872,-0.025025177747011185,-0.035401470959186554,10.986663937568665,0.30266413,0.0,1.39381781154314,-0.09854376916104075,,1.3972970214723042,-0.10511467401886812
2019-08-20,San Pedro Bay,30.75542465597391,34.220404643565416,-0.0079348124563694,-0.004272591322660446,12.512589484453201,0.2931196,15.919931411743164,2.3336188333209313,0.13040672732438544,,2.337259671872512,-0.10870399439888795
2019-08-21,San Pedro Bay,30.364299438893795,34.17767873033881,0.0024414807558059692,0.015259254723787308,14.191107586026192,0.2931196,14.154730796813965,3.4548636961396992,0.3020239288865814,,3.468040024642759,-0.11229331477890778
2019-08-22,San Pedro Bay,30.054475530982018,34.16699725203216,0.017090365290641785,0.027466658502817154,14.343700140714645,0.31481242,14.154730796813965,2.930575451445711,1.3132572566936316,,3.2113730862163488,-0.1158826351589276
2019-08-23,San Pedro Bay,29.951933339238167,34.1715750284493,0.019531846046447754,0.019531846046447754,13.885922476649284,0.27039507,2.022104501724243,2.034344662861427,1.6648761088646478,,2.6287583885136847,-0.11947195553894743
2019-08-24,San Pedro Bay,30.21854303777218,34.18073058128357,-0.006714072078466415,0.027466658502817154,12.05481182038784,0.44255722,0.0,0.35495403405254,0.9560176044499229,,1.0197852844144892,-0.12306127591896726
2019-08-25,San Pedro Bay,30.523972280323505,34.1639454010874,-0.0158696249127388,-0.021973326802253723,11.291849046945572,0.39840603,2.022104501724243,1.0731786884166632,-0.587259234517716,-0.1266505962989871,1.2233502792732927,-0.1266505962989871
2019-08-26,San Pedro Bay,30.01492354273796,34.1425824444741,0.015259254723787308,0.014648884534835815,14.343700140714645,0.38983926,25.006847381591797,3.6125894196973483,-0.7102269227555733,,3.6817420601009077,-0.12856298341179526
2019-08-27,San Pedro Bay,29.76882228255272,34.0998565312475,0.029908139258623123,0.03234962001442909,14.343700140714645,0.5469744,8.335615158081055,2.106094854802863,1.9809468220903335,,2.8913294259521662,-0.13047537052460345
2019-08-28,San Pedro Bay,29.829615153372288,34.0998565312475,0.02075258642435074,0.02685628831386566,12.512589484453201,0.6730044,0.0,0.6724534262425933,1.8492208423263328,,1.9676918798835135,-0.13238775763741162
2019-08-29,San Pedro Bay,30.03543198108673,34.078493574634194,0.0158696249127388,0.017090365290641785,11.749626711010933,0.673806,8.335615158081055,1.2519219595120044,0.32149686141632783,,1.292543548438089,-0.1343001447502198
2019-08-30,San Pedro Bay,30.16214483231306,34.090700978413224,-0.0006103701889514923,-0.02075258642435074,11.444441601634026,0.52767843,8.335615158081055,1.7672368424863598,-0.7502260321109876,,1.919886756217188,-0.13621253186302798
2019-08-31,San Pedro Bay,29.91238135099411,34.06323431991041,0.0012207403779029846,-0.012207403779029846,12.512589484453201,0.57927,16.67123031616211,1.240310994858252,-0.8657270661805101,,1.5125656075303908,-0.13812491897583618
2019-09-01,San Pedro Bay,30.06765952706337,34.05102691613138,0.020142216235399246,0.004272591322660446,11.749626711010933,0.45149374,18.285749435424805,1.126530158597907,0.17913764053184045,,1.140684221196182,-0.14003730608864434
2019-09-02,San Pedro Bay,29.78933072090149,34.054078767076135,-0.0006103701889514923,0.014648884534835815,14.343700140714645,0.51033795,0.0,0.8699258999742729,1.2126315878798566,,1.4923962072352204,-0.14194969320145254
2019-09-03,San Pedro Bay,29.828882709145546,34.05865654349327,-0.021973326802253723,0.009155552834272385,12.817774593830109,0.7413208,0.0,0.1807725599281235,0.8867847170527546,,0.9050225703380558,-0.1438620803142607
2019-09-04,San Pedro Bay,30.113803513348103,34.06323431991041,-0.022583696991205215,0.008545182645320892,11.444441601634026,0.3194908,5.2245001792907715,0.2523846349950516,0.48830760477457524,,0.5496747409716661,-0.1457744674270689
2019-09-05,San Pedro Bay,30.200231932103634,34.0708639472723,0.011597033590078354,0.0012207403779029846,11.902219265699387,0.30138302,0.0,1.3235483405147772,0.5916801616761674,,1.4497812329453559,-0.14768685453987707
2019-09-06,San Pedro Bay,30.255165249109268,34.076967649161816,0.021973326802253723,0.009155552834272385,11.749626711010933,0.31394356,0.0,1.5281849969845827,0.6465040861324679,,1.6593121823197545,-0.14959924165268526
2019-09-07,San Pedro Bay,30.252967916429043,34.078493574634194,0.031128879636526108,0.011597033590078354,12.207404375076294,0.31418675,0.0,1.6665672246916692,0.5806037517752629,,1.7648079303402973,-0.15151162876549343
2019-09-08,San Pedro Bay,30.33426922559738,34.08154542557895,0.025025177747011185,0.006714072078466415,12.207404375076294,1.0545418,3.1195144653320312,1.8930593147381414,0.460614579396103,,1.9482913950097633,-0.15342401587830162
2019-09-09,San Pedro Bay,30.39872431755066,34.089175052940845,0.012207403779029846,-0.007324442267417908,11.902219265699387,1.0545418,0.0,1.8726361639350135,-0.062273528277617396,,1.873671314505665,-0.1553364029911098
2019-09-10,San Pedro Bay,30.148228392004967,34.089175052940845,0.01831110566854477,0.006103701889514923,13.27555225789547,1.0529157,3.1195144653320312,3.3588998203238436,-0.5690553523553223,,3.406762685749594,-0.15724879010391798
2019-09-11,San Pedro Bay,29.792992942035198,34.03576766140759,0.051271095871925354,0.03479110077023506,14.343700140714645,1.0523089,13.453113555908203,4.870407054342018,-0.8041398239353651,,4.936345382104386,-0.15916117721672615
2019-09-12,San Pedro Bay,29.501480139791965,33.99609359912574,0.0634784996509552,0.03662221133708954,14.496292695403099,0.48355094,6.726556777954102,3.1963291087366272,0.8208428265456452,,3.3000458659310365,-0.16107356432953435
2019-09-13,San Pedro Bay,29.448011711239815,33.99151582270861,0.06286812946200371,0.032959990203380585,12.970367148518562,0.41744292,6.726556777954102,2.4761964899158238,1.992001007057846,,3.177989469584649,-0.1629859514423425
2019-09-14,San Pedro Bay,29.465590372681618,34.018982481211424,0.056764427572488785,0.031128879636526108,13.27555225789547,0.38647813,0.0,2.860913747793414,1.8448598710849073,,3.4041644226230874,-0.16489833855515068
2019-09-15,San Pedro Bay,29.52418591082096,34.04492321424186,0.0555436871945858,0.02929776906967163,12.970367148518562,0.38344347,0.0,2.5733662628086917,1.3895473876878341,,2.9245607986827795,-0.16681072566795888
2019-09-16,San Pedro Bay,29.628192991018295,34.0708639472723,0.05798516795039177,0.030518509447574615,12.512589484453201,0.37664267,0.0,2.179684912781817,1.6510542705285012,,2.7344115497194417,-0.16872311278076707
2019-09-17,San Pedro Bay,29.762230284512043,34.090700978413224,0.04211554303765297,0.027466658502817154,12.359996929764748,0.39876774,5.2004780769348145,1.456221507182855,1.7719299735292806,,2.2935380766565405,-0.17063549989357524
2019-09-18,San Pedro Bay,29.897000022232533,34.10596023313701,0.02624591812491417,0.025635547935962677,12.359996929764748,0.3640226,0.0,1.3585815137960684,1.81041979727362,,2.2634848291933993,-0.1725478870063834
2019-09-19,San Pedro Bay,30.036164425313473,34.11969356238842,0.028077028691768646,0.02075258642435074,12.207404375076294,0.6352797,0.0,1.6844762024859563,1.5341688919891643,,2.278406080111438,-0.1744602741191916
2019-09-20,San Pedro Bay,30.021515540778637,34.127323189750314,-0.005493331700563431,0.01342814415693283,12.512589484453201,0.8416731,0.0,0.9026403525024229,1.4175785486252392,,1.6805619737124062,-0.1763726612319998
2019-09-21,San Pedro Bay,30.315225675702095,34.139530593529344,-0.022583696991205215,0.01831110566854477,11.139256492257118,0.9764609,0.0,0.7382116101105346,0.8853692307646872,,1.1527510815812936,-0.17828504834480796
2019-09-22,San Pedro Bay,30.630909137427807,34.13037504069507,-0.07873775437474251,-0.004272591322660446,10.528886273503304,1.6207062,0.0,-0.2986689884067806,0.26933851494869027,,0.40217707576476247,-0.18019743545761613
2019-09-23,San Pedro Bay,30.612598031759262,34.14105651900172,-0.08972441777586937,-0.001831110566854477,11.291849046945572,0.51135296,0.0,-1.394140399412664,0.5521768871715778,,1.4995088422550218,-0.18210982257042432
2019-09-24,San Pedro Bay,30.75542465597391,34.15326392278075,-0.079348124563694,-0.009155552834272385,11.139256492257118,1.2211659,0.0,-0.9063780650894203,-0.3098243698472811,,0.9578686428871688,-0.1840222096832325
2019-09-25,San Pedro Bay,30.91802727431059,34.162419475615025,-0.08972441777586937,-0.03784295171499252,10.528886273503304,0.23289867,0.0,-0.7167319643851962,-0.5136384363876794,,0.8817761349153437,-0.18593459679604069
2019-09-26,San Pedro Bay,31.169988088309765,34.15784169919789,-0.08667256683111191,-0.04211554303765297,10.528886273503304,1.516054,0.0,-0.11770461822899854,-0.04163151780093171,,0.12485015188954954,-0.18784698390884885
2019-09-27,San Pedro Bay,31.354564033448696,34.162419475615025,-0.062257759273052216,-0.06775109097361565,10.528886273503304,0.66963845,0.0,0.42544648043958866,-0.38496942837211945,,0.5737649069955305,-0.18975937102165702
2019-09-28,San Pedro Bay,31.126041434705257,34.138004668056965,-0.04211554303765297,-0.05615405738353729,10.528886273503304,0.44745934,6.042166233062744,1.0648392574606658,0.2101746732268525,,1.0853828990247618,-0.19167175813446521
2019-09-29,San Pedro Bay,31.09820855408907,34.15631577372551,-0.038453321903944016,-0.0012207403779029846,10.528886273503304,0.36429027,0.0,0.13740538792844184,1.2883944627314785,,1.2957007880791387,-0.1935841452472734
2019-09-30,San Pedro Bay,30.99200414121151,34.174626879394054,-0.08178960531949997,0.0024414807558059692,10.528886273503304,0.46273163,0.0,-0.8514148104040029,1.2381692937260647,,1.5026544444087557,-0.19549653236008158
2019-10-01,San Pedro Bay,31.1758476421237,34.14563429541886,-0.12207403779029846,-0.012817773967981339,10.528886273503304,1.5108273,0.0,-0.834675636976174,0.7417642168512693,,1.1166456789700834,-0.19740891947288974
2019-10-02,San Pedro Bay,31.158268980681896,34.10748615860939,-0.07995849475264549,-0.008545182645320892,10.986663937568665,0.2408681,6.670130729675293,0.0688990226557132,-0.008288370077874821,,0.0693957664519983,-0.19932130658569794
2019-10-03,San Pedro Bay,31.141422763466835,34.12884911522269,-0.04150517284870148,-0.025635547935962677,12.05481182038784,0.22659788,10.005196571350098,0.8113614684959557,-0.7613874138945089,,1.1126626742175196,-0.20123369369850613
2019-10-04,San Pedro Bay,31.05279701203108,34.113589860498905,-0.0079348124563694,-0.017090365290641785,11.902219265699387,0.58056825,6.670130729675293,0.9211784140212116,-0.2573481438467697,-0.2031460808113143,0.9564505933920541,-0.2031460808113143
2019-10-05,San Pedro Bay,31.15607164800167,34.08307135105133,-0.046388134360313416,-0.0079348124563694,11.59703415632248,0.3689153,6.670130729675293,-0.1911565190838287,-0.1680549269157085,,0.25452558466466646,-0.18683888278483232
2019-10-06,San Pedro Bay,31.07843255996704,34.09527875483036,-0.10803552344441414,-0.017700735479593277,12.207404375076294,1.2438338,0.0,-1.782138788713526,-0.5645152697761183,,1.869410642969521,-0.17053168475835034
2019-10-07,San Pedro Bay,31.116519659757614,34.08764912746847,-0.10193182155489922,-0.025635547935962677,12.05481182038784,0.19744214,0.0,-0.44787025716938134,-1.0890828614930015,,1.1775777029371572,-0.15422448673186837
2019-10-08,San Pedro Bay,31.214667186141014,34.08154542557895,-0.0555436871945858,-0.027466658502817154,11.902219265699387,0.77407265,0.0,0.5193529173872932,-0.8431531234216718,,0.990269984567044,-0.1379172887053864
2019-10-09,San Pedro Bay,31.047669902443886,34.049500990659,-0.048829615116119385,-0.031128879636526108,11.59703415632248,0.61142087,0.0,0.5542253599994919,-0.6761892856102969,,0.8742984042309182,-0.12161009067890441
2019-10-10,San Pedro Bay,30.991271696984768,34.03729358687997,-0.05615405738353729,-0.0238044373691082,12.359996929764748,0.6675282,24.965755462646484,1.2990333063964523,-0.5547982763711944,,1.4125468695203522,-0.10530289265242243
2019-10-11,San Pedro Bay,30.97515792399645,34.02661210857332,-0.06408886983990669,-0.0238044373691082,12.359996929764748,1.0981234,0.0,1.1076326725838068,-0.6532145551485969,,1.2859002264690391,-0.08899569462594045
2019-10-12,San Pedro Bay,31.04181034862995,34.01287877932191,-0.0872829370200634,-0.028077028691768646,12.207404375076294,0.33476657,0.0,0.17321649959793356,-0.6295257536526019,,0.6529216111026173,-0.07268849659945847
2019-10-13,San Pedro Bay,31.10260321944952,33.980834344401956,-0.1434369944036007,-0.020142216235399246,11.902219265699387,1.0186671,0.0,-0.5251013682183703,-0.09409823822054583,,0.5334659551845976,-0.056381298572976496
2019-10-14,San Pedro Bay,31.107730329036713,33.94268620759249,-0.1428266242146492,-0.022583696991205215,12.207404375076294,1.0246062,17.736927032470703,-1.2801148597590457,-0.7832984440105154,-0.04007410054649452,1.5007499813643896,-0.04007410054649452
2019-10-15,San Pedro Bay,31.01617480069399,33.89385659247637,-0.12146366760134697,-0.02624591812491417,12.359996929764748,0.7379662,0.0,-1.1814612994897333,-1.0632242115769721,,1.5894327687182754,-0.07393235596513281
2019-10-16,San Pedro Bay,30.84917751699686,33.83281957358122,-0.08911404758691788,-0.0158696249127388,12.665182039141655,0.19790064,25.29717254638672,-1.0158773936754157,-0.4994626926486798,,1.132020256147665,-0.10779061138377109
2019-10-17,San Pedro Bay,30.88213750720024,33.79314551129937,-0.062257759273052216,-0.009155552834272385,12.359996929764748,0.20990562,11.243186950683594,-0.34393648056251597,-0.05036869359510657,,0.34760510346686174,-0.14164886680240937
2019-10-18,San Pedro Bay,30.98760947585106,33.76720477826893,-0.07629627361893654,-0.0024414807558059692,11.902219265699387,0.3382442,0.0,-1.0569748698153145,0.08064555975765383,,1.0600469714733052,-0.17550712222104767
2019-10-19,San Pedro Bay,31.011047691106796,33.74889367260039,-0.08545182645320892,-0.007324442267417908,11.749626711010933,0.5459146,0.0,-1.071754690021606,0.2152132503843772,-0.20936537763968596,1.0931490560414518,-0.20936537763968596
2019-10-20,San Pedro Bay,30.989806808531284,33.73668626882136,-0.11047700420022011,-0.006714072078466415,12.05481182038784,1.0174993,8.432390213012695,-0.9714002880215434,0.1855097117664972,,0.9889551924774077,-0.21455615250353263
2019-10-21,San Pedro Bay,31.07403789460659,33.727530715987086,-0.15686513856053352,-0.016479995101690292,11.902219265699387,0.50486284,0.0,-1.1518281509295327,0.20140468224728136,,1.1693040388645182,-0.21974692736737933
2019-10-22,San Pedro Bay,31.120914325118065,33.69090850465,-0.18066957592964172,-0.009765923023223877,11.749626711010933,0.30499268,0.0,-0.8876254938637093,0.1291858362704683,,0.8969771444410911,-0.224937702231226
2019-10-23,San Pedro Bay,31.06231878697872,33.60545667819679,-0.14893032610416412,0.009155552834272385,11.749626711010933,1.6857775,0.0,-1.0419662932353555,0.1923378237636447,,1.059569532729571,-0.2301284770950727
2019-10-24,San Pedro Bay,31.07037567347288,33.53068633005023,-0.12573625892400742,-0.0012207403779029846,12.05481182038784,1.5807186,0.0,-1.5353856641130343,-0.21958823671908764,-0.23531925195891937,1.551008746354843,-0.23531925195891937
2019-10-25,San Pedro Bay,31.01690724492073,33.46049375832081,-0.10925626382231712,-0.015259254723787308,12.207404375076294,0.93416953,0.0,-1.758160663697963,-0.8163478715394982,,1.9384408081604996,-0.20830527331636012
2019-10-26,San Pedro Bay,30.8901943936944,33.33689379505813,-0.09582811966538429,-0.019531846046447754,11.902219265699387,0.79295176,16.671201705932617,-1.7727965899307736,-1.0533785535465119,,2.062138241326687,-0.1812912946738009
2019-10-27,San Pedro Bay,30.702688671648502,33.22702716104686,-0.09643848985433578,-0.014038514345884323,12.359996929764748,0.7086109,28.57920265197754,-2.537357295030821,0.3657443772736698,,2.563581672612252,-0.15427731603124165
2019-10-28,San Pedro Bay,30.6448255777359,33.18430124782026,-0.08606219664216042,-0.008545182645320892,13.428144812583923,0.68843293,8.335600852966309,-2.0341655966919605,1.5052080215922388,,2.530510000579089,-0.1272633373886824
2019-10-29,San Pedro Bay,30.621387362480164,33.12173830345273,-0.08667256683111191,-0.009155552834272385,12.665182039141655,0.97313464,8.335600852966309,-1.3432781325088319,-0.024339169443455017,-0.10024935874612316,1.3434986179544854,-0.10024935874612316
2019-10-30,San Pedro Bay,30.589159816503525,33.07138276286423,-0.07812738418579102,-0.014038514345884323,12.665182039141655,0.5308881,25.006803512573242,-1.2718200213672772,-0.6059843954704276,,1.4088091617761154,-0.08028901252894749
2019-10-31,San Pedro Bay,30.410443425178528,33.0378124024719,-0.04943998530507088,-0.006103701889514923,13.27555225789547,0.4559185,33.342403411865234,-1.1977458275409005,-0.33934890514130994,,1.2448906565687776,-0.060328666311771834
2019-11-01,San Pedro Bay,30.318155452609062,33.00271611660719,-0.04028443247079849,-0.006103701889514923,12.817774593830109,0.3974246,21.48772621154785,-1.0575064171212456,-0.2576342841411823,,1.0884370659884537,-0.04036832009459617
2019-11-02,San Pedro Bay,30.327677227556705,32.98135315999389,-0.0317392498254776,0.009155552834272385,12.359996929764748,0.40008718,5.371931552886963,-0.7315179840114168,0.5813472167301893,,0.9343891840834123,-0.020407973877420507
2019-11-03,San Pedro Bay,30.461714521050453,32.94320502318442,-0.0030518509447574615,0.0024414807558059692,11.444441601634026,0.4662945,0.0,0.5860276852895807,0.124744407861736,-0.00044762766024484163,0.5991574210661493,-0.00044762766024484163
2019-11-04,San Pedro Bay,30.455122523009777,32.972197607159615,0.008545182645320892,-0.0048829615116119385,11.749626711010933,1.385545,5.371931552886963,1.240807324389336,-0.06207212506323368,,1.2423589517398297,-0.0198830540185428
2019-11-05,San Pedro Bay,30.426557198166847,32.98135315999389,0.032959990203380585,0.005493331700563431,12.05481182038784,0.78877103,0.0,1.3330324910572728,0.3181945449887968,,1.3704829041892443,-0.03931848037684076
2019-11-06,San Pedro Bay,30.359904773533344,32.97524945810437,0.036011841148138046,0.017700735479593277,12.207404375076294,0.30319947,0.0,1.605684248562151,0.9988833089183995,,1.8910287599389837,-0.05875390673513872
2019-11-07,San Pedro Bay,30.319620341062546,33.01492352038622,0.036011841148138046,0.017700735479593277,12.665182039141655,0.40459594,0.0,1.355399899123023,1.0932270200988836,,1.7413369013539526,-0.07818933309343667
2019-11-08,San Pedro Bay,30.48954740166664,33.04086425341666,0.009765923023223877,0.01831110566854477,12.05481182038784,0.6209553,0.0,0.8271870278658414,0.9818663168161923,-0.09762475945173463,1.283861302153671,-0.09762475945173463
2019-11-09,San Pedro Bay,30.59501937031746,33.04086425341666,-0.0030518509447574615,-0.020142216235399246,11.59703415632248,0.87501407,0.0,1.6927848491015616,-0.7236433242028799,,1.8409726250032048,-0.08453946174732198
2019-11-10,San Pedro Bay,30.40678120404482,33.08511609211564,0.023194067180156708,0.0006103701889514923,12.817774593830109,0.52684647,0.0,3.045793608487288,-1.3746136383423226,,3.341619571438187,-0.07145416404290934
2019-11-11,San Pedro Bay,30.173131495714188,33.140049409121275,0.022583696991205215,0.009155552834272385,14.038515031337738,0.52667105,13.681235313415527,1.3865082990460795,-2.739468161385062,,3.0703568311461953,-0.058368866338496694
2019-11-12,San Pedro Bay,29.98635821789503,33.201086428016424,0.028077028691768646,0.006103701889514923,14.496292695403099,0.52490103,4.432711601257324,1.1495505571128501,-2.717762586383427,,2.950881217416926,-0.04528356863408405
2019-11-13,San Pedro Bay,29.78566849976778,33.246864192187786,0.05859553813934326,0.017700735479593277,14.343700140714645,0.9551605,7.414554119110107,3.180545494993662,-0.8059274041500302,,3.2810651664489208,-0.03219827092967141
2019-11-14,San Pedro Bay,29.820093378424644,33.295693807303905,0.04577776417136192,0.020142216235399246,12.817774593830109,0.9577309,3.088608980178833,1.4999939780636684,1.1044818320979553,,1.8627565733776716,-0.01911297322525876
2019-11-15,San Pedro Bay,29.94534134119749,33.30637528561056,0.04577776417136192,0.014648884534835815,12.207404375076294,1.5581825,7.611143589019775,2.288481032282274,0.8484118866031474,,2.4406860028371646,-0.006027675520846126
2019-11-16,San Pedro Bay,29.76076539605856,33.295693807303905,0.03784295171499252,0.017090365290641785,12.970367148518562,1.494912,14.591630935668945,2.6481463370145386,0.4278789740207536,,2.6824912746647605,0.007057622183566523
2019-11-17,San Pedro Bay,29.774681836366653,33.3246863912791,0.0012207403779029846,0.007324442267417908,12.512589484453201,0.3755375,4.863877296447754,0.2743949303919768,0.7430137190978904,,0.7920618439190823,0.02014291988797917
2019-11-18,San Pedro Bay,29.93215734511614,33.31553083844483,-0.039674062281847,0.006103701889514923,11.59703415632248,0.4090311,0.0,-0.698903120103297,0.5224665233698719,0.033228217592391814,0.8726034834518623,0.033228217592391814
2019-11-19,San Pedro Bay,30.143101282417774,33.28959010541439,-0.03723258152604103,-0.0079348124563694,10.986663937568665,1.3899902,4.863877296447754,-0.14231942364597758,0.24311767330121678,,0.2817108826764071,-0.008314124331037544
2019-11-20,San Pedro Bay,30.246375918388367,33.29264195635915,-0.02685628831386566,0.006714072078466415,11.291849046945572,1.1680081,0.0,-0.4436855524594803,0.5866907880167131,,0.735569813277398,-0.0498564662544669
2019-11-21,San Pedro Bay,30.053743086755276,33.26975307427347,-0.043336283415555954,-0.004272591322660446,12.05481182038784,0.564538,6.8553900718688965,-1.875467306865399,0.4749057677433391,,1.9346609799540702,-0.09139880817789625
2019-11-22,San Pedro Bay,30.080843523144722,33.27585677616298,-0.048829615116119385,-0.006714072078466415,12.512589484453201,0.20856728,0.0,-2.191948396700551,0.27637307818689616,,2.209303024065422,-0.13294115010132562
2019-11-23,San Pedro Bay,30.077181302011013,33.260597521439195,-0.04943998530507088,-0.012817773967981339,12.359996929764748,0.92330736,6.8553900718688965,-1.6016086954748059,-0.638852438639944,-0.17448349202475497,1.7243209828151813,-0.17448349202475497
2019-11-24,San Pedro Bay,30.06326486170292,33.27585677616298,-0.046388134360313416,-0.010986663401126862,12.817774593830109,0.41095784,0.0,-2.2405047083826317,-0.9654121601042334,,2.4396479227876027,-0.1595243778139349
2019-11-25,San Pedro Bay,29.955595560371876,33.246864192187786,-0.05249183624982834,-0.009155552834272385,12.512589484453201,1.5741123,6.8553900718688965,-2.5927753468697987,-0.6966175107468329,,2.684727165954656,-0.14456526360311484
2019-11-26,San Pedro Bay,29.888943135738373,33.25754567049444,-0.05310220643877983,-0.01037629321217537,13.122959703207016,1.5755775,33.065391540527344,-2.0698683711106955,-0.8710551697636719,,2.2456830102435346,-0.12960614939229476
2019-11-27,San Pedro Bay,29.85525070130825,33.27585677616298,-0.048829615116119385,-0.011597033590078354,13.122959703207016,0.28499106,15.115607261657715,-2.0000210500519855,-1.492512616979199,,2.4955316292311633,-0.11464703518147468
2019-11-28,San Pedro Bay,29.87502669543028,33.31247898750007,-0.0317392498254776,-0.014038514345884323,12.665182039141655,0.37524512,6.6130781173706055,-1.2514628485833046,-2.6545484773970123,-0.09968792097065461,2.9347549949246248,-0.09968792097065461
2019-11-29,San Pedro Bay,29.737327180802822,33.355204900726676,-0.029908139258623123,-0.011597033590078354,13.580737367272377,0.35191414,0.0,-1.3955608218606321,-3.3858706017773437,,3.6622001228076537,-0.10317720547924344
2019-11-30,San Pedro Bay,29.599627666175365,33.405560441315174,-0.007324442267417908,-0.006103701889514923,14.038515031337738,0.67906153,6.6130781173706055,0.0072624865442926885,-3.3044284829651893,,3.3044364637169874,-0.10666648998783228
2019-12-01,San Pedro Bay,29.4091921672225,33.45591598190367,0.043336283415555954,0.012817773967981339,14.343700140714645,0.6801211,36.42985534667969,3.703937319432105,-2.966482394933306,,4.745436699159639,-0.11015577449642111
2019-12-02,San Pedro Bay,29.156498908996582,33.49253819324076,0.09887997061014175,0.05371257662773132,14.343700140714645,0.67905056,85.00299072265625,4.217903042717543,3.036227815750775,,5.197055457362816,-0.11364505900500994
2019-12-03,San Pedro Bay,29.127933584153652,33.48490856587887,0.04150517284870148,0.01037629321217537,12.665182039141655,2.0528648,13.878040313720703,-1.4847397682042902,2.0005050488391203,,2.4912793158773145,-0.11713434351359878
2019-12-04,San Pedro Bay,29.23340555280447,33.4681233856827,-0.01831110566854477,-0.009155552834272385,12.05481182038784,2.0528648,0.0,-1.7527509138942423,0.2278078887563517,,1.767493196687537,-0.1206236280221876
2019-12-05,San Pedro Bay,29.352793961763382,33.44370857812464,-0.039674062281847,-0.012207403779029846,11.59703415632248,0.7531395,0.0,-1.294363571733929,0.01271912464046094,,1.2944260627642792,-0.12411291253077643
2019-12-06,San Pedro Bay,29.508804582059383,33.42234562151134,-0.025635547935962677,-0.016479995101690292,10.83407138288021,1.4894134,0.0,-0.1427961516770332,-0.11560286293835725,,0.18372469309625986,-0.12760219703936526
2019-12-07,San Pedro Bay,29.481704145669937,33.439130801707506,-0.001831110566854477,-0.023194067180156708,11.749626711010933,1.4892944,0.0,0.14115170753825637,-1.4894178158495237,,1.496091318974524,-0.13109148154795408
2019-12-08,San Pedro Bay,29.43775749206543,33.44981228001416,-0.0012207403779029846,-0.016479995101690292,12.359996929764748,0.5332658,0.0,-0.6745287360825424,-2.041426512301146,-0.13458076605654293,2.149979353604851,-0.13458076605654293
2019-12-09,San Pedro Bay,29.39674061536789,33.45439005643129,-0.011597033590078354,-0.012207403779029846,12.512589484453201,1.3336836,0.0,-1.3410567353044778,-1.2244112542689467,,1.8159339434257953,-0.13648153731507257
2019-12-10,San Pedro Bay,29.431165494024754,33.45591598190367,-0.022583696991205215,-0.007324442267417908,12.512589484453201,1.1017234,0.0,-1.7844654227007355,-0.1862107930068773,,1.7941547603946446,-0.13838230857360218
2019-12-11,San Pedro Bay,29.4179814979434,33.45744190737605,-0.04272591322660446,-0.016479995101690292,12.665182039141655,1.8469762,0.0,-1.840790899867798,-0.8979743728812023,,2.0481379620004816,-0.1402830798321318
2019-12-12,San Pedro Bay,29.33594774454832,33.44370857812464,-0.07080294191837311,-0.017700735479593277,12.970367148518562,0.5479443,25.723438262939453,-2.9370629562432504,-0.8561506883870199,,3.0593026673021275,-0.14218385109066142
2019-12-13,San Pedro Bay,29.23780021816492,33.39945673942566,-0.08606219664216042,-0.021973326802253723,12.665182039141655,0.3434758,38.58515930175781,-3.1506549037365783,-0.7826782720232178,,3.2464151921676003,-0.14408462234919106
2019-12-14,San Pedro Bay,29.173345126211643,33.38267155922949,-0.0872829370200634,-0.025635547935962677,12.817774593830109,0.59484196,0.0,-3.102017617784626,-1.3228436722740593,,3.372303171768773,-0.1459853936077207
2019-12-15,San Pedro Bay,29.09790337085724,33.381145633757114,-0.09826960042119026,-0.02868739888072014,13.27555225789547,0.7150147,0.0,-3.9137453282856063,-1.6450757318336025,,4.245430091067956,-0.1478861648662503
2019-12-16,San Pedro Bay,28.948484748601913,33.36588637903333,-0.09643848985433578,-0.027466658502817154,13.885922476649284,0.71970606,36.06428146362305,-3.9058290215405154,-1.348947361831089,,4.132209981414206,-0.14978693612477995
2019-12-17,San Pedro Bay,28.866450995206833,33.34757527336478,-0.08056886494159698,-0.02624591812491417,13.122959703207016,0.7587216,12.021427154541016,-3.324055874882191,-1.5728166521017948,,3.6773767389903784,-0.15168770738330956
2019-12-18,San Pedro Bay,28.771965689957142,33.344523422420025,-0.05493331700563431,-0.017090365290641785,12.970367148518562,0.6229514,36.06428146362305,-2.808240567526996,-1.281575644756044,,3.086851343737857,-0.1535884786418392
2019-12-19,San Pedro Bay,28.71410259604454,33.342997496947646,-0.03906369209289551,-0.01037629321217537,13.122959703207016,0.833288,7.226723670959473,-2.7773800090066856,-0.5028927248750701,,2.8225415510072214,-0.15548924990036883
2019-12-20,San Pedro Bay,28.655507057905197,33.344523422420025,-0.031128879636526108,-0.012817773967981339,13.580737367272377,1.0147268,0.0,-3.0214320386243236,-0.8283582789367837,,3.132926587443224,-0.15739002115889844
2019-12-21,San Pedro Bay,28.50462354719639,33.295693807303905,-0.022583696991205215,-0.009765923023223877,12.817774593830109,1.0361155,53.563941955566406,-2.4340315641603043,-0.8948591102139904,,2.5933149601353156,-0.15929079241742808
2019-12-22,San Pedro Bay,28.601306185126305,33.32773824222386,-0.012817773967981339,-0.010986663401126862,12.665182039141655,2.1569238,0.0,-1.809818776208555,-1.1973049174524222,,2.1700191400245257,-0.1611915636759577
2019-12-23,San Pedro Bay,28.66869105398655,33.34147157147527,-0.0048829615116119385,-0.01037629321217537,12.512589484453201,2.1095781,14.283719062805176,-0.8945917674852325,-1.7416519204767602,-0.16309233493448733,1.9579698267728078,-0.16309233493448733
2019-12-24,San Pedro Bay,28.332499153912067,33.20566420443356,0.040894802659749985,0.0048829615116119385,11.749626711010933,2.1095781,64.2767333984375,0.1590182466517696,0.7052073600205517,,0.7229137039753494,-0.17114340579124837
2019-12-25,San Pedro Bay,28.338358707726,33.20413827896118,-0.015259254723787308,-0.014038514345884323,13.122959703207016,2.831402,10.712788581848145,-3.4250012010965567,2.530887659136543,,4.2586412822263515,-0.17919447664800942
2019-12-26,San Pedro Bay,28.39109469205141,33.17972347140312,-0.040894802659749985,-0.006103701889514923,12.512589484453201,4.4651446,27.845657348632812,-2.269621359938004,1.3624841691689884,,2.647176652345465,-0.18724554750477046
2019-12-27,San Pedro Bay,28.44016845524311,33.19345680065453,-0.03784295171499252,-0.003662221133708954,12.359996929764748,4.3548536,0.0,-2.1059444072949387,-0.030032186115314663,,2.106158536012827,-0.1952966183615315
2019-12-28,San Pedro Bay,28.43137912452221,33.21481975726783,-0.05798516795039177,-0.006714072078466415,12.970367148518562,3.1754103,0.0,-3.656227749478337,-0.40724056781905493,-0.20334768921829255,3.6788376202454236,-0.20334768921829255
2019-12-29,San Pedro Bay,28.331766709685326,33.237708639353514,-0.06958220154047012,-0.01037629321217537,14.191107586026192,2.0172133,0.0,-3.731034320461426,-0.43624902883186445,,3.756451825275788,-0.20211195407984722
2019-12-30,San Pedro Bay,28.34128848463297,33.26364937238395,-0.06775109097361565,-0.009765923023223877,12.817774593830109,4.716281,0.0,-3.6137075985778337,-0.8468201494081121,,3.711601672251853,-0.2008762189414019
2019-12-31,San Pedro Bay,28.334696486592293,33.29874565824866,-0.07446516305208206,-0.014648884534835815,13.27555225789547,1.0087715,0.0,-3.4342272301384678,-1.985173378379797,,3.966715267126239,-0.19964048380295654
2020-01-01,San Pedro Bay,28.295876942574978,33.33689379505813,-0.08484145626425743,-0.016479995101690292,13.27555225789547,0.3407421,0.0,-3.9464354311143244,-2.2470320145715443,,4.5413109876404585,-0.19840474866451122
2020-01-02,San Pedro Bay,28.27610094845295,33.37351600639522,-0.09277626872062683,-0.020142216235399246,13.580737367272377,0.38255206,0.0,-3.766240518451078,-2.610666628602057,,4.5825918308877425,-0.1971690135260659
2020-01-03,San Pedro Bay,28.224097408354282,33.40861229225993,-0.08789330720901489,-0.017090365290641785,13.428144812583923,0.9071974,0.0,-2.938871769283267,-1.871301034040203,,3.484068718652101,-0.19593327838762056
2020-01-04,San Pedro Bay,28.151585429906845,33.45439005643129,-0.09155552834272385,-0.017090365290641785,13.885922476649284,1.9090583,97.77030944824219,-2.7632938926761077,-2.110976687874476,,3.477357576386209,-0.19469754324917524
2020-01-05,San Pedro Bay,28.144260987639427,33.48338264040649,-0.11597033590078354,-0.025635547935962677,12.970367148518562,1.5781102,0.0,-4.239095092348741,-1.8039447321576925,,4.606966876227207,-0.19346180811072988
2020-01-06,San Pedro Bay,28.151585429906845,33.501693746075034,-0.11535996571183205,-0.02624591812491417,12.817774593830109,1.547637,0.0,-3.7691676083981065,-1.1669585051556457,,3.945683288475217,-0.19222607297228456
2020-01-07,San Pedro Bay,28.196264527738094,33.5398418828845,-0.09643848985433578,-0.01892147585749626,12.665182039141655,0.7033114,0.0,-3.2199159777632653,-0.6097188251398599,-0.19099033783383923,3.2771353267122025,-0.19099033783383923
2020-01-08,San Pedro Bay,28.204321414232254,33.585619647055864,-0.08545182645320892,-0.020142216235399246,12.970367148518562,0.5023275,0.0,-3.4429451497597956,-1.4819084825369844,,3.7483228322637268,-0.2021395007577182
2020-01-09,San Pedro Bay,28.19406719505787,33.62987148575485,-0.07507553324103355,-0.01831110566854477,12.970367148518562,0.6616613,0.0,-2.919124059325315,-1.7307889570628696,,3.393658157154707,-0.21328866368159718
2020-01-10,San Pedro Bay,28.220435187220573,33.67107147350907,-0.06775109097361565,-0.016479995101690292,12.665182039141655,0.29537895,0.0,-2.9084982166811995,-1.3900609995736313,,3.2236053509965146,-0.22443782660547615
2020-01-11,San Pedro Bay,28.254127621650696,33.70158998295665,-0.05737479776144028,-0.014648884534835815,12.512589484453201,0.6682861,0.0,-2.444186527513181,-1.4547296726543368,,2.8443428418138934,-0.23558698952935514
2020-01-12,San Pedro Bay,28.139866322278976,33.727530715987086,-0.032959990203380585,-0.01037629321217537,13.885922476649284,0.6682753,59.45408630371094,-0.9105816923535354,-1.9142916451638026,,2.1198281819980993,-0.2467361524532341
2020-01-13,San Pedro Bay,28.203588970005512,33.77330848015845,-0.025635547935962677,-0.014648884534835815,12.359996929764748,0.71152884,0.0,-0.37328981732649474,-1.916747502281426,,1.9527586320950505,-0.25788531537711307
2020-01-14,San Pedro Bay,28.326639600098133,33.80382698960602,-0.023194067180156708,-0.024414807558059692,10.986663937568665,0.8546827,0.0,-0.6644233914825078,-1.723195589301649,,1.8468517758980485,-0.26903447830099203
2020-01-15,San Pedro Bay,28.265846729278564,33.814508467912674,-0.05493331700563431,-0.020142216235399246,10.528886273503304,0.43247157,19.81802749633789,-1.8349909722722129,-1.070582551737954,,2.1244620185840626,-0.28018364122487105
2020-01-16,San Pedro Bay,28.295876942574978,33.81908624432981,-0.08178960531949997,-0.009155552834272385,11.59703415632248,1.0368118,0.0,-2.5582547832446445,0.6028819402027339,,2.6283329640319004,-0.29133280414875
2020-01-17,San Pedro Bay,28.421857349574566,33.82061216980219,-0.09887997061014175,-0.014648884534835815,10.986663937568665,0.8787822,0.0,-1.77231438832296,0.19896313076548583,-0.302481967072629,1.783447397166676,-0.302481967072629
2020-01-18,San Pedro Bay,28.55442975461483,33.825189946219325,-0.10376293212175369,-0.01831110566854477,11.291849046945572,0.7215895,0.0,-1.6513279291152703,-0.19878792244832685,,1.6632500015293699,-0.27341061007556877
2020-01-19,San Pedro Bay,28.499496437609196,33.837397349998355,-0.10254219174385071,-0.0238044373691082,12.05481182038784,0.67495924,0.0,-3.0626076053361944,-1.132411908318613,,3.265259878534158,-0.2443392530785085
2020-01-20,San Pedro Bay,28.35740225762129,33.838923275470734,-0.11352885514497757,-0.030518509447574615,13.580737367272377,1.158322,0.0,-3.780426356277527,-2.495656768583574,,4.529892508858768,-0.21526789608144828
2020-01-21,San Pedro Bay,28.18234808743,33.86791585944593,-0.10559404268860817,-0.027466658502817154,14.343700140714645,1.6713971,0.0,-3.8008949357284227,-2.6539712674539295,,4.63577024893566,-0.18619653908438805
2020-01-22,San Pedro Bay,28.02706991136074,33.89385659247637,-0.10376293212175369,-0.028077028691768646,14.343700140714645,0.9802702,0.0,-3.4681420387657402,-2.5831644927376085,-0.1571251820873278,4.3244361479381945,-0.1571251820873278
2020-01-23,San Pedro Bay,27.99850458651781,33.921323250979185,-0.09094515815377235,-0.019531846046447754,12.970367148518562,1.0075322,0.0,-3.653489105211473,-1.1846706973487113,,3.8407586884697156,-0.14003245012240081
2020-01-24,San Pedro Bay,28.01901302486658,33.91521954908967,-0.0872829370200634,-0.020142216235399246,12.512589484453201,0.3695981,0.0,-3.757793072557061,-0.06768073671834739,,3.758402514138231,-0.1229397181574738
2020-01-25,San Pedro Bay,28.06735434383154,33.91827140003443,-0.07263405248522758,-0.011597033590078354,12.359996929764748,0.61160195,0.0,-3.0130490783634816,0.6096823332333251,,3.074114066862818,-0.10584698619254679
2020-01-26,San Pedro Bay,28.19406719505787,33.935056580230594,-0.051271095871925354,0.0024414807558059692,11.902219265699387,1.4315448,0.0,-1.8156639436150446,1.215649886055177,,2.185049244664683,-0.08875425422761979
2020-01-27,San Pedro Bay,28.44822534173727,33.948789909482,-0.0476088747382164,0.0048829615116119385,10.83407138288021,2.0027459,0.0,-1.3390578464432517,0.660554495274022,-0.07166152226269278,1.4931202755799537,-0.07166152226269278
2020-01-28,San Pedro Bay,28.46067689359188,33.96710101515055,-0.05859553813934326,-0.0012207403779029846,11.444441601634026,1.8210235,0.0,-1.7189437740646039,0.47031203707572417,,1.7821226418554312,-0.07667062160555528
2020-01-29,San Pedro Bay,28.70238348841667,33.980834344401956,-0.06469924002885818,-0.01342814415693283,10.528886273503304,1.6437256,0.0,-0.7062320163513828,-0.0726799289077566,,0.7099619940431856,-0.08167972094841779
2020-01-30,San Pedro Bay,28.760979026556015,33.98541212081909,-0.06714072078466415,-0.030518509447574615,11.139256492257118,1.5949166,0.0,-0.31525410207756877,-1.1892480115099726,,1.230323527271245,-0.08668882029128029
2020-01-31,San Pedro Bay,28.503891102969646,34.018982481211424,-0.05615405738353729,-0.019531846046447754,12.512589484453201,0.92401123,0.0,-1.2234323654627042,-2.7294758204569356,,2.991124371757338,-0.0916979196341428
2020-02-01,San Pedro Bay,28.273171171545982,34.04797506518662,-0.06958220154047012,-0.017090365290641785,14.343700140714645,0.76960313,0.0,-2.93076368044272,-3.146076356253803,,4.299671172308572,-0.0967070189770053
2020-02-02,San Pedro Bay,28.062227234244347,34.07391579821706,-0.07324442267417908,-0.02075258642435074,14.343700140714645,0.51105016,0.0,-2.7628961818661466,-3.112206548924115,,4.161661316702343,-0.1017161183198678
2020-02-03,San Pedro Bay,27.8791161775589,34.0998565312475,-0.062257759273052216,-0.016479995101690292,14.343700140714645,0.3579161,0.0,-1.9839407013255135,-2.6951789499726613,,3.346641641818213,-0.1067252176627303
2020-02-04,San Pedro Bay,27.824182860553265,34.124271338805556,-0.051271095871925354,-0.015259254723787308,12.970367148518562,0.45394662,0.0,-1.18697637627082,-2.211231380624088,,2.509672715013198,-0.1117343170055928
2020-02-05,San Pedro Bay,27.69087801128626,34.11969356238842,-0.05310220643877983,-0.01037629321217537,13.27555225789547,0.44151556,103.68225860595703,-2.1976764423024995,-2.2881082723974293,,3.1725732791008814,-0.11674341634845531
2020-02-06,San Pedro Bay,27.64986113458872,34.09527875483036,-0.08850367739796638,-0.017700735479593277,12.970367148518562,0.44267023,130.40322875976562,-3.976499684252198,-0.8921881717706772,,4.075358815209445,-0.12175251569131781
2020-02-07,San Pedro Bay,27.786828204989433,34.08307135105133,-0.11597033590078354,-0.020142216235399246,12.05481182038784,1.9722168,29.806455612182617,-3.8021154953822522,0.06245090552643993,,3.8026283483699665,-0.12676161503418032
2020-02-08,San Pedro Bay,27.852748185396194,34.08764912746847,-0.12329477816820145,-0.023194067180156708,12.207404375076294,2.1873493,0.0,-2.832231670920048,-0.39471518427293445,,2.8596042233949412,-0.13177071437704282
2020-02-09,San Pedro Bay,27.90475172549486,34.089175052940845,-0.11413922533392906,-0.0317392498254776,12.359996929764748,1.6666192,0.0,-3.1447196112807148,-2.6336778599944792,,4.101892307679302,-0.13677981371990533
2020-02-10,San Pedro Bay,27.749473549425602,34.0922269038856,-0.11841181665658951,-0.03234962001442909,14.343700140714645,1.5877261,0.0,-3.7525034685373018,-3.3804418826720615,,5.050610814892384,-0.14178891306276784
2020-02-11,San Pedro Bay,27.614703811705112,34.11664171144366,-0.10559404268860817,-0.027466658502817154,14.343700140714645,0.7679684,0.0,-3.4587874572650823,-2.6812863370442015,,4.3763577431186045,-0.14679801240563034
2020-02-12,San Pedro Bay,27.57222204655409,34.13342689163983,-0.0952177494764328,-0.02075258642435074,13.27555225789547,0.73688644,0.0,-3.345044030757273,-1.1641498500128062,,3.5418306623820546,-0.15180711174849285
2020-02-13,San Pedro Bay,27.559770494699478,34.1425824444741,-0.09399700909852982,-0.021973326802253723,13.27555225789547,0.34218624,0.0,-3.576685098064081,-0.5241666567136897,,3.6148896213749144,-0.15681621109135535
2020-02-14,San Pedro Bay,27.567827381193638,34.15326392278075,-0.10620441287755966,-0.025635547935962677,13.27555225789547,0.31555837,0.0,-4.43981112848963,-0.8624528931248179,,4.522803096478968,-0.16182531043421786
2020-02-15,San Pedro Bay,27.616901144385338,34.16852317750454,-0.10376293212175369,-0.022583696991205215,12.817774593830109,0.3739898,0.0,-3.2627013305676944,-0.7017507197659681,,3.3373153949215313,-0.16683440977708036
2020-02-16,San Pedro Bay,27.70332956314087,34.18073058128357,-0.10925626382231712,-0.022583696991205215,12.207404375076294,0.92489505,0.0,-2.9333461980028925,-0.917825992553153,-0.17184350911994287,3.073584954079552,-0.17184350911994287
2020-02-17,San Pedro Bay,27.709189116954803,34.18836020864546,-0.11841181665658951,-0.03234962001442909,12.665182039141655,0.42452395,0.0,-2.3895232574743455,-2.408811770319837,,3.3929626497859053,-0.1575807803727055
2020-02-18,San Pedro Bay,27.62642291933298,34.20514538884163,-0.12817773967981339,-0.03234962001442909,13.885922476649284,1.085984,0.0,-3.076479677285838,-3.017397034506946,,4.309224068043351,-0.14331805162546818
2020-02-19,San Pedro Bay,27.588335819542408,34.20819723978639,-0.1348918117582798,-0.035401470959186554,13.122959703207016,0.8452236,0.0,-3.4355542472012197,-3.025614420083416,,4.577922629804816,-0.12905532287823082
2020-02-20,San Pedro Bay,27.533402502536774,34.20514538884163,-0.12939848005771637,-0.036011841148138046,13.580737367272377,0.6165055,0.0,-4.115662905797081,-2.567359078892873,,4.850774556102122,-0.11479259413099346
2020-02-21,San Pedro Bay,27.47041229903698,34.1929379850626,-0.12085329741239548,-0.03723258152604103,13.580737367272377,0.43407986,0.0,-3.8776823289268543,-2.3958178443998386,-0.10052986538375612,4.558109628740437,-0.10052986538375612
2020-02-22,San Pedro Bay,27.473342075943947,34.185308357700706,-0.10254219174385071,-0.0317392498254776,12.970367148518562,0.34993953,0.0,-3.0463415534853646,-2.1445559399184333,,3.7254955428682317,-0.10811357330772081
2020-02-23,San Pedro Bay,27.436719864606857,34.16699725203216,-0.09949034079909325,-0.02868739888072014,13.27555225789547,0.3267667,0.0,-3.8790580517835633,-1.7893127713095105,,4.27185341071978,-0.11569728123168552
2020-02-24,San Pedro Bay,27.468947410583496,34.15478984825313,-0.10803552344441414,-0.030518509447574615,12.970367148518562,0.37212685,0.0,-4.345084452678042,-1.1739357291834982,,4.500875914436881,-0.12328098915565021
2020-02-25,San Pedro Bay,27.47114474326372,34.138004668056965,-0.10986663401126862,-0.027466658502817154,12.817774593830109,0.36174572,0.0,-3.980209030602278,-0.663958713632363,,4.035208185545854,-0.1308646970796149
2020-02-26,San Pedro Bay,27.526078060269356,34.13037504069507,-0.09887997061014175,-0.025635547935962677,12.817774593830109,0.9535269,0.0,-3.148883227504905,-0.976077416928622,-0.1384484050035796,3.296694208491251,-0.1384484050035796
2020-02-27,San Pedro Bay,27.595660261809826,34.11206393502653,-0.10132145136594772,-0.029908139258623123,12.512589484453201,0.5555739,0.0,-3.5480531603699927,-2.067358380880204,,4.106415943838022,-0.13339000507010582
2020-02-28,San Pedro Bay,27.59273048490286,34.076967649161816,-0.11719107627868652,-0.032959990203380585,12.512589484453201,0.28831413,0.0,-3.8714677647838815,-1.9903271814412384,,4.353121287414874,-0.12833160513663203
2020-02-29,San Pedro Bay,27.56416516005993,34.08459727652371,-0.11413922533392906,-0.028077028691768646,13.580737367272377,0.44203523,0.0,-3.778120221282576,-1.4664234290084144,,4.052726252735201,-0.12327320520315824
2020-03-01,San Pedro Bay,27.608844257891178,34.0922269038856,-0.09765923023223877,-0.02136295661330223,12.817774593830109,0.435155,0.0,-2.6722654956201435,-0.8626973538519067,,2.8080686607390946,-0.11821480526968443
2020-03-02,San Pedro Bay,27.60078737139702,34.09375282935798,-0.09460737928748131,-0.02136295661330223,12.970367148518562,0.93748057,0.0,-3.3618867839912028,-1.1179774602333188,-0.11315640533621064,3.542902249563831,-0.11315640533621064
2020-03-03,San Pedro Bay,27.69527267664671,34.09375282935798,-0.10681478306651115,-0.025025177747011185,12.512589484453201,0.53372675,0.0,-3.419180691625135,-1.046558010190502,,3.5757628935202117,-0.10205045863320729
2020-03-04,San Pedro Bay,27.890102840960026,34.09680468030274,-0.11230811476707458,-0.028077028691768646,10.681478828191757,0.6675955,0.0,-2.3390787171720637,-1.046836131889699,,2.562646119181713,-0.09094451193020392
2020-03-05,San Pedro Bay,28.171361424028873,34.043397288769484,-0.13672292232513428,-0.02868739888072014,10.528886273503304,0.66625684,22.141597747802734,-2.0893955047228956,-0.47085803311758084,,2.1417938422050806,-0.07983856522720056
2020-03-06,San Pedro Bay,27.810998864471912,33.91827140003443,-0.1507614366710186,-0.02868739888072014,10.528886273503304,0.5245399,133.21002197265625,-2.4977159059886955,-0.02181360446678044,,2.4978111578677766,-0.06873261852419721
2020-03-07,San Pedro Bay,27.86666462570429,33.98388619534671,-0.13611255213618279,-0.017700735479593277,11.291849046945572,0.9533856,0.0,-2.869456143843132,1.4277514027115434,,3.205035511407616,-0.05762667182119385
2020-03-08,San Pedro Bay,28.06002990156412,34.01287877932191,-0.12878810986876488,-0.014038514345884323,11.749626711010933,0.9375204,0.0,-2.78185261870956,1.2633843761033923,,3.0552977062805833,-0.046520725118190484
2020-03-09,San Pedro Bay,28.117892995476723,34.02203433215618,-0.11230811476707458,-0.0079348124563694,12.05481182038784,1.9506654,0.0,-2.6260654334003815,1.3040972529708872,,2.9320452427796106,-0.03541477841518713
2020-03-10,San Pedro Bay,28.184545420110226,34.031189884990454,-0.10620441287755966,-0.0079348124563694,12.207404375076294,0.5736803,0.0,-2.619615270835815,0.9218656999858472,,2.7770884998513456,-0.024308831712183773
2020-03-11,San Pedro Bay,28.179418310523033,34.043397288769484,-0.10986663401126862,-0.01892147585749626,12.665182039141655,1.4642583,0.0,-3.7777934205461814,-0.4221496520133057,,3.8013068091140676,-0.013202885009180418
2020-03-12,San Pedro Bay,28.117892995476723,34.05560469254851,-0.10620441287755966,-0.01892147585749626,12.970367148518562,1.4809376,0.0,-3.8107464557468083,0.4177604531032281,-0.002096938306177048,3.8335769649459075,-0.002096938306177048
2020-03-13,San Pedro Bay,28.26877650618553,34.07238987274468,-0.09582811966538429,-0.01892147585749626,12.207404375076294,0.8231817,0.0,-2.4758788748161384,-0.48206799955145097,,2.5223730411960017,-0.02812092017642105
2020-03-14,San Pedro Bay,28.391827136278152,34.08612320199609,-0.07629627361893654,-0.017700735479593277,12.207404375076294,1.1590174,0.0,-1.8281979518218086,-0.9497163739770648,,2.0601623581760733,-0.05414490204666505
2020-03-15,San Pedro Bay,28.503158658742905,34.101382456719875,-0.06775109097361565,-0.021973326802253723,12.05481182038784,1.3948535,0.0,-1.8417870482195846,-1.3276100048790533,,2.2704025757658863,-0.08016888391690905
2020-03-16,San Pedro Bay,28.385967582464218,34.11664171144366,-0.07629627361893654,-0.01342814415693283,12.665182039141655,1.111257,0.0,-3.0370128874636952,-0.8866728770432074,,3.16380088967442,-0.10619286578715305
2020-03-17,San Pedro Bay,28.435041345655918,34.13190096616745,-0.08606219664216042,-0.01892147585749626,12.512589484453201,0.9789216,0.0,-2.9096638920591547,-1.2566169406951,-0.13221684765739705,3.1694210986227027,-0.13221684765739705
2020-03-18,San Pedro Bay,28.486312441527843,34.1425824444741,-0.0872829370200634,-0.011597033590078354,12.359996929764748,0.8653699,0.0,-2.793952008787153,-0.11524351597369148,,2.7963277517808507,-0.12174809052789377
2020-03-19,San Pedro Bay,28.58665730059147,34.160893550142646,-0.08606219664216042,-0.006103701889514923,12.359996929764748,1.2716714,0.0,-2.754817582225238,0.5432207161594333,,2.8078654985241145,-0.1112793333983905
2020-03-20,San Pedro Bay,28.785882130265236,34.18073058128357,-0.09704886004328728,-0.017700735479593277,11.902219265699387,0.8762751,0.0,-2.6327411023281493,-0.5427457990689943,,2.688103181482266,-0.1008105762688872
2020-03-21,San Pedro Bay,28.78807946294546,34.18836020864546,-0.10010071098804474,-0.017090365290641785,11.902219265699387,0.26955193,0.0,-3.0367172005492518,-0.4121285636059155,,3.064555646264489,-0.09034181913938392
2020-03-22,San Pedro Bay,28.8605914413929,34.199041686952114,-0.09887997061014175,-0.014648884534835815,12.05481182038784,0.41278675,0.0,-2.7809278456073185,-0.00698684025177128,-0.07987306200988065,2.7809366225088383,-0.07987306200988065
2020-03-23,San Pedro Bay,28.925778977572918,34.22498241998255,-0.10254219174385071,-0.020142216235399246,12.512589484453201,0.56797737,0.0,-2.6870633022888932,-0.7954808511641795,,2.8023381264716396,-0.06688368056538248
2020-03-24,San Pedro Bay,28.958006523549557,34.24939722754061,-0.10132145136594772,-0.0238044373691082,12.665182039141655,1.0121684,0.0,-2.769489299193843,-1.514626697622646,,3.1566065658394122,-0.053894299120884295
2020-03-25,San Pedro Bay,28.920651867985725,34.269234258681536,-0.11474959552288055,-0.023194067180156708,12.970367148518562,0.46343356,0.0,-4.077918541605911,-1.0956831791202113,,4.222551510755109,-0.04090491767638613
2020-03-26,San Pedro Bay,28.956541635096073,34.27686388604343,-0.12085329741239548,-0.02624591812491417,12.359996929764748,0.25820825,0.0,-3.6273231937108568,-0.6533437565751673,,3.685692827120633,-0.02791553623188795
2020-03-27,San Pedro Bay,28.970458075404167,34.2860194388777,-0.12573625892400742,-0.022583696991205215,12.512589484453201,0.3207653,0.0,-4.025899470219573,-0.22948327466536614,-0.01492615478738977,4.032434638982433,-0.01492615478738977
2020-03-28,San Pedro Bay,29.0166020616889,34.30433054454625,-0.1263466291129589,-0.023194067180156708,12.665182039141655,0.7666346,0.0,-3.243214069419259,-0.11509654469676064,,3.2452557240809488,-0.01949255197925974
2020-03-29,San Pedro Bay,29.048097163438797,34.32264165021479,-0.11780144646763802,-0.019531846046447754,12.512589484453201,0.3375895,0.0,-3.1564004777938273,-0.36034092622700503,,3.1769025102025457,-0.02405894917112971
2020-03-30,San Pedro Bay,29.062746047973633,34.33790090493858,-0.10864589363336563,-0.014038514345884323,12.512589484453201,1.0651946,0.0,-2.9919427403930605,0.43356079885174703,,3.0231930682792494,-0.02862534636299968
2020-03-31,San Pedro Bay,29.141117580235004,34.35010830871761,-0.10132145136594772,-0.009765923023223877,12.207404375076294,0.42919245,0.0,-2.7051973597436048,0.4601863056186398,,2.7440598009232056,-0.033191743554869646
2020-04-01,San Pedro Bay,29.141850024461746,34.35163423418999,-0.11047700420022011,-0.020142216235399246,12.359996929764748,0.22560908,0.0,-2.9987685236838315,-0.4730095631224059,,3.0358443150863574,-0.03775814074673962
2020-04-02,San Pedro Bay,29.20850244909525,34.36384163796902,-0.10803552344441414,-0.025025177747011185,12.359996929764748,0.990727,0.0,-2.9331895925641986,-1.039825084233286,,3.112047138416719,-0.04232453793860959
2020-04-03,San Pedro Bay,29.22534866631031,34.36078978702426,-0.10742515325546265,-0.02075258642435074,12.359996929764748,0.17814325,0.0,-3.2057418517540905,-0.4733661077095031,,3.240502475236794,-0.04689093513047955
2020-04-04,San Pedro Bay,29.284676648676395,34.37147126533091,-0.10620441287755966,-0.02136295661330223,12.512589484453201,0.7428846,0.0,-3.0371422716162613,-0.664235029980729,,3.1089292936784334,-0.051457332322349524
2020-04-05,San Pedro Bay,29.293465979397297,34.38062681816518,-0.10132145136594772,-0.017700735479593277,12.665182039141655,0.80624634,0.0,-2.896629688968578,-0.35858435963659036,,2.9187405328309306,-0.056023729514219495
2020-04-06,San Pedro Bay,29.391613505780697,34.39588607288897,-0.09826960042119026,-0.014038514345884323,12.512589484453201,1.5728217,0.0,-2.749655961627179,-0.09878805569682153,-0.060590126706089466,2.7514299895254912,-0.060590126706089466
2020-04-07,San Pedro Bay,29.395275726914406,34.39893792383373,-0.0872829370200634,-0.009765923023223877,12.207404375076294,0.33446547,0.0,-2.136790266920616,0.19594364431853553,,2.1457554745486505,-0.06590439295500482
2020-04-08,San Pedro Bay,29.615008994936943,34.412671253085136,-0.0872829370200634,-0.014038514345884323,12.05481182038784,1.810093,0.0,-2.072787624217397,-0.5440669980331151,,2.143001967674684,-0.07121865920392016
2020-04-09,San Pedro Bay,29.5073396936059,34.408093476668,-0.07263405248522758,-0.0048829615116119385,12.359996929764748,0.49310216,15.653534889221191,-2.222297907712499,0.17379709094302906,,2.2290835380136858,-0.07653292545283552
2020-04-10,San Pedro Bay,29.535172574222088,34.415723104029894,-0.07873775437474251,-0.012207403779029846,12.665182039141655,0.82008046,0.0,-2.764885947312557,-0.22819428755294505,,2.7742867433843696,-0.08184719170175087
2020-04-11,San Pedro Bay,29.636982321739197,34.43098235875368,-0.07019257172942162,-0.0006103701889514923,12.359996929764748,0.635047,0.0,-2.1187836874225328,0.6927307359319119,-0.08716145795066621,2.2291523471025023,-0.08716145795066621
2020-04-12,San Pedro Bay,29.766624949872494,34.44166383706033,-0.05859553813934326,0.006103701889514923,12.207404375076294,0.28304657,0.0,-1.5610072022676864,0.6474639410782798,,1.6899565203070188,-0.07815162318743768
2020-04-13,San Pedro Bay,29.774681836366653,34.44776753894985,-0.062257759273052216,0.0024414807558059692,12.359996929764748,0.69909906,0.0,-2.204001174240572,0.6933361797255707,,2.3104839826690573,-0.06914178842420915
2020-04-14,San Pedro Bay,29.82229071110487,34.461500868201256,-0.06958220154047012,-0.004272591322660446,12.512589484453201,1.037412,0.0,-2.630457975444544,0.5375504387917996,,2.6848220862517254,-0.060131953660980605
2020-04-15,San Pedro Bay,29.837672039866447,34.475234197452664,-0.06530961021780968,-0.0012207403779029846,12.512589484453201,1.1547719,0.0,-2.4000119566088434,0.799514920216174,,2.5296801180215818,-0.051122118897752075
2020-04-16,San Pedro Bay,29.93655201047659,34.487441601231694,-0.07629627361893654,-0.003662221133708954,12.359996929764748,0.3699558,0.0,-3.1980527253393802,0.6873347969258558,-0.042112284134523545,3.2710809157090175,-0.042112284134523545
2020-04-17,San Pedro Bay,29.959990225732327,34.49049345217645,-0.09033478796482086,-0.0079348124563694,12.665182039141655,0.346775,0.0,-3.5333436085093197,0.8140998261520759,,3.6259172057197473,-0.04483251186494345
2020-04-18,San Pedro Bay,29.982695996761322,34.499649005010724,-0.10864589363336563,-0.020142216235399246,12.817774593830109,0.22561009,0.0,-3.7538971839357553,-0.16585934557688303,,3.757559499206365,-0.04755273959536335
2020-04-19,San Pedro Bay,29.951200895011425,34.50422678142786,-0.11291848495602608,-0.02075258642435074,12.970367148518562,0.41324624,0.0,-3.636675201715149,-0.190770703456648,,3.6416754363983705,-0.050272967325783256
2020-04-20,San Pedro Bay,29.996612437069416,34.49507122859359,-0.11474959552288055,-0.020142216235399246,12.05481182038784,0.4065548,0.0,-3.2232652735304335,-0.06453625940630726,,3.223911281708195,-0.05299319505620316
2020-04-21,San Pedro Bay,30.011261321604252,34.49049345217645,-0.10437330231070518,-0.011597033590078354,12.359996929764748,0.19822603,22.99768829345703,-2.924477513984889,0.5058862910822407,,2.9679099833566687,-0.055713422786623064
2020-04-22,San Pedro Bay,30.042023979127407,34.49659715406597,-0.1031525619328022,-0.016479995101690292,12.359996929764748,0.20939079,0.0,-3.146408433242779,0.019099738520655045,,3.146466403569699,-0.05843365051704297
2020-04-23,San Pedro Bay,30.129917286336422,34.50727863237262,-0.09643848985433578,-0.02136295661330223,12.359996929764748,0.7089748,0.0,-2.9227204119750967,-0.6249211484750017,,2.9887825361486566,-0.06115387824746287
2020-04-24,San Pedro Bay,30.062532417476177,34.5011749304831,-0.0952177494764328,-0.017090365290641785,12.665182039141655,1.3089423,0.0,-3.4760249999589705,-0.2941020946880391,,3.488444616507427,-0.06387410597788278
2020-04-25,San Pedro Bay,30.046418644487858,34.508804557845,-0.09582811966538429,-0.019531846046447754,12.970367148518562,0.3050355,0.0,-3.5425316565352114,-0.3854973950491211,,3.5634447910896228,-0.06659433370830267
2020-04-26,San Pedro Bay,30.06765952706337,34.511856408789754,-0.0952177494764328,-0.020142216235399246,12.665182039141655,0.23676924,0.0,-3.2942786808874174,-0.5930183009443177,-0.06931456143872258,3.3472291126548583,-0.06931456143872258
2020-04-27,San Pedro Bay,30.066194638609886,34.51338233426213,-0.08423108607530594,-0.017090365290641785,12.665182039141655,0.2146016,17.068632125854492,-2.7150763377692346,-0.9563463546794111,,2.8785826147642517,-0.0673701706359682
2020-04-28,San Pedro Bay,30.06399730592966,34.51948603615165,-0.079348124563694,-0.012817773967981339,12.665182039141655,0.22229728,0.0,-2.747780281752575,-0.6048103642468423,,2.8135550560613987,-0.0654257798332138
2020-04-29,San Pedro Bay,30.094027519226074,34.52864158898592,-0.07751701399683952,-0.012817773967981339,12.665182039141655,0.25507098,38.404422760009766,-2.9937215929229066,-0.25751878313769083,,3.0047770132909335,-0.06348138903045943
2020-04-30,San Pedro Bay,30.091097742319107,34.52864158898592,-0.07019257172942162,-0.01342814415693283,12.665182039141655,0.2140289,0.0,-2.552803229666663,-0.5661388183320641,,2.6148264743609606,-0.06153699822770503
2020-05-01,San Pedro Bay,30.14896083623171,34.54237491823733,-0.062257759273052216,-0.016479995101690292,12.512589484453201,0.21406622,0.0,-1.9649551078826202,-1.06019424907387,,2.232724887164405,-0.05959260742495065
2020-05-02,San Pedro Bay,30.09988707304001,34.524063812568784,-0.06408886983990669,-0.01342814415693283,12.359996929764748,0.20953642,49.77534866333008,-2.629102797230014,-0.6098347916430342,,2.6989034794710585,-0.057648216622196255
2020-05-03,San Pedro Bay,30.111606180667877,34.51796011067927,-0.07446516305208206,-0.01342814415693283,12.359996929764748,0.22126879,0.0,-2.9579868104428013,-0.32408242265438675,,2.975687380661334,-0.055703825819441874
2020-05-04,San Pedro Bay,30.33426922559738,34.52558973804116,-0.08972441777586937,-0.003662221133708954,11.59703415632248,0.30035037,0.0,-2.4607127575110392,1.2208772637732133,,2.7469343945889846,-0.053759435016687486
2020-05-05,San Pedro Bay,30.400189206004143,34.534745290875435,-0.10559404268860817,-0.007324442267417908,12.05481182038784,0.46229428,0.0,-2.3757796590395643,1.242863296428195,,2.6812381770209277,-0.0518150442139331
2020-05-06,San Pedro Bay,30.589892260730267,34.54847862012684,-0.13245033100247383,-0.006103701889514923,11.749626711010933,0.55616075,0.0,-2.0533672168291326,1.0434320417964167,-0.04987065341117871,2.3032731824505874,-0.04987065341117871
2020-05-07,San Pedro Bay,30.86895351111889,34.54237491823733,-0.1501510664820671,-0.025635547935962677,11.139256492257118,1.7164016,3.879209280014038,-1.7742449427386837,0.1802566056378165,,1.7833781317235733,-0.042843673782321005
2020-05-08,San Pedro Bay,30.74663532525301,34.55305639654398,-0.13672292232513428,-0.020142216235399246,11.902219265699387,1.1536427,0.0,-2.3573029530317595,-0.05444058633591215,,2.3579315065991318,-0.0358166941534633
2020-05-09,San Pedro Bay,30.89751883596182,34.56373787485063,-0.12268440797924995,-0.021973326802253723,11.749626711010933,1.8005512,0.0,-2.1870951688844675,-0.21722931662603157,,2.1978566499568597,-0.028789714524605596
2020-05-10,San Pedro Bay,30.86968595534563,34.55305639654398,-0.10986663401126862,-0.011597033590078354,11.902219265699387,0.58525276,0.0,-1.9500824968359618,0.19898500225545399,,1.9602083500456224,-0.02176273489574789
2020-05-11,San Pedro Bay,30.837458409368992,34.54847862012684,-0.09338663890957832,-0.01892147585749626,12.207404375076294,0.20507765,0.0,-1.7131988857114417,-0.5337783168251053,,1.7944274054738374,-0.014735755266890187
2020-05-12,San Pedro Bay,31.005188137292862,34.51338233426213,-0.06958220154047012,-0.039674062281847,10.986663937568665,0.7385628,0.0,-0.38561642110738564,-0.7403418432048509,,0.8347491054368519,-0.007708775638032482
2020-05-13,San Pedro Bay,30.989806808531284,34.49201937764883,-0.056764427572488785,-0.028077028691768646,11.291849046945572,0.760713,9.202051162719727,0.4659293926554063,-0.6021721005731882,,0.7613812695679882,-0.0006817960091747774
2020-05-14,San Pedro Bay,30.597949147224426,34.48896752670407,0.017090365290641785,0.0158696249127388,14.038515031337738,0.69416994,27.60615348815918,0.96207428483807,2.6367335132719143,,2.8067687025399755,0.006345183619682927
2020-05-15,San Pedro Bay,30.446333192288876,34.43403420969844,-0.06591998040676117,-0.008545182645320892,13.885922476649284,0.44593143,4.601025581359863,-3.0109267355756373,2.2359202865638736,,3.750335896272764,0.013372163248540632
2020-05-16,San Pedro Bay,30.4888149574399,34.412671253085136,-0.08545182645320892,-0.004272591322660446,12.665182039141655,0.42772073,0.0,-2.9174534538122385,1.4304182750751295,,3.2492508516317833,0.020399142877398337
2020-05-17,San Pedro Bay,30.502731397747993,34.415723104029894,-0.07385479286313057,0.0,12.817774593830109,1.4642334,0.0,-3.0151390899166426,1.9122056756969228,,3.570377329878578,0.02742612250625604
2020-05-18,San Pedro Bay,30.65215002000332,34.42335273139179,-0.0634784996509552,0.004272591322660446,12.207404375076294,1.5797305,0.0,-2.252968081433818,1.3060377490655488,,2.6041504906483004,0.034453102135113746
2020-05-19,San Pedro Bay,30.82500685751438,34.426404582336545,-0.04577776417136192,0.015259254723787308,11.749626711010933,0.7477384,0.0,-1.8379868790916882,1.1920027206240762,,2.190677122190398,0.04148008176397145
2020-05-20,San Pedro Bay,30.880672618746758,34.42030088044703,-0.04455702379345894,0.007324442267417908,12.05481182038784,0.76166385,0.0,-2.116027590880939,0.9875116546909277,,2.335112852416304,0.048507061392829155
2020-05-21,San Pedro Bay,30.872615732252598,34.389782370999455,-0.04577776417136192,0.009765923023223877,11.444441601634026,0.48818302,3.106903553009033,-2.222998287924253,1.3030751319158644,0.05553404102168685,2.576766614874484,0.05553404102168685
2020-05-22,San Pedro Bay,30.978087700903416,34.391308296471834,-0.0317392498254776,0.012817773967981339,11.902219265699387,0.8081669,2.6720876693725586,-1.5762784177084244,1.716108596840476,,2.3301678837120647,0.02958759587459983
2020-05-23,San Pedro Bay,31.113589882850647,34.37604904174805,-0.028077028691768646,0.01892147585749626,11.59703415632248,0.2537545,1.751895785331726,-1.1031854936354795,1.5147572170386163,,1.8739017209924138,0.0036411507275128097
2020-05-24,San Pedro Bay,31.1355632096529,34.39436014741659,-0.04699850454926491,0.008545182645320892,12.207404375076294,0.25479612,0.2825416922569275,-1.7535750946624995,1.1815611811708682,,2.114500517254723,-0.022305294419574212
2020-05-25,San Pedro Bay,31.296700939536095,34.401989774778485,-0.05798516795039177,0.007324442267417908,12.05481182038784,0.2751454,0.37446147203445435,-2.225405371878367,0.8266645085772928,,2.3739846838019893,-0.048251739566661234
2020-05-26,San Pedro Bay,31.297433383762836,34.414197178557515,-0.0634784996509552,0.0006103701889514923,12.359996929764748,1.4527825,0.0,-2.408976062527319,0.8492053909107221,-0.07419818471374826,2.554273960596525,-0.07419818471374826
2020-05-27,San Pedro Bay,31.22052673995495,34.41724902950227,-0.0714133121073246,-0.0012207403779029846,12.970367148518562,0.8847828,0.0,-2.7625494012770115,1.7392126875639327,,3.2644356276513298,-0.0706334532593279
2020-05-28,San Pedro Bay,31.18903163820505,34.426404582336545,-0.06775109097361565,0.0,12.970367148518562,0.8940826,0.0,-2.0896649976164805,1.2816653163379859,,2.4514007802412143,-0.06706872180490756
2020-05-29,San Pedro Bay,31.219794295728207,34.43403420969844,-0.07873775437474251,-0.0024414807558059692,12.359996929764748,0.18102169,0.0,-2.1966380743295426,0.6397897382707534,,2.2879138398966776,-0.06350399035048722
2020-05-30,San Pedro Bay,31.242500066757202,34.44318976253271,-0.08972441777586937,-0.006714072078466415,12.512589484453201,0.41856793,0.0,-2.2944940272305407,0.5147321330797547,,2.351521211858711,-0.05993925889606687
2020-05-31,San Pedro Bay,31.161931201815605,34.44471568800509,-0.09643848985433578,-0.005493331700563431,12.817774593830109,0.30085576,16.537527084350586,-2.641313912876554,0.8751209292935099,,2.7825125026211093,-0.05637452744164652
2020-06-01,San Pedro Bay,31.157536536455154,34.45692309178412,-0.08789330720901489,-0.003662221133708954,12.665182039141655,0.5850935,0.25423645973205566,-2.2615411998309938,1.105951272594162,,2.5174782652260688,-0.05280979598722617
2020-06-02,San Pedro Bay,31.232245847582817,34.46913049556315,-0.08362071588635445,0.001831110566854477,12.359996929764748,1.4669738,0.15242211520671844,-1.686110016178379,1.2334387565781817,,2.0890998427280074,-0.049245064532805825
2020-06-03,San Pedro Bay,31.309152491390705,34.4798119738698,-0.10071108117699623,0.0006103701889514923,12.207404375076294,1.356874,2.1865103244781494,-1.845392560791485,1.1114856001162134,,2.1542687721568665,-0.04568033307838548
2020-06-04,San Pedro Bay,31.272530280053616,34.48286382481456,-0.11169774457812309,-0.004272591322660446,12.207404375076294,1.371594,2.779783010482788,-2.2392433475236944,0.9485912535220427,,2.4318791367351382,-0.04211560162396513
2020-06-05,San Pedro Bay,31.312082268297672,34.487441601231694,-0.11780144646763802,-0.006103701889514923,12.359996929764748,0.4348032,1.6862125396728516,-2.032703266387602,0.7349009901981923,,2.1614721914882713,-0.03855087016954478
2020-06-06,San Pedro Bay,31.272530280053616,34.48438975028694,-0.12146366760134697,-0.014038514345884323,12.512589484453201,1.0720652,0.0,-2.32786068005849,0.6963374032604118,,2.4297779991064674,-0.03498613871512444
2020-06-07,San Pedro Bay,31.16339609026909,34.45997494272888,-0.10742515325546265,-0.008545182645320892,12.817774593830109,0.6565618,10.095527648925781,-2.012216838079301,0.7157674173510103,,2.1357292897722773,-0.03142140726070409
2020-06-08,San Pedro Bay,31.18024230748415,34.45387124083936,-0.10742515325546265,-0.01342814415693283,12.665182039141655,0.6900766,0.0,-1.7210561677915186,0.19500758391483328,,1.732068789187522,-0.027856675806283746
2020-06-09,San Pedro Bay,31.251289397478104,34.41877495497465,-0.09033478796482086,-0.03479110077023506,11.291849046945572,0.6920298,30.286582946777344,-0.05918893082046029,-0.03678026549255102,,0.06968584835798279,-0.024291944351863395
2020-06-10,San Pedro Bay,30.557664714753628,33.98541212081909,0.06408886983990669,0.025025177747011185,10.528886273503304,0.72662234,15.143291473388672,1.1210431907972649,1.7647600179792629,,2.090721348408506,-0.020727212897443052
2020-06-11,San Pedro Bay,30.690969564020634,34.29212314076722,-0.017700735479593277,0.007324442267417908,13.885922476649284,0.5121546,8.850032806396484,-0.5115679987172147,2.892724067014183,,2.937610312004404,-0.017162481443022702
2020-06-12,San Pedro Bay,30.56645404547453,34.26313055679202,-0.05310220643877983,0.0,13.428144812583923,0.49541628,8.689676284790039,-1.538772653874929,1.7306287070600959,,2.315792953183378,-0.013597749988602352
2020-06-13,San Pedro Bay,30.433881640434265,34.22498241998255,-0.06958220154047012,-0.006103701889514923,13.428144812583923,0.5426172,15.651863098144531,-2.6297589486557507,0.7348218891934708,,2.730493606817797,-0.010033018534182009
2020-06-14,San Pedro Bay,30.41996520012617,34.18988613411784,-0.0714133121073246,-0.005493331700563431,12.665182039141655,0.393507,20.338287353515625,-2.3497586733174254,0.3744151900324476,,2.3794017225675663,-0.006468287079761659
2020-06-15,San Pedro Bay,30.38627276569605,34.17615280486643,-0.05066072568297386,-0.009155552834272385,12.665182039141655,0.38173008,23.080360412597656,-1.1892958523003545,-0.21698603859657695,,1.2089282713398102,-0.0029035556253413086
2020-06-16,San Pedro Bay,30.48515273630619,34.17615280486643,-0.06530961021780968,-0.0048829615116119385,12.512589484453201,0.381141,0.0,-2.2609985475864183,0.06000904121401454,,2.2617947557670477,0.0006611758290790276
2020-06-17,San Pedro Bay,30.635303802788258,34.076967649161816,-0.08362071588635445,0.0024414807558059692,10.528886273503304,0.4591255,0.0,-1.16880593507351,0.3341722154279397,,1.2156390843614233,0.004225907283499378
2020-06-18,San Pedro Bay,30.132114619016647,33.65276036784053,0.021973326802253723,0.05249183624982834,10.528886273503304,0.38400346,30.650583267211914,-0.907875469815882,1.9049844986255993,,2.1102615498314976,0.007790638737919728
2020-06-19,San Pedro Bay,30.257362581789494,33.86638993397355,-0.0634784996509552,-0.009155552834272385,10.528886273503304,0.3205876,0.0,-1.377199777554768,0.8662891354148096,,1.6270021799108447,0.011355370192340078
2020-06-20,San Pedro Bay,30.430951863527298,33.909115847200155,-0.15198217704892159,-0.0048829615116119385,10.528886273503304,0.5503183,10.2168607711792,-2.130510749844686,0.5356014322086601,,2.1968033479098064,0.014920101646760428
2020-06-21,San Pedro Bay,30.45219274610281,33.93963435664773,-0.09338663890957832,-0.0048829615116119385,12.05481182038784,0.6075391,6.0667524337768555,-2.220917867140957,0.9561757007429349,,2.418004992401211,0.018484833101180764
2020-06-22,San Pedro Bay,30.567918933928013,33.96099731326103,-0.08117923513054848,0.004272591322660446,12.359996929764748,0.80441797,0.0,-2.7599399591157026,1.379339929842556,,3.085424965864776,0.022049564555601114
2020-06-23,San Pedro Bay,30.642628245055676,33.96252323873341,-0.08056886494159698,0.005493331700563431,12.05481182038784,1.402435,0.0,-2.3386028362304243,1.2533741900522792,,2.6533017329196076,0.025614296010021465
2020-06-24,San Pedro Bay,30.650685131549835,33.957945462316275,-0.07995849475264549,0.0006103701889514923,12.512589484453201,1.2740177,0.0,-2.554664157180489,1.14831389945993,,2.8008808913760626,0.029179027464441815
2020-06-25,San Pedro Bay,30.61992247402668,33.91216769814491,-0.08545182645320892,-0.0079348124563694,12.05481182038784,1.2812353,18.20025634765625,-2.030361095953717,0.5835921257740221,,2.1125685667518157,0.03274375891886215
2020-06-26,San Pedro Bay,30.523239836096764,33.9060639962554,-0.07446516305208206,-0.006714072078466415,12.512589484453201,0.47781798,4.194011211395264,-2.184086764566993,0.8069998904548503,,2.3284080008346595,0.0363084903732825
2020-06-27,San Pedro Bay,30.377483434975147,33.90758992172778,-0.0555436871945858,-0.0024414807558059692,13.885922476649284,0.50317305,4.194011211395264,-1.9370975365535463,1.4877079399589421,,2.4424622373209166,0.03987322182770285
2020-06-28,San Pedro Bay,30.241248808801174,33.85265660472214,-0.048829615116119385,-0.001831110566854477,11.902219265699387,0.5064706,8.388022422790527,-0.7009364275342073,0.9427051177853205,,1.1747360616508937,0.0434379532821232
2020-06-29,San Pedro Bay,30.324015006422997,33.87096771039069,-0.035401470959186554,0.0006103701889514923,11.749626711010933,0.41499558,20.970056533813477,-0.703175713316606,0.9545974375767555,,1.185627408432525,0.04700268473654355
2020-06-30,San Pedro Bay,30.575975820422173,33.89996029436588,-0.04943998530507088,-0.004272591322660446,10.681478828191757,0.9949901,0.0,-0.6859067806590274,0.5909274465493459,,0.9053526157466831,0.05056741619096389
2020-07-01,San Pedro Bay,30.535691387951374,33.9060639962554,-0.07324442267417908,0.0048829615116119385,11.139256492257118,1.9321445,0.0,-1.8272128629087576,0.8875347482059893,,2.031360326395169,0.05413214764538424
2020-07-02,San Pedro Bay,30.55400249361992,33.9060639962554,-0.09826960042119026,-0.006103701889514923,11.749626711010933,1.5811459,0.0,-2.3190156476956676,0.8550740455079455,,2.4716361377756804,0.05769687909980459
2020-07-03,San Pedro Bay,30.40751364827156,33.88317511416972,-0.09216589853167534,-0.009155552834272385,12.512589484453201,0.23060226,5.538120269775391,-1.9553640995667358,1.2769304330526299,,2.3353800745768147,0.06126161055422494
2020-07-04,San Pedro Bay,30.437543861567974,33.88012326322496,-0.09338663890957832,-0.001831110566854477,11.749626711010933,0.2952403,9.691709518432617,-0.8636004609598673,1.3463067573793315,,1.5994835545060615,0.06482634200864529
2020-07-05,San Pedro Bay,30.500534065067768,33.90453807078302,-0.10010071098804474,-0.0006103701889514923,12.207404375076294,1.6614383,4.845854759216309,-1.8606191111271,1.0798467549829898,,2.1512722958609154,0.06839107346306564
2020-07-06,San Pedro Bay,30.482955403625965,33.91521954908967,-0.11047700420022011,-0.007324442267417908,12.207404375076294,1.6685975,2.669475555419922,-2.1049189265891175,0.6237647768219335,,2.195396589301532,0.07195580491748599
2020-07-07,San Pedro Bay,30.531296722590923,33.92895287834108,-0.1031525619328022,-0.009155552834272385,12.207404375076294,0.79169255,0.0,-2.094212903716847,0.7802468909594515,,2.234840687151108,0.07552053637190631
2020-07-08,San Pedro Bay,30.700491338968277,33.945738058537245,-0.08484145626425743,-0.003662221133708954,11.59703415632248,0.50566477,0.0,-1.11249702224211,0.8532364581450618,,1.4020207124024564,0.07908526782632666
2020-07-09,San Pedro Bay,30.72246466577053,33.95947138778865,-0.07690664380788803,0.0048829615116119385,12.05481182038784,0.316102,5.338951110839844,-1.6139529407778377,1.3773953655364697,,2.1218063267053324,0.08264999928074701
2020-07-10,San Pedro Bay,30.66899623721838,33.968626940622926,-0.07568590342998505,0.0024414807558059692,12.512589484453201,0.682439,0.0,-1.6544297955606038,1.5785154370931898,0.08621473073516735,2.286667648255908,0.08621473073516735
2020-07-11,San Pedro Bay,30.80449841916561,33.97930841892958,-0.07690664380788803,0.004272591322660446,11.749626711010933,0.61644834,0.0,-0.7100403682941934,0.746462893924995,,1.0302253038118565,0.03902875015959095
2020-07-12,San Pedro Bay,30.982482366263866,33.99761952459812,-0.048829615116119385,0.0048829615116119385,11.749626711010933,0.4058421,4.323166370391846,-0.24380227835559395,1.1308603914093993,,1.1568425890284288,-0.008157230415985442
2020-07-13,San Pedro Bay,31.04913479089737,33.96710101515055,-0.04272591322660446,0.012207403779029846,10.986663937568665,0.3322576,0.0,-0.42716299668788377,1.2351123420234802,,1.3068935393359704,-0.05534321099156185
2020-07-14,San Pedro Bay,31.006653025746346,34.01440470479429,-0.07385479286313057,0.0024414807558059692,12.05481182038784,0.3775086,0.0,-2.045288490928541,1.0472763216537364,,2.297823471248679,-0.10252919156713823
2020-07-15,San Pedro Bay,30.97515792399645,33.994567673653364,-0.07690664380788803,-0.0030518509447574615,12.359996929764748,1.5364867,8.646332740783691,-2.3052101888138066,1.1094046653094722,-0.14971517214271463,2.5582753421047952,-0.14971517214271463
2020-07-16,San Pedro Bay,30.874813064932823,33.9991454500705,-0.06958220154047012,-0.007324442267417908,13.580737367272377,0.8857807,3.473188638687134,-2.2042125040225233,0.930214097211042,,2.392457111327055,-0.13153726929198714
2020-07-17,San Pedro Bay,31.007385469973087,34.00067137554288,-0.09338663890957832,-0.0079348124563694,12.207404375076294,0.60832006,6.5965471267700195,-1.8679171187710755,0.09612592983517444,,1.8703888785449705,-0.11335936644125966
2020-07-18,San Pedro Bay,30.740775771439075,33.98846397176385,-0.08178960531949997,-0.011597033590078354,14.038515031337738,0.5855374,14.845417022705078,-2.7317533138706422,0.005104126018501701,,2.7317580822513636,-0.09518146359053217
2020-07-19,San Pedro Bay,30.56718648970127,33.95947138778865,-0.05615405738353729,-0.007324442267417908,14.343700140714645,0.534933,2.6425743103027344,-1.170776008430621,0.65558389799746,,1.341829612592553,-0.07700356073980469
2020-07-20,San Pedro Bay,30.830866411328316,33.95336768589914,-0.07629627361893654,-0.025025177747011185,11.444441601634026,0.3742569,7.062463760375977,-1.026493520797961,0.03571894320599077,,1.027114789662746,-0.058825657889077204
2020-07-21,San Pedro Bay,30.604541145265102,33.91216769814491,-0.05859553813934326,-0.01037629321217537,11.902219265699387,0.37779418,13.076864242553711,-0.764870542115317,0.4804098852676021,,0.9032278804701556,-0.04064775503834972
2020-07-22,San Pedro Bay,30.764946430921555,33.97167879156768,-0.06530961021780968,0.010986663401126862,12.207404375076294,0.23393418,4.358954429626465,-1.9943152418262293,1.4455462963630508,,2.463107260902242,-0.022469852187622236
2020-07-23,San Pedro Bay,30.71001311391592,33.97167879156768,-0.07019257172942162,-0.003662221133708954,12.512589484453201,0.25581715,4.358954429626465,-1.927594560243822,0.6343433783065248,,2.029288621730016,-0.0042919493368947514
2020-07-24,San Pedro Bay,30.756157100200653,33.96252323873341,-0.07019257172942162,0.0,12.207404375076294,0.60942763,4.358954429626465,-1.1337481316244915,0.7658241744925389,,1.3681635473141376,0.013885953513832733
2020-07-25,San Pedro Bay,30.90630816668272,33.922849176451564,-0.07324442267417908,-0.0006103701889514923,10.528886273503304,0.32922527,4.358954429626465,-0.8391158864848528,0.5693880415048038,0.0320638563645602,1.0140602609115184,0.0320638563645602
2020-07-26,San Pedro Bay,31.015442356467247,33.95489361137152,-0.08117923513054848,-0.0048829615116119385,11.291849046945572,0.4374338,4.681067943572998,-0.8745571661725001,0.7461052356835935,,1.1495752518291897,0.02363237959105477
2020-07-27,San Pedro Bay,31.11432232707739,33.77178255468607,-0.04943998530507088,-0.014648884534835815,10.528886273503304,0.23002551,14.043204307556152,0.2861212203578291,0.040360732681428015,,0.28895387431497627,0.01520090281754934
2020-07-28,San Pedro Bay,30.34965055435896,33.008819818496704,0.05859553813934326,-0.0714133121073246,10.528886273503304,0.23916739,9.362135887145996,1.705051307923289,0.20995480803134658,,1.7179292721373596,0.006769426044043909
2020-07-29,San Pedro Bay,30.573778487741947,33.65428629331291,0.03662221133708954,0.011597033590078354,10.528886273503304,0.23898196,0.0,0.7345924217643007,2.012247579919952,,2.142140599728982,-0.0016620507294615242
2020-07-30,San Pedro Bay,30.70561844855547,33.82213809527457,0.02685628831386566,0.025635547935962677,10.528886273503304,0.30397192,14.043204307556152,-0.21621475224305772,1.654816726721141,,1.6688820264247557,-0.010093527502966958
2020-07-31,San Pedro Bay,30.564989157021046,33.7839899584651,-0.03418073058128357,0.001831110566854477,10.681478828191757,0.331024,14.043204307556152,-1.146869582493216,1.2346022187562107,,1.6850971716212457,-0.018525004276472384
2020-08-01,San Pedro Bay,30.515182949602604,33.81756031885743,-0.01892147585749626,-0.006103701889514923,13.885922476649284,0.29467663,16.012544631958008,-0.3138417182627779,0.42569724563984174,,0.5288806756419453,-0.026956481049977818
2020-08-02,San Pedro Bay,30.6938993409276,33.79467143677175,-0.048829615116119385,-0.008545182645320892,11.291849046945572,0.27508593,0.0,-1.3250930835982966,-0.20765858030025514,,1.3412657328703959,-0.03538795782348325
2020-08-03,San Pedro Bay,30.635303802788258,33.7839899584651,-0.05859553813934326,-0.0006103701889514923,11.444441601634026,0.2867925,24.018814086914062,-1.5621375557570847,0.1279050032581997,,1.5673651243297455,-0.043819434596988685
2020-08-04,San Pedro Bay,30.589892260730267,33.765678852796555,-0.07446516305208206,-0.009155552834272385,12.359996929764748,0.28098792,40.0313606262207,-2.868779878409795,0.9086443996246277,,3.009241205975041,-0.05225091137049412
2020-08-05,San Pedro Bay,30.45219274610281,33.74431589618325,-0.06714072078466415,-0.009155552834272385,14.191107586026192,0.260585,16.012544631958008,-2.933542407595627,1.2200088553400543,,3.1771201841085737,-0.06068238814399955
2020-08-06,San Pedro Bay,30.41117586940527,33.55357521213591,-0.06836146116256714,-0.0048829615116119385,10.528886273503304,0.27365646,5.112371921539307,-0.4761177449283541,0.3705257389180526,,0.6033054203605585,-0.06911386491750497
2020-08-07,San Pedro Bay,30.2031617090106,33.61461223103106,0.04211554303765297,-0.007324442267417908,10.528886273503304,0.3131552,10.224743843078613,1.3070348295851868,1.3776462812898682,,1.8990127229959732,-0.0775453416910104
2020-08-08,San Pedro Bay,30.361369661986828,33.72142701409757,0.004272591322660446,0.02136295661330223,10.528886273503304,0.51023895,15.337116241455078,-0.5436212039560709,2.1820418524800544,,2.24873979361002,-0.08597681846451584
2020-08-09,San Pedro Bay,30.269814133644104,33.74584182165563,-0.006714072078466415,0.0048829615116119385,10.986663937568665,0.5478499,10.224743843078613,-1.3796238729010926,1.6433193338920808,,2.1456608454791084,-0.09440829523802129
2020-08-10,San Pedro Bay,30.547410495579243,33.8053529150784,-0.020142216235399246,0.014038514345884323,11.749626711010933,0.7321316,0.0,-2.120763340851544,1.6457414812059215,,2.684418404582576,-0.1028397720115267
2020-08-11,San Pedro Bay,30.60307625681162,33.78246403299272,-0.043336283415555954,-0.0030518509447574615,11.291849046945572,0.59452045,15.371533393859863,-2.167209747145686,0.8238218157202514,,2.318508242853555,-0.11127124878503213
2020-08-12,San Pedro Bay,30.60380870103836,33.727530715987086,-0.05798516795039177,-0.01342814415693283,10.528886273503304,0.55570555,15.371533393859863,-1.4622110164325768,0.8338638680906073,,1.683267657588602,-0.11970272555853757
2020-08-13,San Pedro Bay,30.420697644352913,33.67412332445383,0.0238044373691082,-0.04211554303765297,10.528886273503304,0.6075728,0.0,1.357214158177731,-0.09546119245885029,,1.3605672017301287,-0.12813420233204298
2020-08-14,San Pedro Bay,30.270546577870846,33.741264045238495,0.0030518509447574615,-0.040894802659749985,10.528886273503304,0.6853273,3.842883348464966,1.3183877336417564,-0.05059181019852309,,1.319358081597339,-0.13656567910554845
2020-08-15,San Pedro Bay,30.469771407544613,33.742789970710874,-0.010986663401126862,-0.06653035059571266,10.528886273503304,0.8183878,3.842883348464966,1.4726511056600515,-0.21088744024621214,,1.4876742894381727,-0.14499715587905387
2020-08-16,San Pedro Bay,30.557664714753628,33.72447886504233,-0.025025177747011185,-0.06408886983990669,10.528886273503304,0.984873,6.66069221496582,0.9155940182106855,-0.04263884262956842,,0.9165863173122203,-0.1534286326525593
2020-08-17,San Pedro Bay,30.512253172695637,33.61613815650344,-0.03662221133708954,-0.05493331700563431,10.528886273503304,0.8540609,19.98207664489746,0.7667522426630237,-0.0039032047667624348,,0.7667621773641601,-0.1618601094260647
2020-08-18,San Pedro Bay,30.24710836261511,33.65123444236815,-0.02685628831386566,-0.07019257172942162,10.528886273503304,0.8919846,13.32138442993164,1.241665077095782,-0.24047363841839214,,1.2647370218561065,-0.17029158619957013
2020-08-19,San Pedro Bay,29.958525337278843,33.72600479051471,-0.027466658502817154,-0.02868739888072014,10.528886273503304,0.62029785,19.98207664489746,1.5198317514570256,0.46739592689719056,,1.5900778299243765,-0.1787230629730756
2020-08-20,San Pedro Bay,30.064729750156403,33.729056641459465,0.014038514345884323,0.004272591322660446,10.528886273503304,0.6062979,0.0,0.6360503691333407,0.9546059675900085,,1.1470974786098675,-0.18715453974658103
2020-08-21,San Pedro Bay,30.5957518145442,33.81145661696792,-0.046388134360313416,0.01037629321217537,10.528886273503304,0.41286862,0.0,-0.507887779825515,1.1682179195848206,,1.2738457930751184,-0.19558601652008645
2020-08-22,San Pedro Bay,30.597216702997684,33.82976772263646,-0.05493331700563431,0.014648884534835815,10.528886273503304,0.31065693,0.0,-0.6364844347658645,0.884144502251707,,1.0894144925422742,-0.20401749329359187
2020-08-23,San Pedro Bay,30.99200414121151,33.8053529150784,-0.05493331700563431,-0.02929776906967163,10.528886273503304,0.7273149,0.0,-0.09640801127394807,0.3997000715686625,,0.41116256134258095,-0.21244897006709734
2020-08-24,San Pedro Bay,31.18097475171089,33.82213809527457,-0.019531846046447754,-0.02868739888072014,10.528886273503304,1.475074,0.0,0.694464644056826,0.3875440599602717,-0.22088044684060276,0.7952807933399779,-0.22088044684060276
2020-08-25,San Pedro Bay,31.411694683134556,33.85265660472214,-0.04211554303765297,-0.0317392498254776,10.528886273503304,1.2520303,0.0,0.35976660561897916,0.5639702782772087,,0.6689502861189868,-0.1982589666395063
2020-08-26,San Pedro Bay,31.487868882715702,33.88012326322496,-0.006103701889514923,-0.02929776906967163,10.528886273503304,1.3482182,0.0,1.0067520790900988,0.4588163294565742,,1.1063734328553991,-0.17563748643840982
2020-08-27,San Pedro Bay,31.30768760293722,33.935056580230594,-0.0048829615116119385,-0.015259254723787308,10.528886273503304,1.1974057,5.148083686828613,1.218866050989472,0.7202896291321103,,1.415786565867166,-0.15301600623731332
2020-08-28,San Pedro Bay,31.187566749751568,34.05713061802089,0.02624591812491417,-0.039674062281847,10.528886273503304,0.6221651,5.148083686828613,2.2303103141511813,0.09255988412806905,,2.232230147085856,-0.13039452603621685
2020-08-29,San Pedro Bay,31.00445569306612,34.21582686714828,0.06408886983990669,0.001831110566854477,12.512589484453201,0.62213725,13.513720512390137,3.205458264925976,0.11105582052307009,,3.2073814995186183,-0.10777304583512037
2020-08-30,San Pedro Bay,30.844050407409668,34.27838981151581,0.03357036039233208,0.01831110566854477,14.343700140714645,0.5951155,22.52286720275879,2.2165852369903076,0.9019013119419724,,2.3930474481978057,-0.08515156563402387
2020-08-31,San Pedro Bay,31.04181034862995,34.29975276812911,0.02136295661330223,0.02075258642435074,12.207404375076294,0.4130225,0.0,0.445522665085323,1.3600336799827488,,1.4311471118624202,-0.0625300854329274
2020-09-01,San Pedro Bay,31.301828049123287,34.28754536435008,-0.0024414807558059692,-0.0024414807558059692,10.681478828191757,0.4136851,0.0,0.26668534233709207,0.6532916408539198,,0.7056281172310659,-0.03990860523183093
2020-09-02,San Pedro Bay,31.234443180263042,34.26770833320916,-0.04821924492716789,0.006714072078466415,11.291849046945572,0.4136851,7.577917098999023,-0.9940600669007404,0.9324746359357046,,1.3629616147456718,-0.017287125030734457
2020-09-03,San Pedro Bay,31.346507146954536,34.281441662460566,-0.06897183135151863,0.0048829615116119385,11.749626711010933,1.203855,0.0,-0.9515511177811325,0.7131744388697423,0.005334355170362026,1.1891456218679421,0.005334355170362026
2020-09-04,San Pedro Bay,31.620441287755966,34.27838981151581,-0.05310220643877983,-0.003662221133708954,10.986663937568665,1.3772478,0.0,0.1636638003427056,0.49645889463847237,,0.5227401587866296,0.038964091524866
2020-09-05,San Pedro Bay,31.60579240322113,34.28754536435008,0.0,-0.028077028691768646,10.528886273503304,0.28344527,3.7889585494995117,1.0900684231377193,0.4269890297926912,,1.1707129446133486,0.07259382787936997
2020-09-06,San Pedro Bay,31.702475041151047,34.23718982376158,-0.08056886494159698,-0.023194067180156708,10.528886273503304,0.22456321,0.0,-0.05885592700077279,0.8867022733087057,,0.8886534429314652,0.10622356423387393
2020-09-07,San Pedro Bay,31.539139978587627,34.23108612187207,-0.11963255703449249,-0.01037629321217537,10.528886273503304,0.52429664,10.070517539978027,-1.8841777301022555,1.080204295783621,,2.1718579693991678,0.1398533005883779
2020-09-08,San Pedro Bay,31.337717816233635,34.26007870584726,-0.09033478796482086,-0.0158696249127388,12.512589484453201,0.4723542,0.0,-1.6085870136321874,0.4521586560075572,0.17348303694288186,1.6709277754076266,0.17348303694288186
2020-09-09,San Pedro Bay,31.435865342617035,34.19446391053498,-0.0872829370200634,-0.02868739888072014,10.528886273503304,0.550284,13.427356719970703,-0.09397529148804414,-0.14590600782123195,,0.17355091048044738,0.10240968348047476
2020-09-10,San Pedro Bay,31.309884935617447,34.2143009416759,-0.02868739888072014,-0.019531846046447754,11.59703415632248,0.4268296,6.713678359985352,0.5758335965699302,0.13557273214625576,,0.5915778026940002,0.031336330018067654
2020-09-11,San Pedro Bay,31.517899096012115,34.18988613411784,-0.05005035549402237,-0.009765923023223877,10.528886273503304,0.29954907,0.0,-0.27373532189684313,0.6504670158823056,,0.7057183327679677,-0.03973702344433944
2020-09-12,San Pedro Bay,31.58894618600607,34.1715750284493,-0.05310220643877983,-0.025635547935962677,10.528886273503304,0.9171398,0.0,-0.21598923292386785,0.39051322981540526,,0.44626441870252254,-0.11081037690674655
2020-09-13,San Pedro Bay,31.48713643848896,34.21582686714828,-0.09704886004328728,-0.02075258642435074,10.528886273503304,0.66717815,5.4454345703125,-1.3208841860345661,0.24059285660580823,-0.1818837303691537,1.34261683125378,-0.1818837303691537
2020-09-14,San Pedro Bay,31.31501204520464,34.15936762467027,-0.1031525619328022,-0.04028443247079849,10.986663937568665,0.67491,10.890869140625,-0.937591033800129,0.6307439516692678,,1.1300065837108022,-0.17736138473669982
2020-09-15,San Pedro Bay,31.18903163820505,34.199041686952114,-0.06958220154047012,-0.001831110566854477,13.122959703207016,0.6965119,16.3363037109375,-1.0411079865795498,2.7698051565821995,,2.9590076791297903,-0.17283903910424597
2020-09-16,San Pedro Bay,30.997131250798702,34.16852317750454,-0.048829615116119385,0.0024414807558059692,13.428144812583923,0.69662964,21.438766479492188,-0.6809400781684147,2.4510155181409794,,2.54384678395219,-0.1683166934717921
2020-09-17,San Pedro Bay,30.762016654014587,34.16547132655978,-0.04455702379345894,-0.001831110566854477,14.343700140714645,0.73748296,5.077151775360107,-0.9917809842430099,1.1678098905591021,,1.5321257980967802,-0.16379434783933824
2020-09-18,San Pedro Bay,30.96343881636858,34.173100953921676,-0.04821924492716789,-0.01342814415693283,11.902219265699387,2.002287,1.4191969633102417,-0.2460037101080137,-0.05444261849151558,,0.25195599634682314,-0.15927200220688437
2020-09-19,San Pedro Bay,31.09015166759491,34.18225650675595,-0.03723258152604103,-0.0238044373691082,11.444441601634026,2.0635524,6.678136825561523,0.0143341141762706,-0.4940093842411099,,0.4942172989156682,-0.15474965657443052
2020-09-20,San Pedro Bay,31.13190098851919,34.11206393502653,-0.030518509447574615,-0.01342814415693283,10.83407138288021,1.0355785,6.329484462738037,0.1624327349547512,0.3017832522787348,,0.3427207678866441,-0.15022731094197664
2020-09-21,San Pedro Bay,30.972960591316223,34.1212194878608,0.012207403779029846,-0.009155552834272385,11.902219265699387,1.0351498,0.0,0.6520350319998607,0.20683845821394262,,0.684055429589869,-0.1457049653095228
2020-09-22,San Pedro Bay,30.77593309432268,34.150212071835995,0.006714072078466415,0.001831110566854477,13.580737367272377,0.35927966,7.447852611541748,1.6040031858308166,-0.3580118740415784,,1.6434715458778628,-0.1411826196770689
2020-09-23,San Pedro Bay,30.991271696984768,34.15173799730837,-0.017090365290641785,0.012207403779029846,11.749626711010933,0.505983,0.0,0.8007283298232968,0.45571282358546633,,0.9213251520293173,-0.13666027404461506
2020-09-24,San Pedro Bay,30.904110834002495,34.14716022089124,-0.001831110566854477,0.0,12.512589484453201,0.41615266,7.447852611541748,1.5270694288262248,0.4767529160560018,,1.5997607269287346,-0.13213792841216118
2020-09-25,San Pedro Bay,31.02423168718815,34.15326392278075,-0.020142216235399246,0.014648884534835815,11.902219265699387,0.8031908,0.0,0.6315151489730765,0.8673575589716676,,1.0729028467143598,-0.1276155827797073
2020-09-26,San Pedro Bay,31.054994344711304,34.16699725203216,-0.09704886004328728,0.006714072078466415,12.512589484453201,1.6566361,0.0,-1.0713930868361912,1.4971994203923984,,1.8410565583228875,-0.12309323714725345
2020-09-27,San Pedro Bay,31.040345460176468,34.16699725203216,-0.1110873743891716,-0.0048829615116119385,12.817774593830109,0.5387389,0.0,-2.209451377545771,1.4203833692460213,,2.6266260307416402,-0.11857089151479959
2020-09-28,San Pedro Bay,31.022034354507923,34.15326392278075,-0.07690664380788803,-0.0048829615116119385,12.512589484453201,0.57805514,9.412023544311523,-0.42277126083611516,0.42634432417200496,,0.6004207039590176,-0.11404854588234573
2020-09-29,San Pedro Bay,31.285714276134968,34.1425824444741,-0.014038514345884323,-0.0158696249127388,11.749626711010933,0.37741423,0.0,0.7855783394689048,-0.12905963776687798,,0.7961091115815969,-0.10952620024989186
2020-09-30,San Pedro Bay,31.371410250663757,34.136478742584586,-0.028077028691768646,0.0048829615116119385,11.59703415632248,1.3489323,0.0,0.2528261246211609,0.5141232612630581,,0.5729256296088677,-0.105003854617438
2020-10-01,San Pedro Bay,31.512771986424923,34.136478742584586,0.009765923023223877,-0.0030518509447574615,11.291849046945572,1.9809853,0.0,0.8024306533210159,-0.004672082333116632,,0.8024442546012277,-0.10048150898498413
2020-10-02,San Pedro Bay,31.232245847582817,34.13342689163983,0.0158696249127388,-0.014038514345884323,12.207404375076294,0.71712273,0.0,1.5457387059261818,-0.5547777352739514,,1.6422808780942564,-0.09595916335253027
2020-10-03,San Pedro Bay,31.074770338833332,34.12274541333318,0.023194067180156708,-0.003662221133708954,12.665182039141655,0.39607057,19.658191680908203,1.8640711746655418,-0.49131265884440856,-0.0914368177200764,1.9277316911229465,-0.0914368177200764
2020-10-04,San Pedro Bay,31.113589882850647,34.10901208408177,-0.0079348124563694,-0.014038514345884323,11.59703415632248,1.1482196,17.200918197631836,0.6171920744028541,0.25683160952143547,,0.6684972194071335,-0.09223985981100545
2020-10-05,San Pedro Bay,31.289376497268677,33.95947138778865,-0.040894802659749985,-0.009765923023223877,10.528886273503304,0.6922871,0.0,0.07360453005302539,0.26962309150839814,,0.27948924544402914,-0.0930429019019345
2020-10-06,San Pedro Bay,31.18829919397831,33.88164918869734,-0.030518509447574615,-0.05371257662773132,10.528886273503304,0.58635074,8.563945770263672,0.8911202699350629,-0.0044193673792307904,,0.8911312284378614,-0.09384594399286356
2020-10-07,San Pedro Bay,30.875545509159565,33.84502697736025,-0.05493331700563431,-0.03234962001442909,10.528886273503304,0.58577543,8.563945770263672,1.161796698547198,0.25953188249785203,,1.1904320084692144,-0.0946489860837926
2020-10-08,San Pedro Bay,30.82793663442135,33.9991454500705,-0.07873775437474251,-0.006714072078466415,11.291849046945572,0.59975725,17.127891540527344,-0.1871154026461245,1.2433437856508964,,1.257344798861523,-0.09545202817472165
2020-10-09,San Pedro Bay,30.904110834002495,33.861812157556415,-0.09277626872062683,-0.01831110566854477,10.528886273503304,0.5959067,17.127891540527344,0.022817653001906184,0.8185111901737836,,0.818829172494617,-0.0962550702656507
2020-10-10,San Pedro Bay,30.93121127039194,33.874019561335444,-0.07446516305208206,-0.009765923023223877,10.681478828191757,0.5803627,8.563945770263672,0.16933880374008276,0.5779436058189326,,0.6022411825499082,-0.09705811235657974
2020-10-11,San Pedro Bay,30.843317963182926,33.94116028212011,-0.051881466060876846,-0.02075258642435074,12.359996929764748,0.57748413,0.0,-0.07979450633852868,-0.04725735022047592,,0.09273845152723982,-0.0978611544475088
2020-10-12,San Pedro Bay,31.099673442542553,33.884701039642096,-0.07202368229627609,-0.028077028691768646,10.528886273503304,0.89874357,0.0,-0.2977018519911327,-0.581690394173348,,0.6534448005397971,-0.09866419653843785
2020-10-13,San Pedro Bay,30.960509039461613,33.919797325506806,-0.051881466060876846,-0.024414807558059692,11.902219265699387,0.88117504,38.48542404174805,0.7179599019563533,-0.07166475018520799,,0.7215277245097964,-0.09946723862936689
2020-10-14,San Pedro Bay,30.727591775357723,33.896908443421125,-0.016479995101690292,0.010986663401126862,13.122959703207016,1.0551562,9.621356010437012,0.33948523262903646,2.198530217986824,,2.2245865554242616,-0.10027028072029594
2020-10-15,San Pedro Bay,30.725394442677498,33.87554548680782,-0.06164738908410072,0.004272591322660446,12.512589484453201,1.1333579,19.242712020874023,-1.1065644652363924,1.1720131793332593,,1.6118622175157398,-0.101073322811225
2020-10-16,San Pedro Bay,30.62797936052084,33.86333808302879,-0.08423108607530594,-0.010986663401126862,12.970367148518562,1.3069004,5.012631893157959,-1.150944007407025,0.2344509680244779,,1.1745805057950505,-0.10187636490215404
2020-10-17,San Pedro Bay,30.700491338968277,33.8343454990536,-0.06591998040676117,-0.03357036039233208,11.902219265699387,0.31288168,10.025263786315918,-0.0016314196218693636,-1.024064534057394,,1.0240658335498602,-0.10267940699308309
2020-10-18,San Pedro Bay,30.72685933113098,33.84197512641549,-0.10254219174385071,-0.024414807558059692,12.05481182038784,0.31546986,5.012631893157959,-0.7794254093787887,-0.793387360435123,,1.112190393989943,-0.10348244908401213
2020-10-19,San Pedro Bay,30.499801620841026,33.70769368484616,-0.056764427572488785,-0.0158696249127388,11.444441601634026,0.32305896,17.186166763305664,0.9913212658514354,0.1767303725569223,,1.0069515761512073,-0.10428549117494118
2020-10-20,San Pedro Bay,30.3994567617774,33.76110107637942,-0.05493331700563431,0.0030518509447574615,14.038515031337738,0.5947967,10.025263786315918,0.5944219743726239,2.166149145625697,,2.246227861262518,-0.10508853326587023
2020-10-21,San Pedro Bay,30.442670971155167,33.739738119766116,-0.10498367249965668,-0.0006103701889514923,12.512589484453201,2.42825,0.0,-0.14896474237339066,2.078494614319688,,2.0838258939331564,-0.10589157535679929
2020-10-22,San Pedro Bay,30.619190029799938,33.69853813201189,-0.10986663401126862,0.008545182645320892,11.444441601634026,2.938782,0.0,0.012789516750886217,0.9682967939063548,,0.9683812538603,-0.10669461744772833
2020-10-23,San Pedro Bay,30.73052155226469,33.47880486398935,-0.04943998530507088,-0.003662221133708954,10.528886273503304,3.1249833,11.647303581237793,0.6078529356410074,-0.07455519066953416,-0.10749765953865738,0.6124080892861893,-0.10749765953865738
2020-10-24,San Pedro Bay,30.40311898291111,33.43302709981799,0.04699850454926491,-0.009765923023223877,11.59703415632248,0.79667985,40.765560150146484,2.3807244638440093,-0.5473345927714008,,2.4428311708322332,-0.12627070457970907
2020-10-25,San Pedro Bay,30.058137752115726,33.38724933564663,0.07751701399683952,0.03418073058128357,12.817774593830109,0.84405226,50.95695114135742,0.8997752490884634,3.0793303233502334,,3.2080945651860793,-0.14504374962076078
2020-10-26,San Pedro Bay,29.987823106348515,33.379619708284736,0.0158696249127388,0.012207403779029846,13.122959703207016,3.3132043,4.658957004547119,-0.7105790440219392,2.018878628413514,,2.1402788355884765,-0.16381679466181248
2020-10-27,San Pedro Bay,30.1050141826272,33.36436045356095,-0.05493331700563431,0.006103701889514923,11.902219265699387,3.544017,5.536946773529053,-0.882173148502032,0.7445124253523067,,1.1543518594613873,-0.1825898397028642
2020-10-28,San Pedro Bay,30.240516364574432,33.35062712430954,-0.054322946816682816,-0.028077028691768646,11.59703415632248,2.1904879,9.796640396118164,0.09063034176360664,-0.8115591588213914,-0.20136288474391587,0.8166040210010433,-0.20136288474391587
2020-10-29,San Pedro Bay,30.206091485917568,33.342997496947646,-0.02624591812491417,-0.023194067180156708,12.207404375076294,2.5239365,39.43112564086914,-0.28163288454242374,-2.1668922843518765,,2.1851176750096046,-0.2003103059302725
2020-10-30,San Pedro Bay,30.03982664644718,33.32773824222386,-0.010986663401126862,-0.001831110566854477,13.27555225789547,2.5288363,44.61122512817383,-0.09394095825733695,-1.3590661692488268,,1.3623089796499865,-0.19925772711662915
2020-10-31,San Pedro Bay,30.04788353294134,33.16904199309647,0.046388134360313416,0.0048829615116119385,11.291849046945572,2.5053291,2.874567985534668,1.941385127809776,-0.5014329579691436,,2.00509631335222,-0.19820514830298577
2020-11-01,San Pedro Bay,29.787133388221264,32.946256874129176,0.07324442267417908,0.04516739398241043,10.528886273503304,1.0554584,17.648540496826172,0.852959770123306,1.5365733939911785,,1.7574407997341965,-0.19715256948934243
2020-11-02,San Pedro Bay,30.164342164993286,33.222449384629726,-0.0158696249127388,0.009765923023223877,11.291849046945572,1.0598519,0.0,0.5017657955479674,1.3323487426375817,,1.4237001389301855,-0.19609999067569905
2020-11-03,San Pedro Bay,30.48075807094574,33.27585677616298,-0.043336283415555954,-0.021973326802253723,10.528886273503304,1.069131,0.0,1.2564523252353534,-0.10300908719350885,,1.2606678062177072,-0.1950474118620557
2020-11-04,San Pedro Bay,30.328409671783447,33.260597521439195,-0.05798516795039177,-0.036011841148138046,10.986663937568665,1.096233,17.648540496826172,1.5443261126996954,-1.1435902280218198,,1.9216507882529412,-0.19399483304841234
2020-11-05,San Pedro Bay,30.14603105932474,33.23007901199162,-0.06103701889514923,-0.02685628831386566,11.59703415632248,0.77011484,0.0,0.26579941053312817,-0.8853992606418892,,0.9244355993712934,-0.192942254234769
2020-11-06,San Pedro Bay,30.126255065202713,33.213293831795454,-0.07324442267417908,-0.02868739888072014,11.59703415632248,0.75804573,53.4200553894043,-0.46306977697425866,-1.2713613667403783,,1.3530681221531133,-0.19188967542112562
2020-11-07,San Pedro Bay,29.4494765996933,32.51289403997362,-0.0048829615116119385,-0.004272591322660446,10.528886273503304,0.51359665,17.806684494018555,-0.25512382486607277,0.43565148122658504,,0.5048567906933729,-0.19083709660748227
2020-11-08,San Pedro Bay,29.63771476596594,32.825708761811256,-0.12268440797924995,-0.004272591322660446,10.528886273503304,0.48513108,8.903342247009277,-0.8779722348026301,0.805624815286947,,1.191581549072682,-0.1897845177938389
2020-11-09,San Pedro Bay,29.803247161209583,32.828760612756014,-0.21790215745568275,-0.040894802659749985,10.528886273503304,1.4078237,8.903342247009277,1.836847532805295,-1.1347742522028914,,2.1591020036662303,-0.18873193898019555
2020-11-10,San Pedro Bay,29.70802941173315,32.76314581744373,0.038453321903944016,0.0048829615116119385,12.359996929764748,1.3949128,35.61336898803711,4.074953053074806,0.33038833537033224,,4.0883246980777415,-0.18767936016655218
2020-11-11,San Pedro Bay,29.46192815154791,32.65633103437722,0.048829615116119385,0.02929776906967163,13.73332992196083,1.397121,55.84075164794922,-0.2377950953950913,2.8110824755954704,,2.8211223284348943,-0.18662678135290883
2020-11-12,San Pedro Bay,29.358653515577316,32.59529401548207,-0.09643848985433578,-0.016479995101690292,13.885922476649284,0.5503588,18.613582611083984,-2.4634767175233954,1.7856798562334664,,3.042592658693867,-0.18557420253926546
2020-11-13,San Pedro Bay,29.538834795355797,32.51289403997362,-0.14404736459255219,-0.01892147585749626,11.291849046945572,0.5490327,0.0,-2.343402088063466,0.06512508394544633,,2.344306853400193,-0.1845216237256221
2020-11-14,San Pedro Bay,29.5073396936059,32.45796072296798,-0.09582811966538429,-0.022583696991205215,12.359996929764748,0.5711042,0.0,-2.9667195383859273,-0.3719919448546586,,2.989950305018055,-0.18346904491197874
2020-11-15,San Pedro Bay,29.574724562466145,32.406079256907105,-0.07446516305208206,-0.02075258642435074,12.359996929764748,3.0550818,0.0,-2.58939173439653,-0.6821746727719008,,2.6777437962457347,-0.1824164660983354
2020-11-16,San Pedro Bay,29.61720632761717,32.3633533436805,-0.05371257662773132,-0.012207403779029846,12.512589484453201,1.5615563,0.0,-2.8842914214204645,0.037044040958915656,,2.8845292968958125,-0.18136388728469202
2020-11-17,San Pedro Bay,29.628925435245037,32.32825705781579,-0.01831110566854477,-0.004272591322660446,12.512589484453201,0.60248035,28.380495071411133,-2.3172015811253943,-0.04423978803362925,,2.3176238535222424,-0.18031130847104865
2020-11-18,San Pedro Bay,29.710226744413376,32.31604965403676,-0.01831110566854477,-0.006103701889514923,12.359996929764748,1.9536719,0.0,-2.039176861208254,-0.47571564146253215,,2.093931145672955,-0.1792587296574053
2020-11-19,San Pedro Bay,29.739524513483047,32.311471877619624,-0.01831110566854477,-0.004272591322660446,12.359996929764748,0.7965982,0.0,-1.5522511865818092,-0.42745300134812547,,1.6100309980264835,-0.17820615084376196
2020-11-20,San Pedro Bay,29.940214231610298,32.31452372856438,-0.02929776906967163,-0.004272591322660446,11.749626711010933,1.7713885,0.0,-1.6462418665924772,-0.4343059764365359,,1.7025668751888652,-0.17715357203011858
2020-11-21,San Pedro Bay,29.796655163168907,32.31604965403676,-0.04516739398241043,-0.006103701889514923,12.512589484453201,1.5795181,17.45697593688965,-2.6614052361783243,-0.992937581911333,,2.8405990341351113,-0.1761009932164752
2020-11-22,San Pedro Bay,29.746848955750465,32.309945952147245,-0.04516739398241043,-0.005493331700563431,12.665182039141655,1.197334,17.45697593688965,-2.2258026054327247,-1.0083892378193455,-0.17504841440283186,2.443572403940793,-0.17504841440283186
2020-11-23,San Pedro Bay,29.53663746267557,32.251960784196854,-0.07385479286313057,-0.009155552834272385,12.512589484453201,0.26784804,34.9139518737793,-2.6996636926610713,-1.617621574956729,,3.147202505915039,-0.1811339892097274
2020-11-24,San Pedro Bay,29.51539658010006,32.30231632478535,-0.08239997550845146,-0.011597033590078354,11.749626711010933,0.23546602,0.0,-2.7256896553769696,-2.038319032321238,,3.403546470220733,-0.18721956401662296
2020-11-25,San Pedro Bay,29.448744155466557,32.35572371631861,-0.07385479286313057,-0.02685628831386566,10.528886273503304,0.6130297,0.0,-1.7236754627557487,-1.5795562397731806,,2.337959583806494,-0.1933051388235185
2020-11-26,San Pedro Bay,29.48243658989668,32.35267186537385,-0.09460737928748131,-0.04699850454926491,10.528886273503304,0.26455167,14.073747634887695,-2.084616144616617,-0.9681233548432744,,2.2984532408968525,-0.19939071363041405
2020-11-27,San Pedro Bay,29.248054437339306,32.31452372856438,-0.11352885514497757,-0.03234962001442909,10.528886273503304,0.27130362,70.36873626708984,-2.6543198123231804,-0.4329719712729644,,2.6894011218112035,-0.20547628843730958
2020-11-28,San Pedro Bay,29.29419842362404,32.345042238011956,-0.12146366760134697,-0.04455702379345894,10.528886273503304,0.33185652,0.0,-2.126353823638876,-0.8602495347911123,,2.2937763285490576,-0.21156186324420512
2020-11-29,San Pedro Bay,29.345469519495964,32.37250889651477,-0.09582811966538429,-0.05493331700563431,10.528886273503304,0.3040326,0.0,-1.421814980210986,-1.7068068331239616,,2.2214291353880755,-0.21764743805110068
2020-11-30,San Pedro Bay,29.33521530032158,32.44727924466133,-0.04821924492716789,-0.048829615116119385,10.528886273503304,0.25700244,0.0,1.1050163305423948,-2.5982085968755055,,2.823428590144111,-0.2237330128579962
2020-12-01,San Pedro Bay,29.304452642798424,32.6075014192611,0.0006103701889514923,-0.027466658502817154,10.528886273503304,0.22848745,16.367443084716797,1.6883676099385625,-1.0467101084853616,,1.986501255346971,-0.22981858766489177
2020-12-02,San Pedro Bay,29.47071748226881,32.610553270205855,-0.0030518509447574615,-0.012817773967981339,10.528886273503304,0.82316434,0.0,0.1586482144876919,0.6283891620884843,,0.6481066231650469,-0.2359041624717873
2020-12-03,San Pedro Bay,29.533707685768604,32.62733845040202,-0.04943998530507088,-0.001831110566854477,10.528886273503304,0.77524525,0.0,-1.8219109966041347,1.2321800837272667,,2.199460715330284,-0.24198973727868284
2020-12-04,San Pedro Bay,29.439222380518913,32.61970882304013,-0.059205908328294754,-0.014648884534835815,10.528886273503304,1.2124479,16.367443084716797,-1.5859745278154134,0.24408890861684546,,1.604647811262361,-0.2480753120855784
2020-12-05,San Pedro Bay,29.538102351129055,32.5785088352859,-0.0872829370200634,-0.035401470959186554,10.528886273503304,1.5337487,0.0,-1.3197613045414345,-0.2129009392997494,,1.3368233656394641,-0.25416088689247396
2020-12-06,San Pedro Bay,29.309579752385616,32.43964961729944,-0.09277626872062683,-0.027466658502817154,10.528886273503304,1.2517533,59.54841995239258,-2.073846003371159,-0.27200691168162516,,2.0916082342783757,-0.2602464616993695
2020-12-07,San Pedro Bay,29.24951932579279,32.43964961729944,-0.07507553324103355,-0.01342814415693283,10.528886273503304,0.8957544,14.887104988098145,-3.3323622777514275,1.5687277578772265,,3.6831433760464978,-0.266332036506265
2020-12-08,San Pedro Bay,29.289071314036846,32.44727924466133,-0.07690664380788803,-0.017700735479593277,11.291849046945572,0.35307902,14.887104988098145,-2.368306845464062,0.1591674917872769,,2.373649427508997,-0.27241761131316056
2020-12-09,San Pedro Bay,29.17188023775816,32.454908872023225,-0.04577776417136192,-0.006103701889514923,12.817774593830109,0.3612839,14.887104988098145,-1.7893109702141812,0.8303861872898333,,1.9726061360977665,-0.2785031861200561
2020-12-10,San Pedro Bay,29.244392216205597,32.46101257391274,-0.038453321903944016,-0.0006103701889514923,12.207404375076294,1.4494983,0.0,-2.395097284729461,0.8746050725007535,,2.5497892140650538,-0.2845887609269517
2020-12-11,San Pedro Bay,29.301522865891457,32.45185702107847,-0.036011841148138046,-0.006103701889514923,12.05481182038784,0.44102618,0.0,-2.222940077220489,-0.09308710501078575,,2.224888265965804,-0.2906743357338472
2020-12-12,San Pedro Bay,29.437025047838688,32.430494064465165,-0.0317392498254776,-0.012207403779029846,11.444441601634026,1.3601445,0.0,-1.7813819851399388,-0.4305811319629739,-0.29675991054074274,1.8326816112417414,-0.29675991054074274
2020-12-13,San Pedro Bay,29.49928280711174,32.454908872023225,-0.028077028691768646,-0.006714072078466415,11.749626711010933,2.472442,0.0,-1.8160237874390392,-0.47691785663917013,,1.877603003439687,-0.298430242351111
2020-12-14,San Pedro Bay,29.341807298362255,32.42286443710327,-0.035401470959186554,-0.007324442267417908,12.207404375076294,2.128617,53.63227844238281,-2.2615922038401512,-0.44771653732343014,,2.3054824645317593,-0.30010057416147917
2020-12-15,San Pedro Bay,29.349131740629673,32.43659776635468,-0.0476088747382164,-0.010986663401126862,12.512589484453201,1.0818868,0.0,-2.5370379379864785,-1.207386941299967,,2.8096876560935335,-0.3017709059718474
2020-12-16,San Pedro Bay,29.18872645497322,32.42591628804803,-0.05493331700563431,-0.012817773967981339,14.343700140714645,1.0120367,16.81262969970703,-2.7863760708862526,-2.0403177312639613,,3.4535182137810754,-0.30344123778221566
2020-12-17,San Pedro Bay,29.140385136008263,32.43964961729944,-0.06591998040676117,-0.01342814415693283,13.428144812583923,0.4092684,50.437889099121094,-3.4909607159459,-2.0490300126703884,,4.047879779971426,-0.3051115695925839
2020-12-18,San Pedro Bay,28.855464331805706,32.33130890876055,-0.10437330231070518,-0.020142216235399246,12.05481182038784,1.098352,100.87577819824219,-5.429213441423302,-0.6017204616565454,,5.462456050762113,-0.3067819014029521
2020-12-19,San Pedro Bay,28.667958609759808,32.21076079644263,-0.1031525619328022,-0.025635547935962677,13.122959703207016,1.2580574,16.81262969970703,-4.20725512338779,1.6958041134413697,,4.536159969008751,-0.3084522332133203
2020-12-20,San Pedro Bay,28.662831500172615,32.215338572859764,-0.06958220154047012,-0.006714072078466415,12.359996929764748,1.27805,0.0,-3.164950005486593,0.7916711967302023,,3.2624610068109345,-0.31012256502368857
2020-12-21,San Pedro Bay,28.717032372951508,32.26569411344826,-0.048829615116119385,-0.001831110566854477,12.359996929764748,2.4340978,0.0,-3.2406180859938454,0.780683241353792,,3.33332745205164,-0.31179289683405675
2020-12-22,San Pedro Bay,28.735343478620052,32.30842002667487,-0.03662221133708954,0.0006103701889514923,12.359996929764748,2.5980783,0.0,-2.8649854020208974,0.9512324466935231,-0.313463228644425,3.0187720221035885,-0.313463228644425
2020-12-23,San Pedro Bay,28.79613634943962,32.35267186537385,-0.03418073058128357,-0.005493331700563431,12.05481182038784,1.886989,0.0,-2.663389701749783,-0.48739448048609124,,2.7076185261212675,-0.2898958454742724
2020-12-24,San Pedro Bay,28.915524758398533,32.393871853128076,-0.024414807558059692,-0.012817773967981339,10.528886273503304,2.1524546,0.0,-1.9377893323858526,-0.9145636339994196,,2.1427678682821973,-0.2663284623041198
2020-12-25,San Pedro Bay,28.68114260584116,32.38929407671094,-0.0317392498254776,-0.01037629321217537,10.37629371881485,2.1524541,30.200584411621094,-2.283980350793139,-1.6414172669437295,,2.812617444131031,-0.2427610791339671
2020-12-26,San Pedro Bay,28.51341287791729,32.2916348464787,-0.03723258152604103,-0.0006103701889514923,10.37629371881485,1.2245936,27.644794464111328,-2.4796419561173764,1.0511907012472563,,2.693255673144736,-0.2191936959638145
2020-12-27,San Pedro Bay,28.392559580504894,32.28400521911681,0.005493331700563431,0.0024414807558059692,10.37629371881485,1.1609067,18.42986297607422,-1.5909330076362544,1.2106270406394457,,1.9991712448697236,-0.19562631279366188
2020-12-28,San Pedro Bay,28.442365787923336,32.34046446159482,-0.0006103701889514923,0.006103701889514923,12.207404375076294,0.8930506,27.644794464111328,-1.6781152794792036,1.1328417259270378,,2.024697821212567,-0.17205892962350924
2020-12-29,San Pedro Bay,28.680410161614418,32.299264473840594,-0.02685628831386566,-0.023194067180156708,10.528886273503304,1.2611142,9.21493148803711,-1.239801794545162,-0.20917992440586308,,1.2573244332835685,-0.1484915464533566
2020-12-30,San Pedro Bay,28.559556864202023,32.2702718898654,-0.05737479776144028,-0.0238044373691082,10.528886273503304,2.0237477,36.85972595214844,-2.1514977611953183,-0.5227786396913903,,2.2141002964062055,-0.12492416328320399
2020-12-31,San Pedro Bay,28.52513198554516,32.311471877619624,-0.04821924492716789,-0.015259254723787308,10.528886273503304,0.4602528,18.42986297607422,-2.6863568828266837,-0.8760311371901627,,2.8255873469487693,-0.10135678011305138
2021-01-01,San Pedro Bay,28.597643963992596,32.36793112009764,-0.04211554303765297,-0.020142216235399246,10.528886273503304,1.1684378,12.090127944946289,-2.61045787742465,-1.3945205398439309,-0.07778939694289874,2.9595908274379785,-0.07778939694289874
2021-01-02,San Pedro Bay,28.2892849445343,32.24280523136258,-0.06103701889514923,-0.022583696991205215,10.528886273503304,1.1667312,48.360511779785156,-3.203399523408755,-1.0767868661716276,,3.3795322844641023,-0.07070494505283506
2021-01-03,San Pedro Bay,28.34934537112713,32.29010892100632,-0.04943998530507088,-0.014648884534835815,10.37629371881485,1.2787004,12.090127944946289,-3.0219872472412392,-0.5506925622677439,,3.0717534439836953,-0.06362049316277138
2021-01-04,San Pedro Bay,28.48850977420807,32.34351631253958,-0.0476088747382164,-0.0158696249127388,10.681478828191757,2.0657103,24.180255889892578,-3.2152111469826896,-0.8050743987034614,,3.314472432700185,-0.05653604127270769
2021-01-05,San Pedro Bay,28.555162198841572,32.41065703332424,-0.036011841148138046,-0.009765923023223877,11.139256492257118,1.8897147,0.0,-2.895182745292002,-0.8032389923439681,,3.0045425620979787,-0.049451589382644004
2021-01-06,San Pedro Bay,28.624744400382042,32.441175542771816,-0.02929776906967163,-0.01037629321217537,10.528886273503304,1.0817373,0.0,-2.4024946723712883,-1.1546561062924159,-0.04236713749258032,2.665560236530172,-0.04236713749258032
2021-01-07,San Pedro Bay,28.36179692298174,32.383190374821424,-0.03906369209289551,-0.016479995101690292,10.528886273503304,1.0814654,57.772682189941406,-2.3234409015852457,-1.0980463627040196,,2.5698411308496847,-0.0482346172333965
2021-01-08,San Pedro Bay,28.25119784474373,32.28400521911681,-0.051881466060876846,-0.015259254723787308,10.528886273503304,0.9997774,19.25756072998047,-2.304286660923217,0.08388603544446822,,2.30581306324933,-0.05410209697421267
2021-01-09,San Pedro Bay,28.30832849442959,32.287057070061564,-0.03357036039233208,-0.02075258642435074,10.528886273503304,1.0276135,28.886341094970703,-1.6044003418703192,0.07200557852874602,,1.6060153362695067,-0.059969576715028845
2021-01-10,San Pedro Bay,28.234351627528667,32.334360759705305,-0.07995849475264549,-0.036011841148138046,10.528886273503304,1.0275596,48.14390182495117,-2.972163270424436,-2.4296613642297613,,3.838881197808927,-0.06583705645584502
2021-01-11,San Pedro Bay,28.180150754749775,32.42286443710327,-0.0714133121073246,-0.0317392498254776,10.37629371881485,1.0275668,36.53076171875,-2.330612105181285,-2.81976844342436,,3.6582573528046627,-0.0717045361966612
2021-01-12,San Pedro Bay,28.04245124012232,32.561723655089736,-0.06103701889514923,-0.0158696249127388,11.139256492257118,0.8156551,91.326904296875,-1.0072393353249556,-3.8914603252617432,,4.0197008025115615,-0.07757201593747737
2021-01-13,San Pedro Bay,27.94137393683195,32.683797692880034,-0.059816278517246246,-0.01037629321217537,11.139256492257118,0.9973551,54.796142578125,-1.6747357533762681,-1.6179130873353886,,2.3286009966947763,-0.08343949567829353
2021-01-14,San Pedro Bay,28.17062897980213,32.6075014192611,-0.07385479286313057,-0.0317392498254776,10.528886273503304,0.9931765,0.0,-1.447096645457041,-0.2074582876373706,,1.4618918025635315,-0.08930697541910972
2021-01-15,San Pedro Bay,28.109836108982563,32.40455333143473,-0.06714072078466415,-0.08484145626425743,10.528886273503304,2.4304214,0.0,-0.6166076816796578,-0.7029207995083326,,0.9350415410492712,-0.0951744551599259
2021-01-16,San Pedro Bay,28.046113461256027,32.312997803092,-0.10620441287755966,-0.025025177747011185,10.528886273503304,2.1067736,11.661809921264648,-2.289242107462856,0.008912480953584666,,2.2892594564395115,-0.10104193490074206
2021-01-17,San Pedro Bay,28.13693654537201,32.42133851163089,-0.10620441287755966,-0.043336283415555954,10.528886273503304,1.9978677,11.661809921264648,-2.8205119027579193,-1.3506175102528475,,3.127212025527003,-0.10690941464155825
2021-01-18,San Pedro Bay,27.836634412407875,32.30842002667487,-0.119022186845541,-0.0476088747382164,10.528886273503304,2.0016873,93.29447937011719,-3.5697073907092336,-1.093653679959892,,3.7334821851689526,-0.11277689438237441
2021-01-19,San Pedro Bay,27.90841394662857,32.31452372856438,-0.11413922533392906,-0.020142216235399246,10.528886273503304,1.6526577,34.98543167114258,-3.464854908231095,2.493076795039173,,4.268565501553877,-0.11864437412319058
2021-01-20,San Pedro Bay,28.103244110941887,32.4350718408823,-0.0872829370200634,-0.010986663401126862,10.528886273503304,1.5300997,11.661809921264648,-2.4353654698367406,1.948950360157496,,3.119200615226786,-0.12451185386400676
2021-01-21,San Pedro Bay,28.143528543412685,32.52967922016978,-0.06286812946200371,-0.0006103701889514923,10.528886273503304,0.7973736,11.015820503234863,-2.3122503695104903,1.8578036704263323,,2.9661315293073147,-0.13037933360482296
2021-01-22,San Pedro Bay,28.371318697929382,32.622760673984885,-0.05371257662773132,-0.001831110566854477,10.528886273503304,2.2248123,0.0,-1.9484002348823863,1.1525253884894493,,2.2637531328310723,-0.1362468133456391
2021-01-23,San Pedro Bay,28.557359531521797,32.71736805327237,-0.03723258152604103,-0.0079348124563694,10.528886273503304,1.9075886,0.0,-1.0481936482374492,0.8633586138682268,,1.3579757068319738,-0.1421142930864553
2021-01-24,San Pedro Bay,28.714835040271282,32.743308786302805,-0.054322946816682816,-0.027466658502817154,10.528886273503304,1.9510356,0.0,-2.0435793721460334,-0.4950897650289507,,2.1026960136208936,-0.14798177282727146
2021-01-25,San Pedro Bay,28.613025292754173,32.8012939542532,-0.05249183624982834,-0.02624591812491417,10.528886273503304,0.6734096,0.0,-2.5143793891680875,-1.310223399238781,,2.8352758364198203,-0.15384925256808762
2021-01-26,San Pedro Bay,28.62840662151575,32.876064302399755,-0.03784295171499252,-0.0238044373691082,10.37629371881485,0.6907367,45.474090576171875,-2.135062681885696,-1.4401227509046173,,2.5753536054790653,-0.15971673230890382
2021-01-27,San Pedro Bay,28.643055506050587,32.937101321294904,-0.043946653604507446,-0.015259254723787308,11.139256492257118,0.353691,22.737045288085938,-2.8835227261932412,-0.9608985648991154,,3.0394126676873086,-0.16558421204971996
2021-01-28,San Pedro Bay,28.589587077498436,32.9660939052701,-0.04455702379345894,-0.017090365290641785,12.359996929764748,0.7640582,0.0,-2.2479804481794616,-2.382365413908691,,3.275527600369971,-0.17145169179053615
2021-01-29,San Pedro Bay,28.437971122562885,33.0164494458586,-0.06469924002885818,-0.01831110566854477,14.343700140714645,0.75247866,0.0,-3.868542601915534,-3.4151843285369554,,5.160339704003975,-0.17731917153135235
2021-01-30,San Pedro Bay,28.236548960208893,33.030182775110006,-0.09338663890957832,-0.025635547935962677,14.343700140714645,0.6381005,0.0,-3.9785605854479336,-3.6108769235472633,,5.372836912571044,-0.1831866512721685
2021-01-31,San Pedro Bay,28.082003228366375,33.05764943361282,-0.10071108117699623,-0.023194067180156708,14.343700140714645,0.6224441,0.0,-3.4170063044568693,-2.9273528141946668,,4.4994807015333915,-0.18905413101298468
2021-02-01,San Pedro Bay,27.96114993095398,33.066804986447096,-0.10925626382231712,-0.02136295661330223,13.122959703207016,0.500881,58.38578796386719,-2.996567883723003,-1.9376372748064254,,3.5684530668735754,-0.19492161075380082
2021-02-02,San Pedro Bay,27.913541056215763,33.03476055152714,-0.13000885024666786,-0.027466658502817154,11.291849046945572,0.76705074,0.0,-2.7571174719608558,-1.407990233030799,,3.0958251324165493,-0.20078909049461702
2021-02-03,San Pedro Bay,27.925992608070374,33.06985683739185,-0.1269569993019104,-0.02929776906967163,12.359996929764748,0.7679043,0.0,-3.105168679303875,-2.3704701856127075,,3.906558770556065,-0.2066565702354332
2021-02-04,San Pedro Bay,27.979461036622524,33.08206424117088,-0.11535996571183205,-0.02624591812491417,12.05481182038784,1.498941,0.0,-3.36555266018711,-1.4337693464598897,,3.658228976887662,-0.21252404997624935
2021-02-05,San Pedro Bay,28.024140134453773,33.07748646475375,-0.10620441287755966,-0.02075258642435074,11.59703415632248,0.9071951,0.0,-3.0269033751729957,-0.3899631802550499,,3.0519199407239217,-0.21839152971706555
2021-02-06,San Pedro Bay,28.134006768465042,33.09579757042229,-0.10254219174385071,-0.027466658502817154,11.749626711010933,1.3714887,0.0,-3.3116635463357613,-1.4654571489984922,,3.6214196249095383,-0.22425900945788174
2021-02-07,San Pedro Bay,28.015350803732872,32.88369392976165,-0.12878810986876488,-0.04028443247079849,10.528886273503304,0.95313764,42.65176773071289,-3.1394549139335988,-1.3836813647902264,,3.43085284964097,-0.23012648919869788
2021-02-08,San Pedro Bay,27.539262056350708,32.40150148048997,-0.16418958082795143,-0.06103701889514923,10.528886273503304,0.95299834,62.200496673583984,-3.3653357173758742,-1.3454629243845275,,3.6243282096878526,-0.23599396893951408
2021-02-09,San Pedro Bay,27.465285189449787,32.332834834232926,-0.14404736459255219,-0.01831110566854477,10.528886273503304,0.7594442,62.200496673583984,-3.6827459982731736,1.1332648803133138,,3.8531684853829873,-0.24186144868033022
2021-02-10,San Pedro Bay,27.633014917373657,32.52967922016978,-0.09155552834272385,-0.012207403779029846,10.528886273503304,0.78311694,37.32029724121094,-2.3952232427538314,1.7634351869175486,,2.9743567440855356,-0.2477289284211464
2021-02-11,San Pedro Bay,27.864467293024063,32.645649556070566,-0.05859553813934326,0.0024414807558059692,10.528886273503304,0.9007866,0.0,-1.385116267783791,1.4507277842601944,,2.0057811892885504,-0.2535964081619626
2021-02-12,San Pedro Bay,28.261452063918114,32.63191622681916,-0.05310220643877983,-0.0158696249127388,10.528886273503304,1.5241588,13.882102966308594,-0.6210074834977093,0.1548435680597332,,0.6400209567894062,-0.25946388790277874
2021-02-13,San Pedro Bay,28.33396404236555,32.62733845040202,-0.05798516795039177,-0.028077028691768646,10.528886273503304,6.156149,27.764205932617188,-1.2159665934699557,-0.15950809656306522,,1.2263839485675359,-0.26533136764359494
2021-02-14,San Pedro Bay,28.307596050202847,32.57087920792401,-0.05371257662773132,-0.0634784996509552,10.528886273503304,6.155519,41.646305084228516,-0.7741655546652972,-0.7741828799934621,,1.0948476778553256,-0.27119884738441113
2021-02-15,San Pedro Bay,28.008758805692196,32.4854273814708,-0.06408886983990669,-0.05737479776144028,10.528886273503304,3.9237702,27.764205932617188,-1.701873834673652,-1.6584786031962913,,2.376326119539724,-0.2770663271252273
2021-02-16,San Pedro Bay,28.026337467134,32.70210879854858,-0.040894802659749985,-0.03723258152604103,10.528886273503304,3.514937,0.0,-1.6412546265337653,-1.811083334140789,,2.444123481397985,-0.28293380686604347
2021-02-17,San Pedro Bay,28.10910366475582,32.792138401418924,-0.04150517284870148,-0.04028443247079849,10.528886273503304,2.583127,6.155978202819824,-1.6297162577635218,-2.792694679742871,,3.2334375910295337,-0.2888012866068596
2021-02-18,San Pedro Bay,28.120090328156948,32.97830130904913,-0.040894802659749985,-0.0158696249127388,12.970367148518562,1.2137768,18.46793556213379,-1.7533762642733899,-4.6831961489645915,,5.000665405103014,-0.2946687663476758
2021-02-19,San Pedro Bay,27.896694839000702,33.05307165719569,-0.05005035549402237,-0.014038514345884323,14.343700140714645,1.3467612,24.623912811279297,-2.2999672264332442,-5.155268754759517,,5.645054931217833,-0.300536246088492
2021-02-20,San Pedro Bay,27.529007837176323,33.04696795530617,-0.008545182645320892,-0.01037629321217537,13.428144812583923,1.9231342,49.247825622558594,-0.6810653176921292,-4.423513981591583,,4.475636928114176,-0.30640372582930814
2021-02-21,San Pedro Bay,27.250679031014442,32.790612475946546,-0.0555436871945858,-0.032959990203380585,10.528886273503304,2.0593169,89.21309661865234,-3.235156289109553,-1.6330542320273194,,3.6239622431404324,-0.31227120557012433
2021-02-22,San Pedro Bay,27.34369944781065,32.79976802878082,-0.03784295171499252,0.0012207403779029846,10.528886273503304,2.059315,0.0,-2.793174923157106,2.0863612171861297,,3.48636333160101,-0.31813868531094047
2021-02-23,San Pedro Bay,27.61030914634466,32.80892358161509,-0.05493331700563431,-0.0048829615116119385,10.528886273503304,2.1482973,0.0,-3.288000241724322,1.3444691003809797,,3.5522588238272337,-0.32400616505175667
2021-02-24,San Pedro Bay,27.76851709932089,32.8226569108665,-0.06530961021780968,-0.012207403779029846,10.528886273503304,0.6869455,0.0,-2.908194072831269,0.31770118846586354,,2.925495993913433,-0.32987364479257286
2021-02-25,San Pedro Bay,28.040986351668835,32.85470134578645,-0.0555436871945858,-0.004272591322660446,10.528886273503304,0.92490214,0.0,-2.19222404997241,0.7017897889111813,-0.335741124533389,2.301815629692664,-0.335741124533389
2021-02-26,San Pedro Bay,28.196264527738094,32.81197543255985,-0.05615405738353729,-0.010986663401126862,10.528886273503304,0.35594985,0.0,-1.8998309064838335,0.6898590886077312,,2.021203363188839,-0.29856186799513146
2021-02-27,San Pedro Bay,28.355204924941063,32.83181246370077,-0.0634784996509552,-0.016479995101690292,10.528886273503304,0.21563166,0.0,-2.409350991762271,0.20229356641350651,,2.4178285482056276,-0.26138261145687397
2021-02-28,San Pedro Bay,28.327372044324875,32.8440198674798,-0.07080294191837311,-0.021973326802253723,10.528886273503304,0.42137128,0.0,-2.566846262533086,-0.44246727978601325,,2.6047028677300808,-0.22420335491861643
2021-03-01,San Pedro Bay,28.32151249051094,32.87759022787213,-0.06653035059571266,-0.024414807558059692,10.528886273503304,0.30741185,0.0,-2.223355944026061,-0.5283320930053229,,2.285267261029966,-0.1870240983803589
2021-03-02,San Pedro Bay,28.507553324103355,32.9157383646816,-0.07507553324103355,-0.029908139258623123,10.528886273503304,1.3744942,0.0,-2.4170508223958778,-1.2012671532713979,-0.1498448418421014,2.6991067877305923,-0.1498448418421014
2021-03-03,San Pedro Bay,28.522934652864933,32.98593093641102,-0.08362071588635445,-0.020142216235399246,10.83407138288021,1.260636,0.0,-3.2249488063786744,-0.6974712707118584,,3.2995092024771884,-0.041678497562518305
2021-03-04,San Pedro Bay,28.590319521725178,33.030182775110006,-0.0952177494764328,-0.025025177747011185,11.139256492257118,0.484546,0.0,-2.9814652896999596,-1.325595740127488,,3.262872866038425,0.06648784671706479
2021-03-05,San Pedro Bay,28.630603954195976,33.06375313550234,-0.10254219174385071,-0.0238044373691082,11.749626711010933,0.6012796,0.0,-2.9257016410905963,-1.456751025507044,,3.2683105181417558,0.17465419099664786
2021-03-06,San Pedro Bay,28.618152402341366,33.1095308996737,-0.09704886004328728,-0.01892147585749626,12.512589484453201,1.0521462,0.0,-3.068483021947926,-1.4544030642286818,,3.3957144063098794,0.28282053527623097
2021-03-07,San Pedro Bay,28.625476844608784,33.14920496195555,-0.09338663890957832,-0.01831110566854477,12.512589484453201,0.3270611,0.0,-3.450163118238757,-1.2807189753706292,0.390986879555814,3.6801992658454483,0.390986879555814
2021-03-08,San Pedro Bay,28.682607494294643,33.17209384404123,-0.08301034569740295,-0.02136295661330223,11.749626711010933,0.36447966,0.0,-2.3091302053511034,-0.8804614033886311,,2.4712941120234775,0.3293084202923414
2021-03-09,San Pedro Bay,28.6240119561553,33.20719012990594,-0.08484145626425743,-0.021973326802253723,12.665182039141655,0.26937106,0.0,-3.136911228750153,-2.036315147375712,,3.7398919017119416,0.2676299610288688
2021-03-10,San Pedro Bay,28.53025909513235,33.20871605537832,-0.08117923513054848,-0.02136295661330223,12.359996929764748,0.2669933,30.926937103271484,-3.0103206374296425,-2.192741874061884,,3.724264661164568,0.20595150176539617
2021-03-11,San Pedro Bay,27.962614819407463,32.66548658721149,-0.14831995591521263,-0.0476088747382164,10.528886273503304,0.28332788,72.09388732910156,-3.1758259447909922,-0.8951507318224352,,3.299570466634989,0.14427304250192358
2021-03-12,San Pedro Bay,27.853480629622936,32.586138462647796,-0.11535996571183205,-0.0317392498254776,10.528886273503304,0.5189122,30.89737892150879,-3.083825371045769,0.5702631389536568,,3.1361088894926548,0.08259458323845098
2021-03-13,San Pedro Bay,28.066621899604797,32.3419903870672,-0.08423108607530594,-0.016479995101690292,10.528886273503304,0.63866603,51.49563217163086,-1.0625516424211292,0.7907629817106432,,1.3245082431060013,0.02091612397497833
2021-03-14,San Pedro Bay,28.379375584423542,32.36182741820812,-0.0476088747382164,-0.01342814415693283,10.528886273503304,0.8440642,10.299126625061035,-0.7164846610151322,1.081794788343353,,1.2975477769842652,-0.04076233528849427
2021-03-15,San Pedro Bay,28.711905263364315,32.53425699658692,-0.08545182645320892,-0.0079348124563694,10.528886273503304,0.86446106,0.0,-1.3148664856866554,0.9664903945564095,,1.631863216679566,-0.10244079455196686
2021-03-16,San Pedro Bay,28.931638531386852,32.682271767407656,-0.09643848985433578,-0.016479995101690292,10.528886273503304,0.7556933,0.0,-1.7622196458019048,0.6356305027096484,,1.873351065877699,-0.16411925381543946
2021-03-17,San Pedro Bay,28.90600298345089,32.76161989197135,-0.09949034079909325,-0.028077028691768646,10.528886273503304,1.286336,0.0,-2.279354081997706,0.2847857402724078,-0.22579771307891203,2.2970759562935896,-0.22579771307891203
2021-03-18,San Pedro Bay,29.021729171276093,32.83333838917315,-0.10010071098804474,-0.03357036039233208,10.528886273503304,0.5468678,0.0,-2.5417761328646864,-0.22340842941532282,,2.5515754419445216,-0.21588373116700646
2021-03-19,San Pedro Bay,29.244392216205597,32.88216800428927,-0.09033478796482086,-0.04516739398241043,10.528886273503304,0.32931337,0.0,-2.243810963430139,-0.4783397360079825,,2.2942311441207215,-0.20596974925510086
2021-03-20,San Pedro Bay,29.186529122292995,32.91726429015398,-0.0872829370200634,-0.039674062281847,10.528886273503304,0.26667702,0.0,-2.726613699027944,-0.32787854412990153,,2.7462568349350702,-0.1960557673431953
2021-03-21,San Pedro Bay,29.10303048044443,32.947782799601555,-0.08545182645320892,-0.029908139258623123,10.528886273503304,0.24715796,47.03950881958008,-2.7443528184512407,0.2168677481399229,,2.752908282584901,-0.18614178543128973
2021-03-22,San Pedro Bay,29.20484022796154,33.030182775110006,-0.09338663890957832,-0.028077028691768646,10.528886273503304,0.31515914,0.0,-3.439869320623937,-0.205030727405423,,3.445974251521648,-0.17622780351938416
2021-03-23,San Pedro Bay,29.16455579549074,33.09579757042229,-0.10864589363336563,-0.039674062281847,10.528886273503304,0.3435608,0.0,-3.9942336697334944,-1.3104692286423119,,4.203716475649978,-0.1663138216074786
2021-03-24,San Pedro Bay,29.09863581508398,33.13547163270414,-0.10254219174385071,-0.03418073058128357,10.528886273503304,0.21875848,0.0,-3.4638909252047254,-0.6819399151472678,,3.530379921423006,-0.156399839695573
2021-03-25,San Pedro Bay,29.17627490311861,33.16141236573458,-0.08911404758691788,-0.04028443247079849,10.528886273503304,0.2583824,0.0,-2.4662422766566436,-0.910794470419007,,2.629048788918605,-0.14648585778366743
2021-03-26,San Pedro Bay,29.25757621228695,33.225501235574484,-0.08484145626425743,-0.03479110077023506,10.528886273503304,0.4945323,0.0,-2.6198591062648227,-0.6830291106484729,,2.707432455791272,-0.13657187587176187
2021-03-27,San Pedro Bay,29.357921071350574,33.26822714880109,-0.08484145626425743,-0.03418073058128357,10.528886273503304,0.2743327,10.726236343383789,-2.404307301561283,-0.2797690234331747,,2.420529757473279,-0.12665789395985627
2021-03-28,San Pedro Bay,29.448011711239815,33.31247898750007,-0.10010071098804474,-0.03479110077023506,10.528886273503304,0.268136,10.726236343383789,-2.6647278302962816,-0.32886799648665654,,2.684944798067304,-0.1167439120479507
2021-03-29,San Pedro Bay,29.518326357007027,33.35825675167143,-0.1263466291129589,-0.04211554303765297,10.528886273503304,0.24557118,0.0,-2.323992122647873,-0.5294278970545702,,2.3835337808197705,-0.10682993013604514
2021-03-30,San Pedro Bay,29.521988578140736,33.36130860261619,-0.158696249127388,-0.043336283415555954,10.528886273503304,0.30065653,32.178707122802734,-2.5647882869191676,-0.10672594994233535,,2.5670078661953593,-0.09691594822413957
2021-03-31,San Pedro Bay,29.435560159385204,33.3964048884809,-0.15259254723787308,-0.036011841148138046,10.528886273503304,0.4301274,32.178707122802734,-2.9081599390090673,-0.02716017296807055,,2.908286764721264,-0.08700196631223397
2021-04-01,San Pedro Bay,29.46632281690836,33.46964931115508,-0.12878810986876488,-0.032959990203380585,12.05481182038784,0.7377861,0.0,-2.9826707533632923,-1.211501659751057,-0.07708798440032841,3.2193261864167035,-0.07708798440032841
2021-04-02,San Pedro Bay,29.582049004733562,33.53068633005023,-0.10986663401126862,-0.02136295661330223,12.05481182038784,1.2347038,0.0,-2.849474647517425,-0.7732385536859949,,2.95252495802338,-0.028919904266141175
2021-04-03,San Pedro Bay,29.656025871634483,33.55510113760829,-0.0952177494764328,-0.01892147585749626,12.05481182038784,1.1052003,0.0,-2.1566468502908474,-0.8100750097984338,,2.303768034844082,0.019248175868046058
2021-04-04,San Pedro Bay,29.690450750291348,33.57951594516635,-0.08301034569740295,-0.0238044373691082,12.207404375076294,0.624571,0.0,-2.07713470456458,-1.8071176971186942,,2.753209572870572,0.0674162560022333
2021-04-05,San Pedro Bay,29.713888965547085,33.60698260366917,-0.06897183135151863,-0.023194067180156708,12.207404375076294,0.53602785,0.0,-1.662624906361423,-1.717874058825077,,2.390692966743633,0.11558433613642052
2021-04-06,San Pedro Bay,29.751976065337658,33.622241858392954,-0.06042664870619774,-0.021973326802253723,12.05481182038784,0.5353412,0.0,-1.6517344302661816,-1.458538430346125,0.16375241627060774,2.203533748532862,0.16375241627060774
2021-04-07,San Pedro Bay,29.694112971425056,33.64207888953388,-0.0476088747382164,-0.02136295661330223,12.512589484453201,0.85608524,0.0,-1.0911786462686037,-2.0922480383032376,,2.359697584830804,0.152962128779201
2021-04-08,San Pedro Bay,29.791528053581715,33.66344184614718,-0.04516739398241043,-0.019531846046447754,12.207404375076294,0.7644854,0.0,-0.9773027967148188,-1.178782686096713,,1.531224796529885,0.1421718412877943
2021-04-09,San Pedro Bay,29.853053368628025,33.67412332445383,-0.048829615116119385,-0.02136295661330223,11.902219265699387,0.70572186,19.04685401916504,-1.1580209336033547,-0.9560324511659708,,1.5016692479857205,0.13138155379638758
2021-04-10,San Pedro Bay,29.85525070130825,33.68633072823286,-0.04943998530507088,-0.021973326802253723,12.207404375076294,0.71936345,0.0,-1.2131606726719377,-1.4301530543806789,,1.8753923793895009,0.12059126630498088
2021-04-11,San Pedro Bay,29.992950215935707,33.69853813201189,-0.05066072568297386,-0.02624591812491417,11.902219265699387,0.7164496,0.0,-0.6754221403012176,-1.6276082476524896,,1.7621871851297426,0.10980097881357415
2021-04-12,San Pedro Bay,29.987823106348515,33.7122714612633,-0.0158696249127388,-0.0238044373691082,12.05481182038784,0.67771006,0.0,0.43646324505134254,-1.7328464194270694,,1.7869686280407844,0.09901069132216743
2021-04-13,San Pedro Bay,30.106479071080685,33.71990108862519,-0.07995849475264549,-0.020142216235399246,11.139256492257118,0.6771415,0.0,-1.1846709887755138,-0.5043540504233112,,1.287562953732653,0.08822040383076071
2021-04-14,San Pedro Bay,30.184118159115314,33.64207888953388,-0.10681478306651115,-0.04455702379345894,10.528886273503304,0.6836232,0.0,-0.9491869801835153,-1.0745402792446093,,1.433733843873745,0.077430116339354
2021-04-15,San Pedro Bay,30.30497145652771,33.66344184614718,-0.09643848985433578,-0.05371257662773132,10.528886273503304,0.48814583,47.208229064941406,-0.05028212544965274,-1.0304735292148193,,1.0316995621556595,0.06663982884794728
2021-04-16,San Pedro Bay,30.23905147612095,33.70921961031854,-0.07629627361893654,-0.05005035549402237,10.83407138288021,0.57204115,0.0,-0.09673471549969098,-1.8222595541767275,,1.8248253308114646,0.055849541356540564
2021-04-17,San Pedro Bay,29.983428440988064,33.730582566931844,0.014648884534835815,0.0048829615116119385,13.122959703207016,0.56470424,30.72838020324707,4.119183122026138,-2.8892354865888623,,5.031436304848684,0.04505925386513385
2021-04-18,San Pedro Bay,29.357921071350574,33.64970851689577,0.10925626382231712,0.06775109097361565,14.343700140714645,0.41142073,49.1654052734375,7.815372503043026,0.27448346199709195,,7.8201910802889545,0.03426896637372712
2021-04-19,San Pedro Bay,28.88109987974167,33.62987148575485,0.10254219174385071,0.0476088747382164,14.191107586026192,0.41552088,49.1654052734375,4.331701514404952,0.782550144561893,,4.4018203891858185,0.023478678882320414
2021-04-20,San Pedro Bay,28.936033196747303,33.6619159206748,0.0634784996509552,0.022583696991205215,12.665182039141655,0.6181988,6.1456756591796875,2.072651779535583,1.8099908915266507,,2.7517180863274238,0.012688391390913684
2021-04-21,San Pedro Bay,29.206305116415024,33.655812218785286,0.03234962001442909,0.02075258642435074,11.444441601634026,0.62278104,0.0,0.9389115389202344,1.996086305281573,,2.2058820041086067,0.001898103899506981
2021-04-22,San Pedro Bay,29.439222380518913,33.62681963481009,0.0024414807558059692,0.01831110566854477,10.83407138288021,0.62697476,0.0,0.8882963289463864,1.5102105588184713,,1.752086270703137,-0.00889218359189975
2021-04-23,San Pedro Bay,29.633320100605488,33.58714557252824,0.024414807558059692,0.0006103701889514923,11.139256492257118,0.6731392,0.0,1.7506373190897193,0.6729627263665209,,1.8755292197319402,-0.01968247108330648
2021-04-24,San Pedro Bay,29.542497016489506,33.590197423473,0.028077028691768646,-0.009765923023223877,11.902219265699387,0.4239215,0.0,2.130154623512528,-0.6216012009785457,,2.218996794303626,-0.030472758574713182
2021-04-25,San Pedro Bay,29.792260497808456,33.596301125362515,0.004272591322660446,-0.029908139258623123,10.528886273503304,0.3398683,0.0,0.6651434222233438,-1.0292561416539447,,1.2254729606398285,-0.04126304606611991
2021-04-26,San Pedro Bay,29.600360110402107,33.56578261591494,-0.05493331700563431,-0.01831110566854477,11.749626711010933,0.32424393,0.0,-1.2035033057182702,-0.7235102212399837,,1.4042390277703916,-0.052053333557526615
2021-04-27,San Pedro Bay,29.749778732657433,33.610034454613924,-0.04821924492716789,-0.014648884534835815,12.207404375076294,0.61807036,0.0,-1.9955770271615059,-0.6672565675711852,,2.104176560629272,-0.06284362104893335
2021-04-28,San Pedro Bay,29.84353159368038,33.61461223103106,-0.048829615116119385,-0.01892147585749626,12.05481182038784,0.9048111,0.0,-1.4023632592054005,-0.8642749755427859,,1.6472989844344215,-0.07363390854034005
2021-04-29,San Pedro Bay,30.13797417283058,33.62834556028247,-0.04150517284870148,-0.02075258642435074,11.444441601634026,1.2505656,0.0,-0.6351933521153524,-0.18874174308694747,,0.6626417132621801,-0.08442419603174678
2021-04-30,San Pedro Bay,30.138706617057323,33.643604815006256,-0.059205908328294754,0.003662221133708954,11.59703415632248,0.4238133,0.0,-1.5477619085243044,0.32022886162080855,,1.5805421377786029,-0.09521448352315351
2021-05-01,San Pedro Bay,30.209753707051277,33.655812218785286,-0.07568590342998505,-0.0079348124563694,12.05481182038784,0.8994196,0.0,-2.409520536473638,0.15834827340670043,-0.10600477101456024,2.4147180769976218,-0.10600477101456024
2021-05-02,San Pedro Bay,30.099154628813267,33.63750111311674,-0.08301034569740295,-0.019531846046447754,12.207404375076294,0.31460667,9.25524616241455,-3.059537258990767,-0.6365866498431114,,3.1250617276961443,-0.09814724767512091
2021-05-03,San Pedro Bay,30.08011107891798,33.64207888953388,-0.08972441777586937,-0.01892147585749626,12.665182039141655,0.30616766,27.76573944091797,-3.6223067119347516,-0.6785507292469272,,3.685313691870624,-0.09028972433568158
2021-05-04,San Pedro Bay,30.007599100470543,33.63597518764436,-0.08545182645320892,-0.019531846046447754,12.817774593830109,0.21684378,9.25524616241455,-3.6274851555144982,-0.40317447332050854,,3.6498216681661737,-0.08243220099624227
2021-05-05,San Pedro Bay,30.032502204179764,33.634449262171984,-0.08972441777586937,-0.02136295661330223,12.359996929764748,0.2216751,0.0,-4.051788361532514,-0.5274786686327247,,4.085978790022397,-0.07457467765680294
2021-05-06,San Pedro Bay,30.045686200261116,33.63902703858912,-0.07324442267417908,-0.0238044373691082,12.359996929764748,0.36196816,0.0,-3.019972323913418,-0.8739711896845329,-0.06671715431736361,3.143892249680578,-0.06671715431736361
2021-05-07,San Pedro Bay,30.150425724685192,33.65276036784053,-0.05798516795039177,-0.017090365290641785,12.05481182038784,0.36549854,0.0,-2.9146061466580093,-0.30564527974569916,,2.9305883414712954,-0.0763602264138869
2021-05-08,San Pedro Bay,30.074251525104046,33.61613815650344,-0.039674062281847,-0.010986663401126862,11.902219265699387,0.38462093,12.16838550567627,-2.2093978578724274,-0.049885508429728574,,2.209960963076625,-0.08600329851041019
2021-05-09,San Pedro Bay,30.03982664644718,33.62376778386533,-0.021973326802253723,-0.004272591322660446,12.207404375076294,0.30264714,12.16838550567627,-2.317706396172509,0.30167236052741203,,2.3372567578178356,-0.09564637060693347
2021-05-10,San Pedro Bay,29.93215734511614,33.60545667819679,-0.017090365290641785,-0.001831110566854477,12.512589484453201,0.29499575,6.084192752838135,-2.1785011123494527,0.24548233131737385,,2.192288455358194,-0.10528944270345676
2021-05-11,San Pedro Bay,30.025910206139088,33.62834556028247,-0.036011841148138046,-0.0006103701889514923,12.359996929764748,0.18536195,0.0,-3.034106217628205,0.6600399641368837,-0.11493251479998005,3.105068967689438,-0.11493251479998005
2021-05-12,San Pedro Bay,30.085970632731915,33.620715932920575,-0.03906369209289551,-0.0012207403779029846,12.207404375076294,0.23478569,0.0,-2.809167162109918,0.22118240464988215,,2.8178612103514595,-0.11281091476700952
2021-05-13,San Pedro Bay,30.119663067162037,33.622241858392954,-0.04943998530507088,-0.014038514345884323,12.359996929764748,0.9399546,0.0,-3.4313360294195756,0.017379540261452355,,3.4313800423754577,-0.11068931473403901
2021-05-14,San Pedro Bay,30.11746573448181,33.59172334894538,-0.04272591322660446,-0.0048829615116119385,12.207404375076294,0.5246368,0.0,-3.4237610514854486,0.4420238011356568,,3.452176817377574,-0.10856771470106848
2021-05-15,San Pedro Bay,30.090365298092365,33.5688344668597,-0.03479110077023506,-0.008545182645320892,12.207404375076294,0.34158763,25.8234806060791,-3.040256457925988,0.2641787018410551,,3.0517125874608673,-0.10644611466809795
2021-05-16,San Pedro Bay,30.220007926225662,33.585619647055864,-0.03479110077023506,-0.012817773967981339,12.05481182038784,0.6069155,0.0,-2.7361223549390923,-0.611363448909722,,2.8035924824874665,-0.10432451463512743
2021-05-17,San Pedro Bay,30.19510482251644,33.56273076497018,-0.043336283415555954,-0.009765923023223877,11.902219265699387,0.43060306,35.344242095947266,-3.466953507369145,0.11198796063150362,,3.4687617279925154,-0.1022029146021569
2021-05-18,San Pedro Bay,30.145298615098,33.55357521213591,-0.05249183624982834,-0.010986663401126862,12.970367148518562,0.42712986,10.308737754821777,-3.7389683786926935,0.385043611273212,,3.758742225724742,-0.10008131456918637
2021-05-19,San Pedro Bay,30.129917286336422,33.53373818099499,-0.04272591322660446,-0.0012207403779029846,12.512589484453201,0.31330547,0.0,-2.4990441846376985,0.7844550273490906,,2.6192730912802435,-0.09795971453621585
2021-05-20,San Pedro Bay,30.176793716847897,33.524582628160715,-0.02868739888072014,-0.007324442267417908,10.681478828191757,0.29847735,10.308737754821777,-0.7733198231960404,0.2739582166299732,,0.8204124897921963,-0.09583811450324532
2021-05-21,San Pedro Bay,30.360637217760086,33.52000485174358,-0.043336283415555954,-0.032959990203380585,10.528886273503304,0.44520682,0.0,-0.5325462695770499,0.2068140007058582,,0.5712946351300654,-0.09371651447027479
2021-05-22,San Pedro Bay,30.65654468536377,33.50474559701979,-0.10803552344441414,-0.05737479776144028,10.528886273503304,0.6127344,0.0,-0.026312145604796118,-0.12558243383484272,,0.12830930088738945,-0.09159491443730428
2021-05-23,San Pedro Bay,30.743705548346043,33.48338264040649,-0.1513718068599701,-0.05249183624982834,10.528886273503304,1.677877,0.0,-1.1516119343483322,-0.0002560436476918363,,1.151611962812065,-0.08947331440433375
2021-05-24,San Pedro Bay,30.837458409368992,33.475753013044596,-0.14770958572626114,-0.05310220643877983,10.528886273503304,0.89470476,0.0,-0.6540151240217883,-0.06634504876078988,,0.6573716208844939,-0.08735171437136321
2021-05-25,San Pedro Bay,30.69756156206131,33.43607895076275,-0.16296884045004845,-0.06042664870619774,10.528886273503304,0.9000547,25.211694717407227,-1.1037888965572584,0.1960534653416358,,1.1210650692245987,-0.0852301143383927
2021-05-26,San Pedro Bay,30.682912677526474,33.52763447910547,-0.17273476347327232,-0.0555436871945858,10.528886273503304,0.3321015,10.697967529296875,-1.8906599940807751,0.3473910225551724,-0.08310851430542217,1.9223099999140214,-0.08310851430542217
2021-05-27,San Pedro Bay,30.71880244463682,33.59935297630727,-0.16846217215061188,-0.04455702379345894,10.528886273503304,1.2893587,0.0,-2.3868167425466775,0.5477326433108624,,2.448857940152805,-0.07188685416526211
2021-05-28,San Pedro Bay,30.792779311537743,33.646656665951014,-0.16174810007214546,-0.02075258642435074,10.528886273503304,0.57687676,0.0,-1.2202292984941558,0.6097218955429242,,1.3640822302222093,-0.060665194025102065
2021-05-29,San Pedro Bay,31.014709912240505,33.6405529640615,-0.15686513856053352,-0.017090365290641785,10.528886273503304,0.4788436,0.0,-0.5098630664001057,0.3031206477737654,,0.5931631087531538,-0.04944353388494201
2021-05-30,San Pedro Bay,31.116519659757614,33.61461223103106,-0.08545182645320892,-0.05005035549402237,10.528886273503304,0.32257748,10.697967529296875,0.12260058839018435,-0.0862579689301263,,0.14990444115358972,-0.03822187374478196
2021-05-31,San Pedro Bay,31.167058311402798,33.57493816874921,-0.07446516305208206,-0.07019257172942162,10.528886273503304,0.24772245,21.39593505859375,0.34466692927468107,-0.5859130570348332,,0.6797715811502727,-0.02700021360462191
2021-06-01,San Pedro Bay,30.39506209641695,33.091219794005156,0.04943998530507088,-0.017090365290641785,10.528886273503304,0.36278585,60.57568359375,1.8049861970773025,0.6554515041952238,,1.9203103514774282,-0.01577855346446186
2021-06-02,San Pedro Bay,30.458052299916744,33.236182713881135,0.04821924492716789,0.028077028691768646,10.528886273503304,1.8565143,12.115137100219727,-0.20581084238360983,2.09272739636013,,2.1028233540454364,-0.0045568933243018
2021-06-03,San Pedro Bay,30.927549049258232,33.248390117660165,-0.06714072078466415,0.009765923023223877,10.528886273503304,1.856514,0.0,-0.12860005226693602,1.1685062014935812,,1.175561447297425,0.006664766815858245
2021-06-04,San Pedro Bay,30.585497595369816,33.20566420443356,-0.014038514345884323,-0.031128879636526108,10.528886273503304,1.8561215,36.34541320800781,-0.06265059577936337,0.6547492072948425,,0.6577397825924276,0.01788642695601829
2021-06-05,San Pedro Bay,30.436811417341232,33.14767903648317,-0.04272591322660446,-0.014038514345884323,10.528886273503304,0.4829296,12.115137100219727,0.25346239250743224,0.4122227608695695,,0.4839119640952494,0.029108087096178348
2021-06-06,San Pedro Bay,30.552537605166435,33.10037534683943,-0.009765923023223877,-0.043946653604507446,10.528886273503304,0.95987695,16.582063674926758,0.4407782556837115,0.1422106782619002,,0.4631515385867621,0.040329747236338406
2021-06-07,San Pedro Bay,30.3906674310565,32.959990203380585,-0.02929776906967163,-0.04028443247079849,10.528886273503304,0.3419784,0.0,0.11315319223730476,0.2546203767268798,,0.27863090488678866,0.05155140737649845
2021-06-08,San Pedro Bay,30.51811272650957,32.79976802878082,-0.09338663890957832,-0.02136295661330223,10.528886273503304,0.28653738,11.054708480834961,-0.025542031140412414,0.4363113673398555,,0.4370583537981537,0.0627730675166585
2021-06-09,San Pedro Bay,30.565721601247787,32.840968016535044,-0.035401470959186554,-0.025635547935962677,10.528886273503304,0.386646,11.054708480834961,0.30775070297014595,0.24728599727781453,,0.39479217270394595,0.07399472765681857
2021-06-10,San Pedro Bay,30.62797936052084,33.01492352038622,-0.048829615116119385,0.0,10.528886273503304,0.29802108,5.5273542404174805,-0.489601539992301,1.1233497946789281,0.08521638779697861,1.2254078623740028,0.08521638779697861
2021-06-11,San Pedro Bay,30.559862047433853,32.87148652598262,-0.04272591322660446,0.0048829615116119385,10.528886273503304,0.6678354,47.71532440185547,-0.6581830515420332,0.8800212678644658,,1.0989278234856759,0.08015425453853693
2021-06-12,San Pedro Bay,30.41996520012617,32.996612414717674,-0.05798516795039177,-0.0079348124563694,10.528886273503304,0.49808034,9.543065071105957,-0.718576396409309,1.0090459289831217,,1.2387597524435476,0.07509212128009526
2021-06-13,San Pedro Bay,30.753227323293686,33.03933832794428,-0.04821924492716789,-0.025025177747011185,10.528886273503304,0.5764797,0.0,0.02882855793870643,0.45351206670494965,,0.4544274203872606,0.07002998802165358
2021-06-14,San Pedro Bay,30.966368593275547,33.11868645250797,-0.03906369209289551,-0.021973326802253723,10.528886273503304,2.190035,0.0,0.16434513157476255,0.9485248657352636,,0.9626571264943847,0.06496785476321192
2021-06-15,San Pedro Bay,31.00006102770567,33.213293831795454,-0.059816278517246246,0.007324442267417908,10.528886273503304,0.4755431,0.0,-0.833429245848049,1.5557530610654062,,1.7649282973676947,0.059905721504770235
2021-06-16,San Pedro Bay,31.072573006153107,33.29416788183153,-0.07202368229627609,0.0048829615116119385,10.528886273503304,1.3250867,0.0,-1.6621973462290813,1.7282950919750903,,2.3978957322527985,0.05484358824632856
2021-06-17,San Pedro Bay,31.179509863257408,33.33841972053051,-0.06469924002885818,0.0,10.528886273503304,1.6098503,0.0,-1.3588028790358795,1.3930397984981384,,1.9459972107574894,0.049781454987886886
2021-06-18,San Pedro Bay,31.31867426633835,33.36588637903333,-0.05249183624982834,-0.008545182645320892,10.528886273503304,1.0370396,0.0,-0.08824051098362785,1.0117316178528948,,1.015572377697369,0.04471932172944521
2021-06-19,San Pedro Bay,31.34430981427431,33.368938229978085,0.028077028691768646,-0.030518509447574615,10.528886273503304,1.4952018,10.601471900939941,0.9858249680981256,0.6340319292854337,,1.1721123474646444,0.03965718847100354
2021-06-20,San Pedro Bay,31.379467137157917,33.429975248873234,0.008545182645320892,-0.011597033590078354,10.528886273503304,1.506599,0.0,0.8707892847847516,1.0302502177189388,,1.3489586686054766,0.034595055212561864
2021-06-21,San Pedro Bay,31.3809320256114,33.48643449135125,0.02685628831386566,-0.02075258642435074,10.528886273503304,0.7403086,0.0,0.9346964617771568,0.7049567361124004,,1.1707354421255831,0.02953292195412019
2021-06-22,San Pedro Bay,31.489333771169186,33.45439005643129,0.0048829615116119385,-0.006103701889514923,10.528886273503304,0.31638864,0.0,0.3360835658421508,0.793608295750923,,0.8618389004412946,0.024470788695678508
2021-06-23,San Pedro Bay,31.438795119524002,33.48338264040649,-0.030518509447574615,0.003662221133708954,10.528886273503304,0.28862485,4.872844219207764,-0.8435878381009719,1.2772859217623342,,1.5307187091442136,0.01940865543723684
2021-06-24,San Pedro Bay,31.389721356332302,33.45896783284843,-0.025635547935962677,0.0024414807558059692,10.528886273503304,0.7067607,9.745688438415527,-0.1382667198663706,0.5560872863559457,,0.5730189838646927,0.01434652217879516
2021-06-25,San Pedro Bay,31.607257291674614,33.43607895076275,-0.02624591812491417,-0.02624591812491417,10.528886273503304,0.9545954,4.872844219207764,-0.40492446141982286,0.43557642873481967,0.009284388920353489,0.5947189628097569,0.009284388920353489
2021-06-26,San Pedro Bay,31.567705303430557,33.47270116209984,-0.059205908328294754,-0.014648884534835815,10.528886273503304,0.95354277,9.086729049682617,-0.8500111796728185,0.4206935012961897,,0.9484208072378124,-0.012879510803714939
2021-06-27,San Pedro Bay,31.494460880756378,33.50321967154741,-0.04699850454926491,-0.008545182645320892,10.528886273503304,0.50881124,0.0,-1.347266047701503,1.112869924121728,,1.7474568009836262,-0.03504341052778337
2021-06-28,San Pedro Bay,31.435865342617035,33.559678914025426,-0.03357036039233208,0.003662221133708954,11.444441601634026,1.1989331,0.0,-1.4009070017139,1.379535650542197,,1.9661279303666666,-0.05720731025185179
2021-06-29,San Pedro Bay,31.70760215073824,33.62376778386533,-0.02136295661330223,0.0012207403779029846,10.528886273503304,1.5396732,0.0,-0.7740453722240263,1.02485037800555,,1.2843148117029368,-0.07937120997592022
2021-06-30,San Pedro Bay,31.762535467743874,33.6405529640615,-0.04028443247079849,-0.0079348124563694,10.528886273503304,1.3665253,0.0,-0.7745998417259773,0.7390661210332915,-0.10153510969998865,1.0706183475268416,-0.10153510969998865
2021-07-01,San Pedro Bay,31.83870966732502,33.61461223103106,-0.04516739398241043,-0.051881466060876846,10.528886273503304,1.205621,4.188371181488037,-0.15271403244910903,0.007064161478142779,,0.1528773301842258,-0.11293034168079757
2021-07-02,San Pedro Bay,31.553788863122463,33.5688344668597,-0.02136295661330223,-0.07202368229627609,10.528886273503304,0.5598875,20.94185447692871,0.29767515883713225,-0.7424714570014207,,0.799921474052625,-0.1243255736616065
2021-07-03,San Pedro Bay,31.317941822111607,33.48643449135125,-0.010986663401126862,-0.059816278517246246,10.528886273503304,0.49303177,0.0,0.6213178189355528,0.5822988648123754,,0.8515326183350896,-0.13572080564241543
2021-07-04,San Pedro Bay,31.2249214053154,33.54594558477402,0.0024414807558059692,0.007324442267417908,10.528886273503304,0.43391177,0.0,0.6484932096377612,1.682915946712351,,1.8035380579973945,-0.14711603762322434
2021-07-05,San Pedro Bay,31.093081444501877,33.52153077721596,-0.02075258642435074,0.019531846046447754,10.528886273503304,0.36100334,8.376742362976074,-0.8345013662429589,1.8133061871448728,,1.9961141897695236,-0.15851126960403328
2021-07-06,San Pedro Bay,31.04107790440321,33.526108553633094,-0.04455702379345894,-0.020142216235399246,10.528886273503304,0.38497296,10.222055435180664,-1.0828553153091776,0.12193028061853686,,1.0896984111326644,-0.1699065015848422
2021-07-07,San Pedro Bay,31.064516119658947,33.56425669044256,-0.06653035059571266,-0.02685628831386566,10.528886273503304,0.301259,10.222055435180664,-2.0014442114397673,-0.04448988375438588,,2.001938630743268,-0.1813017335656511
2021-07-08,San Pedro Bay,31.01251257956028,33.58714557252824,-0.07019257172942162,-0.01892147585749626,10.528886273503304,0.24240151,23.851463317871094,-2.649500664263121,0.5041053815032958,,2.6970309611851517,-0.19269696554646004
2021-07-09,San Pedro Bay,31.087954334914684,33.64970851689577,-0.07568590342998505,-0.015259254723787308,11.902219265699387,0.2813039,13.62940788269043,-2.461375544928456,0.4911945465898126,,2.5099086947081215,-0.20409219752726898
2021-07-10,San Pedro Bay,31.00885035842657,33.657338144257665,-0.06836146116256714,-0.01037629321217537,12.512589484453201,0.2577361,3.4073519706726074,-2.195062718049399,0.5564048484631964,,2.264483758291008,-0.2154874295080779
2021-07-11,San Pedro Bay,31.013977468013763,33.66649369709194,-0.08056886494159698,-0.0048829615116119385,12.05481182038784,0.21905929,0.0,-2.293687837614478,0.5649195087691065,,2.3622315610050824,-0.2268826614888868
2021-07-12,San Pedro Bay,31.059389010071754,33.67717517539859,-0.07385479286313057,-0.009765923023223877,11.902219265699387,0.35061583,0.0,-1.6624513823541243,0.2460845810931696,,1.6805660414702361,-0.23827789346969575
2021-07-13,San Pedro Bay,30.984679698944092,33.6405529640615,-0.04699850454926491,-0.017090365290641785,10.528886273503304,0.39480913,12.459203720092773,-0.4760707475245493,0.26899458981640373,,0.5468102467941492,-0.24967312545050468
2021-07-14,San Pedro Bay,31.134098321199417,33.64818259142339,-0.05005035549402237,-0.02624591812491417,10.528886273503304,0.9118582,6.229601860046387,-0.4163659603139867,0.5803925514426469,,0.7142941457679,-0.26106835743131357
2021-07-15,San Pedro Bay,31.20514541119337,33.56578261591494,0.012817773967981339,-0.0555436871945858,10.528886273503304,0.7735327,14.239091873168945,0.7791549977707353,0.2911250996142794,-0.2724635894121225,0.831766995123357,-0.2724635894121225
2021-07-16,San Pedro Bay,31.083559669554234,33.547471510246396,0.02929776906967163,-0.03357036039233208,10.528886273503304,0.5240068,7.722819805145264,1.4694805908253656,0.5807201059079816,,1.5800661531145597,-0.2514645966116503
2021-07-17,San Pedro Bay,30.969298370182514,33.67870110087097,0.04821924492716789,0.006103701889514923,10.528886273503304,0.40156105,0.0,1.242487134882311,1.553618665735993,,1.9893479431389927,-0.23046560381117812
2021-07-18,San Pedro Bay,31.031556129455566,33.78551588393748,0.06103701889514923,0.005493331700563431,11.139256492257118,0.40512735,0.0,1.0903595242802533,1.2953558115779473,,1.6931717487536293,-0.2094666110107059
2021-07-19,San Pedro Bay,31.075502783060074,33.872493635863066,0.06591998040676117,0.022583696991205215,12.512589484453201,0.4063627,0.0,1.6057981665035426,1.7985139553874872,,2.411066195538746,-0.18846761821023372
2021-07-20,San Pedro Bay,31.001525916159153,33.90453807078302,0.07263405248522758,0.02624591812491417,12.970367148518562,0.287339,4.504978179931641,2.7235466576671032,1.9508199671323956,,3.3501350630462783,-0.16746862540976154
2021-07-21,San Pedro Bay,30.892391726374626,33.93810843117535,0.07507553324103355,0.02929776906967163,13.885922476649284,0.31174225,0.0,3.5334437325013552,2.157331314708423,,4.139964131749776,-0.14646963260928933
2021-07-22,San Pedro Bay,30.778130427002907,33.980834344401956,0.08239997550845146,0.038453321903944016,14.191107586026192,0.42783555,0.0,4.083925741998966,2.888922257615727,,5.002431536433992,-0.12547063980881712
2021-07-23,San Pedro Bay,30.637501135468483,34.02203433215618,0.08178960531949997,0.038453321903944016,14.343700140714645,1.974973,4.708146572113037,3.619718468010019,2.948250744285801,,4.668462727583307,-0.10447164700834494
2021-07-24,San Pedro Bay,30.612598031759262,34.05713061802089,0.08484145626425743,0.032959990203380585,13.580737367272377,1.9919735,0.0,3.1327293453346665,2.5382570305583694,,4.031965017742584,-0.08347265420787275
2021-07-25,San Pedro Bay,30.650685131549835,34.08612320199609,0.07873775437474251,0.02624591812491417,12.817774593830109,1.0251298,0.0,2.5875589500966396,1.663253720734039,-0.062473661407400544,3.076015971961272,-0.062473661407400544
2021-07-26,San Pedro Bay,30.708548225462437,34.10901208408177,0.07019257172942162,0.02624591812491417,12.512589484453201,1.6534126,0.0,2.189170699710443,1.8894183195950263,,2.8917762601715933,-0.06862456725458917
2021-07-27,San Pedro Bay,30.6448255777359,34.12274541333318,0.05798516795039177,0.02868739888072014,13.122959703207016,1.6522574,0.0,2.6811455153686277,2.4684905362876104,,3.6444460213210457,-0.07477547310177778
2021-07-28,San Pedro Bay,30.68071534484625,34.139530593529344,0.025635547935962677,0.0238044373691082,12.512589484453201,1.8318988,0.0,1.7932281185912884,2.1743999821388598,,2.8184538966660293,-0.0809263789489664
2021-07-29,San Pedro Bay,30.953917041420937,34.15478984825313,0.012207403779029846,0.009765923023223877,11.291849046945572,0.5942244,0.0,1.3900049428006924,1.2951173314717255,,1.8998533215195323,-0.08707728479615501
2021-07-30,San Pedro Bay,31.15167698264122,34.15784169919789,0.028077028691768646,-0.0012207403779029846,10.528886273503304,0.48406556,0.0,1.5677740260128694,1.0732562925035698,,1.899945911345665,-0.09322819064334363
2021-07-31,San Pedro Bay,31.145817428827286,34.16852317750454,0.04821924492716789,-0.003662221133708954,11.139256492257118,0.5734945,0.0,1.9656968167605198,1.2229890207540393,,2.315095272404003,-0.09937909649053225
2021-08-01,San Pedro Bay,31.105532996356487,34.185308357700706,0.046388134360313416,0.0024414807558059692,11.59703415632248,0.9576019,0.0,2.306516873456759,1.1853339528159537,,2.5932675656860087,-0.10553000233772086
2021-08-02,San Pedro Bay,31.022034354507923,34.20361946336925,0.048829615116119385,0.017090365290641785,12.512589484453201,1.2126238,0.0,2.527529100099379,1.7084910079685856,,3.0507941386069772,-0.11168090818490949
2021-08-03,San Pedro Bay,30.91802727431059,34.221930569037795,0.03479110077023506,0.02136295661330223,12.970367148518562,1.2324569,1.074418544769287,2.1155142502102904,1.8939359809430327,,2.839435514808085,-0.11783181403209811
2021-08-04,San Pedro Bay,30.96710103750229,34.235663898289204,0.027466658502817154,0.02136295661330223,12.512589484453201,0.62749344,0.0,1.072816619984211,2.125126495528074,,2.380566764892298,-0.12398271987928672
2021-08-05,San Pedro Bay,31.190496526658535,34.25092315301299,0.010986663401126862,0.0238044373691082,11.59703415632248,0.50962853,0.0,0.7973151806687919,1.7619954372085527,,1.933995713042991,-0.13013362572647535
2021-08-06,San Pedro Bay,31.382396914064884,34.26160463131964,0.01037629321217537,0.014038514345884323,11.444441601634026,0.75362295,0.0,0.8806074040008229,1.569286930907664,,1.7994807227360519,-0.13628453157366396
2021-08-07,San Pedro Bay,31.596270628273487,34.2646564822644,-0.021973326802253723,0.01037629321217537,11.139256492257118,1.12709,3.954178810119629,0.22384362701106783,1.2820326229050993,,1.30142752988647,-0.14243543742085257
2021-08-08,San Pedro Bay,31.57283241301775,34.14105651900172,-0.005493331700563431,-0.003662221133708954,10.528886273503304,1.2343931,15.816715240478516,0.22229241241610712,0.5215248943630517,,0.5669233917013523,-0.1485863432680412
2021-08-09,San Pedro Bay,31.001525916159153,34.040345437824726,0.031128879636526108,-0.030518509447574615,10.528886273503304,1.0303506,27.67925262451172,1.3723732609568515,0.3068339767673331,,1.406255829032612,-0.1547372491152298
2021-08-10,San Pedro Bay,31.137760542333126,34.11816763691604,-0.017090365290641785,-0.015259254723787308,10.528886273503304,1.9350773,4.51906156539917,0.08193001941984336,1.2814145346052312,,1.2840310500839445,-0.16088815496241843
2021-08-11,San Pedro Bay,31.224188961088657,34.18378243222833,-0.05310220643877983,0.012817773967981339,11.291849046945572,2.3985631,0.0,-1.2987889052937462,1.1099228175699072,,1.7084441113119415,-0.16703906080960707
2021-08-12,San Pedro Bay,31.363353364169598,34.19446391053498,-0.0714133121073246,-0.014648884534835815,11.444441601634026,1.0013944,0.0,-1.5646364781878486,0.013651031620084506,,1.5646960278406685,-0.17318996665679565
2021-08-13,San Pedro Bay,31.33552048355341,34.113589860498905,-0.05859553813934326,-0.023194067180156708,10.528886273503304,0.39214298,11.71551513671875,-0.8629051305512039,0.26776041916027965,,0.9034937223912952,-0.17934087250398428
2021-08-14,San Pedro Bay,31.194891192018986,34.0998565312475,-0.03234962001442909,-0.03418073058128357,10.528886273503304,0.6023789,5.857757568359375,0.053642794915213274,0.6062539978938134,,0.6086225919307856,-0.1854917783511729
2021-08-15,San Pedro Bay,31.198553413152695,34.15936762467027,-0.08056886494159698,-0.009155552834272385,11.291849046945572,1.9829682,0.0,-1.6269062889104682,0.8271291325112685,,1.8250936071186254,-0.19164268419836153
2021-08-16,San Pedro Bay,31.306222714483738,34.17004910297692,-0.09338663890957832,-0.02624591812491417,10.986663937568665,1.8172371,12.122297286987305,-1.736938513069802,-0.42256547545856166,,1.7876009004346174,-0.19779359004555014
2021-08-17,San Pedro Bay,31.09381388872862,34.16852317750454,-0.06775109097361565,-0.0079348124563694,12.817774593830109,1.8535117,8.081531524658203,-1.2783599144591822,0.6219939984298793,,1.4216471450324362,-0.20394449589273875
2021-08-18,San Pedro Bay,31.35163425654173,34.14563429541886,-0.059205908328294754,-0.03234962001442909,10.528886273503304,1.4860878,4.040765762329102,-0.22210998466941917,0.44264785586086225,,0.4952473822122317,-0.21009540173992738
2021-08-19,San Pedro Bay,31.447584450244904,34.1212194878608,-0.07263405248522758,-0.04150517284870148,10.528886273503304,1.0848179,4.040765762329102,-0.05102471265029226,0.4546367098727885,-0.216246307587116,0.45749104828947085,-0.216246307587116
2021-08-20,San Pedro Bay,31.272530280053616,34.09680468030274,-0.09704886004328728,-0.048829615116119385,10.528886273503304,1.0239587,16.163063049316406,-0.31791619732171633,0.2839187060738962,,0.42624000302432424,-0.20574352466184306
2021-08-21,San Pedro Bay,31.199285857379436,34.12884911522269,-0.09460737928748131,-0.004272591322660446,10.528886273503304,0.64703596,0.0,-1.0139188537598292,1.3719260139618181,,1.7059344740624736,-0.19524074173657013
2021-08-22,San Pedro Bay,31.137760542333126,34.13190096616745,-0.08606219664216042,-0.005493331700563431,11.749626711010933,0.6814525,0.0,-1.3564250476708186,1.1029751838868134,,1.7482686195830812,-0.18473795881129718
2021-08-23,San Pedro Bay,31.342112481594086,34.03881951235235,-0.079348124563694,-0.02868739888072014,10.528886273503304,0.5936924,22.77560043334961,-0.3462734546509158,0.2741613923749337,,0.4416670402745061,-0.17423517588602425
2021-08-24,San Pedro Bay,31.12237921357155,34.05560469254851,-0.05798516795039177,-0.0634784996509552,10.528886273503304,0.69913363,0.0,0.5730141022559215,-0.6632527270548565,,0.876498340745642,-0.16373239296075132
2021-08-25,San Pedro Bay,31.035950794816017,34.040345437824726,-0.09338663890957832,-0.03662221133708954,10.528886273503304,0.7429581,17.35283851623535,-0.95285156270717,-0.032321941877044624,,0.953399605873738,-0.1532296100354784
2021-08-26,San Pedro Bay,30.86529128998518,34.04644913971424,-0.07507553324103355,-0.017090365290641785,11.444441601634026,0.7377257,0.0,-2.05210046397431,0.7093595190153698,,2.1712455507061597,-0.14272682711020546
2021-08-27,San Pedro Bay,30.94293037801981,34.064760245382786,-0.08362071588635445,-0.007324442267417908,11.902219265699387,0.6738217,10.930419921875,-2.022152220131475,0.7017013656910671,,2.1404402369595283,-0.1322240441849325
2021-08-28,San Pedro Bay,30.756157100200653,34.02661210857332,-0.07263405248522758,-0.005493331700563431,13.580737367272377,0.49096859,28.692350387573242,-1.6179088035698197,1.0412820662336717,,1.924031506532206,-0.12172126125965958
2021-08-29,San Pedro Bay,30.803033530712128,34.04644913971424,-0.07080294191837311,0.0006103701889514923,12.512589484453201,0.49942875,0.0,-0.8276626345132138,1.0659765364658091,-0.11121847833438664,1.3495671205482875,-0.11121847833438664
2021-08-30,San Pedro Bay,30.9304788261652,34.028138034045696,-0.08545182645320892,0.001831110566854477,11.902219265699387,0.6178388,9.564116477966309,-1.412271995198309,0.3726063448195822,,1.4605983967611431,-0.09408571348886777
2021-08-31,San Pedro Bay,31.002258360385895,34.03729358687997,-0.09643848985433578,-0.0158696249127388,11.444441601634026,0.54405826,9.564116477966309,-1.344926281317677,0.33983614413309865,,1.3871969243904225,-0.0769529486433489
2021-09-01,San Pedro Bay,31.019104577600956,34.02661210857332,-0.05859553813934326,-0.030518509447574615,11.59703415632248,0.56310785,12.735716819763184,-0.2600855234561594,0.41309531206831696,,0.4881518374074655,-0.05982018379783001
2021-09-02,San Pedro Bay,31.283516943454742,34.00372322648764,-0.03662221133708954,-0.011597033590078354,10.986663937568665,0.6669388,0.0,0.12214190180360567,0.5840919681065636,,0.5967261276186929,-0.04268741895231114
2021-09-03,San Pedro Bay,31.358226254582405,34.006775077432394,-0.030518509447574615,-0.02868739888072014,10.528886273503304,1.1183007,0.0,0.340712712974657,0.2705224401801303,-0.025554654106792266,0.4350488977385912,-0.025554654106792266
2021-09-04,San Pedro Bay,31.45857111364603,33.97625656798482,-0.04455702379345894,-0.051271095871925354,10.528886273503304,1.0032637,14.555105209350586,0.8318396442670271,-0.05978319933733583,,0.8339851465687514,-0.026182653122560833
2021-09-05,San Pedro Bay,31.3318582624197,33.9777824934572,-0.06164738908410072,-0.06958220154047012,10.528886273503304,0.9930584,12.735716819763184,0.6345066424513252,-0.6453662217709473,,0.9050393579937622,-0.026810652138329404
2021-09-06,San Pedro Bay,30.972960591316223,33.79772328771651,0.003662221133708954,-0.04455702379345894,10.528886273503304,0.9929556,44.382083892822266,1.6273427078112666,0.04966622050593758,,1.6281004336728893,-0.027438651154097972
2021-09-07,San Pedro Bay,30.68950467556715,33.84655290283263,0.02075258642435074,0.011597033590078354,11.291849046945572,0.80033,8.87641716003418,0.6726870017301502,2.2473868021657744,,2.345901796931322,-0.028066650169866543
2021-09-08,San Pedro Bay,30.852107293903828,33.93963435664773,0.016479995101690292,0.014648884534835815,12.512589484453201,1.1127392,0.0,1.4021034959499645,1.5336372658577777,,2.077964743825754,-0.02869464918563511
2021-09-09,San Pedro Bay,30.849909961223602,33.93658250570297,0.029908139258623123,0.025635547935962677,12.665182039141655,1.1225175,0.0,1.8283066631145093,1.9504173846424506,,2.6733561731846374,-0.029322648201403678
2021-09-10,San Pedro Bay,30.75029754638672,33.95336768589914,0.020142216235399246,0.02075258642435074,13.73332992196083,1.0423293,8.87641716003418,0.9971854951857133,2.2924916795313988,,2.499979402421042,-0.02995064721717225
2021-09-11,San Pedro Bay,30.901181057095528,33.95947138778865,-0.01342814415693283,0.021973326802253723,12.359996929764748,2.6666024,0.0,-1.122800042687824,1.8468338761537133,,2.161359595710239,-0.030578646232940817
2021-09-12,San Pedro Bay,30.95977659523487,33.95184176042676,-0.02685628831386566,0.015259254723787308,12.207404375076294,2.737339,0.0,-1.5840809167288057,1.334129343365066,,2.0710416354028416,-0.031206645248709388
2021-09-13,San Pedro Bay,30.925351716578007,33.94116028212011,-0.05066072568297386,0.001831110566854477,12.665182039141655,0.72450167,0.0,-2.481132057614892,1.4422538751908127,-0.031834644264477956,2.869862806446891,-0.031834644264477956
2021-09-14,San Pedro Bay,30.909237943589687,33.932004729285836,-0.04577776417136192,0.0,12.817774593830109,0.74113536,6.489663600921631,-1.43472529231369,0.6861705618967671,,1.590366845862403,-0.057620371521709304
2021-09-15,San Pedro Bay,31.066713452339172,33.89996029436588,-0.062257759273052216,-0.0079348124563694,11.139256492257118,0.7316609,12.979327201843262,-1.2378690718214944,-0.055407051914093064,,1.2391084619088109,-0.08340609877894065
2021-09-16,San Pedro Bay,30.851374849677086,33.8557084556669,-0.051881466060876846,-0.016479995101690292,10.681478828191757,0.9316878,16.193424224853516,-1.178395106260473,0.1775576209491417,,1.1916969980728114,-0.109191826036172
2021-09-17,San Pedro Bay,30.98028503358364,33.85723438113928,-0.04028443247079849,-0.011597033590078354,10.528886273503304,0.9283659,0.0,-0.5718914441015793,0.31788716043681614,,0.6543027362063925,-0.13497755329340333
2021-09-18,San Pedro Bay,30.978820145130157,33.81908624432981,-0.08972441777586937,-0.07080294191837311,10.528886273503304,0.9042275,10.79561710357666,-0.4029685084302976,-0.07866695693995245,,0.41057533888524184,-0.16076328055063469
2021-09-19,San Pedro Bay,30.87408062070608,33.75804922543466,-0.06591998040676117,-0.05249183624982834,10.528886273503304,0.78211176,5.39780855178833,-0.1540991167128738,0.613774988973241,,0.6328240473155157,-0.18654900780786604
2021-09-20,San Pedro Bay,30.560594491660595,33.776360331103206,-0.08362071588635445,-0.009765923023223877,10.528886273503304,1.0703497,21.59123420715332,-1.3408860282966164,1.4030164104319938,,1.940729344556461,-0.21233473506509737
2021-09-21,San Pedro Bay,30.6448255777359,33.85265660472214,-0.09704886004328728,-0.0012207403779029846,10.83407138288021,1.360118,0.0,-1.7013673878906663,1.8122919781080615,,2.485770142730969,-0.23812046232232872
2021-09-22,San Pedro Bay,30.613330475986004,33.91521954908967,-0.09277626872062683,-0.0079348124563694,12.665182039141655,0.93335223,6.027326583862305,-1.6258746136481481,0.8862740949760474,,1.8517424309906403,-0.2639061895795601
2021-09-23,San Pedro Bay,30.81182286143303,33.89233066700399,-0.09155552834272385,-0.048829615116119385,10.83407138288021,0.4426862,18.08197784423828,0.03753914717167639,-0.7390251927710865,-0.2896919168367914,0.739977988267704,-0.2896919168367914
2021-09-24,San Pedro Bay,30.740775771439075,33.9274269528687,-0.07202368229627609,-0.038453321903944016,11.139256492257118,0.33273673,6.027326583862305,-0.979790187677853,-0.8346283417031011,,1.2870871301679117,-0.2858004214955818
2021-09-25,San Pedro Bay,30.990539252758026,33.93658250570297,-0.056764427572488785,-0.022583696991205215,10.528886273503304,0.71228844,0.0,-0.2903370252468151,0.18307951908489287,,0.3432400013656995,-0.2819089261543723
2021-09-26,San Pedro Bay,31.056459233164787,33.89996029436588,-0.019531846046447754,-0.04272591322660446,10.528886273503304,0.46065816,5.176113128662109,0.6478362874058163,0.08315152407908363,,0.6531508487603962,-0.2780174308131627
2021-09-27,San Pedro Bay,31.00885035842657,33.910641772672534,-0.0030518509447574615,-0.048829615116119385,10.528886273503304,0.5297158,5.176113128662109,1.8882274848750529,-0.24535093895527965,,1.904100868621147,-0.2741259354719532
2021-09-28,San Pedro Bay,30.974425479769707,33.97167879156768,-0.0079348124563694,-0.03357036039233208,11.59703415632248,0.40966213,0.0,1.908056995617458,-0.2772059454192499,,1.9280883368509079,-0.2702344401307436
2021-09-29,San Pedro Bay,31.208075188100338,33.95947138778865,-0.039674062281847,-0.020142216235399246,10.528886273503304,0.88431954,0.0,0.48176668653330895,0.3096550094804209,,0.5727000656099169,-0.266342944789534
2021-09-30,San Pedro Bay,31.420484013855457,33.89233066700399,-0.05615405738353729,-0.032959990203380585,10.528886273503304,0.55997825,5.176113128662109,0.4313381660441719,0.1694619570341211,,0.46343280890349564,-0.2624514494483245
2021-10-01,San Pedro Bay,31.574297301471233,33.825189946219325,-0.07507553324103355,-0.04577776417136192,10.528886273503304,0.49111316,11.014303207397461,0.0429981527790201,0.08189443784309892,,0.09249616258010462,-0.2585599541071149
2021-10-02,San Pedro Bay,31.317209377884865,33.75957515090704,-0.10986663401126862,-0.02624591812491417,10.528886273503304,0.4602844,0.0,-0.6655176646409898,-0.05446741440271067,,0.6677428106546065,-0.2546684587659054
2021-10-03,San Pedro Bay,31.043275237083435,33.69548628106713,-0.13183996081352234,-0.05310220643877983,10.528886273503304,0.39080337,66.0858154296875,-2.3460234093645553,-1.0611232059176725,,2.5748414117035425,-0.2507769634246958
2021-10-04,San Pedro Bay,30.748100213706493,33.646656665951014,-0.11169774457812309,-0.03479110077023506,10.528886273503304,0.39337635,55.07151412963867,-2.375019005145669,0.4312040764998581,,2.413845941727272,-0.24688546808348621
2021-10-05,San Pedro Bay,30.74663532525301,33.718375163152814,-0.04150517284870148,-0.012207403779029846,11.291849046945572,0.39563522,33.04290771484375,0.5835568861137426,0.20270416224837365,,0.6177601611657897,-0.24299397274227666
2021-10-06,San Pedro Bay,30.89385661482811,33.81603439338505,-0.01037629321217537,-0.0158696249127388,12.207404375076294,0.42267755,4.275809288024902,1.5130718824160605,-0.6250513164292377,,1.6370936654718335,-0.2391024774010671
2021-10-07,San Pedro Bay,30.781792648136616,33.86638993397355,0.011597033590078354,0.003662221133708954,13.122959703207016,0.5054913,12.82742691040039,3.433356113359308,-1.7604442119945778,,3.858380233295695,-0.23521098205985755
2021-10-08,San Pedro Bay,30.381145656108856,33.84044920094311,0.04516739398241043,0.02685628831386566,13.885922476649284,0.45719385,29.930665969848633,4.957070726267951,-1.250792001476272,,5.1124388325122965,-0.231319486718648
2021-10-09,San Pedro Bay,29.98196355253458,33.84197512641549,0.079348124563694,0.040894802659749985,14.343700140714645,0.76541,29.930665969848633,5.302707473413307,-1.2472064643989726,,5.447405851727217,-0.2274279913774384
2021-10-10,San Pedro Bay,29.795922718942165,33.88775289058685,0.07324442267417908,0.04028443247079849,14.343700140714645,0.7471563,17.10323715209961,3.8629685089962247,1.183626538349687,,4.040234830276846,-0.22353649603622885
2021-10-11,San Pedro Bay,29.79738760739565,33.898434368893504,0.051271095871925354,0.027466658502817154,13.27555225789547,0.81010747,0.0,2.331872127302294,3.4942552284796795,,4.200886480238059,-0.2196450006950193
2021-10-12,San Pedro Bay,29.73293251544237,33.87096771039069,-0.012207403779029846,0.0030518509447574615,14.038515031337738,0.81709343,0.0,0.12834867599571181,2.25505435670462,,2.25870395012767,-0.21575350535380972
2021-10-13,San Pedro Bay,29.91238135099411,33.81756031885743,-0.0714133121073246,0.0079348124563694,11.749626711010933,0.9570892,8.723329544067383,-0.8325934856251714,1.1020270272969994,,1.3811862586916126,-0.2118620100126002
2021-10-14,San Pedro Bay,29.983428440988064,33.751945523545146,-0.04272591322660446,-0.04211554303765297,11.139256492257118,0.8239727,8.723329544067383,0.9170189924497181,-0.4725098666690646,,1.0315955634904181,-0.2079705146713906
2021-10-15,San Pedro Bay,29.979766219854355,33.465071534737945,-0.059205908328294754,-0.008545182645320892,10.528886273503304,0.6851921,8.723329544067383,0.6096945866913787,0.10802238939992562,,0.6191900561640507,-0.20407901933018105
2021-10-16,San Pedro Bay,29.959990225732327,33.55052336119115,-0.09216589853167534,0.012207403779029846,10.528886273503304,0.78498214,0.0,-1.3914744723702956,1.0624153878137887,,1.7506934807446208,-0.2001875239889715
2021-10-17,San Pedro Bay,30.139439061284065,33.61613815650344,-0.1031525619328022,-0.0030518509447574615,11.291849046945572,0.92556536,0.0,-1.836550504215917,0.21064629295944612,,1.8485912515408307,-0.1962960286477619
2021-10-18,San Pedro Bay,30.208288818597794,33.620715932920575,-0.1110873743891716,-0.014648884534835815,11.902219265699387,0.7846317,0.0,-1.9718226756123618,-0.08768497741698462,,1.9737713442351195,-0.19240453330655236
2021-10-19,San Pedro Bay,30.217810593545437,33.59477519989014,-0.09949034079909325,-0.009155552834272385,12.05481182038784,0.9478907,0.0,-1.9755707068809325,0.41870115817686654,,2.0194529649745934,-0.1885130379653428
2021-10-20,San Pedro Bay,30.29325234889984,33.56730854138732,-0.09399700909852982,-0.020142216235399246,11.59703415632248,0.98047453,13.528267860412598,-1.0241757783284051,0.03739854531364258,,1.024858368803305,-0.18462154262413322
2021-10-21,San Pedro Bay,30.315958119928837,33.56578261591494,-0.1110873743891716,-0.028077028691768646,12.05481182038784,1.2818916,21.352434158325195,-0.757273800144591,-1.0913108468916302,,1.3283158408032167,-0.1807300472829237
2021-10-22,San Pedro Bay,30.12479017674923,33.45591598190367,-0.16479995101690292,-0.04516739398241043,10.528886273503304,1.2851765,35.5873908996582,-2.2521290572260115,-1.148196187427687,,2.527931916651475,-0.1768385519417141
2021-10-23,San Pedro Bay,30.033967092633247,33.416241919621825,-0.16357921063899994,-0.030518509447574615,11.902219265699387,1.2988361,35.5873908996582,-2.2878725677304295,1.0258876410799556,,2.507350461801067,-0.17294705660050455
2021-10-24,San Pedro Bay,29.950468450784683,33.39030118659139,-0.14526810497045517,-0.02624591812491417,12.817774593830109,2.1488993,7.117478370666504,-0.7889062081972442,0.4314957106695309,,0.8992005080394234,-0.169055561259295
2021-10-25,San Pedro Bay,30.093295074999332,33.27890862710774,-0.17761772498488426,-0.03234962001442909,10.986663937568665,2.1954412,7.117478370666504,-0.5833634236875976,-0.4576996678792528,,0.7414862575080498,-0.1651640659180854
2021-10-26,San Pedro Bay,30.109408847987652,33.29111603088677,-0.13367107138037682,-0.03234962001442909,12.05481182038784,1.1176718,0.0,-1.3000724618660235,-0.7425877423513505,,1.4972057177264784,-0.16127257057687586
2021-10-27,San Pedro Bay,30.0559404194355,33.234656788408756,-0.09765923023223877,-0.020142216235399246,12.512589484453201,0.7959515,9.462241172790527,-1.6553042994341998,-0.7745947490125962,,1.827574717740217,-0.1573810752356663
2021-10-28,San Pedro Bay,30.00173954665661,33.1812493968755,-0.08301034569740295,-0.017090365290641785,12.817774593830109,0.42583638,0.0,-1.8709483798177555,-0.36077898974070943,,1.9054157864836252,-0.15348957989445675
2021-10-29,San Pedro Bay,29.96584977954626,33.129367930814624,-0.079348124563694,-0.0238044373691082,12.970367148518562,0.49924612,0.0,-1.6920156162443112,-1.266470563902003,,2.113495809043603,-0.1495980845532472
2021-10-30,San Pedro Bay,29.968779556453228,33.08664201758802,-0.09155552834272385,-0.02685628831386566,12.817774593830109,0.4456292,18.924482345581055,-2.397609702482375,-1.714928945158245,,2.947798088807847,-0.1457065892120376
2021-10-31,San Pedro Bay,29.88308358192444,33.05154573172331,-0.08545182645320892,-0.024414807558059692,13.27555225789547,0.5801039,28.38672637939453,-2.4632715503224727,-1.3843915220743555,,2.82564092145825,-0.14181509387082805
2021-11-01,San Pedro Bay,29.8508560359478,33.02713092416525,-0.08667256683111191,-0.0238044373691082,13.27555225789547,0.70001674,11.554811477661133,-2.1918181063315827,-1.4427620824405445,,2.6240482155957316,-0.1379235985296185
2021-11-02,San Pedro Bay,29.661885425448418,32.92031614109874,-0.07995849475264549,-0.02136295661330223,12.512589484453201,0.6910687,57.77405548095703,-2.0388510469269523,-1.6209287781756132,,2.6046734335561177,-0.13403210318840894
2021-11-03,San Pedro Bay,29.615741439163685,32.912686513736844,-0.05493331700563431,-0.010986663401126862,13.27555225789547,0.5576172,23.109622955322266,-1.6343244336221274,-1.123156079196545,,1.9830521759576683,-0.13014060784719936
2021-11-04,San Pedro Bay,29.71974851936102,32.85927912220359,-0.05066072568297386,-0.0012207403779029846,11.59703415632248,0.6444902,23.109622955322266,-1.4155893893626854,0.333798827442225,,1.4544122443372185,-0.1262491125059898
2021-11-05,San Pedro Bay,29.667744979262352,32.88369392976165,-0.05310220643877983,-0.003662221133708954,12.817774593830109,0.91202873,0.0,-1.7888453419346382,0.228898331000873,,1.803430648318986,-0.12235761716478025
2021-11-06,San Pedro Bay,29.762962728738785,32.83181246370077,-0.06164738908410072,-0.020142216235399246,10.528886273503304,1.0770069,22.25567626953125,-2.120772891742866,-0.7872376356529743,,2.2621716896247914,-0.11846612182357069
2021-11-07,San Pedro Bay,29.56886500865221,32.80892358161509,-0.07263405248522758,-0.009765923023223877,13.122959703207016,0.46179155,11.127838134765625,-3.3187925730472263,0.14547649185597025,,3.3219794630003583,-0.11457462648236111
2021-11-08,San Pedro Bay,29.738792069256306,32.83028653822839,-0.07751701399683952,-0.01342814415693283,12.05481182038784,0.8629806,0.0,-2.872186343791004,-0.07602691599861493,,2.8731923857298165,-0.11068313114115155
2021-11-09,San Pedro Bay,29.612811662256718,32.815027283504605,-0.06286812946200371,-0.01342814415693283,13.122959703207016,0.85525614,16.691757202148438,-3.087748202182369,-0.16854926612773669,,3.092345034952059,-0.106791635799942
2021-11-10,San Pedro Bay,29.65016631782055,32.80892358161509,-0.06653035059571266,-0.014038514345884323,12.359996929764748,0.63850504,11.127838134765625,-3.012309685488617,-0.682115628329466,,3.0885743267241983,-0.10290014045873244
2021-11-11,San Pedro Bay,29.664082758128643,32.827234687283635,-0.06286812946200371,-0.011597033590078354,12.665182039141655,0.5896504,0.0,-3.0694885347385163,-0.1275555041777597,,3.072137736420235,-0.09900864511752289
2021-11-12,San Pedro Bay,29.676534309983253,32.82418283633888,-0.05859553813934326,-0.009155552834272385,12.512589484453201,0.60013735,26.770856857299805,-2.9322051916053593,-0.2803223914315002,,2.9455742952462254,-0.0951171497763133
2021-11-13,San Pedro Bay,29.672139644622803,32.80739765614271,-0.04943998530507088,-0.007324442267417908,12.359996929764748,0.7627952,17.84723663330078,-2.188639276682505,-0.12681040597108825,,2.192309914793041,-0.09122565443510375
2021-11-14,San Pedro Bay,29.828882709145546,32.851649494841695,-0.04211554303765297,-0.01037629321217537,11.902219265699387,0.8517439,8.92361831665039,-1.4450945082038624,-0.5939074263082246,,1.5623777291887586,-0.08733415909389419
2021-11-15,San Pedro Bay,29.66628009080887,32.84249394200742,-0.04699850454926491,-0.004272591322660446,12.359996929764748,0.7539423,44.61809539794922,-2.3593817859368973,-0.610025804811333,,2.436968176720102,-0.08344266375268464
2021-11-16,San Pedro Bay,29.721945852041245,32.87911615334451,-0.05371257662773132,-0.006714072078466415,12.359996929764748,0.41198266,0.0,-3.281477617344262,-0.036530534671121766,,3.2816809462674357,-0.07955116841147505
2021-11-17,San Pedro Bay,29.806909382343292,32.89742725901306,-0.04211554303765297,-0.005493331700563431,12.05481182038784,0.7466743,0.0,-1.4435924162682467,-0.14978681089736132,-0.07565967307026551,1.4513425346988205,-0.07565967307026551
2021-11-18,San Pedro Bay,30.038361757993698,32.93252354487777,0.015259254723787308,-0.025025177747011185,10.83407138288021,0.49464843,0.0,0.5005548454308416,-0.26243752168104256,,0.5651801536416343,-0.0756362254388351
2021-11-19,San Pedro Bay,30.159947499632835,32.97372353263199,-0.0006103701889514923,-0.017090365290641785,10.528886273503304,1.3418906,0.0,0.15356338999193866,0.20887424726503265,,0.25924923513165904,-0.07561277780740466
2021-11-20,San Pedro Bay,30.09183018654585,32.99966426566243,-0.05615405738353729,-0.0012207403779029846,10.528886273503304,0.97766757,0.0,-1.8546469334901048,0.8343794489390048,,2.0336922856509063,-0.07558933017597425
2021-11-21,San Pedro Bay,30.025177761912346,32.9660939052701,-0.04028443247079849,-0.008545182645320892,10.528886273503304,0.4237073,0.0,-1.8039662724133716,0.5620832220277484,,1.889505718565067,-0.07556588254454381
2021-11-22,San Pedro Bay,30.163609720766544,33.00271611660719,-0.05249183624982834,-0.015259254723787308,11.291849046945572,0.41783372,0.0,-2.22314324300963,-0.3232032182603666,,2.2465142330359793,-0.0755424349131134
2021-11-23,San Pedro Bay,30.185583047568798,33.043916104361415,-0.06530961021780968,-0.01342814415693283,12.512589484453201,1.3520668,0.0,-3.211423319723047,-1.1875178788511855,,3.4239507080348304,-0.07551898728168298
2021-11-24,San Pedro Bay,30.02737509459257,33.03628647699952,-0.062257759273052216,-0.010986663401126862,12.970367148518562,1.3520643,23.439523696899414,-2.715691821702593,-0.15408922748160178,,2.720059845019632,-0.07549553965025255
2021-11-25,San Pedro Bay,29.702169857919216,32.47321997769177,-0.1355021819472313,-0.014648884534835815,10.528886273503304,0.6063442,31.252695083618164,-2.8799734841483238,0.36096296423167945,,2.9025060776756963,-0.07547209201882213
2021-11-26,San Pedro Bay,29.491958364844322,32.502212561666965,-0.13855403289198875,-0.027466658502817154,10.528886273503304,0.6365517,24.559751510620117,-2.719051511092363,0.2188872769854939,,2.727847642372973,-0.0754486443873917
2021-11-27,San Pedro Bay,29.727072961628437,32.75246433913708,-0.13183996081352234,-0.032959990203380585,10.528886273503304,0.6945,8.186583518981934,-3.2465364511648285,0.10270049602150545,-0.07542519675596128,3.248160451798061,-0.07542519675596128
2021-11-28,San Pedro Bay,29.80544449388981,32.85470134578645,-0.1110873743891716,-0.024414807558059692,12.207404375076294,0.5547178,8.186583518981934,-2.4245703934486267,-0.1547850047099574,,2.4295061206901063,-0.07649885532264313
2021-11-29,San Pedro Bay,29.906521797180176,32.90353096090257,-0.08850367739796638,-0.019531846046447754,11.902219265699387,0.3158096,0.0,-1.5514275926305363,-0.11884390275931074,,1.5559728302250158,-0.07757251388932497
2021-11-30,San Pedro Bay,30.08377330005169,32.92031614109874,-0.05005035549402237,-0.030518509447574615,11.139256492257118,0.90526617,0.0,0.14702454305056728,-0.1803778343006779,,0.2327066379934851,-0.07864617245600682
2021-12-01,San Pedro Bay,29.93728445470333,32.9660939052701,0.008545182645320892,-0.008545182645320892,12.207404375076294,0.8995703,0.0,1.129428575635628,-1.5406598341181559,,1.9102988331481823,-0.07971983102268866
2021-12-02,San Pedro Bay,29.800317384302616,32.97830130904913,0.010986663401126862,-0.006103701889514923,12.817774593830109,0.88935876,44.22980880737305,-0.5730955482784569,-2.33851880319498,,2.4077185675142903,-0.0807934895893705
2021-12-03,San Pedro Bay,29.58937344700098,33.02865684963763,0.012817773967981339,-0.003662221133708954,14.343700140714645,0.5090395,66.34471130371094,-1.071836355593246,-3.1185748670281015,,3.2976267791293106,-0.08186714815605235
2021-12-04,San Pedro Bay,29.41358683258295,33.066804986447096,0.017700735479593277,-0.005493331700563431,14.343700140714645,0.45651615,0.0,-1.4762017652841426,-3.503689676438336,,3.8019748816383037,-0.0829408067227342
2021-12-05,San Pedro Bay,29.220221556723118,33.09579757042229,0.014038514345884323,-0.006103701889514923,14.343700140714645,0.41188115,0.0,-1.035507170946695,-2.9321518812489686,,3.1096285559201267,-0.08401446528941606
2021-12-06,San Pedro Bay,29.079592265188694,33.117160527035594,0.025635547935962677,-0.0030518509447574615,14.343700140714645,0.35754576,0.0,0.2771828044636438,-2.8109463188409634,,2.8245795287964355,-0.0850881238560979
2021-12-07,San Pedro Bay,28.884029656648636,33.104953123256564,0.014038514345884323,-0.0048829615116119385,14.343700140714645,0.5316859,89.0392837524414,-0.5610011346024848,-2.840265789160832,,2.8951393793913756,-0.08616178242277975
2021-12-08,San Pedro Bay,28.79979857057333,33.02865684963763,-0.03357036039233208,-0.019531846046447754,12.207404375076294,0.8123304,89.0392837524414,-2.4991155240747167,-2.775752063089353,,3.735020470950065,-0.0872354409894616
2021-12-09,San Pedro Bay,28.581530191004276,32.91879021562636,-0.04577776417136192,-0.019531846046447754,12.512589484453201,0.81350553,44.5196418762207,-2.37037313425807,-3.6230627392623536,,4.329578779540067,-0.08830909955614344
2021-12-10,San Pedro Bay,28.593981742858887,32.99356056377292,-0.04821924492716789,-0.009155552834272385,13.122959703207016,1.1887366,59.35952377319336,-2.6638172450732913,-1.6357728410804582,,3.1259678665600985,-0.08938275812282528
2021-12-11,San Pedro Bay,28.59984129667282,32.97372353263199,-0.054322946816682816,-0.012817773967981339,12.359996929764748,1.242387,22.375202178955078,-2.8442344384301124,-1.187559672219602,,3.082201731852441,-0.09045641668950713
2021-12-12,San Pedro Bay,28.61595506966114,32.96151612885296,-0.05859553813934326,-0.015259254723787308,11.902219265699387,2.8228445,0.0,-2.774970118482664,-0.8957433806672714,-0.09153007525618898,2.9159587381307235,-0.09153007525618898
2021-12-13,San Pedro Bay,28.561021752655506,32.96761983074248,-0.06836146116256714,-0.017700735479593277,12.817774593830109,1.2420545,0.0,-3.0234160345906065,-1.8121255895255994,,3.524889171368809,-0.1627076241776319
2021-12-14,San Pedro Bay,28.503891102969646,32.995086489245296,-0.05859553813934326,-0.0158696249127388,13.885922476649284,1.2243845,0.0,-1.9529135143356584,-3.097888492276253,,3.6620737711100917,-0.23388517309907486
2021-12-15,San Pedro Bay,28.421124905347824,33.03476055152714,-0.043336283415555954,-0.012207403779029846,14.191107586026192,1.2145336,89.50080871582031,-1.4920878319071105,-4.099485131942466,,4.362580021631993,-0.30506272202051776
2021-12-16,San Pedro Bay,28.15744498372078,32.96151612885296,-0.13122959062457085,-0.040894802659749985,14.343700140714645,1.0940226,93.4455337524414,-7.015043370589034,-1.6489904657311216,,7.206247501114382,-0.3762402709419608
2021-12-17,San Pedro Bay,28.07248145341873,32.77382729575038,-0.1342814415693283,-0.04028443247079849,11.291849046945572,1.1592053,0.0,-3.484146544629987,2.1327969597636396,-0.44741781986340373,4.085107099701806,-0.44741781986340373
2021-12-18,San Pedro Bay,28.30100405216217,32.80892358161509,-0.11352885514497757,-0.020142216235399246,10.528886273503304,0.99990773,0.0,-1.9477201119836056,0.3158177356150255,,1.9731585026942036,-0.4354749440498633
2021-12-19,San Pedro Bay,28.373516030609608,32.86080504767597,-0.09460737928748131,-0.023194067180156708,10.83407138288021,1.727743,15.57425594329834,-2.4583731086074585,-0.2198706458314254,,2.4681858605102303,-0.4235320682363229
2021-12-20,San Pedro Bay,28.466536447405815,32.94015317223966,-0.079348124563694,-0.01892147585749626,11.749626711010933,1.3029236,15.57425594329834,-2.2868994882039044,-0.7658130569847714,,2.4117170040026754,-0.41158919242278247
2021-12-21,San Pedro Bay,28.536851093173027,32.99966426566243,-0.06714072078466415,-0.015259254723787308,11.749626711010933,1.2786802,11.348220825195312,-1.7468829288554677,-0.6535292072827963,,1.8651274465564913,-0.39964631660924205
2021-12-22,San Pedro Bay,28.662099055945873,33.04696795530617,-0.062257759273052216,-0.01831110566854477,11.59703415632248,2.3716123,11.348220825195312,-1.5744004752653484,-1.0525525388231938,,1.8938330717090421,-0.3877034407957016
2021-12-23,San Pedro Bay,28.686269715428352,33.08664201758802,-0.056764427572488785,-0.0158696249127388,12.207404375076294,2.55529,0.0,-2.2234309813353996,-1.5537798041831232,,2.7125406925333753,-0.37576056498216126
2021-12-24,San Pedro Bay,28.769035913050175,33.11868645250797,-0.051881466060876846,-0.012207403779029846,12.359996929764748,2.5540438,22.696441650390625,-2.6217661567757213,-0.7124559372274661,,2.7168458261935298,-0.36381768916862084
2021-12-25,San Pedro Bay,28.880367435514927,33.13547163270414,-0.051271095871925354,-0.01831110566854477,12.05481182038784,0.8024503,0.0,-2.4682389555391757,-1.8384039361111033,,3.0776504957434523,-0.3518748133550804
2021-12-26,San Pedro Bay,28.862056329846382,33.15683458931744,-0.051271095871925354,-0.016479995101690292,12.512589484453201,0.9132262,0.0,-3.030237932624908,-1.7008878273777288,,3.474962061611696,-0.33993193754154
2021-12-27,San Pedro Bay,28.810052789747715,33.15836051478982,-0.06836146116256714,-0.024414807558059692,13.27555225789547,1.1169536,0.0,-4.231350926470542,-2.561450984795542,,4.9462472451802455,-0.3279890617279996
2021-12-28,San Pedro Bay,28.665761277079582,33.152256812900305,-0.06653035059571266,-0.022583696991205215,14.191107586026192,1.1116596,71.81080627441406,-3.7715623446652193,-2.5505878185703232,,4.553040823442716,-0.31604618591445915
2021-12-29,San Pedro Bay,28.457014672458172,33.14615311101079,-0.0634784996509552,-0.016479995101690292,14.343700140714645,1.1116451,47.873870849609375,-3.651962940610319,-2.205139538145783,,4.266084118050765,-0.30410331010091873
2021-12-30,San Pedro Bay,28.273171171545982,33.13699755817652,-0.05310220643877983,-0.017700735479593277,14.038515031337738,1.073189,71.81080627441406,-3.314140613848535,-2.5001634563686945,,4.151426901310176,-0.2921604342873783
2021-12-31,San Pedro Bay,28.03146457672119,33.054597582668066,-0.05371257662773132,-0.014648884534835815,12.817774593830109,1.0369396,83.7792739868164,-3.6036937008062595,-3.35073249088517,,4.920773975169379,-0.2802175584738379
2022-01-01,San Pedro Bay,27.901089504361153,33.05154573172331,-0.05859553813934326,-0.02136295661330223,13.885922476649284,1.0789186,41.528194427490234,-3.9493648692767134,-3.147455756873815,,5.050144612994284,-0.2682746826602975
2022-01-02,San Pedro Bay,27.681356236338615,33.030182775110006,-0.0555436871945858,-0.0158696249127388,14.343700140714645,1.0802152,41.528194427490234,-3.201374039048983,-2.3350185018097678,,3.962462257446843,-0.25633180684675705
2022-01-03,San Pedro Bay,27.537797167897224,33.05764943361282,-0.04516739398241043,-0.017090365290641785,14.343700140714645,1.0832944,0.0,-2.9767960991415094,-2.9926672001391568,,4.221062897737115,-0.24438893103321666
2022-01-04,San Pedro Bay,27.514358952641487,33.09579757042229,-0.02685628831386566,-0.01037629321217537,13.428144812583923,1.0959889,0.0,-2.8548422399771374,-2.257502653557889,,3.639566244208036,-0.23244605521967623
2022-01-05,San Pedro Bay,27.456495858728886,33.12021237798035,-0.0238044373691082,-0.010986663401126862,13.27555225789547,1.0610008,0.0,-2.922310480953677,-1.8654023832466062,,3.4669330248093675,-0.22050317940613584
2022-01-06,San Pedro Bay,27.532670058310032,33.14767903648317,-0.006714072078466415,-0.010986663401126862,12.207404375076294,1.048355,0.0,-1.6561348932343167,-1.7465666195708198,-0.20856030359259542,2.40692287811373,-0.20856030359259542
2022-01-07,San Pedro Bay,27.640339359641075,33.17056791856885,-0.006103701889514923,-0.009155552834272385,11.444441601634026,0.81175494,0.0,-2.0308580069488564,-1.17837690958101,,2.3479685656801226,-0.26143962799141435
2022-01-08,San Pedro Bay,27.684286013245583,33.18430124782026,-0.017090365290641785,-0.003662221133708954,11.139256492257118,0.7448807,0.0,-1.9401813278183084,-0.42397614386438726,,1.9859655977334878,-0.31431895239023333
2022-01-09,San Pedro Bay,27.83516952395439,33.18582717329264,-0.02136295661330223,-0.008545182645320892,10.986663937568665,1.074612,0.0,-1.5972551193858815,-0.3776026896052238,,1.641282336346037,-0.36719827678905226
2022-01-10,San Pedro Bay,28.02267524600029,33.23007901199162,-0.02929776906967163,-0.011597033590078354,10.528886273503304,1.7556655,0.0,-0.9402422649006599,-0.45020103909352094,,1.0424665425357347,-0.4200776011878712
2022-01-11,San Pedro Bay,28.134739212691784,33.23313086293638,-0.039674062281847,-0.039674062281847,10.528886273503304,0.7876313,0.0,-0.6821068880913139,-1.4883659909960372,-0.4729569255866901,1.6372242149245264,-0.4729569255866901
2022-01-12,San Pedro Bay,27.96114993095398,33.321634540334344,-0.05493331700563431,-0.022583696991205215,11.139256492257118,0.65883636,0.0,-1.7803629262927856,-2.748604058927239,,3.274830747087413,-0.4482081188163322
2022-01-13,San Pedro Bay,27.78609576076269,33.41929377056658,-0.06042664870619774,-0.011597033590078354,14.191107586026192,0.62968343,0.0,-2.8558672458985463,-3.9894965942572806,,4.906328647959347,-0.4234593120459743
2022-01-14,San Pedro Bay,27.619098477065563,33.48643449135125,-0.05371257662773132,-0.011597033590078354,14.343700140714645,1.5991772,0.0,-1.9770041696361633,-3.2473920958035363,,3.8018549302473468,-0.39871050527561636
2022-01-15,San Pedro Bay,27.512894064188004,33.54136780835688,-0.051271095871925354,-0.01342814415693283,14.191107586026192,1.6586292,0.0,-2.5848602562978953,-3.108782484717886,,4.043022518101666,-0.37396169850525846
2022-01-16,San Pedro Bay,27.414746537804604,33.57036039233208,-0.06958220154047012,-0.02075258642435074,14.343700140714645,1.2300895,0.0,-3.582794950927233,-3.2671308718940995,,4.848769307202929,-0.34921289173490055
2022-01-17,San Pedro Bay,27.34003722667694,33.58867149800062,-0.06836146116256714,-0.020142216235399246,13.885922476649284,1.0457107,31.479467391967773,-2.641742990398906,-3.1267154882961465,,4.093306215282796,-0.32446408496454265
2022-01-18,San Pedro Bay,27.273384802043438,33.60393075272441,-0.06103701889514923,-0.01342814415693283,13.27555225789547,0.5109886,31.479467391967773,-2.3584552606894285,-2.4337339002696545,,3.38900751164635,-0.29971527819418475
2022-01-19,San Pedro Bay,27.29828790575266,33.59324927441776,-0.07080294191837311,-0.010986663401126862,11.59703415632248,0.56692195,0.0,-2.720833363979256,-0.3655330775960313,,2.745277513359897,-0.2749664714238268
2022-01-20,San Pedro Bay,27.428662978112698,33.59324927441776,-0.10681478306651115,-0.01892147585749626,11.139256492257118,0.80159223,0.0,-2.851569294021559,-0.43973534362538313,,2.885275482694841,-0.25021766465346895
2022-01-21,San Pedro Bay,27.485793627798557,33.58867149800062,-0.1269569993019104,-0.02868739888072014,10.986663937568665,0.7009487,0.0,-2.6837913060442524,-0.6178739648661444,-0.225468857883111,2.753997823321239,-0.225468857883111
2022-01-22,San Pedro Bay,27.493118070065975,33.596301125362515,-0.12573625892400742,-0.0238044373691082,11.59703415632248,0.5816205,0.0,-3.127621510414283,-0.2651659134752949,,3.1388420275756643,-0.22311972515066428
2022-01-23,San Pedro Bay,27.461622968316078,33.56425669044256,-0.11841181665658951,-0.03662221133708954,10.528886273503304,0.57563454,20.938514709472656,-2.1166417734363523,-1.3382717093155634,,2.504225142635978,-0.22077059241821753
2022-01-24,San Pedro Bay,27.407422095537186,33.48490856587887,-0.119022186845541,-0.048829615116119385,10.528886273503304,0.5086178,41.87702941894531,-2.435494764497465,-1.996552665483574,,3.149262976307969,-0.2184214596857708
2022-01-25,San Pedro Bay,27.200872823596,33.346049347892404,-0.15198217704892159,-0.03784295171499252,10.528886273503304,1.00915,41.87702941894531,-3.6674707872013794,0.02935835943134253,,3.6675882931763217,-0.2160723269533241
2022-01-26,San Pedro Bay,27.3480941131711,33.44370857812464,-0.14038514345884323,-0.028077028691768646,10.528886273503304,1.0451337,63.113136291503906,-3.785464284009307,1.3624909190012373,,4.023197900908049,-0.21372319422087738
2022-01-27,San Pedro Bay,27.517288729548454,33.47880486398935,-0.1269569993019104,-0.020142216235399246,11.139256492257118,1.0353966,0.0,-2.7395296859160125,0.6216020930388944,,2.809165723499669,-0.21137406148843063
2022-01-28,San Pedro Bay,27.747276216745377,33.52153077721596,-0.11719107627868652,-0.01342814415693283,10.681478828191757,0.92259145,31.556568145751953,-2.4670281333476156,0.7297287053624183,,2.572689603150472,-0.2090249287559839
2022-01-29,San Pedro Bay,27.958952598273754,33.55662706308067,-0.10864589363336563,-0.007324442267417908,10.986663937568665,2.525572,0.0,-1.5799783444797786,1.0698837419402267,,1.9081359464915186,-0.2066757960235372
2022-01-30,San Pedro Bay,28.471663556993008,33.56730854138732,-0.09033478796482086,-0.017090365290641785,10.528886273503304,2.2641716,0.0,-0.19862174975160687,0.20539445142507853,,0.2857227329958169,-0.20432666329109045
2022-01-31,San Pedro Bay,28.449690230190754,33.5688344668597,-0.11535996571183205,-0.04028443247079849,10.528886273503304,0.7489944,0.0,-1.4286863580114189,-1.3031637470045898,-0.20197753055864373,1.933747775971565,-0.20197753055864373
2022-02-01,San Pedro Bay,28.302468940615654,33.608508529141545,-0.09338663890957832,-0.029908139258623123,11.139256492257118,0.7500879,0.0,-2.211290770148954,-1.555976132918955,,2.703861793132071,-0.18429013369736746
2022-02-02,San Pedro Bay,28.372783586382866,33.645130740478635,-0.09887997061014175,-0.025025177747011185,11.902219265699387,0.58656484,0.0,-3.318884668843511,-1.3465558081890974,,3.5816487808902053,-0.16660273683609123
2022-02-03,San Pedro Bay,28.290749832987785,33.596301125362515,-0.10498367249965668,-0.024414807558059692,11.291849046945572,0.58006746,0.0,-3.2508173994500407,-0.8336239363848907,,3.356000988063169,-0.148915339974815
2022-02-04,San Pedro Bay,27.811731308698654,33.019501296803355,-0.1745658740401268,-0.036011841148138046,10.528886273503304,0.5713834,0.0,-2.974012091788434,-1.2009363565012923,,3.2073347275378685,-0.13122794311353872
2022-02-05,San Pedro Bay,27.999237030744553,33.30027158372104,-0.13061922043561935,-0.040894802659749985,10.528886273503304,0.9573421,0.0,-3.616021117087792,-2.4994783831460645,-0.11354054625226247,4.3957935469081475,-0.11354054625226247
2022-02-06,San Pedro Bay,28.0842005610466,33.477278938516974,-0.11719107627868652,-0.0238044373691082,13.428144812583923,0.20084053,0.0,-4.142941781436933,-2.0598603113967626,,4.626768970549902,-0.10925911146349157
2022-02-07,San Pedro Bay,28.090792559087276,33.49559004418552,-0.11413922533392906,-0.021973326802253723,12.665182039141655,0.96745014,0.0,-4.602403380522011,-0.725425381543297,,4.6592229890001695,-0.10497767667472067
2022-02-08,San Pedro Bay,28.08859522640705,33.48185671493411,-0.11291848495602608,-0.02624591812491417,12.359996929764748,1.0634922,0.0,-3.440231282439909,-1.2458991529420638,,3.6588872592606476,-0.10069624188594978
2022-02-09,San Pedro Bay,28.04757834970951,33.512375224381685,-0.10193182155489922,-0.023194067180156708,13.122959703207016,1.0271566,35.18474197387695,-3.081895529619866,-1.9755617023359135,,3.660727263157867,-0.0964148070971789
2022-02-10,San Pedro Bay,27.999969474971294,33.524582628160715,-0.09277626872062683,-0.021973326802253723,12.817774593830109,1.1553109,17.592370986938477,-2.6187491239763365,-2.2661892147962366,,3.4631575955456624,-0.09213337230840798
2022-02-11,San Pedro Bay,27.984588146209717,33.524582628160715,-0.09033478796482086,-0.019531846046447754,11.902219265699387,0.8468943,55.51837158203125,-2.7645769056732887,-1.2648859185109478,,3.040200956224667,-0.0878519375196371
2022-02-12,San Pedro Bay,27.917203277349472,33.51542707532644,-0.08789330720901489,-0.01342814415693283,12.359996929764748,0.93711334,41.63877487182617,-3.074351194070834,-0.12270182312320457,,3.0767988237586352,-0.0835705027308662
2022-02-13,San Pedro Bay,27.996307253837585,33.53221225552261,-0.10254219174385071,-0.02075258642435074,12.207404375076294,0.9487288,0.0,-3.677676107071988,-0.08012398336650411,,3.6785488172972083,-0.07928906794209531
2022-02-14,San Pedro Bay,28.164036981761456,33.54289373382926,-0.09399700909852982,-0.02075258642435074,11.59703415632248,1.266293,0.0,-2.2711581535801693,-0.5839817960401726,,2.3450360544520397,-0.07500763315332441
2022-02-15,San Pedro Bay,28.183080531656742,33.58104187063873,-0.079348124563694,-0.01831110566854477,12.359996929764748,1.8223462,0.0,-2.143561112153561,-1.1392311404671795,-0.07072619836455352,2.4274887915183383,-0.07072619836455352
2022-02-16,San Pedro Bay,28.188207641243935,33.610034454613924,-0.07446516305208206,-0.0158696249127388,12.359996929764748,1.2287056,0.0,-2.476557728407186,-0.9173885229936743,,2.6410111480745164,-0.0693347574580639
2022-02-17,San Pedro Bay,28.221167631447315,33.631397411227226,-0.07629627361893654,-0.01342814415693283,12.359996929764748,1.2050668,0.0,-2.8964000287312723,-0.7562167246425867,,2.9934924187416403,-0.06794331655157429
2022-02-18,San Pedro Bay,28.25193028897047,33.64818259142339,-0.07507553324103355,-0.0158696249127388,12.359996929764748,1.2078563,5.658295631408691,-2.649610356200065,-0.8373013084886469,,2.7787602489022754,-0.06655187564508469
2022-02-19,San Pedro Bay,28.299539163708687,33.64818259142339,-0.06958220154047012,-0.006714072078466415,11.902219265699387,0.30931303,0.0,-2.353356369031693,0.07675282301764765,,2.3546076521372328,-0.06516043473859508
2022-02-20,San Pedro Bay,28.38230536133051,33.65428629331291,-0.07263405248522758,-0.01892147585749626,11.902219265699387,0.3233415,11.316591262817383,-2.4769084751546777,-0.7491350028047312,-0.06376899383210546,2.5877169178100443,-0.06376899383210546
2022-02-21,San Pedro Bay,28.31785026937723,33.66649369709194,-0.07873775437474251,-0.017090365290641785,12.817774593830109,0.33069015,20.374523162841797,-3.3368465818469204,-1.0402331329179968,,3.495229617865451,-0.0710243136446925
2022-02-22,San Pedro Bay,28.208716079592705,33.61461223103106,-0.1031525619328022,-0.021973326802253723,12.359996929764748,0.34491283,139.71102905273438,-4.917066334967534,-0.836520886924916,,4.9877157634264515,-0.07827963345727953
2022-02-23,San Pedro Bay,28.131809435784817,33.619190007448196,-0.10498367249965668,-0.025025177747011185,12.970367148518562,0.36662805,40.749046325683594,-3.192874889751485,-1.3309337847342881,,3.4591667784240605,-0.08553495326986657
2022-02-24,San Pedro Bay,28.085665449500084,33.631397411227226,-0.09460737928748131,-0.02136295661330223,12.665182039141655,0.58800983,0.0,-2.763729523061814,-1.6725426865094577,,3.2304179164374003,-0.0927902730824536
2022-02-25,San Pedro Bay,28.05197301506996,33.67412332445383,-0.09643848985433578,-0.021973326802253723,13.27555225789547,0.6495669,0.0,-3.328914356086419,-2.601020262725969,,4.224568285312634,-0.10004559289504064
2022-02-26,San Pedro Bay,28.052705459296703,33.70158998295665,-0.09826960042119026,-0.021973326802253723,12.970367148518562,0.6444084,0.0,-3.6238802062161635,-1.918408580880835,,4.100341355570597,-0.10730091270762769
2022-02-27,San Pedro Bay,28.044648572802544,33.70311590842903,-0.09704886004328728,-0.025025177747011185,12.512589484453201,0.6284134,14.612784385681152,-3.557266884145694,-1.8935727171490817,,4.029859218405894,-0.11455623252021473
2022-02-28,San Pedro Bay,27.911343723535538,33.693960355594754,-0.10437330231070518,-0.024414807558059692,13.428144812583923,1.6194736,29.225568771362305,-3.8984900150356556,-1.489197871986466,,4.173240311707645,-0.12181155233280176
2022-03-01,San Pedro Bay,28.01095613837242,33.70311590842903,-0.1031525619328022,-0.023194067180156708,12.05481182038784,1.6732304,0.0,-3.6717722789366,-0.9398385582321394,,3.790146195584959,-0.1290668721453888
2022-03-02,San Pedro Bay,28.038056574761868,33.69090850465,-0.09765923023223877,-0.024414807558059692,11.291849046945572,1.6901863,26.727205276489258,-3.1325251092120627,-0.8888437752534528,,3.2561874664476638,-0.13632219195797585
2022-03-03,San Pedro Bay,28.013153471052647,33.71532331220806,-0.09399700909852982,-0.019531846046447754,12.359996929764748,1.1063162,26.727205276489258,-3.085822760707473,-0.779789915163159,,3.1828249122894676,-0.14357751177056288
2022-03-04,San Pedro Bay,28.138401433825493,33.71532331220806,-0.10864589363336563,-0.021973326802253723,10.986663937568665,1.1347523,13.363602638244629,-2.8104149384943566,-0.5838742127867912,,2.8704252686439395,-0.15083283158314992
2022-03-05,San Pedro Bay,28.117892995476723,33.63750111311674,-0.12878810986876488,-0.043336283415555954,10.528886273503304,1.0402707,40.0908088684082,-1.9592957064934748,-0.9058279598838518,,2.158555989172184,-0.15808815139573695
2022-03-06,San Pedro Bay,27.776573985815048,33.30637528561056,-0.13183996081352234,-0.07019257172942162,10.528886273503304,1.0006224,30.636974334716797,-2.4686763702034837,-2.140480969645218,,3.267418216606864,-0.165343471208324
2022-03-07,San Pedro Bay,27.778771318495274,33.33994564600289,-0.13733329251408577,-0.039674062281847,10.528886273503304,1.013776,18.999116897583008,-2.2641178056320395,-0.17680335363826022,,2.2710105379847487,-0.17259879102091102
2022-03-08,San Pedro Bay,27.878383733332157,33.355204900726676,-0.1342814415693283,-0.05066072568297386,10.528886273503304,0.9950915,24.509578704833984,-2.403174730348022,-0.7226200593497647,,2.5094677791830575,-0.17985411083349806
2022-03-09,San Pedro Bay,27.84688863158226,33.43150117434561,-0.13000885024666786,-0.043946653604507446,10.528886273503304,2.709633,42.89176559448242,-3.6447564117544826,-0.5189072934908066,,3.681509755557272,-0.1871094306460851
2022-03-10,San Pedro Bay,27.778038874268532,33.475753013044596,-0.12085329741239548,-0.02685628831386566,10.528886273503304,2.6670766,18.382184982299805,-3.642471797924673,0.7932024072184376,,3.7278372895680043,-0.19436475045867213
2022-03-11,San Pedro Bay,27.972136594355106,33.50779744796455,-0.11474959552288055,-0.016479995101690292,10.528886273503304,2.6845748,34.67402648925781,-2.2422641341327334,0.7302770084857595,,2.3581884904182124,-0.20162007027125917
2022-03-12,San Pedro Bay,28.077608563005924,33.52916040457785,-0.10132145136594772,-0.009155552834272385,10.528886273503304,2.857726,11.558008193969727,-2.1795170981486565,0.8779151431139957,-0.2088753900838462,2.3496871663332564,-0.2088753900838462
2022-03-13,San Pedro Bay,28.224829852581024,33.561204839497805,-0.09582811966538429,-0.01342814415693283,10.681478828191757,0.55425435,11.558008193969727,-2.1318844131337342,0.3008834219537861,,2.153012304788151,-0.19584102341725917
2022-03-14,San Pedro Bay,28.2892849445343,33.56578261591494,-0.08606219664216042,-0.009155552834272385,10.681478828191757,0.40705174,23.116016387939453,-2.055155147676539,0.6537495671269814,,2.156629587467466,-0.18280665675067215
2022-03-15,San Pedro Bay,28.36692403256893,33.59477519989014,-0.07690664380788803,-0.0030518509447574615,11.139256492257118,0.5011533,11.558008193969727,-2.2937349938060976,0.830445682491654,,2.439438511907953,-0.16977229008408512
2022-03-16,San Pedro Bay,28.404278688132763,33.54594558477402,-0.08911404758691788,-0.010986663401126862,10.528886273503304,0.69675845,34.31295394897461,-2.4541573748382346,0.2621268180436872,,2.4681164658926864,-0.15673792341749807
2022-03-17,San Pedro Bay,28.604235962033272,33.59477519989014,-0.09826960042119026,-0.012207403779029846,11.139256492257118,1.3247886,0.0,-2.8146716295405647,0.5864073595421798,-0.14370355675091104,2.875108688983039,-0.14370355675091104
2022-03-18,San Pedro Bay,28.89794609695673,33.62987148575485,-0.1031525619328022,-0.006714072078466415,10.528886273503304,1.2414627,0.0,-1.9573259639758935,0.6778435774359202,,2.0713755923842703,-0.12927371245170816
2022-03-19,San Pedro Bay,29.14770957827568,33.64207888953388,-0.1342814415693283,-0.0238044373691082,10.528886273503304,0.4143623,0.0,-2.3501184176384946,-0.06142678957315809,,2.3509210593724594,-0.11484386815250526
2022-03-20,San Pedro Bay,29.02099672704935,33.61461223103106,-0.13916440308094025,-0.032959990203380585,10.528886273503304,0.40305364,17.156476974487305,-3.0663972782831306,-0.2719206126433065,,3.078430296083136,-0.10041402385330238
2022-03-21,San Pedro Bay,29.092043817043304,33.645130740478635,-0.1275673694908619,-0.024414807558059692,11.444441601634026,0.31565353,21.06603240966797,-3.146266467966491,0.16813935327312005,,3.1507560250786546,-0.08598417955409948
2022-03-22,San Pedro Bay,29.342539742588997,33.67259739898145,-0.119022186845541,-0.023194067180156708,11.291849046945572,0.31855378,0.0,-2.3510994890113723,-0.34346033139800125,-0.0715543352548966,2.3760542515846645,-0.0715543352548966
2022-03-23,San Pedro Bay,29.488296143710613,33.70006405748427,-0.10498367249965668,-0.009155552834272385,11.291849046945572,0.31051657,0.0,-2.123831994399795,-0.13865214232948725,,2.128353062113701,-0.07546169504840851
2022-03-24,San Pedro Bay,29.47950681298971,33.70769368484616,-0.10803552344441414,-0.02136295661330223,11.59703415632248,0.2377999,0.0,-2.5862803504722662,-0.4499200876520693,,2.625123642137984,-0.07936905484192042
2022-03-25,San Pedro Bay,29.530777908861637,33.72295293956995,-0.10681478306651115,-0.0158696249127388,11.749626711010933,0.3245548,0.0,-2.825144946318571,0.3262311346649816,,2.8439181987065245,-0.08327641463543231
2022-03-26,San Pedro Bay,29.65529342740774,33.73210849240422,-0.10376293212175369,-0.0238044373691082,11.59703415632248,0.27492058,16.53212547302246,-2.513508767195511,-0.3981558467956702,,2.5448486008221147,-0.08718377442894422
2022-03-27,San Pedro Bay,29.58131656050682,33.73821219429374,-0.08667256683111191,-0.012207403779029846,12.207404375076294,0.27558133,0.0,-2.8434871207705337,0.39245048731602983,,2.8704418459502867,-0.09109113422245613
2022-03-28,San Pedro Bay,29.50367747247219,33.72447886504233,-0.079348124563694,-0.010986663401126862,12.665182039141655,0.3987393,33.06425094604492,-3.2838487428690057,0.7887389778467163,,3.377243216177513,-0.09499849401596804
2022-03-29,San Pedro Bay,29.594500556588173,33.739738119766116,-0.07995849475264549,-0.01037629321217537,12.359996929764748,0.43466768,0.0,-3.152641925095517,0.33662103880272065,,3.1705622264252424,-0.09890585380947994
2022-03-30,San Pedro Bay,29.649433873593807,33.74889367260039,-0.06958220154047012,-0.010986663401126862,12.207404375076294,0.8488022,0.0,-2.419022622459953,-0.4016186400070611,,2.4521353918522015,-0.10281321360299184
2022-03-31,San Pedro Bay,29.680196531116962,33.751945523545146,-0.05859553813934326,-0.014648884534835815,12.207404375076294,0.8729878,0.0,-2.404521834637931,-0.9008938100797641,,2.5677489967460985,-0.10672057339650376
2022-04-01,San Pedro Bay,29.69557785987854,33.74584182165563,-0.056764427572488785,-0.017700735479593277,11.902219265699387,0.63521916,11.183018684387207,-2.1739491396324864,-1.2008750426847419,-0.11062793319001565,2.483577204326837,-0.11062793319001565
2022-04-02,San Pedro Bay,29.60621966421604,33.7626270018518,-0.048829615116119385,-0.012817773967981339,12.512589484453201,0.6298681,44.73207473754883,-2.237184727157976,-1.1944652750236453,,2.536088089295445,-0.12183774566062268
2022-04-03,San Pedro Bay,29.71535385400057,33.77025662921369,-0.046388134360313416,-0.020142216235399246,11.749626711010933,0.6826073,22.366037368774414,-1.8907582762778397,-1.4283263110918707,,2.369616616727368,-0.1330475581312297
2022-04-04,San Pedro Bay,29.669209867715836,33.764152927324176,-0.05066072568297386,-0.020142216235399246,11.139256492257118,0.574275,11.183018684387207,-2.239595058256605,-1.6642855952706466,,2.790274640173038,-0.14425737060183674
2022-04-05,San Pedro Bay,29.545426793396473,33.753471449017525,-0.054322946816682816,-0.015259254723787308,12.359996929764748,0.576549,33.54905700683594,-2.669582318309065,-1.508243371954153,,3.0661813095888566,-0.15546718307244378
2022-04-06,San Pedro Bay,29.452406376600266,33.706167759373784,-0.07080294191837311,-0.023194067180156708,10.681478828191757,0.5756422,44.421791076660156,-2.93169214754075,-1.0048282601926664,,3.0991125633693777,-0.16667699554305082
2022-04-07,San Pedro Bay,29.27002776414156,33.48643449135125,-0.09399700909852982,-0.04699850454926491,10.528886273503304,0.5834671,35.53743362426758,-2.7017238819565206,-0.7509191789266425,,2.8041382896736877,-0.17788680801365783
2022-04-08,San Pedro Bay,28.86132388561964,33.14310126006603,-0.08301034569740295,-0.08972441777586937,10.528886273503304,0.584228,35.53743362426758,-1.5281244585297584,-3.1570470688935037,,3.507436464993476,-0.18909662048426487
2022-04-09,San Pedro Bay,28.744865253567696,33.176671620458364,0.02075258642435074,-0.07507553324103355,10.528886273503304,0.55610186,71.07486724853516,0.6282456901596275,-4.727633902162693,,4.769194372227053,-0.20030643295487188
2022-04-10,San Pedro Bay,28.657704390585423,33.25601974502206,0.001831110566854477,-0.06469924002885818,10.528886273503304,1.154999,71.07486724853516,-0.6617231055106283,-4.159555432859483,,4.211861686641368,-0.21151624542547892
2022-04-11,San Pedro Bay,28.654042169451714,32.85775319673121,0.036011841148138046,0.020142216235399246,10.528886273503304,2.2742383,37.005611419677734,-0.8526495736248011,1.5304833878206965,,1.7519676640274133,-0.22272605789608596
2022-04-12,San Pedro Bay,28.405743576586246,32.10852378979325,-0.04577776417136192,-0.10010071098804474,10.528886273503304,2.3099768,37.005611419677734,-0.96266434766479,-2.970608989200306,,3.12269761792309,-0.233935870366693
2022-04-13,San Pedro Bay,28.503891102969646,32.563249580562115,0.0024414807558059692,-0.09460737928748131,10.528886273503304,2.2926345,37.005611419677734,3.010115792170385,-1.1347623108017404,,3.216905746876904,-0.2451456828373
2022-04-14,San Pedro Bay,28.764641247689724,33.08359016664326,-0.022583696991205215,-0.06042664870619774,10.528886273503304,2.2740755,0.0,1.6979818108445153,-0.7446924779926581,,1.8541060155065743,-0.256355495307907
2022-04-15,San Pedro Bay,29.33155307918787,33.152256812900305,-0.07446516305208206,-0.046388134360313416,10.528886273503304,1.9327865,0.0,0.06166626455862953,-0.2593546951596363,,0.266585044753007,-0.26756530777851406
2022-04-16,San Pedro Bay,29.532975241541862,33.10647904872894,-0.16296884045004845,-0.0158696249127388,10.528886273503304,3.1548266,19.99627685546875,-1.450564451711574,-0.1524764774682404,-0.2787751202491211,1.4585562398311636,-0.2787751202491211
2022-04-17,San Pedro Bay,29.534440129995346,33.16141236573458,-0.2069154940545559,-0.048829615116119385,10.528886273503304,0.4785613,0.0,-2.158272969153506,-0.5193675555601146,,2.219883976055321,-0.26471812268263617
2022-04-18,San Pedro Bay,29.451673932373524,33.272804925218225,-0.17212439328432083,-0.05005035549402237,10.37629371881485,1.5514828,0.0,-3.014915169197263,-1.1172320215944758,,3.215263732189296,-0.25066112511615124
2022-04-19,San Pedro Bay,29.478041924536228,33.34757527336478,-0.13916440308094025,-0.032959990203380585,10.528886273503304,1.2284207,0.0,-2.740710447083894,-0.7409436181962346,,2.839100420925707,-0.2366041275496663
2022-04-20,San Pedro Bay,29.562273010611534,33.35825675167143,-0.11963255703449249,-0.017700735479593277,10.528886273503304,0.56493384,0.0,-2.4977927808927713,0.40607388383213666,,2.5305858561626713,-0.2225471299831814
2022-04-21,San Pedro Bay,29.700704969465733,33.34910119883716,-0.11597033590078354,-0.02136295661330223,10.528886273503304,0.3540928,0.0,-2.5099296298230107,-0.08799070753445806,-0.20849013241669648,2.5114715031781447,-0.20849013241669648
2022-04-22,San Pedro Bay,29.754905842244625,33.379619708284736,-0.11535996571183205,-0.023194067180156708,10.986663937568665,0.6993871,0.0,-2.800519034976052,-0.11946215942384582,,2.8030658345457042,-0.19992877697106176
2022-04-23,San Pedro Bay,29.917508460581303,33.41166414320469,-0.10864589363336563,-0.02136295661330223,11.59703415632248,0.6109223,0.0,-2.562128916198241,-0.16614817661894535,,2.5675104283747268,-0.19136742152542702
2022-04-24,San Pedro Bay,29.798852495849133,33.37656785733998,-0.10193182155489922,-0.01831110566854477,11.749626711010933,0.568074,22.712657928466797,-3.027115647576015,0.3111961276825394,,3.043069531523091,-0.1828060660797923
2022-04-25,San Pedro Bay,29.87136447429657,33.36283452808857,-0.10803552344441414,-0.01892147585749626,11.749626711010933,0.50444674,34.06898880004883,-3.029360173356337,0.16618699987674124,,3.0339151568304557,-0.17424471063415756
2022-04-26,San Pedro Bay,29.79006316512823,33.21939753368497,-0.13000885024666786,-0.03418073058128357,10.528886273503304,0.49081954,65.83279418945312,-2.997203791028609,-0.201434022701768,,3.0039650847601544,-0.16568335518852284
2022-04-27,San Pedro Bay,29.672872088849545,33.211767906323075,-0.10864589363336563,-0.019531846046447754,11.59703415632248,0.58338207,52.66623306274414,-3.937052201684702,1.1440155835915609,,4.09989654677904,-0.1571219997428881
2022-04-28,San Pedro Bay,29.65895564854145,33.24076049029827,-0.08911404758691788,-0.014648884534835815,12.970367148518562,0.89665735,0.0,-2.950226186308548,0.8151197609613098,,3.0607604896643417,-0.14856064429725338
2022-04-29,San Pedro Bay,29.63405254483223,33.25449381954968,-0.07019257172942162,-0.008545182645320892,12.665182039141655,0.87101746,0.0,-2.334737928539438,0.6151467577275302,,2.4144164364299954,-0.13999928885161866
2022-04-30,San Pedro Bay,29.80983915925026,33.27738270163536,-0.07019257172942162,-0.01037629321217537,11.749626711010933,1.1963376,0.0,-2.3176322452705715,0.13370010378155633,,2.321485503307981,-0.13143793340598392
2022-05-01,San Pedro Bay,29.791528053581715,33.295693807303905,-0.06103701889514923,-0.0079348124563694,12.359996929764748,0.94134617,0.0,-2.958830332249173,0.21493117271160336,-0.12287657796034919,2.966626424752691,-0.12287657796034919
2022-05-02,San Pedro Bay,29.844264037907124,33.31400491297245,-0.05371257662773132,-0.007324442267417908,12.359996929764748,0.9468481,0.0,-2.9073080796422976,0.10959799759150643,,2.9093731268143403,-0.10417764079030561
2022-05-03,San Pedro Bay,29.865504920482635,33.32926416769624,-0.04577776417136192,-0.0079348124563694,12.665182039141655,0.45471582,6.153255939483643,-3.24511462036715,-0.12550169440703457,,3.247540542413546,-0.08547870362026205
2022-05-04,San Pedro Bay,29.88308358192444,33.34147157147527,-0.04821924492716789,-0.009765923023223877,12.665182039141655,0.46142223,0.0,-3.5302066454327474,0.5037166978106671,,3.565962628956004,-0.06677976645021848
2022-05-05,San Pedro Bay,29.95266578346491,33.3536789752543,-0.0317392498254776,0.0006103701889514923,12.512589484453201,0.82117254,0.0,-2.6179646773009564,0.5894981053137798,,2.6835139402962,-0.0480808292801749
2022-05-06,San Pedro Bay,30.05960264056921,33.367412304505706,-0.0476088747382164,-0.004272591322660446,12.207404375076294,0.7290184,0.0,-3.1786040367926347,0.23996566927932783,-0.029381892110131334,3.1876491565332454,-0.029381892110131334
2022-05-07,San Pedro Bay,30.048615977168083,33.37351600639522,-0.062257759273052216,-0.01342814415693283,12.665182039141655,0.32007107,0.0,-3.5402801907041224,-0.17815826507473367,,3.544760104168751,-0.042534549015519056
2022-05-08,San Pedro Bay,30.066194638609886,33.38419748470187,-0.07080294191837311,-0.01831110566854477,12.817774593830109,0.57668877,0.0,-3.845716465955634,-0.6141142369390394,,3.894441093730076,-0.05568720592090678
2022-05-09,San Pedro Bay,30.074251525104046,33.40098266489804,-0.05615405738353729,-0.009155552834272385,12.817774593830109,0.5760088,33.29521942138672,-3.1364070068203747,-0.2061514235133406,,3.143174720222934,-0.0688398628262945
2022-05-10,San Pedro Bay,30.143833726644516,33.37351600639522,-0.04577776417136192,-0.0006103701889514923,11.749626711010933,0.6209516,0.0,-2.4843754326557437,0.21217244307294852,,2.4934190253511255,-0.08199251973168223
2022-05-11,San Pedro Bay,30.155552834272385,33.41929377056658,-0.05371257662773132,0.0024414807558059692,12.207404375076294,0.52429503,0.0,-2.9986558553280203,0.8307094931863019,-0.09514517663706994,3.111593675395755,-0.09514517663706994
2022-05-12,San Pedro Bay,30.241981253027916,33.4467604290694,-0.05615405738353729,0.0,12.207404375076294,0.4353078,0.0,-2.7846990859826697,1.2376823530377787,,3.0473605967285606,-0.09509700325801287
2022-05-13,San Pedro Bay,30.236854143440723,33.46659746021032,-0.051881466060876846,0.0030518509447574615,12.665182039141655,0.34321147,17.637304306030273,-2.572502855260101,1.975067003380108,,3.2432484653757645,-0.0950488298789558
2022-05-14,San Pedro Bay,30.066927082836628,33.45896783284843,-0.0317392498254776,-0.0012207403779029846,13.27555225789547,0.95858514,17.637304306030273,-2.004516842081197,1.7261206724602811,,2.645293999933071,-0.09500065649989874
2022-05-15,San Pedro Bay,30.07644885778427,33.45744190737605,-0.03234962001442909,0.006714072078466415,12.207404375076294,0.96172386,17.637304306030273,-2.0382691206573,1.725403171634428,,2.6704975403304956,-0.09495248312084166
2022-05-16,San Pedro Bay,30.130649730563164,33.49559004418552,-0.046388134360313416,0.0030518509447574615,12.512589484453201,0.49155828,0.0,-2.636665553681558,2.3075811250990323,,3.5038458714509964,-0.0949043097417846
2022-05-17,San Pedro Bay,30.205359041690826,33.52153077721596,-0.04272591322660446,0.0030518509447574615,12.512589484453201,0.7030285,0.0,-2.573519997079133,1.8485196276100768,,3.1686006357737604,-0.09485613636272752
2022-05-18,San Pedro Bay,30.25589769333601,33.547471510246396,-0.035401470959186554,0.0030518509447574615,12.512589484453201,0.5990952,0.0,-2.6093884276131054,1.3508295702992694,,2.9383070796218873,-0.09480796298367046
2022-05-19,San Pedro Bay,30.302774123847485,33.57036039233208,-0.035401470959186554,0.0024414807558059692,12.359996929764748,0.2719783,0.0,-2.49423278231551,1.1247434019055524,,2.736100307464521,-0.0947597896046134
2022-05-20,San Pedro Bay,30.30863367766142,33.596301125362515,-0.02624591812491417,0.004272591322660446,12.512589484453201,0.3159837,0.0,-2.025319092162706,1.51068145607124,,2.5266728887602943,-0.09471161622555632
2022-05-21,San Pedro Bay,30.408246092498302,33.619190007448196,-0.009155552834272385,0.014038514345884323,12.05481182038784,0.45509976,0.0,-1.084261179049289,1.6429623069490962,,1.9684886198423528,-0.09466344284649926
2022-05-22,San Pedro Bay,30.449262969195843,33.63902703858912,-0.0238044373691082,0.009765923023223877,12.05481182038784,0.59578806,5.647263526916504,-1.2384983953067552,1.4322423571363587,,1.8934614980909754,-0.09461526946744218
2022-05-23,San Pedro Bay,30.4888149574399,33.66649369709194,-0.039674062281847,0.006103701889514923,12.207404375076294,0.8017383,0.0,-1.8927138209998253,1.5288083079603545,,2.433027013966832,-0.09456709608838512
2022-05-24,San Pedro Bay,30.617725141346455,33.693960355594754,-0.03357036039233208,0.007324442267417908,11.749626711010933,0.3975506,11.294527053833008,-1.812463669549851,1.0034767439352914,,2.071711883698379,-0.09451892270932805
2022-05-25,San Pedro Bay,30.598681591451168,33.72295293956995,-0.04577776417136192,0.0079348124563694,12.207404375076294,1.2512007,0.0,-2.455057292847028,1.4104176368671695,,2.8313573108223817,-0.09447074933027098
2022-05-26,San Pedro Bay,30.626514472067356,33.729056641459465,-0.0476088747382164,-0.0012207403779029846,11.902219265699387,1.2295899,30.941951751708984,-2.230614078116738,1.1037994055757776,,2.4887772687088785,-0.09442257595121392
2022-05-27,San Pedro Bay,30.545213162899017,33.718375163152814,-0.030518509447574615,0.0079348124563694,12.05481182038784,1.3979218,0.0,-1.0563418289013784,1.6863319729170163,,1.989867729867718,-0.09437440257215685
2022-05-28,San Pedro Bay,30.597949147224426,33.71532331220806,-0.029908139258623123,0.004272591322660446,10.528886273503304,1.3001443,0.0,-0.7745933061530633,1.245350667740132,,1.466592334487647,-0.09432622919309978
2022-05-29,San Pedro Bay,30.760551765561104,33.7122714612633,-0.07080294191837311,-0.027466658502817154,10.528886273503304,1.3932269,0.0,-0.7337290656922693,0.2037414308967745,,0.7614912425665284,-0.09427805581404271
2022-05-30,San Pedro Bay,30.199499487876892,33.44370857812464,-0.10010071098804474,-0.08362071588635445,10.528886273503304,1.393226,46.41292953491211,-1.4750908645022527,-0.6741652655138844,,1.621848286296659,-0.09422988243498565
2022-05-31,San Pedro Bay,30.105746626853943,33.42081969603896,-0.09887997061014175,-0.0158696249127388,10.528886273503304,1.9857005,30.941951751708984,-1.8240323747907363,1.2516619546957084,,2.212182576804504,-0.09418170905592857
2022-06-01,San Pedro Bay,30.253700360655785,33.571886317804456,-0.079348124563694,0.0048829615116119385,10.528886273503304,2.122859,0.0,-2.1711883680087323,2.188800330872299,,3.0830027275049736,-0.09413353567687151
2022-06-02,San Pedro Bay,30.41117586940527,33.62529370933771,-0.08056886494159698,-0.001831110566854477,10.528886273503304,0.7032721,0.0,-1.175954795229537,1.1344590406006037,,1.63397276452938,-0.09408536229781445
2022-06-03,San Pedro Bay,30.56205938011408,33.67259739898145,-0.10010071098804474,-0.021973326802253723,10.528886273503304,0.7788725,0.0,-1.6531444260028592,0.7620292051287391,,1.8203227743159895,-0.09403718891875737
2022-06-04,San Pedro Bay,30.548875384032726,33.646656665951014,-0.11841181665658951,-0.046388134360313416,10.528886273503304,0.28352574,16.029693603515625,-1.5512405310618864,0.2058255688403093,,1.5648358859629978,-0.09398901553970031
2022-06-05,San Pedro Bay,30.359172329306602,33.58867149800062,-0.059205908328294754,-0.03662221133708954,10.528886273503304,0.27702677,16.029693603515625,-0.2556834330471298,0.7105496780028667,,0.7551522117061855,-0.09394084216064323
2022-06-06,San Pedro Bay,30.539353609085083,33.68480480276048,-0.08178960531949997,-0.006714072078466415,10.528886273503304,0.6148849,0.0,-0.7529505125788934,1.4952495239437695,,1.6741283144511019,-0.09389266878158617
2022-06-07,San Pedro Bay,30.879940174520016,33.69701220653951,-0.0872829370200634,-0.04821924492716789,10.528886273503304,1.8092036,0.0,-0.35787333642515073,0.4751440071492759,,0.5948404428533254,-0.0938444954025291
2022-06-08,San Pedro Bay,30.596484258770943,33.66496777161956,-0.1422162540256977,-0.02136295661330223,10.528886273503304,1.801912,12.241144180297852,-1.3352767438539268,0.5202952922120838,,1.433063562363932,-0.09379632202347203
2022-06-09,San Pedro Bay,30.556932270526886,33.7549973744899,-0.14038514345884323,-0.0158696249127388,10.528886273503304,0.87333775,0.0,-2.584962224729788,1.2915906989895767,,2.8896775316627217,-0.09374814864441497
2022-06-10,San Pedro Bay,30.670461125671864,33.77330848015845,-0.12207403779029846,-0.01831110566854477,10.528886273503304,0.37853575,6.120572090148926,-1.1342144086981654,0.8639594824063527,,1.425786909793459,-0.0936999752653579
2022-06-11,San Pedro Bay,30.52616961300373,33.79924921318889,-0.05737479776144028,-0.031128879636526108,11.444441601634026,0.37852097,6.14163064956665,-0.49831458190962435,0.24464621854322668,,0.5551298900178804,-0.09365180188630083
2022-06-12,San Pedro Bay,30.710745558142662,33.86486400850117,-0.08789330720901489,0.001831110566854477,12.05481182038784,0.4184949,0.0,-1.88982064181254,0.8012633049233052,,2.052667762215157,-0.09360362850724376
2022-06-13,San Pedro Bay,30.720999777317047,33.85113067924976,-0.09094515815377235,-0.003662221133708954,12.05481182038784,0.41545478,6.14163064956665,-1.8957775086154607,1.0061951846395538,,2.1462528070486173,-0.0935554551281867
2022-06-14,San Pedro Bay,30.57084871083498,33.83281957358122,-0.06164738908410072,-0.004272591322660446,13.73332992196083,0.47150725,0.0,-2.0765166359394946,1.794136554131059,,2.7442389316899405,-0.09350728174912962
2022-06-15,San Pedro Bay,30.69316689670086,33.837397349998355,-0.07324442267417908,0.0048829615116119385,12.512589484453201,0.6900906,0.0,-2.190939001251005,1.1371149627236596,-0.09345910837007256,2.468449745417715,-0.09345910837007256
2022-06-16,San Pedro Bay,30.814752638339996,33.79772328771651,-0.08484145626425743,-0.003662221133708954,11.291849046945572,0.69004476,2.9474713802337646,-1.911899841402578,0.4506403781837309,,1.9642906490651477,-0.09533657230038767
2022-06-17,San Pedro Bay,30.759819321334362,33.814508467912674,-0.07446516305208206,-0.004272591322660446,12.207404375076294,0.31793407,4.5427327156066895,-2.4732651232062484,0.6022587829539694,,2.5455364879163715,-0.09721403623070278
2022-06-18,San Pedro Bay,30.846247740089893,33.814508467912674,-0.06653035059571266,0.004272591322660446,11.902219265699387,0.73083586,3.107227087020874,-1.7956030911519452,0.6074395870102881,,1.895566752404581,-0.09909150016101789
2022-06-19,San Pedro Bay,30.859431736171246,33.79467143677175,-0.05310220643877983,0.003662221133708954,12.05481182038784,1.0985792,4.606870174407959,-1.3284443095390577,0.46462146055857084,,1.4073511946768238,-0.100968964091333
2022-06-20,San Pedro Bay,30.858699291944504,33.76110107637942,-0.05249183624982834,0.004272591322660446,11.59703415632248,0.6370798,3.408830165863037,-1.2917445324471364,0.5894148968191242,-0.10284642802164812,1.4198640278911814,-0.10284642802164812
2022-06-21,San Pedro Bay,30.68877223134041,33.7626270018518,-0.04821924492716789,0.0006103701889514923,12.970367148518562,0.6370798,13.045185089111328,-1.2572664774619269,1.3694983010292372,,1.8590977897548826,-0.10576076848228486
2022-06-22,San Pedro Bay,30.69316689670086,33.751945523545146,-0.06286812946200371,0.0012207403779029846,12.207404375076294,0.9767248,4.348394870758057,-1.3943643290141188,0.4641106813520349,,1.4695749748046352,-0.10867510894292161
2022-06-23,San Pedro Bay,30.855037070810795,33.77941218204796,-0.08056886494159698,0.004272591322660446,12.05481182038784,0.96949327,0.0,-1.782543146623682,1.0168566654767335,,2.052183604773101,-0.11158944940355835
2022-06-24,San Pedro Bay,30.95977659523487,33.79619736224413,-0.09155552834272385,-0.001831110566854477,11.749626711010933,0.6238043,0.0,-1.5856223414296213,0.5142522527094796,,1.6669293893436306,-0.11450378986419509
2022-06-25,San Pedro Bay,31.00811791419983,33.74584182165563,-0.10376293212175369,-0.029908139258623123,10.528886273503304,0.60973394,8.696789741516113,-1.2969269450906653,0.05169567525588138,,1.2979568343139793,-0.11741813032483184
2022-06-26,San Pedro Bay,30.916562385857105,33.70158998295665,-0.1031525619328022,-0.025025177747011185,10.528886273503304,1.4248112,24.483150482177734,-1.9189228437082508,1.3989360175532881,,2.3747182698823903,-0.12033247078546858
2022-06-27,San Pedro Bay,30.82793663442135,33.66344184614718,-0.08545182645320892,-0.0024414807558059692,11.139256492257118,1.4265373,24.483150482177734,-1.7791102951477287,2.3466038778606846,,2.944789160855398,-0.12324681124610531
2022-06-28,San Pedro Bay,30.817682415246964,33.692434430122375,-0.06591998040676117,-0.001831110566854477,12.359996929764748,1.2425178,6.120787620544434,-0.5459591513935703,1.5016004307332111,,1.5977719638823784,-0.12616115170674205
2022-06-29,San Pedro Bay,31.039613015949726,33.71379738673568,-0.051881466060876846,0.008545182645320892,11.749626711010933,1.9219798,12.241575241088867,-0.35346805459577146,1.815557879693888,,1.8496459337230695,-0.1290754921673788
2022-06-30,San Pedro Bay,30.858699291944504,33.71532331220806,-0.0714133121073246,0.0048829615116119385,12.512589484453201,0.8047828,0.0,-1.125117995516497,1.8244921310238984,,2.1435162793884226,-0.13198983262801556
2022-07-01,San Pedro Bay,30.949522376060486,33.66649369709194,-0.06164738908410072,0.0079348124563694,11.139256492257118,1.0669101,0.0,-0.4530794035165434,1.0569490534365988,,1.1499661940472117,-0.1349041730886523
2022-07-02,San Pedro Bay,30.898983724415302,33.718375163152814,-0.07995849475264549,-0.0006103701889514923,12.512589484453201,1.2014434,13.048351287841797,-2.5571027010811496,1.3558110916912185,,2.8943043966088715,-0.13781851354928903
2022-07-03,San Pedro Bay,30.923886828124523,33.71532331220806,-0.09949034079909325,-0.009155552834272385,12.05481182038784,0.9276726,6.524175643920898,-1.879702345789154,0.27400399631313543,,1.8995681348034916,-0.14073285400992577
2022-07-04,San Pedro Bay,30.850642405450344,33.65123444236815,-0.10986663401126862,-0.025025177747011185,10.528886273503304,0.927759,6.524175643920898,-0.7111779911580154,0.20182237666808614,,0.7392607164130292,-0.1436471944705625
2022-07-05,San Pedro Bay,30.916562385857105,33.536790031939745,-0.06958220154047012,-0.046388134360313416,10.528886273503304,0.29298174,6.524175643920898,0.2243455360958818,0.3561475650073124,,0.4209180533391107,-0.14656153493119925
2022-07-06,San Pedro Bay,30.814020194113255,33.43760487623513,-0.07568590342998505,-0.05798516795039177,10.528886273503304,0.21152896,7.400705337524414,0.33018374728859645,0.28646846849939367,,0.4371332639115077,-0.149475875391836
2022-07-07,San Pedro Bay,30.871883288025856,33.513901149854064,-0.09704886004328728,-0.01342814415693283,10.528886273503304,0.5139514,4.933803081512451,-0.4876080507931785,0.8967740773775694,,1.0207670434799088,-0.15239021585247275
2022-07-08,San Pedro Bay,30.827204190194607,33.52763447910547,-0.06958220154047012,0.015259254723787308,10.528886273503304,1.1645665,0.0,-0.41967404461102786,1.1229371118643434,,1.1987969223026942,-0.1553045563131095
2022-07-09,San Pedro Bay,30.896053947508335,33.37809378281236,0.0006103701889514923,-0.05066072568297386,10.528886273503304,1.0857428,7.400705337524414,0.9839561268370455,0.16385363764269903,,0.9975057263539416,-0.15821889677374623
2022-07-10,San Pedro Bay,30.75469221174717,33.43607895076275,-0.0238044373691082,-0.036011841148138046,10.528886273503304,1.0482558,4.933803081512451,0.9920995275076908,0.49090890724443115,,1.1069114814170575,-0.16113323723438297
2022-07-11,San Pedro Bay,30.728324219584465,33.512375224381685,-0.009765923023223877,0.0030518509447574615,10.528886273503304,0.34455845,12.444446563720703,0.9927093542698274,0.8635337991551522,,1.315736479823429,-0.1640475776950197
2022-07-12,San Pedro Bay,30.907040610909462,33.440656727179885,-0.025025177747011185,0.01342814415693283,10.528886273503304,0.3562278,8.296298027038574,-0.2104744446641586,0.9140355482631368,,0.9379554762062957,-0.16696191815565647
2022-07-13,San Pedro Bay,30.94659259915352,33.33994564600289,-0.0476088747382164,-0.0048829615116119385,10.528886273503304,0.28844082,0.0,-1.0190857738775565,0.7465437579702895,,1.2632748699645775,-0.16987625861629319
2022-07-14,San Pedro Bay,30.9304788261652,33.37351600639522,-0.05310220643877983,0.006714072078466415,10.528886273503304,0.62199616,0.0,-1.116425244837725,0.6699901280856952,,1.3020338317583229,-0.17279059907692995
2022-07-15,San Pedro Bay,31.010315246880054,33.41471599414945,-0.04516739398241043,0.0030518509447574615,10.528886273503304,0.9371138,0.0,-1.2457912761380765,1.0427616714870658,-0.1757049395375667,1.6246069700774513,-0.1757049395375667
2022-07-16,San Pedro Bay,31.20075074583292,33.41929377056658,-0.051271095871925354,0.001831110566854477,10.528886273503304,1.8535403,6.627508163452148,-0.7345817841412304,0.9358300397519098,,1.1897009123700688,-0.17619187623494661
2022-07-17,San Pedro Bay,31.128238767385483,33.32316046580672,-0.02624591812491417,-0.06469924002885818,10.528886273503304,1.8561231,23.19627571105957,0.008205322968548482,0.1221405220818098,,0.12241582601704427,-0.17667881293232657
2022-07-18,San Pedro Bay,30.901181057095528,33.21939753368497,-0.023194067180156708,-0.038453321903944016,10.528886273503304,1.5917112,0.0,0.535531029226575,0.6620002330648275,,0.8514915101410939,-0.1771657496297065
2022-07-19,San Pedro Bay,31.15533920377493,33.37809378281236,-0.08423108607530594,-0.0317392498254776,10.528886273503304,1.5864731,0.0,-1.4685087579789955,0.22551824967745437,,1.4857242184196213,-0.17765268632708645
2022-07-20,San Pedro Bay,31.04107790440321,33.405560441315174,-0.10132145136594772,-0.012207403779029846,10.528886273503304,0.38964358,0.0,-2.438230884904948,0.6237872199069839,-0.17813962302446637,2.516759889982286,-0.17813962302446637
2022-07-21,San Pedro Bay,30.997131250798702,33.45896783284843,-0.0714133121073246,-0.02075258642435074,12.05481182038784,0.37807816,16.12146759033203,-1.61135999625373,-0.11288917779180341,,1.6153095690886408,-0.17588902455450242
2022-07-22,San Pedro Bay,31.124576546251774,33.51084929890931,-0.07629627361893654,-0.007324442267417908,12.05481182038784,0.6695227,4.030366897583008,-1.7487589601760152,0.4472232085520468,,1.805039195990903,-0.1736384260845385
2022-07-23,San Pedro Bay,31.16046631336212,33.42387154698372,-0.06836146116256714,-0.035401470959186554,10.528886273503304,2.059242,4.030366897583008,-0.7103701895361302,-0.07855691641511899,,0.714700633341156,-0.17138782761457455
2022-07-24,San Pedro Bay,31.103335663676262,33.25449381954968,-0.04272591322660446,-0.02075258642435074,10.528886273503304,0.7376841,12.09110164642334,-0.32831883318369437,0.004462735551391593,,0.3283491620694412,-0.1691372291446106
2022-07-25,San Pedro Bay,30.70928066968918,33.117160527035594,-0.015259254723787308,-0.03723258152604103,10.528886273503304,0.6555733,4.030366897583008,0.2876033719797562,0.4940480924266894,,0.5716635524542182,-0.16688663067464665
2022-07-26,San Pedro Bay,31.080629892647266,33.23007901199162,-0.006103701889514923,-0.007324442267417908,10.528886273503304,1.2241393,0.0,0.5002254108631324,0.7941654260146382,,0.9385756152544138,-0.16463603220468273
2022-07-27,San Pedro Bay,31.116519659757614,33.249916043132544,0.029908139258623123,-0.03784295171499252,10.528886273503304,0.7434837,7.917901039123535,1.0602264889376598,0.2762434349461766,,1.0956234039102761,-0.16238543373471878
2022-07-28,San Pedro Bay,31.096011221408844,33.36130860261619,0.056764427572488785,-0.017700735479593277,10.528886273503304,0.81955427,11.876851081848145,1.684338565409298,0.5501338635085317,,1.7719039676867017,-0.16013483526475483
2022-07-29,San Pedro Bay,31.014709912240505,33.46964931115508,0.05249183624982834,0.0,10.528886273503304,0.8196001,23.75370216369629,0.8683923096899658,1.1483808223423848,,1.4397512690226897,-0.15788423679479088
2022-07-30,San Pedro Bay,30.989806808531284,33.50932337343693,0.02075258642435074,0.006103701889514923,11.444441601634026,0.82003176,15.83580207824707,0.14643933812674567,1.34511868236349,,1.3530664246053445,-0.15563363832482696
2022-07-31,San Pedro Bay,31.066713452339172,33.513901149854064,-0.02075258642435074,0.012207403779029846,12.207404375076294,0.4588571,3.9589505195617676,-1.4189080684830384,1.2876378544530094,,1.916066635330467,-0.153383039854863
2022-08-01,San Pedro Bay,31.07330545037985,33.487960416823626,-0.04272591322660446,0.003662221133708954,12.359996929764748,0.49776047,0.0,-1.6143268299968094,1.0499520485855447,,1.9257337350673716,-0.15113244138489906
2022-08-02,San Pedro Bay,31.15607164800167,33.48643449135125,-0.059816278517246246,-0.004272591322660446,12.207404375076294,0.4907361,0.0,-2.0860857533748534,0.49630492143626576,,2.1443116250851664,-0.14888184291493511
2022-08-03,San Pedro Bay,31.112857438623905,33.475753013044596,-0.05310220643877983,-0.005493331700563431,12.207404375076294,0.5305573,15.364657402038574,-1.720316931304336,0.674934673201952,,1.8479792090882932,-0.1466312444449712
2022-08-04,San Pedro Bay,30.925351716578007,33.35062712430954,-0.007324442267417908,0.014648884534835815,10.83407138288021,0.84362996,30.72931480407715,-0.2811357034690429,1.6343889287610949,,1.658392129208853,-0.14438064597500724
2022-08-05,San Pedro Bay,30.61186558753252,33.27890862710774,0.007324442267417908,0.0,10.528886273503304,0.93005407,30.72931480407715,-0.47975381373316983,1.4875295061774265,,1.562980407279624,-0.1421300475050433
2022-08-06,San Pedro Bay,30.629444248974323,33.32926416769624,-0.005493331700563431,0.0030518509447574615,10.528886273503304,0.8617729,15.215545654296875,-0.5341155341827549,1.3823729887554388,,1.4819697985775466,-0.13987944903507937
2022-08-07,San Pedro Bay,30.577440708875656,33.26364937238395,0.011597033590078354,-0.014648884534835815,10.528886273503304,0.8470819,10.143696784973145,-0.24008291706722126,0.5442326893213688,,0.5948352941726607,-0.13762885056511542
2022-08-08,San Pedro Bay,30.643360689282417,33.297219732776284,-0.04516739398241043,-0.04272591322660446,10.528886273503304,2.25642,0.0,-0.2013295204783601,0.07889757043313124,,0.21623691275149423,-0.13537825209515147
2022-08-09,San Pedro Bay,30.764213986694813,33.13394570723176,-0.011597033590078354,-0.06042664870619774,10.528886273503304,2.2595308,5.071848392486572,0.256393991216807,-0.09222483689425458,,0.27247623616061634,-0.13312765362518753
2022-08-10,San Pedro Bay,30.84478285163641,33.18430124782026,-0.023194067180156708,-0.0634784996509552,10.528886273503304,0.8905474,5.071848392486572,0.25976593411200116,0.13441841931870163,,0.2924835926632789,-0.13087705515522358
2022-08-11,San Pedro Bay,31.115787215530872,33.22702716104686,-0.0158696249127388,-0.05798516795039177,10.528886273503304,0.8820236,0.0,0.3968058437754425,0.1813982528079795,,0.436302880779085,-0.12862645668525965
2022-08-12,San Pedro Bay,31.18024230748415,33.2102419808507,-0.010986663401126862,-0.06530961021780968,10.528886273503304,0.43001798,4.699673175811768,0.27690941327865165,-0.08609555498544205,,0.28998494400671626,-0.1263758582152957
2022-08-13,San Pedro Bay,30.945127710700035,33.09732349589467,-0.03906369209289551,-0.014648884534835815,10.528886273503304,0.4308714,4.699673175811768,-0.14353470992107206,0.38804283020662017,,0.41373838476371777,-0.12412525974533177
2022-08-14,San Pedro Bay,30.543748274445534,33.08511609211564,0.004272591322660446,-0.004272591322660446,10.528886273503304,0.2983797,18.79869270324707,0.7995434797744153,1.077000188128002,,1.3413423057808669,-0.12187466127536783
2022-08-15,San Pedro Bay,30.614062920212746,33.32316046580672,-0.015259254723787308,0.0024414807558059692,10.528886273503304,0.35476738,0.0,0.4090223771561471,1.1157809474924734,,1.1883881637754843,-0.11962406280540389
2022-08-16,San Pedro Bay,30.98394725471735,33.417767845094204,-0.024414807558059692,0.0,10.528886273503304,0.6796847,2.283262014389038,0.06998231772737269,1.1685473820777736,,1.1706410675161338,-0.11737346433543994
2022-08-17,San Pedro Bay,31.026429019868374,33.39945673942566,-0.039674062281847,-0.0555436871945858,10.528886273503304,0.7931002,6.849785327911377,-0.81328674777232,0.15124798182644067,,0.8272310959512152,-0.115122865865476
2022-08-18,San Pedro Bay,30.941465489566326,33.489486342296004,-0.0555436871945858,0.003662221133708954,10.528886273503304,0.72137105,2.283262014389038,-1.165133450929594,0.7357715844508,,1.3780042753781083,-0.11287226739551205
2022-08-19,San Pedro Bay,30.912900164723396,33.50779744796455,-0.04577776417136192,-0.0317392498254776,10.528886273503304,1.045437,2.6094424724578857,-0.9500051867654761,0.534511155533912,,1.0900513888214192,-0.11062166892554812
2022-08-20,San Pedro Bay,31.169255644083023,33.49864189513028,-0.02685628831386566,-0.027466658502817154,10.528886273503304,1.3743256,4.566524028778076,0.5202934528646174,0.2555238003051473,,0.5796530769487648,-0.10837107045558417
2022-08-21,San Pedro Bay,30.87334817647934,33.48033078946173,0.021973326802253723,-0.0555436871945858,10.528886273503304,1.3747387,4.549406051635742,1.7833617454380761,0.14509015431806135,,1.7892541093908323,-0.10612047198562023
2022-08-22,San Pedro Bay,30.661671794950962,33.6405529640615,0.025635547935962677,0.007324442267417908,10.528886273503304,1.373167,9.098812103271484,1.2138017631301867,1.957547262138275,,2.3033249887245626,-0.1038698735156563
2022-08-23,San Pedro Bay,30.72173222154379,33.776360331103206,-0.024414807558059692,0.015259254723787308,12.05481182038784,0.45456526,0.0,-1.0911837049221884,2.5385377913865437,,2.7631243179027223,-0.10161927504569235
2022-08-24,San Pedro Bay,30.891659282147884,33.77178255468607,-0.05493331700563431,-0.0012207403779029846,11.291849046945572,0.4398715,0.0,-1.6619853916543392,0.9471343741905485,,1.91291896452666,-0.09936867657572841
2022-08-25,San Pedro Bay,30.90630816668272,33.753471449017525,-0.06469924002885818,-0.01037629321217537,11.749626711010933,0.4451502,0.0,-1.9235498859231952,0.32130786317635457,,1.9502007349434807,-0.09711807810576446
2022-08-26,San Pedro Bay,30.96417126059532,33.730582566931844,-0.03906369209289551,-0.04211554303765297,10.528886273503304,0.29759833,0.0,-0.38835779232128986,-0.19233889977374108,,0.43337746506116276,-0.09486747963580053
2022-08-27,San Pedro Bay,31.11871699243784,33.73516034334898,-0.04211554303765297,0.007324442267417908,10.986663937568665,0.7388636,0.0,-0.7811882872480108,1.2748000836149733,,1.4951155116974153,-0.09261688116583658
2022-08-28,San Pedro Bay,31.099673442542553,33.765678852796555,-0.0555436871945858,0.006103701889514923,12.05481182038784,1.8986154,0.0,-1.5184630123587888,1.5131051756228922,,2.143645771203468,-0.09036628269587264
2022-08-29,San Pedro Bay,31.1758476421237,33.75652329996228,-0.07690664380788803,-0.01037629321217537,11.59703415632248,0.31088057,0.0,-1.2841052194250855,0.6867408480610436,-0.0881156842259087,1.4562071305107487,-0.0881156842259087
2022-08-30,San Pedro Bay,31.40583512932062,33.74584182165563,-0.05859553813934326,-0.016479995101690292,10.528886273503304,0.32247105,0.0,-0.07101825689099406,0.7082794097269032,,0.711830959606932,-0.08333762937794192
2022-08-31,San Pedro Bay,31.473219998180866,33.72447886504233,-0.01342814415693283,-0.01342814415693283,10.528886273503304,1.271,0.0,0.7564932048553678,0.7788487656541722,,1.0857657982978526,-0.07855957452997515
2022-09-01,San Pedro Bay,31.381664469838142,33.75652329996228,0.025025177747011185,-0.0030518509447574615,10.528886273503304,1.2710702,0.0,1.0801003880671016,1.563546115858317,,1.9003403128698642,-0.07378151968200838
2022-09-02,San Pedro Bay,31.386059135198593,33.79314551129937,-0.0030518509447574615,0.01892147585749626,11.749626711010933,0.6198037,0.0,0.36304344686579815,1.9386512095331792,,1.9723511493992791,-0.06900346483404163
2022-09-03,San Pedro Bay,31.496658213436604,33.8053529150784,-0.019531846046447754,0.014648884534835815,11.749626711010933,0.6200121,0.0,-0.15464655406680816,1.5268597718982302,,1.5346714044791,-0.06422540998607484
2022-09-04,San Pedro Bay,31.459303557872772,33.74431589618325,-0.035401470959186554,0.015259254723787308,10.986663937568665,0.58485574,0.0,-1.0545061972450918,1.589251150863204,,1.9072762098207807,-0.05944735513810809
2022-09-05,San Pedro Bay,31.350169368088245,33.742789970710874,-0.030518509447574615,0.0024414807558059692,12.207404375076294,0.5224077,5.135647773742676,-0.5648239382971785,0.9138466541684538,,1.0743099127385973,-0.05466930029014132
2022-09-06,San Pedro Bay,31.333323150873184,33.7122714612633,-0.02929776906967163,0.006714072078466415,11.749626711010933,0.49393338,0.0,-0.785519832917038,0.9732212304389988,,1.2506802034425946,-0.04989124544217455
2022-09-07,San Pedro Bay,31.61018706858158,33.72447886504233,-0.035401470959186554,-0.01831110566854477,10.528886273503304,0.9165453,0.0,-0.5869748314940162,0.1804920863265178,,0.6140984009374457,-0.04511319059420778
2022-09-08,San Pedro Bay,31.60213018208742,33.66344184614718,-0.03784295171499252,-0.036011841148138046,10.528886273503304,0.88249373,17.347118377685547,0.163673977163724,0.19510136383938884,,0.2546639216154908,-0.04033513574624101
2022-09-09,San Pedro Bay,31.36042358726263,33.67107147350907,0.0024414807558059692,-0.048829615116119385,10.528886273503304,1.2460078,14.170357704162598,1.1648069884857761,0.2790212492981024,,1.197759649506184,-0.035557080898274245
2022-09-10,San Pedro Bay,31.46662800014019,33.69701220653951,-0.0048829615116119385,-0.039674062281847,10.528886273503304,1.3623002,0.0,0.8198896501938929,0.4273295359971848,,0.9245699383122045,-0.030779026050307474
2022-09-11,San Pedro Bay,31.444654673337936,33.74889367260039,0.017700735479593277,-0.032959990203380585,10.528886273503304,0.9749194,0.0,1.4435035658321667,0.4802890249305754,,1.5213086774349718,-0.026000971202340704
2022-09-12,San Pedro Bay,31.47468488663435,33.802301064133644,-0.0012207403779029846,-0.04516739398241043,10.528886273503304,0.70976347,0.0,1.7019359929189442,0.2154505191729459,,1.7155188865777269,-0.02122291635437394
2022-09-13,San Pedro Bay,31.485671550035477,33.835871424525976,0.0006103701889514923,-0.023194067180156708,10.528886273503304,0.48422927,5.04017972946167,1.2895479307750084,0.9968275275322942,-0.016444861506407168,1.6299076616214345,-0.016444861506407168
2022-09-14,San Pedro Bay,31.416089348495007,33.860286232084036,0.02868739888072014,-0.012207403779029846,10.528886273503304,1.5678841,10.08035945892334,1.9726955701329156,0.7528985405814627,,2.1114885803223578,-0.015166652749376203
2022-09-15,San Pedro Bay,31.206610299646854,33.89233066700399,0.02868739888072014,0.004272591322660446,12.207404375076294,0.5085619,0.0,2.3165765161411334,1.5985032574326261,,2.8145584767702565,-0.013888443992345238
2022-09-16,San Pedro Bay,31.0374156832695,33.92895287834108,0.014648884534835815,0.02136295661330223,14.191107586026192,0.5133042,0.0,1.7331879174474834,2.0982510167657558,,2.7215065104725493,-0.012610235235314272
2022-09-17,San Pedro Bay,31.101138330996037,33.944212133064866,0.012817773967981339,0.017700735479593277,12.512589484453201,0.54567546,0.0,1.3774954589110069,1.3424133777113114,,1.923425958018332,-0.011332026478283307
2022-09-18,San Pedro Bay,31.301095604896545,33.95947138778865,0.016479995101690292,0.008545182645320892,11.902219265699387,0.53000027,5.836423873901367,1.1358890421019936,0.5957443490708314,,1.2826360533749288,-0.010053817721252342
2022-09-19,San Pedro Bay,31.291573829948902,33.956419536843896,0.01037629321217537,0.012207403779029846,11.902219265699387,0.7625196,10.005298614501953,0.790204921742371,0.8666656433142484,,1.1728312562543544,-0.008775608964221375
2022-09-20,San Pedro Bay,31.383129358291626,33.96710101515055,0.012207403779029846,-0.0012207403779029846,11.902219265699387,1.1462246,2.9182119369506836,1.0590893832395643,0.38637018501383563,,1.1273651766656563,-0.00749740020719041
2022-09-21,San Pedro Bay,31.394848465919495,33.96252323873341,-0.03357036039233208,0.006103701889514923,11.139256492257118,2.0402489,10.970417976379395,0.6268891827761237,0.6028931646585799,,0.8697529623253684,-0.006219191450159445
2022-09-22,San Pedro Bay,31.313547156751156,33.9777824934572,0.006714072078466415,-0.025025177747011185,11.59703415632248,1.1727021,0.0,1.5657018865763064,-0.4878259216509826,,1.6399379645167178,-0.00494098269312848
2022-09-23,San Pedro Bay,31.060853898525238,33.97473064251244,0.01892147585749626,-0.0024414807558059692,12.970367148518562,0.5580038,10.970417976379395,2.975894780938725,-0.9830061310576685,,3.1340470323393856,-0.003662773936097515
2022-09-24,San Pedro Bay,30.748100213706493,33.98693804629147,0.006714072078466415,0.019531846046447754,14.191107586026192,0.5011758,0.0,2.280875682293939,0.0853219387570599,,2.2824709661489906,-0.0023845651790665497
2022-09-25,San Pedro Bay,30.617725141346455,33.98998989723623,-0.006103701889514923,0.017700735479593277,13.580737367272377,0.5283184,5.485208988189697,1.4419889233429564,1.428529929622087,,2.029785657371207,-0.0011063564220355829
2022-09-26,San Pedro Bay,30.619190029799938,33.98998989723623,-0.01037629321217537,0.009765923023223877,12.359996929764748,0.5784736,5.375004768371582,0.688127473234554,1.30546187613135,,1.4757202070353836,0.00017185233499538224
2022-09-27,San Pedro Bay,30.749565102159977,33.9274269528687,-0.003662221133708954,-0.001831110566854477,10.528886273503304,0.6704833,8.646320343017578,0.4016052474485454,0.5361965465438281,,0.669920526110176,0.0014500610920263474
2022-09-28,San Pedro Bay,30.63676869124174,33.90758992172778,-0.04272591322660446,-0.012817773967981339,10.528886273503304,0.72232765,5.723499298095703,-0.23984074240465394,0.24672540334433363,,0.34408866062780924,0.0027282698490573125
2022-09-29,San Pedro Bay,30.729056663811207,33.921323250979185,-0.08301034569740295,-0.015259254723787308,12.05481182038784,0.9219368,7.428592681884766,-1.7011277446194801,0.716459957951228,,1.8458468178214666,0.004006478606088278
2022-09-30,San Pedro Bay,30.64922024309635,33.90301214531064,-0.06591998040676117,-0.006714072078466415,12.512589484453201,1.0730993,5.912201404571533,-1.6651579738571214,0.2836611362014894,,1.6891461506012657,0.005284687363119243
2022-10-01,San Pedro Bay,30.65215002000332,33.88164918869734,-0.07995849475264549,-0.016479995101690292,12.359996929764748,1.3011101,6.4311299324035645,-1.6865018409674941,-0.3243051224003108,,1.7173998579252963,0.006562896120150208
2022-10-02,San Pedro Bay,30.57524337619543,33.86791585944593,-0.09582811966538429,-0.009765923023223877,12.512589484453201,0.6995938,0.0,-2.4265717205065553,0.3810294590309619,,2.456304900335374,0.007841104877181173
2022-10-03,San Pedro Bay,30.531296722590923,33.85265660472214,-0.10925626382231712,-0.012817773967981339,13.122959703207016,0.6210628,19.29339027404785,-1.994269752464545,0.6693568109352784,,2.103604141928905,0.009119313634212138
2022-10-04,San Pedro Bay,30.594286926090717,33.835871424525976,-0.13611255213618279,-0.02136295661330223,12.207404375076294,1.138605,6.4311299324035645,-1.236766681030686,-0.20436393466956793,,1.2535375706779939,0.010397522391243103
2022-10-05,San Pedro Bay,30.451460301876068,33.81603439338505,-0.12817773967981339,-0.0238044373691082,12.817774593830109,1.0339912,6.4311299324035645,-1.838694466400703,-0.2358462540106518,,1.8537585593338262,0.011675731148274068
2022-10-06,San Pedro Bay,30.4485305249691,33.80993069149554,-0.1269569993019104,-0.021973326802253723,12.665182039141655,0.51426154,19.02334976196289,-1.9285889105162362,-0.3130492412915285,,1.9538308558417754,0.012953939905305033
2022-10-07,San Pedro Bay,30.455122523009777,33.77330848015845,-0.10742515325546265,-0.0238044373691082,12.359996929764748,0.51725423,19.02334976196289,-0.9724877461888739,-0.5812441936920271,,1.1329506737666077,0.014232148662336002
2022-10-08,San Pedro Bay,30.375286102294922,33.7549973744899,-0.08972441777586937,-0.01831110566854477,12.512589484453201,0.38500258,9.511674880981445,-0.7664535545704343,-0.6381641055299824,,0.9973487238175703,0.015510357419366964
2022-10-09,San Pedro Bay,30.61186558753252,33.74736774712801,-0.07995849475264549,-0.025635547935962677,11.749626711010933,0.583474,0.0,0.4622293873033475,-0.4648678861269771,,0.6555594237283087,0.016788566176397932
2022-10-10,San Pedro Bay,30.543748274445534,33.74736774712801,-0.02624591812491417,-0.0158696249127388,12.512589484453201,0.82105404,0.0,2.0091724556024064,-0.5849542361678284,,2.0925929883190593,0.018066774933428894
2022-10-11,San Pedro Bay,30.560594491660595,33.73668626882136,-0.017090365290641785,-0.006103701889514923,12.359996929764748,0.840172,0.0,1.7829902754279043,0.03283380168867045,,1.7832925673606685,0.019344983690459863
2022-10-12,San Pedro Bay,30.70122378319502,33.72600479051471,-0.006714072078466415,-0.004272591322660446,12.05481182038784,1.6139824,11.864754676818848,1.2173294893786861,0.17890085014367518,,1.230405055212755,0.020623192447490824
2022-10-13,San Pedro Bay,30.70928066968918,33.71074553579092,0.0006103701889514923,-0.006103701889514923,12.359996929764748,0.7586363,11.864754676818848,2.3775497167203135,-0.22812249372475857,0.021901401204521796,2.388468657449799,0.021901401204521796
2022-10-14,San Pedro Bay,30.508590951561928,33.67564924992621,0.01831110566854477,0.010986663401126862,13.27555225789547,0.49855232,0.0,3.078041614921798,-0.3506554946795829,,3.097950848405987,0.016530606187099624
2022-10-15,San Pedro Bay,30.5957518145442,33.64818259142339,0.048829615116119385,0.029908139258623123,12.359996929764748,0.5391703,0.0,1.570480649728192,1.5039147289472432,,2.174435325116648,0.011159811169677448
2022-10-16,San Pedro Bay,30.61992247402668,33.631397411227226,0.054322946816682816,0.028077028691768646,12.359996929764748,0.58931273,0.0,1.4036725854801022,1.2555119980328198,,1.8832437719086603,0.005789016152255272
2022-10-17,San Pedro Bay,30.537156276404858,33.61308630555868,0.030518509447574615,0.024414807558059692,12.665182039141655,0.59041613,12.813603401184082,0.725084814522249,1.2663256961451879,,1.4592219697387918,0.0004182211348330994
2022-10-18,San Pedro Bay,30.647755354642868,33.571886317804456,0.0012207403779029846,0.0158696249127388,11.59703415632248,0.5189962,32.03400802612305,0.0317922351265421,0.8420625563228089,,0.842662503601083,-0.004952573882589073
2022-10-19,San Pedro Bay,30.598681591451168,33.36283452808857,-0.03723258152604103,0.024414807558059692,10.528886273503304,0.2853046,6.406801700592041,-0.6687982161476628,1.265099798940619,,1.4310026398305107,-0.010323368900011252
2022-10-20,San Pedro Bay,30.469771407544613,33.46659746021032,-0.032959990203380585,0.0024414807558059692,11.749626711010933,0.2754006,6.406801700592041,-1.2250860872249096,1.062522007389664,,1.6216623992987567,-0.015694163917433425
2022-10-21,San Pedro Bay,30.64922024309635,33.51695300079882,-0.059816278517246246,-0.005493331700563431,12.512589484453201,0.30257842,0.0,-1.9217091651379388,0.6869563125949782,,2.040802560462242,-0.021064958934855597
2022-10-22,San Pedro Bay,30.646290466189384,33.45591598190367,-0.05493331700563431,-0.025025177747011185,12.05481182038784,0.4917983,0.0,-1.4569092837775244,-0.9258209937723657,,1.726189205639634,-0.02643575395227777
2022-10-23,San Pedro Bay,30.68144778907299,33.42387154698372,-0.038453321903944016,-0.01831110566854477,11.749626711010933,0.3823799,19.23121452331543,-1.1350129258436075,-0.650570899115879,,1.3082418876524744,-0.03180654896969994
2022-10-24,San Pedro Bay,30.666798904538155,33.4467604290694,-0.010986663401126862,-0.014648884534835815,12.512589484453201,0.39578316,9.615607261657715,-0.5545393672634635,-0.9627476097203317,,1.1110341443300358,-0.03717734398712212
2022-10-25,San Pedro Bay,30.61992247402668,33.41471599414945,0.011597033590078354,-0.012817773967981339,12.207404375076294,0.43276206,48.078033447265625,0.10750162842273871,-1.5038995884990007,,1.5077369042379392,-0.0425481390045443
2022-10-26,San Pedro Bay,30.430219419300556,33.40861229225993,0.0024414807558059692,0.0024414807558059692,12.665182039141655,0.4934824,53.638248443603516,-0.7302401815710405,-0.8096875470792613,,1.0903415275390262,-0.047918934021966474
2022-10-27,San Pedro Bay,30.44413585960865,33.39793081395328,0.07446516305208206,0.004272591322660446,12.512589484453201,1.3678284,42.91059875488281,2.3662537932830174,-1.5932710944078516,,2.8526601260055258,-0.053289729039388646
2022-10-28,San Pedro Bay,30.119663067162037,33.38572341017425,0.10742515325546265,0.04028443247079849,14.038515031337738,1.4008676,75.09355163574219,3.152305949278262,1.8250139571553123,,3.6424866151664603,-0.05866052405681082
2022-10-29,San Pedro Bay,29.83840448409319,33.37351600639522,0.07507553324103355,0.007324442267417908,14.191107586026192,2.0924122,24.520343780517578,-0.5549881371751323,3.977477001168017,,4.0160098514851335,-0.06403131907423298
2022-10-30,San Pedro Bay,29.87209691852331,33.36588637903333,-0.02075258642435074,0.0006103701889514923,12.512589484453201,2.5323699,0.0,-1.7707943288812067,2.4990629567808798,,3.062846424023287,-0.06940211409165517
2022-10-31,San Pedro Bay,29.979033775627613,33.35215304978192,-0.040894802659749985,-0.0006103701889514923,11.59703415632248,4.902603,0.0,-1.7569216057372983,1.7900046979175421,,2.5081647368690514,-0.07477290910907733
2022-11-01,San Pedro Bay,30.257362581789494,33.37046415545046,-0.017090365290641785,0.01342814415693283,11.444441601634026,6.620378,7.1306681632995605,-0.9570978722893503,1.0026490175926936,,1.3861245938300046,-0.08014370412649952
2022-11-02,San Pedro Bay,30.003936879336834,33.37199008092284,-0.015259254723787308,0.001831110566854477,13.122959703207016,6.6203275,14.261336326599121,-1.6687364500874327,0.3776314286287514,,1.7109315695662988,-0.08551449914392167
2022-11-03,San Pedro Bay,30.080843523144722,33.38419748470187,-0.03234962001442909,-0.007324442267417908,12.207404375076294,3.8230581,21.392004013061523,-1.9394263842301824,-0.3214335848191012,,1.9658825624380052,-0.09088529416134386
2022-11-04,San Pedro Bay,30.145298615098,33.40098266489804,-0.036011841148138046,-0.006103701889514923,12.359996929764748,0.83637315,0.0,-2.0685982571444663,-0.46359498764207113,,2.119910154234838,-0.09625608917876605
2022-11-05,San Pedro Bay,30.261024802923203,33.40250859037042,-0.03906369209289551,-0.014648884534835815,11.749626711010933,4.7711186,14.261336326599121,-1.3923766263171262,-0.8062326919559581,,1.6089511562172463,-0.1016268841961882
2022-11-06,San Pedro Bay,30.1943723782897,33.39793081395328,-0.05249183624982834,-0.009765923023223877,12.207404375076294,1.6335922,9.667644500732422,-1.7107352162917029,-0.48932528196561353,,1.7793409487311156,-0.10699767921361039
2022-11-07,San Pedro Bay,30.114535957574844,33.38267155922949,-0.07507553324103355,-0.014038514345884323,12.05481182038784,0.9172086,0.0,-1.7181841808088931,-0.10766110998785682,-0.11236847423103256,1.721553889306328,-0.11236847423103256
2022-11-08,San Pedro Bay,30.13797417283058,33.38724933564663,-0.08850367739796638,-0.016479995101690292,12.207404375076294,0.60477394,9.667644500732422,-2.144638063757773,-0.32587575768783356,,2.1692550412451066,-0.13560040593995187
2022-11-09,San Pedro Bay,30.053010642528534,33.379619708284736,-0.07751701399683952,-0.012817773967981339,12.817774593830109,0.5898233,48.338226318359375,-2.586475658309374,-0.12020427301645487,,2.589267347779739,-0.1588323376488712
2022-11-10,San Pedro Bay,29.9980773255229,33.35978267714381,-0.07202368229627609,-0.011597033590078354,12.665182039141655,0.9949432,19.335289001464844,-2.7567461900453987,0.3764358442013955,,2.782328790982374,-0.18206426935779052
2022-11-11,San Pedro Bay,30.005401767790318,33.3536789752543,-0.06653035059571266,-0.010986663401126862,12.512589484453201,0.7830673,0.0,-2.4735570732382994,0.11739097020351158,,2.4763410981632847,-0.20529620106670982
2022-11-12,San Pedro Bay,30.072786636650562,33.36283452808857,-0.06775109097361565,-0.012817773967981339,12.359996929764748,3.2463834,0.0,-2.5234184061756944,-0.18860566256038241,-0.22852813277562914,2.53045698413866,-0.22852813277562914
2022-11-13,San Pedro Bay,30.116000846028328,33.367412304505706,-0.06286812946200371,-0.014038514345884323,12.359996929764748,0.806823,19.61626434326172,-2.78160148422026,-0.9011253013114392,,2.9239243536179225,-0.22189014471397406
2022-11-14,San Pedro Bay,30.109408847987652,33.37199008092284,-0.05310220643877983,-0.01342814415693283,12.665182039141655,0.60011154,19.61626434326172,-2.7905126911842695,-0.8335435257754475,,2.912345427490125,-0.21525215665231898
2022-11-15,San Pedro Bay,30.151158168911934,33.37199008092284,-0.0476088747382164,-0.014038514345884323,12.512589484453201,0.84370893,19.61626434326172,-2.691657701054348,-1.0637561927545036,,2.8942353769637905,-0.2086141685906639
2022-11-16,San Pedro Bay,30.087435521185398,33.36283452808857,-0.046388134360313416,-0.008545182645320892,12.665182039141655,0.77987254,7.834335803985596,-2.872309655335986,-0.30916782339421855,,2.888900742351431,-0.20197618052900884
2022-11-17,San Pedro Bay,29.73659473657608,33.17056791856885,-0.06469924002885818,-0.01831110566854477,11.139256492257118,0.7798247,31.337343215942383,-3.269292347730727,-0.28283268955813573,,3.28150373841222,-0.19533819246735376
2022-11-18,San Pedro Bay,29.238532662391663,32.79976802878082,-0.09155552834272385,-0.0317392498254776,10.528886273503304,0.7780219,47.006011962890625,-3.031155722600292,-0.35142120183465564,,3.051458974941563,-0.18870020440569868
2022-11-19,San Pedro Bay,29.20850244909525,32.88521985523403,-0.03479110077023506,-0.0079348124563694,10.528886273503304,0.9618586,31.337343215942383,-1.8572411134516345,0.4910473828916087,,1.9210601463097832,-0.1820622163440436
2022-11-20,San Pedro Bay,29.320566415786743,32.93252354487777,-0.04272591322660446,-0.011597033590078354,10.528886273503304,1.3304608,15.668671607971191,-2.633105392400473,0.5314391743813899,,2.6862002165802203,-0.17542422828238852
2022-11-21,San Pedro Bay,29.521256133913994,33.008819818496704,-0.03784295171499252,-0.0012207403779029846,11.291849046945572,1.3090186,0.0,-2.169972204800449,0.553255966541996,,2.239390884620378,-0.16878624022073346
2022-11-22,San Pedro Bay,29.625263214111328,33.079012390226126,-0.043946653604507446,-0.0048829615116119385,12.359996929764748,2.308174,0.0,-2.5193498424366068,0.5680390169892265,-0.16214825215907838,2.5825940357337314,-0.16214825215907838
2022-11-23,San Pedro Bay,29.651631206274033,33.06070128455758,-0.05737479776144028,-0.005493331700563431,11.749626711010933,0.39633483,45.57378387451172,-3.023834514131577,0.2743666316509342,,3.0362562832239357,-0.17738478783456957
2022-11-24,San Pedro Bay,29.64210943132639,33.07748646475375,-0.06958220154047012,-0.009765923023223877,12.817774593830109,0.6878663,0.0,-4.0028679670738985,0.8520470717322933,,4.092546416874694,-0.19262132351006078
2022-11-25,San Pedro Bay,29.623798325657845,33.080538315698504,-0.05493331700563431,-0.007324442267417908,12.970367148518562,0.76742435,0.0,-1.9535898984650981,0.2230628957353023,,1.96628343502118,-0.20785785918555197
2022-11-26,San Pedro Bay,29.741721846163273,33.11868645250797,-0.05371257662773132,-0.0079348124563694,12.207404375076294,0.621615,0.0,-2.28835304693415,-0.9464712612233706,,2.4763617497721464,-0.22309439486104315
2022-11-27,San Pedro Bay,29.701437413692474,33.1598864402622,-0.0476088747382164,-0.011597033590078354,12.970367148518562,1.8817378,24.762237548828125,-2.391533708689237,-1.6433852453154123,-0.23833093053653437,2.901749221472678,-0.23833093053653437
2022-11-28,San Pedro Bay,29.730002738535404,33.16751606762409,-0.062257759273052216,-0.01037629321217537,11.902219265699387,1.9700432,0.0,-2.9628790175648705,-0.42789342468310226,,2.9936173529048777,-0.20681857905089387
2022-11-29,San Pedro Bay,29.770287171006203,33.1812493968755,-0.0714133121073246,-0.014038514345884323,12.359996929764748,1.8959328,0.0,-3.1484929556341017,-0.6021608590874439,,3.2055585460094926,-0.17530622756525338
2022-11-30,San Pedro Bay,29.680196531116962,33.16141236573458,-0.07812738418579102,-0.014038514345884323,12.665182039141655,0.9598644,12.381118774414062,-3.471232665564905,-0.6098493715889195,,3.524396753277394,-0.1437938760796129
2022-12-01,San Pedro Bay,29.654560983181,33.16904199309647,-0.07629627361893654,-0.014038514345884323,12.665182039141655,0.4234787,19.272241592407227,-3.2962028137839665,-0.466879148184523,,3.3291033520464404,-0.11228152459397239
2022-12-02,San Pedro Bay,29.612079218029976,33.162938291206956,-0.07385479286313057,-0.015259254723787308,12.207404375076294,0.39403364,57.81671905517578,-2.764743691620049,-0.6474928023981111,,2.83955183250988,-0.0807691731083319
2022-12-03,San Pedro Bay,29.639179654419422,33.18430124782026,-0.08056886494159698,-0.012207403779029846,12.512589484453201,0.39914456,19.272241592407227,-3.0252653060271117,-0.3384560829946178,,3.0441390723761907,-0.049256821622691405
2022-12-04,San Pedro Bay,29.624530769884586,33.16141236573458,-0.08972441777586937,-0.021973326802253723,10.986663937568665,0.35751903,19.272241592407227,-2.473092103519222,-0.6450740078031026,,2.5558374416289245,-0.01774447013705091
2022-12-05,San Pedro Bay,29.53663746267557,33.19498272612691,-0.0872829370200634,-0.014038514345884323,13.122959703207016,0.41125765,19.272241592407227,-2.656197681285837,-0.6175416480532483,,2.7270393853313855,0.013767881348589583
2022-12-06,San Pedro Bay,29.51905880123377,33.22092345915735,-0.09155552834272385,-0.01831110566854477,12.817774593830109,0.54236335,0.0,-2.53394712672438,-0.8479682396828667,,2.6720662747292776,0.04528023283423005
2022-12-07,San Pedro Bay,29.5564134567976,33.2529678940773,-0.06958220154047012,-0.017090365290641785,12.359996929764748,0.82207566,28.3809757232666,-1.3357594838023334,-1.4163862120371735,0.07679258431987059,1.946895811340938,0.07679258431987059
2022-12-08,San Pedro Bay,29.431897938251495,33.21634568274021,-0.04699850454926491,-0.022583696991205215,10.681478828191757,0.84619814,37.841304779052734,-0.7237200215207212,-0.9757595034070076,,1.2148568961153585,0.032755410874687085
2022-12-09,San Pedro Bay,29.113284699618816,32.97677538357675,-0.005493331700563431,-0.043336283415555954,10.528886273503304,0.8159424,47.301631927490234,0.21138372963821267,-0.3067731511964728,,0.3725491208562637,-0.011281762570496415
2022-12-10,San Pedro Bay,29.248054437339306,33.117160527035594,0.032959990203380585,-0.009765923023223877,10.528886273503304,0.6015637,0.0,1.4956316961516725,0.661821548642998,,1.6355188573604846,-0.05531893601567993
2022-12-11,San Pedro Bay,29.500747695565224,33.234656788408756,0.0079348124563694,-0.02136295661330223,10.528886273503304,0.72716326,0.0,0.8558217321565526,-0.013725866449693229,,0.855931794386233,-0.09935610946086341
2022-12-12,San Pedro Bay,29.69924008101225,33.22092345915735,-0.06164738908410072,-0.017090365290641785,10.528886273503304,0.8540129,0.0,-0.4101293153009302,0.11754607630846588,-0.1433932829060469,0.4266416943111931,-0.1433932829060469
2022-12-13,San Pedro Bay,29.669942311942577,33.20719012990594,-0.07507553324103355,-0.027466658502817154,10.528886273503304,0.9240682,0.0,-1.3324834849157197,-0.40372655532069385,,1.3923029013272414,-0.13626453529921836
2022-12-14,San Pedro Bay,29.656758315861225,33.21481975726783,-0.08606219664216042,-0.01892147585749626,10.681478828191757,0.62163377,10.009690284729004,-2.3568475179952046,-0.11586047207348332,,2.3596935970734094,-0.12913578769238981
2022-12-15,San Pedro Bay,29.684591196477413,33.25449381954968,-0.08301034569740295,-0.01892147585749626,12.05481182038784,0.9540291,0.0,-3.35340577692802,-0.7918439454231464,,3.4456272489399535,-0.12200704008556129
2022-12-16,San Pedro Bay,29.643574319779873,33.246864192187786,-0.08301034569740295,-0.019531846046447754,12.359996929764748,0.8316786,0.0,-3.2383286936076736,-0.8219872367674962,,3.341023158442851,-0.11487829247873277
2022-12-17,San Pedro Bay,29.669209867715836,33.25144196860492,-0.07873775437474251,-0.020142216235399246,12.512589484453201,1.0389309,24.114885330200195,-2.555481336544552,-1.312374532360914,-0.10774954487190423,2.872770748705343,-0.10774954487190423
2022-12-18,San Pedro Bay,29.520523689687252,33.237708639353514,-0.07080294191837311,-0.017700735479593277,13.122959703207016,1.0415916,48.22977066040039,-3.101883904477114,-1.7581894434290273,,3.5655173363537944,-0.11393171205138956
2022-12-19,San Pedro Bay,29.23780021816492,33.16904199309647,-0.06286812946200371,-0.012817773967981339,13.122959703207016,1.0355954,27.559871673583984,-2.3669452167787384,-0.9596437164723255,,2.55408412582604,-0.12011387923087488
2022-12-20,San Pedro Bay,28.83275856077671,32.93099761940539,-0.07995849475264549,-0.02075258642435074,10.986663937568665,0.60706,72.34465026855469,-2.8060305719146967,-0.7303098055122469,,2.8995103004726945,-0.1262960464103602
2022-12-21,San Pedro Bay,28.70531326532364,32.828760612756014,-0.06408886983990669,-0.020142216235399246,10.528886273503304,0.55159515,42.35284423828125,-0.7106709166057569,-0.34632059547852045,,0.7905637903179373,-0.13247821358984554
2022-12-22,San Pedro Bay,28.6818750500679,32.863856898620725,-0.01892147585749626,-0.0317392498254776,10.528886273503304,0.45883143,10.588211059570312,0.02446647144815087,-1.5073689007113273,,1.5075674482612043,-0.13866038076933085
2022-12-23,San Pedro Bay,28.75878169387579,32.76009396649897,-0.04516739398241043,-0.04211554303765297,10.528886273503304,0.53833085,21.176422119140625,-1.3152302942162946,-1.265551130979596,,1.8252261207718936,-0.14484254794881618
2022-12-24,San Pedro Bay,28.631336398422718,32.91879021562636,-0.04272591322660446,-0.022583696991205215,12.05481182038784,0.53963864,63.529266357421875,-1.3349080468828425,-4.706232756855899,,4.8918918891709,-0.1510247151283015
2022-12-25,San Pedro Bay,28.38670002669096,32.972197607159615,-0.03906369209289551,-0.0079348124563694,14.343700140714645,0.53705585,63.529266357421875,-1.868883352609998,-4.190271802924076,,4.588148076080738,-0.15720688230778684
2022-12-26,San Pedro Bay,28.126682326197624,32.98593093641102,-0.025025177747011185,-0.01037629321217537,14.343700140714645,0.5162441,50.92599105834961,-1.389312840398633,-3.8146286957768765,,4.059751501648951,-0.16338904948727218
2022-12-27,San Pedro Bay,27.91207616776228,32.982879085466266,-0.01037629321217537,-0.0079348124563694,14.191107586026192,1.0047561,33.950660705566406,-1.333508209879331,-2.9170071998016116,,3.207362647021695,-0.1695712166667575
2022-12-28,San Pedro Bay,27.545854054391384,32.75704211555421,-0.03234962001442909,-0.01831110566854477,10.528886273503304,1.0085689,33.950660705566406,-2.6572298505573264,-1.048391172582562,,2.856570413877794,-0.17575338384624284
2022-12-29,San Pedro Bay,27.7809686511755,32.696005096659064,-0.043336283415555954,-0.0006103701889514923,10.528886273503304,1.0065373,0.0,-2.6625984168398484,1.0124421924366465,,2.8485907958820604,-0.18193555102572817
2022-12-30,San Pedro Bay,27.841761521995068,32.72347175516188,-0.031128879636526108,-0.0079348124563694,10.37629371881485,1.0324563,0.0,-2.07573538139503,0.3914629268570447,,2.1123258736943633,-0.18811771820521347
2022-12-31,San Pedro Bay,27.99777214229107,32.696005096659064,-0.039674062281847,-0.01892147585749626,10.528886273503304,0.853276,0.0,-1.9316438314448727,-0.5008988773611983,,1.995531903253049,-0.1942998853846988
2023-01-01,San Pedro Bay,27.91573838889599,32.71431620232761,-0.031128879636526108,-0.014648884534835815,10.37629371881485,0.84356666,62.870765686035156,-2.615989681268909,-0.984448050227305,,2.7950921230080685,-0.2004820525641841
2023-01-02,San Pedro Bay,27.86373484879732,32.5785088352859,-0.06408886983990669,-0.024414807558059692,10.528886273503304,0.8108179,31.435382843017578,-3.3310202086901106,-1.3628711478111246,,3.5990434001603706,-0.20666421974366944
2023-01-03,San Pedro Bay,27.61836603283882,32.36487926915288,-0.06958220154047012,-0.031128879636526108,10.528886273503304,0.78693765,62.870765686035156,-3.8572904393486467,-0.8813719298162322,,3.956703932840877,-0.21284638692315477
2023-01-04,San Pedro Bay,27.30634479224682,31.97882012464106,-0.10010071098804474,-0.015259254723787308,10.528886273503304,0.648552,41.913841247558594,-3.8181787357400436,0.17147610905044278,,3.822027330361796,-0.2190285541026401
2023-01-05,San Pedro Bay,27.41694387048483,32.094790460541844,-0.06408886983990669,-0.025025177747011185,10.528886273503304,0.7508188,20.956920623779297,-3.808390714268122,-0.3629564765478825,,3.825647296392038,-0.22521072128212544
2023-01-06,San Pedro Bay,27.520950950682163,32.18634598888457,-0.043336283415555954,-0.025025177747011185,10.528886273503304,0.6741662,46.36731719970703,-2.9373085336248113,-1.2645910692274969,,3.197963726197513,-0.23139288846161077
2023-01-07,San Pedro Bay,27.547318942844868,32.32673113234341,-0.02624591812491417,-0.017700735479593277,10.37629371881485,0.68352264,27.82039451599121,-2.7077547424289117,-2.2064231249171145,,3.492884016298747,-0.2375750556410961
2023-01-08,San Pedro Bay,27.526078060269356,32.44727924466133,-0.0158696249127388,-0.009155552834272385,11.139256492257118,1.0466084,37.09385681152344,-2.260029650988251,-2.119044235340215,,3.098077225421386,-0.24375722282058143
2023-01-09,San Pedro Bay,27.358348332345486,32.31452372856438,-0.0238044373691082,-0.031128879636526108,10.83407138288021,1.116513,64.91424560546875,-2.3411138856937592,-2.385771652816724,,3.3425619822483434,-0.24993939000006676
2023-01-10,San Pedro Bay,26.79216894507408,31.205175910145044,-0.08667256683111191,-0.10681478306651115,10.528886273503304,1.177085,37.09385681152344,-2.0910499608155884,-3.21415330679324,,3.83448450488417,-0.2561215571795521
2023-01-11,San Pedro Bay,26.61125522106886,31.16092407144606,-0.08667256683111191,-0.09216589853167534,10.528886273503304,1.8311341,54.680660247802734,-1.9897483391701467,-3.6127881927358856,,4.124480207105155,-0.26230372435903737
2023-01-12,San Pedro Bay,26.6610614284873,31.44932398572564,-0.05310220643877983,-0.062257759273052216,10.528886273503304,1.9250237,63.79410171508789,-1.6562573705590227,-2.4179661019099963,,2.9308272803965965,-0.2684858915385227
2023-01-13,San Pedro Bay,26.61564988642931,31.38981289230287,-0.079348124563694,-0.04272591322660446,10.528886273503304,1.9309697,45.56721496582031,-2.714814919858226,-0.6131260050109731,,2.783189455841183,-0.27466805871800803
2023-01-14,San Pedro Bay,26.780449837446213,31.441694358363748,-0.05310220643877983,-0.017090365290641785,10.528886273503304,1.9422413,27.340330123901367,-1.6048848181341224,0.1587260005742369,,1.6127148609520803,-0.28085022589749337
2023-01-15,San Pedro Bay,26.957701340317726,31.28452403470874,-0.0634784996509552,-0.06469924002885818,10.528886273503304,1.9110337,0.0,-1.1321973179782399,-0.10564391464103537,,1.1371153870816286,-0.2870323930769787
2023-01-16,San Pedro Bay,27.145207062363625,31.350138830021024,-0.08423108607530594,-0.06775109097361565,10.528886273503304,1.723793,0.0,-0.9754830672730044,-0.0075327477413136765,-0.29321456025646403,0.975512151039075,-0.29321456025646403
2023-01-17,San Pedro Bay,27.318063899874687,31.54698321595788,-0.08301034569740295,-0.043946653604507446,10.528886273503304,1.667666,33.78953552246094,-1.0348544269375821,-0.09262231307532173,,1.0389911346261498,-0.2856782461805405
2023-01-18,San Pedro Bay,27.49897762387991,31.635486893355846,-0.08850367739796638,-0.08056886494159698,10.528886273503304,0.46323377,0.0,-1.157677129693628,-1.0704340137498363,,1.5767197957811852,-0.278141932104617
2023-01-19,San Pedro Bay,27.575884267687798,31.88421274535358,-0.09399700909852982,-0.06469924002885818,10.528886273503304,0.2549866,0.0,-2.668982192801912,-1.1517265931100467,,2.906878066030733,-0.2706056180286935
2023-01-20,San Pedro Bay,27.755333103239536,32.21076079644263,-0.0952177494764328,-0.05249183624982834,10.528886273503304,0.24392349,0.0,-4.145058467108822,-1.1748044778198685,,4.308326270938188,-0.26306930395277
2023-01-21,San Pedro Bay,27.74434643983841,32.34962001442909,-0.09643848985433578,-0.05493331700563431,10.528886273503304,0.2517851,15.609829902648926,-3.83527133319384,-1.5413488039031507,,4.133408077423778,-0.2555329898768465
2023-01-22,San Pedro Bay,27.682088680565357,32.456434797495604,-0.09277626872062683,-0.04211554303765297,10.528886273503304,0.24738064,8.919902801513672,-3.740191140501095,-1.3922274740604905,,3.990905549748294,-0.247996675800923
2023-01-23,San Pedro Bay,27.54365672171116,32.53273107111454,-0.09460737928748131,-0.032959990203380585,10.528886273503304,0.4040295,39.024574279785156,-3.5074365211485317,-1.3214888742281292,,3.7481253707147046,-0.2404603617249995
2023-01-24,San Pedro Bay,27.623493142426014,32.61665697209537,-0.08606219664216042,-0.03662221133708954,10.37629371881485,0.47967756,0.0,-2.7901119517920008,-2.7107187327079196,,3.890079787277659,-0.23292404764907598
2023-01-25,San Pedro Bay,27.657918021082878,32.81807913444936,-0.07507553324103355,-0.017090365290641785,11.59703415632248,0.5411773,15.609829902648926,-3.5873359224402965,-2.899882284021747,,4.612840370272285,-0.22538773357315245
2023-01-26,San Pedro Bay,27.419141203165054,32.63039030134678,-0.08056886494159698,-0.014648884534835815,10.528886273503304,0.7616737,43.02310562133789,-2.642687795967351,0.18374192347565396,,2.649067738167016,-0.21785141949722897
2023-01-27,San Pedro Bay,27.54878383129835,32.55561995320022,-0.06530961021780968,-0.030518509447574615,10.528886273503304,0.9136701,0.0,-1.8700341471568411,-0.05217801584250976,,1.870761945537132,-0.21031510542130544
2023-01-28,San Pedro Bay,27.70332956314087,32.56630143150687,-0.0634784996509552,-0.051881466060876846,10.528886273503304,0.8023048,0.0,-1.896131326018663,-1.272198747424813,,2.2833754965967725,-0.20277879134538196
2023-01-29,San Pedro Bay,27.34443189203739,32.47474590316415,-0.07446516305208206,-0.051271095871925354,10.528886273503304,1.1086494,86.04621124267578,-3.206295869391331,-1.6610077118287778,,3.610994298088905,-0.19524247726945843
2023-01-30,San Pedro Bay,27.177434608340263,32.31604965403676,-0.08239997550845146,-0.039674062281847,10.528886273503304,1.1098042,71.7051773071289,-3.2844988589366073,-0.7263642247997932,,3.3638575685401544,-0.18770616319353495
2023-01-31,San Pedro Bay,27.40522476285696,32.46101257391274,-0.09033478796482086,-0.04028443247079849,10.528886273503304,1.1042994,0.0,-4.068891294666203,-0.8090914776802253,,4.148554614207843,-0.1801698491176114
2023-02-01,San Pedro Bay,27.622760698199272,32.537308847531676,-0.08850367739796638,-0.03357036039233208,10.528886273503304,1.4646096,0.0,-3.275533099104706,-0.7215961128112078,,3.3540748401540963,-0.17263353504168794
2023-02-02,San Pedro Bay,27.758995324373245,32.56935328245163,-0.08972441777586937,-0.05066072568297386,10.528886273503304,0.9927297,0.0,-2.9306732178744967,-1.604209646072378,,3.341007946491376,-0.1650972209657644
2023-02-03,San Pedro Bay,27.819788195192814,32.633442152291536,-0.08545182645320892,-0.0555436871945858,10.528886273503304,0.9149775,0.0,-2.7026096950091154,-2.1097401385591854,,3.4285715124239413,-0.1575609068898409
2023-02-04,San Pedro Bay,27.78609576076269,32.65633103437722,-0.09216589853167534,-0.051271095871925354,10.528886273503304,0.7877001,55.154052734375,-3.3673951983791333,-1.2945122956613795,,3.6076463942140085,-0.1500245928139174
2023-02-05,San Pedro Bay,27.860072627663612,32.71431620232761,-0.09338663890957832,-0.04272591322660446,10.528886273503304,0.5098248,0.0,-3.1381340890824783,-0.7565828939724998,,3.228049447656172,-0.14248827873799388
2023-02-06,San Pedro Bay,27.91207616776228,32.7509384136647,-0.08484145626425743,-0.02929776906967163,10.528886273503304,0.4999238,0.0,-2.8091495788226077,0.17976088043522132,,2.814895260988245,-0.13495196466207038
2023-02-07,San Pedro Bay,27.964079707860947,32.827234687283635,-0.0872829370200634,-0.03234962001442909,10.528886273503304,0.36182532,0.0,-2.984091222945472,-1.0917937808482412,,3.177548439718756,-0.12741565058614687
2023-02-08,San Pedro Bay,28.01022369414568,32.90963466279209,-0.08545182645320892,-0.03723258152604103,10.37629371881485,0.46555117,0.0,-3.0774457336174783,-2.093626090047913,,3.7220884525075073,-0.11987933651022337
2023-02-09,San Pedro Bay,28.04684590548277,32.958464277908206,-0.08545182645320892,-0.035401470959186554,10.37629371881485,0.5354156,0.0,-3.3148133924713408,-1.4332768351631107,,3.6114083559080576,-0.11234302243429986
2023-02-10,San Pedro Bay,28.154515206813812,32.97372353263199,-0.08301034569740295,-0.03723258152604103,10.528886273503304,0.9929529,0.0,-3.032342535082462,-1.3008543873900682,-0.10480670835837634,3.2995944276929436,-0.10480670835837634
2023-02-11,San Pedro Bay,28.183080531656742,33.01339759491384,-0.07751701399683952,-0.035401470959186554,10.37629371881485,0.8888821,0.0,-2.62289383702108,-1.4702364249974422,,3.006853376151292,-0.1062363670725478
2023-02-12,San Pedro Bay,28.184545420110226,33.10037534683943,-0.06530961021780968,-0.02685628831386566,10.37629371881485,1.8410798,0.0,-2.58916124320755,-2.3611240938835816,,3.504092311861323,-0.10766602578671924
2023-02-13,San Pedro Bay,28.123020105063915,33.008819818496704,-0.0714133121073246,-0.0476088747382164,10.528886273503304,1.837202,57.46647262573242,-2.2664242610606746,-2.0249707780537114,,3.039273857864059,-0.1090956845008907
2023-02-14,San Pedro Bay,28.06808678805828,33.02713092416525,-0.07324442267417908,-0.04272591322660446,10.528886273503304,1.399953,19.15549087524414,-2.369375700460806,-1.5295890738169988,,2.820209911455968,-0.11052534321506216
2023-02-15,San Pedro Bay,28.040986351668835,33.08511609211564,-0.079348124563694,-0.03662221133708954,10.37629371881485,1.4020356,0.0,-2.525514121244772,-2.4802584949412303,,3.5397604125611224,-0.1119550019292336
2023-02-16,San Pedro Bay,27.975066371262074,33.21634568274021,-0.10681478306651115,-0.025635547935962677,12.512589484453201,1.1987828,0.0,-3.2351590346102608,-3.5545093248329285,,4.806328174349379,-0.11338466064340506
2023-02-17,San Pedro Bay,27.84322641044855,33.28653825446963,-0.09949034079909325,-0.01892147585749626,14.343700140714645,1.3094887,31.166532516479492,-2.4021268344744993,-3.944689868704295,,4.618526982616945,-0.11481431935757652
2023-02-18,San Pedro Bay,27.538529612123966,33.01492352038622,-0.11047700420022011,-0.035401470959186554,10.528886273503304,1.9220886,93.49959564208984,-1.4463083658939053,-0.5781882317841973,,1.5575973551044684,-0.11624397807174797
2023-02-19,San Pedro Bay,27.480666518211365,32.586138462647796,-0.05066072568297386,0.029908139258623123,10.528886273503304,1.8796144,0.0,0.11222298201034145,2.246063741573996,,2.2488655648803624,-0.11767363678591942
2023-02-20,San Pedro Bay,27.83516952395439,32.8653828240931,-0.08301034569740295,-0.0024414807558059692,10.528886273503304,3.8283737,15.583266258239746,-0.7268308439557306,1.5525127813053239,,1.7142284013053197,-0.11910329550009088
2023-02-21,San Pedro Bay,28.11716055124998,32.79671617783606,-0.11963255703449249,-0.05493331700563431,10.528886273503304,0.9726391,26.928396224975586,-0.4297802517908173,-0.37583396528578655,,0.5709310241104578,-0.12053295421426233
2023-02-22,San Pedro Bay,27.860805071890354,32.75704211555421,-0.09826960042119026,-0.06286812946200371,10.528886273503304,0.7529153,30.775312423706055,-0.7848987194061029,-0.9840679779866887,,1.2587516772676612,-0.12196261292843379
2023-02-23,San Pedro Bay,28.156712539494038,32.862330973148346,-0.08850367739796638,-0.04943998530507088,10.528886273503304,1.1159474,0.0,-1.6311902576064785,-0.6018563374848358,,1.738681312800293,-0.12339227164260524
2023-02-24,San Pedro Bay,28.249732956290245,32.935575395822525,-0.09155552834272385,-0.03234962001442909,10.528886273503304,1.4080163,0.0,-2.4124338338371776,-0.10967379760660077,,2.414925536020479,-0.12482193035677669
2023-02-25,San Pedro Bay,28.363261811435223,33.01187166944146,-0.10132145136594772,-0.04577776417136192,10.528886273503304,1.2513168,0.0,-2.8163996912626343,-1.2942182277478846,,3.0995335200605814,-0.12625158907094816
2023-02-26,San Pedro Bay,28.334696486592293,33.11105682514608,-0.11413922533392906,-0.043336283415555954,10.528886273503304,0.5929165,0.0,-4.313918241957765,-2.4802356927519145,,4.976088794414398,-0.1276812477851196
2023-02-27,San Pedro Bay,28.224829852581024,33.17056791856885,-0.12329477816820145,-0.03418073058128357,11.749626711010933,0.57737595,59.65679168701172,-3.663548383201794,-2.8520453568917805,,4.642816976128657,-0.12911090649929105
2023-02-28,San Pedro Bay,28.258522287011147,33.213293831795454,-0.1355021819472313,-0.02929776906967163,12.207404375076294,0.625926,0.0,-3.846877235964882,-1.7883020346745313,,4.242226848697023,-0.13054056521346252
2023-03-01,San Pedro Bay,28.203588970005512,33.17819754593074,-0.14160588383674622,-0.03418073058128357,11.291849046945572,0.455361,59.41608428955078,-3.33659130407095,-1.5982917468905793,,3.699645663922482,-0.13197022392763397
2023-03-02,San Pedro Bay,28.172093868255615,33.22855308651924,-0.09826960042119026,-0.02624591812491417,12.817774593830109,0.7321323,14.854021072387695,-1.5793849460272866,-3.057266420509273,,3.441124056716235,-0.1333998826418054
2023-03-03,San Pedro Bay,28.021942801773548,33.271278999745846,-0.06286812946200371,-0.017090365290641785,14.343700140714645,0.75406367,0.0,-2.0147844278320544,-2.054298374422166,,2.8774117018230276,-0.13482954135597688
2023-03-04,San Pedro Bay,28.11642810702324,33.29416788183153,-0.051271095871925354,-0.025025177747011185,12.207404375076294,0.93500227,0.0,-0.9285650174344123,-2.501881831165528,,2.6686411689695464,-0.13625920007014833
2023-03-05,San Pedro Bay,28.10837122052908,33.30027158372104,-0.04272591322660446,-0.022583696991205215,12.207404375076294,0.93853205,0.0,-0.7272704909105033,-2.4506979200317183,,2.556333832306922,-0.1376888587843198
2023-03-06,San Pedro Bay,28.147923208773136,33.31247898750007,-0.03418073058128357,-0.02136295661330223,12.05481182038784,1.148216,0.0,-0.8049655358233478,-2.2692548403069472,,2.4077971351673044,-0.13911851749849125
2023-03-07,San Pedro Bay,28.17429120093584,33.32773824222386,-0.038453321903944016,-0.01892147585749626,12.05481182038784,1.0624028,0.0,-1.5068289983334928,-2.3280051308709653,-0.1405481762126627,2.7731104412879515,-0.1405481762126627
2023-03-08,San Pedro Bay,28.265846729278564,33.33536786958575,-0.038453321903944016,-0.02136295661330223,11.902219265699387,0.52650046,0.0,-1.3870871814404653,-2.3077827409226592,,2.6925586396988566,-0.12262080768627248
2023-03-09,San Pedro Bay,28.418195128440857,33.346049347892404,-0.030518509447574615,-0.022583696991205215,11.902219265699387,0.72947496,0.0,-0.68298451967907,-1.8067729412321147,,1.9315528248768647,-0.10469343915988229
2023-03-10,San Pedro Bay,28.34202092885971,33.36283452808857,-0.009765923023223877,-0.017090365290641785,12.512589484453201,0.8002533,0.0,-0.49757211218923064,-2.873946557574592,,2.9167013598624214,-0.08676607063349209
2023-03-11,San Pedro Bay,28.26364939659834,33.381145633757114,-0.003662221133708954,-0.010986663401126862,12.970367148518562,0.47892997,0.0,-0.5600756652718847,-3.25020172698773,,3.2981049129680162,-0.06883870210710188
2023-03-12,San Pedro Bay,28.324442267417908,33.39945673942566,0.0048829615116119385,-0.014648884534835815,12.359996929764748,1.3111613,0.0,-0.6697712394289406,-2.757714278216836,-0.05091133358071169,2.837883287495661,-0.05091133358071169
2023-03-13,San Pedro Bay,28.26877650618553,33.41166414320469,0.003662221133708954,-0.012817773967981339,12.665182039141655,1.0588722,0.0,-0.9446160018155887,-2.7334742841755957,,2.892089392314033,-0.06128846757184654
2023-03-14,San Pedro Bay,28.429181791841984,33.4253974724561,0.0,-0.014038514345884323,11.749626711010933,0.59310395,0.0,-0.9689579143517222,-1.2871475473082818,,1.6110953566833235,-0.07166560156298138
2023-03-15,San Pedro Bay,28.561754196882248,33.321634540334344,-0.021973326802253723,-0.03784295171499252,10.528886273503304,0.523845,19.082860946655273,-1.3357564628151875,-1.1344062337749679,,1.752461934302725,-0.08204273555411623
2023-03-16,San Pedro Bay,28.24826806783676,33.29416788183153,-0.03784295171499252,-0.022583696991205215,10.528886273503304,0.3645409,0.0,-2.36479920048186,-0.7503598415264982,,2.4809907598327157,-0.09241986954525108
2023-03-17,San Pedro Bay,28.34128848463297,33.29416788183153,-0.05310220643877983,-0.022583696991205215,10.681478828191757,0.39529133,37.54393005371094,-2.3112739680089565,-1.003551995140787,,2.519742836510687,-0.10279700353638593
2023-03-18,San Pedro Bay,28.393292024731636,33.309427136555314,-0.0555436871945858,-0.015259254723787308,11.749626711010933,0.5611951,25.02928924560547,-2.3865616493283843,-1.0101303088837916,,2.591532316404849,-0.11317413752752079
2023-03-19,San Pedro Bay,28.462874226272106,33.31553083844483,-0.0555436871945858,-0.015259254723787308,11.902219265699387,0.56614393,0.0,-2.1383681549632128,-1.455787485400149,,2.5868775712832766,-0.12355127151865562
2023-03-20,San Pedro Bay,28.518539987504482,33.33841972053051,-0.05005035549402237,-0.0048829615116119385,12.05481182038784,1.2461528,0.0,-2.0450654602404494,-0.7004083465508211,,2.1616809636453147,-0.13392840550979046
2023-03-21,San Pedro Bay,28.647450171411037,33.36588637903333,-0.04821924492716789,-0.008545182645320892,11.59703415632248,0.7528892,0.0,-1.6595505058106168,-0.35744915669213406,,1.6976094312167895,-0.14430553950092534
2023-03-22,San Pedro Bay,28.602771073579788,33.38572341017425,-0.06775109097361565,-0.004272591322660446,11.59703415632248,1.427395,0.0,-2.626539519625994,-0.11890983020985349,-0.15468267349206016,2.629229810396513,-0.15468267349206016
2023-03-23,San Pedro Bay,28.666493721306324,33.38877526111901,-0.07446516305208206,-0.017700735479593277,10.528886273503304,1.1572219,11.854575157165527,-2.579565005062732,-0.07499634312418046,,2.58065496857412,-0.1226729498183004
2023-03-24,San Pedro Bay,28.788811907172203,33.381145633757114,-0.09338663890957832,-0.02136295661330223,10.528886273503304,0.43756866,23.709150314331055,-2.753986316324426,0.07486400186435241,,2.7550036750025084,-0.09066322614454064
2023-03-25,San Pedro Bay,28.937498085200787,33.391827112063766,-0.11047700420022011,-0.03723258152604103,10.528886273503304,0.37389132,0.0,-3.0030419984884826,-0.5417437676175778,,3.051515615958435,-0.05865350247078088
2023-03-26,San Pedro Bay,29.12646869570017,33.41013821773231,-0.10742515325546265,-0.04211554303765297,10.528886273503304,1.2235978,0.0,-2.460692945541361,-0.6046233829563601,,2.533886186760292,-0.026643778797021123
2023-03-27,San Pedro Bay,29.25391399115324,33.43150117434561,-0.10498367249965668,-0.051271095871925354,10.528886273503304,0.2727489,0.0,-2.4137865219757932,-0.8731358313972615,0.005365944876738631,2.56685246045459,0.005365944876738631
2023-03-28,San Pedro Bay,29.23267310857773,33.44828635454178,-0.10437330231070518,-0.05493331700563431,10.528886273503304,0.28021756,0.0,-2.7394552400739194,-0.6385022128241784,,2.812881100962113,0.0035974095654285896
2023-03-29,San Pedro Bay,29.26563309878111,33.475753013044596,-0.10376293212175369,-0.048829615116119385,10.528886273503304,0.37736666,31.828392028808594,-2.350427432268359,-0.2110110418284458,,2.3598802457186587,0.001828874254118549
2023-03-30,San Pedro Bay,29.349864184856415,33.524582628160715,-0.1110873743891716,-0.038453321903944016,10.528886273503304,0.91186804,0.0,-2.414776668981872,0.008273962957431607,,2.414790843845944,6.0338942808508406e-05
2023-03-31,San Pedro Bay,29.492690809071064,33.571886317804456,-0.119022186845541,-0.04577776417136192,10.528886273503304,1.5220929,0.0,-2.2710830422693293,-0.637891547254667,,2.3589666828809315,-0.0017081963685015326
2023-04-01,San Pedro Bay,29.49928280711174,33.61613815650344,-0.11230811476707458,-0.04028443247079849,10.528886273503304,1.5207027,0.0,-2.080793778148974,-0.35447520608577976,,2.1107712853156397,-0.0034767316798115736
2023-04-02,San Pedro Bay,29.67067475616932,33.643604815006256,-0.10742515325546265,-0.05310220643877983,10.528886273503304,0.2567894,0.0,-1.2182353041378728,-0.5721680058715469,,1.3459099090172857,-0.005245266991121614
2023-04-03,San Pedro Bay,29.73586229234934,33.70158998295665,-0.09155552834272385,-0.0476088747382164,10.528886273503304,0.39604095,0.0,-1.3705806153619111,-1.2522398610882146,,1.8565009811212236,-0.007013802302431656
2023-04-04,San Pedro Bay,29.656758315861225,33.76720477826893,-0.07568590342998505,-0.03662221133708954,10.83407138288021,0.37062395,0.0,-1.7681453102779308,-1.8772749596537726,,2.5788561635734775,-0.008782337613741696
2023-04-05,San Pedro Bay,29.721945852041245,33.85723438113928,-0.06103701889514923,-0.02075258642435074,12.05481182038784,0.6125574,0.0,-0.8733047990895588,-1.0859658166867818,,1.393550511149504,-0.010550872925051736
2023-04-06,San Pedro Bay,29.804712049663067,33.874019561335444,-0.054322946816682816,-0.02075258642435074,11.902219265699387,0.6663112,0.0,-1.0812583056512484,-0.4750778387221164,,1.1810243335277582,-0.012319408236361778
2023-04-07,San Pedro Bay,29.84279914945364,33.88317511416972,-0.03662221133708954,-0.03357036039233208,11.749626711010933,0.6047004,0.0,-0.29468640943845936,-1.7009444298969378,,1.7262827211975302,-0.01408794354767182
2023-04-08,San Pedro Bay,29.710959188640118,33.79619736224413,-0.05371257662773132,-0.032959990203380585,10.986663937568665,0.40616408,25.883272171020508,-1.4765474666972158,-1.8824337099678385,,2.392435807672433,-0.015856478858981858
2023-04-09,San Pedro Bay,29.67506942152977,33.874019561335444,-0.04211554303765297,-0.01892147585749626,12.970367148518562,0.4084836,12.941636085510254,-1.0754232237975216,-2.255279912057401,,2.498564106044248,-0.0176250141702919
2023-04-10,San Pedro Bay,29.584246337413788,33.8770714122802,-0.023194067180156708,-0.014038514345884323,12.970367148518562,0.4440417,59.16176986694336,0.13290860023046303,-2.6359257216137437,,2.6392743521430577,-0.019393549481601942
2023-04-11,San Pedro Bay,29.239265106618404,33.823664020746946,0.0238044373691082,0.014038514345884323,13.73332992196083,1.3965031,13.287918090820312,3.0503293675408085,-0.15950796772955403,,3.054497019519109,-0.02116208479291198
2023-04-12,San Pedro Bay,29.468520149588585,33.861812157556415,0.005493331700563431,0.0238044373691082,12.207404375076294,1.3990594,0.0,-0.02697048077354982,1.5334434035250868,,1.5336805660396686,-0.022930620104222022
2023-04-13,San Pedro Bay,29.65895564854145,33.85265660472214,-0.043336283415555954,0.010986663401126862,11.444441601634026,0.37379184,0.0,-1.6284396725306014,1.6002261657116077,,2.283098672528116,-0.024699155415532064
2023-04-14,San Pedro Bay,29.693380527198315,33.83281957358122,-0.059205908328294754,0.0,11.59703415632248,0.942,0.0,-1.6582211769371686,1.2843533299586514,,2.097441524290669,-0.026467690726842102
2023-04-15,San Pedro Bay,29.931424900889397,33.82824179716408,-0.05859553813934326,0.0048829615116119385,11.444441601634026,0.52905,0.0,-1.444220744961105,0.9374440734343334,,1.7217941081886547,-0.028236226038152144
2023-04-16,San Pedro Bay,30.115268401801586,33.838923275470734,-0.04821924492716789,0.011597033590078354,11.291849046945572,1.3208423,0.0,-1.5474982631467844,1.1027922733815843,,1.9002372674675225,-0.030004761349462186
2023-04-17,San Pedro Bay,30.095492407679558,33.8343454990536,-0.05066072568297386,-0.0024414807558059692,11.749626711010933,0.2708899,0.0,-1.9696233615361114,0.4513545909048872,,2.0206773995469263,-0.03177329666077223
2023-04-18,San Pedro Bay,30.233191922307014,33.84655290283263,-0.05615405738353729,-0.004272591322660446,11.749626711010933,0.85613567,0.0,-2.2017567514133694,0.23825597191450654,,2.2146102818661526,-0.03354183197208227
2023-04-19,San Pedro Bay,30.217810593545437,33.837397349998355,-0.05066072568297386,-0.0048829615116119385,11.902219265699387,0.87119085,0.0,-2.4010172127114133,0.5178998906814988,,2.4562377638381006,-0.035310367283392305
2023-04-20,San Pedro Bay,30.26761680096388,33.84350105188787,-0.04516739398241043,0.0,12.359996929764748,0.413545,0.0,-2.334684967055164,1.1471582666297049,,2.6012931369013836,-0.03707890259470235
2023-04-21,San Pedro Bay,30.516647838056087,33.860286232084036,-0.04943998530507088,0.0030518509447574615,11.444441601634026,0.40564013,0.0,-1.6920332352494047,0.787491981663746,-0.03884743790601239,1.8663118952557904,-0.03884743790601239
2023-04-22,San Pedro Bay,30.584765151143074,33.86638993397355,-0.06164738908410072,-0.012207403779029846,11.59703415632248,0.43806124,7.61557674407959,-2.1199781142589202,0.20312878493244538,,2.1296874203049,-0.06096038698994917
2023-04-23,San Pedro Bay,30.66972868144512,33.88164918869734,-0.06103701889514923,-0.012207403779029846,11.59703415632248,0.5034131,7.61557674407959,-2.0483573394639976,-0.3752015252264614,,2.0824370277797812,-0.08307333607388595
2023-04-24,San Pedro Bay,30.74224065989256,33.861812157556415,-0.051881466060876846,-0.0238044373691082,10.986663937568665,0.413022,7.61557674407959,-1.2817540450777956,-0.6021461467157414,,1.416147384306417,-0.10518628515782272
2023-04-25,San Pedro Bay,30.659474462270737,33.88012326322496,-0.048829615116119385,-0.016479995101690292,11.59703415632248,0.42797896,7.61557674407959,-1.2964170323167308,-0.41662283312904114,,1.3617164560823183,-0.12729923424175948
2023-04-26,San Pedro Bay,30.66972868144512,33.89233066700399,-0.0634784996509552,-0.0079348124563694,11.902219265699387,1.0110139,0.0,-2.013351288336983,-0.1901997274985826,-0.14941218332569628,2.0223153430137257,-0.14941218332569628
2023-04-27,San Pedro Bay,30.73857843875885,33.90453807078302,-0.07873775437474251,-0.01831110566854477,11.902219265699387,0.4836726,11.686488151550293,-2.24616568631246,-0.590248040303749,,2.322423957732511,-0.13094515038886254
2023-04-28,San Pedro Bay,30.797173976898193,33.90301214531064,-0.08972441777586937,-0.019531846046447754,11.444441601634026,0.87225413,11.686488151550293,-2.4864375613858285,-0.5227126197014688,,2.5407873247215083,-0.11247811745202879
2023-04-29,San Pedro Bay,30.658009573817253,33.87859733775258,-0.08911404758691788,-0.014648884534835815,12.359996929764748,0.9101624,46.74595260620117,-2.5429882721850734,-0.08798588172545758,,2.544509946503222,-0.09401108451519506
2023-04-30,San Pedro Bay,30.65654468536377,33.87554548680782,-0.08667256683111191,-0.015259254723787308,12.207404375076294,0.21467537,23.372976303100586,-2.0185571200990218,-0.22432376339827337,,2.030983505085066,-0.07554405157836132
2023-05-01,San Pedro Bay,30.75835443288088,33.89538251794875,-0.09399700909852982,-0.02075258642435074,11.902219265699387,0.3416406,15.969635009765625,-2.4164870152434617,-0.771535189122236,-0.057077018641527574,2.5366663247053483,-0.057077018641527574
2023-05-02,San Pedro Bay,30.506393618881702,33.861812157556415,-0.09216589853167534,-0.019531846046447754,13.428144812583923,0.34206453,39.92408752441406,-3.48220025647499,-0.7784610034630105,,3.568153606574011,-0.04928225177373116
2023-05-03,San Pedro Bay,29.959990225732327,33.487960416823626,-0.1263466291129589,-0.001831110566854477,10.528886273503304,0.33709195,31.93927001953125,-3.137712268562805,1.8577153520225989,,3.646415309510149,-0.04148748490593474
2023-05-04,San Pedro Bay,29.855983145534992,33.53221225552261,-0.0872829370200634,-0.01831110566854477,11.444441601634026,0.33020905,0.0,-2.2682514625303374,0.6196952167193033,,2.351379777682839,-0.03369271803813833
2023-05-05,San Pedro Bay,30.179723493754864,33.634449262171984,-0.08850367739796638,-0.0048829615116119385,12.05481182038784,0.3765743,0.0,-2.2348164181273797,0.5765095292215231,,2.307979129024982,-0.025897951170341913
2023-05-06,San Pedro Bay,30.41923275589943,33.657338144257665,-0.0714133121073246,-0.0024414807558059692,11.444441601634026,0.28234223,0.0,-1.3464188236251988,0.6437314549726607,,1.492391984276746,-0.018103184302545497
2023-05-07,San Pedro Bay,30.547410495579243,33.67259739898145,-0.0555436871945858,0.004272591322660446,11.291849046945572,2.1841254,0.0,-1.2984442966996035,0.4849597693547577,,1.3860532347368004,-0.010308417434749084
2023-05-08,San Pedro Bay,30.682180233299732,33.68633072823286,-0.051881466060876846,0.001831110566854477,11.291849046945572,0.6950287,0.0,-0.912210613412173,0.4011726446187736,,0.9965278189856186,-0.0025136505669526646
2023-05-09,San Pedro Bay,30.966368593275547,33.693960355594754,-0.056764427572488785,-0.020142216235399246,10.681478828191757,1.4803869,0.0,-1.1123254809981822,-0.12477679094405153,,1.1193021143713313,0.005281116300843748
2023-05-10,San Pedro Bay,31.10626544058323,33.69701220653951,-0.0714133121073246,-0.03234962001442909,10.528886273503304,1.1714636,0.0,-1.0113097259766046,-0.23324676676059897,,1.0378590540430566,0.013075883168640168
2023-05-11,San Pedro Bay,31.081362336874008,33.66038999520242,-0.09643848985433578,-0.04577776417136192,10.528886273503304,1.264163,0.0,-1.4035553166989312,-0.24810774331535296,,1.4253157472387912,0.02087065003643658
2023-05-12,San Pedro Bay,31.189764082431793,33.67107147350907,-0.07873775437474251,-0.03662221133708954,10.528886273503304,0.56357217,0.0,-1.2839578817645343,-0.12805718209966305,,1.2903280528736,0.028665416904232993
2023-05-13,San Pedro Bay,31.268135614693165,33.68633072823286,-0.08239997550845146,-0.0476088747382164,10.528886273503304,0.83325005,0.0,-0.8805705768492486,-0.10499117458740669,,0.8868075820344916,0.036460183772029406
2023-05-14,San Pedro Bay,31.420484013855457,33.71990108862519,-0.06958220154047012,-0.031128879636526108,10.528886273503304,1.5603306,0.0,-0.6925945360302588,0.33698662385000083,,0.7702254059642485,0.04425495063982582
2023-05-15,San Pedro Bay,31.565507970750332,33.7336344178766,-0.03418073058128357,-0.015259254723787308,10.528886273503304,0.76667994,8.379474639892578,0.062140217758391965,0.5524487617008103,,0.5559325867115715,0.052049717507622245
2023-05-16,San Pedro Bay,31.68782615661621,33.74584182165563,-0.038453321903944016,-0.015259254723787308,10.528886273503304,1.6354963,0.0,-0.4849325596034839,0.9862261390960789,0.05984448437541865,1.0990002660599973,0.05984448437541865
2023-05-17,San Pedro Bay,31.719321258366108,33.75957515090704,-0.030518509447574615,-0.01037629321217537,10.528886273503304,1.1060494,0.0,-0.21407434875439774,0.6236869740765634,,0.6594037218786374,-0.039977275580909404
2023-05-18,San Pedro Bay,31.661458164453506,33.7839899584651,-0.0634784996509552,-0.006103701889514923,10.528886273503304,0.40264082,10.52322769165039,-1.220966866382882,1.139726091587068,,1.6702501766649116,-0.13979903553723746
2023-05-19,San Pedro Bay,31.678304381668568,33.77025662921369,-0.0476088747382164,-0.006103701889514923,10.528886273503304,0.4804931,10.52322769165039,-0.8520155898529423,0.9310558726672457,,1.2620600633015149,-0.23962079549356555
2023-05-20,San Pedro Bay,31.599200405180454,33.76720477826893,-0.03906369209289551,-0.012817773967981339,10.528886273503304,0.40488812,0.0,-0.2922963737944072,0.3517599861877187,,0.45735353722929034,-0.33944255544989355
2023-05-21,San Pedro Bay,31.9207434207201,33.75957515090704,-0.032959990203380585,-0.0476088747382164,10.528886273503304,0.23446919,13.503738403320312,-0.2633782476532166,0.19409479476875152,-0.43926431540622163,0.32717104195390345,-0.43926431540622163
2023-05-22,San Pedro Bay,32.016693614423275,33.79314551129937,-0.021973326802253723,-0.03784295171499252,10.528886273503304,1.8719857,0.0,0.538997265619745,0.00984701902489448,,0.5390872064232638,-0.425477033210139
2023-05-23,San Pedro Bay,32.07895137369633,33.81145661696792,-0.031128879636526108,-0.062257759273052216,10.528886273503304,0.5482672,0.0,0.5697369123580511,-0.0068227405445142626,,0.5697777628969241,-0.41168975101405647
2023-05-24,San Pedro Bay,32.106784254312515,33.82213809527457,-0.043336283415555954,-0.019531846046447754,10.528886273503304,0.80213773,0.0,0.558673402490786,-0.050206789536794784,,0.5609248544735951,-0.39790246881797386
2023-05-25,San Pedro Bay,32.06430248916149,33.8343454990536,-0.0158696249127388,-0.07202368229627609,10.528886273503304,0.26847884,0.0,1.2690232503855494,-0.9468695865939714,,1.583345200528218,-0.38411518662189126
2023-05-26,San Pedro Bay,31.74129458516836,33.874019561335444,0.0048829615116119385,-0.06469924002885818,10.681478828191757,0.39875266,12.955021858215332,2.10695178362382,-1.0043603838007218,,2.334092028833467,-0.37032790442580865
2023-05-27,San Pedro Bay,31.334788039326668,33.97930841892958,0.03357036039233208,0.014038514345884323,14.191107586026192,0.40504026,12.955021858215332,3.8548643021356503,-1.1612013801295789,,4.025961678045956,-0.3565406222297261
2023-05-28,San Pedro Bay,31.120181880891323,34.01135285384953,0.04028443247079849,0.03662221133708954,14.038515031337738,0.40451223,0.0,3.4255056653451326,1.8249031194227958,,3.881283352010086,-0.3427533400336435
2023-05-29,San Pedro Bay,31.06158634275198,34.02508618310094,0.03723258152604103,0.031128879636526108,13.428144812583923,0.4023596,0.0,2.631238526955008,2.6996043197160784,,3.769785095832662,-0.32896605783756094
2023-05-30,San Pedro Bay,31.032288573682308,34.03271581046283,0.028077028691768646,0.02624591812491417,13.580737367272377,0.4352876,0.0,2.5418917401451666,2.922164912555098,,3.873017091982214,-0.31517877564147834
2023-05-31,San Pedro Bay,30.974425479769707,34.03424173593521,0.03418073058128357,0.023194067180156708,13.73332992196083,0.4318795,12.955021858215332,2.3650524147741607,2.3494695961274044,,3.3336886938879218,-0.30139149344539573
2023-06-01,San Pedro Bay,30.953184597194195,34.02661210857332,0.04150517284870148,0.023194067180156708,12.817774593830109,0.7353845,0.0,1.381355055863277,1.6542785416786958,,2.155175000740689,-0.2876042112493131
2023-06-02,San Pedro Bay,31.268135614693165,34.029663959518075,0.03234962001442909,0.014038514345884323,11.59703415632248,0.7673187,0.0,1.0442308903735271,0.5609836258219683,,1.1853779063449137,-0.2738169290532306
2023-06-03,San Pedro Bay,31.334055595099926,33.982360269874334,-0.0012207403779029846,-0.025635547935962677,10.528886273503304,0.8406885,5.69674825668335,0.7171435225711801,-0.37242578332712656,,0.8080815528476222,-0.26002964685714797
2023-06-04,San Pedro Bay,31.116519659757614,33.86638993397355,-0.062257759273052216,-0.05066072568297386,10.528886273503304,0.7030098,11.3934965133667,0.4477882149661801,-0.7205098490105836,,0.8483211231508101,-0.2462423646610654
2023-06-05,San Pedro Bay,31.33112581819296,33.837397349998355,-0.079348124563694,-0.024414807558059692,10.528886273503304,0.89878917,5.69674825668335,-0.35838771281680404,0.13620672143684395,-0.23245508246498278,0.38339799642490835,-0.23245508246498278
2023-06-06,San Pedro Bay,31.39338357746601,33.872493635863066,0.0024414807558059692,-0.04455702379345894,10.528886273503304,1.0171019,9.09435749053955,1.5798785537274063,-0.5515637423346492,,1.673391408602902,-0.21555721032000116
2023-06-07,San Pedro Bay,31.399243131279945,33.968626940622926,-0.011597033590078354,-0.051271095871925354,10.528886273503304,0.4263109,9.09435749053955,1.7602351168637502,-0.7749723743560244,,1.9232810110993541,-0.19865933817501955
2023-06-08,San Pedro Bay,31.186101861298084,34.03729358687997,0.02075258642435074,-0.01892147585749626,12.207404375076294,0.5199589,9.09435749053955,2.640091915068718,-0.5038873015732883,,2.687747706295742,-0.1817614660300379
2023-06-09,San Pedro Bay,31.191228970885277,34.06781209632754,0.032959990203380585,0.001831110566854477,12.207404375076294,1.2982875,0.0,2.3859074666678683,0.7246606291520753,,2.4935291189285453,-0.16486359388505628
2023-06-10,San Pedro Bay,31.084292113780975,34.08612320199609,0.030518509447574615,0.0158696249127388,12.665182039141655,1.3174361,0.0,1.5410330500995268,1.495190473011499,,2.147178942725408,-0.14796572174007466
2023-06-11,San Pedro Bay,31.27472761273384,34.09833060577512,-0.02136295661330223,0.025025177747011185,11.291849046945572,0.38270786,9.579206466674805,-0.22964415347167969,1.4913321429905149,,1.5089095393496608,-0.13106784959509304
2023-06-12,San Pedro Bay,31.489333771169186,34.09680468030274,-0.009765923023223877,0.0048829615116119385,11.139256492257118,0.27975285,0.0,-0.24058146836449917,1.1652563509068528,,1.1898326799383065,-0.11416997745011143
2023-06-13,San Pedro Bay,31.627765730023384,34.06018246896565,-0.03784295171499252,0.016479995101690292,10.528886273503304,1.1071568,0.0,-0.652318891432674,1.079996441995808,,1.2617100502268963,-0.09727210530512981
2023-06-14,San Pedro Bay,31.698080375790596,34.05560469254851,-0.059205908328294754,-0.012207403779029846,10.528886273503304,1.3781028,9.579206466674805,-0.730845519758801,0.251411625056624,,0.7728796665491494,-0.08037423316014819
2023-06-15,San Pedro Bay,31.44245734065771,34.040345437824726,-0.06897183135151863,-0.007324442267417908,11.749626711010933,0.9180235,0.0,-1.6052367997821635,1.1642997914319386,,1.9830227400872984,-0.06347636101516657
2023-06-16,San Pedro Bay,31.416089348495007,34.043397288769484,-0.07202368229627609,-0.0048829615116119385,13.27555225789547,1.6803333,0.0,-2.5636551543271855,1.5455036907766395,,2.993477811595162,-0.04657848887018495
2023-06-17,San Pedro Bay,31.456373780965805,34.04492321424186,-0.08239997550845146,-0.006714072078466415,12.817774593830109,0.2946425,0.0,-2.356460097199427,0.652341464038116,,2.4450876416596046,-0.029680616725203307
2023-06-18,San Pedro Bay,31.451246671378613,34.041871363297105,-0.0634784996509552,-0.0024414807558059692,12.512589484453201,0.6135533,0.0,-1.3122403062537094,0.6091221018069327,,1.4467219346738767,-0.012782744580221689
2023-06-19,San Pedro Bay,31.49885554611683,34.02661210857332,-0.06469924002885818,-0.005493331700563431,11.902219265699387,0.42186528,13.710747718811035,-1.1016169270819185,0.4253774532317105,,1.1808919644706306,0.0041151275647599295
2023-06-20,San Pedro Bay,31.49592576920986,34.031189884990454,-0.05859553813934326,0.0012207403779029846,12.05481182038784,1.190869,0.0,-1.306172914462055,0.5875929829158312,0.021012999709741534,1.432254584927632,0.021012999709741534
2023-06-21,San Pedro Bay,31.509842209517956,33.97473064251244,-0.07690664380788803,-0.01342814415693283,10.528886273503304,0.2732801,0.0,-1.1396476260020454,0.44015944446188804,,1.221694334930426,0.009859784656754873
2023-06-22,San Pedro Bay,31.31134982407093,33.85265660472214,-0.032959990203380585,-0.03906369209289551,10.528886273503304,0.23227616,29.272031784057617,0.09283817025223857,-0.27930116508171116,,0.294326462744662,-0.0012934303962317886
2023-06-23,San Pedro Bay,31.449049338698387,33.956419536843896,-0.08056886494159698,-0.022583696991205215,10.986663937568665,0.6907036,7.318007946014404,-1.336276351935785,0.10834226812603567,,1.3406612308131773,-0.012446645449218446
2023-06-24,San Pedro Bay,31.40070801973343,33.948789909482,-0.07812738418579102,-0.032959990203380585,11.139256492257118,0.69068986,36.59003829956055,-1.2106966917716449,-0.00312041151530696,,1.2107007129901386,-0.02359986050220511
2023-06-25,San Pedro Bay,31.279854722321033,33.948789909482,-0.035401470959186554,-0.006714072078466415,12.512589484453201,0.3005668,7.318007946014404,-0.06043655789129799,0.2843072994693763,,0.290659969829555,-0.034753075555191776
2023-06-26,San Pedro Bay,31.431470677256584,33.86638993397355,0.0030518509447574615,-0.01037629321217537,10.528886273503304,0.6062937,0.0,0.7276331624082165,0.48865185785675713,,0.8764876822996671,-0.04590629060817843
2023-06-27,San Pedro Bay,31.346507146954536,33.729056641459465,-0.0317392498254776,0.0048829615116119385,10.528886273503304,0.7038999,17.170955657958984,-0.30353078179599774,1.1978897891523694,,1.2357470948592992,-0.05705950566116509
2023-06-28,San Pedro Bay,31.27838983386755,33.79619736224413,0.009155552834272385,-0.03662221133708954,10.528886273503304,0.41282317,11.447303771972656,0.35183200157827965,0.23909817671837405,,0.42538652475675504,-0.06821272071415176
2023-06-29,San Pedro Bay,31.391186244785786,33.7626270018518,-0.021973326802253723,-0.04211554303765297,10.528886273503304,0.5500195,5.723651885986328,0.5820718323113042,-0.01688811159882376,,0.5823167748602245,-0.07936593576713842
2023-06-30,San Pedro Bay,31.326731152832508,33.71379738673568,-0.05066072568297386,-0.035401470959186554,10.528886273503304,0.6206001,11.447303771972656,-0.41909900485494217,0.30039870148423864,-0.09051915082012509,0.515638784154004,-0.09051915082012509
2023-07-01,San Pedro Bay,31.423413790762424,33.77178255468607,-0.06164738908410072,0.0,10.528886273503304,1.1095378,0.0,-1.4564115010284338,0.9382354143921353,,1.7324607219638422,-0.09704219860754221
2023-07-02,San Pedro Bay,31.263008505105972,33.81756031885743,-0.05859553813934326,0.0,11.444441601634026,0.25598487,4.062814712524414,-2.9048409143957343,0.975445172922352,,3.0642444457524864,-0.10356524639495933
2023-07-03,San Pedro Bay,31.216132074594498,33.835871424525976,-0.06530961021780968,-0.0079348124563694,12.970367148518562,0.25422403,24.376890182495117,-2.7846795283008774,0.8350145116816514,,2.907178926391863,-0.11008829418237645
2023-07-04,San Pedro Bay,31.226386293768883,33.835871424525976,-0.059816278517246246,-0.001831110566854477,12.359996929764748,0.2906404,4.062814712524414,-2.3061258793666712,0.8071351057015096,,2.4432936070682314,-0.11661134196979356
2023-07-05,San Pedro Bay,31.101138330996037,33.823664020746946,-0.03906369209289551,0.005493331700563431,12.665182039141655,0.30880216,8.125629425048828,-2.3735158489400874,1.0696312379928623,,2.6033994066335513,-0.12313438975721068
2023-07-06,San Pedro Bay,31.16852319985628,33.82976772263646,-0.04028443247079849,0.007324442267417908,12.207404375076294,0.45976165,0.0,-1.6985328538787783,0.863917348305748,,1.9056146096231583,-0.1296574375446278
2023-07-07,San Pedro Bay,31.215399630367756,33.8343454990536,-0.043336283415555954,0.0006103701889514923,11.749626711010933,0.34818813,0.0,-1.3874195791315627,0.09826750388658001,,1.3908952479887553,-0.1361804853320449
2023-07-08,San Pedro Bay,31.202948078513145,33.80840476602316,-0.054322946816682816,-0.029908139258623123,10.528886273503304,0.33282644,42.51531219482422,-1.2304475916814421,-0.27771021623596914,,1.2613977327062587,-0.14270353311946204
2023-07-09,San Pedro Bay,31.153874315321445,33.72142701409757,-0.0555436871945858,-0.05493331700563431,10.528886273503304,0.33219025,14.171772003173828,-0.048317565453100696,-0.713380244766863,,0.7150146577203463,-0.14922658090687915
2023-07-10,San Pedro Bay,31.276192501187325,33.668019622564316,-0.023194067180156708,-0.06469924002885818,10.528886273503304,0.4407072,14.171772003173828,0.27313611087234413,-0.25940632850920586,,0.37668949857023554,-0.15574962869429626
2023-07-11,San Pedro Bay,31.23297829180956,33.741264045238495,0.03479110077023506,-0.06469924002885818,10.528886273503304,1.2295948,0.0,1.8690537234727687,-0.20506086854147082,,1.8802690714454682,-0.1622726764817134
2023-07-12,San Pedro Bay,30.849909961223602,33.826715871691704,0.07263405248522758,-0.017090365290641785,10.528886273503304,1.2272027,24.787805557250977,2.2084971230285393,0.7417461089767666,,2.3297310644380196,-0.16879572426913053
2023-07-13,San Pedro Bay,30.817682415246964,33.98846397176385,0.06042664870619774,0.023194067180156708,13.122959703207016,1.2273444,12.393902778625488,1.6260575538866173,2.497448401732495,,2.9801529638372464,-0.17531877205654764
2023-07-14,San Pedro Bay,30.75102999061346,34.01440470479429,0.03662221133708954,0.022583696991205215,13.73332992196083,1.0105747,0.0,1.5482493723391761,2.2796758425157595,,2.7557209702541714,-0.18184181984396475
2023-07-15,San Pedro Bay,30.707815781235695,34.02661210857332,0.04028443247079849,0.02624591812491417,13.27555225789547,1.155697,0.0,1.0571748048977017,2.6939664991638255,,2.8939720224507166,-0.18836486763138188
2023-07-16,San Pedro Bay,30.766411319375038,34.03271581046283,0.048829615116119385,0.025635547935962677,12.665182039141655,1.1906768,0.0,0.9205059256409327,2.0213415407725495,,2.22107018880377,-0.194887915418799
2023-07-17,San Pedro Bay,31.019837021827698,34.05102691613138,0.03418073058128357,-0.0030518509447574615,10.986663937568665,1.2528709,0.0,0.8934703784965113,0.38265109519325624,,0.9719625393518505,-0.2014109632062161
2023-07-18,San Pedro Bay,30.957579262554646,34.015930630266666,-0.005493331700563431,-0.038453321903944016,10.986663937568665,1.2530857,17.153724670410156,0.6074462172858598,-0.8570715701061336,,1.0505058701307162,-0.20793401099363323
2023-07-19,San Pedro Bay,30.570116266608238,33.96557508967817,0.059816278517246246,-0.015259254723787308,11.139256492257118,1.130493,17.153724670410156,1.510334575892332,-1.112280284744974,,1.8757073233764994,-0.21445705878105034
2023-07-20,San Pedro Bay,30.49687184393406,33.81603439338505,0.009765923023223877,-0.02685628831386566,10.528886273503304,1.1304007,8.576862335205078,0.34178666596665624,-0.03616133326923258,-0.22098010656846745,0.34369429302275467,-0.22098010656846745
2023-07-21,San Pedro Bay,30.48149051517248,33.86791585944593,0.03723258152604103,-0.039674062281847,10.528886273503304,0.33778232,2.083012819290161,1.6884805626234112,-0.3878521141259669,,1.7324537144723529,-0.204559881880981
2023-07-22,San Pedro Bay,30.449262969195843,34.01440470479429,0.08301034569740295,0.0030518509447574615,12.512589484453201,0.32263958,6.2490386962890625,3.9241290171735854,-0.5307856492075954,,3.959863880088362,-0.18813965719349457
2023-07-23,San Pedro Bay,30.15775016695261,34.10443430766463,0.06775109097361565,0.03906369209289551,14.038515031337738,0.32385466,16.66410255432129,5.327907852166788,-0.254381258879776,,5.333977119003209,-0.17171943250600813
2023-07-24,San Pedro Bay,29.88308358192444,34.18836020864546,0.07385479286313057,0.05249183624982834,14.496292695403099,0.36992195,8.332051277160645,4.14071130326224,2.886239382887339,,5.04736246690225,-0.1552992078185217
2023-07-25,San Pedro Bay,29.745384067296982,34.20514538884163,0.04577776417136192,0.030518509447574615,14.343700140714645,0.68988127,0.0,2.7582734342489554,3.871137800023402,,4.753291512715536,-0.13887898313103525
2023-07-26,San Pedro Bay,29.840601816773415,34.197515761479735,0.024414807558059692,0.023194067180156708,12.665182039141655,0.71726936,0.0,1.1039800348957058,2.898060257185832,,3.1012134998623253,-0.12245875844354878
2023-07-27,San Pedro Bay,30.037629313766956,34.186834283173084,0.031128879636526108,0.020142216235399246,11.749626711010933,0.9683923,0.0,1.0137145595839818,1.5499907411623575,,1.8520498119655369,-0.10603853375606234
2023-07-28,San Pedro Bay,29.979033775627613,34.11053800955415,0.030518509447574615,0.015259254723787308,11.291849046945572,0.9689142,11.974590301513672,0.8272435121152867,1.0794509947793407,,1.3599802492929605,-0.0896183090685759
2023-07-29,San Pedro Bay,29.98562577366829,34.113589860498905,0.05493331700563431,0.0079348124563694,12.359996929764748,0.9856871,15.966120719909668,1.7916883570570468,0.44500112632259065,,1.8461238233775528,-0.07319808438108946
2023-07-30,San Pedro Bay,30.053010642528534,34.14410836994648,0.04699850454926491,0.015259254723787308,12.359996929764748,1.4337415,0.0,1.7330269577629684,0.6774430193406193,,1.860728749922058,-0.05677785969360302
2023-07-31,San Pedro Bay,30.417767867445946,34.16699725203216,0.048829615116119385,0.017700735479593277,11.444441601634026,1.6123834,0.0,1.476458232744979,1.033364628251716,,1.8021574204164943,-0.04035763500611658
2023-08-01,San Pedro Bay,30.504196286201477,34.173100953921676,0.03723258152604103,0.025635547935962677,11.444441601634026,0.43804315,0.0,0.8612505549413101,1.6879938543612647,,1.895013395928407,-0.023937410318630115
2023-08-02,San Pedro Bay,30.59062470495701,34.17615280486643,0.021973326802253723,0.02075258642435074,11.902219265699387,0.33174467,0.0,1.009559784450944,2.0711676873500093,,2.304115133300292,-0.007517185631143675
2023-08-03,San Pedro Bay,30.766411319375038,34.18225650675595,-0.014038514345884323,0.019531846046447754,11.444441601634026,1.762944,0.0,0.8371215501726287,1.9790015195061719,,2.1487716267605457,0.008903039056342765
2023-08-04,San Pedro Bay,31.15973386913538,34.18378243222833,-0.02868739888072014,0.006714072078466415,10.528886273503304,0.40436816,0.0,0.7395550856504057,1.1674334292806878,0.02532326374382921,1.3819705266442717,0.02532326374382921
2023-08-05,San Pedro Bay,31.145084984600544,34.186834283173084,0.03357036039233208,-0.036011841148138046,10.528886273503304,1.4492515,0.0,1.8839652437004435,0.6405518755501285,,1.9898823444470426,0.014627519891107665
2023-08-06,San Pedro Bay,31.005188137292862,34.20361946336925,0.03723258152604103,-0.03234962001442909,10.528886273503304,1.3614942,0.0,2.6377065223892435,0.6829300695274421,,2.724681481957022,0.003931776038386122
2023-08-07,San Pedro Bay,30.909237943589687,34.23871574923396,0.04150517284870148,-0.012817773967981339,11.139256492257118,0.81050515,0.0,2.7013704293500087,0.8179257987816531,,2.822482029859403,-0.006763967814335425
2023-08-08,San Pedro Bay,30.89385661482811,34.26313055679202,0.038453321903944016,-0.0030518509447574615,11.749626711010933,1.2364613,0.0,2.332293562924154,0.6476994103821346,,2.4205593960625733,-0.017459711667056965
2023-08-09,San Pedro Bay,30.93414104729891,34.246345376595855,0.036011841148138046,-0.01342814415693283,11.291849046945572,0.6603437,3.0807483196258545,1.963589537845589,0.2692543181593635,,1.9819641169769238,-0.028155455519778504
2023-08-10,San Pedro Bay,30.932676158845425,34.25550092943013,0.0238044373691082,-0.008545182645320892,11.291849046945572,0.37927133,6.161496639251709,1.544201787413884,0.3986919806393435,,1.5948399467276826,-0.03885119937250006
2023-08-11,San Pedro Bay,30.831598855555058,34.244819451123476,0.03906369209289551,-0.0030518509447574615,11.749626711010933,0.49003384,5.921186447143555,1.6331387634853378,0.31252621833800764,,1.662773243093319,-0.0495469432252216
2023-08-12,San Pedro Bay,30.745902881026268,34.26160463131964,0.011597033590078354,-0.01342814415693283,12.512589484453201,0.46645173,0.0,1.864475668246434,0.08686430101023895,,1.8664980375754443,-0.06024268707794314
2023-08-13,San Pedro Bay,30.764213986694813,34.19598983600736,0.0048829615116119385,-0.014648884534835815,10.528886273503304,0.364836,17.763561248779297,1.1905661940582544,-0.08486591972999363,,1.1935870671073705,-0.07093843093066468
2023-08-14,San Pedro Bay,30.849909961223602,34.15173799730837,-0.027466658502817154,-0.01342814415693283,10.528886273503304,0.34191027,11.84237289428711,0.9339259227416922,0.29402146756123987,,0.9791150354048223,-0.08163417478338622
2023-08-15,San Pedro Bay,31.087221890687943,34.09833060577512,-0.032959990203380585,-0.0317392498254776,10.528886273503304,0.33184233,5.921186447143555,0.8636963650583236,0.24543454811441812,,0.8978917130829807,-0.09232991863610777
2023-08-16,San Pedro Bay,31.198553413152695,34.11053800955415,-0.01892147585749626,-0.03234962001442909,10.528886273503304,0.3569171,21.993606567382812,1.0613492969108962,0.4031903558523027,,1.135352277095334,-0.10302566248882933
2023-08-17,San Pedro Bay,31.022766798734665,34.17920465581119,-0.010986663401126862,-0.017090365290641785,10.528886273503304,0.3106294,0.0,1.098099810689149,0.5661641091919554,,1.2354614493267952,-0.11372140634155087
2023-08-18,San Pedro Bay,30.978087700903416,34.20209353789687,-0.027466658502817154,-0.014038514345884323,10.528886273503304,0.30649096,29.324810028076172,0.5025110989424146,0.7488899709720613,,0.9018611828784118,-0.12441715019427241
2023-08-19,San Pedro Bay,31.292306274175644,34.16547132655978,-0.03662221133708954,-0.02685628831386566,10.528886273503304,0.73780304,7.331202507019043,0.7947012252448862,0.32746011331007335,,0.8595232185431464,-0.13511289404699395
2023-08-20,San Pedro Bay,31.295968495309353,34.20056761242449,-0.04150517284870148,-0.056764427572488785,10.528886273503304,0.38597098,14.662405014038086,0.9008378605470253,-0.13336656448722514,,0.9106566265712159,-0.1458086378997155
2023-08-21,San Pedro Bay,31.22565384954214,34.15478984825313,-0.016479995101690292,-0.05371257662773132,10.528886273503304,0.42170346,9.803112030029297,1.639396924926427,-0.3153273741198941,,1.669447103183438,-0.15650438175243703
2023-08-22,San Pedro Bay,31.164860978722572,34.139530593529344,-0.014038514345884323,-0.04577776417136192,10.528886273503304,0.44410184,9.803112030029297,1.176727627908894,0.12004587080109332,,1.1828351201162761,-0.16720012560515857
2023-08-23,San Pedro Bay,30.99200414121151,34.162419475615025,-0.015259254723787308,-0.015259254723787308,10.986663937568665,0.41698205,4.901556015014648,1.0583686341007101,0.6497514538910542,,1.2419022173592176,-0.1778958694578801
2023-08-24,San Pedro Bay,31.162663646042347,34.173100953921676,-0.005493331700563431,-0.025025177747011185,11.59703415632248,0.49477845,0.0,1.2775259829568615,-0.17727367074546913,-0.18859161331060167,1.2897668748535402,-0.18859161331060167
2023-08-25,San Pedro Bay,31.288644053041935,34.18073058128357,0.0006103701889514923,0.004272591322660446,11.749626711010933,0.9137096,0.0,1.4606654386155948,0.5335557091290591,,1.555064377545284,-0.24585082504672418
2023-08-26,San Pedro Bay,31.149479649960995,34.173100953921676,0.032959990203380585,0.014038514345884323,12.512589484453201,0.91195047,0.0,2.5670169840680748,1.418006956012796,,2.9326302057700064,-0.30311003678284665
2023-08-27,San Pedro Bay,31.047669902443886,34.17004910297692,0.03479110077023506,0.02868739888072014,12.970367148518562,0.64110315,3.938835382461548,2.7149927898608843,2.54808926116521,,3.7234318486930915,-0.3603692485189691
2023-08-28,San Pedro Bay,30.859431736171246,34.16699725203216,0.03418073058128357,0.025025177747011185,14.191107586026192,0.59968066,11.816506385803223,2.9345839349029323,2.7107438964159716,,3.99498627568942,-0.4176284602550916
2023-08-29,San Pedro Bay,30.75908687710762,34.16852317750454,0.03906369209289551,0.02868739888072014,14.191107586026192,0.43983573,0.0,3.1002283253585414,2.3088615061755338,,3.8655215849940068,-0.47488767199121407
2023-08-30,San Pedro Bay,30.835261076688766,34.17615280486643,0.04272591322660446,0.025025177747011185,12.665182039141655,0.5026116,0.0,2.235878332702283,1.618059404694219,,2.759939882636387,-0.5321468837273367
2023-08-31,San Pedro Bay,30.91070283204317,34.18225650675595,0.05371257662773132,0.025025177747011185,12.512589484453201,0.2805894,0.0,1.9882751559333238,1.691318977004653,,2.6103252628126152,-0.5894060954634591
2023-09-01,San Pedro Bay,30.977355256676674,34.186834283173084,0.06164738908410072,0.024414807558059692,12.359996929764748,0.5988691,0.0,2.2052539226921817,1.5014244505360992,,2.667849366852799,-0.6466653071995816
2023-09-02,San Pedro Bay,30.899716168642044,34.18988613411784,0.059205908328294754,0.02685628831386566,12.970367148518562,0.59511065,2.9202258586883545,1.9520687286692255,1.9326110070127074,,2.746917841122111,-0.7039245189357041
2023-09-03,San Pedro Bay,30.95171970874071,34.197515761479735,0.04577776417136192,0.02685628831386566,12.512589484453201,0.46180966,5.840451717376709,1.4732211444131413,2.1699864869875993,-0.7611837306718265,2.6228270804715184,-0.7611837306718265
2023-09-04,San Pedro Bay,31.093081444501877,34.211249090731144,-0.005493331700563431,0.012817773967981339,11.749626711010933,0.30660525,0.0,0.496440099828235,1.0544982721919427,,1.1655124961892345,-0.6551693358574973
2023-09-05,San Pedro Bay,31.375804916024208,34.174626879394054,-0.06103701889514923,0.0048829615116119385,10.83407138288021,0.31836855,0.0,-0.2855305865281655,0.7300229449328687,,0.7838757656488536,-0.549154941043168
2023-09-06,San Pedro Bay,31.416089348495007,34.20819723978639,-0.09643848985433578,0.0,11.902219265699387,0.5311567,10.259324073791504,-1.287190507489235,0.9328194447594517,,1.5896576735548211,-0.4431405462288387
2023-09-07,San Pedro Bay,31.398510687053204,34.21887871809304,-0.07812738418579102,0.0006103701889514923,12.359996929764748,0.5817763,0.0,-1.6589795180887361,1.2308237696650868,,2.0657057373717365,-0.3371261514145094
2023-09-08,San Pedro Bay,31.45051422715187,34.211249090731144,-0.051271095871925354,-0.0030518509447574615,11.749626711010933,1.9847499,0.0,0.16797032815129945,0.19701354409994784,-0.23111175660018007,0.2588983733013348,-0.23111175660018007
2023-09-09,San Pedro Bay,31.659993276000023,34.20514538884163,-0.04943998530507088,-0.01342814415693283,10.528886273503304,1.6384727,0.0,0.006615612394597024,0.13786169972449108,,0.13802034117578935,-0.22614176849185486
2023-09-10,San Pedro Bay,31.62556839734316,34.21735279262066,0.001831110566854477,-0.021973326802253723,11.291849046945572,1.5626289,0.0,1.2366016521083734,-0.2872645110671541,,1.269529261307438,-0.22117178038352964
2023-09-11,San Pedro Bay,31.45857111364603,34.22956019639969,0.01892147585749626,-0.017700735479593277,11.902219265699387,1.2421863,11.8469820022583,1.589332684403785,-0.08642851626591157,,1.5916809573963207,-0.21620179227520442
2023-09-12,San Pedro Bay,31.37287513911724,34.211249090731144,0.024414807558059692,-0.0158696249127388,11.902219265699387,0.613123,11.8469820022583,1.964703144841782,-0.4570947481990769,,2.017174770857093,-0.2112318041668792
2023-09-13,San Pedro Bay,31.208075188100338,34.185308357700706,0.010986663401126862,-0.006714072078466415,11.749626711010933,0.40576154,0.0,1.105416531799345,0.014096054243515625,,1.1055064032019573,-0.20626181605855398
2023-09-14,San Pedro Bay,31.240302734076977,34.0998565312475,-0.025025177747011185,0.02075258642435074,10.83407138288021,0.36924684,0.0,-0.432122021275993,1.3130456320741601,,1.3823235052550762,-0.20129182795022876
2023-09-15,San Pedro Bay,31.252021841704845,33.99609359912574,-0.038453321903944016,0.007324442267417908,10.528886273503304,0.4209173,11.8469820022583,-0.23433527500236725,0.5286612446019646,,0.57826960204954,-0.19632183984190354
2023-09-16,San Pedro Bay,31.42634356766939,34.03271581046283,-0.08239997550845146,-0.030518509447574615,10.528886273503304,0.60022074,0.0,-1.3378830870632084,0.3398536797335342,,1.3803737458667504,-0.19135185173357833
2023-09-17,San Pedro Bay,31.452711559832096,34.09833060577512,-0.08423108607530594,-0.017090365290641785,10.681478828191757,1.6736244,0.0,-1.6409138543644175,0.41913911549253446,,1.6935984989308868,-0.1863818636252531
2023-09-18,San Pedro Bay,31.514236874878407,34.148686146363616,-0.08362071588635445,-0.003662221133708954,12.05481182038784,1.9299061,0.0,-1.7919372052528648,0.7772404249870778,-0.1814118755169279,1.953238752893138,-0.1814118755169279
2023-09-19,San Pedro Bay,31.516434207558632,34.13495281711221,-0.10620441287755966,-0.012207403779029846,11.59703415632248,1.4255048,6.6075944900512695,-1.5223581715919887,0.5162876960860001,,1.607522126672816,-0.17991480556717274
2023-09-20,San Pedro Bay,31.63362528383732,34.0205084066838,-0.119022186845541,-0.04150517284870148,10.528886273503304,0.49969795,13.215188980102539,-0.39734571919124473,0.011009327725342818,,0.3974982086205817,-0.17841773561741758
2023-09-21,San Pedro Bay,31.53181553632021,34.06323431991041,-0.06164738908410072,-0.06469924002885818,10.528886273503304,0.50063825,22.933595657348633,1.0874926002856653,-0.4398514078471729,,1.1730769014268492,-0.17692066566766246
2023-09-22,San Pedro Bay,31.194891192018986,34.04797506518662,-0.02624591812491417,-0.031128879636526108,10.986663937568665,0.49970028,4.586719036102295,1.8677682471722206,0.22257009656455032,,1.8809826349622536,-0.1754235957179073
2023-09-23,San Pedro Bay,31.00006102770567,34.08612320199609,-0.02624591812491417,0.0012207403779029846,13.885922476649284,0.86195445,4.586719036102295,1.5757546012105828,0.5360176918703843,,1.6644270873890443,-0.17392652576815215
2023-09-24,San Pedro Bay,30.864558845758438,34.08001950010657,-0.009155552834272385,0.0006103701889514923,13.580737367272377,0.8508292,9.17343807220459,2.068447985675321,-0.7029115821724816,,2.184619363137779,-0.172429455818397
2023-09-25,San Pedro Bay,30.768608652055264,34.066286170855165,0.0079348124563694,-0.0079348124563694,12.970367148518562,0.8426513,13.760156631469727,2.732092287329004,-1.4916279710391571,,3.1127611971478024,-0.17093238586864185
2023-09-26,San Pedro Bay,30.635303802788258,34.07391579821706,0.03723258152604103,0.0079348124563694,13.428144812583923,0.6571162,0.0,2.831252965731955,-1.2524697339189739,,3.0959124326035217,-0.16943531591888672
2023-09-27,San Pedro Bay,30.62871180474758,34.066286170855165,0.043946653604507446,0.0006103701889514923,12.512589484453201,0.6373318,0.0,2.2416523240466684,-0.5387208852178018,,2.3054772464879547,-0.16793824596913157
2023-09-28,San Pedro Bay,30.692434452474117,34.06933802179992,0.0238044373691082,0.0024414807558059692,12.207404375076294,0.42481345,19.46979522705078,1.4855648117575777,-0.02963522475510609,,1.4858603758357019,-0.1664411760193764
2023-09-29,San Pedro Bay,30.655079796910286,34.078493574634194,-0.022583696991205215,-0.0079348124563694,12.512589484453201,0.47552726,0.0,2.1014913808463374,-0.3532465212676248,,2.1309737512600018,-0.16494410606962126
2023-09-30,San Pedro Bay,30.61626025289297,34.08612320199609,-0.04821924492716789,-0.0048829615116119385,12.817774593830109,0.5090535,0.0,2.6254648033913677,0.3779845798526413,,2.6525342177723648,-0.1634470361198661
2023-10-01,San Pedro Bay,30.56205938011408,34.08001950010657,-0.029908139258623123,0.007324442267417908,13.27555225789547,0.47322083,14.596282958984375,2.311313093794175,1.3875906441146806,,2.695844211592909,-0.16194996617011098
2023-10-02,San Pedro Bay,30.608935810625553,34.07238987274468,-0.02075258642435074,0.01037629321217537,12.817774593830109,0.53244644,0.0,1.6444581570755732,1.330982827170731,,2.115598713507782,-0.16045289622035583
2023-10-03,San Pedro Bay,30.872615732252598,34.05102691613138,-0.035401470959186554,0.022583696991205215,11.749626711010933,0.6991514,0.0,0.7691984749509844,1.2463614123650315,,1.464610208929146,-0.15895582627060068
2023-10-04,San Pedro Bay,31.022034354507923,34.04644913971424,-0.0476088747382164,0.009765923023223877,11.444441601634026,0.6849813,0.0,0.45584346597672654,0.7837293594513078,,0.9066559294129346,-0.15745875632084552
2023-10-05,San Pedro Bay,31.25788139551878,34.02203433215618,-0.05005035549402237,0.0030518509447574615,11.139256492257118,1.8104491,0.0,0.10901806482266681,0.3579137520297757,,0.3741486233433326,-0.15596168637109037
2023-10-06,San Pedro Bay,31.293771162629128,33.95336768589914,-0.056764427572488785,0.006103701889514923,10.986663937568665,2.4019203,0.0,0.22486084955829255,0.14876778712058847,,0.2696187236614583,-0.15446461642133524
2023-10-07,San Pedro Bay,31.301095604896545,33.96557508967817,-0.036011841148138046,-0.0238044373691082,11.902219265699387,0.7160561,0.0,0.7134081923777683,-0.9234426140477303,,1.166917953581579,-0.1529675464715801
2023-10-08,San Pedro Bay,31.354564033448696,33.94268620759249,-0.06958220154047012,-0.027466658502817154,11.444441601634026,0.66010004,25.64938735961914,-0.5518222736581224,-0.7816410448718716,-0.15147047652182494,0.956802249544602,-0.15147047652182494
2023-10-09,San Pedro Bay,31.21759696304798,33.93810843117535,-0.09704886004328728,-0.01892147585749626,12.05481182038784,0.4407439,38.47407531738281,-0.9639253184940494,-0.7681310467865622,,1.2325491165350264,-0.15247659214220233
2023-10-10,San Pedro Bay,31.04986723512411,33.53221225552261,-0.05005035549402237,-0.05493331700563431,10.528886273503304,0.43423584,25.64938735961914,-0.004001782409275867,-0.7346623347005953,,0.7346732336829624,-0.15348270776257972
2023-10-11,San Pedro Bay,31.11944943666458,33.69090850465,-0.1031525619328022,-0.051271095871925354,10.528886273503304,1.5125763,8.385398864746094,0.021838778430669153,-0.1617425233451363,,0.1632102205788468,-0.15448882338295714
2023-10-12,San Pedro Bay,31.358226254582405,33.83129364810884,-0.15442365780472755,-0.05798516795039177,10.528886273503304,1.3983191,8.385398864746094,0.42253887548344965,-0.3721869878164466,,0.563082813798022,-0.15549493900333453
2023-10-13,San Pedro Bay,31.488601326942444,33.826715871691704,-0.1513718068599701,-0.01342814415693283,11.291849046945572,0.40660572,8.385398864746094,0.805198514814432,-0.29371075409438824,-0.15650105462371192,0.8570943094724531,-0.15650105462371192
2023-10-14,San Pedro Bay,31.453444004058838,33.78246403299272,-0.09216589853167534,-0.014038514345884323,11.749626711010933,1.2469475,8.385398864746094,0.8363416520039192,-0.06345629639969462,,0.8387455278148496,-0.16820230013963283
2023-10-15,San Pedro Bay,31.603595070540905,33.643604815006256,-0.10681478306651115,0.006103701889514923,10.528886273503304,0.36474895,0.0,0.25987471526123396,-0.14707156702954058,,0.2986049454724956,-0.17990354565555372
2023-10-16,San Pedro Bay,31.300363160669804,33.41471599414945,-0.08178960531949997,0.003662221133708954,10.528886273503304,1.3980995,0.0,0.06369380348841473,-0.2922176907051319,,0.29907871767121935,-0.19160479117147464
2023-10-17,San Pedro Bay,31.32746359705925,33.40708636678755,-0.08911404758691788,0.0,11.291849046945572,0.774741,0.0,-0.9903462092460675,-0.5443474863592273,,1.1300884036541854,-0.20330603668739555
2023-10-18,San Pedro Bay,31.40949735045433,33.429975248873234,-0.12451551854610443,-0.0030518509447574615,12.359996929764748,2.2182212,0.0,-2.0999949313969135,0.19801568495484329,-0.21500728220331644,2.1093100586165288,-0.21500728220331644
2023-10-19,San Pedro Bay,31.382396914064884,33.40098266489804,-0.10803552344441414,-0.008545182645320892,12.512589484453201,0.3386569,0.0,-1.360954520386397,0.7397515860778052,,1.54900923679131,-0.22545921233742183
2023-10-20,San Pedro Bay,31.551591530442238,33.36283452808857,-0.08789330720901489,0.0048829615116119385,11.749626711010933,1.6441588,0.0,-0.19940145767811193,0.4927035400635187,,0.5315239596812915,-0.23591114247152722
2023-10-21,San Pedro Bay,31.685628823935986,33.35062712430954,-0.09277626872062683,-0.016479995101690292,11.749626711010933,0.6338207,11.60312271118164,-0.4627760534642098,-0.08755594664468254,,0.47098590154351294,-0.24636307260563262
2023-10-22,San Pedro Bay,31.492995992302895,33.31705676391721,-0.12024292722344398,-0.02075258642435074,12.359996929764748,0.6229983,34.80936813354492,-1.3406779040831736,-0.4370400511245,,1.4101139134069123,-0.256815002739738
2023-10-23,San Pedro Bay,31.477614663541317,33.29874565824866,-0.1110873743891716,-0.0238044373691082,12.512589484453201,0.22345804,0.0,-1.4953981586872913,-0.10489941731266049,,1.4990728937439557,-0.2672669328738434
2023-10-24,San Pedro Bay,31.51130709797144,33.28653825446963,-0.11291848495602608,-0.01342814415693283,12.207404375076294,0.3193359,0.0,-1.4227849172198923,-0.05553858980010444,,1.4238684825591865,-0.2777188630079488
2023-10-25,San Pedro Bay,31.604327514767647,33.22855308651924,-0.09826960042119026,-0.02624591812491417,11.444441601634026,0.6990413,0.0,-0.7301677193765777,-0.29637768068995113,,0.7880257787856608,-0.2881707931420542
2023-10-26,San Pedro Bay,31.657795943319798,33.24076049029827,-0.07751701399683952,-0.014648884534835815,11.902219265699387,0.81839466,0.0,-0.3018976704585915,-0.4313664638062126,,0.526516124658116,-0.2986227232761596
2023-10-27,San Pedro Bay,31.694418154656887,33.236182713881135,-0.059816278517246246,-0.015259254723787308,11.902219265699387,1.5692832,0.0,-0.03614425532856843,-0.7437953180142195,,0.7446730036016685,-0.30907465341026497
2023-10-28,San Pedro Bay,31.60505995899439,33.234656788408756,-0.08117923513054848,-0.017090365290641785,12.359996929764748,0.46745756,0.0,-1.1069156436527303,-0.3552969198004602,-0.31952658354437036,1.1625395233637577,-0.31952658354437036
2023-10-29,San Pedro Bay,31.574297301471233,33.22702716104686,-0.08789330720901489,-0.019531846046447754,12.512589484453201,1.480439,0.0,-1.6421278937067116,-0.6291882533870461,,1.7585397002882484,-0.30469055448934407
2023-10-30,San Pedro Bay,31.382396914064884,33.1812493968755,-0.09704886004328728,-0.02929776906967163,12.512589484453201,1.2428539,12.464254379272461,-1.3950307022318067,-1.3339111210928984,,1.9301371814315895,-0.2898545254343177
2023-10-31,San Pedro Bay,31.416089348495007,33.17972347140312,-0.08117923513054848,-0.014648884534835815,12.359996929764748,0.33949754,0.0,-1.10319280595967,0.7891475298569073,,1.3563879205450147,-0.27501849637929143
2023-11-01,San Pedro Bay,31.358226254582405,33.17209384404123,-0.11291848495602608,-0.008545182645320892,12.512589484453201,0.612382,0.0,-1.6175851150493497,0.9663539187340824,,1.8842562194887231,-0.26018246732426514
2023-11-02,San Pedro Bay,31.407300017774105,33.140049409121275,-0.18066957592964172,-0.019531846046447754,12.05481182038784,0.98659045,0.0,-1.2439426408871033,-0.15752277912560803,-0.24534643826923883,1.2538766764561162,-0.24534643826923883
2023-11-03,San Pedro Bay,31.378002248704433,33.06375313550234,-0.1513718068599701,-0.01892147585749626,12.207404375076294,0.89291805,0.0,-1.5115982294161596,-0.7288855887207814,,1.678154763011716,-0.23871292160240673
2023-11-04,San Pedro Bay,31.126041434705257,32.95541242696345,-0.10254219174385071,-0.009765923023223877,12.359996929764748,0.3776292,32.520179748535156,-2.1232218954277178,0.13866059106977993,,2.127744810060523,-0.23207940493557463
2023-11-05,San Pedro Bay,31.13116854429245,32.92641984298825,-0.09460737928748131,-0.010986663401126862,12.665182039141655,0.37766674,0.0,-1.7338216101872985,-0.08075611095048234,,1.7357012776996863,-0.22544588826874257
2023-11-06,San Pedro Bay,31.052064567804337,32.88979763165116,-0.08178960531949997,-0.017090365290641785,13.122959703207016,0.63027275,10.7056245803833,-1.9232748491305047,-0.7713607268362174,,2.0721929244651096,-0.21881237160191047
2023-11-07,San Pedro Bay,30.86602373421192,32.828760612756014,-0.07080294191837311,-0.012817773967981339,13.428144812583923,0.64214915,56.204524993896484,-2.67135168222475,-0.9872445165183313,,2.847941633095825,-0.21217885493507838
2023-11-08,San Pedro Bay,30.769341096282005,32.79824210330844,-0.06530961021780968,-0.01037629321217537,13.580737367272377,2.32509,9.36742115020752,-2.7169085236778088,-0.014566748053342722,,2.7169475733223085,-0.20554533826824628
2023-11-09,San Pedro Bay,30.784722425043583,32.79671617783606,-0.06530961021780968,-0.009765923023223877,12.817774593830109,2.674162,0.0,-2.4623032955233093,-0.5751116395320346,,2.528574878675768,-0.19891182160141418
2023-11-10,San Pedro Bay,30.863826401531696,32.804345805197954,-0.051881466060876846,-0.004272591322660446,12.512589484453201,0.8393468,0.0,-1.5240723499676054,-0.25620082993642873,,1.5454563705248667,-0.1922783049345821
2023-11-11,San Pedro Bay,30.84478285163641,32.802819879725575,-0.04699850454926491,0.0012207403779029846,12.512589484453201,0.52294654,0.0,-1.8343273465132366,-0.02290611131608593,,1.8344703606496118,-0.18564478826775002
2023-11-12,San Pedro Bay,30.878475286066532,32.8226569108665,-0.03723258152604103,-0.001831110566854477,12.512589484453201,1.6429797,0.0,-1.523940588300675,-1.0048129147461324,-0.17901127160091793,1.825388701156777,-0.17901127160091793
2023-11-13,San Pedro Bay,30.793511755764484,32.828760612756014,-0.039674062281847,-0.006714072078466415,12.512589484453201,2.2941606,0.0,-2.1599742815631755,-1.6199739350965618,,2.699963786313919,-0.16962291248938718
2023-11-14,San Pedro Bay,30.703421115875244,32.80739765614271,-0.04455702379345894,-0.008545182645320892,12.207404375076294,1.2990038,0.0,-2.4508995714547006,-1.1334182381258873,,2.700286209251387,-0.16023455337785644
2023-11-15,San Pedro Bay,30.613330475986004,32.83639024011791,-0.05737479776144028,-0.014648884534835815,13.428144812583923,0.78342575,31.93654441833496,-3.312387918911199,-1.660751056162693,,3.705402514693156,-0.1508461942663257
2023-11-16,San Pedro Bay,30.425092309713364,32.82113098539412,-0.05066072568297386,-0.012207403779029846,14.038515031337738,0.7835411,19.287765502929688,-2.090100972871448,-2.0350995876353437,,2.917216551507913,-0.14145783515479496
2023-11-17,San Pedro Bay,30.41483809053898,32.8440198674798,-0.043946653604507446,-0.014038514345884323,12.817774593830109,0.5424957,28.931650161743164,-1.3794912018281074,-2.667164660248585,,3.0027925837127185,-0.13206947604326422
2023-11-18,San Pedro Bay,30.126255065202713,32.825708761811256,-0.032959990203380585,-0.007324442267417908,14.343700140714645,0.53917676,77.15106201171875,-1.784894876538843,-2.799323795323215,,3.3199493115644674,-0.12268111693173346
2023-11-19,San Pedro Bay,29.760032951831818,32.64107177965343,-0.06164738908410072,-0.019531846046447754,10.986663937568665,0.4878272,67.5071792602539,-2.31142964672747,-2.1137220525561573,,3.132176228636073,-0.11329275782020272
2023-11-20,San Pedro Bay,29.220221556723118,32.20007931813598,-0.10986663401126862,-0.056764427572488785,10.528886273503304,0.73331887,19.287765502929688,-1.6918154534018353,-0.9121931795726843,,1.9220655361428707,-0.10390439870867198
2023-11-21,San Pedro Bay,28.966063410043716,32.01391641050577,-0.07812738418579102,-0.062257759273052216,10.528886273503304,1.0493362,52.9254150390625,-0.7424933168933728,-0.03382663027609696,,0.7432634570239266,-0.09451603959714124
2023-11-22,San Pedro Bay,29.34766685217619,32.1985533926636,-0.05310220643877983,-0.06164738908410072,10.528886273503304,1.1338094,0.0,-0.36702432743136676,-0.19976917021526738,,0.4178690922943974,-0.0851276804856105
2023-11-23,San Pedro Bay,29.705099634826183,32.32825705781579,-0.10010071098804474,-0.040894802659749985,10.528886273503304,6.112665,0.0,-1.3628341024999973,0.02850848389379283,,1.363132247652771,-0.07573932137407975
2023-11-24,San Pedro Bay,29.57325967401266,32.46864220127463,-0.13061922043561935,-0.03723258152604103,10.528886273503304,6.205403,21.170166015625,-2.233679521130414,-1.1357039140781762,,2.50582273586339,-0.066350962262549
2023-11-25,San Pedro Bay,29.67873164266348,32.56477550603449,-0.10742515325546265,-0.029908139258623123,10.986663937568665,1.6749082,0.0,-1.8981974787629676,-1.0880980839262864,,2.187946779203311,-0.056962603151018254
2023-11-26,San Pedro Bay,29.77321694791317,32.66548658721149,-0.08606219664216042,-0.020142216235399246,12.512589484453201,1.2662343,0.0,-1.9819361458662228,-1.328976726648831,,2.386262773934442,-0.04757424403948751
2023-11-27,San Pedro Bay,29.803979605436325,32.66701251268387,-0.08423108607530594,-0.014038514345884323,11.902219265699387,0.29757556,0.0,-2.7314958231947633,-0.26929086084768195,-0.03818588492795677,2.744738056694395,-0.03818588492795677
2023-11-28,San Pedro Bay,29.664082758128643,32.62733845040202,-0.08789330720901489,-0.015259254723787308,12.665182039141655,0.3623505,0.0,-3.4456553065987627,-0.07295285816168627,,3.4464275143119103,-0.0054880422480164115
2023-11-29,San Pedro Bay,29.627460546791553,32.61360512115061,-0.08117923513054848,-0.017090365290641785,12.359996929764748,0.40963304,35.189945220947266,-3.099787536950544,-1.0135176041338,,3.261272866247631,0.027209800431923947
2023-11-30,San Pedro Bay,29.592303223907948,32.634968077763915,-0.0714133121073246,-0.014648884534835815,12.665182039141655,0.5114082,17.594972610473633,-2.991201399746254,-0.7035503880347124,,3.072827519134086,0.059907643111864306
2023-12-01,San Pedro Bay,29.5652027875185,32.6288643758744,-0.07751701399683952,-0.01342814415693283,12.359996929764748,0.9568886,0.0,-3.377513756522423,-0.5217911076550453,,3.4175817672041275,0.09260548579180466
2023-12-02,San Pedro Bay,29.53151035308838,32.63191622681916,-0.07446516305208206,-0.017700735479593277,12.665182039141655,0.54451203,0.0,-2.996789186567224,-1.2676145629429945,0.12530332847174502,3.253858034535527,0.12530332847174502
2023-12-03,San Pedro Bay,29.481704145669937,32.64259770512581,-0.06286812946200371,-0.012207403779029846,12.359996929764748,0.384249,14.162819862365723,-3.2993464530228827,-0.7169144767918758,,3.37633727345306,0.07145516155479556
2023-12-04,San Pedro Bay,29.439954824745655,32.64412363059819,-0.05371257662773132,-0.007324442267417908,12.817774593830109,0.32482326,14.162819862365723,-2.7721883225688893,0.38657665026093946,,2.7990122547631477,0.017606994637846082
2023-12-05,San Pedro Bay,29.505874805152416,32.633442152291536,-0.04821924492716789,-0.014038514345884323,11.444441601634026,0.5108415,32.372161865234375,-2.1016887293658413,-0.2810661837126027,,2.120399423403565,-0.036241172279103395
2023-12-06,San Pedro Bay,29.36085084825754,32.645649556070566,-0.023194067180156708,-0.008545182645320892,12.512589484453201,0.663268,63.38326644897461,-1.6160165514012144,-0.8214936259250958,,1.8128323893394653,-0.09008933919605286
2023-12-07,San Pedro Bay,29.35572373867035,32.69905694760382,-0.028077028691768646,-0.007324442267417908,12.970367148518562,2.3309667,0.0,-2.2425306189951586,-1.1554512238927266,-0.14393750611300235,2.5226991711113733,-0.14393750611300235
2023-12-08,San Pedro Bay,29.367442846298218,32.708212500438094,-0.02685628831386566,-0.0079348124563694,12.207404375076294,1.8314995,0.0,-1.9760381995593406,-0.23321588001975052,,1.9897529024507308,-0.1396518216641977
2023-12-09,San Pedro Bay,29.42603838443756,32.72652360610664,-0.02868739888072014,-0.012207403779029846,12.05481182038784,1.7930083,0.0,-2.1805087245610446,-0.9582234782504359,,2.3817662631243217,-0.1353661372153931
2023-12-10,San Pedro Bay,29.404065057635307,32.73873100988567,-0.035401470959186554,-0.009155552834272385,12.512589484453201,0.83814615,0.0,-2.7577742663935587,-0.8027522119356864,,2.872234325076937,-0.13108045276658845
2023-12-11,San Pedro Bay,29.43848993629217,32.744834711775184,-0.032959990203380585,-0.01342814415693283,12.207404375076294,0.42164,0.0,-1.919510283464785,-1.245174083246112,,2.28800747942721,-0.1267947683177838
2023-12-12,San Pedro Bay,29.424573495984077,32.76009396649897,-0.03234962001442909,-0.011597033590078354,12.207404375076294,0.41616496,0.0,-2.1887955505474177,-1.317299122099482,-0.12250908386897917,2.5546238351624764,-0.12250908386897917
2023-12-13,San Pedro Bay,29.365245513617992,32.779930997639894,-0.05249183624982834,-0.01342814415693283,12.970367148518562,0.39868477,0.0,-3.179917772018844,-1.7128706227881172,,3.611897397104719,-0.13182796395946822
2023-12-14,San Pedro Bay,29.354991294443607,32.78603469952941,-0.06103701889514923,-0.012817773967981339,12.817774593830109,0.79954666,0.0,-3.1657456843235128,-0.8436264897333929,,3.2762251741894715,-0.14114684404995728
2023-12-15,San Pedro Bay,29.381359286606312,32.7936643268913,-0.05310220643877983,-0.009155552834272385,12.359996929764748,0.3960985,0.0,-2.5216234363667325,-0.6759481779889038,,2.6106494774596776,-0.15046572414044634
2023-12-16,San Pedro Bay,29.416516609489918,32.8226569108665,-0.038453321903944016,-0.01342814415693283,12.207404375076294,1.8670818,0.0,-1.6796252917703385,-1.944525877437305,,2.569498396336903,-0.1597846042309354
2023-12-17,San Pedro Bay,29.15942868590355,32.862330973148346,-0.043336283415555954,-0.008545182645320892,14.343700140714645,1.86519,104.59190368652344,-3.324415766787818,-2.5313558041382267,,4.178456939781924,-0.16910348432142447
2023-12-18,San Pedro Bay,28.964598521590233,32.863856898620725,-0.07873775437474251,-0.015259254723787308,14.343700140714645,1.7958404,14.94170093536377,-5.218007011219036,-0.635713850680515,,5.256589128805681,-0.17842236441191353
2023-12-19,San Pedro Bay,28.829096339643,32.84249394200742,-0.07385479286313057,-0.017090365290641785,13.73332992196083,1.1756727,0.0,-3.3144541231241673,0.45956013994395684,,3.3461622280636814,-0.1877412445024026
2023-12-20,San Pedro Bay,28.95507674664259,32.863856898620725,-0.05310220643877983,-0.01037629321217537,11.444441601634026,1.2134316,0.0,-1.889122904961579,-0.02657389359739775,,1.8893098003957427,-0.19706012459289166
2023-12-21,San Pedro Bay,29.014404729008675,32.91879021562636,-0.0476088747382164,-0.001831110566854477,11.902219265699387,0.7453001,0.0,-2.668677149359632,0.2087321960734203,,2.6768277600906423,-0.20637900468338072
2023-12-22,San Pedro Bay,29.005615398287773,32.95541242696345,-0.05859553813934326,-0.008545182645320892,12.512589484453201,0.6941917,0.0,-3.440620633701401,-0.742996166554403,-0.21569788477386978,3.5199309153116016,-0.21569788477386978
2023-12-23,San Pedro Bay,28.998290956020355,32.9874568618834,-0.06836146116256714,-0.01342814415693283,12.970367148518562,0.43467477,0.0,-3.3072965940155497,-1.0447608636494417,,3.468390984736349,-0.2081977717123134
2023-12-24,San Pedro Bay,29.02026428282261,33.01339759491384,-0.056764427572488785,-0.012207403779029846,12.512589484453201,0.32543364,0.0,-2.477333689092824,-1.0826544778553395,,2.703575951500989,-0.200697658650757
2023-12-25,San Pedro Bay,28.968993186950684,33.04696795530617,-0.05615405738353729,-0.010986663401126862,13.122959703207016,0.4979464,0.0,-2.81981915535931,-1.5887710884380233,,3.236599085519835,-0.19319754558920063
2023-12-26,San Pedro Bay,28.97558518499136,33.05001980625093,-0.06591998040676117,-0.015259254723787308,12.05481182038784,0.5776964,0.0,-3.060279442282006,-1.1992813624548704,,3.2868809000609494,-0.18569743252764426
2023-12-27,San Pedro Bay,29.011474952101707,33.07138276286423,-0.06103701889514923,-0.010986663401126862,12.512589484453201,0.5744721,79.27427673339844,-3.1005790917729223,-0.5329623675534281,,3.1460514283093906,-0.17819731946608786
2023-12-28,San Pedro Bay,29.07007049024105,33.09884942136705,-0.06042664870619774,-0.0158696249127388,12.359996929764748,2.638486,0.0,-2.6359351215887425,-1.2116321519760356,,2.901069877980732,-0.17069720640453148
2023-12-29,San Pedro Bay,29.04150516539812,33.11105682514608,-0.059205908328294754,-0.012207403779029846,12.05481182038784,0.30748463,0.0,-3.110501303452673,-0.792079102417453,,3.209767540378464,-0.1631970933429751
2023-12-30,San Pedro Bay,29.059083826839924,33.11105682514608,-0.05798516795039177,-0.0079348124563694,12.207404375076294,0.65761375,0.0,-2.8870649920748486,0.47334757930625,,2.9256114231557193,-0.1556969802814187
2023-12-31,San Pedro Bay,29.15137179940939,33.12021237798035,-0.05615405738353729,-0.014038514345884323,11.291849046945572,0.50007063,0.0,-2.4614667156625494,-0.13629702907799493,,2.4652373663503613,-0.14819686721986233
2024-01-01,San Pedro Bay,29.16821801662445,33.140049409121275,-0.05615405738353729,-0.01831110566854477,10.681478828191757,0.7576711,0.0,-2.0154888728603053,-0.7421953194472513,,2.147801035671859,-0.14069675415830596
2024-01-02,San Pedro Bay,29.136722914874554,33.1812493968755,-0.05249183624982834,-0.006714072078466415,12.05481182038784,1.2170337,0.0,-2.194285604667803,-0.2870608596298362,,2.212982885605708,-0.13319664109674956
2024-01-03,San Pedro Bay,29.378429509699345,33.21787160821259,-0.054322946816682816,-0.009155552834272385,11.291849046945572,1.7731698,0.0,-1.3740874163575012,0.060127976825122165,,1.3754023416401164,-0.12569652803519318
2024-01-04,San Pedro Bay,29.478041924536228,33.24228641577065,-0.06591998040676117,-0.0238044373691082,10.528886273503304,1.7515831,0.0,-1.3025897162680171,-0.8837315047353347,,1.5740779337088022,-0.1181964149736368
2024-01-05,San Pedro Bay,29.379161953926086,33.23923456482589,-0.07385479286313057,-0.032959990203380585,10.528886273503304,0.40691826,0.0,-2.041653494391507,-0.9227903814487597,,2.2405113432552395,-0.11069630191208041
2024-01-06,San Pedro Bay,29.43775749206543,33.272804925218225,-0.07690664380788803,-0.0238044373691082,10.681478828191757,0.35501283,0.0,-2.098778144351157,-0.6626152500457911,-0.10319618885052403,2.2008926981566668,-0.10319618885052403
2024-01-07,San Pedro Bay,29.473647259175777,33.29264195635915,-0.07324442267417908,-0.02136295661330223,10.986663937568665,0.2417291,0.0,-2.228506841140991,-0.773691968891319,,2.358991734563545,-0.12092769331879114
2024-01-08,San Pedro Bay,29.471449926495552,33.3246863912791,-0.07629627361893654,-0.015259254723787308,12.207404375076294,0.7589275,0.0,-3.4708637395705035,-0.4416233305347165,,3.498846419141303,-0.13865919778705826
2024-01-09,San Pedro Bay,29.538834795355797,33.320108614861965,-0.07568590342998505,-0.01342814415693283,11.749626711010933,0.81553227,0.0,-2.7103180951318633,0.30018348571946113,,2.726890958930683,-0.15639070225532536
2024-01-10,San Pedro Bay,29.688253417611122,33.344523422420025,-0.06653035059571266,-0.014648884534835815,11.444441601634026,1.1783569,0.0,-1.7081131825534561,-0.572031861307195,,1.8013525736966294,-0.17412220672359247
2024-01-11,San Pedro Bay,29.558610789477825,33.37046415545046,-0.06775109097361565,-0.0158696249127388,12.359996929764748,1.1896046,0.0,-2.5728543740928207,-1.436528546856416,-0.19185371119185957,2.9467259621861626,-0.19185371119185957
2024-01-12,San Pedro Bay,29.41285438835621,33.381145633757114,-0.07812738418579102,-0.02136295661330223,13.428144812583923,0.40205002,0.0,-3.3062617825359633,-2.1158270624917312,,3.9253141445023574,-0.18261418873497645
2024-01-13,San Pedro Bay,29.254646435379982,33.37199008092284,-0.08545182645320892,-0.02136295661330223,13.580737367272377,0.3731306,0.0,-3.4133710313596533,-2.298058244603953,,4.114872232927465,-0.17337466627809334
2024-01-14,San Pedro Bay,29.063478492200375,33.393353037536144,-0.09399700909852982,-0.024414807558059692,14.343700140714645,0.33847114,28.45749282836914,-3.4417419789824173,-2.98842299155853,,4.558098268616577,-0.16413514382121025
2024-01-15,San Pedro Bay,28.88915676623583,33.43150117434561,-0.08850367739796638,-0.02136295661330223,14.343700140714645,0.39950645,28.45749282836914,-3.2246776345518464,-4.1331006724737005,,5.242238740803536,-0.15489562136432714
2024-01-16,San Pedro Bay,28.662831500172615,33.475753013044596,-0.09949034079909325,-0.022583696991205215,14.343700140714645,0.6594738,0.0,-3.96969982538565,-3.6706990573380796,,5.406713259754906,-0.14565609890744402
2024-01-17,San Pedro Bay,28.48484755307436,33.501693746075034,-0.09582811966538429,-0.02685628831386566,14.343700140714645,0.48793694,0.0,-3.594839929879064,-2.960441152799508,,4.656939546595145,-0.1364165764505609
2024-01-18,San Pedro Bay,28.43137912452221,33.51542707532644,-0.07324442267417908,-0.017700735479593277,13.27555225789547,0.4424504,0.0,-3.3011016191350793,-1.3277204231012973,,3.558105313474649,-0.1271770539936778
2024-01-19,San Pedro Bay,28.46433911472559,33.523056702688336,-0.059816278517246246,-0.017090365290641785,12.665182039141655,0.48411712,0.0,-2.9065245887887223,-1.0111194059575455,,3.077376746246288,-0.11793753153679469
2024-01-20,San Pedro Bay,28.457014672458172,33.54136780835688,-0.043336283415555954,-0.012817773967981339,12.817774593830109,0.45862895,0.0,-2.2955289969768615,-0.8233599343894531,,2.4387240429206827,-0.10869800907991158
2024-01-21,San Pedro Bay,28.57054352760315,33.561204839497805,-0.03357036039233208,-0.012817773967981339,12.05481182038784,0.435713,0.0,-2.193051698665934,-1.092544419969642,-0.09945848662302847,2.4501283767648463,-0.09945848662302847
2024-01-22,San Pedro Bay,28.523667097091675,33.573412243276834,-0.03357036039233208,-0.008545182645320892,12.665182039141655,0.42163953,27.458545684814453,-2.8783755048599238,-0.527823471085063,,2.9263703052768126,-0.09955684776238605
2024-01-23,San Pedro Bay,28.511947989463806,33.58714557252824,-0.030518509447574615,-0.009765923023223877,12.970367148518562,0.29465422,0.0,-2.1871945211544555,-0.8654127145683588,,2.3521817616639757,-0.09965520890174362
2024-01-24,San Pedro Bay,28.51414532214403,33.60545667819679,-0.035401470959186554,-0.014038514345884323,12.817774593830109,0.57192206,0.0,-2.4470108766746534,-2.0849971156047986,,3.214821177397646,-0.09975357004110119
2024-01-25,San Pedro Bay,28.462141782045364,33.619190007448196,-0.04943998530507088,-0.01892147585749626,13.27555225789547,0.7927461,0.0,-3.331850249827781,-2.987926640426239,,4.475369447972567,-0.09985193118045876
2024-01-26,San Pedro Bay,28.262916952371597,33.63750111311674,-0.06653035059571266,-0.019531846046447754,14.343700140714645,0.53168756,0.0,-2.7262951186243463,-4.259997907320595,,5.057693866201353,-0.09995029231981634
2024-01-27,San Pedro Bay,28.003631696105003,33.67107147350907,-0.06103701889514923,-0.019531846046447754,14.343700140714645,0.6699779,0.0,-2.7597015796966833,-3.654448658490435,,4.579404743689174,-0.10004865345917391
2024-01-28,San Pedro Bay,27.819055750966072,33.69701220653951,-0.0555436871945858,-0.015259254723787308,14.343700140714645,0.6684565,0.0,-3.2354208618230764,-3.2779773548191153,,4.605766352283505,-0.10014701459853148
2024-01-29,San Pedro Bay,27.660847797989845,33.71379738673568,-0.07690664380788803,-0.0238044373691082,14.343700140714645,0.6791595,14.137425422668457,-4.006418856652938,-3.303121296252089,,5.192494810079093,-0.10024537573788904
2024-01-30,San Pedro Bay,27.54072694480419,33.70769368484616,-0.07019257172942162,-0.02136295661330223,14.038515031337738,0.65276676,56.54970169067383,-3.4581140061784037,-2.2119697299459316,,4.105041116228231,-0.10034373687724661
2024-01-31,San Pedro Bay,27.532670058310032,33.71379738673568,-0.06714072078466415,-0.01892147585749626,13.580737367272377,0.40753415,0.0,-3.3953912511267594,-2.2379678418852813,,4.0665933912232735,-0.10044209801660418
2024-02-01,San Pedro Bay,27.484328739345074,33.727530715987086,-0.056764427572488785,-0.011597033590078354,13.885922476649284,0.4385475,8.126405715942383,-3.1620395457052197,-1.026451073187741,,3.3244692650484735,-0.10054045915596176
2024-02-02,San Pedro Bay,27.485061183571815,33.73210849240422,-0.059205908328294754,-0.011597033590078354,12.817774593830109,0.44126996,0.0,-3.0417309569415614,-0.9338839329728323,,3.181865241439592,-0.10063882029531933
2024-02-03,San Pedro Bay,27.579546488821507,33.739738119766116,-0.08301034569740295,-0.015259254723787308,12.207404375076294,0.542032,0.0,-3.6923468619026467,-0.5242924170112269,,3.729384384471222,-0.1007371814346769
2024-02-04,San Pedro Bay,27.668904684484005,33.75041959807277,-0.09582811966538429,-0.02136295661330223,12.05481182038784,1.3159035,0.0,-3.3440675403402467,-0.5676845617740864,,3.391910004117725,-0.10083554257403447
2024-02-05,San Pedro Bay,27.721640668809414,33.75957515090704,-0.09826960042119026,-0.019531846046447754,11.902219265699387,1.2034513,12.954601287841797,-3.4085296809306187,-0.35433024440792926,-0.10093390371339205,3.4268972129153754,-0.10093390371339205
2024-02-06,San Pedro Bay,27.71944333612919,33.7626270018518,-0.08850367739796638,-0.020142216235399246,12.512589484453201,1.2248269,8.981064796447754,-2.3532452075810957,-1.1092597706853669,,2.6015803362311045,-0.09976497898984567
2024-02-07,San Pedro Bay,27.787560649216175,33.78551588393748,-0.08117923513054848,-0.014648884534835815,12.207404375076294,0.43070853,0.0,-2.457743994186506,-0.1983142037116595,,2.4657319530625443,-0.09859605426629929
2024-02-08,San Pedro Bay,27.901089504361153,33.81145661696792,-0.07568590342998505,-0.007324442267417908,11.59703415632248,0.48728964,0.0,-2.279140767754921,0.5322468643891464,,2.3404634933906934,-0.0974271295427529
2024-02-09,San Pedro Bay,27.996307253837585,33.837397349998355,-0.08484145626425743,-0.015259254723787308,11.902219265699387,0.60098356,0.0,-3.0576919746664206,-0.4422953953308115,,3.0895154035334205,-0.09625820481920652
2024-02-10,San Pedro Bay,27.983123257756233,33.86791585944593,-0.08362071588635445,-0.024414807558059692,12.817774593830109,0.46732217,0.0,-3.184373977997657,-2.545173786809029,-0.09508928009566014,4.076536181221557,-0.09508928009566014
2024-02-11,San Pedro Bay,27.923795275390148,33.90148621983826,-0.08301034569740295,-0.023194067180156708,13.580737367272377,0.3901888,0.0,-3.696235071595075,-2.760301260057921,,4.6131785951518065,-0.10632573559297172
2024-02-12,San Pedro Bay,27.880581066012383,33.92895287834108,-0.08423108607530594,-0.0238044373691082,13.73332992196083,0.51370925,0.0,-3.814000789168119,-2.5175375888596956,,4.569966907002339,-0.11756219109028329
2024-02-13,San Pedro Bay,27.857142850756645,33.945738058537245,-0.08667256683111191,-0.0238044373691082,13.27555225789547,0.5581822,0.0,-3.9400218773128217,-1.2650334614934937,,4.138125427340484,-0.12879864658759488
2024-02-14,San Pedro Bay,27.89596239477396,33.96252323873341,-0.09033478796482086,-0.020142216235399246,12.817774593830109,1.1779033,0.0,-3.621790403277284,-0.3604029987622464,,3.6396780141639247,-0.14003510208490644
2024-02-15,San Pedro Bay,27.919400610029697,33.968626940622926,-0.10498367249965668,-0.017700735479593277,12.512589484453201,0.6836488,13.664615631103516,-3.3624084134616314,-0.5606107296821448,,3.4088230709663287,-0.15127155758221802
2024-02-16,San Pedro Bay,27.92526016384363,33.99151582270861,-0.1269569993019104,-0.027466658502817154,12.817774593830109,0.4470296,0.0,-2.896200769018185,-1.7964694191583843,,3.4081199022969817,-0.1625080130795296
2024-02-17,San Pedro Bay,28.025605022907257,34.02203433215618,-0.12573625892400742,-0.024414807558059692,12.05481182038784,0.57241917,7.781996726989746,-3.1401693329083793,-1.0076041081005533,,3.2978674136476998,-0.17374446857684117
2024-02-18,San Pedro Bay,28.016815692186356,34.02661210857332,-0.12817773967981339,-0.02868739888072014,12.512589484453201,0.22901067,0.0,-4.012323559621398,-0.9904406530682288,,4.132760945704838,-0.18498092407415276
2024-02-19,San Pedro Bay,28.053437903523445,34.04797506518662,-0.1263466291129589,-0.02929776906967163,12.817774593830109,1.2418216,0.0,-3.691914800855765,-1.197545061104187,,3.881281884912882,-0.19621737957146435
2024-02-20,San Pedro Bay,28.024140134453773,34.052552841603756,-0.12268440797924995,-0.031128879636526108,12.817774593830109,0.556011,0.0,-3.505346622741162,-1.8987116653940224,-0.2074538350687759,3.9865474954986064,-0.2074538350687759
2024-02-21,San Pedro Bay,28.041718795895576,34.07391579821706,-0.11047700420022011,-0.024414807558059692,12.817774593830109,0.4313593,0.0,-3.3478976921163905,-1.2250306809277747,,3.5649851508937065,-0.21237186977358508
2024-02-22,San Pedro Bay,28.177220977842808,34.09680468030274,-0.10254219174385071,-0.02075258642435074,12.207404375076294,0.7380362,5.822829246520996,-2.981245151426044,-0.6167823832606203,,3.0443789450726966,-0.21728990447839422
2024-02-23,San Pedro Bay,28.24387340247631,34.10748615860939,-0.09887997061014175,-0.021973326802253723,12.207404375076294,0.47350815,0.0,-2.6108960414992337,-0.9307933528104818,,2.7718503576406404,-0.2222079391832034
2024-02-24,San Pedro Bay,28.459212005138397,34.124271338805556,-0.09949034079909325,-0.016479995101690292,11.749626711010933,0.9539198,5.78679895401001,-2.6397478127765357,-0.2881961383443138,,2.6554332093304622,-0.22712597388801253
2024-02-25,San Pedro Bay,28.35447248071432,34.12274541333318,-0.10742515325546265,-0.02868739888072014,12.512589484453201,0.18124852,5.54955530166626,-3.111020524459641,-1.9626463694370018,,3.6783732104115514,-0.2320440085928217
2024-02-26,San Pedro Bay,28.26804406195879,34.139530593529344,-0.11169774457812309,-0.02929776906967163,13.885922476649284,0.85372263,0.0,-3.5745583664416416,-2.9144010429580027,,4.612071221728111,-0.23696204329763088
2024-02-27,San Pedro Bay,28.187475197017193,34.15478984825313,-0.11169774457812309,-0.02929776906967163,14.191107586026192,0.85369855,0.0,-3.9212141506513536,-2.9089553977521154,,4.88241148628212,-0.24188007800244002
2024-02-28,San Pedro Bay,28.068819232285023,34.1715750284493,-0.12939848005771637,-0.03418073058128357,14.343700140714645,0.9527506,0.0,-5.183621347507143,-2.147102476847994,,5.610702212773242,-0.2467981127072492
2024-02-29,San Pedro Bay,27.963347263634205,34.19141205959022,-0.11474959552288055,-0.03479110077023506,14.343700140714645,0.28933868,0.0,-3.9872776864972272,-1.8649317762047832,,4.401858003063821,-0.25171614741205833
2024-03-01,San Pedro Bay,28.073946341872215,34.20667131431401,-0.08911404758691788,-0.021973326802253723,12.512589484453201,0.98839533,0.0,-2.895738240274912,-1.3761434364937832,-0.2566341821168675,3.206098986930279,-0.2566341821168675
2024-03-02,San Pedro Bay,28.130344547331333,34.21582686714828,-0.06286812946200371,-0.015259254723787308,12.512589484453201,0.60932314,0.0,-2.4320918618231335,-0.9924651598944568,,2.626796131783098,-0.23164545807532227
2024-03-03,San Pedro Bay,28.18674275279045,34.220404643565416,-0.06103701889514923,-0.0048829615116119385,12.359996929764748,0.3010554,0.0,-3.134847321520737,0.3509460368514244,,3.1544303526987973,-0.20665673403377705
2024-03-04,San Pedro Bay,28.211645856499672,34.22803427092731,-0.07629627361893654,-0.014648884534835815,12.817774593830109,0.49917805,0.0,-3.493798838584532,0.22185724723006697,,3.500835752023098,-0.1816680099922318
2024-03-05,San Pedro Bay,28.30832849442959,34.24176760017872,-0.09033478796482086,-0.009155552834272385,12.512589484453201,0.6319042,0.0,-2.861612779887766,0.637640943218678,,2.931793593431467,-0.15667928595068656
2024-03-06,San Pedro Bay,28.478987999260426,34.25550092943013,-0.11047700420022011,-0.01037629321217537,12.05481182038784,0.6337727,0.0,-2.601057541987006,0.5170574648205483,-0.13169056190914133,2.651951877137694,-0.13169056190914133
2024-03-07,San Pedro Bay,28.484115108847618,34.269234258681536,-0.1110873743891716,-0.02136295661330223,12.665182039141655,0.53472805,0.0,-2.9000195818347203,-0.48375368437251315,,2.9400903391169475,-0.12887272039711883
2024-03-08,San Pedro Bay,28.631336398422718,34.2860194388777,-0.10376293212175369,-0.02685628831386566,12.207404375076294,0.9711157,0.0,-2.484987548569416,-1.4467996910507535,,2.8754812575583917,-0.12605487888509634
2024-03-09,San Pedro Bay,28.4855799973011,34.29212314076722,-0.09277626872062683,-0.0238044373691082,13.73332992196083,0.9948637,0.0,-3.3059036363015166,-2.0577571732025683,,3.8940163631369367,-0.12323703737307383
2024-03-10,San Pedro Bay,28.59471418708563,34.307382395491004,-0.09155552834272385,-0.01892147585749626,12.512589484453201,0.4301262,0.0,-3.236379771716106,-0.9073203089884775,,3.361158159009501,-0.12041919586105132
2024-03-11,San Pedro Bay,28.604968406260014,34.316537948325276,-0.09033478796482086,-0.017090365290641785,12.665182039141655,0.51850945,0.0,-3.40244737191898,-0.32674699878446306,-0.11760135434902882,3.4181006011954986,-0.11760135434902882
2024-03-12,San Pedro Bay,28.667958609759808,34.319589799270034,-0.09704886004328728,-0.022583696991205215,12.512589484453201,0.41423494,0.0,-3.0513815187256785,-0.9313434657217442,,3.190349483044643,-0.11630518604005191
2024-03-13,San Pedro Bay,28.688467048108578,34.331797203049064,-0.10193182155489922,-0.02624591812491417,12.817774593830109,0.32987946,0.0,-3.532609269677254,-1.7418776467364547,,3.9387137479651644,-0.115009017731075
2024-03-14,San Pedro Bay,28.74633014202118,34.342478681355715,-0.10254219174385071,-0.019531846046447754,12.665182039141655,0.66849905,0.0,-3.478564040346157,-0.5480729135758626,,3.521475784580226,-0.11371284942209808
2024-03-15,San Pedro Bay,28.73900569975376,34.3363749794662,-0.10864589363336563,-0.025635547935962677,12.970367148518562,0.30447546,0.0,-3.667782170376689,-0.9704153138491105,,3.7939862849891806,-0.11241668111312117
2024-03-16,San Pedro Bay,28.765373691916466,34.340952755883336,-0.10742515325546265,-0.02685628831386566,12.665182039141655,0.27774587,0.0,-2.7874887045491366,-1.5299737812691285,-0.11112051280414426,3.1797661941344018,-0.11112051280414426
2024-03-17,San Pedro Bay,28.843745224177837,34.35010830871761,-0.09949034079909325,-0.021973326802253723,12.359996929764748,0.4367474,0.0,-2.1727097724334987,-1.2053645970260982,,2.4846672950300435,-0.12042127689336506
2024-03-18,San Pedro Bay,28.788811907172203,34.35010830871761,-0.08789330720901489,-0.01831110566854477,12.665182039141655,0.43283144,0.0,-2.214024479148072,-0.9324628937456799,,2.402372044975436,-0.12972204098258586
2024-03-19,San Pedro Bay,28.826166562736034,34.35010830871761,-0.08606219664216042,-0.02136295661330223,12.359996929764748,0.21095271,0.0,-2.119696399914334,-1.0786282995440517,,2.3783506546317095,-0.13902280507180667
2024-03-20,San Pedro Bay,28.78807946294546,34.34705645777285,-0.08117923513054848,-0.024414807558059692,12.817774593830109,0.23604323,0.0,-2.665422324424027,-2.3653372046457823,,3.5636071976607506,-0.14832356916102746
2024-03-21,San Pedro Bay,28.665761277079582,34.34553053230047,-0.07568590342998505,-0.017090365290641785,13.73332992196083,0.45205724,0.0,-2.9629540479343475,-1.566954873130688,-0.15762433325024827,3.351782251966638,-0.15762433325024827
2024-03-22,San Pedro Bay,28.68114260584116,34.353160159662366,-0.08362071588635445,-0.012207403779029846,12.817774593830109,0.21301788,0.0,-3.739490827998387,0.2692878493900149,,3.74917425555457,-0.13800830759057778
2024-03-23,San Pedro Bay,28.700918599963188,34.35010830871761,-0.10132145136594772,-0.023194067180156708,12.817774593830109,0.2518449,0.0,-4.24197775468549,-0.35509515888715104,,4.256814283371034,-0.11839228193090731
2024-03-24,San Pedro Bay,28.66136661171913,34.330271277576685,-0.11535996571183205,-0.031128879636526108,12.817774593830109,0.1523723,0.0,-3.9195610117190682,-1.3276008874329916,,4.138294653707137,-0.09877625627123682
2024-03-25,San Pedro Bay,28.548570200800896,34.29822684265673,-0.09460737928748131,-0.02136295661330223,12.817774593830109,0.16564538,42.604736328125,-2.828443033299358,-0.8061891583956129,,2.9410934959185333,-0.07916023061156634
2024-03-26,San Pedro Bay,28.80419323593378,34.28907128982246,-0.10071108117699623,-0.009765923023223877,10.986663937568665,0.38949248,0.0,-2.519211749587125,0.016293833599839665,-0.05954420495189586,2.5192644419098214,-0.05954420495189586
2024-03-27,San Pedro Bay,28.89867854118347,34.2646564822644,-0.12512588873505592,-0.023194067180156708,10.83407138288021,1.3011079,0.0,-2.6392615145425533,-0.32967539719141303,,2.6597720221212136,-0.06280483309229633
2024-03-28,San Pedro Bay,28.948484748601913,34.258552780374885,-0.1263466291129589,-0.014648884534835815,11.749626711010933,0.5229177,20.583328247070312,-2.908942982687667,0.8454690673934112,,3.0293179464108593,-0.06606546123269681
2024-03-29,San Pedro Bay,29.12280647456646,34.258552780374885,-0.1263466291129589,-0.023194067180156708,11.902219265699387,0.5749413,0.0,-3.170143849423836,0.11067786922722639,,3.172075285483694,-0.06932608937309728
2024-03-30,San Pedro Bay,29.088381595909595,34.27228610962629,-0.10742515325546265,-0.015259254723787308,12.359996929764748,0.9021166,0.0,-3.0473639834786947,0.24732986940706922,,3.0573843906359004,-0.07258671751349777
2024-03-31,San Pedro Bay,29.163823351264,34.27686388604343,-0.10193182155489922,-0.014038514345884323,12.207404375076294,1.2655728,0.0,-3.20877499955878,0.42695983936237303,-0.07584734565389824,3.237056023954759,-0.07584734565389824
2024-04-01,San Pedro Bay,29.28247931599617,34.28449351340532,-0.09704886004328728,-0.010986663401126862,12.359996929764748,1.4892383,0.0,-3.3996620657144145,0.2308787501121217,,3.4074927965163675,-0.06586078733857058
2024-04-02,San Pedro Bay,29.2707602083683,34.28754536435008,-0.09582811966538429,-0.01831110566854477,12.665182039141655,0.18583809,0.0,-3.4955856335527087,-0.20369092666026706,,3.501515231311126,-0.05587422902324292
2024-04-03,San Pedro Bay,29.391613505780697,34.29822684265673,-0.09765923023223877,-0.014648884534835815,12.05481182038784,0.42332727,0.0,-3.135599740854723,0.0596571933971319,,3.1361672014693713,-0.04588767070791526
2024-04-04,San Pedro Bay,29.451673932373524,34.30433054454625,-0.10498367249965668,-0.016479995101690292,12.359996929764748,0.697821,0.0,-3.55971705015862,-0.10728003914146692,,3.561333245287245,-0.0359011123925876
2024-04-05,San Pedro Bay,29.478041924536228,34.31196017190814,-0.10742515325546265,-0.017090365290641785,12.665182039141655,0.32267356,0.0,-3.3600693686338947,0.08730716457097877,-0.025914554077259937,3.36120346052083,-0.025914554077259937
2024-04-06,San Pedro Bay,29.517593912780285,34.319589799270034,-0.119022186845541,-0.017700735479593277,12.665182039141655,0.5263027,0.0,-3.632671049741951,0.18569413611680294,,3.6374140907822765,-0.03575587069505044
2024-04-07,San Pedro Bay,29.51539658010006,34.32569350115955,-0.11230811476707458,-0.020142216235399246,12.817774593830109,0.8162659,0.0,-2.7331588452553484,-0.05297684725550391,,2.733672222440482,-0.045597187312840945
2024-04-08,San Pedro Bay,29.285409092903137,34.13190096616745,-0.1269569993019104,-0.02868739888072014,11.444441601634026,0.8098009,0.0,-2.4711075628725174,-0.6113124592776835,,2.545599243823325,-0.05543850393063145
2024-04-09,San Pedro Bay,29.48243658989668,34.26770833320916,-0.12268440797924995,-0.0238044373691082,12.05481182038784,0.8949897,0.0,-2.7975262220556893,-0.5596108455690804,,2.8529488711800846,-0.06527982054842195
2024-04-10,San Pedro Bay,29.529313020408154,34.26313055679202,-0.10986663401126862,-0.020142216235399246,12.05481182038784,1.0952142,0.0,-2.7031831629537293,-0.702587365922537,-0.07512113716621245,2.7929962798454455,-0.07512113716621245
2024-04-11,San Pedro Bay,29.563005454838276,34.26770833320916,-0.09338663890957832,-0.021973326802253723,11.902219265699387,1.0415841,5.788646221160889,-2.5847396078753357,-0.36846725210716214,,2.6108709191369357,-0.07576099973357886
2024-04-12,San Pedro Bay,29.682393863797188,34.27228610962629,-0.08362071588635445,-0.006714072078466415,12.05481182038784,0.3042645,1.5821382999420166,-2.272810781039152,0.09733058832458996,,2.274893863421195,-0.07640086230094525
2024-04-13,San Pedro Bay,29.676534309983253,34.27686388604343,-0.08178960531949997,-0.012207403779029846,12.207404375076294,0.22666033,4.1329522132873535,-3.0644589662946644,0.039335822591687525,,3.0647114159481195,-0.07704072486831166
2024-04-14,San Pedro Bay,29.751976065337658,34.27991573698819,-0.08117923513054848,-0.01037629321217537,12.207404375076294,0.263248,4.182467460632324,-2.893763071938504,0.20358655503099515,,2.9009157522934643,-0.07768058743567806
2024-04-15,San Pedro Bay,29.84353159368038,34.28907128982246,-0.07812738418579102,-0.014038514345884323,12.207404375076294,0.3853047,0.4872153699398041,-2.605264891582701,-0.5328579316968846,-0.07832045000304447,2.6591996409983407,-0.07832045000304447
2024-04-16,San Pedro Bay,29.84353159368038,34.295174991711974,-0.07385479286313057,-0.011597033590078354,12.359996929764748,0.6302077,0.0,-2.742433692234322,-0.40098765986085266,,2.771594064732904,-0.08000777849268258
2024-04-17,San Pedro Bay,29.943876452744007,34.31196017190814,-0.07385479286313057,-0.009765923023223877,12.207404375076294,1.0578008,0.0,-2.794970281914107,-0.03486032724080476,,2.7951876715523696,-0.08169510698232067
2024-04-18,San Pedro Bay,30.001007102429867,34.32111572474241,-0.07385479286313057,-0.0030518509447574615,12.207404375076294,0.535414,0.0,-2.654730136658674,0.4916591931039967,,2.6998742305239802,-0.08338243547195878
2024-04-19,San Pedro Bay,30.025910206139088,34.33790090493858,-0.08178960531949997,-0.007324442267417908,12.359996929764748,0.25248083,0.0,-2.887803453918767,0.32052844173427103,,2.905537346245228,-0.08506976396159688
2024-04-20,San Pedro Bay,30.045686200261116,34.354686085134745,-0.10071108117699623,-0.01342814415693283,12.665182039141655,0.5704197,0.0,-3.6037442045453703,0.07757519234789233,-0.08675709245123499,3.604579060342852,-0.08675709245123499
2024-04-21,San Pedro Bay,30.05081330984831,34.36841941438615,-0.1031525619328022,-0.01831110566854477,12.817774593830109,0.6608382,42.95253372192383,-3.7977960014179044,0.000677276363482699,,3.7977960618086244,-0.06763253760855623
2024-04-22,San Pedro Bay,30.134311951696873,34.37299719080329,-0.1031525619328022,-0.014648884534835815,12.207404375076294,0.6594773,15.443401336669922,-3.100142887534113,0.5748346269553098,,3.152986008766166,-0.04850798276587745
2024-04-23,San Pedro Bay,30.17752616107464,34.3867305200547,-0.09949034079909325,-0.006714072078466415,12.359996929764748,0.75501305,0.0,-3.44344434391403,1.306983213036556,,3.683139159574735,-0.02938342792319868
2024-04-24,San Pedro Bay,30.228797256946564,34.40504162572324,-0.10864589363336563,-0.012817773967981339,12.359996929764748,0.6522309,0.0,-3.5281608515097163,0.6425001062504606,,3.586185352245143,-0.010258873080519912
2024-04-25,San Pedro Bay,30.37015899270773,34.427930507808924,-0.10376293212175369,-0.009155552834272385,12.05481182038784,0.25759718,0.0,-2.613152367435976,0.6486250527434513,0.008865681762158855,2.692448654010451,0.008865681762158855
2024-04-26,San Pedro Bay,30.353312775492668,34.43403420969844,-0.10376293212175369,-0.007324442267417908,12.359996929764748,1.2436829,0.0,-3.2444055855167617,1.6475716201870148,,3.6387717497773924,-0.00023866693706779338
2024-04-27,San Pedro Bay,30.417035423219204,34.43403420969844,-0.11352885514497757,-0.008545182645320892,12.207404375076294,0.19345966,0.0,-3.4857476782314007,1.167140142626617,,3.675956064594091,-0.009343015636294442
2024-04-28,San Pedro Bay,30.42289497703314,34.450819389894605,-0.11719107627868652,-0.01831110566854477,12.665182039141655,1.0884439,0.0,-3.2969069095295507,0.3529462794751014,,3.315745202258311,-0.01844736433552109
2024-04-29,San Pedro Bay,30.466841630637646,34.45539716631174,-0.11535996571183205,-0.017700735479593277,12.207404375076294,0.18426992,0.0,-3.1549187422793508,0.12108387900658872,,3.1572414504026773,-0.027551713034747738
2024-04-30,San Pedro Bay,30.408246092498302,34.46455271914601,-0.09704886004328728,-0.008545182645320892,12.817774593830109,0.6634376,0.0,-3.163872620595024,1.3814573191326893,-0.036656061733974385,3.4523201305696003,-0.036656061733974385
2024-05-01,San Pedro Bay,30.380413211882114,34.4798119738698,-0.09460737928748131,-0.009765923023223877,13.122959703207016,0.66569144,0.0,-2.911679610912986,0.8874601387205453,,3.0439224126814217,-0.04113320189282573
2024-05-02,San Pedro Bay,30.445600748062134,34.49354530312121,-0.09582811966538429,-0.01037629321217537,12.665182039141655,0.7091868,0.0,-2.799739477373731,0.21951513307300957,,2.8083318954163863,-0.04561034205167708
2024-05-03,San Pedro Bay,30.430951863527298,34.499649005010724,-0.09399700909852982,-0.0158696249127388,12.665182039141655,0.8378561,0.0,-2.9575315819440973,-0.47584876566345685,,2.995567576600499,-0.05008748221052843
2024-05-04,San Pedro Bay,30.55107271671295,34.511856408789754,-0.08972441777586937,-0.01037629321217537,12.207404375076294,0.5712057,0.0,-2.443630677436754,-0.017010947175117218,,2.4436898862240692,-0.05456462236937978
2024-05-05,San Pedro Bay,30.60380870103836,34.51490825973451,-0.08484145626425743,-0.009155552834272385,12.359996929764748,0.53998816,0.0,-2.6832854455808546,0.29628432284160056,-0.05904176252823112,2.699593521704286,-0.05904176252823112
2024-05-06,San Pedro Bay,30.757621988654137,34.51796011067927,-0.0872829370200634,-0.009765923023223877,12.207404375076294,0.48886195,0.0,-2.3366356343178962,0.020185695404137612,,2.33672282264353,-0.059944413838715335
2024-05-07,San Pedro Bay,30.762016654014587,34.51643418520689,-0.08545182645320892,-0.011597033590078354,12.05481182038784,0.23160167,0.0,-1.905912990356583,-0.19331849945389729,,1.915692138377427,-0.060847065149199554
2024-05-08,San Pedro Bay,30.872615732252598,34.51490825973451,-0.08362071588635445,-0.0030518509447574615,11.902219265699387,0.34689617,0.0,-1.8333867538748252,0.19051311265412482,,1.8432585915646322,-0.061749716459683766
2024-05-09,San Pedro Bay,30.818414859473705,34.521011961624026,-0.09949034079909325,-0.005493331700563431,12.359996929764748,0.41240743,0.0,-2.659227034439117,0.5904228164546655,,2.7239837596582914,-0.06265236777016799
2024-05-10,San Pedro Bay,30.887997061014175,34.52558973804116,-0.11963255703449249,-0.0079348124563694,12.359996929764748,0.49279073,0.0,-3.024988968377555,0.4353675255199735,-0.0635550190806522,3.056158232337339,-0.0635550190806522
2024-05-11,San Pedro Bay,30.896786391735077,34.51948603615165,-0.14893032610416412,-0.02136295661330223,11.902219265699387,0.8566161,16.36411476135254,-2.9195193711302365,0.3231325382917589,,2.937347101673135,-0.06599405549994286
2024-05-12,San Pedro Bay,30.782525092363358,34.508804557845,-0.1513718068599701,-0.020142216235399246,12.817774593830109,0.35534188,0.0,-2.8414381767347234,0.8977807184759138,,2.9798961610553945,-0.06843309191923354
2024-05-13,San Pedro Bay,30.880672618746758,34.51643418520689,-0.16541032120585442,-0.014038514345884323,12.207404375076294,0.44876292,0.0,-2.6508606808952524,0.874419116525431,,2.791356505511533,-0.0708721283385242
2024-05-14,San Pedro Bay,30.98394725471735,34.522537887096405,-0.17822809517383575,-0.016479995101690292,12.207404375076294,0.29927513,0.0,-2.7015124219357167,0.7011530777501528,,2.7910186320251418,-0.07331116475781488
2024-05-15,San Pedro Bay,30.93121127039194,34.521011961624026,-0.1825006864964962,-0.02136295661330223,12.512589484453201,1.0359741,0.0,-2.8179186558169214,0.6985930168073663,-0.07575020117710554,2.9032219608450647,-0.07575020117710554
2024-05-16,San Pedro Bay,30.998596139252186,34.51796011067927,-0.16235847026109695,-0.014648884534835815,12.512589484453201,0.38256818,0.7227184176445007,-2.673803641358877,0.7992319014224166,,2.7906983973183634,-0.07106753884671814
2024-05-17,San Pedro Bay,31.006653025746346,34.508804557845,-0.13306070119142532,-0.009155552834272385,12.665182039141655,0.6188441,0.20260971784591675,-2.685556001067596,1.1287253600760432,,2.913113793408862,-0.06638487651633074
2024-05-18,San Pedro Bay,31.091616556048393,34.49659715406597,-0.11719107627868652,-0.0024414807558059692,12.359996929764748,0.2845972,0.8877482414245605,-2.483322055886634,1.185725438507182,,2.751878131163527,-0.06170221418594333
2024-05-19,San Pedro Bay,31.11139255017042,34.48133789934218,-0.10254219174385071,-0.001831110566854477,12.512589484453201,0.89800054,1.583357334136963,-2.417613773837344,1.1647250524964015,,2.6835500381697357,-0.057019551855555926
2024-05-20,San Pedro Bay,31.177312530577183,34.46607864461839,-0.09460737928748131,-0.001831110566854477,12.359996929764748,0.44877425,1.9202687740325928,-2.861569464668564,1.0145374947931995,-0.052336889525168524,3.0360938933874873,-0.052336889525168524
2024-05-21,San Pedro Bay,31.19196141511202,34.45234531536698,-0.08423108607530594,-0.004272591322660446,12.665182039141655,0.15616757,0.0,-2.737376358660809,0.7844977819711945,,2.8475719655300784,-0.048944134609579436
2024-05-22,San Pedro Bay,31.26960050314665,34.44166383706033,-0.08056886494159698,-0.006103701889514923,12.512589484453201,0.2469442,0.0,-2.6333463956713006,0.29381351405733097,,2.649686702355157,-0.04555137969399035
2024-05-23,San Pedro Bay,31.329660929739475,34.427930507808924,-0.07751701399683952,-0.009155552834272385,12.207404375076294,1.4098109,0.0,-2.436692912986448,0.05417979200973173,,2.437295181561027,-0.04215862477840125
2024-05-24,San Pedro Bay,30.91436505317688,34.25244907848537,-0.06286812946200371,-0.028077028691768646,11.749626711010933,1.4098109,79.55604553222656,-1.1728347054743062,-1.1833300817580452,,1.6660766275170253,-0.03876586986281216
2024-05-25,San Pedro Bay,30.964903704822063,34.26007870584726,-0.03418073058128357,0.014038514345884323,12.817774593830109,0.4076395,0.0,-1.7229953673400815,2.910675823818778,,3.3824172993938086,-0.035373114947223075
2024-05-26,San Pedro Bay,31.107730329036713,34.25550092943013,-0.04516739398241043,0.017700735479593277,12.05481182038784,0.4030063,8.299203872680664,-1.3828286489861497,2.436068516597423,,2.801186336182231,-0.031980360031633986
2024-05-27,San Pedro Bay,31.224188961088657,34.235663898289204,-0.02929776906967163,0.025025177747011185,11.902219265699387,0.48490316,0.0,-0.9292386261720014,2.1300790371093634,,2.3239451647366343,-0.028587605116044894
2024-05-28,San Pedro Bay,31.231513403356075,34.124271338805556,-0.0012207403779029846,0.03418073058128357,11.139256492257118,1.3520964,4.149601936340332,-0.6987009651969307,1.7482692360506924,,1.8827183433770422,-0.025194850200455806
2024-05-29,San Pedro Bay,31.365550696849823,34.20056761242449,-0.0024414807558059692,0.024414807558059692,11.749626711010933,0.4318059,0.0,-1.3366033504937562,1.372590393883968,,1.915858268748939,-0.021802095284866718
2024-05-30,San Pedro Bay,31.320139154791832,34.20667131431401,-0.039674062281847,0.01037629321217537,12.512589484453201,0.39830077,0.0,-2.8632848603069028,1.6652511540008104,-0.01840934036927763,3.3123196701350777,-0.01840934036927763
2024-05-31,San Pedro Bay,31.361888475716114,34.21277501620352,-0.04943998530507088,-0.0006103701889514923,12.665182039141655,0.4080535,0.0,-2.9193665495423486,1.3780011646920813,,3.228248481836479,-0.02601570250778349
2024-06-01,San Pedro Bay,31.45417644828558,34.220404643565416,-0.06897183135151863,-0.0048829615116119385,12.512589484453201,1.0123199,0.0,-2.6940600695029913,0.6834035587670813,,2.7793884367295574,-0.03362206464628935
2024-06-02,San Pedro Bay,31.624103508889675,34.23108612187207,-0.06775109097361565,0.0024414807558059692,11.902219265699387,0.38361025,0.0,-1.6910303391102208,0.9674994768516241,,1.9482399353004225,-0.041228426784795213
2024-06-03,San Pedro Bay,31.90829186886549,34.22650834545493,-0.016479995101690292,-0.010986663401126862,10.528886273503304,1.5566655,0.0,0.08516779494795615,0.6679579164265118,,0.6733656743650838,-0.04883478892330107
2024-06-04,San Pedro Bay,31.93246252834797,34.19446391053498,-0.010986663401126862,-0.04028443247079849,10.528886273503304,0.6291948,0.0,0.4630295631545878,0.33731139319662595,,0.5728659113050603,-0.05644115106180693
2024-06-05,San Pedro Bay,31.783776350319386,33.9274269528687,-0.0952177494764328,-0.03662221133708954,10.528886273503304,0.892988,0.0,-0.3545972958914736,0.5850200594967664,,0.6840962741216658,-0.0640475132003128
2024-06-06,San Pedro Bay,31.575029745697975,33.77483440563083,-0.0714133121073246,-0.017700735479593277,10.528886273503304,0.82891995,13.494865417480469,-0.05202205277916707,1.0242273923268945,,1.025547680592233,-0.07165387533881866
2024-06-07,San Pedro Bay,31.35676136612892,33.92590102739632,-0.09338663890957832,-0.0079348124563694,10.528886273503304,1.4088506,0.0,-0.97021157148303,1.24408962574374,,1.5776785129812632,-0.07926023747732451
2024-06-08,San Pedro Bay,31.410229794681072,34.052552841603756,-0.09949034079909325,0.001831110566854477,10.528886273503304,1.7260915,0.0,-1.6395419863756386,1.6405672603541244,,2.3193876046996573,-0.08686659961583038
2024-06-09,San Pedro Bay,31.44978178292513,34.076967649161816,-0.10681478306651115,-0.016479995101690292,10.528886273503304,1.3903414,6.747432708740234,-1.6076267966766835,0.5582788292323764,-0.09447296175433624,1.7018046799095388,-0.09447296175433624
2024-06-10,San Pedro Bay,31.375072471797466,34.090700978413224,-0.09826960042119026,-0.043336283415555954,10.528886273503304,1.3903337,26.989730834960938,-1.2874378095960706,0.14620224585856217,,1.295712626422856,-0.08439541559053415
2024-06-11,San Pedro Bay,31.53547775745392,34.09375282935798,-0.10071108117699623,-0.046388134360313416,10.528886273503304,0.4060861,1.296796441078186,-0.7854333365071695,0.30797926051955055,,0.8436567732241316,-0.07431786942673205
2024-06-12,San Pedro Bay,31.557451084256172,34.127323189750314,-0.11230811476707458,-0.017700735479593277,10.528886273503304,0.26078454,1.6071189641952515,-1.6302274080828905,1.2386667967569012,,2.0474219974037258,-0.06424032326292996
2024-06-13,San Pedro Bay,31.378002248704433,34.14716022089124,-0.10071108117699623,-0.01037629321217537,11.59703415632248,0.5616593,3.059316396713257,-1.706025977980752,1.1441474519539245,,2.0541660179639427,-0.05416277709912787
2024-06-14,San Pedro Bay,31.45857111364603,34.1715750284493,-0.10437330231070518,-0.012207403779029846,12.05481182038784,0.7071495,2.5079612731933594,-0.8168123894412359,0.9686839606037314,-0.04408523093532577,1.2670955351020825,-0.04408523093532577
2024-06-15,San Pedro Bay,31.65047150105238,34.19446391053498,-0.09887997061014175,-0.007324442267417908,11.59703415632248,1.1994301,1.76273775100708,-0.9407912261344413,1.003672988677358,,1.375662603755763,-0.04777967368319961
2024-06-16,San Pedro Bay,31.602862626314163,34.124271338805556,-0.13000885024666786,-0.027466658502817154,10.528886273503304,1.1994299,13.750289916992188,-0.8391956400339143,0.3940467426291965,,0.927104178411796,-0.051474116431073455
2024-06-17,San Pedro Bay,31.325266264379025,34.127323189750314,-0.10254219174385071,-0.019531846046447754,11.59703415632248,1.851603,6.875144958496094,-1.3736732082735175,1.2364361713292453,,1.8481754486248814,-0.05516855917894729
2024-06-18,San Pedro Bay,31.490066215395927,34.1639454010874,-0.09765923023223877,-0.0012207403779029846,11.59703415632248,1.8516064,6.875144958496094,-1.1389136970718223,0.9676823876568703,,1.4945011250444438,-0.05886300192682113
2024-06-19,San Pedro Bay,31.346507146954536,34.1425824444741,-0.09643848985433578,-0.0079348124563694,12.512589484453201,1.8495274,20.62543487548828,-1.241973318858797,0.9118143788188711,,1.5407476062541776,-0.06255744467469497
2024-06-20,San Pedro Bay,31.299630716443062,34.127323189750314,-0.07263405248522758,0.0030518509447574615,12.359996929764748,1.0234783,15.714618682861328,-0.8190902107653614,1.6333486501551107,,1.8272210009561423,-0.06625188742256881
2024-06-21,San Pedro Bay,31.300363160669804,34.14105651900172,-0.08117923513054848,0.005493331700563431,12.359996929764748,1.1030002,0.0,-0.7141372573810727,1.622845229885264,,1.7730252853642883,-0.06994633017044266
2024-06-22,San Pedro Bay,31.452711559832096,34.1425824444741,-0.12207403779029846,-0.01037629321217537,11.902219265699387,1.1224446,0.0,-1.5511641614097138,0.5496302503048565,,1.645662075789583,-0.0736407729183165
2024-06-23,San Pedro Bay,31.459303557872772,34.125797264277935,-0.12207403779029846,-0.014648884534835815,12.05481182038784,0.20997213,14.073305130004883,-1.3007108261509601,0.5172037973144339,,1.399767273950489,-0.07733521566619034
2024-06-24,San Pedro Bay,31.257148951292038,34.08001950010657,-0.11658070608973503,-0.02929776906967163,12.359996929764748,0.8485149,28.146610260009766,-2.6801892659610314,0.5093270962155729,,2.728154796251877,-0.08102965841406418
2024-06-25,San Pedro Bay,31.109927661716938,34.064760245382786,-0.09277626872062683,-0.01892147585749626,13.428144812583923,0.8296644,14.073305130004883,-2.910301386990274,0.3711901792067314,,2.933877351263518,-0.08472410116193801
2024-06-26,San Pedro Bay,30.892391726374626,33.99609359912574,-0.10803552344441414,-0.017700735479593277,13.580737367272377,1.1332086,25.660741806030273,-3.8577697492923257,0.7858826443962534,,3.9370038061091868,-0.08841854390981185
2024-06-27,San Pedro Bay,30.736381106078625,33.982360269874334,-0.09338663890957832,-0.017700735479593277,13.73332992196083,1.2666045,12.830370903015137,-2.932052146299714,0.9933043335342938,,3.095736307833528,-0.09211298665768569
2024-06-28,San Pedro Bay,30.949522376060486,33.993041748180985,-0.08545182645320892,-0.0048829615116119385,11.902219265699387,1.3149844,0.0,-1.95473331668944,0.1054786687355514,,1.9575770965491814,-0.09580742940555953
2024-06-29,San Pedro Bay,30.839655742049217,33.98388619534671,-0.0555436871945858,-0.01342814415693283,12.359996929764748,1.3135066,12.830370903015137,-1.502231474356649,-0.448147120235124,,1.5676527816843837,-0.09950187215343337
2024-06-30,San Pedro Bay,30.87774284183979,33.96557508967817,-0.05005035549402237,0.009765923023223877,12.05481182038784,0.48625547,0.0,-1.2972911311992867,0.5271912411795808,,1.4003195649082363,-0.1031963149013072
2024-07-01,San Pedro Bay,30.990539252758026,33.94268620759249,-0.043336283415555954,0.009765923023223877,11.749626711010933,0.5579048,16.495121002197266,-1.5569833614895843,1.2250678190782978,,1.981158335241447,-0.10689075764918105
2024-07-02,San Pedro Bay,30.68584245443344,33.945738058537245,-0.03662221133708954,0.0,13.580737367272377,0.38231832,5.498373031616211,-1.101681437379627,0.9787633072991222,,1.4736619697820654,-0.11058520039705488
2024-07-03,San Pedro Bay,30.874813064932823,33.919797325506806,-0.06958220154047012,-0.022583696991205215,10.528886273503304,0.3454391,0.0,-0.8571957454862039,-0.20859018026799497,,0.8822099576540063,-0.11427964314492872
2024-07-04,San Pedro Bay,30.633106470108032,33.739738119766116,-0.07019257172942162,-0.03723258152604103,10.528886273503304,0.42456332,27.491865158081055,-0.5883219127931676,0.0712675324133101,,0.5926227588009877,-0.11797408589280256
2024-07-05,San Pedro Bay,30.769341096282005,33.860286232084036,-0.0714133121073246,0.009155552834272385,11.444441601634026,0.48451164,0.0,-2.0346030254175793,1.3930516437281282,,2.465806633361993,-0.12166852864067643
2024-07-06,San Pedro Bay,30.75542465597391,33.85876030661166,-0.08239997550845146,-0.0006103701889514923,12.207404375076294,0.4065773,21.384469985961914,-1.9004836607645725,1.273637378647656,,2.2877915807873723,-0.12536297138855027
2024-07-07,San Pedro Bay,30.893124170601368,33.86638993397355,-0.09094515815377235,-0.008545182645320892,11.59703415632248,0.86496615,0.0,-1.405685994291757,0.21224814996442085,,1.4216196367915452,-0.1290574141364241
2024-07-08,San Pedro Bay,30.978087700903416,33.72600479051471,-0.04211554303765297,-0.04455702379345894,10.528886273503304,1.5519413,21.384469985961914,-0.02700638829481445,-0.06857782514278947,,0.07370388802529551,-0.13275185688429794
2024-07-09,San Pedro Bay,31.035218350589275,33.67259739898145,-0.07690664380788803,-0.017700735479593277,10.528886273503304,1.2329509,0.0,-0.5210447445935197,0.7062299354430562,,0.8776379365002572,-0.13644629963217178
2024-07-10,San Pedro Bay,31.210272520780563,33.70769368484616,-0.07080294191837311,-0.029908139258623123,10.528886273503304,0.75680715,7.128156661987305,-0.43679258347947175,0.6177009500978136,,0.756533029506586,-0.14014074238004562
2024-07-11,San Pedro Bay,31.06158634275198,33.73668626882136,-0.08606219664216042,-0.009155552834272385,10.528886273503304,0.4022436,4.651697158813477,-0.8370414956041231,0.41378139358410365,,0.9337309607374011,-0.14383518512791946
2024-07-12,San Pedro Bay,31.039613015949726,33.74736774712801,-0.07629627361893654,-0.025635547935962677,10.528886273503304,0.54600215,9.303394317626953,-1.0706094721230666,0.4823207885068383,,1.1742393217847413,-0.1475296278757933
2024-07-13,San Pedro Bay,31.145084984600544,33.802301064133644,-0.07324442267417908,-0.005493331700563431,10.528886273503304,0.8189661,4.651697158813477,-1.1599346724035917,1.1101116933161963,,1.6055517481169457,-0.15122407062366713
2024-07-14,San Pedro Bay,31.156804092228413,33.729056641459465,-0.062257759273052216,-0.01892147585749626,10.528886273503304,0.8189663,13.95509147644043,-1.073585189772849,0.4902347522315952,,1.1802183153955788,-0.15491851337154097
2024-07-15,San Pedro Bay,30.962706372141838,33.78246403299272,-0.05737479776144028,-0.029908139258623123,10.528886273503304,0.8390246,4.651697158813477,-1.1003359610122188,0.3004906733183366,,1.1406287177903205,-0.1586129561194148
2024-07-16,San Pedro Bay,30.72173222154379,33.69701220653951,-0.06714072078466415,-0.059205908328294754,10.528886273503304,0.8828383,44.460750579833984,-0.7700529830551628,-0.7130801253574908,,1.0495069613356596,-0.16230739886728865
2024-07-17,San Pedro Bay,30.441938526928425,33.1812493968755,-0.03357036039233208,-0.06836146116256714,10.528886273503304,0.54178834,22.230375289916992,0.377825179852605,-0.6720562717189646,,0.770980868042423,-0.1660018416151625
2024-07-18,San Pedro Bay,30.385540321469307,33.33994564600289,0.051271095871925354,0.008545182645320892,10.528886273503304,0.52007294,22.230375289916992,0.5522362254093685,1.6737763979346698,,1.7625244052033846,-0.16969628436303633
2024-07-19,San Pedro Bay,30.442670971155167,33.5688344668597,-0.014038514345884323,-0.04821924492716789,10.528886273503304,0.50333,0.0,1.5974261965196779,0.3904999500947707,,1.6444636403251192,-0.17339072711091016
2024-07-20,San Pedro Bay,30.618457585573196,33.75652329996228,-0.012207403779029846,-0.0238044373691082,10.528886273503304,0.41445887,0.0,1.8708465585519762,0.7603435443958642,,2.0194526860390263,-0.177085169858784
2024-07-21,San Pedro Bay,30.77153842896223,33.94726398400962,0.06653035059571266,0.009765923023223877,11.291849046945572,0.23579688,7.3885369300842285,2.4138957458865966,1.4550492797152743,,2.8185210800008837,-0.18077961260665784
2024-07-22,San Pedro Bay,30.794244199991226,34.0922269038856,0.04577776417136192,0.024414807558059692,13.428144812583923,0.24278025,7.3885369300842285,2.3872830140621457,2.483971718486804,,3.4451757121331172,-0.18447405535453168
2024-07-23,San Pedro Bay,30.63969846814871,34.09375282935798,0.014648884534835815,0.0238044373691082,14.343700140714645,0.22998203,4.9256911277771,1.5184605500738988,3.033987594034524,,3.3927574571263013,-0.18816849810240552
2024-07-24,San Pedro Bay,30.606006033718586,34.09680468030274,0.02929776906967163,0.02685628831386566,13.122959703207016,0.35351527,4.9256911277771,1.1147546901459082,2.5291017143290064,,2.7638801530862764,-0.19186294085027936
2024-07-25,San Pedro Bay,30.59062470495701,34.09833060577512,0.006103701889514923,0.021973326802253723,13.122959703207016,0.36032084,2.46284556388855,-0.2882493215725513,2.2758078297460878,,2.293989744815925,-0.19555738359815322
2024-07-26,San Pedro Bay,30.97149570286274,34.0998565312475,-0.031128879636526108,0.022583696991205215,10.986663937568665,0.33889654,0.0,-0.9200427403188838,1.0625461773001066,,1.4055187735880836,-0.19925182634602706
2024-07-27,San Pedro Bay,30.75835443288088,33.97625656798482,-0.0238044373691082,-0.017090365290641785,10.528886273503304,0.33323142,21.334896087646484,0.3496041336125258,0.01778104071727974,,0.35005601787136065,-0.2029462690939009
2024-07-28,San Pedro Bay,30.68877223134041,34.04644913971424,0.005493331700563431,-0.023194067180156708,10.528886273503304,0.45433646,10.667448043823242,1.0375342692150265,0.47973663827916463,,1.1430768136494385,-0.20664071184177474
2024-07-29,San Pedro Bay,31.15607164800167,33.97930841892958,-0.06042664870619774,-0.02624591812491417,10.528886273503304,1.6179061,12.191370010375977,-0.36270974372284204,0.6671114575271536,-0.21033515458964858,0.7593392225846713,-0.21033515458964858
2024-07-30,San Pedro Bay,31.128971211612225,33.94116028212011,-0.09277626872062683,-0.04211554303765297,10.528886273503304,1.2895108,10.667448043823242,-0.21281161599778542,0.17971941615360543,,0.2785459611019009,-0.20217547128255062
2024-07-31,San Pedro Bay,31.208075188100338,33.7626270018518,-0.12085329741239548,-0.046388134360313416,10.528886273503304,1.4910644,0.0,0.2779695936698568,-0.08980606410572708,,0.29211679882394176,-0.19401578797545269
2024-08-01,San Pedro Bay,31.182439640164375,33.764152927324176,-0.06286812946200371,-0.07446516305208206,10.528886273503304,0.43136814,0.0,1.0183321879994705,-0.18216184922674414,,1.034496681690906,-0.18585610466835473
2024-08-02,San Pedro Bay,31.05279701203108,33.82061216980219,-0.054322946816682816,-0.07324442267417908,10.528886273503304,0.47706679,11.676165580749512,1.2050376159164695,-0.055516306458186525,,1.2063157613396287,-0.1776964213612568
2024-08-03,San Pedro Bay,30.93414104729891,33.93047880381346,-0.040894802659749985,-0.06530961021780968,10.528886273503304,0.43389484,10.216644287109375,1.670882134273657,0.14749299635894414,,1.67737929241118,-0.16953673805415884
2024-08-04,San Pedro Bay,30.71807000041008,33.92437510192394,-0.014648884534835815,-0.028077028691768646,10.528886273503304,0.5810372,20.43328857421875,1.4414258463365826,0.8187895150790666,,1.657746886738306,-0.16137705474706088
2024-08-05,San Pedro Bay,30.797906421124935,34.04492321424186,0.014038514345884323,-0.004272591322660446,10.528886273503304,0.37221843,0.0,1.6009392848558968,0.9482382029774602,,1.86068865836841,-0.15321737143996295
2024-08-06,San Pedro Bay,30.994201473891735,34.125797264277935,0.010986663401126862,-0.0006103701889514923,10.528886273503304,0.33318788,0.0,0.9419875636038557,1.131530131873046,,1.4723114511953512,-0.14505768813286501
2024-08-07,San Pedro Bay,31.236640512943268,34.1425824444741,-0.006103701889514923,-0.0012207403779029846,10.528886273503304,0.32816154,0.0,0.5832703361306589,0.9435107944043112,,1.1092415896311436,-0.13689800482576706
2024-08-08,San Pedro Bay,31.41755423694849,34.13342689163983,-0.012207403779029846,-0.009155552834272385,10.528886273503304,0.2833641,0.0,0.6529845209877748,0.5966196147422379,,0.8845019781463522,-0.1287383215186691
2024-08-09,San Pedro Bay,31.473219998180866,34.1212194878608,-0.021973326802253723,0.001831110566854477,10.528886273503304,0.2951081,0.0,0.5094464143717304,0.8938623110153272,,1.0288466747625102,-0.12057863821157117
2024-08-10,San Pedro Bay,31.51203954219818,34.12274541333318,-0.0030518509447574615,-0.03479110077023506,10.528886273503304,0.40288746,16.27263069152832,0.9302681176676184,0.38929545798043685,,1.0084392516919658,-0.1124189549044732
2024-08-11,San Pedro Bay,31.645344391465187,34.127323189750314,-0.027466658502817154,-0.0048829615116119385,10.528886273503304,0.90001416,2.3323771953582764,0.4017839541031957,0.7216988825010099,,0.8260021929619832,-0.10425927159737526
2024-08-12,San Pedro Bay,31.76912746578455,34.102908382192254,-0.009765923023223877,-0.04699850454926491,10.528886273503304,0.83193016,0.0,0.9310594157388143,0.13089163457015407,,0.940215005004892,-0.09609958829027732
2024-08-13,San Pedro Bay,31.750816360116005,34.13342689163983,-0.048829615116119385,-0.031128879636526108,10.528886273503304,0.29491207,6.99713134765625,0.542436743992134,0.5917306804003262,,0.8027345883664294,-0.08793990498317937
2024-08-14,San Pedro Bay,31.872402101755142,34.15326392278075,-0.04699850454926491,-0.017090365290641785,10.528886273503304,0.32545722,0.0,0.04577558512276818,0.9355206963431562,,0.9366399401476084,-0.07978022167608143
2024-08-15,San Pedro Bay,31.7647328004241,34.1715750284493,-0.07812738418579102,-0.0048829615116119385,10.528886273503304,0.3671976,0.0,-0.7237880884144383,1.0706903952321862,,1.2923804081512076,-0.07162053836898347
2024-08-16,San Pedro Bay,31.807947009801865,34.18988613411784,-0.09033478796482086,-0.01037629321217537,10.528886273503304,1.078276,0.0,-1.1533785885126755,1.088423052057698,,1.5858584138220178,-0.06346085506188553
2024-08-17,San Pedro Bay,31.737632364034653,34.19598983600736,-0.09338663890957832,-0.020142216235399246,10.528886273503304,0.7029927,8.257190704345703,-1.4774446474162861,0.49523419845624517,,1.558236053202349,-0.055301171754787576
2024-08-18,San Pedro Bay,31.612384401261806,34.18378243222833,-0.08239997550845146,-0.025025177747011185,10.986663937568665,0.7055599,0.0,-1.1193633653981947,0.5890409814039519,,1.2648887783393854,-0.047141488447689645
2024-08-19,San Pedro Bay,31.66219060868025,34.21735279262066,-0.0714133121073246,-0.0030518509447574615,12.207404375076294,1.4615012,4.128595352172852,-1.3625126506518166,0.6940224017913126,,1.5290872497586334,-0.038981805140591685
2024-08-20,San Pedro Bay,31.704672373831272,34.22803427092731,-0.0714133121073246,0.001831110566854477,12.05481182038784,2.618047,0.0,-1.8621945484591382,1.214197627258061,,2.223070942266584,-0.030822121833493754
2024-08-21,San Pedro Bay,31.78597368299961,34.234137972816825,-0.06714072078466415,0.0024414807558059692,11.902219265699387,0.6035276,1.4356348514556885,-1.21773141395557,0.7072166028547954,,1.4081992472259417,-0.022662438526395795
2024-08-22,San Pedro Bay,31.889980763196945,34.24024167470634,-0.07263405248522758,-0.0158696249127388,11.749626711010933,0.3714034,6.854071617126465,-1.0218988866851508,-0.03489645113731205,,1.0224945461518753,-0.014502755219297836
2024-08-23,San Pedro Bay,31.780114129185677,34.1715750284493,0.0030518509447574615,-0.02868739888072014,10.681478828191757,1.1907089,7.881559371948242,0.4490591558654369,0.2607638714637052,-0.006343071912199909,0.5192801961632261,-0.006343071912199909
2024-08-24,San Pedro Bay,31.714194148778915,34.162419475615025,0.012817773967981339,-0.0238044373691082,10.83407138288021,0.4647911,9.32803726196289,1.1846482144088035,0.10336836084355361,,1.1891494481037486,-0.006971991009475367
2024-08-25,San Pedro Bay,31.57356485724449,34.15326392278075,0.0030518509447574615,-0.02868739888072014,10.986663937568665,0.934593,7.009284496307373,1.357217816487315,0.22391210467509542,,1.3755641868014106,-0.007600910106750824
2024-08-26,San Pedro Bay,31.396313354372978,34.22650834545493,0.009765923023223877,0.001831110566854477,13.27555225789547,0.31135535,2.883521795272827,1.3091252682753622,0.6067543009178743,,1.4428997711966614,-0.008229829204026283
2024-08-27,San Pedro Bay,31.37726980447769,34.23718982376158,0.0079348124563694,0.005493331700563431,12.665182039141655,0.34330347,1.8439356088638306,1.5135225675873303,1.1017682027939941,,1.8720693724549988,-0.00885874830130174
2024-08-28,San Pedro Bay,31.353099144995213,34.25244907848537,0.02624591812491417,0.011597033590078354,12.665182039141655,0.31574,1.8772075176239014,1.2706338693088346,0.946604202500921,,1.5844778149368786,-0.009487667398577197
2024-08-29,San Pedro Bay,31.40876490622759,34.26160463131964,-0.007324442267417908,0.020142216235399246,12.512589484453201,0.31746095,3.5852224826812744,0.4412837443789772,1.4745299526694375,,1.5391458424634308,-0.010116586495852654
2024-08-30,San Pedro Bay,31.58088929951191,34.22498241998255,0.007324442267417908,-0.001831110566854477,11.291849046945572,0.65392745,5.756989002227783,0.6020965993037263,0.12141375886232575,,0.6142162613723207,-0.010745505593128112
2024-08-31,San Pedro Bay,31.378734692931175,34.18836020864546,0.03357036039233208,-0.014038514345884323,11.59703415632248,1.4173213,35.65663528442383,1.8009119829015787,-1.2616450150870864,,2.198870645184157,-0.01137442469040357
2024-09-01,San Pedro Bay,30.945127710700035,34.115115785971284,0.06286812946200371,0.031128879636526108,13.122959703207016,1.4322511,35.32381820678711,2.591148642627078,1.9851254454921656,,3.2641651800312768,-0.01200334378767903
2024-09-02,San Pedro Bay,30.93853571265936,34.16852317750454,-0.009155552834272385,0.016479995101690292,13.27555225789547,1.4335824,11.774605751037598,0.5560663151136258,2.111418198114895,,2.183413967651301,-0.012632262884954486
2024-09-03,San Pedro Bay,31.18903163820505,34.17920465581119,-0.006103701889514923,0.023194067180156708,12.05481182038784,2.4996214,0.0,0.6482835575495108,1.8518335230500973,,1.9620292984767544,-0.013261181982229944
2024-09-04,San Pedro Bay,31.276924945414066,34.186834283173084,0.04272591322660446,0.023194067180156708,12.207404375076294,0.9539182,11.774605751037598,1.4236825943482665,1.5990596980841418,,2.140996040978861,-0.0138901010795054
2024-09-05,San Pedro Bay,31.320139154791832,34.20514538884163,0.02868739888072014,0.025025177747011185,12.359996929764748,0.41393545,0.0,0.7126454122730166,1.8183143510590472,,1.9529799187142354,-0.014519020176780858
2024-09-06,San Pedro Bay,31.455641336739063,34.21582686714828,-0.05005035549402237,0.01831110566854477,12.05481182038784,1.0736516,0.0,-0.8871571128830565,1.3246885118156695,,1.5943172194627435,-0.015147939274056315
2024-09-07,San Pedro Bay,31.725913256406784,34.209723165258765,-0.07812738418579102,-0.01342814415693283,10.986663937568665,1.0896548,3.9015400409698486,-0.9626725300138887,0.31703412923617713,,1.0135329492147174,-0.015776858371331776
2024-09-08,San Pedro Bay,31.988128289580345,34.20056761242449,-0.011597033590078354,-0.030518509447574615,10.83407138288021,0.27898782,3.9015400409698486,0.5711867187550405,0.06596257458602257,,0.5749828944657104,-0.016405777468607233
2024-09-09,San Pedro Bay,31.69148837774992,34.20361946336925,0.014648884534835815,-0.02136295661330223,12.05481182038784,0.30665419,0.0,1.6879346079364965,-0.2069237773027931,,1.700570695467551,-0.01703469656588269
2024-09-10,San Pedro Bay,31.718588814139366,34.22498241998255,0.01342814415693283,-0.012207403779029846,11.902219265699387,1.7108407,0.0,1.9911732681145442,-0.2253769806137353,,2.0038876632796856,-0.017663615663158147
2024-09-11,San Pedro Bay,31.35676136612892,34.1929379850626,0.02868739888072014,-0.009155552834272385,11.902219265699387,1.7276931,28.00392723083496,3.300113686947438,-1.0232838656509293,,3.45512086857744,-0.018292534760433604
2024-09-12,San Pedro Bay,30.98394725471735,34.2143009416759,0.025025177747011185,0.021973326802253723,13.885922476649284,1.7288251,17.852127075195312,3.1008785605801674,0.0058220392963382415,,3.1008840261459794,-0.01892145385770906
2024-09-13,San Pedro Bay,30.68877223134041,34.23108612187207,0.03723258152604103,0.03234962001442909,14.343700140714645,1.1624112,8.289719581604004,3.42259878139242,2.732556786242839,,4.379617450009837,-0.019550372954984522
2024-09-14,San Pedro Bay,30.40311898291111,34.22803427092731,0.043336283415555954,0.0317392498254776,14.343700140714645,1.1524472,10.947118759155273,4.064063776770257,3.1797892024907246,,5.160200941235983,-0.02017929205225998
2024-09-15,San Pedro Bay,30.180455937981606,34.235663898289204,0.05737479776144028,0.032959990203380585,14.343700140714645,1.139517,4.889883995056152,3.8932118714270243,2.191375704022921,,4.467574974413107,-0.020808211149535436
2024-09-16,San Pedro Bay,29.910916462540627,34.17920465581119,0.043946653604507446,0.024414807558059692,13.428144812583923,1.1542636,0.0,2.5570399071319314,1.7634886845633464,,3.1061785890782643,-0.021437130246810893
2024-09-17,San Pedro Bay,29.738059625029564,34.13495281711221,0.035401470959186554,0.0158696249127388,14.343700140714645,0.79873633,0.0,1.9099202660410852,1.9836253918782873,,2.753645786577994,-0.02206604934408635
2024-09-18,San Pedro Bay,29.677266754209995,34.102908382192254,0.021973326802253723,0.016479995101690292,12.817774593830109,0.86716634,0.0,0.053951469460294166,1.7679763882750277,,1.7687993867465401,-0.022694968441361808
2024-09-19,San Pedro Bay,29.9087191298604,34.0998565312475,-0.016479995101690292,0.02685628831386566,11.902219265699387,0.77216715,10.558176040649414,-0.570619549780652,2.045538763224949,,2.123637328370296,-0.023323887538637265
2024-09-20,San Pedro Bay,29.83034759759903,34.06933802179992,-0.07019257172942162,-0.003662221133708954,12.207404375076294,1.0272851,15.837264060974121,-1.5501031496010205,1.2802120029188107,,2.010413526322482,-0.023952806635912722
2024-09-21,San Pedro Bay,29.886745803058147,34.043397288769484,-0.10254219174385071,-0.0030518509447574615,11.902219265699387,1.0184455,9.803288459777832,-1.7207050540761628,1.2276939307074575,,2.1137781980660075,-0.024581725733188182
2024-09-22,San Pedro Bay,29.979766219854355,34.028138034045696,-0.15381328761577606,-0.010986663401126862,11.59703415632248,0.91243666,0.0,-1.8396266564856112,0.7036703555692434,-0.02521064483046364,1.9696137196311805,-0.02521064483046364
2024-09-23,San Pedro Bay,30.037629313766956,34.02508618310094,-0.18921475857496262,-0.030518509447574615,11.902219265699387,2.3073862,9.803288459777832,-2.1504389073597827,0.08479590401427464,,2.152110090033578,-0.03714373037582268
2024-09-24,San Pedro Bay,30.232459478080273,34.02661210857332,-0.1672414317727089,-0.027466658502817154,11.444441601634026,1.8539037,9.803288459777832,-1.6433340545458246,0.5487289922001647,,1.732527148910235,-0.049076815921181724
2024-09-25,San Pedro Bay,30.323282562196255,34.043397288769484,-0.14893032610416412,-0.025635547935962677,11.59703415632248,0.48500043,0.0,-0.9224841052613139,0.3886145716416488,,1.0009986062687546,-0.06100990146654076
2024-09-26,San Pedro Bay,30.751762434840202,34.006775077432394,-0.09460737928748131,-0.03234962001442909,10.528886273503304,0.41227415,8.88265609741211,0.4594430642393585,0.02409235480858227,,0.4600743101259555,-0.0729429870118998
2024-09-27,San Pedro Bay,30.62358469516039,34.03881951235235,-0.05066072568297386,-0.0476088747382164,10.528886273503304,0.94726676,0.0,0.9133524296891493,0.1999753876169499,,0.9349881370753438,-0.08487607255725885
2024-09-28,San Pedro Bay,30.67778556793928,34.09680468030274,-0.02929776906967163,0.009155552834272385,11.139256492257118,0.8688625,0.0,0.8861938188293769,1.5866297094211954,,1.817342378130599,-0.09680915810261789
2024-09-29,San Pedro Bay,30.679982900619507,34.127323189750314,-0.051881466060876846,0.012207403779029846,11.902219265699387,0.73852193,0.0,0.44980012689160076,1.8872793142476127,,1.940140037249538,-0.10874224364797691
2024-09-30,San Pedro Bay,30.860164180397987,34.136478742584586,-0.079348124563694,0.012817773967981339,11.902219265699387,0.9509052,0.0,-0.5971205047096069,1.7883229891869696,,1.8853784794569164,-0.12067532919333596
2024-10-01,San Pedro Bay,30.953917041420937,34.136478742584586,-0.09582811966538429,0.0030518509447574615,11.749626711010933,1.2761852,7.209993362426758,-1.44120251588438,1.0597441912060566,,1.7888886054157886,-0.132608414738695
2024-10-02,San Pedro Bay,31.022034354507923,34.052552841603756,-0.0952177494764328,-0.022583696991205215,10.986663937568665,0.45247728,9.668288230895996,-1.2822678430371433,-0.15355499217554278,,1.29142942389786,-0.14454150028405405
2024-10-03,San Pedro Bay,31.046205013990402,34.11969356238842,-0.07080294191837311,-0.01037629321217537,11.749626711010933,0.693582,8.491525650024414,-0.8833172790135239,0.1975617598552516,,0.9051409085667046,-0.1564745858294131
2024-10-04,San Pedro Bay,30.95977659523487,34.01440470479429,-0.05371257662773132,-0.0317392498254776,10.528886273503304,0.6675533,16.91880989074707,0.25669521700902453,-0.2013530002318358,,0.326244486754446,-0.16840767137477214
2024-10-05,San Pedro Bay,30.90557572245598,34.015930630266666,-0.0048829615116119385,-0.02929776906967163,11.291849046945572,1.1932739,13.957480430603027,1.2151585454948377,-0.04081814463892255,,1.2158439092337856,-0.18034075692013118
2024-10-06,San Pedro Bay,30.69829400628805,34.041871363297105,-0.011597033590078354,-0.006714072078466415,12.512589484453201,0.8608459,5.269272804260254,1.4507563807047064,-0.22165659917364913,,1.467591811135728,-0.1922738424654902
2024-10-07,San Pedro Bay,30.990539252758026,34.052552841603756,-0.02624591812491417,-0.021973326802253723,11.139256492257118,2.0181437,0.0,0.9251318967486857,-0.09019346489512498,-0.20420692801084925,0.9295180942249639,-0.20420692801084925
2024-10-08,San Pedro Bay,31.083559669554234,34.07238987274468,-0.04516739398241043,-0.028077028691768646,11.291849046945572,0.64319074,0.0,1.1760478117930369,-0.3094638159625759,,1.216082361114291,-0.17580792820228527
2024-10-09,San Pedro Bay,31.140690319240093,34.06323431991041,-0.06897183135151863,-0.0317392498254776,11.444441601634026,0.4064474,2.634636402130127,1.3335371753286627,-0.4866562684455986,,1.4195618061926516,-0.1474089283937213
2024-10-10,San Pedro Bay,31.230780959129333,34.031189884990454,-0.1501510664820671,-0.035401470959186554,11.139256492257118,0.31856498,2.634636402130127,0.28144077680246565,-0.21519799153215327,,0.3542867290862699,-0.11900992858515733
2024-10-11,San Pedro Bay,31.280587166547775,33.9777824934572,-0.20081179216504097,-0.02075258642435074,10.528886273503304,1.6752826,8.80781364440918,-0.4787131524952891,-0.3240491412429512,,0.5780779604104208,-0.09061092877659335
2024-10-12,San Pedro Bay,31.31134982407093,33.90758992172778,-0.19531846046447754,0.0012207403779029846,11.291849046945572,0.41753682,3.3707995414733887,-0.6794888804437185,0.1759930918947641,-0.06221192896802939,0.7019107543280247,-0.06221192896802939
2024-10-13,San Pedro Bay,31.497390657663345,33.87096771039069,-0.18372142687439919,0.004272591322660446,11.139256492257118,0.3534786,0.0,-1.1303426992799266,0.31570232301383977,,1.1736023920271146,-0.0930659165503249
2024-10-14,San Pedro Bay,31.358226254582405,33.802301064133644,-0.19653920084238052,-0.012817773967981339,11.749626711010933,0.21462029,8.80781364440918,-1.3741384304488005,0.09705107076585404,,1.3775613729968954,-0.12391990413262038
2024-10-15,San Pedro Bay,31.41389201581478,33.727530715987086,-0.17883846536278725,-0.015259254723787308,11.749626711010933,0.6206575,0.0,-0.9794112533376315,0.022878045143295698,,0.9796784207656963,-0.1547738917149159
2024-10-16,San Pedro Bay,31.481276884675026,33.69548628106713,-0.1355021819472313,-0.022583696991205215,12.05481182038784,1.6191016,0.0,-1.2161892568112147,-0.12571550987518282,,1.222669496555055,-0.18562787929721136
2024-10-17,San Pedro Bay,31.492263548076153,33.645130740478635,-0.08484145626425743,-0.017090365290641785,12.207404375076294,1.0073272,0.0,0.002031839543663518,-0.3471188710315219,-0.21648186687950688,0.34712481760618835,-0.21648186687950688
2024-10-18,San Pedro Bay,31.63801994919777,33.620715932920575,-0.07202368229627609,-0.003662221133708954,11.749626711010933,1.7885436,0.0,-0.4332954019685086,0.25876027088669307,,0.5046798818621624,-0.21484139167543187
2024-10-19,San Pedro Bay,31.55232397466898,33.597827050834894,-0.040894802659749985,-0.024414807558059692,11.902219265699387,0.35331827,11.834440231323242,0.9720549393634984,-0.7379013839419517,,1.2204053660830987,-0.21320091647135686
2024-10-20,San Pedro Bay,31.31867426633835,33.57951594516635,-0.012207403779029846,-0.0006103701889514923,12.970367148518562,0.32083142,23.668880462646484,2.0528968889607966,-1.142606981053748,,2.3494544792052636,-0.21156044126728188
2024-10-21,San Pedro Bay,30.96417126059532,33.48185671493411,0.02685628831386566,0.022583696991205215,13.428144812583923,0.32083142,50.40239334106445,4.287878526126371,-0.5198834534867472,,4.319280155306549,-0.20991996606320687
2024-10-22,San Pedro Bay,30.38261054456234,33.28653825446963,0.1434369944036007,0.0714133121073246,12.817774593830109,0.3208311,50.40239334106445,6.6478715861615045,2.9443813080629444,,7.270734344848802,-0.20827949085913186
2024-10-23,San Pedro Bay,30.151890613138676,33.393353037536144,0.10010071098804474,0.05310220643877983,14.343700140714645,0.3198024,6.300299167633057,3.0930688689896524,4.336033116453445,,5.326186085304746,-0.20663901565505685
2024-10-24,San Pedro Bay,30.09988707304001,33.44981228001416,0.039674062281847,0.021973326802253723,13.885922476649284,0.45167482,6.300299167633057,2.050038746046116,3.2968047917603718,,3.882213375803097,-0.20499854045098184
2024-10-25,San Pedro Bay,30.091097742319107,33.40861229225993,-0.01037629321217537,0.01037629321217537,12.207404375076294,0.5011057,6.300299167633057,1.4773799024107317,1.700592526805915,,2.2527020038778476,-0.20335806524690686
2024-10-26,San Pedro Bay,30.03909420222044,33.40098266489804,-0.004272591322660446,-0.005493331700563431,12.665182039141655,0.46633604,0.0,2.4917133392439084,0.09937514894979271,,2.4936942044274035,-0.20171759004283185
2024-10-27,San Pedro Bay,29.919705793261528,33.45744190737605,0.03479110077023506,0.017090365290641785,14.343700140714645,0.4084222,0.0,4.386112513151522,-0.5090184223731629,,4.415550105291483,-0.20007711483875684
2024-10-28,San Pedro Bay,29.86696980893612,33.55815298855305,0.06530961021780968,0.031128879636526108,14.343700140714645,0.43143198,8.89547061920166,3.9611135949298344,0.24651941615024528,,3.968777234171378,-0.19843663963468183
2024-10-29,San Pedro Bay,29.878688916563988,33.63750111311674,0.07873775437474251,0.03234962001442909,14.191107586026192,0.38647908,8.89547061920166,3.068151638850337,2.211169504149796,,3.7819075947280973,-0.19679616443060682
2024-10-30,San Pedro Bay,29.87136447429657,33.67259739898145,0.054322946816682816,0.01892147585749626,13.580737367272377,0.37829334,4.44773530960083,1.215056020989782,1.9302903152679058,,2.2808730423591297,-0.19515568922653184
2024-10-31,San Pedro Bay,30.074251525104046,33.67870110087097,-0.021973326802253723,0.01342814415693283,12.05481182038784,0.38817683,0.0,-1.330190548794784,1.717807129571214,,2.1726178289125455,-0.19351521402245683
2024-11-01,San Pedro Bay,30.167271941900253,33.63750111311674,-0.08484145626425743,-0.015259254723787308,11.139256492257118,0.35611877,0.0,-1.1615117235573422,-0.003910719065391762,-0.19187473881838182,1.1615183070811912,-0.19187473881838182
2024-11-02,San Pedro Bay,30.290322571992874,33.61308630555868,-0.09460737928748131,-0.02624591812491417,11.444441601634026,1.1238425,0.0,-1.3388661564529416,-0.9923852489313405,,1.6665506494528126,-0.19004683987775958
2024-11-03,San Pedro Bay,30.20242926478386,33.58256779611111,-0.07995849475264549,-0.02136295661330223,11.902219265699387,0.7799589,0.0,-1.2372892437742928,-0.735247081759371,,1.4392612493898502,-0.18821894093713734
2024-11-04,San Pedro Bay,30.297647014260292,33.59324927441776,-0.04943998530507088,-0.03906369209289551,11.291849046945572,0.6603608,0.0,0.1922491606564481,-0.454721611638331,,0.4936916890773734,-0.18639104199651513
2024-11-05,San Pedro Bay,30.359904773533344,33.61766408197582,-0.02685628831386566,-0.001831110566854477,11.902219265699387,0.5159456,0.0,0.6364827170278213,0.2704152135045586,,0.6915451082683137,-0.1845631430558929
2024-11-06,San Pedro Bay,30.473433628678322,33.61766408197582,-0.059816278517246246,-0.0006103701889514923,11.291849046945572,0.55452937,0.0,-0.5822351478379217,0.70496927247836,-0.18273524411527065,0.9143191141590089,-0.18273524411527065
2024-11-07,San Pedro Bay,30.35843988507986,33.634449262171984,-0.09704886004328728,-0.006714072078466415,12.207404375076294,0.26245022,0.0,-1.8719044898912545,1.1082792953984124,,2.1753871875792226,-0.15698394462280374
2024-11-08,San Pedro Bay,30.46024963259697,33.620715932920575,-0.11597033590078354,-0.017090365290641785,11.902219265699387,0.5426214,0.0,-1.4307086970349938,-0.09497017357963483,,1.4338572835681087,-0.13123264513033686
2024-11-09,San Pedro Bay,30.529099389910698,33.55510113760829,-0.06714072078466415,-0.038453321903944016,11.444441601634026,0.28357995,0.0,0.4670049029475405,-0.914578212768923,,1.0269113333918558,-0.10548134563786996
2024-11-10,San Pedro Bay,30.293984793126583,33.597827050834894,-0.016479995101690292,0.003662221133708954,13.122959703207016,0.31669188,22.10536003112793,1.3672875181729687,0.5901585642932562,,1.4892153263918129,-0.07973004614540306
2024-11-11,San Pedro Bay,30.371623881161213,33.590197423473,-0.04272591322660446,0.006714072078466415,12.359996929764748,1.7002083,0.0,-1.2678664558272825,1.3412751490504975,-0.053978746652936185,1.84567179511214,-0.053978746652936185
2024-11-12,San Pedro Bay,30.592822037637234,33.584093721583486,-0.03723258152604103,-0.014038514345884323,11.444441601634026,1.7664514,0.0,-0.022551729786639996,-0.05898393164471178,,0.06314811722163739,-0.06512737449177164
2024-11-13,San Pedro Bay,30.36283455044031,33.57951594516635,0.01037629321217537,0.003662221133708954,12.817774593830109,1.3879063,0.0,0.36515028971426927,0.3973297529942517,,0.5396347530440269,-0.07627600233060709
2024-11-14,San Pedro Bay,30.3994567617774,33.58256779611111,-0.0158696249127388,0.001831110566854477,12.512589484453201,0.3102615,7.122660160064697,-1.6365437294459595,0.4431770095304746,,1.6954884960285823,-0.08742463016944255
2024-11-15,San Pedro Bay,30.47709584981203,33.585619647055864,-0.007324442267417908,-0.015259254723787308,12.359996929764748,0.34669363,7.122660160064697,0.46142363095095607,-1.4274817373951711,,1.5002052785524722,-0.09857325800827801
2024-11-16,San Pedro Bay,30.06399730592966,33.57036039233208,0.04028443247079849,0.028077028691768646,14.343700140714645,0.34642747,43.89931106567383,1.9957269657067938,1.833543143956754,,2.7101303626209687,-0.10972188584711345
2024-11-17,San Pedro Bay,30.001007102429867,33.57493816874921,-0.0012207403779029846,0.001831110566854477,13.122959703207016,0.87648565,0.0,-2.9562844020403407,1.7427665031669206,,3.4317419119606987,-0.12087051368594892
2024-11-18,San Pedro Bay,30.003204435110092,33.57493816874921,-0.05798516795039177,-0.02075258642435074,12.970367148518562,1.555693,8.779862403869629,-3.4824515551366173,-0.4113473306152868,,3.506661583369254,-0.1320191415247844
2024-11-19,San Pedro Bay,29.927762679755688,33.571886317804456,-0.0634784996509552,-0.020142216235399246,13.580737367272377,0.92379004,8.779862403869629,-3.191618681711917,-0.8394646833208086,,3.300171323430864,-0.14316776936361983
2024-11-20,San Pedro Bay,29.881618693470955,33.57951594516635,-0.054322946816682816,-0.017090365290641785,13.580737367272377,1.3463502,0.0,-2.853153744599102,-0.973200215702144,,3.0145654662260326,-0.15431639720245527
2024-11-21,San Pedro Bay,29.870632030069828,33.584093721583486,-0.046388134360313416,-0.011597033590078354,12.817774593830109,0.25988767,38.31745910644531,-2.732292301402643,-0.9305720816575042,-0.16546502504129074,2.8864139722958195,-0.16546502504129074
2024-11-22,San Pedro Bay,29.848658703267574,33.584093721583486,-0.043336283415555954,-0.0079348124563694,12.817774593830109,0.23939751,0.0,-2.759264484210728,-0.24294015007845196,,2.7699387015504215,-0.1540233968815991
2024-11-23,San Pedro Bay,29.795922718942165,33.58714557252824,-0.04455702379345894,-0.01342814415693283,12.970367148518562,1.13993,0.0,-2.632201774900849,-1.5450931447129732,,3.052179386869357,-0.14258176872190745
2024-11-24,San Pedro Bay,29.747581399977207,33.60087890177965,-0.05493331700563431,-0.014648884534835815,13.428144812583923,1.4260234,0.0,-3.5765340825139047,-1.672724783503462,,3.9483672884789076,-0.1311401405622158
2024-11-25,San Pedro Bay,29.705099634826183,33.608508529141545,-0.05371257662773132,-0.014648884534835815,13.428144812583923,0.5687633,0.0,-3.1886514367721865,-1.3756605861155244,,3.4727424369539754,-0.11969851240252416
2024-11-26,San Pedro Bay,29.705832079052925,33.61766408197582,-0.04699850454926491,-0.01342814415693283,12.817774593830109,1.1143785,0.0,-2.3813209972031686,-1.5263051621700268,-0.10825688424283252,2.828479651648137,-0.10825688424283252
2024-11-27,San Pedro Bay,29.661152981221676,33.62987148575485,-0.048829615116119385,-0.009765923023223877,13.122959703207016,0.89138514,0.0,-2.9825995736851967,-1.2064874123418496,,3.217376585525302,-0.10101861527411903
2024-11-28,San Pedro Bay,29.66261786967516,33.61308630555868,-0.0555436871945858,-0.009765923023223877,12.665182039141655,0.27166346,56.124168395996094,-2.9972072282732145,-1.0438751099291081,,3.173787392744308,-0.09378034630540555
2024-11-29,San Pedro Bay,29.264168210327625,33.31247898750007,-0.06164738908410072,-0.03662221133708954,11.749626711010933,0.27102467,33.674503326416016,-1.867192102446526,-1.9799396592391645,,2.721500946475451,-0.08654207733669206
2024-11-30,San Pedro Bay,29.141850024461746,33.162938291206956,-0.09277626872062683,-0.01892147585749626,10.528886273503304,0.29196167,22.44966697692871,-2.163998444211887,0.5735329542659642,,2.2387115303630596,-0.07930380836797857
2024-12-01,San Pedro Bay,29.3022553101182,33.31400491297245,-0.05249183624982834,0.006103701889514923,10.528886273503304,0.3648756,19.220380783081055,-1.693960020041433,1.566825061627939,,2.3074750969932847,-0.07206553939926509
2024-12-02,San Pedro Bay,29.478041924536228,33.42081969603896,-0.07812738418579102,-0.0079348124563694,11.902219265699387,0.34937602,0.0,-2.3978631867029097,0.6976491255873568,,2.497290965141594,-0.0648272704305516
2024-12-03,San Pedro Bay,29.632587656378746,33.46659746021032,-0.09033478796482086,-0.012817773967981339,11.902219265699387,2.2235355,0.0,-2.3809292795358257,0.15556928576819268,,2.3860062943809286,-0.05758900146183812
2024-12-04,San Pedro Bay,29.762230284512043,33.49864189513028,-0.079348124563694,-0.017700735479593277,11.749626711010933,0.9407453,0.0,-1.455421196624091,-0.6414475424793891,,1.5905048913271373,-0.050350732493124634
2024-12-05,San Pedro Bay,29.668477423489094,33.49253819324076,-0.06103701889514923,-0.022583696991205215,11.139256492257118,0.67569655,0.0,-1.3998171305275888,-0.7885011589221589,,1.6066182111939602,-0.04311246352441114
2024-12-06,San Pedro Bay,29.716818742454052,33.538315957412124,-0.059205908328294754,-0.01037629321217537,11.749626711010933,0.34679577,0.0,-2.0404866802999533,-0.09723751680275741,-0.03587419455569767,2.0428022486661526,-0.03587419455569767
2024-12-07,San Pedro Bay,29.710959188640118,33.5398418828845,-0.06286812946200371,-0.01892147585749626,11.139256492257118,0.30803233,0.0,-1.9432413594297513,-0.7547193432858518,,2.0846554315109764,-0.037438854751272364
2024-12-08,San Pedro Bay,29.524918355047703,33.5398418828845,-0.06469924002885818,-0.012207403779029846,12.817774593830109,0.28867295,95.14425659179688,-2.8650801072681866,-0.3783024508745136,,2.889947536790512,-0.039003514946847055
2024-12-09,San Pedro Bay,29.46266059577465,33.53068633005023,-0.07568590342998505,-0.015259254723787308,12.817774593830109,0.27918398,0.0,-3.230496167031272,-0.11649411826333005,,3.2325959173385237,-0.04056817514242175
2024-12-10,San Pedro Bay,29.484633922576904,33.53068633005023,-0.07873775437474251,-0.014648884534835815,12.05481182038784,0.34394625,0.0,-2.4107367198304144,-0.5715393469786676,,2.477561050203104,-0.04213283533799645
2024-12-11,San Pedro Bay,29.320566415786743,33.487960416823626,-0.06958220154047012,-0.0158696249127388,12.05481182038784,0.34698334,13.921643257141113,-2.2240469076829417,-0.8756128568287378,,2.390205539826615,-0.04369749553357115
2024-12-12,San Pedro Bay,29.369640178978443,33.547471510246396,-0.07019257172942162,-0.01342814415693283,12.970367148518562,1.4940747,0.0,-3.1468450904042524,-0.5767619007667553,,3.1992637142282327,-0.04526215572914584
2024-12-13,San Pedro Bay,29.385753951966763,33.56730854138732,-0.06714072078466415,-0.017090365290641785,12.817774593830109,1.5706881,0.0,-2.53322828124711,-1.2153367870524592,,2.809677745022226,-0.04682681592472054
2024-12-14,San Pedro Bay,29.410657055675983,33.59172334894538,-0.05310220643877983,-0.017090365290641785,12.512589484453201,0.28012332,0.0,-1.9817495131873155,-1.9691029658056398,,2.7936888915845173,-0.048391476120295235
2024-12-15,San Pedro Bay,29.386486396193504,33.6115603800863,-0.051271095871925354,-0.015259254723787308,12.512589484453201,0.24242769,13.921643257141113,-2.444413072455442,-1.8321474323415452,,3.054819058901324,-0.049956136315869926
2024-12-16,San Pedro Bay,29.17627490311861,33.58714557252824,-0.04943998530507088,-0.01342814415693283,13.428144812583923,0.24177785,65.9395751953125,-2.722708225652899,-1.6446318231960728,,3.1808731373487995,-0.05152079651144462
2024-12-17,San Pedro Bay,28.94775230437517,33.5398418828845,-0.04455702379345894,-0.01342814415693283,13.122959703207016,0.24235974,38.464752197265625,-2.7269717694686832,-1.6590655141969781,,3.1920014742911453,-0.05308545670701932
2024-12-18,San Pedro Bay,28.569811083376408,33.32316046580672,-0.06775109097361565,-0.02685628831386566,10.528886273503304,0.23122908,57.69712829589844,-2.6804546981672956,-1.7117053857109585,,3.1803730467350886,-0.05465011690259401
2024-12-19,San Pedro Bay,28.441633343696594,33.22855308651924,-0.06836146116256714,-0.0238044373691082,10.986663937568665,1.2249981,19.232376098632812,-2.9065173173457612,-2.311342839192331,,3.7135089384996056,-0.05621477709816871
2024-12-20,San Pedro Bay,28.257789842784405,33.01187166944146,-0.09643848985433578,-0.025635547935962677,10.528886273503304,1.2378913,57.69712829589844,-3.981934824379258,0.07670789656634995,,3.9826736053811773,-0.05777943729374341
2024-12-21,San Pedro Bay,28.339823596179485,33.08206424117088,-0.07751701399683952,-0.019531846046447754,10.528886273503304,1.2358686,26.40899085998535,-3.1819459840756976,0.2003716783291758,,3.18824858739903,-0.0593440974893181
2024-12-22,San Pedro Bay,28.523667097091675,33.12173830345273,-0.06408886983990669,-0.017700735479593277,10.528886273503304,1.2453413,39.613487243652344,-1.819562275572813,-0.7457184186794323,,1.966444210916106,-0.060908757684892796
2024-12-23,San Pedro Bay,28.50096132606268,33.18582717329264,-0.05066072568297386,-0.009155552834272385,12.665182039141655,1.2533869,26.40899085998535,-2.73059500286189,-0.7469967163053599,,2.830927968674815,-0.062473417880467494
2024-12-24,San Pedro Bay,28.543443091213703,33.09427164494991,-0.06530961021780968,-0.017090365290641785,10.528886273503304,0.9438306,13.204495429992676,-2.4099802923830977,-0.2618735465192426,,2.424166406012897,-0.06403807807604218
2024-12-25,San Pedro Bay,28.483382664620876,33.150730887427926,-0.05249183624982834,-0.017700735479593277,11.139256492257118,0.91468537,26.40899085998535,-2.410656886382154,-0.3979356953841787,,2.4432804672248722,-0.06560273827161689
2024-12-26,San Pedro Bay,28.563951529562473,33.21939753368497,-0.06530961021780968,-0.012207403779029846,11.749626711010933,0.8310429,36.641849517822266,-3.3466678601446924,-0.4891788890183514,,3.382230292512129,-0.06716739846719158
2024-12-27,San Pedro Bay,28.295144498348236,33.13547163270414,-0.06530961021780968,-0.01342814415693283,11.444441601634026,0.77951986,29.3134822845459,-2.930778445333146,-0.35408344690559235,,2.952090341267001,-0.06873205866276627
2024-12-28,San Pedro Bay,28.15012054145336,32.85622727125883,-0.11352885514497757,-0.022583696991205215,10.528886273503304,0.722275,36.641849517822266,-3.294312983855909,0.013085060659974878,,3.2943389707821655,-0.07029671885834096
2024-12-29,San Pedro Bay,27.90768150240183,32.612079195678234,-0.13916440308094025,-0.036011841148138046,10.528886273503304,1.2012239,43.9702262878418,-3.426014270969745,0.07122680277009305,,3.4267545932443433,-0.07186137905391567
2024-12-30,San Pedro Bay,28.035859242081642,32.76314581744373,-0.11474959552288055,-0.02685628831386566,10.528886273503304,1.206902,14.65674114227295,-2.891406221629469,0.38089612207078605,,2.916386770352342,-0.07342603924949036
2024-12-31,San Pedro Bay,28.208716079592705,32.7936643268913,-0.09277626872062683,-0.03234962001442909,10.528886273503304,1.211317,14.65674114227295,-1.8554679382493993,0.19576778081215193,,1.8657669452200056,-0.07499069944506506
2025-01-01,San Pedro Bay,28.224829852581024,32.75704211555421,-0.07995849475264549,-0.03357036039233208,10.528886273503304,1.2838784,25.96994972229004,-2.1292326375422665,0.3314695108236087,,2.1548790363685937,-0.07655535964063975
2025-01-02,San Pedro Bay,28.261452063918114,32.84859764389694,-0.05859553813934326,-0.019531846046447754,10.528886273503304,2.1965723,29.679943084716797,-2.1071835039182885,0.5261582702396325,,2.1718804857834417,-0.07812001983621444
2025-01-03,San Pedro Bay,28.393292024731636,32.850123569369316,-0.06164738908410072,-0.015259254723787308,10.528886273503304,2.2139409,0.0,-1.501129788447314,0.4068435635090791,,1.5552852879560854,-0.07968468003178913
2025-01-04,San Pedro Bay,28.475325778126717,32.778405072167516,-0.06286812946200371,-0.030518509447574615,10.528886273503304,1.5316755,8.65665054321289,-1.7444023007833058,-0.03470991300315966,,1.7447475935042231,-0.08124934022736384
2025-01-05,San Pedro Bay,28.340556040406227,32.850123569369316,-0.04150517284870148,-0.030518509447574615,10.528886273503304,0.3632881,0.0,-1.3410786053891042,-0.32364590491385753,,1.3795791016103043,-0.08281400042293854
2025-01-06,San Pedro Bay,28.503158658742905,32.853175420314074,-0.04028443247079849,-0.04699850454926491,10.528886273503304,0.41016287,0.0,-1.0238515470618328,-0.927691518688006,,1.3816235175569962,-0.08437866061851323
2025-01-07,San Pedro Bay,28.462874226272106,32.83639024011791,-0.07324442267417908,-0.04028443247079849,10.528886273503304,0.36375394,50.9803581237793,-2.2028259506240744,-0.719751293481253,,2.3174304937172967,-0.08594332081408793
2025-01-08,San Pedro Bay,28.220435187220573,32.81044950708747,-0.06469924002885818,-0.027466658502817154,10.528886273503304,0.36467475,30.58821678161621,-1.9792544146832811,-0.7824641633202709,,2.12830876635035,-0.08750798100966262
2025-01-09,San Pedro Bay,28.266579173505306,32.74636063724756,-0.059816278517246246,-0.04150517284870148,10.528886273503304,0.42798197,20.392141342163086,-1.7475537812206887,-0.6168330941376162,,1.8532207867067843,-0.08907264120523731
2025-01-10,San Pedro Bay,28.200659193098545,32.74636063724756,-0.05493331700563431,-0.039674062281847,10.528886273503304,0.4409299,10.196070671081543,-2.100848222775241,-0.43948253940072185,,2.146324336528847,-0.09063730140081201
2025-01-11,San Pedro Bay,28.279030725359917,32.874538376927376,-0.07385479286313057,-0.032959990203380585,10.528886273503304,0.3526311,26.52604866027832,-3.535391790139391,-1.070595454329631,,3.6939368885534947,-0.09220196159638672
2025-01-12,San Pedro Bay,28.076876118779182,32.767723593860865,-0.08667256683111191,-0.031128879636526108,10.528886273503304,0.41181144,26.52604866027832,-3.3425880604938563,-0.43317673833048553,,3.370539575318278,-0.09376662179196141
2025-01-13,San Pedro Bay,28.177220977842808,32.850123569369316,-0.08972441777586937,-0.03662221133708954,10.528886273503304,1.3294996,0.0,-3.517248439302476,-1.5598256934106778,,3.8476087090035294,-0.0953312819875361
2025-01-14,San Pedro Bay,28.282692946493626,32.94015317223966,-0.08972441777586937,-0.031128879636526108,10.528886273503304,1.222113,17.684032440185547,-3.7918756833510083,-1.363055354601911,,4.029421930959529,-0.09689594218311079
2025-01-15,San Pedro Bay,28.336161375045776,33.007293893024325,-0.08484145626425743,-0.02624591812491417,10.37629371881485,0.7643084,35.368064880371094,-3.1678100694322504,-1.4548866147355173,,3.485931109149022,-0.0984606023786855
2025-01-16,San Pedro Bay,28.3698538094759,33.07138276286423,-0.07202368229627609,-0.02685628831386566,10.37629371881485,0.3942441,0.0,-2.760669616667891,-1.4738762931434024,,3.129474086788925,-0.10002526257426018
2025-01-17,San Pedro Bay,28.453352451324463,33.140049409121275,-0.07812738418579102,-0.019531846046447754,11.139256492257118,0.36903116,0.0,-3.4189321202263545,-0.8182277197758562,,3.515479120137833,-0.10158992276983488
2025-01-18,San Pedro Bay,28.506820879876614,33.201086428016424,-0.07080294191837311,-0.015259254723787308,11.902219265699387,1.7245892,0.0,-2.8817521414935845,-0.501146651639142,,2.9250031404174566,-0.10315458296540958
2025-01-19,San Pedro Bay,28.539780870079994,33.223975310102105,-0.06775109097361565,-0.014038514345884323,10.528886273503304,0.80127025,0.0,-2.628095097664658,-0.3334746343646273,,2.6491676379824725,-0.10471924316098427
2025-01-20,San Pedro Bay,28.647450171411037,33.21787160821259,-0.06408886983990669,-0.0238044373691082,10.528886273503304,0.4366865,0.0,-1.8991736804059713,-0.26740456870142393,,1.9179066379021574,-0.10628390335655896
2025-01-21,San Pedro Bay,28.634998619556427,33.188879024237394,-0.06958220154047012,-0.036011841148138046,10.528886273503304,0.50512505,16.813472747802734,-2.580075471967615,-0.8891012987969563,,2.7289724367555173,-0.10784856355213367
2025-01-22,San Pedro Bay,28.651112392544746,33.20566420443356,-0.07812738418579102,-0.0317392498254776,10.528886273503304,0.6085093,28.37580680847168,-3.0156543751143183,-0.6426199827614868,,3.0833637074452476,-0.10941322374770836
2025-01-23,San Pedro Bay,28.724356815218925,33.22702716104686,-0.07202368229627609,-0.02624591812491417,10.528886273503304,0.31464234,4.864940166473389,-2.4781308846486643,-0.11227220028028936,,2.480672837841651,-0.11097788394328305
2025-01-24,San Pedro Bay,28.900875873863697,33.26517529785633,-0.06469924002885818,-0.027466658502817154,10.528886273503304,0.19433089,5.72354793548584,-1.9269504806080975,-0.30327802151589606,,1.9506705803518887,-0.11254254413885775
2025-01-25,San Pedro Bay,29.04150516539812,33.295693807303905,-0.06408886983990669,-0.03906369209289551,10.528886273503304,0.6401936,7.738386154174805,-1.7292539124947068,-0.8173905765388937,-0.11410720433443244,1.9127065766846822,-0.11410720433443244
2025-01-26,San Pedro Bay,28.985839404165745,33.34910119883716,-0.04577776417136192,-0.046388134360313416,10.528886273503304,0.6323814,38.911380767822266,-1.478654502053807,-2.071815574916832,,2.545356343012105,-0.11971568030650143
2025-01-27,San Pedro Bay,28.900143429636955,33.48185671493411,-0.05066072568297386,-0.0238044373691082,10.681478828191757,0.63206106,58.36707305908203,-2.137082675938827,-2.5679585540031735,,3.3408881302545774,-0.1253241562785704
2025-01-28,San Pedro Bay,28.815179899334908,33.56425669044256,-0.05798516795039177,-0.014038514345884323,13.73332992196083,0.6857856,0.0,-2.664772034173013,-2.2789618065913193,,3.506376606985129,-0.1309326322506394
2025-01-29,San Pedro Bay,28.58665730059147,33.475753013044596,-0.079348124563694,-0.020142216235399246,11.749626711010933,0.85372216,97.27845001220703,-4.126673796641306,-0.6961215574920269,,4.184975728327596,-0.13654110822270835
2025-01-30,San Pedro Bay,28.37791069597006,33.35062712430954,-0.09155552834272385,-0.019531846046447754,11.749626711010933,0.8994255,19.455690383911133,-3.9254685436323684,-0.14748675890004878,,3.9282382350231853,-0.14214958419477733
2025-01-31,San Pedro Bay,28.435041345655918,33.38267155922949,-0.09155552834272385,-0.016479995101690292,12.207404375076294,0.8773474,0.0,-3.668511180919057,0.5395529296226206,,3.7079767594191426,-0.1477580601668463
2025-02-01,San Pedro Bay,28.577135525643826,33.40708636678755,-0.08056886494159698,-0.017700735479593277,10.83407138288021,1.1562431,0.0,-2.582396889500322,0.03475180467443519,,2.5826307097277903,-0.1533665361389153
2025-02-02,San Pedro Bay,28.613025292754173,33.45591598190367,-0.05493331700563431,-0.005493331700563431,11.59703415632248,0.49328527,0.0,-1.9351247169377914,0.22779149508285196,,1.9484857287995845,-0.15897501211098428
2025-02-03,San Pedro Bay,28.68114260584116,33.50627152249217,-0.04943998530507088,-0.015259254723787308,11.749626711010933,0.36675537,0.0,-2.0716203024738067,-1.524862605235823,,2.5723173681465217,-0.16458348808305323
2025-02-04,San Pedro Bay,28.645985282957554,33.55510113760829,-0.043946653604507446,-0.012817773967981339,12.207404375076294,0.69645613,0.0,-2.1097565230348034,-1.4856928381922074,,2.580379002383859,-0.1701919640551222
2025-02-05,San Pedro Bay,28.552232421934605,33.57036039233208,-0.04211554303765297,-0.01037629321217537,12.512589484453201,0.78855014,16.35624885559082,-2.917474595550923,-0.8595676503676327,,3.041465857320045,-0.1758004400271912
2025-02-06,San Pedro Bay,28.360332034528255,33.36283452808857,-0.08239997550845146,-0.021973326802253723,10.528886273503304,0.81978697,45.59809112548828,-3.6785154704013663,-0.2292706255202531,,3.685653413671534,-0.18140891599926018
2025-02-07,San Pedro Bay,28.307596050202847,33.27890862710774,-0.08301034569740295,-0.02868739888072014,10.528886273503304,1.1734812,23.81682586669922,-3.4079616106111525,0.46254481953637916,,3.4392077648027173,-0.18701739197132916
2025-02-08,San Pedro Bay,28.46067689359188,33.35825675167143,-0.08056886494159698,-0.02136295661330223,10.37629371881485,1.1974403,15.343509674072266,-3.258130917683983,-0.5957728056917443,,3.3121537272249433,-0.19262586794339814
2025-02-09,San Pedro Bay,28.450422674417496,33.38572341017425,-0.09216589853167534,-0.019531846046447754,11.749626711010933,0.7076309,59.40371322631836,-4.017827691033279,-0.7303187395612236,,4.083663161450525,-0.19823434391546713
2025-02-10,San Pedro Bay,28.25559251010418,33.333841944113374,-0.09704886004328728,-0.019531846046447754,12.512589484453201,0.6831194,29.644058227539062,-3.780942359494251,-0.4583462403699952,,3.8086226384192043,-0.2038428198875361
2025-02-11,San Pedro Bay,28.32590715587139,33.34910119883716,-0.10559404268860817,-0.01892147585749626,12.05481182038784,2.2733247,0.0,-3.7955181325963885,0.7138199682890704,,3.862058627467505,-0.2094512958596051
2025-02-12,San Pedro Bay,28.27243872731924,33.34147157147527,-0.10376293212175369,-0.014648884534835815,11.59703415632248,2.2741976,72.54396057128906,-3.172606082221232,1.0085331678816842,,3.32904918913263,-0.21505977183167405
2025-02-13,San Pedro Bay,27.99777214229107,33.225501235574484,-0.10742515325546265,-0.020142216235399246,10.528886273503304,3.0518796,14.508793830871582,-2.158032362915378,0.3657628121190659,,2.188809291400093,-0.22066824780374303
2025-02-14,San Pedro Bay,28.16623431444168,33.248390117660165,-0.1110873743891716,-0.01342814415693283,10.528886273503304,3.0519934,0.0,-2.6358286359071874,0.5426425481602107,-0.226276723775812,2.691106377113724,-0.226276723775812
2025-02-15,San Pedro Bay,28.273171171545982,33.32621231675148,-0.09826960042119026,-0.012207403779029846,11.139256492257118,0.9784708,0.0,-2.462755553540319,0.888123025104016,,2.6180006539750122,-0.2213308809287802
2025-02-16,San Pedro Bay,28.422589793801308,33.36130860261619,-0.10376293212175369,-0.017090365290641785,11.291849046945572,2.0417242,0.0,-2.828451018292696,0.43868451756715415,,2.8622682035117037,-0.21638503808174836
2025-02-17,San Pedro Bay,28.48484755307436,33.379619708284736,-0.09765923023223877,-0.012817773967981339,11.59703415632248,1.9184407,0.0,-2.718651782851305,0.19582624932505202,,2.7256954041721717,-0.21143919523471655
2025-02-18,San Pedro Bay,28.511947989463806,33.40098266489804,-0.0952177494764328,-0.019531846046447754,11.902219265699387,1.8739758,12.267009735107422,-2.3008697303575167,-0.7136839968896528,,2.4090135664814887,-0.2064933523876847
2025-02-19,San Pedro Bay,28.42698445916176,33.41013821773231,-0.09277626872062683,-0.02075258642435074,12.359996929764748,1.8885543,73.60205841064453,-3.454063871679136,-1.0874072347179031,,3.62118926925339,-0.2015475095406529
2025-02-20,San Pedro Bay,28.19479963928461,33.34757527336478,-0.11047700420022011,-0.025635547935962677,12.512589484453201,1.8808503,61.33504867553711,-4.44376011312904,-0.7157756482080811,,4.501037516129399,-0.19660166669362106
2025-02-21,San Pedro Bay,27.959685042500496,33.26364937238395,-0.11169774457812309,-0.0238044373691082,12.512589484453201,1.9197823,79.94059753417969,-3.98010026146161,-0.390396023374558,,3.999200813456789,-0.19165582384658925
2025-02-22,San Pedro Bay,27.94137393683195,33.2743308506906,-0.10620441287755966,-0.022583696991205215,12.970367148518562,0.71180624,15.226780891418457,-3.758875807386904,-1.2487355272962097,,3.9608695702446823,-0.18670998099955743
2025-02-23,San Pedro Bay,27.98239081352949,33.29874565824866,-0.10376293212175369,-0.024414807558059692,12.512589484453201,0.6792832,13.323432922363281,-3.5873999038242537,-1.7565795987700379,,3.994372285700642,-0.1817641381525256
2025-02-24,San Pedro Bay,27.927457496523857,33.321634540334344,-0.10376293212175369,-0.025025177747011185,13.122959703207016,0.6760039,53.293731689453125,-3.610585540957432,-2.9172949842668014,,4.641867940150722,-0.17681829530549378
2025-02-25,San Pedro Bay,27.845423743128777,33.36588637903333,-0.11535996571183205,-0.027466658502817154,14.343700140714645,0.66331404,13.323432922363281,-4.134942132752892,-2.9785844446752345,,5.096048639414297,-0.17187245245846194
2025-02-26,San Pedro Bay,27.82638019323349,33.39793081395328,-0.10498367249965668,-0.028077028691768646,13.428144812583923,0.66074336,1.8892600536346436,-3.311425498893178,-2.9981281382333798,,4.467024867625732,-0.16692660961143013
2025-02-27,San Pedro Bay,27.87105929106474,33.440656727179885,-0.08606219664216042,-0.020142216235399246,12.970367148518562,0.6657558,0.35690516233444214,-2.8706882500050046,-2.412632180662438,,3.7498860073187275,-0.16198076676439832
2025-02-28,San Pedro Bay,27.902554392814636,33.47117523662746,-0.07690664380788803,-0.015259254723787308,12.512589484453201,0.6790977,4.81773567199707,-3.530898349159909,-1.1637041161522836,,3.717721132905202,-0.1570349239173665
2025-03-01,San Pedro Bay,27.99044770002365,33.465071534737945,-0.08484145626425743,-0.019531846046447754,11.59703415632248,0.27858117,0.0,-3.7368652309137547,-0.8388471528231463,,3.8298598276975633,-0.15208908107033467
2025-03-02,San Pedro Bay,28.04684590548277,33.42234562151134,-0.10132145136594772,-0.024414807558059692,10.528886273503304,0.34006825,12.386918067932129,-3.8498845418499563,-0.6898555731613896,,3.9112033566917837,-0.14714323822330283
2025-03-03,San Pedro Bay,27.764122433960438,33.20719012990594,-0.1269569993019104,-0.021973326802253723,10.528886273503304,0.45898277,24.773836135864258,-3.122360658476674,0.3830454334201178,,3.145768568357643,-0.14219739537627102
2025-03-04,San Pedro Bay,28.04245124012232,33.29416788183153,-0.12085329741239548,-0.01831110566854477,10.528886273503304,0.5084422,0.0,-2.701519353017562,0.8645444684679504,,2.836484435474124,-0.1372515525292392
2025-03-05,San Pedro Bay,28.269508950412273,33.344523422420025,-0.11658070608973503,-0.019531846046447754,10.528886273503304,0.30710676,0.0,-2.5224376559944397,0.4123848851875514,,2.5559250814352663,-0.1323057096822074
2025-03-06,San Pedro Bay,28.34934537112713,33.37351600639522,-0.11658070608973503,-0.02685628831386566,10.37629371881485,0.26817045,11.893281936645508,-2.0682022378447673,0.31149586766545717,,2.091528190629703,-0.12735986683517556
2025-03-07,San Pedro Bay,28.49656666070223,33.41013821773231,-0.11719107627868652,-0.031128879636526108,10.528886273503304,0.40293208,0.0,-3.435235764524133,-0.6502042025775735,,3.496228004995561,-0.12241402398814373
2025-03-08,San Pedro Bay,28.646717727184296,33.45591598190367,-0.11535996571183205,-0.023194067180156708,11.444441601634026,0.2467589,0.0,-3.3018941230920467,-0.7577594012738507,,3.387728458765357,-0.1174681811411119
2025-03-09,San Pedro Bay,28.748527474701405,33.50474559701979,-0.10559404268860817,-0.02075258642435074,11.902219265699387,0.2029211,0.0,-3.647430443923216,-0.5055085401817998,,3.6822938132982603,-0.11252233829408008
2025-03-10,San Pedro Bay,28.867183439433575,33.54441965930164,-0.10620441287755966,-0.02075258642435074,11.902219265699387,0.29721522,0.0,-3.188997762599081,-0.6022793591689636,,3.245373192152625,-0.10757649544704825
2025-03-11,San Pedro Bay,28.95141452550888,33.573412243276834,-0.10864589363336563,-0.02136295661330223,11.902219265699387,0.5375093,0.0,-3.381339400546805,-0.8376704057531409,,3.483553910931315,-0.10263065260001644
2025-03-12,San Pedro Bay,29.022461615502834,33.58867149800062,-0.10986663401126862,-0.025635547935962677,11.749626711010933,0.24052967,67.5301513671875,-3.974359567153216,-0.7053554775272904,,4.036466315813876,-0.0976848097529846
2025-03-13,San Pedro Bay,29.097170926630497,33.62376778386533,-0.09338663890957832,-0.023194067180156708,12.05481182038784,0.5984321,0.0,-3.551696322328864,-0.9237267548962614,,3.6698525697574764,-0.09273896690595279
2025-03-14,San Pedro Bay,29.166020683944225,33.66344184614718,-0.07751701399683952,-0.014648884534835815,11.59703415632248,0.528034,0.0,-2.497615331529395,-1.5435255128853023,,2.9360778860954158,-0.08779312405892098
2025-03-15,San Pedro Bay,29.45899837464094,33.70006405748427,-0.07263405248522758,-0.025025177747011185,10.986663937568665,0.6657014,0.0,-2.022562196250151,-0.48389310305920247,,2.079641885731411,-0.08284728121188914
2025-03-16,San Pedro Bay,29.33960996568203,33.7336344178766,-0.07080294191837311,-0.017700735479593277,11.902219265699387,0.98135006,0.0,-1.5836566162311494,-0.9794925932489774,-0.07790143836485734,1.8620886172151692,-0.07790143836485734
2025-03-17,San Pedro Bay,29.36085084825754,33.74584182165563,-0.07385479286313057,-0.021973326802253723,12.05481182038784,0.91633224,0.0,-2.617644693829523,-1.6122005224243696,,3.0742892296658213,-0.07563205350331671
2025-03-18,San Pedro Bay,29.11914425343275,33.524582628160715,-0.10254219174385071,-0.028077028691768646,12.359996929764748,0.42672694,0.0,-2.6535616307726317,-1.844240251475829,,3.231502968197977,-0.07336266864177607
2025-03-19,San Pedro Bay,28.487777329981327,32.407605182379484,-0.17639698460698128,-0.11658070608973503,10.528886273503304,0.42100766,84.98637390136719,-3.6258838143962304,-1.8519261061604417,,4.071444920194688,-0.07109328378023544
2025-03-20,San Pedro Bay,28.601306185126305,33.00424204207957,-0.12146366760134697,-0.07080294191837311,10.528886273503304,0.42765915,70.82198333740234,-2.817834256026783,-2.4361519859250675,,3.72491964919576,-0.06882389891869481
2025-03-21,San Pedro Bay,28.547837756574154,33.35825675167143,-0.07812738418579102,-0.02685628831386566,10.37629371881485,0.30679175,0.0,-2.70902751867278,-3.5056326953502164,,4.430382680044109,-0.06655451405715418
2025-03-22,San Pedro Bay,28.663563944399357,33.42387154698372,-0.062257759273052216,-0.032959990203380585,10.37629371881485,0.78833526,40.74326705932617,-1.927384344250392,-3.6491031224810224,,4.1268346234083895,-0.06428512919561354
2025-03-23,San Pedro Bay,28.79540390521288,33.48338264040649,-0.06530961021780968,-0.017090365290641785,10.37629371881485,0.83584076,81.48653411865234,-1.450487892377755,-0.8172533961351096,,1.6648778451973083,-0.062015744334072906
2025-03-24,San Pedro Bay,29.04956205189228,33.49253819324076,-0.0714133121073246,-0.025025177747011185,10.528886273503304,0.8379137,0.0,-2.0989112997933,-0.11497335761136131,,2.1020579243589914,-0.05974635947253227
2025-03-25,San Pedro Bay,29.006347842514515,33.40708636678755,-0.08484145626425743,-0.029908139258623123,10.528886273503304,1.5920956,0.0,-1.8879223930195428,-0.04999460630191384,,1.8885842376563244,-0.05747697461099163
2025-03-26,San Pedro Bay,29.010742507874966,33.355204900726676,-0.09399700909852982,-0.031128879636526108,10.528886273503304,1.5884224,36.23103713989258,-2.2135114305832104,0.22802146121092737,,2.225225076277745,-0.055207589749451
2025-03-27,San Pedro Bay,28.982177183032036,33.381145633757114,-0.09887997061014175,-0.028077028691768646,10.528886273503304,0.7815723,0.0,-2.942868900880157,0.09380006645679381,,2.9443633981278334,-0.052938204887910366
2025-03-28,San Pedro Bay,28.968260742723942,33.35062712430954,-0.12085329741239548,-0.02929776906967163,10.528886273503304,0.49497968,18.11551856994629,-2.7957280680741516,0.5371876518586921,,2.8468695094659826,-0.05066882002636973
2025-03-29,San Pedro Bay,28.920651867985725,33.37809378281236,-0.13306070119142532,-0.025635547935962677,10.528886273503304,0.43254024,27.17327880859375,-3.3041159156553244,0.7355505404578778,,3.3849987565218838,-0.0483994351648291
2025-03-30,San Pedro Bay,28.98803673684597,33.42234562151134,-0.13183996081352234,-0.023194067180156708,11.291849046945572,0.35891876,27.17327880859375,-2.638123941702577,0.6026350305099205,,2.7060796203700352,-0.04613005030328846
2025-03-31,San Pedro Bay,29.150639355182648,33.501693746075034,-0.11658070608973503,-0.02075258642435074,12.05481182038784,0.34336725,0.0,-2.423968763886418,-0.24542993936754082,,2.4363621289609236,-0.04386066544174783
2025-04-01,San Pedro Bay,29.28687398135662,33.535264106467366,-0.10437330231070518,-0.023194067180156708,11.444441601634026,0.39350364,0.0,-2.1800896206773097,-0.3084539181033904,,2.2018025737513955,-0.041591280580207196
2025-04-02,San Pedro Bay,29.407727278769016,33.55662706308067,-0.1031525619328022,-0.029908139258623123,10.528886273503304,0.34367225,0.0,-1.8806859054378475,-0.676860472115233,,1.9987795210139192,-0.03932189571866656
2025-04-03,San Pedro Bay,29.538834795355797,33.57799001969397,-0.09704886004328728,-0.030518509447574615,10.681478828191757,0.5034724,6.297186374664307,-2.2165928552684284,-0.6108508177629111,,2.299222174473068,-0.03705251085712593
2025-04-04,San Pedro Bay,29.481704145669937,33.60240482725203,-0.08362071588635445,-0.017090365290641785,11.749626711010933,0.48440674,0.0,-2.3180029548409053,-0.24603685330646677,,2.331023773331391,-0.03478312599558529
2025-04-05,San Pedro Bay,29.628192991018295,33.62987148575485,-0.08789330720901489,-0.015259254723787308,11.902219265699387,0.5080084,6.297186374664307,-2.8288077153830478,-0.08517953160346145,-0.032513741134044656,2.8300898648655743,-0.032513741134044656
2025-04-06,San Pedro Bay,29.644306764006615,33.643604815006256,-0.08362071588635445,-0.010986663401126862,12.05481182038784,0.35749468,8.829277992248535,-2.7726876184130136,0.48936748642804295,,2.8155420732203114,-0.032172764814800976
2025-04-07,San Pedro Bay,29.684591196477413,33.620715932920575,-0.08239997550845146,-0.016479995101690292,11.59703415632248,0.55377966,0.0,-2.103362928471729,-0.2703756022922282,,2.1206693696057513,-0.031831788495557296
2025-04-08,San Pedro Bay,29.84719381481409,33.645130740478635,-0.08423108607530594,-0.02624591812491417,11.291849046945572,0.2485866,0.0,-2.2176409266043815,-0.6315470880621736,,2.3058150411059755,-0.031490812176313616
2025-04-09,San Pedro Bay,29.85891292244196,33.680227026343346,-0.07812738418579102,-0.009155552834272385,12.05481182038784,0.33316696,0.0,-2.624668076872249,-0.0810642299987487,,2.6259196337926185,-0.031149835857069937
2025-04-10,San Pedro Bay,29.83474226295948,33.67412332445383,-0.0714133121073246,-0.009155552834272385,12.05481182038784,0.26636624,8.829277992248535,-2.2451959731634252,0.07633627621620188,,2.246493308464509,-0.030808859537826257
2025-04-11,San Pedro Bay,29.804712049663067,33.68633072823286,-0.07385479286313057,-0.012207403779029846,12.512589484453201,0.22985247,0.0,-3.0124771753062682,0.28507804802706954,,3.025935925496136,-0.030467883218582577
2025-04-12,San Pedro Bay,29.865504920482635,33.692434430122375,-0.07873775437474251,-0.0079348124563694,12.359996929764748,0.42313838,31.095109939575195,-2.705480266575845,0.6821982708819868,,2.79016450296854,-0.030126906899338893
2025-04-13,San Pedro Bay,29.919705793261528,33.71379738673568,-0.08606219664216042,-0.01037629321217537,12.512589484453201,0.8616836,0.0,-2.9572867267107648,0.4068457353935392,,2.985141242284455,-0.029785930580095214
2025-04-14,San Pedro Bay,30.061067529022694,33.74736774712801,-0.07873775437474251,-0.007324442267417908,12.359996929764748,1.2841337,0.0,-1.8548156530606499,0.41119607235944944,,1.8998482351921278,-0.029444954260851534
2025-04-15,San Pedro Bay,30.11673329025507,33.77025662921369,-0.08056886494159698,-0.006103701889514923,12.207404375076294,0.36027604,0.0,-2.4692629767345338,0.47416691814355416,-0.029103977941607854,2.514377440746247,-0.029103977941607854
2025-04-16,San Pedro Bay,30.103549294173717,33.78093810752034,-0.08667256683111191,-0.011597033590078354,12.512589484453201,0.605706,0.0,-3.0309958115296065,0.10015818519903044,,3.032650205937437,-0.0327956494257091
2025-04-17,San Pedro Bay,30.173131495714188,33.777886256575584,-0.08972441777586937,-0.012817773967981339,11.749626711010933,0.4143623,14.711615562438965,-2.5976952454832043,0.3953258837285489,,2.627604068871831,-0.036487320909810356
2025-04-18,San Pedro Bay,30.262489691376686,33.8053529150784,-0.09094515815377235,-0.01037629321217537,12.207404375076294,0.41996464,0.0,-2.962283083489181,0.22653401209839255,,2.970932299020556,-0.04017899239391161
2025-04-19,San Pedro Bay,30.307168789207935,33.812982542440295,-0.09460737928748131,-0.01342814415693283,12.05481182038784,0.3265406,14.711615562438965,-2.657748757896775,0.08149158872510513,,2.6589978072828098,-0.04387066387801286
2025-04-20,San Pedro Bay,30.38627276569605,33.82976772263646,-0.09460737928748131,-0.010986663401126862,12.207404375076294,0.3297315,0.0,-2.861478578287195,0.12086634625977373,-0.047562335362114114,2.8640300849772324,-0.047562335362114114
2025-04-21,San Pedro Bay,30.343791000545025,33.84655290283263,-0.08911404758691788,-0.012817773967981339,12.665182039141655,0.25176758,10.409769058227539,-2.7458163317690403,0.1073837428544877,,2.7479153182074274,-0.04952862475944142
2025-04-22,San Pedro Bay,30.477828294038773,33.86791585944593,-0.08789330720901489,-0.011597033590078354,11.902219265699387,0.37503216,0.0,-1.7463972195385857,0.11256154719326893,,1.750020957108413,-0.051494914156768726
2025-04-23,San Pedro Bay,30.60380870103836,33.884701039642096,-0.08911404758691788,-0.0158696249127388,11.59703415632248,0.51866746,0.0,-1.7061520195045226,-0.21130563192900007,,1.7191872451086516,-0.05346120355409603
2025-04-24,San Pedro Bay,30.674123346805573,33.90148621983826,-0.09094515815377235,-0.017700735479593277,11.59703415632248,0.2547811,0.0,-1.7307024650743001,-0.32706332684384337,,1.7613351306268838,-0.055427492951423345
2025-04-25,San Pedro Bay,30.678518012166023,33.91827140003443,-0.09094515815377235,-0.023194067180156708,11.59703415632248,0.22793132,0.0,-1.93560308058125,-0.3747624006008611,,1.9715491732289474,-0.05739378234875065
2025-04-26,San Pedro Bay,30.581835374236107,33.91216769814491,-0.08667256683111191,-0.014648884534835815,12.05481182038784,0.2282517,0.0,-2.427443643099141,-0.2388384429830077,,2.4391651117275717,-0.05936007174607796
2025-04-27,San Pedro Bay,30.630176693201065,33.919797325506806,-0.08667256683111191,-0.012207403779029846,12.05481182038784,0.2738855,12.32468032836914,-2.2650512069003836,0.21523185612089682,,2.275254210362027,-0.06132636114340526
2025-04-28,San Pedro Bay,30.66899623721838,33.922849176451564,-0.079348124563694,-0.009765923023223877,12.05481182038784,0.3117453,12.32468032836914,-2.025184782303456,0.41058757569002113,,2.0663870788853926,-0.06329265054073258
2025-04-29,San Pedro Bay,30.70122378319502,33.933530654758215,-0.07446516305208206,-0.008545182645320892,12.207404375076294,0.47559175,0.0,-2.096018520173067,0.25075407260000665,,2.1109645287957783,-0.06525893993805988
2025-04-30,San Pedro Bay,30.667531348764896,33.93047880381346,-0.07019257172942162,-0.006103701889514923,12.359996929764748,0.41785002,0.0,-2.409230228512247,0.47176111026334155,-0.06722522933538719,2.454984488573008,-0.06722522933538719
2025-05-01,San Pedro Bay,30.745170436799526,33.93810843117535,-0.06836146116256714,-0.015259254723787308,11.902219265699387,0.5640765,10.853129386901855,-2.1105954364574755,-0.329024452888079,,2.136087588792515,-0.06648110701739657
2025-05-02,San Pedro Bay,30.56645404547453,33.884701039642096,-0.05615405738353729,-0.010986663401126862,12.05481182038784,0.2956607,27.132827758789062,-2.2398923718145305,-0.1163122944819532,,2.2429102494662105,-0.06573698469940596
2025-05-03,San Pedro Bay,30.54594560712576,33.86486400850117,-0.04821924492716789,-0.001831110566854477,12.207404375076294,0.29598567,10.853129386901855,-2.263895581767958,1.5663442083033234,,2.7529361387496527,-0.06499286238141534
2025-05-04,San Pedro Bay,30.436811417341232,33.84655290283263,-0.05798516795039177,-0.0024414807558059692,12.665182039141655,0.77493113,5.426564693450928,-2.1110378796947398,1.2571981907111933,,2.4570364710833172,-0.06424874006342472
2025-05-05,San Pedro Bay,30.57524337619543,33.82976772263646,-0.07751701399683952,-0.003662221133708954,10.986663937568665,0.88389224,5.426564693450928,-1.2137648534897945,0.7380628797485146,,1.4205498703071893,-0.06350461774543412
2025-05-06,San Pedro Bay,30.43168430775404,33.81603439338505,-0.043336283415555954,-0.025025177747011185,11.291849046945572,0.8825386,17.331693649291992,0.08453951147867597,-0.14616372277542602,,0.16885130398260115,-0.0627604954274435
2025-05-07,San Pedro Bay,30.41190831363201,33.80382698960602,-0.11169774457812309,-0.0158696249127388,11.291849046945572,0.24999875,18.284255981445312,-0.950234374302698,0.7662344475962231,,1.2206803819139262,-0.062016373109452884
2025-05-08,San Pedro Bay,30.51371806114912,33.84044920094311,-0.13794366270303726,-0.011597033590078354,12.207404375076294,0.20778567,5.290306568145752,-2.773777065154567,1.5510931629417386,,3.1780071125317026,-0.06127225079146227
2025-05-09,San Pedro Bay,30.557664714753628,33.84502697736025,-0.13855403289198875,-0.017700735479593277,12.512589484453201,0.17834397,1.7219080924987793,-2.928412455439971,0.9948702490766346,,3.0927926412344173,-0.06052812847347165
2025-05-10,San Pedro Bay,30.629444248974323,33.85113067924976,-0.12390514835715294,-0.008545182645320892,12.207404375076294,0.7744581,3.6997697353363037,-2.41693364709361,0.9755111130367599,-0.05978400615548104,2.606374912807334,-0.05978400615548104
2025-05-11,San Pedro Bay,30.712942890822887,33.86333808302879,-0.11047700420022011,-0.001831110566854477,12.207404375076294,0.2198183,0.0,-1.8002684133575013,1.1160332825225083,,2.1181351816705893,-0.06253062006245902
2025-05-12,San Pedro Bay,30.77593309432268,33.8770714122802,-0.10498367249965668,-0.003662221133708954,12.512589484453201,0.80399364,0.0,-2.165419534655058,0.9022541040458048,,2.3458696104713974,-0.06527723396943699
2025-05-13,San Pedro Bay,30.888729505240917,33.88317511416972,-0.10498367249965668,-0.0048829615116119385,12.207404375076294,0.9513452,0.0,-2.2468320381815876,0.5406226030413904,,2.310958027900653,-0.06802384787641497
2025-05-14,San Pedro Bay,30.862361513078213,33.88164918869734,-0.10376293212175369,-0.009765923023223877,12.512589484453201,0.48153946,0.0,-2.7150076555332556,0.6750112235984297,,2.7976609375669588,-0.07077046178339294
2025-05-15,San Pedro Bay,30.85650195926428,33.86486400850117,-0.10437330231070518,-0.014038514345884323,12.359996929764748,0.17256269,20.65705680847168,-2.888659917784808,0.42147429569390166,-0.07351707569037091,2.919245913339129,-0.07351707569037091
2025-05-16,San Pedro Bay,30.748832657933235,33.849604753777385,-0.08667256683111191,-0.009155552834272385,13.27555225789547,0.1769617,11.45783805847168,-2.4665779798692,0.9549188089414944,,2.644971996533397,-0.07338359856236691
2025-05-17,San Pedro Bay,30.74663532525301,33.84655290283263,-0.08362071588635445,-0.005493331700563431,12.817774593830109,0.15930234,10.843008995056152,-2.582536759917504,0.7608504645263402,,2.692283333101319,-0.0732501214343629
2025-05-18,San Pedro Bay,30.760551765561104,33.8343454990536,-0.09094515815377235,-0.01037629321217537,12.665182039141655,1.0389526,12.509357452392578,-3.076351811154898,0.5748108199940856,,3.1295922968940055,-0.07311664430635889
2025-05-19,San Pedro Bay,30.712210446596146,33.814508467912674,-0.08667256683111191,-0.009765923023223877,12.970367148518562,0.7064326,11.817537307739258,-2.9855839813440106,0.9034883465164665,,3.119295257257481,-0.07298316717835489
2025-05-20,San Pedro Bay,30.66533401608467,33.79467143677175,-0.08484145626425743,-0.010986663401126862,12.970367148518562,0.521112,7.015478134155273,-2.85435879815532,0.6029179317918518,,2.9173402580231955,-0.07284969005035087
2025-05-21,San Pedro Bay,30.781792648136616,33.79924921318889,-0.08301034569740295,-0.011597033590078354,12.359996929764748,0.67879313,0.0,-2.3759695254332884,0.11624949653777583,,2.378811705712113,-0.07271621292234687
2025-05-22,San Pedro Bay,30.785454869270325,33.79924921318889,-0.07385479286313057,-0.0030518509447574615,12.512589484453201,0.61728317,0.0,-2.3712476899240325,0.6340091383230593,,2.4545433779925765,-0.07258273579434286
2025-05-23,San Pedro Bay,30.699758894741535,33.777886256575584,-0.07385479286313057,-0.0024414807558059692,12.512589484453201,0.637329,21.235565185546875,-2.785357025634596,1.149298166737619,,3.0131544992446795,-0.07244925866633885
2025-05-24,San Pedro Bay,30.459517188370228,33.680227026343346,-0.07263405248522758,-0.006103701889514923,12.359996929764748,0.5685971,28.314088821411133,-2.355618414906321,0.8761755055690872,,2.513289007099067,-0.07231578153833484
2025-05-25,San Pedro Bay,30.445600748062134,33.693960355594754,-0.06714072078466415,-0.006714072078466415,13.428144812583923,0.38922092,7.078522205352783,-2.313972228330859,0.4353628550249107,,2.3545717846398144,-0.07218230441033083
2025-05-26,San Pedro Bay,30.50199895352125,33.67564924992621,-0.08056886494159698,-0.001831110566854477,12.207404375076294,0.40122786,0.0,-2.295394162009335,0.7127225976786445,,2.4034990867958186,-0.07204882728232682
2025-05-27,San Pedro Bay,30.520310059189796,33.65428629331291,-0.08911404758691788,-0.0006103701889514923,12.207404375076294,0.364353,13.384702682495117,-2.685310896978259,1.153117401883005,,2.922426107869213,-0.07191535015432282
2025-05-28,San Pedro Bay,30.396526984870434,33.64207888953388,-0.07080294191837311,-0.0012207403779029846,13.580737367272377,0.3610464,15.296804428100586,-1.8919416775379105,1.617266785017631,,2.488974721672807,-0.0717818730263188
2025-05-29,San Pedro Bay,30.585497595369816,33.538315957412124,-0.046388134360313416,0.008545182645320892,10.528886273503304,0.3492874,13.384702682495117,-0.0966002354835689,0.7319595188611044,,0.738306401669971,-0.0716483958983148
2025-05-30,San Pedro Bay,31.009582802653313,33.56578261591494,-0.029908139258623123,-0.031128879636526108,10.528886273503304,0.6271565,6.692351341247559,0.2378839177875,0.06726892906053548,,0.24721219055475685,-0.0715149187703108
2025-05-31,San Pedro Bay,31.046937458217144,33.59172334894538,-0.062257759273052216,-0.04211554303765297,10.528886273503304,0.63988715,13.384702682495117,0.0056672196363295735,0.48027976961891905,,0.48031320456927723,-0.07138144164230678
2025-06-01,San Pedro Bay,31.161198757588863,33.608508529141545,-0.07629627361893654,0.0048829615116119385,10.528886273503304,0.6798354,4.380091667175293,-0.37632520837226097,1.1204024692490935,,1.1819146989338492,-0.07124796451430278
2025-06-02,San Pedro Bay,31.317941822111607,33.62987148575485,-0.04211554303765297,0.005493331700563431,10.528886273503304,2.5780978,0.0,-0.17611950266020956,1.1368310420716377,,1.1503924971221626,-0.07111448738629877
2025-06-03,San Pedro Bay,31.399975575506687,33.62376778386533,-0.05371257662773132,-0.0048829615116119385,10.528886273503304,1.7792641,8.760183334350586,-0.7386889499073368,1.1767212782279415,,1.3893647222200527,-0.07098101025829476
2025-06-04,San Pedro Bay,31.534745313227177,33.597827050834894,-0.0555436871945858,-0.03662221133708954,10.528886273503304,0.3893237,0.0,0.026360668104305537,0.06030825267794022,-0.07084753313029075,0.06581770403145064,-0.07084753313029075
2025-06-05,San Pedro Bay,31.232245847582817,33.60545667819679,-0.07690664380788803,-0.043946653604507446,10.528886273503304,0.39027882,13.140275955200195,-0.5607573476261838,0.12616555267899662,,0.5747752165843177,-0.07064606658199846
2025-06-06,San Pedro Bay,30.88213750720024,33.48490856587887,0.025635547935962677,-0.051881466060876846,10.528886273503304,0.43462363,36.528621673583984,2.1054319928865484,-0.3573497509244215,,2.135542722858985,-0.07044460003370616
2025-06-07,San Pedro Bay,30.610400699079037,33.465071534737945,0.014648884534835815,-0.016479995101690292,10.528886273503304,0.42993498,5.218374729156494,1.2965201410649432,0.9773876810399136,,1.6236536438648608,-0.07024313348541386
2025-06-08,San Pedro Bay,30.725394442677498,33.61766408197582,0.0238044373691082,-0.0012207403779029846,11.59703415632248,0.43951246,5.218374729156494,1.5927116830614727,1.345765663461264,,2.0851416561739504,-0.07004166693712156
2025-06-09,San Pedro Bay,30.79644153267145,33.704641833901405,0.03234962001442909,0.0079348124563694,12.665182039141655,1.3283265,15.655122756958008,1.491511897129984,0.7995199218192034,,1.6922883456036886,-0.06984020038882927
2025-06-10,San Pedro Bay,30.71880244463682,33.64970851689577,0.025635547935962677,0.016479995101690292,12.359996929764748,1.4019521,10.436749458312988,0.9585557211644683,1.2501568257694207,,1.5753479487386295,-0.06963873384053698
2025-06-11,San Pedro Bay,30.60014647990465,33.62681963481009,0.0006103701889514923,0.020142216235399246,12.817774593830109,1.4301931,6.122819423675537,0.12453776917336629,1.9732975245580051,,1.9772235018776783,-0.06943726729224468
2025-06-12,San Pedro Bay,30.540818497538567,33.60240482725203,-0.0238044373691082,0.001831110566854477,12.817774593830109,1.4301887,3.5933854579925537,-0.5328086556421304,0.7424122263670081,,0.9138167088570837,-0.06923580074395239
2025-06-13,San Pedro Bay,30.54155094176531,33.596301125362515,-0.06530961021780968,-0.005493331700563431,12.817774593830109,0.39632514,13.174116134643555,-2.364768070766915,0.33772276312209526,,2.3887621675774886,-0.06903433419566009
2025-06-14,San Pedro Bay,30.57451093196869,33.585619647055864,-0.079348124563694,-0.0006103701889514923,12.665182039141655,0.3711645,15.17611312866211,-2.489525998299529,0.8532714848802914,,2.6316937365732898,-0.06883286764736779
2025-06-15,San Pedro Bay,30.46391185373068,33.561204839497805,-0.08178960531949997,-0.0006103701889514923,12.970367148518562,0.18934165,10.062569618225098,-1.9526604129996665,1.0103930813625592,,2.1985851967484353,-0.06863140109907549
2025-06-16,San Pedro Bay,30.35843988507986,33.54289373382926,-0.07751701399683952,-0.005493331700563431,12.665182039141655,0.38911322,13.599020004272461,-1.3338162848961908,0.6067771693161524,,1.4653478819234698,-0.0684299345507832
2025-06-17,San Pedro Bay,30.59941403567791,33.58867149800062,-0.08423108607530594,0.0006103701889514923,11.749626711010933,0.4085174,5.949570655822754,-1.4754981157108449,0.7688309956215905,,1.6637895868452657,-0.0682284680024909
2025-06-18,San Pedro Bay,30.51738028228283,33.596301125362515,-0.09887997061014175,-0.010986663401126862,12.05481182038784,0.84344846,0.0,-1.9224839094609045,0.2563134024921526,,1.939495022533749,-0.0680270014541986
2025-06-19,San Pedro Bay,30.487350068986416,33.597827050834894,-0.09887997061014175,-0.0048829615116119385,12.359996929764748,0.8294874,11.899141311645508,-2.2058283993247114,0.9090492536361757,,2.3858016415460668,-0.0678255349059063
2025-06-20,San Pedro Bay,30.384075433015823,33.59935297630727,-0.08850367739796638,-0.008545182645320892,12.970367148518562,0.7413895,0.0,-1.904601708572664,1.1837255436187157,,2.2424793936429683,-0.067624068357614
2025-06-21,San Pedro Bay,30.43241675198078,33.608508529141545,-0.08362071588635445,0.0,12.359996929764748,0.42573854,5.819897174835205,-0.46325338075505057,0.7134428455605557,,0.8506493923247854,-0.0674226018093217
2025-06-22,San Pedro Bay,30.687307342886925,33.38419748470187,-0.04455702379345894,-0.04577776417136192,10.528886273503304,0.4189884,17.459692001342773,0.2271088402400278,0.07032148675718358,,0.2377467913872051,-0.06722113526102942
2025-06-23,San Pedro Bay,30.596484258770943,33.40708636678755,-0.03234962001442909,-0.06408886983990669,10.528886273503304,0.43222764,17.459692001342773,0.6471785258533104,-0.3253836169512243,,0.7243718261403634,-0.06701966871273712
2025-06-24,San Pedro Bay,30.592089593410492,33.48185671493411,-0.09826960042119026,-0.022583696991205215,10.528886273503304,0.41003838,0.0,-0.188749600738964,0.5390240256695867,,0.5711158481675723,-0.06681820216444483
2025-06-25,San Pedro Bay,30.769341096282005,33.475753013044596,-0.04150517284870148,-0.04028443247079849,10.528886273503304,0.33665216,11.63979434967041,0.5594115870876403,0.2860100246737418,,0.6282858091520029,-0.06661673561615253
2025-06-26,San Pedro Bay,30.535691387951374,33.55510113760829,-0.03418073058128357,-0.056764427572488785,10.528886273503304,0.34009945,4.538547039031982,1.489119783064587,-0.24286266074005966,,1.5087942206596843,-0.06641526906786023
2025-06-27,San Pedro Bay,30.661671794950962,33.692434430122375,-0.016479995101690292,-0.02624591812491417,11.902219265699387,0.31305078,9.077094078063965,1.5894740739005457,-0.25681649401405976,,1.610087743944308,-0.06621380251956793
2025-06-28,San Pedro Bay,30.649952687323093,33.718375163152814,-0.006103701889514923,-0.016479995101690292,12.512589484453201,0.370648,9.077094078063965,1.9966939416687437,-0.44605131271351434,,2.045910181378966,-0.06601233597127563
2025-06-29,San Pedro Bay,30.515915393829346,33.71532331220806,-0.0079348124563694,-0.006103701889514923,12.970367148518562,0.3713847,0.0,2.4124466616694153,-0.6770109004299802,,2.505642164136954,-0.06581086942298334
2025-06-30,San Pedro Bay,30.28885768353939,33.692434430122375,-0.016479995101690292,0.0048829615116119385,14.343700140714645,0.46827987,18.15418815612793,1.6377221466302956,0.15322222319002368,,1.644874122613228,-0.06560940287469104
2025-07-01,San Pedro Bay,30.359904773533344,33.66649369709194,-0.0079348124563694,-0.0048829615116119385,12.359996929764748,0.75546175,10.511246681213379,0.9792409644583867,0.043417895816873976,,0.9802030300659942,-0.06540793632639874
2025-07-02,San Pedro Bay,30.768608652055264,33.67870110087097,-0.035401470959186554,0.015259254723787308,11.139256492257118,0.9222549,7.20905876159668,0.5784315821887468,0.7272322458481584,,0.9292200141380583,-0.06520646977810644
2025-07-03,San Pedro Bay,30.62797936052084,33.619190007448196,0.005493331700563431,-0.006103701889514923,11.291849046945572,0.8650863,4.0447893142700195,1.5132077203790784,0.2945042446722486,,1.5415999335576072,-0.06500500322981415
2025-07-04,San Pedro Bay,30.613330475986004,33.52000485174358,-0.06042664870619774,0.025635547935962677,11.291849046945572,1.4555199,0.4778558611869812,-0.24758529814673355,1.5948761891936603,,1.6139791010776128,-0.06480353668152186
2025-07-05,San Pedro Bay,30.968565925955772,33.60698260366917,-0.05615405738353729,0.0079348124563694,10.83407138288021,1.4718513,15.427241325378418,0.03264026059497391,1.0782614053262845,,1.078755322039211,-0.06460207013322956
2025-07-06,San Pedro Bay,31.0374156832695,33.59935297630727,-0.06653035059571266,-0.003662221133708954,11.139256492257118,1.470249,9.230181694030762,0.36840535643969374,0.7560464996432253,,0.8410284277455974,-0.06440060358493727
2025-07-07,San Pedro Bay,31.312082268297672,33.608508529141545,-0.02685628831386566,-0.010986663401126862,11.291849046945572,1.2135665,0.0,1.0835869316233964,0.31148451779471215,,1.1274676240188946,-0.06419913703664497
2025-07-08,San Pedro Bay,31.2337107360363,33.61766408197582,0.010986663401126862,-0.009155552834272385,11.902219265699387,0.38500196,0.0,2.069826632400595,0.07992382048455224,,2.0713691378592167,-0.06399767048835267
2025-07-09,San Pedro Bay,31.09454633295536,33.62529370933771,0.017700735479593277,0.0079348124563694,12.665182039141655,0.29339787,0.0,2.0093495335924096,0.6276925946159927,,2.105108914399393,-0.06379620394006037
2025-07-10,San Pedro Bay,31.03668323904276,33.634449262171984,0.004272591322660446,0.012817773967981339,12.817774593830109,0.32754424,18.460363388061523,1.8558235063609072,1.0045578733359957,,2.110264771928639,-0.06359473739176807
2025-07-11,San Pedro Bay,30.973693035542965,33.57951594516635,0.001831110566854477,0.0012207403779029846,11.291849046945572,0.3225645,6.253306865692139,0.6233513907443863,0.3390205292379914,,0.7095786606062561,-0.06339327084347578
2025-07-12,San Pedro Bay,31.247627176344395,33.55815298855305,-0.005493331700563431,-0.025635547935962677,10.681478828191757,0.2394569,0.0,0.613208291609403,0.05282455460505262,,0.6154793599039247,-0.06319180429518348
2025-07-13,San Pedro Bay,31.28644672036171,33.585619647055864,0.003662221133708954,-0.014038514345884323,11.749626711010933,0.26832974,3.1266534328460693,1.183660747720845,0.053430870736906166,,1.1848660783577079,-0.06299033774689118
2025-07-14,San Pedro Bay,31.12311165779829,33.58867149800062,0.0158696249127388,-0.0024414807558059692,12.512589484453201,0.23158975,9.379961013793945,1.7469172181810904,0.02179000759623732,,1.7470531107005887,-0.06278887119859888
2025-07-15,San Pedro Bay,30.911435276269913,33.58256779611111,0.009765923023223877,0.010986663401126862,13.73332992196083,0.23227285,15.633268356323242,2.6018800877586834,-0.28592520518384706,,2.6175433547573874,-0.0625874046503066
2025-07-16,San Pedro Bay,30.62797936052084,33.55815298855305,0.021973326802253723,0.02075258642435074,14.496292695403099,0.22944663,7.418828964233398,3.2662007423558537,-0.22515232356638856,,3.2739518716947065,-0.062385938102014295
2025-07-17,San Pedro Bay,30.352580331265926,33.5398418828845,0.04943998530507088,0.036011841148138046,14.496292695403099,0.24061394,5.935063362121582,3.3043018979768553,1.8620193967977752,,3.792825762808595,-0.062184471553722004
2025-07-18,San Pedro Bay,30.115268401801586,33.536790031939745,0.056764427572488785,0.03662221133708954,14.343700140714645,0.26839235,4.451297760009766,3.1012809301687483,3.586457256378974,,4.741373119641792,-0.061983005005429706
2025-07-19,San Pedro Bay,29.988555550575256,33.535264106467366,0.03784295171499252,0.020142216235399246,13.885922476649284,0.48246548,2.967531681060791,1.379601773098373,2.547786280393396,,2.8973291119403384,-0.06178153845713741
2025-07-20,San Pedro Bay,29.951200895011425,33.54136780835688,0.017700735479593277,0.012207403779029846,13.580737367272377,0.78810656,5.935063362121582,0.7228928026643618,1.4354796884975591,,1.607226163373713,-0.06158007190884511
2025-07-21,San Pedro Bay,30.07571641355753,33.54594558477402,0.04699850454926491,0.0158696249127388,12.207404375076294,0.82945704,6.015814781188965,1.6344191910407504,0.9265572260496545,,1.8787853483533268,-0.06137860536055281
2025-07-22,San Pedro Bay,29.95339822769165,33.54289373382926,0.054322946816682816,0.0238044373691082,13.580737367272377,0.82559204,4.010542869567871,2.296424437993505,1.9006751380114222,,2.9809614522278753,-0.061177138812260515
2025-07-23,San Pedro Bay,30.00613421201706,33.573412243276834,0.04821924492716789,0.029908139258623123,12.970367148518562,0.8458082,0.0,2.459870391811343,2.6940378299872054,,3.6481231028999366,-0.06097567226396822
2025-07-24,San Pedro Bay,30.105746626853943,33.60240482725203,0.035401470959186554,0.032959990203380585,12.817774593830109,0.8879646,0.0,1.7414308924794684,3.280255876303399,,3.7138470845344207,-0.06077420571567592
2025-07-25,San Pedro Bay,30.208288818597794,33.62681963481009,0.03418073058128357,0.029908139258623123,12.665182039141655,1.5564761,0.0,1.454449787590865,2.6245934532939126,,3.000652425672853,-0.06057273916738363
2025-07-26,San Pedro Bay,30.401654094457626,33.655812218785286,0.04943998530507088,0.02929776906967163,11.749626711010933,1.3432082,0.0,1.2879492619928363,1.96632853810602,-0.06037127261909133,2.350587420462819,-0.06037127261909133
2025-07-27,San Pedro Bay,30.477828294038773,33.67564924992621,0.0476088747382164,0.0238044373691082,12.207404375076294,1.2602111,0.0,2.134364867922533,2.0248391239664736,,2.9420208815314837,-0.06135280194160402
2025-07-28,San Pedro Bay,30.511520728468895,33.70158998295665,0.025635547935962677,0.022583696991205215,12.359996929764748,0.33089697,0.0,1.9648233121006258,2.0905011939058182,,2.868924169352638,-0.06233433126411671
2025-07-29,San Pedro Bay,30.5466780513525,33.72295293956995,0.007324442267417908,0.019531846046447754,12.359996929764748,0.44341096,0.0,1.4284928517196662,2.0802219386637333,,2.5234728335197283,-0.0633158605866294
2025-07-30,San Pedro Bay,30.78691975772381,33.741264045238495,0.005493331700563431,0.021973326802253723,11.749626711010933,1.4575931,0.0,0.928641407258764,2.0027471660691325,,2.2075713067698355,-0.06429738990914209
2025-07-31,San Pedro Bay,30.965636149048805,33.74736774712801,0.014648884534835815,0.008545182645320892,11.139256492257118,1.6348717,0.0,0.8767048977046499,1.3113553584810205,,1.577423327416013,-0.06527891923165477
2025-08-01,San Pedro Bay,31.175115197896957,33.75041959807277,-0.030518509447574615,0.010986663401126862,11.139256492257118,0.46490678,0.0,0.035049266930139315,1.5002103154095086,,1.500619685854293,-0.06626044855416746
2025-08-02,San Pedro Bay,31.29084138572216,33.751945523545146,-0.07751701399683952,0.005493331700563431,11.139256492257118,0.24788174,0.0,-0.5684775793281595,1.1160482308968653,,1.2524896853414909,-0.06724197787668015
2025-08-03,San Pedro Bay,31.371410250663757,33.7549973744899,-0.07995849475264549,-0.0024414807558059692,10.986663937568665,0.20422332,0.0,-0.7224042608103332,0.7400040211713239,,1.0341536962108935,-0.06822350719919285
2025-08-04,San Pedro Bay,31.549394197762012,33.74889367260039,-0.07995849475264549,-0.014038514345884323,10.83407138288021,0.19092517,1.6253398656845093,-0.8924942371568757,0.32146746348494676,,0.9486238946166594,-0.06920503652170554
2025-08-05,San Pedro Bay,31.522293761372566,33.655812218785286,-0.04577776417136192,-0.032959990203380585,10.528886273503304,0.32953689,3.2506797313690186,-0.1702047671787912,0.4239099248844044,,0.45680333534890905,-0.07018656584421823
2025-08-06,San Pedro Bay,31.304757826030254,33.70311590842903,0.017090365290641785,-0.036011841148138046,10.681478828191757,0.38790977,0.0,1.724214895157334,0.3117887141633661,,1.7521784175597135,-0.07116809516673091
2025-08-07,San Pedro Bay,31.185369417071342,33.657338144257665,0.006103701889514923,-0.0158696249127388,10.528886273503304,0.20963357,7.210168838500977,0.6630848535236693,0.5679694243681905,,0.8730812046938359,-0.0721496244892436
2025-08-08,San Pedro Bay,30.964903704822063,33.69701220653951,-0.016479995101690292,-0.009765923023223877,11.444441601634026,0.20417327,21.63050651550293,0.14687894263704282,0.6018847894002226,,0.6195471923118738,-0.07313115381175629
2025-08-09,San Pedro Bay,31.175115197896957,33.693960355594754,-0.030518509447574615,0.020142216235399246,11.444441601634026,0.37747318,0.0,-0.7855186958851124,1.2314665309561272,,1.460667463336596,-0.07411268313426898
2025-08-10,San Pedro Bay,31.20954007655382,33.6405529640615,-0.02624591812491417,0.0012207403779029846,10.528886273503304,0.4925871,0.0,-0.10638230607575778,0.1826416607589641,,0.2113650190802365,-0.07509421245678166
2025-08-11,San Pedro Bay,31.29889827221632,33.32773824222386,0.012817773967981339,-0.05737479776144028,10.528886273503304,1.1749682,0.0,0.4174100382058492,-0.3850166936356214,,0.5678635349915634,-0.07607574177929435
2025-08-12,San Pedro Bay,31.10626544058323,33.31247898750007,0.0030518509447574615,-0.05310220643877983,10.528886273503304,1.1738251,10.691813468933105,0.3423551615914554,-0.022061325428588355,,0.34306523978388953,-0.07705727110180705
2025-08-13,San Pedro Bay,31.006653025746346,33.333841944113374,-0.003662221133708954,-0.025025177747011185,10.528886273503304,1.2190869,5.345906734466553,0.20234505534448397,0.2657594614071881,,0.3340233715622321,-0.07803880042431974
2025-08-14,San Pedro Bay,30.620654918253422,33.34147157147527,0.025635547935962677,-0.035401470959186554,10.528886273503304,1.2179627,21.38362693786621,0.6909117199378392,0.5619126536355239,,0.8905643351623617,-0.07902032974683243
2025-08-15,San Pedro Bay,30.617725141346455,33.393353037536144,-0.032959990203380585,-0.01037629321217537,10.528886273503304,0.47480723,21.38362693786621,-0.4889359418915886,1.4139232648840898,,1.4960739802074958,-0.08000185906934512
2025-08-16,San Pedro Bay,30.606006033718586,33.416241919621825,-0.027466658502817154,0.0079348124563694,10.528886273503304,0.32314208,23.761714935302734,-1.2554907528120396,1.0691960746858744,,1.64907164080892,-0.0809833883918578
2025-08-17,San Pedro Bay,30.72173222154379,33.46049375832081,-0.0634784996509552,-0.017700735479593277,10.528886273503304,0.22124581,0.0,-1.3881421623833807,0.14770075590991527,,1.3959778566591838,-0.08196491771437049
2025-08-18,San Pedro Bay,30.712942890822887,33.48490856587887,-0.07690664380788803,-0.02075258642435074,10.528886273503304,0.47842643,7.920572757720947,-2.1075730661389307,0.1842848745369186,,2.1156146019767736,-0.08294644703688318
2025-08-19,San Pedro Bay,30.68071534484625,33.44828635454178,-0.07873775437474251,-0.012207403779029846,10.528886273503304,0.29679403,0.0,-2.390778822317464,0.5550177094557245,,2.454356949396554,-0.08392797635939586
2025-08-20,San Pedro Bay,30.563524268567562,33.49406411871314,-0.05615405738353729,-0.02136295661330223,10.528886273503304,0.292105,15.841145515441895,-1.6140435382588603,0.1544974200322428,,1.6214209805574245,-0.08490950568190855
2025-08-21,San Pedro Bay,30.551805160939693,33.426923397928476,0.006714072078466415,-0.04699850454926491,10.528886273503304,0.293343,22.984336853027344,0.6668113808543789,0.6633698007856602,,0.9405832819220901,-0.08589103500442125
2025-08-22,San Pedro Bay,30.638233579695225,33.512375224381685,0.02136295661330223,-0.0317392498254776,10.528886273503304,0.3437502,15.322891235351562,0.9943073993250585,0.5248210384826943,,1.124315047834287,-0.08687256432693394
2025-08-23,San Pedro Bay,30.650685131549835,33.634449262171984,-0.01037629321217537,-0.06164738908410072,10.528886273503304,1.6065255,15.322891235351562,0.9506870143199904,-1.0217435781083617,,1.3956237811825705,-0.08785409364944663
2025-08-24,San Pedro Bay,30.46024963259697,33.69853813201189,-0.009155552834272385,-0.030518509447574615,10.528886273503304,1.5733665,0.0,1.4317255062459757,-0.5524153658408774,,1.5346011409002687,-0.08883562297195932
2025-08-25,San Pedro Bay,30.250038139522076,33.60698260366917,0.043946653604507446,-0.01831110566854477,10.83407138288021,1.2714021,15.322891235351562,2.1290063542856728,0.4017786127943513,,2.166585818814414,-0.08981715229447201
2025-08-26,San Pedro Bay,30.49320962280035,33.730582566931844,0.062257759273052216,0.010986663401126862,11.902219265699387,1.3345813,6.0587687492370605,1.729016831350829,0.8375243836818561,,1.921183566543326,-0.09079868161698469
2025-08-27,San Pedro Bay,30.414105646312237,33.76873070374131,0.03479110077023506,0.015259254723787308,12.817774593830109,1.7230369,6.0587687492370605,1.4617746278492616,1.3859504302437475,,2.0143593665770454,-0.09178021093949738
2025-08-28,San Pedro Bay,30.279335908591747,33.76110107637942,0.0012207403779029846,0.004272591322660446,14.191107586026192,1.7341378,6.0587687492370605,0.898276081637236,0.628202311786897,,1.0961469168756295,-0.09276174026201008
2025-08-29,San Pedro Bay,30.564989157021046,33.70769368484616,0.02136295661330223,0.0024414807558059692,10.83407138288021,1.6448764,6.0587687492370605,0.9184928863472839,0.3378307722255769,,0.9786515278346497,-0.09374326958452275
2025-08-30,San Pedro Bay,30.216345705091953,33.6115603800863,0.02868739888072014,-0.02685628831386566,11.139256492257118,1.0086281,30.293842315673828,1.8365971018079181,-0.5045982249344144,,1.9046543736269335,-0.09472479890703545
2025-08-31,San Pedro Bay,30.135044395923615,33.6619159206748,0.040894802659749985,0.007324442267417908,12.207404375076294,0.51767135,18.176305770874023,2.179048945599182,0.4545478220925172,,2.225953285647737,-0.09570632822954814
2025-09-01,San Pedro Bay,30.06326486170292,33.71074553579092,0.012817773967981339,0.017700735479593277,13.73332992196083,0.3857519,0.0,1.947200726133221,1.3353588430997878,,2.361095912431036,-0.09668785755206083
2025-09-02,San Pedro Bay,30.273476354777813,33.7336344178766,0.02624591812491417,0.009765923023223877,12.05481182038784,0.33012557,0.0,1.3353679078929088,0.8618543625225319,,1.5893396086517835,-0.09766938687457352
2025-09-03,San Pedro Bay,30.641163356602192,33.73668626882136,-0.009765923023223877,0.019531846046447754,10.528886273503304,0.32326838,0.0,0.3245101891508861,0.7267641504597716,,0.7959227307071066,-0.09865091619708621
2025-09-04,San Pedro Bay,30.51005584001541,33.60545667819679,-0.03723258152604103,0.0079348124563694,10.528886273503304,0.31134513,13.793169975280762,-0.729939483808314,1.0942073556096108,,1.3153331848214447,-0.0996324455195989
2025-09-05,San Pedro Bay,30.270546577870846,33.63902703858912,-0.05005035549402237,0.0006103701889514923,12.05481182038784,0.23833679,0.0,-1.7332680393539603,1.4267805805505687,,2.244976819764992,-0.10061397484211158
2025-09-06,San Pedro Bay,30.31669056415558,33.643604815006256,-0.07812738418579102,-0.0024414807558059692,12.817774593830109,0.2461667,10.748485565185547,-2.211125578672825,1.470742695639012,,2.655590405434683,-0.10159550416462428
2025-09-07,San Pedro Bay,30.389202542603016,33.60240482725203,-0.09094515815377235,-0.009765923023223877,11.902219265699387,0.23534311,5.374242782592773,-2.0855970150888012,0.0975171983838121,,2.0878755981446657,-0.10257703348713697
2025-09-08,San Pedro Bay,30.196569710969925,33.58104187063873,-0.06530961021780968,-0.019531846046447754,12.970367148518562,0.3995767,26.871213912963867,-1.0620175700241687,-0.7689708564461316,,1.311181717804034,-0.10355856280964965
2025-09-09,San Pedro Bay,30.279335908591747,33.58256779611111,-0.08362071588635445,-0.009155552834272385,12.05481182038784,0.60479933,5.374242782592773,-1.6056214669925726,0.19299406676554862,,1.617178717728528,-0.10454009213216234
2025-09-10,San Pedro Bay,30.335734114050865,33.57493816874921,-0.07873775437474251,0.0012207403779029846,11.291849046945572,0.4863677,10.748485565185547,-1.0029740318714195,0.46515683037799377,,1.1055893385229947,-0.10552162145467503
2025-09-11,San Pedro Bay,30.360637217760086,33.48338264040649,-0.08850367739796638,-0.035401470959186554,10.528886273503304,1.3505362,17.896930694580078,-0.8478343700113594,-0.06085605268897155,,0.8500156340453049,-0.10650315077718772
2025-09-12,San Pedro Bay,30.196569710969925,33.25449381954968,-0.09582811966538429,-0.054322946816682816,10.528886273503304,0.56065935,22.371164321899414,-0.7496087693072241,-0.4216134769331187,-0.10748468009970041,0.8600414123482221,-0.10748468009970041
2025-09-13,San Pedro Bay,30.08450574427843,33.27890862710774,-0.015259254723787308,-0.04821924492716789,10.528886273503304,0.6479485,4.4742326736450195,0.17005608089554902,0.48249810085729933,,0.5115891789125862,-0.09290250350110141
2025-09-14,San Pedro Bay,30.245643474161625,33.297219732776284,-0.07080294191837311,-0.0006103701889514923,10.528886273503304,0.55127144,0.0,-1.0376608548112891,0.9075471362780874,,1.3785433813174879,-0.07832032690250242
2025-09-15,San Pedro Bay,30.11746573448181,33.28043455258012,-0.059205908328294754,-0.0012207403779029846,10.528886273503304,0.22795175,13.422698974609375,-0.43769988240576063,0.9759105777367829,,1.069571242506341,-0.06373815030390341
2025-09-16,San Pedro Bay,30.009063988924026,33.346049347892404,-0.017090365290641785,-0.0024414807558059692,10.528886273503304,0.20150323,5.996826648712158,-0.27800981625317506,1.1928342020079765,,1.2248032051775217,-0.04915597370530441
2025-09-17,San Pedro Bay,30.32987456023693,33.34910119883716,-0.019531846046447754,-0.0048829615116119385,10.528886273503304,0.20382461,5.996826648712158,-0.10623701143457415,1.1250628775117792,,1.130067600169846,-0.03457379710670541
2025-09-18,San Pedro Bay,30.57963804155588,33.356730826199055,0.001831110566854477,-0.03418073058128357,10.528886273503304,0.22515096,0.0,0.6664350701527955,0.2573301662821763,,0.7143910114274772,-0.019991620508106406
2025-09-19,San Pedro Bay,30.192175045609474,33.40098266489804,0.0238044373691082,-0.05066072568297386,10.528886273503304,0.2358885,0.0,1.8163505460467673,-0.03902311600299142,,1.816769690881861,-0.005409443909507414
2025-09-20,San Pedro Bay,30.05154575407505,33.64207888953388,0.03418073058128357,-0.010986663401126862,11.749626711010933,0.24668425,17.990480422973633,2.7074859019612405,0.10820572138922178,,2.7096472810054513,0.009172732689091592
2025-09-21,San Pedro Bay,30.16214483231306,33.77178255468607,0.05493331700563431,0.025025177747011185,12.665182039141655,0.42626658,16.780670166015625,2.35682635007611,1.5016787015363018,,2.794578566986592,0.023754909287690584
2025-09-22,San Pedro Bay,30.118198178708553,33.80687884055078,0.03357036039233208,0.023194067180156708,12.970367148518562,0.45917442,8.390335083007812,0.8244075671561754,2.0340736070068655,0.038337085886289576,2.194790029935958,0.038337085886289576
2025-09-23,San Pedro Bay,30.126987509429455,33.80993069149554,-0.014038514345884323,0.009155552834272385,12.665182039141655,0.45939234,0.0,-0.19595948506115338,0.8636950022953696,,0.8856461916450783,0.036393963495466024
2025-09-24,San Pedro Bay,30.232459478080273,33.80382698960602,0.0024414807558059692,-0.023194067180156708,12.359996929764748,0.4629339,8.390335083007812,1.6072005383012566,-1.1714221932681337,,1.9887995186033645,0.03445084110464247
2025-09-25,San Pedro Bay,29.743186734616756,33.72447886504233,0.059816278517246246,0.03234962001442909,13.428144812583923,0.51078546,58.73234558105469,5.262022543051392,0.1967716927133307,,5.265700365823554,0.03250771871381892
2025-09-26,San Pedro Bay,29.566667675971985,33.69701220653951,0.025025177747011185,0.02075258642435074,13.73332992196083,0.49154255,12.416144371032715,0.02800563736714799,2.3997015254498635,,2.3998649393186153,0.03056459632299537
2025-09-27,San Pedro Bay,30.07205419242382,33.669545548036695,-0.06897183135151863,-0.01892147585749626,10.528886273503304,0.58561784,0.0,-0.7394013944560548,0.15700288721801225,,0.755886452265385,0.028621473932171817
2025-09-28,San Pedro Bay,30.11233862489462,33.608508529141545,-0.11047700420022011,-0.01037629321217537,10.528886273503304,0.621944,6.208072185516357,-1.3018896879917092,0.16432239894985687,,1.3122189643865791,0.026678351541348268
2025-09-29,San Pedro Bay,30.050080865621567,33.585619647055864,-0.10864589363336563,-0.0079348124563694,10.528886273503304,0.8210601,0.0,-1.8639499192617137,0.8983016897727422,,2.069119432841979,0.024735229150524715
2025-09-30,San Pedro Bay,29.919705793261528,33.57646409422159,-0.10559404268860817,-0.0079348124563694,11.291849046945572,1.2199509,0.0,-1.2699411225339439,1.3210753325761033,,1.832482056950036,0.022792106759701163
2025-10-01,San Pedro Bay,30.244911029934883,33.58714557252824,-0.09094515815377235,-0.04821924492716789,10.528886273503304,0.96632844,12.991596221923828,0.14862942305595897,-0.020416972360687388,,0.1500251917456675,0.02084898436887761
2025-10-02,San Pedro Bay,30.016388431191444,33.608508529141545,-0.06714072078466415,-0.0317392498254776,10.83407138288021,0.96480757,17.322128295898438,1.0325793141173607,0.54148258953049,,1.1659431524339958,0.018905861978054057
2025-10-03,San Pedro Bay,30.144566170871258,33.65886406973004,-0.09643848985433578,0.0006103701889514923,11.749626711010933,1.2517886,0.0,-1.2611175039144722,1.5114588446076782,,1.9684829685883103,0.016962739587230508
2025-10-04,San Pedro Bay,30.34232611209154,33.65886406973004,-0.09460737928748131,-0.015259254723787308,11.139256492257118,0.637854,0.0,-0.3791469690839031,-0.2215628165015717,,0.43913836751258634,0.015019617196406956
2025-10-05,San Pedro Bay,30.237586587667465,33.67564924992621,-0.040894802659749985,-0.022583696991205215,12.359996929764748,0.3911653,4.330532073974609,0.6741982026797776,-1.303544857697942,,1.4675736480760992,0.013076494805583403
2025-10-06,San Pedro Bay,30.449262969195843,33.66344184614718,-0.043336283415555954,-0.03906369209289551,10.528886273503304,1.440593,5.217402935028076,0.09368150971947828,-0.4657757853394244,,0.47510347027976785,0.011133372414759854
2025-10-07,San Pedro Bay,30.528366945683956,33.59477519989014,-0.040894802659749985,-0.03906369209289551,10.528886273503304,0.542308,8.43580436706543,-0.309300467513067,-0.019147547754011958,,0.3098925745944778,0.009190250023936301
2025-10-08,San Pedro Bay,30.507126063108444,33.46964931115508,-0.016479995101690292,-0.0048829615116119385,10.528886273503304,0.3778241,9.421330451965332,-0.03619651433150259,0.687190311003524,,0.6881429438618627,0.007247127633112749
2025-10-09,San Pedro Bay,30.2031617090106,33.44981228001416,0.019531846046447754,-0.017700735479593277,10.528886273503304,0.3814926,9.107012748718262,1.184292586167622,0.6017753748761416,,1.3284135393238488,0.005304005242289196
2025-10-10,San Pedro Bay,30.373088769614697,33.55662706308067,-0.006714072078466415,-0.03784295171499252,10.528886273503304,0.21054484,8.061278343200684,1.2333681417447906,0.11990675641034675,,1.239183038660491,0.0033608828514656436
2025-10-11,San Pedro Bay,30.21854303777218,33.36436045356095,-0.07263405248522758,-0.05798516795039177,10.528886273503304,0.19788066,15.85666275024414,-0.10938737868346855,-0.3259490988050694,,0.3438145046781439,0.001417760460642091
2025-10-12,San Pedro Bay,30.338663890957832,33.3536789752543,-0.11047700420022011,-0.020142216235399246,10.528886273503304,0.21834369,6.383488178253174,-1.1474603706893958,0.0010249525973777757,,1.1474608284514434,-0.0005253619301814616
2025-10-13,San Pedro Bay,30.39506209641695,33.442182652652264,-0.08545182645320892,-0.0238044373691082,10.528886273503304,0.34310082,23.784992218017578,-1.5512049058721795,-0.508722442926591,,1.632493547901221,-0.0024684843210050073
2025-10-14,San Pedro Bay,30.475630961358547,33.4467604290694,-0.08911404758691788,-0.03418073058128357,10.528886273503304,0.30698058,13.591425895690918,-1.8097627177697333,-0.33933840768133083,,1.8413016183007584,-0.00441160671182856
2025-10-15,San Pedro Bay,30.375286102294922,33.26670122332871,-0.10498367249965668,-0.046388134360313416,10.528886273503304,0.36039287,23.784992218017578,-1.440203116235216,-0.4323704594831229,,1.50370516732745,-0.0063547291026521124
2025-10-16,San Pedro Bay,30.44047363847494,33.37199008092284,-0.11230811476707458,-0.0476088747382164,10.528886273503304,0.5065973,7.583208084106445,-2.028678642913153,-0.6419445485324685,,2.127822793280142,-0.008297851493475665
2025-10-17,San Pedro Bay,30.604541145265102,33.3750419318676,-0.07446516305208206,-0.056764427572488785,10.528886273503304,0.8070937,22.749622344970703,0.09900030460379143,-0.32126313851001104,,0.33617118329349116,-0.010240973884299218
2025-10-18,San Pedro Bay,30.31302834302187,33.465071534737945,-0.028077028691768646,0.012207403779029846,11.59703415632248,0.8150112,37.916038513183594,-0.07321047238130682,2.5026004337397576,,2.5036710455290883,-0.01218409627512277
2025-10-19,San Pedro Bay,30.304239012300968,33.51542707532644,-0.05371257662773132,-0.005493331700563431,13.27555225789547,0.6633152,0.0,-2.2398469099912255,1.0869460645136642,,2.4896517682918997,-0.014127218665946323
2025-10-20,San Pedro Bay,30.48149051517248,33.4971159696579,-0.08117923513054848,-0.01892147585749626,10.986663937568665,0.6671412,0.0,-1.9372986125838672,-0.3904728546893567,,1.97625781834472,-0.01607034105676987
2025-10-21,San Pedro Bay,30.465376742184162,33.46049375832081,-0.0714133121073246,-0.017700735479593277,11.291849046945572,0.5175079,22.172775268554688,-1.4918697556009892,-0.40923846977516093,,1.5469814132111837,-0.01801346344759342
2025-10-22,San Pedro Bay,30.462446965277195,33.475753013044596,-0.056764427572488785,-0.010986663401126862,11.902219265699387,0.6257322,0.0,-1.6826695786366297,-0.013987823593449897,-0.019956585838416974,1.6827277171539234,-0.019956585838416974
2025-10-23,San Pedro Bay,30.471236295998096,33.46659746021032,-0.0476088747382164,-0.003662221133708954,12.05481182038784,0.63064104,22.172775268554688,-1.6191130671661278,0.6460087826428995,,1.7432310436427716,0.10521062488259722
2025-10-24,San Pedro Bay,30.446333192288876,33.45744190737605,-0.046388134360313416,-0.001831110566854477,12.05481182038784,0.50587004,0.0,-1.4596475010731735,0.7406818343437354,,1.6368202122151232,0.23037783560361141
2025-10-25,San Pedro Bay,30.412640757858753,33.37809378281236,-0.06530961021780968,-0.027466658502817154,10.986663937568665,0.4875412,33.25916290283203,-1.6538410121079703,-0.36434620046814553,,1.6934988181648931,0.3555450463246256
2025-10-26,San Pedro Bay,30.178991049528122,33.37351600639522,-0.08606219664216042,-0.01037629321217537,12.512589484453201,0.5570781,32.78801345825195,-3.4625519305888024,0.8549462758876591,,3.566538799267214,0.4807122570456398
2025-10-27,San Pedro Bay,30.17459638416767,33.37199008092284,-0.09216589853167534,-0.012817773967981339,12.817774593830109,0.4156723,28.10401153564453,-2.732729684454659,0.94937568808622,0.605879467766654,2.8929441276023367,0.605879467766654
2025-10-28,San Pedro Bay,30.21488081663847,33.330790093168616,-0.08484145626425743,-0.01892147585749626,10.528886273503304,0.5163696,0.0,-0.9228899280743393,0.11436514109442181,,0.9299490334629131,0.4581713561047027
2025-10-29,San Pedro Bay,30.184850603342056,33.31858268938959,-0.06408886983990669,-0.014648884534835815,11.139256492257118,0.5775373,24.59100914001465,-1.0131880350085756,0.7558551756101966,,1.2640676567261975,0.3104632444427514
2025-10-30,San Pedro Bay,30.167271941900253,33.3536789752543,-0.06164738908410072,-0.0012207403779029846,12.512589484453201,1.2199695,0.0,-1.6234153920873544,1.406065679187056,,2.1476727472904003,0.16275513278080012
2025-10-31,San Pedro Bay,30.302774123847485,33.3750419318676,-0.07202368229627609,0.0006103701889514923,11.902219265699387,0.994041,0.0,-1.354525870097,1.0905971369985572,,1.7390061667491248,0.015047021118848813
2025-11-01,San Pedro Bay,30.36576432734728,33.37199008092284,-0.07629627361893654,-0.005493331700563431,11.902219265699387,0.4670776,11.902167320251465,-1.1962111933088142,0.4452385768265714,-0.1326610905431025,1.2763849769140374,-0.1326610905431025
2025-11-02,San Pedro Bay,30.516647838056087,33.37809378281236,-0.05249183624982834,-0.03723258152604103,11.59703415632248,1.3908857,11.902167320251465,-0.08033016850849012,-1.6591511524326008,,1.6610946639463477,-0.1780059148254169
2025-11-03,San Pedro Bay,30.12112795561552,33.37809378281236,-0.03418073058128357,-0.0024414807558059692,14.343700140714645,1.3920971,95.21733856201172,-1.3407542719273495,-2.6190248454783216,,2.9422632715180645,-0.22335073910773132
2025-11-04,San Pedro Bay,29.866237364709377,33.2819604780525,-0.05493331700563431,-0.02136295661330223,14.038515031337738,1.2258712,11.902167320251465,-3.0181506762197303,2.5514073101714234,,3.952077019335756,-0.26869556339004574
2025-11-05,San Pedro Bay,30.12479017674923,33.27890862710774,-0.06775109097361565,-0.011597033590078354,11.59703415632248,0.9158688,0.0,-0.6272681947654191,0.4336846053375299,,0.7625927648955482,-0.31404038767236014
2025-11-06,San Pedro Bay,30.332071892917156,33.283486403524876,-0.0238044373691082,-0.028077028691768646,11.444441601634026,3.2948797,0.0,0.650967758580923,-1.114552679894989,-0.35938521195467454,1.2907310715145013,-0.35938521195467454
2025-11-07,San Pedro Bay,30.176061272621155,33.3246863912791,0.0030518509447574615,-0.01037629321217537,12.512589484453201,2.573458,0.0,1.9565028282765315,-2.996011504606503,,3.578266095861037,-0.33612688980474226
2025-11-08,San Pedro Bay,29.914578683674335,33.36588637903333,0.038453321903944016,0.031128879636526108,14.343700140714645,2.5735116,49.16607666015625,5.69001025497949,-2.166619297242084,,6.088551213626567,-0.31286856765480997
2025-11-09,San Pedro Bay,29.549089014530182,33.393353037536144,0.09643848985433578,0.056764427572488785,14.343700140714645,2.0255215,18.437278747558594,2.2423723465765195,4.555165302012092,,5.077180779659712,-0.2896102455048777
2025-11-10,San Pedro Bay,29.558610789477825,33.405560441315174,0.04943998530507088,0.014648884534835815,13.122959703207016,2.5802608,0.0,1.036291074054874,2.5450365655555958,,2.7479283670031918,-0.26635192335494534
2025-11-11,San Pedro Bay,29.987823106348515,33.40250859037042,-0.0006103701889514923,0.012207403779029846,11.291849046945572,2.7166326,0.0,0.18831225235467403,1.0365293128765676,-0.24309360120501305,1.0534963316686299,-0.24309360120501305
2025-11-12,San Pedro Bay,30.028839983046055,33.38877526111901,-0.024414807558059692,0.008545182645320892,11.59703415632248,1.3952335,7.871158123016357,-0.807749163039402,0.622403640495688,,1.0197279059107582,-0.23941992045015306
2025-11-13,San Pedro Bay,29.824488043785095,33.35825675167143,-0.0158696249127388,-0.009155552834272385,12.817774593830109,1.1956241,23.613473892211914,-1.6540003235320069,-0.24298111224255034,,1.671752640539446,-0.23574623969529307
2025-11-14,San Pedro Bay,29.697042748332024,33.285012328997254,-0.025025177747011185,-0.007324442267417908,12.665182039141655,1.0434674,39.35579299926758,-2.63489668520407,-0.05710554516104661,,2.635515430610782,-0.23207255894043305
2025-11-15,San Pedro Bay,29.610614329576492,33.260597521439195,-0.036011841148138046,-0.015259254723787308,13.885922476649284,1.5645691,31.48463249206543,-3.3801254292925234,-0.5670754874381839,,3.4273637866738365,-0.22839887818557306
2025-11-16,San Pedro Bay,29.600360110402107,33.20871605537832,-0.04516739398241043,-0.016479995101690292,12.359996929764748,1.4614285,60.44525909423828,-2.9539366815017387,-0.5337953211353412,,3.001779366173918,-0.22472519743071306
2025-11-17,San Pedro Bay,29.676534309983253,33.21787160821259,-0.03234962001442909,-0.01342814415693283,12.512589484453201,1.7704183,0.0,-2.3064841354783074,-0.7425317658802653,,2.423060562708737,-0.22105151667585307
2025-11-18,San Pedro Bay,29.66261786967516,33.19193087518215,-0.030518509447574615,-0.011597033590078354,12.207404375076294,1.1299542,0.0,-2.2341095114458525,-0.9622491310350045,,2.432523113828612,-0.21737783592099308
2025-11-19,San Pedro Bay,29.718283630907536,33.22092345915735,-0.029908139258623123,-0.004272591322660446,12.665182039141655,1.6015137,0.0,-2.596152319435379,-0.3725081994696338,,2.622740784824495,-0.2137041551661331
2025-11-20,San Pedro Bay,29.690450750291348,33.21939753368497,-0.036011841148138046,-0.009155552834272385,12.665182039141655,0.5826907,0.0,-2.331481571505106,-0.5406669535710485,,2.3933505954940486,-0.2100304744112731
2025-11-21,San Pedro Bay,29.674336977303028,33.21481975726783,-0.040894802659749985,-0.008545182645320892,12.359996929764748,0.59357,17.53744125366211,-2.100886917215316,-0.7964405672101282,,2.2467851290286895,-0.20635679365641307
2025-11-22,San Pedro Bay,29.644306764006615,33.23007901199162,-0.04211554303765297,-0.006714072078466415,12.512589484453201,0.5019832,15.11124038696289,-2.452104174101524,-1.2828998122675406,,2.7674260259241272,-0.20268311290155308
2025-11-23,San Pedro Bay,29.641376987099648,33.231604937464,-0.04150517284870148,-0.011597033590078354,12.359996929764748,0.5368986,16.029285430908203,-1.8622995805200326,-2.205155974753259,,2.886325103067062,-0.1990094321466931
2025-11-24,San Pedro Bay,29.169682905077934,32.99203463830054,-0.08423108607530594,-0.0238044373691082,10.528886273503304,0.54369074,35.54052734375,-3.963379352169643,-0.7638438036208265,,4.036314314512014,-0.1953357513918331
2025-11-25,San Pedro Bay,29.22974333167076,33.05307165719569,-0.06164738908410072,-0.009155552834272385,11.749626711010933,0.5364325,19.005229949951172,-3.1159481647606917,1.895224127171648,,3.647054627735792,-0.1916620706369731
2025-11-26,San Pedro Bay,29.248786881566048,33.03476055152714,-0.06103701889514923,-0.0030518509447574615,11.902219265699387,0.8248567,16.902359008789062,-2.691858681584599,1.8472162352878458,,3.264706875285035,-0.18798838988211308
2025-11-27,San Pedro Bay,29.36817529052496,33.06070128455758,-0.0476088747382164,0.0012207403779029846,11.59703415632248,3.2128985,11.548027038574219,-2.310946743017286,1.395731791698962,,2.6997300019486015,-0.1843147091272531
2025-11-28,San Pedro Bay,29.469252593815327,33.092745719477534,-0.02685628831386566,-0.010986663401126862,10.528886273503304,1.2118777,3.5363478660583496,-1.1028099725779987,0.4770410680811931,,1.2015648198301796,-0.1806410283723931
2025-11-29,San Pedro Bay,29.669942311942577,33.068330911919475,-0.030518509447574615,-0.04943998530507088,10.528886273503304,1.744898,1.3197243213653564,-0.39792485397867405,-0.526667008313748,,0.6600926655100045,-0.1769673476175331
2025-11-30,San Pedro Bay,29.54029968380928,33.054597582668066,-0.039674062281847,-0.06103701889514923,10.528886273503304,0.6876857,10.646181106567383,-0.7107421044869426,-0.9856205869884758,,1.2151552495817295,-0.1732936668626731
2025-12-01,San Pedro Bay,29.46998503804207,33.04849388077855,-0.021973326802253723,-0.05005035549402237,10.528886273503304,0.68264,23.835803985595703,-0.14404780836766645,-1.274404011354422,,1.2825191442047832,-0.1696199861078131
2025-12-02,San Pedro Bay,29.553483679890633,33.091219794005156,-0.009155552834272385,-0.05859553813934326,10.528886273503304,0.43189707,0.0,0.2611645757224324,-1.3234627920315358,,1.3489850620018689,-0.16594630535295313
2025-12-03,San Pedro Bay,29.546159237623215,33.18582717329264,-0.012817773967981339,-0.05798516795039177,10.528886273503304,0.8761534,0.0,-0.16240728860722844,-2.0309009506525735,,2.0373843031579186,-0.1622726245980931
2025-12-04,San Pedro Bay,29.414319276809692,33.32926416769624,-0.029908139258623123,-0.030518509447574615,10.528886273503304,0.87475115,83.42530822753906,-0.259917142888759,-3.655840028871076,,3.6650679717930914,-0.15859894384323311
2025-12-05,San Pedro Bay,29.260505989193916,33.38724933564663,0.019531846046447754,-0.0048829615116119385,12.665182039141655,1.1284381,47.671607971191406,0.9673954090998499,-3.417313626321138,,3.551603341898922,-0.15492526308837312
2025-12-06,San Pedro Bay,29.34839929640293,33.35215304978192,0.027466658502817154,-0.017090365290641785,10.528886273503304,1.0497811,17.7575626373291,-0.35719575371297924,0.22448391948790652,,0.4218789359274011,-0.1512515823335131
2025-12-07,San Pedro Bay,29.313974417746067,33.36436045356095,-0.04272591322660446,-0.0006103701889514923,11.902219265699387,2.4534082,0.0,-2.93644380610513,1.6008990677044606,,3.3444850203566756,-0.14757790157865314
2025-12-08,San Pedro Bay,29.358653515577316,33.31095306202769,-0.07263405248522758,-0.014648884534835815,11.749626711010933,2.147457,0.0,-2.7301615848865914,0.43661671340430025,,2.7648537816699164,-0.14390422082379312
2025-12-09,San Pedro Bay,29.480971701443195,33.297219732776284,-0.09216589853167534,-0.021973326802253723,11.749626711010933,1.9269642,0.0,-1.2705530706908785,-1.3346405512481756,,1.842707384930677,-0.14023054006893312
2025-12-10,San Pedro Bay,29.498550362885,33.31247898750007,-0.09704886004328728,-0.022583696991205215,11.902219265699387,1.4563495,0.0,-1.7764253484325638,-1.159329841149407,,2.1212573392055156,-0.13655685931407313
2025-12-11,San Pedro Bay,29.485366366803646,33.321634540334344,-0.11291848495602608,-0.024414807558059692,11.749626711010933,0.4266877,0.0,-2.48565279637688,-1.0590100962876154,,2.701846074108462,-0.13288317855921314
2025-12-12,San Pedro Bay,29.461195707321167,33.31095306202769,-0.10925626382231712,-0.024414807558059692,12.05481182038784,0.4116,18.50414276123047,-2.7081936414813876,-1.2290821805111787,,2.974047041694252,-0.12920949780435315
2025-12-13,San Pedro Bay,29.4091921672225,33.31400491297245,-0.09094515815377235,-0.021973326802253723,12.817774593830109,0.4533512,18.50414276123047,-2.3439228922825426,-1.6780006116380346,,2.882648188319861,-0.12553581704949313
2025-12-14,San Pedro Bay,29.371105067431927,33.332316018640995,-0.07324442267417908,-0.01831110566854477,12.817774593830109,1.8758649,18.50414276123047,-1.8981248672549025,-1.792416677229278,,2.6106772218145022,-0.12186213629463315
2025-12-15,San Pedro Bay,29.403332613408566,33.342997496947646,-0.08545182645320892,-0.020142216235399246,12.512589484453201,2.0223181,0.0,-2.958362520984549,-1.749376141493649,,3.4368918647512414,-0.11818845553977314
2025-12-16,San Pedro Bay,29.362315736711025,33.33689379505813,-0.09277626872062683,-0.01831110566854477,12.817774593830109,1.2022758,0.0,-2.980297174143613,-0.19616628932719182,,2.986746132378312,-0.11451477478491315
2025-12-17,San Pedro Bay,29.354258850216866,33.330790093168616,-0.09277626872062683,-0.022583696991205215,12.665182039141655,0.79970115,0.0,-2.6334942364757423,-0.9629629801990136,,2.8040309546766276,-0.11084109403005316
2025-12-18,San Pedro Bay,29.267830431461334,33.32773824222386,-0.09338663890957832,-0.0238044373691082,12.970367148518562,0.47923774,0.0,-3.233326399916095,-1.5094607368558677,,3.5683149138639423,-0.10716741327519316
2025-12-19,San Pedro Bay,29.177739791572094,33.283486403524876,-0.09155552834272385,-0.015259254723787308,11.444441601634026,0.34613648,42.35454559326172,-3.3395245540488663,-0.04281358314954775,,3.3397989834715176,-0.10349373252033314
2025-12-20,San Pedro Bay,28.94701986014843,33.19193087518215,-0.08606219664216042,-0.017090365290641785,12.05481182038784,0.52682024,21.17727279663086,-2.8553190433597697,0.48056734868316237,,2.895477821706344,-0.09982005176547315
2025-12-21,San Pedro Bay,28.806390568614006,33.141575334593654,-0.07507553324103355,-0.01342814415693283,12.665182039141655,0.48991415,48.496910095214844,-2.5041472221954093,0.21791419789320404,,2.5136109301306804,-0.09614637101061316
2025-12-22,San Pedro Bay,28.68480482697487,33.06222721002996,-0.0714133121073246,-0.011597033590078354,12.05481182038784,0.95668656,24.248455047607422,-2.273576844077259,0.14374301046541615,,2.2781162654662666,-0.09247269025575316
2025-12-23,San Pedro Bay,28.66869105398655,33.07443461380899,-0.05371257662773132,-0.01037629321217537,12.512589484453201,0.7548003,24.248455047607422,-2.0274336103872246,0.2423397014374623,,2.0418657094482424,-0.08879900950089317
2025-12-24,San Pedro Bay,28.680410161614418,33.007293893024325,-0.05737479776144028,-0.012207403779029846,10.528886273503304,1.9821085,0.0,-1.9095441114824339,-0.2946180898043105,,1.9321383316256573,-0.08512532874603318
2025-12-25,San Pedro Bay,28.604968406260014,32.90963466279209,-0.04150517284870148,-0.03418073058128357,10.528886273503304,1.296032,0.0,-0.962973376245434,-0.7322759894758152,,1.2097709899482274,-0.08145164799117316
2025-12-26,San Pedro Bay,28.698721267282963,32.984405010938644,-0.043336283415555954,-0.019531846046447754,10.986663937568665,0.530406,0.0,-2.673263711268969,-1.312661614668465,,2.9781570449879844,-0.07777796723631317
2025-12-27,San Pedro Bay,28.741203032433987,33.030182775110006,-0.03906369209289551,-0.01037629321217537,11.59703415632248,0.34447655,60.93425369262695,-2.890404807912552,-0.3999680067436672,,2.9179469426332103,-0.07410428648145317
2025-12-28,San Pedro Bay,28.72655414789915,33.00271611660719,-0.027466658502817154,-0.0048829615116119385,11.749626711010933,0.30866125,12.186850547790527,-1.9807003775892909,-0.03902022012283222,,1.981084693636492,-0.07043060572659318
2025-12-29,San Pedro Bay,28.830561228096485,33.02407907322049,-0.025635547935962677,-0.0012207403779029846,11.902219265699387,0.55020165,0.0,-1.7659349751650908,0.6137883000456266,,1.8695620914492865,-0.06675692497173319
2025-12-30,San Pedro Bay,28.911862537264824,33.01187166944146,-0.028077028691768646,-0.008545182645320892,10.986663937568665,0.91843706,12.186850547790527,-1.7224708095797878,0.3456955616723166,,1.7568184627941466,-0.0630832442168732
2025-12-31,San Pedro Bay,28.95507674664259,33.03933832794428,-0.02075258642435074,0.0024414807558059692,11.749626711010933,0.3049951,0.0,-1.6576256762435795,0.40206799632516543,,1.7056909322063354,-0.059409563462013176
2026-01-01,San Pedro Bay,29.056154049932957,33.043916104361415,-0.027466658502817154,-0.001831110566854477,10.528886273503304,0.32573968,0.0,-1.3389865992219094,0.03282379215067924,,1.3393888584824816,-0.055735882707153184
2026-01-02,San Pedro Bay,28.871578104794025,32.886745780706406,-0.01831110566854477,-0.031128879636526108,10.528886273503304,0.34932196,0.0,-0.7869202328151453,-0.9648093248615282,,1.2450303153552529,-0.05206220195229319
2026-01-03,San Pedro Bay,28.420392461121082,32.60292364284396,-0.09094515815377235,-0.04516739398241043,10.528886273503304,0.6265733,77.21188354492188,-3.047396215455202,-1.7078950984469,,3.4933550293764353,-0.0483885211974332
2026-01-04,San Pedro Bay,28.33762626349926,32.851649494841695,-0.07995849475264549,-0.014648884534835815,12.05481182038784,2.5010278,92.65425109863281,-2.384621521330598,-2.4536505285434607,,3.4215231573401135,-0.044714840442573206
2026-01-05,San Pedro Bay,28.355204924941063,32.8943754080683,-0.04577776417136192,-0.0030518509447574615,12.05481182038784,2.535422,0.0,-1.4215213165226992,0.019514501927759383,,1.4216552567742702,-0.04104115968771321
2026-01-06,San Pedro Bay,28.396221801638603,32.86996060051024,-0.03784295171499252,-0.030518509447574615,10.528886273503304,2.5544178,0.0,-0.8340809198868765,-0.7742075165957599,,1.1380194460872415,-0.03736747893285319
2026-01-07,San Pedro Bay,28.39109469205141,32.81197543255985,-0.056764427572488785,-0.05249183624982834,10.528886273503304,2.5648968,0.0,-0.6656716809903435,-0.5600948565147897,,0.8699569156957329,-0.0336937981779932
2026-01-08,San Pedro Bay,28.35374003648758,32.84707171842456,-0.08972441777586937,-0.03234962001442909,10.528886273503304,2.084729,0.0,-2.7021272459585344,-0.9007389401590534,,2.8483016503998146,-0.030020117423133208
2026-01-09,San Pedro Bay,28.28855250030756,32.88369392976165,-0.08239997550845146,-0.02075258642435074,10.528886273503304,1.2695434,37.59006881713867,-3.1906154055778253,-0.15574121802080088,,3.1944141862477937,-0.026346436668273215
2026-01-10,San Pedro Bay,27.943571269512177,32.4854273814708,-0.06469924002885818,-0.06530961021780968,10.528886273503304,0.653969,37.59006881713867,-1.4004388208838994,0.23251163912921627,,1.4196092960280449,-0.022672755913413223
2026-01-11,San Pedro Bay,28.110568553209305,32.67616806551814,-0.10681478306651115,-0.03418073058128357,10.528886273503304,0.7584786,0.0,-2.45221529357346,-0.3862306189241769,,2.482445152874505,-0.01899907515855323
2026-01-12,San Pedro Bay,28.25193028897047,32.81807913444936,-0.07995849475264549,-0.036011841148138046,10.528886273503304,0.58523047,0.0,-2.3479781962757955,-0.7212390353943513,,2.456254741748728,-0.01532539440369321
2026-01-13,San Pedro Bay,28.400616466999054,32.898953184485435,-0.07080294191837311,-0.03784295171499252,10.528886273503304,0.9393463,10.62208366394043,-1.6896809390289311,-1.0554944243097286,,1.9922575524933055,-0.011651713648833217
2026-01-14,San Pedro Bay,28.241676069796085,32.98593093641102,-0.04028443247079849,-0.031128879636526108,10.528886273503304,0.94245166,42.48833465576172,-0.9103214345520576,-2.272187831299345,,2.4477587003031442,-0.007978032893973225
2026-01-15,San Pedro Bay,28.171361424028873,33.14920496195555,-0.009765923023223877,-0.007324442267417908,11.139256492257118,0.93748164,53.11042022705078,1.30698705231151,-3.7653935425044205,,3.98577516737258,-0.004304352139113232
2026-01-16,San Pedro Bay,27.947233490645885,33.08511609211564,0.07690664380788803,0.010986663401126862,10.986663937568665,0.95502734,94.31851959228516,4.552991869339242,-2.4047389373659924,,5.149029454096506,-0.0006306713842532397
2026-01-17,San Pedro Bay,27.83809930086136,33.14615311101079,0.10010071098804474,0.035401470959186554,12.665182039141655,1.0597411,15.719752311706543,4.30344834540236,1.4160420898491441,,4.5304351735534905,0.0030430093706067807
2026-01-18,San Pedro Bay,27.89156772941351,33.27890862710774,0.04943998530507088,0.01037629321217537,13.27555225789547,1.117118,0.0,2.4533478777111273,0.07689122807404025,,2.4545525193045727,0.006716690125466773
2026-01-19,San Pedro Bay,27.991180144250393,33.31553083844483,0.03418073058128357,-0.006103701889514923,12.359996929764748,2.5979292,0.0,2.522653724351572,-1.4869928593366812,,2.928298068281837,0.010390370880326738
2026-01-20,San Pedro Bay,28.016083247959614,33.36130860261619,0.003662221133708954,-0.010986663401126862,12.512589484453201,4.689381,0.0,1.7619739975611244,-2.3900499935931454,0.014064051635186774,2.969325064716917,0.014064051635186774
2026-01-21,San Pedro Bay,27.98532059043646,33.40098266489804,-0.040894802659749985,-0.016479995101690292,12.970367148518562,1.9128948,0.0,-0.3114214962275189,-3.8570512027264883,,3.869602993688944,0.010775298484074729
2026-01-22,San Pedro Bay,27.829309970140457,33.44370857812464,-0.04150517284870148,-0.010986663401126862,14.343700140714645,1.2974571,0.0,-1.385035404741184,-4.296998256705077,,4.514700110806148,0.007486545332962684
2026-01-23,San Pedro Bay,27.671834461390972,33.465071534737945,-0.03784295171499252,-0.014038514345884323,14.343700140714645,1.1340663,0.0,-2.134711776476711,-3.571590507596572,,4.160919744789882,0.004197792181850639
2026-01-24,San Pedro Bay,27.493118070065975,33.4681233856827,-0.031128879636526108,-0.01342814415693283,14.343700140714645,0.6936106,0.0,-1.3486203129808356,-3.186537046370597,,3.4601726974931144,0.0009090390307385943
2026-01-25,San Pedro Bay,27.345896780490875,33.39487896300852,-0.02685628831386566,-0.019531846046447754,10.681478828191757,0.37299758,33.24591064453125,-1.5755627454847003,-3.080805737906415,,3.460312407814701,-0.0023797141203734506
2026-01-26,San Pedro Bay,27.07782219350338,33.23007901199162,-0.051881466060876846,-0.02075258642435074,10.37629371881485,0.3946045,35.96261978149414,-2.652606225880624,-1.232549008829514,,2.9249780937209193,-0.0056684672714854955
2026-01-27,San Pedro Bay,26.992858663201332,33.14462718553841,-0.0476088747382164,-0.02136295661330223,10.37629371881485,0.4044987,15.73364543914795,-2.2427167586123162,-1.4034901260263801,,2.6456687232558194,-0.00895722042259754
2026-01-28,San Pedro Bay,27.126163512468338,33.22855308651924,-0.03784295171499252,-0.019531846046447754,12.05481182038784,0.5291971,0.0,-1.872185188726492,-2.750073320179225,,3.326857473239339,-0.012245973573709585
2026-01-29,San Pedro Bay,27.166447944939137,33.31095306202769,-0.025025177747011185,-0.012207403779029846,13.428144812583923,0.4449507,0.0,-1.3286608593599223,-2.869399329259448,,3.162086682864595,-0.01553472672482163
2026-01-30,San Pedro Bay,26.966490671038628,33.056123508140445,-0.02685628831386566,-0.04211554303765297,10.681478828191757,0.42902574,62.9345817565918,-1.4275283877269598,-2.62500182329657,,2.9880548639669673,-0.018823479875933677
2026-01-31,San Pedro Bay,26.907895132899284,33.04086425341666,-0.07690664380788803,-0.0238044373691082,10.528886273503304,0.58195186,15.73364543914795,-2.9842862352581805,-0.8506315533424326,,3.1031497504137957,-0.022112233027045722
2026-02-01,San Pedro Bay,27.026551097631454,33.030182775110006,-0.06958220154047012,-0.03479110077023506,10.528886273503304,0.90954965,0.0,-2.4334603411858113,-1.15318427659698,,2.6928726683440987,-0.025400986178157767
2026-02-02,San Pedro Bay,26.9555040076375,33.02560499869287,-0.09155552834272385,-0.03479110077023506,10.528886273503304,0.856446,70.80782318115234,-2.8784712264297645,-2.0829090161057953,,3.553041875739559,-0.02868973932926981
2026-02-03,San Pedro Bay,26.969420447945595,33.11410867609084,-0.09887997061014175,-0.02624591812491417,10.83407138288021,0.72734505,10.115403175354004,-2.538594039980722,-2.955304014934627,,3.8959314060330126,-0.03197849248038186
2026-02-04,San Pedro Bay,27.116641737520695,33.248390117660165,-0.09460737928748131,-0.019531846046447754,12.05481182038784,0.75970626,10.115403175354004,-2.2915549525536254,-3.494512950381631,,4.178856884479053,-0.0352672456314939
2026-02-05,San Pedro Bay,26.92693868279457,33.16599014215171,-0.10681478306651115,-0.030518509447574615,10.986663937568665,0.9547766,70.80782318115234,-3.2761961821412657,-3.501306090167646,,4.79506055862927,-0.038555998782605946
2026-02-06,San Pedro Bay,26.8485671505332,33.007293893024325,-0.13061922043561935,-0.025635547935962677,10.528886273503304,3.6792662,66.49607849121094,-3.761853588472985,1.537573961700317,,4.063948339829861,-0.04184475193371799
2026-02-07,San Pedro Bay,27.378124326467514,32.92794576846063,-0.13916440308094025,-0.032959990203380585,10.528886273503304,3.6792421,15.199104309082031,-1.246305369313912,1.1309524813869378,,1.6829529371720287,-0.045133505084830036
2026-02-08,San Pedro Bay,27.436719864606857,32.898953184485435,-0.16846217215061188,-0.051881466060876846,10.528886273503304,2.8689857,13.299215316772461,-1.4191757199369337,0.11746814009511512,,1.4240289631871677,-0.04842225823594208
2026-02-09,San Pedro Bay,27.063905753195286,32.85927912220359,-0.17090365290641785,-0.06775109097361565,10.528886273503304,2.822314,39.89764404296875,-3.6324355919176843,-1.952096584814496,,4.1237445854314005,-0.051711011387054126
2026-02-10,San Pedro Bay,26.710867635905743,32.528153294697404,-0.1580858789384365,-0.06653035059571266,10.528886273503304,0.8331115,66.49607849121094,-2.813571579638393,-1.0753461099774706,,3.012068108458466,-0.05499976453816617
2026-02-11,San Pedro Bay,26.87786491960287,32.65633103437722,-0.11841181665658951,-0.06286812946200371,10.528886273503304,1.3408151,20.1508846282959,-2.371176359566468,-1.3420652859384192,,2.72463145395627,-0.058288517689278216
2026-02-12,San Pedro Bay,27.154728837311268,32.81807913444936,-0.10376293212175369,-0.05859553813934326,10.528886273503304,1.5525571,20.1508846282959,-3.0702869920069302,-1.2208105263248001,,3.30409451355018,-0.06157727084039026
2026-02-13,San Pedro Bay,27.292428351938725,32.94167909771204,-0.09949034079909325,-0.039674062281847,10.528886273503304,1.5179329,60.452659606933594,-3.198099650889172,-0.818120356876887,,3.3010850178924214,-0.0648660239915023
2026-02-14,San Pedro Bay,27.455030970275402,33.02560499869287,-0.10254219174385071,-0.032959990203380585,10.528886273503304,0.9204857,20.1508846282959,-3.1784714435345225,-0.3133065219083064,,3.1938756541284934,-0.06815477714261435
2026-02-15,San Pedro Bay,27.66304513067007,33.08359016664326,-0.1031525619328022,-0.03357036039233208,10.528886273503304,0.84962004,0.0,-3.194977580091718,-0.850856098159827,,3.3063329894407936,-0.0714435302937264
2026-02-16,San Pedro Bay,27.80220953375101,33.14767903648317,-0.10193182155489922,-0.032959990203380585,10.528886273503304,1.5643634,0.0,-3.3237082035906766,-0.9959212360780629,,3.4697111307841206,-0.07473228344483844
2026-02-17,San Pedro Bay,27.914273500442505,33.22855308651924,-0.09887997061014175,-0.03357036039233208,10.681478828191757,2.0849898,0.0,-3.0967243490680834,-2.5091596673250085,,3.9856723310179043,-0.07802103659595049
2026-02-18,San Pedro Bay,27.91647083312273,33.35062712430954,-0.09399700909852982,-0.020142216235399246,13.122959703207016,0.7920378,14.791205406188965,-3.635690646137147,-3.1766522043595624,,4.8279773924358445,-0.08130978974706253
2026-02-19,San Pedro Bay,27.731162443757057,33.38724933564663,-0.10498367249965668,-0.025635547935962677,14.343700140714645,0.79072547,29.58241081237793,-3.4901148916530387,-2.5801125496489714,,4.340262978875176,-0.08459854289817458
2026-02-20,San Pedro Bay,27.614703811705112,33.41929377056658,-0.07995849475264549,-0.017090365290641785,14.343700140714645,0.81105345,14.791205406188965,-2.684472080066241,-2.3325855801520627,,3.5563107059688286,-0.08788729604928662
2026-02-21,San Pedro Bay,27.586138486862183,33.35215304978192,-0.08606219664216042,-0.029908139258623123,10.681478828191757,0.54805416,23.783334732055664,-2.8542459567372114,-2.054896379892491,,3.517004281152638,-0.09117604920039867
2026-02-22,San Pedro Bay,27.186223939061165,32.912686513736844,-0.119022186845541,-0.04150517284870148,10.528886273503304,0.5080506,63.75101089477539,-2.4493069588423526,-1.1099311063223167,,2.689061479292628,-0.09446480235151071
2026-02-23,San Pedro Bay,27.226508371531963,32.9874568618834,-0.10803552344441414,-0.04211554303765297,10.528886273503304,0.5126914,24.202638626098633,-3.0201475287566995,-0.7416960832906705,,3.109888129085019,-0.09775355550262275
2026-02-24,San Pedro Bay,27.538529612123966,33.079012390226126,-0.12329477816820145,-0.040894802659749985,10.528886273503304,0.86738586,14.488945007324219,-2.731722879239254,-0.6751071424134972,,2.813908232813735,-0.1010423086537348
2026-02-25,San Pedro Bay,27.74507888406515,33.12326422892511,-0.11169774457812309,-0.0555436871945858,10.528886273503304,0.92056775,2.7919840812683105,-1.3713434011906662,-1.513116011028061,,2.042082952971954,-0.10433106180484684
2026-02-26,San Pedro Bay,27.917935721576214,33.19498272612691,-0.09277626872062683,-0.059205908328294754,10.528886273503304,1.5902733,0.0,-0.9711769446686205,-1.5731430046131567,,1.8487735315119553,-0.10761981495595889
2026-02-27,San Pedro Bay,28.191869862377644,33.26212344691157,-0.08056886494159698,-0.06164738908410072,10.528886273503304,0.81958354,0.0,-0.4420551689375837,-1.150308738489705,,1.2323242131152874,-0.11090856810707093
2026-02-28,San Pedro Bay,28.301736496388912,33.3033234346658,-0.079348124563694,-0.06286812946200371,10.528886273503304,0.6548422,0.0,-1.132587426671509,-1.2382694397851233,,1.6781136685457734,-0.11419732125818298
2026-03-01,San Pedro Bay,28.3698538094759,33.38724933564663,-0.08545182645320892,-0.04272591322660446,10.528886273503304,1.3221973,0.0,-2.424989054049709,-0.9455426181813047,-0.11748607440929501,2.602810549206004,-0.11748607440929501
2026-03-02,San Pedro Bay,28.428449347615242,33.41013821773231,-0.07873775437474251,-0.05005035549402237,10.528886273503304,0.8815327,0.0,-1.6657844384037603,-1.3929711616357454,,2.1714526134311494,-0.09895886231443242
2026-03-03,San Pedro Bay,28.48045288771391,33.48185671493411,-0.06775109097361565,-0.04455702379345894,10.528886273503304,0.47151506,0.0,-1.480454548027857,-1.85273165121419,,2.371573368080192,-0.08043165021956983
2026-03-04,San Pedro Bay,28.494369328022003,33.57799001969397,-0.054322946816682816,-0.03418073058128357,10.37629371881485,0.6330543,0.0,-1.4874279369099328,-2.1219296016095615,,2.591336933261873,-0.06190443812470722
2026-03-05,San Pedro Bay,28.64012572914362,33.6619159206748,-0.05798516795039177,-0.0238044373691082,11.139256492257118,2.152964,0.0,-1.63932522725361,-0.9974761419370797,,1.9189439424964403,-0.04337722602984463
2026-03-06,San Pedro Bay,28.810052789747715,33.70006405748427,-0.06714072078466415,-0.025025177747011185,11.444441601634026,0.8339968,0.0,-1.6857045314447618,-1.594556569974149,-0.024850013934982037,2.320390144389759,-0.024850013934982037
2026-03-07,San Pedro Bay,28.7624439150095,33.70769368484616,-0.07263405248522758,-0.025025177747011185,11.749626711010933,0.553956,0.0,-1.9858778776637105,-2.1934632592441567,,2.958883575717051,-0.029404321100890373
2026-03-08,San Pedro Bay,28.62767417728901,33.646656665951014,-0.10193182155489922,-0.025635547935962677,11.139256492257118,0.5534353,43.34014892578125,-3.1290395455894444,-2.088466627588809,,3.7619916709656294,-0.03395862826679871
2026-03-09,San Pedro Bay,28.42698445916176,33.596301125362515,-0.10925626382231712,-0.025025177747011185,12.817774593830109,0.5523434,69.34423065185547,-2.3831288355203237,-2.6017960406856138,,3.528263834241395,-0.03851293543270705
2026-03-10,San Pedro Bay,28.290749832987785,33.62376778386533,-0.09399700909852982,-0.02075258642435074,14.343700140714645,1.2572879,8.668028831481934,-1.3754469127921574,-3.2615655651470883,,3.5397265636857775,-0.043067242598615385
2026-03-11,San Pedro Bay,28.25998717546463,33.65276036784053,-0.08117923513054848,-0.02136295661330223,12.817774593830109,1.2471985,1.5710681676864624,-1.581993793886982,-2.7762965286904695,-0.04762154976452372,3.1953914907434546,-0.04762154976452372
2026-03-12,San Pedro Bay,28.229956962168217,33.668019622564316,-0.07385479286313057,-0.0238044373691082,12.665182039141655,0.77809995,0.0,-1.7355664017832244,-2.6758005271187546,,3.1893728530743743,-0.05484450722057668
2026-03-13,San Pedro Bay,28.03073213249445,33.68633072823286,-0.07263405248522758,-0.022583696991205215,14.343700140714645,0.7668098,0.0,-1.757981444172563,-4.487368410680064,,4.819437105225504,-0.06206746467662964
2026-03-14,San Pedro Bay,27.729697555303574,33.71532331220806,-0.07751701399683952,-0.021973326802253723,14.343700140714645,0.75191915,0.0,-2.052708082794709,-3.808305285602099,,4.326291670878839,-0.0692904221326826
2026-03-15,San Pedro Bay,27.50776695460081,33.730582566931844,-0.059205908328294754,-0.02075258642435074,14.343700140714645,1.302899,0.0,-1.7280961404660575,-2.932685710695518,,3.403962653792101,-0.07651337958873555
2026-03-16,San Pedro Bay,27.497512735426426,33.74431589618325,-0.04699850454926491,-0.015259254723787308,12.817774593830109,1.4732513,0.0,-1.6551165815315245,-1.5731079718065355,-0.08373633704478851,2.2834359175203214,-0.08373633704478851
2026-03-17,San Pedro Bay,27.612506479024887,33.741264045238495,-0.051271095871925354,-0.014038514345884323,12.207404375076294,1.2912292,0.0,-2.4526718516990575,-0.6298003013232376,,2.5322416218962447,-0.08221066523111444
2026-03-18,San Pedro Bay,27.62642291933298,33.7336344178766,-0.05005035549402237,-0.01831110566854477,12.359996929764748,0.38734818,0.0,-2.0755678782503177,-1.071997816416276,,2.3360567920377684,-0.08068499341744037
2026-03-19,San Pedro Bay,27.770714432001114,33.7336344178766,-0.051881466060876846,-0.02136295661330223,12.207404375076294,1.0511825,0.0,-2.051367193004518,-1.5945507440908726,,2.5982108143905474,-0.07915932160376629
2026-03-20,San Pedro Bay,27.753868214786053,33.72142701409757,-0.05249183624982834,-0.0158696249127388,12.207404375076294,0.69693303,0.0,-2.1711909695171867,-1.1427982737587117,,2.4535806733463796,-0.07763364979009221
2026-03-21,San Pedro Bay,27.764122433960438,33.718375163152814,-0.05859553813934326,-0.017700735479593277,12.512589484453201,0.8023997,0.0,-2.419185857218902,-1.3237574105073586,,2.7576790773476705,-0.07610797797641813
2026-03-22,San Pedro Bay,27.772179320454597,33.72295293956995,-0.06775109097361565,-0.017700735479593277,12.817774593830109,0.24920955,0.0,-2.691668956988268,-1.5905497471254642,,3.126488489039291,-0.07458230616274407
2026-03-23,San Pedro Bay,27.902554392814636,33.727530715987086,-0.059205908328294754,-0.022583696991205215,12.207404375076294,0.59317416,0.0,-1.0198843129715927,-1.9056904215679735,,2.1614393340321763,-0.07305663434906999
2026-03-24,San Pedro Bay,28.123752549290657,33.73821219429374,-0.05859553813934326,-0.02624591812491417,10.986663937568665,0.52704054,0.0,-0.7653586632905871,-0.8992511813344842,,1.1808584041304104,-0.07153096253539591
2026-03-25,San Pedro Bay,28.244605846703053,33.74736774712801,-0.0872829370200634,-0.01037629321217537,10.528886273503304,1.0813645,0.0,-2.0915288105967256,-0.1524043526742007,,2.097074117018804,-0.07000529072172185
2026-03-26,San Pedro Bay,28.290749832987785,33.74431589618325,-0.11047700420022011,-0.021973326802253723,10.83407138288021,0.52271885,0.0,-2.244001346231652,-0.7261876571698731,,2.358578079122109,-0.06847961890804777
2026-03-27,San Pedro Bay,28.39475691318512,33.76720477826893,-0.10498367249965668,-0.0238044373691082,11.749626711010933,0.304442,0.0,-1.6845267822793146,-0.8604134469247354,,1.891544813073485,-0.06695394709437369
2026-03-28,San Pedro Bay,28.551499977707863,33.79619736224413,-0.09338663890957832,-0.0158696249127388,11.749626711010933,0.7610838,0.0,-1.8666822751931578,-0.41454154869224613,,1.9121577895436532,-0.06542827528069961
2026-03-29,San Pedro Bay,28.50975065678358,33.81145661696792,-0.08545182645320892,-0.014648884534835815,12.207404375076294,0.48220107,0.0,-2.574776498835106,-0.3186737532741669,,2.594422282509039,-0.06390260346702555
2026-03-30,San Pedro Bay,28.577867969870567,33.826715871691704,-0.08789330720901489,-0.017090365290641785,12.207404375076294,0.35128617,0.0,-2.754349632952907,-0.5176338414039285,,2.8025678750593,-0.06237693165335147
2026-03-31,San Pedro Bay,28.59471418708563,33.84655290283263,-0.08362071588635445,-0.014648884534835815,12.512589484453201,0.34979555,0.0,-2.5870880554176994,-0.32783089742667476,-0.060851259839677395,2.6077763906808635,-0.060851259839677395
2026-04-01,San Pedro Bay,28.80419323593378,33.872493635863066,-0.08850367739796638,-0.01342814415693283,11.902219265699387,1.3390616,0.0,-2.0406598199068364,-0.26057270426048773,,2.0572288727285124,-0.06267160296714623
2026-04-02,San Pedro Bay,28.86132388561964,33.89385659247637,-0.09460737928748131,-0.014038514345884323,11.902219265699387,0.5694994,0.0,-2.462769343952634,-0.3310029318225456,-0.06449194609461506,2.4849136368067217,-0.06449194609461506
2026-04-03,San Pedro Bay,28.952879413962364,33.921323250979185,-0.09887997061014175,-0.017090365290641785,12.05481182038784,0.2919138,0.0,-2.154029237820586,-0.1899236676250675,,2.1623859407862627,-0.069628353812025
2026-04-04,San Pedro Bay,29.240729995071888,33.956419536843896,-0.10925626382231712,-0.011597033590078354,11.291849046945572,0.9639856,0.0,-2.0252703237126175,0.29795925245670957,,2.047070980751662,-0.07476476152943497
2026-04-05,San Pedro Bay,29.22974333167076,33.97473064251244,-0.12573625892400742,-0.017090365290641785,11.749626711010933,0.8037979,0.0,-3.1556900899073455,0.2809512813451773,-0.07990116924684491,3.168171959668371,-0.07990116924684491
2026-04-06,San Pedro Bay,29.341074854135513,34.00219730101526,-0.12878810986876488,-0.0238044373691082,11.902219265699387,0.5606401,0.0,-2.700515137057295,0.134631827679902,,2.703869030574523,-0.07358763596967043
2026-04-07,San Pedro Bay,29.57765433937311,34.028138034045696,-0.12207403779029846,-0.020142216235399246,11.444441601634026,0.9966517,0.0,-2.0976138002186064,-0.22557721242848455,,2.1097082105434746,-0.06727410269249594
2026-04-08,San Pedro Bay,29.594500556588173,34.041871363297105,-0.10864589363336563,-0.025025177747011185,11.749626711010933,0.5333654,0.0,-2.269827995752529,-0.6374632296431768,,2.3576425724543264,-0.06096056941532145
2026-04-09,San Pedro Bay,29.612811662256718,34.06323431991041,-0.10071108117699623,-0.017700735479593277,12.05481182038784,0.33986342,0.0,-2.683714760716479,-0.28006505056662034,,2.6982885963952024,-0.05464703613814696
2026-04-10,San Pedro Bay,29.80983915925026,34.08612320199609,-0.09277626872062683,-0.017700735479593277,11.902219265699387,1.2167425,0.0,-1.7326765203801233,-0.3771298364721646,-0.048333502860972474,1.773244156294923,-0.048333502860972474
2026-04-11,San Pedro Bay,29.881618693470955,34.10901208408177,-0.08239997550845146,-0.011597033590078354,12.207404375076294,1.3283744,0.0,-1.4303674013837777,-0.5269752492082934,,1.5243535732301492,-0.04813955413547637
2026-04-12,San Pedro Bay,29.914578683674335,34.127323189750314,-0.07446516305208206,-0.012207403779029846,12.359996929764748,1.402548,0.0,-1.4169316336337885,-0.412353593953059,,1.4757136378166738,-0.04794560540998027
2026-04-13,San Pedro Bay,29.999542213976383,34.13037504069507,-0.07507553324103355,-0.02624591812491417,11.902219265699387,0.69544667,0.0,-0.961224147756966,-1.211562173667669,,1.5465557742588634,-0.04775165668448416
2026-04-14,San Pedro Bay,29.99002043902874,34.15173799730837,-0.06530961021780968,-0.021973326802253723,12.359996929764748,1.0483406,0.0,-1.11665032675617,-1.2328217060599584,,1.6633572409970288,-0.04755770795898806
2026-04-15,San Pedro Bay,30.03982664644718,34.1639454010874,-0.06042664870619774,-0.01892147585749626,12.05481182038784,0.34808785,0.0,-1.0733801104452558,-0.9602998819041075,-0.04736375923349195,1.440250229885249,-0.04736375923349195
2026-04-16,San Pedro Bay,30.118930622935295,34.17767873033881,-0.05859553813934326,-0.015259254723787308,12.05481182038784,0.38067457,0.0,-1.4330094420394326,-0.8810043492232882,,1.6821666755480906,-0.06605247976731073
2026-04-17,San Pedro Bay,30.144566170871258,34.19141205959022,-0.056764427572488785,-0.015259254723787308,12.207404375076294,1.0135696,0.0,-1.1686701322045576,-0.8622079919178649,,1.4523059248085628,-0.0847412003011295
2026-04-18,San Pedro Bay,30.18631549179554,34.20514538884163,-0.046388134360313416,-0.0079348124563694,12.359996929764748,0.475351,0.0,-1.0927092159763143,-0.31234422627881125,,1.1364736452594406,-0.10342992083494826
2026-04-19,San Pedro Bay,30.213415928184986,34.2143009416759,-0.04272591322660446,-0.0012207403779029846,12.359996929764748,1.0408145,0.0,-1.4726519053784008,-0.153048874550414,,1.4805835310497624,-0.12211864136876703
2026-04-20,San Pedro Bay,30.242713697254658,34.2143009416759,-0.0555436871945858,-0.010986663401126862,12.207404375076294,1.041948,0.0,-2.231070550421751,-0.44283980913956167,-0.1408073619025858,2.274595106281111,-0.1408073619025858
2026-04-21,San Pedro Bay,30.12479017674923,34.223456494510174,-0.06469924002885818,-0.017090365290641785,13.122959703207016,0.41097096,0.0,-3.377044933277595,-0.9127150504381755,,3.4982111492407424,-0.11762422148147549
2026-04-22,San Pedro Bay,30.089632853865623,34.234137972816825,-0.06103701889514923,-0.01037629321217537,13.27555225789547,0.4973607,0.0,-3.0130468049312453,0.16751507351166192,-0.09444108106036517,3.017699844013649,-0.09444108106036517
2026-04-23,San Pedro Bay,30.103549294173717,34.24176760017872,-0.05615405738353729,-0.001831110566854477,12.817774593830109,0.55388755,0.0,-2.8971079974089555,1.0102663983319073,,3.068203536965801,-0.1114828515340384
2026-04-24,San Pedro Bay,30.200231932103634,34.24939722754061,-0.0634784996509552,-0.003662221133708954,12.359996929764748,0.67593074,0.0,-2.9182070665102438,0.5173470358381493,,2.963710586160673,-0.12852462200771164
2026-04-25,San Pedro Bay,30.217078149318695,34.26007870584726,-0.07629627361893654,-0.011597033590078354,12.665182039141655,0.407541,13.78034782409668,-3.4026477623478506,-0.01986105483575754,-0.1455663924813849,3.4027057257585502,-0.1455663924813849
2026-04-26,San Pedro Bay,30.184118159115314,34.24939722754061,-0.07202368229627609,-0.011597033590078354,12.665182039141655,0.65757364,13.622471809387207,-3.1783845782619466,0.054645996739891345,,3.178854308126289,-0.13535785660884422
2026-04-27,San Pedro Bay,30.103549294173717,34.22650834545493,-0.0714133121073246,-0.007324442267417908,12.817774593830109,0.38934422,0.0,-3.2518026703232557,0.4198052039785302,,3.2787889556982637,-0.12514932073630353
2026-04-28,San Pedro Bay,30.11307106912136,34.23718982376158,-0.07751701399683952,-0.01037629321217537,12.817774593830109,0.6580571,0.0,-3.197141956458764,0.08715120458675542,,3.19832956747892,-0.11494078486376286
2026-04-29,San Pedro Bay,30.160679943859577,34.24787130206823,-0.07507553324103355,-0.01342814415693283,12.512589484453201,1.2434831,0.0,-2.7810935937803283,-0.5018346561518037,,2.8260077139811526,-0.10473224899122219
2026-04-30,San Pedro Bay,30.102084405720234,34.24787130206823,-0.06897183135151863,-0.010986663401126862,12.665182039141655,1.2263813,27.244943618774414,-2.9017335484853546,-0.31191267057068023,,2.9184494342832017,-0.0945237131186815
2026-05-01,San Pedro Bay,30.14603105932474,34.25550092943013,-0.06897183135151863,-0.010986663401126862,12.359996929764748,0.37531787,7.041830539703369,-3.0001064477136454,-0.09224800609091166,,3.0015243447689604,-0.08431517724614082
2026-05-02,San Pedro Bay,30.152623057365417,34.22956019639969,-0.06591998040676117,-0.012817773967981339,12.359996929764748,0.33190143,13.866743087768555,-2.558842622426118,-0.035076370886030786,,2.5590830229086174,-0.07410664137360015
2026-05-03,San Pedro Bay,30.06839197129011,34.22650834545493,-0.06164738908410072,-0.006103701889514923,12.817774593830109,0.9245701,7.434972286224365,-2.575018133720157,0.40229635526347746,,2.606254159986305,-0.06389810550105947
2026-05-04,San Pedro Bay,30.232459478080273,34.2432935256511,-0.07263405248522758,-0.012207403779029846,12.207404375076294,1.2808437,1.878638505935669,-2.5007391788839657,-0.32293559747134165,,2.521504281360518,-0.053689569628518785
2026-05-05,San Pedro Bay,30.238319031894207,34.24787130206823,-0.06775109097361565,-0.008545182645320892,12.207404375076294,0.8638231,3.4551544189453125,-2.5562674306829973,-0.49013900988954157,-0.043481033755978116,2.6028329616374064,-0.043481033755978116
2026-05-06,San Pedro Bay,30.319620341062546,34.257026854902506,-0.079348124563694,-0.01831110566854477,12.05481182038784,1.4461402,11.690710067749023,-2.5873877818840723,-0.7152860432446765,,2.6844384249789757,-0.042186665987765985
2026-05-07,San Pedro Bay,30.244911029934883,34.24787130206823,-0.08911404758691788,-0.011597033590078354,12.817774593830109,1.197362,23.381420135498047,-3.3646744017459222,0.06093112256591846,,3.365226059488638,-0.040892298219553855
2026-05-08,San Pedro Bay,30.400921650230885,34.258552780374885,-0.10071108117699623,-0.011597033590078354,12.207404375076294,0.9226206,0.0,-2.744346331646841,0.11291541120960065,,2.7466682868726804,-0.03959793045134172
2026-05-09,San Pedro Bay,30.46024963259697,34.26313055679202,-0.10437330231070518,-0.0238044373691082,12.05481182038784,0.9120829,0.0,-2.636180794312471,-0.986222300065875,,2.8146196200284606,-0.03830356268312959
2026-05-10,San Pedro Bay,30.571581155061722,34.27381203509867,-0.0952177494764328,-0.025025177747011185,11.902219265699387,0.48239154,0.0,-1.7069455887104588,-1.0705141275400705,,2.0148607247353283,-0.037009194914917456
2026-05-11,San Pedro Bay,30.690237119793892,34.27991573698819,-0.06653035059571266,-0.043336283415555954,10.986663937568665,0.33082983,6.659672260284424,-0.2471750402017906,-1.3521324640015466,,1.374539086641646,-0.035714827146705326
2026-05-12,San Pedro Bay,30.98760947585106,34.29212314076722,-0.036011841148138046,-0.03479110077023506,10.528886273503304,1.0546184,0.0,0.3143084576780634,-0.14414491216996955,-0.034420459378493196,0.34578542807997453,-0.034420459378493196
2026-05-13,San Pedro Bay,31.230780959129333,34.29670091718435,-0.07080294191837311,-0.02075258642435074,10.528886273503304,0.69645077,0.0,-0.44960403088678846,0.4137994040715883,,0.6110431501945258,-0.05175939098581257
2026-05-14,San Pedro Bay,31.373607583343983,34.3150120228529,-0.07263405248522758,-0.0012207403779029846,10.528886273503304,1.4122316,0.0,-0.5400767910913945,0.39411954332151217,,0.6685904237300554,-0.06909832259313195
2026-05-15,San Pedro Bay,31.35969114303589,34.330271277576685,-0.09033478796482086,-0.009155552834272385,10.528886273503304,0.8298969,0.0,-1.5676315289174054,0.3871388282118369,-0.08643725420045133,1.6147275568234898,-0.08643725420045133
2026-05-16,San Pedro Bay,31.452711559832096,34.34553053230047,-0.08423108607530594,-0.023194067180156708,10.528886273503304,1.1411151,0.0,-1.316838007335182,-0.05536780986448608,,1.3180014916272602,-0.0811435558447511
2026-05-17,San Pedro Bay,31.435132898390293,34.35926386155188,-0.07812738418579102,-0.015259254723787308,10.986663937568665,0.80218697,0.0,-1.2436312417714308,0.4456967232013998,,1.3210844918408573,-0.07584985748905086
2026-05-18,San Pedro Bay,31.60139773786068,34.36078978702426,-0.07446516305208206,-0.0158696249127388,10.528886273503304,1.4003428,0.0,-0.8934436451007897,0.2861951642482042,,0.9381626825929724,-0.07055615913335062
2026-05-19,San Pedro Bay,31.628498174250126,34.35926386155188,-0.09887997061014175,-0.022583696991205215,10.528886273503304,1.5647565,14.441375732421875,-0.8656881578679638,0.4853472579464281,,0.9924605520971326,-0.06526246077765038
2026-05-20,San Pedro Bay,31.559648416936398,34.37452311627567,-0.1110873743891716,-0.02075258642435074,10.986663937568665,0.7612431,0.0,-2.498789090700944,0.9759886540974347,-0.05996876242195015,2.6826294512535593,-0.05996876242195015
2026-05-21,San Pedro Bay,31.587481297552586,34.38215274363756,-0.11230811476707458,-0.020142216235399246,12.207404375076294,1.2354083,0.0,-2.3488820066704044,-0.040654557289228656,,2.3492338057946403,-0.04900152562429787
2026-05-22,San Pedro Bay,31.60213018208742,34.37147126533091,-0.10925626382231712,-0.025025177747011185,11.902219265699387,0.27138063,18.452360153198242,-2.1539194637737933,-0.007726192821753059,,2.153933320806172,-0.03803428882664559
2026-05-23,San Pedro Bay,31.45417644828558,34.35621201060712,-0.09033478796482086,-0.016479995101690292,12.512589484453201,0.22669365,27.678539276123047,-1.7459468136671261,0.09000754171637118,,1.7482653213171664,-0.027067052028993316
2026-05-24,San Pedro Bay,31.50691243261099,34.35926386155188,-0.09704886004328728,-0.01037629321217537,12.207404375076294,0.89785993,0.0,-2.045142494563955,0.2693043413268974,,2.0627972879875496,-0.016099815231341033
2026-05-25,San Pedro Bay,31.627033285796642,34.36384163796902,-0.08972441777586937,-0.006103701889514923,11.902219265699387,0.84092885,0.0,-1.56000966979649,0.4030677709952753,-0.005132578433688747,1.6112398325121104,-0.005132578433688747
2026-05-26,San Pedro Bay,31.652668833732605,34.365367563441396,-0.07751701399683952,-0.001831110566854477,12.05481182038784,1.097877,5.810697078704834,-1.38352909880179,0.5507060057422611,,1.4891037143167325,-0.0165498804301172
2026-05-27,San Pedro Bay,31.74422436207533,34.319589799270034,-0.07080294191837311,-0.010986663401126862,11.139256492257118,0.48707244,4.938930511474609,-0.43488183658844176,0.29189080402972534,,0.5237580102219495,-0.02796718242654566
2026-05-28,San Pedro Bay,31.854090996086597,34.33484905399382,-0.025025177747011185,-0.03784295171499252,10.681478828191757,1.0893699,3.8665037155151367,1.05984594073625,-0.47714515857897377,,1.1622998410266003,-0.03938448442297411
2026-05-29,San Pedro Bay,31.607989735901356,34.331797203049064,0.035401470959186554,-0.0024414807558059692,12.359996929764748,1.0893689,3.5656158924102783,2.7382696564445923,-0.0701762195517428,,2.739168744928972,-0.05080178641940257
2026-05-30,San Pedro Bay,31.382396914064884,34.33332312852144,0.043336283415555954,0.022583696991205215,13.580737367272377,0.64652246,1.8811308145523071,2.8498328167426292,0.8841912498441911,,2.9838467202060266,-0.06221908841583103
2026-05-31,San Pedro Bay,31.361888475716114,34.331797203049064,0.032959990203380585,0.021973326802253723,12.665182039141655,0.64782685,3.681455612182617,1.3405796275627413,1.4322699882216907,,1.9617724274229211,-0.07363639041225949
2026-06-01,San Pedro Bay,31.5772270783782,34.29975276812911,-0.0158696249127388,0.0317392498254776,11.291849046945572,1.2359378,30.534536361694336,-0.050920462575177676,1.3510934398761534,,1.3520526531112784,-0.08505369240868794
2026-06-02,San Pedro Bay,31.65047150105238,34.28449351340532,-0.0024414807558059692,-0.004272591322660446,11.291849046945572,0.34893656,8.548151969909668,-0.5312418356282214,0.7489704137227734,,0.9182453749154986,-0.0964709944051164
2026-06-03,San Pedro Bay,31.501052878797054,34.220404643565416,-0.04943998530507088,0.006103701889514923,11.444441601634026,1.521799,14.123226165771484,-0.6121892514106605,0.7809820429395623,,0.99232486159362,-0.10788829640154486
2026-06-04,San Pedro Bay,31.620441287755966,34.28907128982246,-0.02136295661330223,0.001831110566854477,12.05481182038784,1.7460995,0.9777277708053589,-0.2705381155819347,0.5879614957003129,-0.11930559839797332,0.6472168047947869,-0.11930559839797332
2026-06-05,San Pedro Bay,31.73177281022072,34.29670091718435,-0.0555436871945858,0.015259254723787308,11.749626711010933,1.7461033,4.843703269958496,-0.7201767354321342,1.1686305431382016,,1.3727169688661878,-0.09472228166720828
2026-06-06,San Pedro Bay,31.78524123877287,34.29822684265673,-0.08239997550845146,0.0048829615116119385,11.902219265699387,1.6463828,0.0,-1.521713649826308,1.1039597474705252,,1.8799839244267194,-0.07013896493644324
2026-06-07,San Pedro Bay,31.717123925685883,34.318063873797655,-0.1031525619328022,-0.0024414807558059692,12.665182039141655,0.37308997,0.0,-2.4079913471509187,1.9977931120481087,,3.128833592011656,-0.0455556482056782
2026-06-08,San Pedro Bay,31.71126437187195,34.33790090493858,-0.09887997061014175,-0.0024414807558059692,12.665182039141655,1.6677616,0.0,-1.660808781013006,1.9558865946565644,,2.5658874056059355,-0.02097233147491316
2026-06-09,San Pedro Bay,31.794763013720512,34.34858238324523,-0.07568590342998505,0.006714072078466415,11.902219265699387,1.6677066,0.0,-0.5108719344754608,1.2299281680210516,0.0036109852558518737,1.3318083315275964,0.0036109852558518737
2026-06-10,San Pedro Bay,31.941984303295612,34.35163423418999,-0.06469924002885818,0.005493331700563431,11.902219265699387,2.2031121,0.0,-0.4239899043934545,0.7058596886169896,,0.8234107960441399,-0.02495666673939954
2026-06-11,San Pedro Bay,32.07235937565565,34.26770833320916,-0.079348124563694,-0.009765923023223877,10.83407138288021,0.26222977,0.0,-0.6594927870080097,0.4531502666848567,,0.8001724191148735,-0.05352431873465096
2026-06-12,San Pedro Bay,31.892910540103912,34.33484905399382,-0.08239997550845146,-0.0012207403779029846,12.359996929764748,0.4081396,12.598650932312012,-1.7863873496688165,0.8692365175083352,,1.9866433717269933,-0.08209197072990237
2026-06-13,San Pedro Bay,31.85921810567379,34.316537948325276,-0.07751701399683952,0.0012207403779029846,12.512589484453201,0.41947356,0.0,-1.9974575492433935,1.2287675834537402,,2.345145290845786,-0.11065962272515378
2026-06-14,San Pedro Bay,31.840174555778503,34.319589799270034,-0.06530961021780968,0.001831110566854477,12.512589484453201,1.803188,0.0,-1.0900419095121667,0.7681488126972289,-0.1392272747204052,1.3335081413103909,-0.1392272747204052
2026-06-15,San Pedro Bay,31.9207434207201,34.32111572474241,-0.07629627361893654,0.005493331700563431,12.359996929764748,2.0945437,0.0,-1.6164662024936767,0.6328118719228161,,1.73591873342354,-0.12041090819246845
2026-06-16,San Pedro Bay,31.869472324848175,34.32721942663193,-0.08789330720901489,-0.0012207403779029846,12.817774593830109,1.3655494,0.0,-2.2992694741551065,0.8339602269828853,,2.4458392782378087,-0.10159454166453172
2026-06-17,San Pedro Bay,31.8138065636158,34.30890832096338,-0.09216589853167534,-0.009155552834272385,12.512589484453201,1.4124035,28.341197967529297,-2.016977296032505,0.41355627294770686,,2.0589381252492736,-0.082778175136595
2026-06-18,San Pedro Bay,31.718588814139366,34.31196017190814,-0.0872829370200634,-0.011597033590078354,12.970367148518562,0.4439607,0.0,-2.0254587444677066,0.22755644490240556,,2.0382014280137573,-0.06396180860865826
2026-06-19,San Pedro Bay,31.678304381668568,34.20209353789687,-0.08178960531949997,-0.040894802659749985,10.528886273503304,0.30389982,9.447065353393555,-0.3252890804317805,-0.6618916595429803,-0.04514544208072152,0.7375049524041951,-0.04514544208072152
2026-06-20,San Pedro Bay,31.910489201545715,34.22498241998255,-0.06286812946200371,-0.03906369209289551,10.528886273503304,0.2647928,9.447065353393555,-0.18181841884577413,0.03069410467631013,,0.1843910667398441,-0.0573005418020424
2026-06-21,San Pedro Bay,31.84237188845873,34.1929379850626,-0.0030518509447574615,-0.038453321903944016,10.986663937568665,0.28282693,0.0,1.270947197966485,-0.08382377887263238,-0.06945564152336328,1.273708446200836,-0.06945564152336328
2026-06-22,San Pedro Bay,31.465163111686707,34.22498241998255,0.03723258152604103,0.01892147585749626,12.665182039141655,0.29971132,0.0,2.0039476424591838,1.3917886346797692,,2.439852814688111,-0.07196866573941482
2026-06-23,San Pedro Bay,31.325998708605766,34.22956019639969,0.019531846046447754,0.024414807558059692,13.428144812583923,0.32469252,0.0,2.3854640840939307,2.108363213795875,,3.1836511017681834,-0.07448168995546636
2026-06-24,San Pedro Bay,31.250556953251362,34.23108612187207,0.020142216235399246,0.0158696249127388,13.122959703207016,1.5435208,0.0,1.6009215267693506,1.1440425528951952,,1.9676847048519903,-0.0769947141715179
2026-06-25,San Pedro Bay,31.571367524564266,34.24176760017872,0.025025177747011185,0.008545182645320892,11.749626711010933,1.5433288,0.0,1.2459305430320773,0.43137577349195827,,1.3184945870256701,-0.07950773838756944
2026-06-26,San Pedro Bay,31.60505995899439,34.17767873033881,0.0158696249127388,-0.0024414807558059692,11.139256492257118,0.37055033,0.0,0.9319564840305532,0.23061238053508357,,0.9600650801808432,-0.08202076260362098
2026-06-27,San Pedro Bay,31.58967863023281,34.12274541333318,-0.03234962001442909,-0.01342814415693283,10.986663937568665,0.21247846,14.123723030090332,0.22978309397903038,0.06360234710678961,,0.23842300399933825,-0.08453378681967252
2026-06-28,San Pedro Bay,31.64680927991867,34.13190096616745,-0.015259254723787308,-0.03906369209289551,11.291849046945572,0.75471073,28.247446060180664,0.8841198248471303,-0.7866978479683877,,1.183453154411197,-0.08704681103572406
2026-06-29,San Pedro Bay,31.287911608815193,34.15631577372551,-0.027466658502817154,-0.005493331700563431,13.580737367272377,0.7556885,21.185585021972656,1.2938107469633122,-0.6134959939094765,,1.4318951021289026,-0.0895598352517756
2026-06-30,San Pedro Bay,31.337717816233635,34.12884911522269,-0.019531846046447754,0.024414807558059692,11.902219265699387,0.22091407,7.061861515045166,-0.6138475195636293,1.4351055730422668,,1.5608769275799401,-0.09207285946782715
2026-07-01,San Pedro Bay,31.24909206479788,34.11206393502653,-0.021973326802253723,0.0048829615116119385,12.665182039141655,0.31189525,7.342904567718506,-0.7415638606637842,0.9635740555361477,,1.2158914096024183,-0.09458588368387869
2026-07-02,San Pedro Bay,31.23810540139675,34.101382456719875,-0.06591998040676117,-0.0048829615116119385,12.207404375076294,0.68151575,7.342904567718506,-1.214554241914861,0.0790595116303594,,1.2171246497103794,-0.09709890789993021
2026-07-03,San Pedro Bay,31.317209377884865,34.11664171144366,-0.07812738418579102,-0.01037629321217537,11.902219265699387,1.4687722,0.0,-1.2619078087012447,0.048887162376250716,,1.2628544145333536,-0.09961193211598175
2026-07-04,San Pedro Bay,31.399975575506687,34.11664171144366,-0.06164738908410072,-0.006103701889514923,11.749626711010933,0.67226046,0.0,-0.7514631497606523,0.21690399897509877,-0.10212495633203329,0.782140786699933,-0.10212495633203329
2026-07-05,San Pedro Bay,31.76546524465084,34.08612320199609,-0.019531846046447754,-0.031128879636526108,10.528886273503304,1.4616908,0.0,0.406396124329628,0.031239792940450654,,0.40759506195868556,-0.09977151046442125
2026-07-06,San Pedro Bay,31.509842209517956,34.12274541333318,0.007324442267417908,-0.048829615116119385,10.986663937568665,0.46258876,4.8250346183776855,1.410562533701925,-0.6832628327494815,,1.5673336467071841,-0.09741806459680921
2026-07-07,San Pedro Bay,31.340647593140602,34.138004668056965,0.03906369209289551,-0.014648884534835815,12.207404375076294,1.5074914,0.0,3.019838928868419,-0.7323969951472746,,3.107383548069005,-0.09506461872919716
2026-07-08,San Pedro Bay,30.98760947585106,34.15478984825313,0.046388134360313416,0.02929776906967163,14.343700140714645,0.683681,9.650069236755371,4.071599266562087,0.23533119489928891,,4.078394458455637,-0.09271117286158513
2026-07-09,San Pedro Bay,30.62358469516039,34.17615280486643,0.06042664870619774,0.04272591322660446,14.343700140714645,0.683681,14.475104331970215,4.000766421037048,1.9512758863328334,,4.451248087927877,-0.09035772699397308
2026-07-10,San Pedro Bay,30.396526984870434,34.1929379850626,0.05493331700563431,0.03723258152604103,14.343700140714645,0.6976709,4.8250346183776855,2.9380903062745274,3.256598715142973,,4.386092775956205,-0.08800428112636105
2026-07-11,San Pedro Bay,30.217078149318695,34.20361946336925,0.014648884534835815,0.02075258642435074,14.343700140714645,1.3355824,6.995207786560059,0.7277153387031176,2.604407148279412,,2.7041646044929832,-0.085650835258749
2026-07-12,San Pedro Bay,30.38627276569605,34.2143009416759,-0.017090365290641785,0.025025177747011185,12.05481182038784,1.3488044,13.990415573120117,0.05369479912496955,1.2952202325057052,,1.2963327436060557,-0.08329738939113696
2026-07-13,San Pedro Bay,30.679982900619507,34.21735279262066,-0.01037629321217537,0.001831110566854477,11.139256492257118,1.3488046,0.0,0.21519640106437654,0.2791507925621855,,0.3524693689090675,-0.08094394352352492
2026-07-14,San Pedro Bay,30.77153842896223,34.21582686714828,-0.02929776906967163,-0.0006103701889514923,11.139256492257118,1.3715724,0.0,-0.23668363651887292,0.6200994527200192,,0.663733738075341,-0.07859049765591287
2026-07-15,San Pedro Bay,30.893124170601368,34.24176760017872,-0.019531846046447754,-0.009765923023223877,10.986663937568665,1.0161811,0.0,0.3818816405999376,0.24599392930121847,,0.45425389451313763,-0.07623705178830084
2026-07-16,San Pedro Bay,31.015442356467247,34.2432935256511,-0.001831110566854477,-0.019531846046447754,11.139256492257118,0.3806636,8.989919662475586,1.176224956086743,-0.20544593091342336,,1.1940323185953317,-0.0738836059206888
2026-07-17,San Pedro Bay,30.85357218235731,34.26007870584726,0.02075258642435074,-0.019531846046447754,11.902219265699387,0.43022767,0.0,1.7405573389326332,-0.15402386695219591,,1.7473589218312182,-0.07153016005307675
2026-07-18,San Pedro Bay,30.981749922037125,34.281441662460566,-0.009155552834272385,-0.0238044373691082,11.291849046945572,0.31257215,8.989919662475586,1.3390717861691697,-0.17110077764302806,,1.349958786268803,-0.0691767141854647
2026-07-19,San Pedro Bay,31.130436100065708,34.27686388604343,-0.038453321903944016,-0.03662221133708954,10.528886273503304,0.41706765,0.0,1.265155744233647,-0.18200260134309845,-0.06682326831785267,1.2781799576206192,-0.06682326831785267
2026-07-20,San Pedro Bay,31.014709912240505,34.2143009416759,-0.05859553813934326,-0.062257759273052216,10.528886273503304,0.7389967,4.494959831237793,0.9863852961930751,-0.38480375192679983,,1.0587869852065819,-0.13056975117168512
2026-07-21,San Pedro Bay,30.937070824205875,34.25550092943013,-0.04028443247079849,-0.08056886494159698,10.528886273503304,1.4998981,3.8882007598876953,1.2527075590096657,-0.8749035681720696,-0.19431623402551762,1.527983141922768,-0.19431623402551762
2026-07-22,San Pedro Bay,30.77520065009594,34.25550092943013,-0.03662221133708954,-0.06653035059571266,10.528886273503304,0.5171643,3.8882007598876953,1.5018862096416503,-0.7608615484006501,,1.6836188649888661,-0.16995963963593508
2026-07-23,San Pedro Bay,30.477828294038773,34.12884911522269,0.0158696249127388,-0.03234962001442909,10.528886273503304,0.5114461,11.66460132598877,1.5808775040462117,0.784782563008112,,1.7649525075766093,-0.14560304524635256
2026-07-24,San Pedro Bay,30.455122523009777,34.295174991711974,0.0012207403779029846,0.006714072078466415,12.512589484453201,0.75416946,0.0,0.9498655446926264,1.7864100993552017,,2.0232413588280767,-0.12124645085677002
2026-07-25,San Pedro Bay,30.690969564020634,34.33332312852144,-0.030518509447574615,0.019531846046447754,12.207404375076294,0.78822994,3.8882007598876953,-0.29520510180800696,1.2793769850005487,,1.3129933441882218,-0.0968898564671875
2026-07-26,San Pedro Bay,30.981749922037125,34.15631577372551,-0.020142216235399246,-0.025635547935962677,10.528886273503304,0.76362723,8.605518341064453,0.49657346731906343,-0.1712481657063948,,0.5252724461677786,-0.07253326207760497
2026-07-27,San Pedro Bay,30.811090417206287,34.20819723978639,-0.005493331700563431,-0.0555436871945858,10.528886273503304,1.0585529,17.211036682128906,0.5532369533432457,-0.4563065162833397,,0.7171378970234068,-0.04817666768802242
2026-07-28,San Pedro Bay,30.450727857649326,34.05560469254851,0.003662221133708954,-0.06897183135151863,10.528886273503304,1.0575768,17.211036682128906,1.4744994622507246,-0.7981179391274319,,1.6766457314932977,-0.02382007329843991
2026-07-29,San Pedro Bay,30.584032706916332,34.11816763691604,-0.017090365290641785,-0.04150517284870148,10.528886273503304,0.7289512,0.0,0.8360505603355988,0.10543059518743222,0.0005365210911426435,0.8426720298188642,0.0005365210911426435
2026-07-30,San Pedro Bay,30.543748274445534,34.03729358687997,-0.0158696249127388,-0.06164738908410072,10.528886273503304,0.8499058,17.211036682128906,0.9730268600042453,-0.31045575335812303,,1.021354025342281,-0.01582748011999281
2026-07-31,San Pedro Bay,30.34965055435896,34.01135285384953,0.05859553813934326,-0.04699850454926491,10.681478828191757,0.8520887,25.816556930541992,2.508034081259771,-0.7050827367391498,,2.6052594148007815,-0.032191481331128265
2026-08-01,San Pedro Bay,30.41483809053898,34.22803427092731,0.03906369209289551,0.0012207403779029846,12.970367148518562,0.78434443,14.968775749206543,2.187390290125213,-0.16127278361227965,,2.1933274247289476,-0.04855548254226372
2026-08-02,San Pedro Bay,30.67705312371254,34.27533796057105,0.04150517284870148,0.012817773967981339,12.05481182038784,0.8789103,0.0,1.8296506051646457,0.7524600324587157,,1.9783370383802468,-0.06491948375339916
2026-08-03,San Pedro Bay,30.725394442677498,34.281441662460566,0.03234962001442909,0.014038514345884323,12.05481182038784,1.3078401,0.0,1.9590839775313336,1.1557545551156925,-0.08128348496453461,2.2745941665911884,-0.08128348496453461
2026-08-04,San Pedro Bay,30.75835443288088,34.295174991711974,0.020142216235399246,0.015259254723787308,12.207404375076294,0.6958282,0.0,2.2823286801191727,1.1455347566574932,,2.5536785394416555,-0.08401793002833052
2026-08-05,San Pedro Bay,30.751762434840202,34.30127869360149,0.025025177747011185,0.019531846046447754,12.665182039141655,0.25391024,0.0,2.8838278179697996,1.6270044592486546,,3.311133702240286,-0.08675237509212642
2026-08-06,San Pedro Bay,30.704153560101986,34.30890832096338,0.04943998530507088,0.029908139258623123,12.970367148518562,0.2146368,0.0,3.700308410353484,2.0544742358679082,,4.232392552396074,-0.08948682015592234
2026-08-07,San Pedro Bay,30.584765151143074,34.32416757568717,0.06469924002885818,0.03418073058128357,13.73332992196083,0.21494697,7.6007208824157715,3.8328092333670294,2.1857659178022053,,4.412255575871515,-0.09222126521971824
2026-08-08,San Pedro Bay,30.458784744143486,34.33942683041096,0.07812738418579102,0.03662221133708954,14.191107586026192,0.23897162,0.0,3.4574938327620806,2.7906629434207617,,4.443204166743821,-0.09495571028351416
2026-08-09,San Pedro Bay,30.428754530847073,34.35621201060712,0.07385479286313057,0.03662221133708954,13.428144812583923,0.29417717,15.201441764831543,2.6573151456369417,3.2854039621744753,,4.225541737801583,-0.09769015534731007
2026-08-10,San Pedro Bay,30.469771407544613,34.37452311627567,0.05859553813934326,0.029908139258623123,12.970367148518562,0.30512902,0.0,2.1550633081640425,2.5022268998748434,-0.10042460041110597,3.30233815964571,-0.10042460041110597
2026-08-11,San Pedro Bay,30.612598031759262,34.389782370999455,0.043336283415555954,0.024414807558059692,12.207404375076294,0.72858626,0.0,1.9248653675627334,1.7458340675832897,,2.59866182385797,-0.07183873969655238
2026-08-12,San Pedro Bay,30.748832657933235,34.40046384930611,0.031128879636526108,0.021973326802253723,11.902219265699387,0.258034,0.0,1.615807878820302,1.7064605764114542,,2.350072935060586,-0.04325287898199879
2026-08-13,San Pedro Bay,30.970030814409256,34.41114532761276,0.009155552834272385,0.0238044373691082,11.291849046945572,0.77166843,0.0,1.0012246724414278,1.3968436518712777,-0.014667018267445198,1.7186107856284771,-0.014667018267445198
2026-08-14,San Pedro Bay,31.208075188100338,34.415723104029894,0.006103701889514923,-0.0030518509447574615,10.528886273503304,0.8071652,0.0,1.333374718465792,0.8327617573022795,,1.572062430143571,-0.017380678265051457
2026-08-15,San Pedro Bay,31.13483076542616,34.4294564332813,0.024414807558059692,-0.02929776906967163,10.528886273503304,1.0023979,0.0,2.1075821093387406,0.72389420339371,,2.2284355869783963,-0.02009433826265771
2026-08-16,San Pedro Bay,30.855037070810795,34.45692309178412,0.020142216235399246,0.0024414807558059692,12.05481182038784,0.92780304,0.26939040422439575,2.659327240162034,1.377138891838443,,2.994750890755663,-0.02280799826026397
2026-08-17,San Pedro Bay,30.731253996491432,34.49049345217645,0.030518509447574615,0.02075258642435074,12.817774593830109,1.2144746,14.459580421447754,3.3667925954599305,2.058421924608624,,3.946187172518973,-0.025521658257870228
2026-08-18,San Pedro Bay,30.51371806114912,34.51338233426213,-0.0079348124563694,0.0158696249127388,14.343700140714645,0.7678715,0.5046535730361938,1.768608965394639,2.1568634326556353,,2.7892718654877204,-0.028235318255476486
2026-08-19,San Pedro Bay,30.874813064932823,34.53932306729257,-0.03479110077023506,0.0238044373691082,11.444441601634026,0.697119,1.4913417100906372,0.049371705717484345,1.558724610756088,,1.5595063249317624,-0.03094897825308274
2026-08-20,San Pedro Bay,31.268135614693165,34.54390084370971,-0.010986663401126862,-0.017090365290641785,10.681478828191757,1.7779853,0.0,1.1695999816534766,0.18011429989777686,,1.183387205487485,-0.033662638250689
2026-08-21,San Pedro Bay,31.10260321944952,34.55000454559922,0.017700735479593277,-0.01831110566854477,11.902219265699387,1.6993287,0.0238764937967062,1.8781797174223456,0.0026851964554286773,,1.87818163690754,-0.03637629824829526
2026-08-22,San Pedro Bay,31.14801476150751,34.559160098433495,-0.003662221133708954,0.0024414807558059692,12.05481182038784,1.6995475,2.5216171741485596,1.8212910709463852,0.38889928012188246,,1.862349004668123,-0.039089958245901515
2026-08-23,San Pedro Bay,31.182439640164375,34.56678972579539,0.0006103701889514923,-0.0030518509447574615,12.05481182038784,1.6179692,0.3750569224357605,1.7076582347914844,0.5831881633727976,,1.8044957968222883,-0.04180361824350777
2026-08-24,San Pedro Bay,31.178777419030666,34.57594527862966,0.007324442267417908,0.004272591322660446,12.207404375076294,1.6135885,0.0,1.8430474803845487,0.6497336008097292,,1.954220501113682,-0.044517278241114025
2026-08-25,San Pedro Bay,31.29523605108261,34.58662675693631,0.011597033590078354,0.006103701889514923,11.902219265699387,0.524511,3.553168535232544,1.6221063459651408,0.751706427221654,,1.787817538326192,-0.04723093823872028
2026-08-26,San Pedro Bay,31.440048217773438,34.457054138183594,0.03503240644931793,-0.011111856438219547,13.694375038146973,0.44763696,0.35756200551986694,1.9811784327681539,1.0185247660393797,,2.2276581159372846,-0.04994459823632655
2026-08-27,San Pedro Bay,31.217756271362305,34.468597412109375,0.06112579256296158,0.013538970611989498,13.950072288513184,0.44701898,20.214351654052734,2.0659338951552972,1.2833576144284073,,2.432095727076324,-0.0526582582339328
2026-08-28,San Pedro Bay,31.040416717529297,34.47559356689453,0.03464208543300629,0.011675885878503323,14.424090385437012,0.2579199,8.150847434997559,1.861717165633617,1.4707124947443635,,2.372548428802257,-0.05537191823153906
2026-08-29,San Pedro Bay,31.062349319458008,34.49103546142578,0.06541004776954651,0.018553100526332855,14.294486999511719,0.30235517,5.396032333374023,2.2127436867722827,1.7333277727532956,,2.8108112336385194,-0.05808557822914531
2026-08-30,San Pedro Bay,31.02334213256836,34.50624465942383,0.056653428822755814,0.01717880554497242,14.315435409545898,0.31722248,0.09353792667388916,2.261722431047696,1.3563965194248524,,2.637271293024696,-0.06079923822675157
2026-08-31,San Pedro Bay,31.072280883789062,34.51934814453125,0.05946962162852287,0.01734532043337822,14.269380569458008,0.374403,0.0,2.3061902638468275,1.5779847281209223,,2.794378166112232,-0.06351289822435784
2026-09-01,San Pedro Bay,31.13726806640625,34.53193283081055,0.06784414499998093,0.02235894463956356,14.275813102722168,1.1757395,,2.033236583626597,1.6201776842603908,,2.5998128266421254,-0.06622655822196409
2026-09-02,San Pedro Bay,31.11669921875,34.54612731933594,0.06891293823719025,0.02683407813310623,14.284815788269043,0.53488946,,2.2689260868957026,2.320899594689894,-0.06894021821957035,3.2457049336665773,-0.06894021821957035
2026-09-03,San Pedro Bay,31.100278854370117,34.55886459350586,0.0626012459397316,0.023371445015072823,14.30330753326416,0.90458465,,2.1816507597555113,1.9938739727598067,,2.9555259188155962,
2026-09-04,San Pedro Bay,31.140756607055664,34.570404052734375,0.060828953981399536,0.02148764207959175,14.247603416442871,0.9342093,,2.30012711973978,1.2490695133786525,,2.61739554064998,
2026-09-05,San Pedro Bay,31.240997314453125,34.56648254394531,0.05487148463726044,0.013300466351211071,14.156767845153809,2.097837,,2.22783990603929,1.3359268875546517,,2.5976857577144723,
2026-09-06,San Pedro Bay,31.2646484375,34.56892776489258,0.051862865686416626,0.005364779382944107,14.143620491027832,2.0945482,,2.2601043657716815,0.6955889762415067,,2.3647231905762083,
2026-09-07,San Pedro Bay,31.31826400756836,34.57432556152344,0.048505958169698715,0.000724074780009687,13.990519523620605,1.1367831,,2.5300097283294436,0.7161197164641507,,2.629406144693193,
