rank_auc,scenario,accuracy_mean,accuracy_std,precision_mean,precision_std,recall_mean,recall_std,f1_mean,f1_std,auc_mean,auc_std,n_splits
1,hybrid_adaptive,0.800013,0.053717,0.605389,0.220477,0.42084,0.370034,0.42716,0.311042,0.864549,0.105311,6
2,native_masking,0.774281,0.078879,0.381921,0.416266,0.210555,0.295029,0.252819,0.338775,0.78676,0.187013,6
