metric,hybrid_adaptive,native_masking,delta_hybrid_minus_native
accuracy,0.800013,0.774281,0.025731999999999977
precision,0.605389,0.381921,0.22346799999999994
recall,0.42084,0.210555,0.210285
f1,0.42716,0.252819,0.17434099999999997
auc,0.864549,0.78676,0.077789
