metric,hybrid_adaptive,native_masking,delta_hybrid_minus_native
accuracy,0.737975,0.758896,-0.020920999999999967
precision,0.285494,0.384746,-0.09925199999999995
recall,0.186494,0.319545,-0.13305100000000003
f1,0.203226,0.2981,-0.09487399999999999
auc,0.642613,0.567012,0.07560100000000003
