rank_auc,scenario,accuracy_mean,accuracy_std,precision_mean,precision_std,recall_mean,recall_std,f1_mean,f1_std,auc_mean,auc_std,n_splits
1,hybrid_adaptive,0.764048,0.109536,0.342694,0.299851,0.447208,0.407216,0.358834,0.301107,0.760477,0.193959,6
2,native_masking,0.734838,0.088204,0.344474,0.267344,0.366351,0.360469,0.326555,0.303069,0.717673,0.172436,6
