metric,hybrid_adaptive,native_masking,delta_hybrid_minus_native
accuracy_mean,0.713855,0.696741,0.017113999999999963
precision_mean,0.299055,0.345269,-0.04621399999999998
recall_mean,0.264358,0.314053,-0.049695000000000045
f1_mean,0.217263,0.253442,-0.03617899999999999
auc_mean,0.663447,0.775758,-0.11231099999999994
