metric,hybrid_adaptive,native_masking,delta_hybrid_minus_native
accuracy,0.776579,0.787697,-0.011117999999999961
precision,0.471062,0.383185,0.08787699999999998
recall,0.170892,0.190937,-0.020045000000000007
f1,0.207717,0.222371,-0.014654
auc,0.634991,0.675332,-0.04034100000000007
