rank_auc,scenario,accuracy_mean,accuracy_std,precision_mean,precision_std,recall_mean,recall_std,f1_mean,f1_std,auc_mean,auc_std,n_splits
1,native_masking,0.787697,0.095729,0.383185,0.318052,0.190937,0.283976,0.222371,0.315579,0.675332,0.140632,6
2,hybrid_adaptive,0.776579,0.105182,0.471062,0.446803,0.170892,0.263634,0.207717,0.307558,0.634991,0.21645,6
