metric,hybrid_adaptive,native_masking,delta_hybrid_minus_native
accuracy,0.764048,0.734838,0.029209999999999958
precision,0.342694,0.344474,-0.0017800000000000038
recall,0.447208,0.366351,0.08085700000000001
f1,0.358834,0.326555,0.032279
auc,0.760477,0.717673,0.04280399999999995
