rank_auc,source,name,accuracy_mean,accuracy_std,precision_mean,precision_std,recall_mean,recall_std,f1_mean,f1_std,auc_mean,auc_std,n_splits,imputation_method
1,model,lstm,0.754544,0.13259,0.245275,0.379982,0.043131,0.069666,0.072834,0.11641,0.736298,0.213613,6,hybrid_adaptive
2,ensemble,weighted_avg,0.794003,0.145594,0.632541,0.374129,0.239391,0.333462,0.286813,0.319343,0.724804,0.165183,6,hybrid_adaptive
3,ensemble,soft_vote,0.793807,0.146588,0.603169,0.367252,0.24432,0.339487,0.288064,0.328094,0.718382,0.16668,6,hybrid_adaptive
4,model,xgboost,0.695753,0.084687,0.405847,0.159006,0.541652,0.259375,0.424151,0.131895,0.70822,0.125229,6,hybrid_adaptive
5,ensemble,stacked,0.630973,0.208902,0.402255,0.24039,0.507959,0.346064,0.366035,0.105904,0.699363,0.184425,6,hybrid_adaptive
6,model,gru,0.759431,0.128985,0.64318,0.499572,0.046946,0.052894,0.085143,0.093514,0.699018,0.16924,6,hybrid_adaptive
7,model,transformer,0.768391,0.11683,0.186778,0.289935,0.202744,0.360393,0.185765,0.30323,0.626543,0.197507,6,hybrid_adaptive
